256 256
0.207800 0.155863 0.160653 0.184146 0.204827 0.215418 0.216973 0.213609 0.209243 0.206216 0.205209 0.205785 0.207054 0.208210 0.208794 0.208741 0.208266 0.207692 0.207298 0.207218 0.207433 0.207800 0.208134 0.208283 0.208183 0.207876 0.207494 0.207215 0.207203 0.207554 0.208271 0.209257 0.210343 0.211329 0.212046 0.212398 0.212385 0.212106 0.211724 0.211417 0.211316 0.211466 0.211800 0.212167 0.212382 0.212303 0.211908 0.211334 0.210859 0.210806 0.211390 0.212546 0.213815 0.214391 0.213384 0.210357 0.205990 0.202626 0.204182 0.214773 0.235454 0.258948 0.263737 0.211800 0.211800 0.174135 0.178939 0.197540 0.213472 0.221118 0.221379 0.217655 0.213248 0.210195 0.209127 0.209668 0.210986 0.212264 0.212976 0.212973 0.212418 0.211646 0.211015 0.210786 0.211064 0.211800 0.212826 0.213926 0.214896 0.215598 0.215979 0.216072 0.215966 0.215775 0.215605 0.215519 0.215536 0.215629 0.215745 0.215829 0.215842 0.215782 0.215678 0.215579 0.215537 0.215580 0.215700 0.215846 0.215944 0.215922 0.215750 0.215470 0.215206 0.215139 0.215446 0.216220 0.217376 0.218617 0.219474 0.219474 0.218413 0.216665 0.215348 0.216088 0.220072 0.226222 0.228787 0.215700 0.211800 0.079945 0.092749 0.153748 0.207852 0.236031 0.240565 0.231801 0.219833 0.210915 0.207108 0.207551 0.210122 0.212761 0.214205 0.214145 0.212998 0.211513 0.210401 0.210087 0.210633 0.211800 0.213198 0.214443 0.215288 0.215672 0.215701 0.215579 0.215509 0.215610 0.215870 0.216159 0.216278 0.216047 0.215383 0.214358 0.213195 0.212222 0.211761 0.212018 0.212978 0.214367 0.215700 0.216414 0.216071 0.214569 0.212283 0.210064 0.209026 0.210145 0.213724 0.218915 0.223540 0.224485 0.218843 0.205788 0.188720 0.176689 0.183511 0.222564 0.295611 0.375768 0.389481 0.211800 0.215700 0.348286 0.334585 0.273112 0.219472 0.192256 0.188471 0.197234 0.208273 0.215487 0.217176 0.214614 0.210276 0.206432 0.204409 0.204460 0.206040 0.208248 0.210246 0.211521 0.211965 0.211800 0.211411 0.211162 0.211257 0.211688 0.212260 0.212683 0.212694 0.212160 0.211136 0.209858 0.208671 0.207927 0.207864 0.208515 0.209685 0.210985 0.211942 0.212149 0.211404 0.209814 0.207800 0.206003 0.205092 0.205521 0.207314 0.209952 0.212457 0.213682 0.212790 0.209770 0.205794 0.203129 0.204404 0.211153 0.221929 0.230749 0.227218 0.200123 0.146161 0.084108 0.070869 0.207800
0.127877 0.000000 0.000000 0.000000 0.000000 1.000000 1.000000 1.000000 0.354273 0.000000 0.000000 0.000000 0.000000 0.146140 0.405290 0.520035 0.507102 0.420784 0.322629 0.258509 0.247559 0.282697 0.339416 0.388081 0.405379 0.381604 0.322482 0.245841 0.174908 0.130621 0.125281 0.159291 0.221657 0.293882 0.355902 0.392227 0.396446 0.372767 0.334022 0.296857 0.275448 0.275916 0.293430 0.313468 0.317322 0.290575 0.231652 0.156845 0.098231 0.092762 0.163684 0.299669 0.441181 0.485856 0.323429 0.000000 0.000000 0.000000 0.000000 0.540573 1.000000 1.000000 1.000000 0.228327 0.441226 1.000000 1.000000 1.000000 0.392696 0.000000 0.000000 0.000000 0.224155 0.518292 0.604852 0.522742 0.357336 0.191694 0.078974 0.035506 0.048449 0.090221 0.132863 0.158042 0.160887 0.148338 0.133855 0.130999 0.148128 0.185590 0.235918 0.286613 0.324319 0.339144 0.327804 0.294736 0.250921 0.210838 0.188372 0.192808 0.226050 0.281843 0.347318 0.406427 0.444435 0.452226 0.429029 0.382646 0.326868 0.276622 0.242245 0.225051 0.216099 0.199805 0.162183 0.101694 0.038162 0.013882 0.080943 0.272167 0.559969 0.818859 0.821181 0.307766 0.000000 0.000000 0.000000 0.232801 0.210941 0.000000 0.000000 0.000000 0.000000 0.463781 0.568474 0.356985 0.101120 0.000000 0.000000 0.094632 0.257785 0.394586 0.466926 0.468114 0.415153 0.336105 0.258047 0.199018 0.165161 0.152372 0.150743 0.149796 0.142629 0.128046 0.110295 0.096886 0.095466 0.110825 0.142937 0.186663 0.233126 0.272308 0.296126 0.301023 0.289291 0.268611 0.249910 0.243933 0.257617 0.291339 0.338022 0.384773 0.416877 0.423161 0.401218 0.360228 0.319716 0.303262 0.327924 0.392434 0.469027 0.505313 0.441514 0.244614 0.000000 0.000000 0.000000 0.413314 1.000000 1.000000 1.000000 0.119850 0.000000 1.000000 1.000000 1.000000 0.878770 0.000000 0.000000 0.000000 0.000000 0.401915 0.584144 0.483820 0.248133 0.021250 0.000000 0.000000 0.000000 0.101494 0.213472 0.276395 0.281580 0.242775 0.186351 0.139601 0.121092 0.135673 0.174801 0.221208 0.255979 0.265463 0.245997 0.204995 0.158365 0.125005 0.120258 0.150246 0.208978 0.279322 0.337802 0.362079 0.338978 0.270593 0.175958 0.087132 0.039731 0.060181 0.153335 0.295296 0.435722 0.512025 0.473996 0.312572 0.081569 0.000000 0.000000 0.213860 0.772578 1.000000 1.000000 0.148959 0.000000 0.000000 0.000000 0.460706
0.136323 0.000000 0.000000 0.000000 0.000000 1.000000 1.000000 1.000000 0.335291 0.000000 0.000000 0.000000 0.000000 0.150646 0.381234 0.485108 0.476411 0.402460 0.317160 0.260862 0.250565 0.280327 0.328877 0.370409 0.384566 0.362889 0.310390 0.242698 0.180188 0.141251 0.136707 0.166938 0.222311 0.286564 0.341984 0.374840 0.379322 0.358939 0.324819 0.291519 0.271542 0.270437 0.284228 0.300471 0.302992 0.279268 0.227870 0.162854 0.112005 0.107349 0.169012 0.287062 0.409604 0.447490 0.304723 0.000000 0.000000 0.000000 0.000000 0.494310 1.000000 1.000000 1.000000 0.227168 0.421928 1.000000 1.000000 1.000000 0.381816 0.000000 0.000000 0.000000 0.223144 0.497265 0.578511 0.502822 0.349401 0.195444 0.090416 0.049627 0.061275 0.099829 0.139358 0.162801 0.165577 0.154032 0.140580 0.137753 0.153295 0.187557 0.233694 0.280196 0.314778 0.328354 0.317912 0.287566 0.247426 0.210808 0.190435 0.194765 0.225453 0.276652 0.336467 0.390156 0.424282 0.430644 0.408771 0.366055 0.315304 0.270187 0.239981 0.225451 0.217889 0.202545 0.166455 0.108544 0.047917 0.024673 0.087831 0.267905 0.538322 0.780435 0.779999 0.293996 0.000000 0.000000 0.000000 0.231437 0.215024 0.000000 0.000000 0.000000 0.000000 0.441169 0.534899 0.341467 0.108786 0.000000 0.000000 0.107484 0.257022 0.381789 0.447191 0.447415 0.398304 0.325721 0.254489 0.201041 0.170815 0.159827 0.158780 0.157889 0.150748 0.136281 0.118492 0.104476 0.101498 0.114209 0.142820 0.182772 0.225960 0.263116 0.286635 0.292977 0.283927 0.266245 0.249727 0.244140 0.255918 0.285600 0.327004 0.368648 0.397328 0.402984 0.383413 0.346854 0.310898 0.296787 0.319881 0.378923 0.448640 0.481417 0.422967 0.243342 0.000000 0.000000 0.000000 0.394121 1.000000 1.000000 1.000000 0.130005 0.019499 1.000000 1.000000 1.000000 0.819877 0.000000 0.000000 0.000000 0.000000 0.385149 0.552151 0.461807 0.247855 0.041442 0.000000 0.000000 0.000000 0.113127 0.215008 0.272395 0.277273 0.242031 0.190576 0.147706 0.130353 0.143021 0.178042 0.219827 0.251240 0.259891 0.242410 0.205464 0.163413 0.133355 0.129167 0.156379 0.209578 0.273239 0.326099 0.347933 0.326825 0.264694 0.178826 0.098288 0.055387 0.074073 0.158738 0.287677 0.415218 0.484587 0.450234 0.303964 0.094599 0.000000 0.000000 0.215109 0.721794 1.000000 1.000000 0.152164 0.000000 0.000000 0.000000 0.437191
0.172594 0.000000 0.000000 0.000000 0.061717 0.908673 1.000000 0.687505 0.268489 0.000000 0.000000 0.000000 0.026518 0.177869 0.290493 0.342979 0.341393 0.307802 0.267679 0.240335 0.234167 0.246749 0.268333 0.286919 0.292951 0.282384 0.257490 0.225545 0.196101 0.177821 0.175849 0.190429 0.217074 0.248124 0.275187 0.291672 0.294679 0.285687 0.269796 0.253792 0.243593 0.241948 0.247196 0.253721 0.254121 0.242620 0.218530 0.188301 0.164742 0.162630 0.191226 0.245830 0.302251 0.318992 0.251402 0.079006 0.000000 0.000000 0.000000 0.340351 1.000000 1.000000 1.000000 0.219727 0.319629 1.000000 1.000000 1.000000 0.301271 0.000000 0.000000 0.008614 0.218418 0.361124 0.403946 0.365205 0.285790 0.205713 0.150763 0.129088 0.134762 0.154669 0.175366 0.187918 0.189787 0.184090 0.177128 0.175341 0.182777 0.199736 0.222835 0.246290 0.263881 0.270971 0.265998 0.250994 0.231038 0.212840 0.202813 0.205214 0.220849 0.246743 0.276864 0.303762 0.320683 0.323555 0.312234 0.290556 0.265057 0.242644 0.227906 0.221046 0.217427 0.209400 0.190354 0.159923 0.128207 0.116118 0.149031 0.242563 0.382615 0.507408 0.505843 0.252337 0.000000 0.000000 0.000000 0.223696 0.217063 0.000000 0.000000 0.000000 0.006294 0.330769 0.376510 0.277825 0.160329 0.096677 0.104175 0.163054 0.239227 0.302211 0.334621 0.333785 0.308027 0.270691 0.234482 0.207717 0.193022 0.188166 0.188205 0.187978 0.184114 0.176045 0.165886 0.157400 0.154494 0.159760 0.173499 0.193527 0.215770 0.235461 0.248596 0.253174 0.249872 0.241914 0.234125 0.231398 0.237026 0.251404 0.271574 0.291918 0.305919 0.308599 0.298875 0.280867 0.263358 0.256943 0.269231 0.299462 0.334787 0.351123 0.321067 0.229561 0.094377 0.000000 0.011274 0.303368 0.895261 1.000000 1.000000 0.173071 0.117161 1.000000 1.000000 1.000000 0.518092 0.000000 0.000000 0.000000 0.058096 0.299073 0.383559 0.338590 0.231250 0.127448 0.068523 0.065390 0.105060 0.162777 0.214082 0.243111 0.245750 0.228142 0.202245 0.180513 0.171486 0.177489 0.194753 0.215508 0.231183 0.235553 0.226890 0.208478 0.187464 0.172371 0.170141 0.183553 0.209921 0.241511 0.267708 0.278408 0.267651 0.236394 0.193281 0.152864 0.131330 0.140705 0.183238 0.248120 0.312507 0.347950 0.331541 0.258979 0.154453 0.070859 0.074442 0.211587 0.463278 0.704479 0.699965 0.179670 0.000000 0.000000 0.000000 0.322782
0.203475 0.117523 0.113159 0.062701 0.199315 0.270711 0.279764 0.251972 0.214424 0.185560 0.172938 0.175544 0.187726 0.202831 0.215644 0.223432 0.225867 0.224274 0.220671 0.216931 0.214266 0.213063 0.213026 0.213477 0.213709 0.213258 0.212037 0.210330 0.208657 0.207581 0.207525 0.208633 0.210736 0.213411 0.216102 0.218285 0.219609 0.219975 0.219538 0.218625 0.217604 0.216745 0.216116 0.215575 0.214851 0.213705 0.212109 0.210371 0.209107 0.209025 0.210532 0.213278 0.215855 0.215923 0.211015 0.200114 0.185683 0.175323 0.181486 0.217169 0.285525 0.353914 0.368478 0.212830 0.228819 0.478869 0.483752 0.350481 0.225564 0.163138 0.157339 0.182767 0.214370 0.236377 0.243518 0.238143 0.226168 0.213640 0.204670 0.200800 0.201405 0.204626 0.208375 0.211094 0.212110 0.211618 0.210391 0.209370 0.209293 0.210451 0.212643 0.215281 0.217628 0.219048 0.219222 0.218244 0.216596 0.214997 0.214185 0.214689 0.216655 0.219785 0.223408 0.226661 0.228736 0.229127 0.227789 0.225157 0.222007 0.219178 0.217246 0.216266 0.215701 0.214641 0.212279 0.208559 0.204697 0.203244 0.207321 0.218875 0.236211 0.251731 0.251690 0.220455 0.151841 0.068389 0.052254 0.216716 0.216107 0.014027 0.030847 0.118218 0.193654 0.230464 0.234147 0.221529 0.207835 0.201471 0.203974 0.212427 0.222358 0.229965 0.233243 0.232114 0.227884 0.222436 0.217483 0.214084 0.212494 0.212292 0.212684 0.212865 0.212293 0.210848 0.208819 0.206776 0.205355 0.205052 0.206063 0.208233 0.211110 0.214078 0.216549 0.218134 0.218749 0.218641 0.218293 0.218255 0.218955 0.220519 0.222702 0.224939 0.226527 0.226902 0.225909 0.223975 0.222066 0.221377 0.222790 0.226249 0.230303 0.232174 0.228641 0.217842 0.201675 0.187835 0.189754 0.222117 0.289668 0.368730 0.386189 0.210381 0.203298 0.665870 0.635819 0.439014 0.248423 0.146294 0.126721 0.154249 0.193386 0.221755 0.231808 0.226597 0.213944 0.201612 0.194528 0.194055 0.198724 0.205634 0.211876 0.215519 0.216010 0.214019 0.210935 0.208245 0.207004 0.207552 0.209502 0.211972 0.213945 0.214645 0.213795 0.211700 0.209132 0.207060 0.206308 0.207256 0.209674 0.212749 0.215316 0.216231 0.214791 0.211062 0.205987 0.201212 0.198618 0.199667 0.204743 0.212740 0.221113 0.226543 0.226160 0.219027 0.207341 0.196628 0.194249 0.205903 0.230666 0.256344 0.258542 0.208152 0.092024 0.000000 0.000000 0.222242
0.218568 1.000000 0.971976 0.835302 0.261365 0.000000 0.000000 0.047320 0.190001 0.292534 0.330405 0.313259 0.266685 0.216831 0.181301 0.166421 0.169156 0.181339 0.194112 0.201198 0.200370 0.193220 0.183737 0.176431 0.174644 0.179522 0.189843 0.202602 0.214084 0.221058 0.221734 0.216217 0.206382 0.195227 0.185931 0.180895 0.181051 0.185650 0.192591 0.199193 0.203187 0.203585 0.201128 0.198089 0.197407 0.201367 0.210271 0.221659 0.230615 0.231453 0.220574 0.199671 0.177842 0.170767 0.195365 0.259504 0.348719 0.415530 0.381235 0.163300 0.000000 0.000000 0.000000 0.209044 0.181933 0.000000 0.000000 0.000000 0.184168 0.316667 0.328667 0.276133 0.212358 0.169542 0.157263 0.169457 0.193430 0.217088 0.232923 0.238879 0.237077 0.231612 0.226426 0.223889 0.224352 0.226493 0.228183 0.227474 0.223361 0.216139 0.207285 0.198958 0.193304 0.191785 0.194722 0.201173 0.209186 0.216326 0.220352 0.219855 0.214663 0.205920 0.195790 0.186865 0.181428 0.180781 0.184855 0.192230 0.200624 0.207714 0.212065 0.213806 0.214729 0.217585 0.224624 0.235783 0.247256 0.251490 0.239524 0.206079 0.156549 0.113169 0.115304 0.206867 0.403958 0.640676 0.683504 0.213074 0.213958 0.800348 0.760652 0.512046 0.290843 0.177301 0.159908 0.193165 0.234043 0.257299 0.256484 0.237868 0.212764 0.191450 0.179909 0.179233 0.186823 0.198365 0.209714 0.218142 0.222772 0.224311 0.224340 0.224496 0.225816 0.228418 0.231557 0.233975 0.234406 0.232061 0.226933 0.219846 0.212233 0.205725 0.201653 0.200641 0.202380 0.205707 0.208928 0.210357 0.208885 0.204407 0.197962 0.191476 0.187142 0.186587 0.190072 0.196082 0.201548 0.202872 0.197602 0.186268 0.173613 0.168188 0.179481 0.212389 0.260080 0.298238 0.285887 0.179682 0.000000 0.000000 0.000000 0.229230 0.247528 0.000000 0.000000 0.000000 0.107684 0.404629 0.460014 0.378415 0.263760 0.181087 0.151937 0.167033 0.203452 0.238710 0.258745 0.259865 0.246509 0.227095 0.209906 0.200281 0.199565 0.205636 0.214432 0.221759 0.224780 0.222772 0.217066 0.210309 0.205369 0.204271 0.207488 0.213785 0.220649 0.225153 0.224981 0.219295 0.209158 0.197360 0.187639 0.183499 0.186955 0.197600 0.212371 0.226210 0.233563 0.230399 0.216118 0.194625 0.173879 0.163585 0.171257 0.197724 0.233826 0.260604 0.254985 0.201687 0.109265 0.024074 0.030986 0.225625 0.643377 1.000000 1.000000 0.170820
0.220295 1.000000 0.966328 0.880274 0.262487 0.000000 0.000000 0.033484 0.189121 0.301708 0.344182 0.326430 0.275823 0.220664 0.180292 0.162005 0.162990 0.174766 0.187931 0.195680 0.195441 0.188684 0.179467 0.172457 0.171149 0.176755 0.188001 0.201724 0.213999 0.221394 0.221992 0.215882 0.205045 0.192678 0.182200 0.176240 0.175887 0.180449 0.187779 0.195073 0.199906 0.201157 0.199489 0.197166 0.197173 0.201845 0.211485 0.223548 0.232952 0.233828 0.222491 0.200793 0.178312 0.171483 0.197992 0.265977 0.360100 0.430343 0.393921 0.164073 0.000000 0.000000 0.000000 0.208287 0.174835 0.000000 0.000000 0.000000 0.177140 0.342967 0.358188 0.292364 0.212085 0.157841 0.141913 0.156950 0.187143 0.217269 0.237740 0.245763 0.243828 0.236988 0.230214 0.226603 0.226756 0.229173 0.231288 0.230680 0.226033 0.217595 0.207065 0.197010 0.190028 0.187929 0.191165 0.198669 0.208136 0.216652 0.221514 0.220988 0.214825 0.204364 0.192184 0.181397 0.174768 0.173899 0.178741 0.187618 0.197802 0.206498 0.211962 0.214320 0.215693 0.219355 0.227982 0.241460 0.255176 0.260003 0.245145 0.204288 0.144068 0.091536 0.094481 0.206141 0.445907 0.733524 0.782450 0.212526 0.212591 0.919897 0.870514 0.570303 0.304704 0.169704 0.150378 0.191180 0.240086 0.266961 0.264548 0.240915 0.210039 0.184412 0.171129 0.171240 0.181305 0.195864 0.209768 0.219713 0.224754 0.225937 0.225390 0.225286 0.227002 0.230709 0.235439 0.239522 0.241236 0.239417 0.233883 0.225516 0.216022 0.207430 0.201480 0.199103 0.200124 0.203307 0.206727 0.208398 0.206944 0.202135 0.195071 0.187903 0.183121 0.182571 0.186526 0.193188 0.198959 0.199656 0.192500 0.178310 0.162937 0.156749 0.171157 0.211916 0.270532 0.317343 0.302579 0.173710 0.000000 0.000000 0.000000 0.231862 0.254096 0.000000 0.000000 0.000000 0.085585 0.444211 0.511350 0.412999 0.274529 0.174500 0.139039 0.157057 0.200940 0.243550 0.267859 0.269348 0.253320 0.229904 0.209103 0.197394 0.196442 0.203727 0.214371 0.223319 0.227128 0.224894 0.218186 0.210166 0.204282 0.202974 0.206828 0.214375 0.222611 0.228023 0.227824 0.220998 0.208817 0.194632 0.182945 0.177988 0.182210 0.195149 0.213133 0.230067 0.239226 0.235679 0.218600 0.192580 0.167131 0.153937 0.162170 0.193077 0.235987 0.268436 0.262885 0.200858 0.092091 0.000000 0.000000 0.229898 0.725878 1.000000 1.000000 0.163295
0.215338 0.585127 0.569581 0.572446 0.235147 0.063812 0.045153 0.112499 0.199054 0.262072 0.286446 0.277326 0.249557 0.218644 0.195322 0.183821 0.182858 0.188015 0.194305 0.198070 0.197889 0.194488 0.189974 0.186778 0.186702 0.190327 0.196909 0.204698 0.211552 0.215614 0.215859 0.212358 0.206219 0.199209 0.193228 0.189741 0.189384 0.191820 0.195916 0.200168 0.203262 0.204568 0.204402 0.203931 0.204700 0.207903 0.213643 0.220504 0.225736 0.226200 0.219982 0.208196 0.196141 0.192803 0.207769 0.245351 0.297020 0.335359 0.315180 0.189262 0.000000 0.000000 0.000000 0.209387 0.189667 0.000000 0.000000 0.000000 0.191392 0.295311 0.304800 0.263343 0.212712 0.178404 0.168249 0.177715 0.196896 0.216187 0.229477 0.234914 0.233992 0.229847 0.225607 0.223254 0.223215 0.224592 0.225801 0.225327 0.222327 0.216939 0.210211 0.203753 0.199214 0.197764 0.199732 0.204489 0.210608 0.216255 0.219690 0.219756 0.216216 0.209829 0.202166 0.195179 0.190656 0.189705 0.192430 0.197910 0.204519 0.210511 0.214701 0.216986 0.218458 0.220953 0.226030 0.233676 0.241266 0.243515 0.234116 0.209371 0.173223 0.141745 0.143395 0.209980 0.353203 0.525250 0.551216 0.213696 0.212932 0.651898 0.620523 0.434606 0.271338 0.189469 0.178864 0.204571 0.234303 0.249716 0.246801 0.231011 0.211284 0.195422 0.187691 0.188495 0.195431 0.204894 0.213579 0.219444 0.222014 0.222112 0.221250 0.220933 0.222113 0.224903 0.228628 0.232115 0.234122 0.233755 0.230762 0.225616 0.219369 0.213345 0.208750 0.206321 0.206114 0.207501 0.209382 0.210548 0.210106 0.207809 0.204191 0.200419 0.197878 0.197591 0.199665 0.203000 0.205464 0.204639 0.199040 0.189434 0.179687 0.176378 0.186566 0.213574 0.251621 0.281565 0.271731 0.189016 0.025193 0.000000 0.000000 0.225842 0.240070 0.000000 0.000000 0.000000 0.130224 0.361523 0.404856 0.341412 0.252026 0.187378 0.164353 0.175836 0.204048 0.231497 0.247198 0.248221 0.237966 0.222947 0.209599 0.202093 0.201504 0.206215 0.213091 0.218885 0.221387 0.220021 0.215798 0.210750 0.207083 0.206352 0.208907 0.213780 0.219012 0.222326 0.221926 0.217171 0.208915 0.199362 0.191473 0.188031 0.190663 0.199102 0.210978 0.222328 0.228742 0.226943 0.216283 0.199618 0.183012 0.173995 0.178562 0.197679 0.224696 0.245375 0.242144 0.203123 0.134391 0.070777 0.076594 0.224688 0.542388 0.921391 1.000000 0.179622
0.209553 0.162096 0.170240 0.233642 0.206537 0.193319 0.193044 0.200299 0.209452 0.216665 0.220315 0.220503 0.218281 0.214939 0.211539 0.208716 0.206694 0.205406 0.204657 0.204256 0.204085 0.204113 0.204368 0.204884 0.205656 0.206618 0.207646 0.208582 0.209274 0.209618 0.209582 0.209216 0.208638 0.207999 0.207450 0.207104 0.207014 0.207172 0.207529 0.208019 0.208600 0.209272 0.210081 0.211092 0.212347 0.213808 0.215320 0.216613 0.217364 0.217311 0.216417 0.215013 0.213842 0.213930 0.216207 0.220888 0.226766 0.230735 0.228083 0.214228 0.188493 0.164001 0.158441 0.211123 0.209190 0.155754 0.145744 0.179071 0.212219 0.228461 0.229488 0.222227 0.213492 0.207565 0.205859 0.207695 0.211411 0.215310 0.218231 0.219730 0.219966 0.219438 0.218706 0.218168 0.217971 0.218017 0.218055 0.217812 0.217106 0.215922 0.214422 0.212905 0.211717 0.211154 0.211377 0.212356 0.213873 0.215565 0.217010 0.217832 0.217792 0.216856 0.215212 0.213236 0.211406 0.210198 0.209963 0.210843 0.212727 0.215272 0.217987 0.220356 0.221971 0.222637 0.222406 0.221534 0.220356 0.219128 0.217911 0.216567 0.214932 0.213137 0.211930 0.212694 0.216722 0.223367 0.221007 0.215210 0.214752 0.284620 0.278856 0.250273 0.226930 0.216872 0.217184 0.221625 0.225120 0.225336 0.222423 0.217934 0.213702 0.211046 0.210443 0.211593 0.213716 0.215923 0.217521 0.218185 0.217984 0.217280 0.216562 0.216273 0.216675 0.217785 0.219387 0.221107 0.222524 0.223286 0.223194 0.222250 0.220642 0.218693 0.216768 0.215192 0.214175 0.213772 0.213897 0.214359 0.214936 0.215438 0.215754 0.215862 0.215793 0.215573 0.215161 0.214416 0.213140 0.211186 0.208640 0.205987 0.204186 0.204515 0.208100 0.215122 0.223883 0.230159 0.227574 0.209944 0.176427 0.139539 0.133752 0.218192 0.221768 0.000000 0.000000 0.074381 0.190176 0.251890 0.263341 0.246275 0.222320 0.205012 0.198841 0.201883 0.209379 0.216662 0.220815 0.221075 0.218362 0.214417 0.210947 0.209044 0.208971 0.210277 0.212118 0.213632 0.214248 0.213840 0.212703 0.211396 0.210511 0.210443 0.211247 0.212613 0.213964 0.214647 0.214158 0.212337 0.209456 0.206186 0.203422 0.202019 0.202509 0.204878 0.208498 0.212246 0.214815 0.215152 0.212891 0.208627 0.203884 0.200684 0.200776 0.204684 0.210977 0.216193 0.215857 0.206782 0.190260 0.174941 0.177169 0.215697 0.297740 0.395486 0.418415 0.200801
0.206045 0.000000 0.000000 0.033624 0.190550 0.271052 0.281422 0.252581 0.215268 0.188861 0.179869 0.185487 0.198608 0.212056 0.221079 0.224089 0.222107 0.217572 0.213085 0.210481 0.210414 0.212417 0.215308 0.217729 0.218642 0.217635 0.214993 0.211546 0.208363 0.206411 0.206265 0.207959 0.210998 0.214527 0.217596 0.219440 0.219699 0.218512 0.216452 0.214325 0.212902 0.212643 0.213529 0.215059 0.216433 0.216881 0.216037 0.214202 0.212365 0.211867 0.213753 0.217962 0.222723 0.224602 0.219621 0.205630 0.185505 0.169891 0.177114 0.226997 0.325353 0.433870 0.457008 0.212703 0.222908 0.448988 0.444144 0.331760 0.229247 0.177932 0.172096 0.190760 0.214007 0.229861 0.234775 0.230958 0.223002 0.215218 0.210215 0.208629 0.209625 0.211720 0.213540 0.214304 0.213957 0.213008 0.212211 0.212217 0.213322 0.215375 0.217854 0.220058 0.221353 0.221388 0.220215 0.218278 0.216279 0.214970 0.214910 0.216286 0.218831 0.221889 0.224599 0.226162 0.226112 0.224504 0.221940 0.219414 0.217971 0.218292 0.220320 0.223101 0.224961 0.224084 0.219392 0.211478 0.203173 0.199242 0.204812 0.222442 0.248444 0.269971 0.265531 0.212397 0.104095 0.000000 0.000000 0.216218 0.217148 0.008027 0.022003 0.112442 0.194543 0.238214 0.246261 0.234318 0.217916 0.206764 0.204026 0.208194 0.215650 0.222801 0.227305 0.228413 0.226668 0.223309 0.219658 0.216682 0.214809 0.213968 0.213777 0.213786 0.213672 0.213351 0.212973 0.212824 0.213195 0.214240 0.215899 0.217893 0.219797 0.221167 0.221690 0.221296 0.220207 0.218893 0.217944 0.217886 0.218994 0.221161 0.223873 0.226318 0.227625 0.227171 0.224865 0.221303 0.217693 0.215499 0.215848 0.218868 0.223208 0.226100 0.224245 0.215610 0.201817 0.190157 0.193543 0.226119 0.292344 0.369080 0.385186 0.212999 0.209015 0.474771 0.456754 0.342628 0.233270 0.174671 0.163407 0.179172 0.201655 0.218044 0.223994 0.221210 0.214123 0.207141 0.203070 0.202704 0.205234 0.209041 0.212496 0.214515 0.214777 0.213647 0.211885 0.210309 0.209502 0.209656 0.210570 0.211776 0.212738 0.213052 0.212578 0.211481 0.210162 0.209110 0.208723 0.209157 0.210254 0.211573 0.212533 0.212611 0.211562 0.209562 0.207225 0.205462 0.205181 0.206928 0.210552 0.215057 0.218753 0.219762 0.216809 0.210087 0.201835 0.196182 0.197894 0.209899 0.230064 0.248486 0.247561 0.207816 0.122393 0.020744 0.000000 0.215490
0.205302 0.000000 0.000000 0.000585 0.189016 0.285529 0.297482 0.261964 0.216032 0.183217 0.171596 0.177991 0.193937 0.210764 0.222624 0.227428 0.226217 0.221773 0.217120 0.214424 0.214479 0.216764 0.219918 0.222377 0.222955 0.221212 0.217543 0.212985 0.208863 0.206367 0.206209 0.208430 0.212414 0.217089 0.221242 0.223871 0.224458 0.223094 0.220427 0.217427 0.215069 0.213995 0.214299 0.215494 0.216704 0.217029 0.215986 0.213828 0.211597 0.210776 0.212562 0.216951 0.222025 0.223967 0.218293 0.202515 0.179787 0.162087 0.170191 0.226759 0.338711 0.460765 0.487908 0.213844 0.227604 0.582742 0.577405 0.400298 0.237984 0.156586 0.147306 0.177028 0.214155 0.239577 0.247531 0.241434 0.228559 0.215803 0.207399 0.204451 0.205704 0.208834 0.211651 0.212883 0.212403 0.210990 0.209830 0.209962 0.211876 0.215349 0.219549 0.223341 0.225672 0.225922 0.224104 0.220875 0.217339 0.214717 0.213976 0.215525 0.219067 0.223669 0.228023 0.230853 0.231328 0.229378 0.225769 0.221889 0.219285 0.219031 0.221170 0.224443 0.226521 0.224827 0.217815 0.206354 0.194581 0.189473 0.198536 0.225470 0.264679 0.296909 0.290000 0.209938 0.047078 0.000000 0.000000 0.216483 0.219144 0.000000 0.000000 0.056723 0.182225 0.247656 0.258417 0.239369 0.214640 0.198884 0.196410 0.204324 0.216664 0.227769 0.234153 0.234952 0.231346 0.225540 0.219746 0.215479 0.213285 0.212843 0.213318 0.213793 0.213627 0.212649 0.211158 0.209759 0.209114 0.209687 0.211581 0.214486 0.217775 0.220700 0.222626 0.223245 0.222677 0.221452 0.220340 0.220101 0.221199 0.223599 0.226704 0.229497 0.230862 0.230017 0.226918 0.222470 0.218401 0.216717 0.218825 0.224555 0.231511 0.235242 0.230717 0.215172 0.191821 0.172895 0.179320 0.233479 0.341671 0.465618 0.490338 0.211355 0.204728 0.661630 0.631292 0.435755 0.248947 0.148905 0.129758 0.156769 0.195225 0.223256 0.233465 0.228783 0.216774 0.204944 0.198051 0.197422 0.201660 0.208008 0.213708 0.216945 0.217213 0.215158 0.212092 0.209401 0.208054 0.208341 0.209884 0.211865 0.213367 0.213726 0.212755 0.210801 0.208617 0.207087 0.206914 0.208346 0.211048 0.214167 0.216577 0.217257 0.215679 0.212085 0.207534 0.203667 0.202200 0.204269 0.209832 0.217367 0.224074 0.226707 0.222904 0.212688 0.199503 0.190053 0.192268 0.211198 0.243574 0.273170 0.270755 0.203750 0.060493 0.000000 0.000000 0.220390
0.206255 0.068535 0.073648 0.078554 0.196800 0.257624 0.265293 0.242903 0.213748 0.192771 0.185238 0.189278 0.199600 0.210694 0.218772 0.222400 0.222143 0.219708 0.216997 0.215405 0.215468 0.216888 0.218815 0.220254 0.220436 0.219071 0.216412 0.213148 0.210178 0.208333 0.208143 0.209690 0.212598 0.216146 0.219471 0.221800 0.222656 0.221973 0.220095 0.217657 0.215388 0.213879 0.213408 0.213855 0.214762 0.215518 0.215619 0.214909 0.213695 0.212664 0.212558 0.213700 0.215543 0.216526 0.214526 0.208057 0.198093 0.189824 0.192996 0.218906 0.271944 0.329439 0.344090 0.214625 0.225076 0.573249 0.563696 0.393757 0.238751 0.160559 0.151071 0.178909 0.214044 0.238267 0.246031 0.240510 0.228548 0.216652 0.208813 0.206072 0.207245 0.210141 0.212704 0.213749 0.213170 0.211716 0.210515 0.210553 0.212289 0.215511 0.219431 0.222978 0.225160 0.225394 0.223693 0.220672 0.217360 0.214889 0.214147 0.215493 0.218633 0.222683 0.226435 0.228730 0.228851 0.226806 0.223380 0.219920 0.217869 0.218172 0.220751 0.224270 0.226395 0.224618 0.217518 0.206083 0.194502 0.189689 0.198955 0.225745 0.264280 0.295394 0.287419 0.207205 0.045923 0.000000 0.000000 0.216214 0.220131 0.000000 0.000000 0.073944 0.187079 0.245734 0.254954 0.237351 0.214814 0.200582 0.198481 0.205789 0.217019 0.226992 0.232552 0.232964 0.229384 0.223904 0.218606 0.214907 0.213293 0.213416 0.214421 0.215362 0.215545 0.214734 0.213164 0.211405 0.210134 0.209892 0.210906 0.213026 0.215778 0.218524 0.220668 0.221843 0.222027 0.221546 0.220956 0.220842 0.221587 0.223200 0.225249 0.226973 0.227538 0.226382 0.223550 0.219853 0.216751 0.215887 0.218338 0.223794 0.230027 0.233097 0.228655 0.214463 0.193621 0.177160 0.183659 0.232754 0.329599 0.439757 0.461006 0.212389 0.207125 0.560360 0.537115 0.386204 0.242086 0.164867 0.150013 0.170745 0.200318 0.221900 0.229804 0.226284 0.217143 0.208128 0.202867 0.202352 0.205498 0.210190 0.214331 0.216558 0.216516 0.214730 0.212224 0.210063 0.208979 0.209174 0.210335 0.211815 0.212907 0.213106 0.212288 0.210744 0.209076 0.207981 0.208001 0.209310 0.211621 0.214236 0.216247 0.216838 0.215587 0.212688 0.208989 0.205802 0.204502 0.206012 0.210322 0.216252 0.221605 0.223809 0.220969 0.213037 0.202644 0.194985 0.196253 0.210445 0.235128 0.257798 0.255813 0.203860 0.092800 0.000000 0.000000 0.217619
0.207440 0.219297 0.214712 0.188126 0.206999 0.217391 0.219244 0.215822 0.210859 0.207039 0.205544 0.206296 0.208476 0.211068 0.213249 0.214582 0.215030 0.214841 0.214386 0.214006 0.213899 0.214089 0.214445 0.214752 0.214795 0.214441 0.213683 0.212653 0.211590 0.210775 0.210460 0.210797 0.211790 0.213282 0.214986 0.216545 0.217615 0.217952 0.217481 0.216323 0.214780 0.213271 0.212222 0.211946 0.212538 0.213813 0.215323 0.216457 0.216626 0.215488 0.213160 0.210322 0.208148 0.207993 0.210836 0.216576 0.223416 0.227679 0.224528 0.210077 0.185064 0.157694 0.155115 0.215278 0.219223 0.482572 0.468045 0.345215 0.234545 0.178048 0.170330 0.189339 0.213866 0.230999 0.236746 0.233263 0.225300 0.217375 0.212245 0.210605 0.211600 0.213684 0.215421 0.215996 0.215359 0.214059 0.212910 0.212624 0.213540 0.215528 0.218056 0.220392 0.221858 0.222054 0.220988 0.219069 0.216975 0.215444 0.215031 0.215928 0.217888 0.220289 0.222325 0.223273 0.222759 0.220927 0.218451 0.216347 0.215614 0.216805 0.219663 0.223001 0.224942 0.223579 0.217938 0.208950 0.199982 0.196394 0.203698 0.224291 0.253443 0.276278 0.268661 0.205770 0.081740 0.000000 0.000000 0.215823 0.220033 0.043815 0.056176 0.132534 0.201048 0.236594 0.242039 0.231021 0.216881 0.207788 0.206176 0.210440 0.217216 0.223279 0.226625 0.226753 0.224365 0.220789 0.217383 0.215103 0.214309 0.214801 0.216009 0.217251 0.217967 0.217875 0.217013 0.215682 0.214322 0.213361 0.213087 0.213580 0.214706 0.216181 0.217669 0.218893 0.219709 0.220139 0.220338 0.220514 0.220823 0.221285 0.221748 0.221924 0.221502 0.220307 0.218447 0.216386 0.214872 0.214699 0.216329 0.219484 0.222896 0.224447 0.221878 0.214140 0.203085 0.194803 0.199341 0.227136 0.280593 0.340571 0.351262 0.214508 0.212510 0.324934 0.317694 0.270137 0.224479 0.200023 0.195226 0.201581 0.210683 0.217300 0.219715 0.218668 0.215958 0.213323 0.211813 0.211659 0.212476 0.213600 0.214415 0.214566 0.214025 0.213028 0.211941 0.211108 0.210739 0.210852 0.211295 0.211818 0.212168 0.212180 0.211831 0.211249 0.210659 0.210314 0.210397 0.210954 0.211862 0.212854 0.213596 0.213794 0.213303 0.212207 0.210823 0.209635 0.209148 0.209697 0.211281 0.213470 0.215462 0.216308 0.215280 0.212294 0.208216 0.204839 0.204368 0.208328 0.216106 0.223663 0.223440 0.206809 0.170387 0.126544 0.115659 0.211447
0.207819 0.314712 0.305131 0.268159 0.214431 0.188075 0.185792 0.196293 0.209004 0.217665 0.220508 0.218782 0.214939 0.211231 0.208978 0.208452 0.209170 0.210332 0.211224 0.211461 0.211045 0.210271 0.209553 0.209238 0.209487 0.210229 0.211211 0.212096 0.212592 0.212554 0.212033 0.211256 0.210554 0.210244 0.210523 0.211387 0.212622 0.213858 0.214689 0.214813 0.214164 0.212968 0.211712 0.211001 0.211336 0.212876 0.215268 0.217634 0.218782 0.217648 0.213877 0.208362 0.203453 0.202551 0.208855 0.223298 0.242171 0.255512 0.248054 0.204940 0.124105 0.036227 0.020913 0.216013 0.213724 0.377658 0.359867 0.290111 0.228957 0.196897 0.191469 0.200926 0.213816 0.223094 0.226510 0.225133 0.221438 0.217788 0.215606 0.215215 0.216114 0.217438 0.218401 0.218559 0.217898 0.216743 0.215571 0.214817 0.214724 0.215282 0.216260 0.217306 0.218077 0.218353 0.218102 0.217480 0.216768 0.216266 0.216185 0.216563 0.217243 0.217919 0.218239 0.217943 0.216986 0.215603 0.214273 0.213596 0.214066 0.215839 0.218558 0.221325 0.222902 0.222135 0.218541 0.212856 0.207292 0.205180 0.209795 0.222365 0.239701 0.252532 0.246247 0.206258 0.129890 0.044769 0.044638 0.215705 0.219233 0.176651 0.179252 0.198206 0.215836 0.225325 0.226860 0.223676 0.219292 0.216104 0.215035 0.215834 0.217620 0.219409 0.220478 0.220534 0.219689 0.218339 0.216979 0.216044 0.215792 0.216259 0.217282 0.218557 0.219737 0.220518 0.220708 0.220263 0.219285 0.217992 0.216659 0.215562 0.214913 0.214823 0.215284 0.216175 0.217295 0.218404 0.219277 0.219744 0.219723 0.219232 0.218377 0.217325 0.216265 0.215366 0.214741 0.214429 0.214388 0.214518 0.214692 0.214798 0.214773 0.214638 0.214500 0.214542 0.214988 0.216048 0.217829 0.220224 0.222740 0.224294 0.223016 0.216331 0.217466 0.106222 0.113626 0.162041 0.207738 0.232373 0.237053 0.230136 0.220203 0.212817 0.209995 0.211126 0.214330 0.217627 0.219660 0.219923 0.218648 0.216495 0.214215 0.212398 0.211337 0.211025 0.211242 0.211683 0.212074 0.212255 0.212202 0.212007 0.211810 0.211738 0.211849 0.212113 0.212418 0.212621 0.212599 0.212303 0.211785 0.211194 0.210731 0.210583 0.210850 0.211495 0.212329 0.213054 0.213357 0.213032 0.212087 0.210798 0.209661 0.209231 0.209864 0.211434 0.213162 0.213695 0.211556 0.206019 0.198214 0.192003 0.193839 0.210518 0.243844 0.282029 0.290005 0.205781
0.207110 0.328721 0.319904 0.292850 0.216981 0.179495 0.175995 0.190684 0.208628 0.220894 0.224880 0.222281 0.216552 0.210907 0.207267 0.206074 0.206682 0.207976 0.208950 0.209058 0.208309 0.207139 0.206158 0.205887 0.206565 0.208078 0.210019 0.211833 0.213007 0.213233 0.212503 0.211105 0.209532 0.208326 0.207907 0.208439 0.209780 0.211517 0.213103 0.214045 0.214084 0.213315 0.212190 0.211380 0.211530 0.212957 0.215414 0.218017 0.219450 0.218446 0.214476 0.208418 0.202882 0.201802 0.209015 0.225825 0.248096 0.264186 0.255873 0.205038 0.108540 0.003765 0.000000 0.216918 0.210784 0.304563 0.286451 0.252690 0.224721 0.209161 0.205479 0.208768 0.214041 0.218132 0.219946 0.219850 0.218854 0.217934 0.217668 0.218143 0.219083 0.220046 0.220631 0.220602 0.219943 0.218821 0.217509 0.216292 0.215388 0.214907 0.214841 0.215097 0.215537 0.216027 0.216471 0.216819 0.217066 0.217220 0.217284 0.217233 0.217015 0.216572 0.215874 0.214959 0.213959 0.213101 0.212662 0.212900 0.213950 0.215735 0.217916 0.219919 0.221073 0.220827 0.219033 0.216177 0.213449 0.212508 0.214869 0.220934 0.228905 0.234101 0.229478 0.208360 0.170184 0.129133 0.133619 0.216097 0.218351 0.275857 0.270685 0.246319 0.225846 0.216077 0.215019 0.217986 0.221090 0.222419 0.221819 0.220114 0.218315 0.217116 0.216724 0.216944 0.217392 0.217721 0.217763 0.217572 0.217368 0.217422 0.217937 0.218960 0.220346 0.221796 0.222942 0.223450 0.223120 0.221954 0.220157 0.218101 0.216223 0.214923 0.214450 0.214842 0.215903 0.217262 0.218462 0.219098 0.218931 0.217975 0.216498 0.214956 0.213841 0.213506 0.214004 0.215012 0.215892 0.215908 0.214565 0.211975 0.209086 0.207603 0.209431 0.215614 0.224997 0.233136 0.232432 0.214726 0.177486 0.133781 0.123405 0.217146 0.220019 0.000000 0.012933 0.108451 0.199177 0.248194 0.257750 0.244393 0.225046 0.210632 0.205080 0.207178 0.213268 0.219537 0.223408 0.223971 0.221718 0.217938 0.214055 0.211142 0.209688 0.209606 0.210423 0.211530 0.212418 0.212823 0.212751 0.212421 0.212131 0.212120 0.212472 0.213078 0.213682 0.213972 0.213710 0.212833 0.211505 0.210090 0.209049 0.208794 0.209521 0.211109 0.213095 0.214788 0.215469 0.214676 0.212437 0.209394 0.206695 0.205637 0.207099 0.210919 0.215493 0.217909 0.214896 0.204660 0.189240 0.176438 0.179609 0.213077 0.281047 0.359638 0.376483 0.202851
0.205714 0.278878 0.274880 0.268899 0.215279 0.189068 0.186774 0.197007 0.209245 0.217375 0.219782 0.217804 0.213886 0.210193 0.207914 0.207204 0.207515 0.208058 0.208207 0.207716 0.206746 0.205726 0.205150 0.205368 0.206465 0.208230 0.210227 0.211943 0.212943 0.213000 0.212166 0.210751 0.209231 0.208109 0.207762 0.208335 0.209693 0.211462 0.213145 0.214287 0.214629 0.214215 0.213396 0.212725 0.212746 0.213758 0.215604 0.217616 0.218758 0.218019 0.214953 0.210229 0.205894 0.205063 0.210799 0.224181 0.241992 0.255055 0.248944 0.209252 0.133345 0.050925 0.035294 0.217943 0.210879 0.279448 0.263895 0.241311 0.223070 0.212493 0.209583 0.211358 0.214630 0.217304 0.218604 0.218724 0.218311 0.218012 0.218211 0.218956 0.220018 0.221040 0.221675 0.221698 0.221059 0.219873 0.218375 0.216852 0.215563 0.214699 0.214343 0.214478 0.215002 0.215764 0.216597 0.217349 0.217906 0.218196 0.218190 0.217896 0.217351 0.216619 0.215786 0.214959 0.214266 0.213846 0.213821 0.214272 0.215200 0.216500 0.217950 0.219240 0.220039 0.220100 0.219380 0.218139 0.216954 0.216590 0.217713 0.220430 0.223802 0.225556 0.222378 0.211252 0.192217 0.172448 0.175935 0.217037 0.217985 0.319555 0.310311 0.266390 0.229097 0.211143 0.209360 0.215399 0.222027 0.225449 0.225106 0.222370 0.219139 0.216856 0.216104 0.216670 0.217884 0.219013 0.219566 0.219435 0.218857 0.218270 0.218116 0.218665 0.219920 0.221618 0.223316 0.224525 0.224865 0.224175 0.222563 0.220382 0.218129 0.216308 0.215296 0.215230 0.215974 0.217160 0.218295 0.218923 0.218771 0.217852 0.216486 0.215201 0.214550 0.214886 0.216158 0.217829 0.218977 0.218608 0.216137 0.211877 0.207345 0.205090 0.207855 0.217017 0.230646 0.241979 0.239717 0.211954 0.155386 0.090011 0.075456 0.216955 0.219834 0.025765 0.037602 0.120942 0.200712 0.244137 0.252891 0.241320 0.224258 0.211386 0.206289 0.208009 0.213376 0.219019 0.222604 0.223242 0.221293 0.217855 0.214190 0.211293 0.209668 0.209321 0.209902 0.210910 0.211896 0.212585 0.212921 0.213017 0.213064 0.213220 0.213533 0.213917 0.214182 0.214111 0.213557 0.212521 0.211185 0.209886 0.209018 0.208912 0.209699 0.211228 0.213063 0.214578 0.215147 0.214382 0.212334 0.209589 0.207168 0.206205 0.207452 0.210743 0.214661 0.216664 0.213930 0.204951 0.191575 0.180648 0.183789 0.213356 0.272792 0.341062 0.355064 0.203030
0.204394 0.205165 0.207064 0.221671 0.211478 0.207083 0.206996 0.208597 0.209981 0.210427 0.210111 0.209574 0.209285 0.209411 0.209816 0.210193 0.210237 0.209788 0.208895 0.207789 0.206804 0.206257 0.206355 0.207125 0.208413 0.209927 0.211323 0.212293 0.212654 0.212386 0.211643 0.210702 0.209891 0.209501 0.209704 0.210509 0.211760 0.213175 0.214432 0.215262 0.215534 0.215302 0.214795 0.214346 0.214274 0.214749 0.215689 0.216736 0.217344 0.216984 0.215429 0.213024 0.210814 0.210377 0.213252 0.219992 0.229028 0.235886 0.233560 0.215086 0.179190 0.140068 0.132580 0.218940 0.213192 0.292604 0.281538 0.250637 0.223788 0.209163 0.206201 0.210019 0.215615 0.219787 0.221435 0.220983 0.219551 0.218251 0.217770 0.218251 0.219397 0.220690 0.221612 0.221819 0.221221 0.219965 0.218368 0.216804 0.215600 0.214965 0.214951 0.215470 0.216330 0.217302 0.218175 0.218799 0.219111 0.219128 0.218922 0.218590 0.218219 0.217866 0.217555 0.217285 0.217055 0.216882 0.216813 0.216916 0.217254 0.217846 0.218625 0.219427 0.220015 0.220150 0.219706 0.218791 0.217814 0.217433 0.218322 0.220750 0.224047 0.226199 0.223974 0.214099 0.195995 0.176133 0.174707 0.218386 0.218505 0.311074 0.301460 0.260618 0.226644 0.210881 0.210001 0.216066 0.222363 0.225492 0.225101 0.222601 0.219823 0.218094 0.217880 0.218871 0.220329 0.221488 0.221851 0.221330 0.220208 0.218986 0.218184 0.218154 0.218982 0.220467 0.222198 0.223687 0.224513 0.224439 0.223479 0.221877 0.220039 0.218407 0.217337 0.216998 0.217328 0.218068 0.218844 0.219305 0.219246 0.218697 0.217931 0.217375 0.217453 0.218378 0.219991 0.221704 0.222614 0.221815 0.218844 0.214140 0.209294 0.206845 0.209437 0.218311 0.231450 0.242167 0.239473 0.211945 0.156634 0.093165 0.079274 0.216234 0.217776 0.153925 0.156417 0.183020 0.209917 0.225205 0.228808 0.225163 0.219218 0.214444 0.212330 0.212766 0.214744 0.217040 0.218677 0.219146 0.218410 0.216780 0.214734 0.212753 0.211206 0.210290 0.210038 0.210351 0.211057 0.211962 0.212890 0.213701 0.214305 0.214646 0.214703 0.214480 0.214002 0.213322 0.212518 0.211699 0.210987 0.210504 0.210342 0.210536 0.211046 0.211749 0.212455 0.212954 0.213069 0.212719 0.211964 0.211015 0.210182 0.209777 0.209970 0.210654 0.211377 0.211413 0.210031 0.206953 0.202909 0.200034 0.201694 0.211235 0.229167 0.248805 0.251520 0.205366
0.203892 0.147327 0.153452 0.179187 0.207916 0.222831 0.224492 0.218304 0.210106 0.203924 0.201424 0.202350 0.205373 0.208909 0.211701 0.213095 0.213046 0.211959 0.210444 0.209093 0.208322 0.208290 0.208919 0.209958 0.211089 0.212021 0.212564 0.212665 0.212405 0.211956 0.211532 0.211323 0.211455 0.211959 0.212771 0.213758 0.214749 0.215586 0.216154 0.216411 0.216386 0.216167 0.215872 0.215616 0.215478 0.215483 0.215606 0.215784 0.215944 0.216030 0.216020 0.215928 0.215788 0.215635 0.215489 0.215387 0.215440 0.215919 0.217285 0.220051 0.224304 0.228540 0.229355 0.219735 0.216324 0.319710 0.313748 0.267616 0.225697 0.203846 0.200518 0.207585 0.216975 0.223645 0.225951 0.224678 0.221690 0.218815 0.217193 0.217112 0.218180 0.219663 0.220833 0.221215 0.220694 0.219480 0.217992 0.216690 0.215934 0.215892 0.216515 0.217581 0.218777 0.219800 0.220437 0.220616 0.220411 0.219999 0.219595 0.219381 0.219447 0.219766 0.220211 0.220600 0.220771 0.220645 0.220263 0.219785 0.219430 0.219390 0.219729 0.220315 0.220833 0.220881 0.220165 0.218726 0.217106 0.216324 0.217550 0.221427 0.227165 0.231767 0.230059 0.216431 0.189178 0.157673 0.150381 0.219904 0.219956 0.269789 0.262360 0.239121 0.221259 0.214171 0.215094 0.219130 0.222547 0.223775 0.223033 0.221437 0.220144 0.219841 0.220590 0.221963 0.223319 0.224088 0.223961 0.222966 0.221413 0.219768 0.218495 0.217919 0.218149 0.219067 0.220382 0.221722 0.222743 0.223217 0.223079 0.222431 0.221496 0.220544 0.219808 0.219425 0.219399 0.219621 0.219914 0.220116 0.220148 0.220061 0.220032 0.220299 0.221058 0.222334 0.223892 0.225223 0.225655 0.224576 0.221758 0.217654 0.213538 0.211322 0.212916 0.219145 0.228451 0.235953 0.233783 0.213896 0.174381 0.129295 0.119402 0.215611 0.215212 0.320034 0.310715 0.263798 0.222136 0.200717 0.197417 0.203967 0.212538 0.218478 0.220464 0.219392 0.217017 0.214900 0.213874 0.213987 0.214744 0.215470 0.215629 0.215010 0.213751 0.212249 0.210984 0.210354 0.210547 0.211494 0.212907 0.214373 0.215481 0.215938 0.215647 0.214719 0.213438 0.212165 0.211231 0.210844 0.211026 0.211614 0.212318 0.212816 0.212874 0.212431 0.211639 0.210827 0.210387 0.210615 0.211557 0.212916 0.214085 0.214327 0.213096 0.210406 0.207088 0.204768 0.205376 0.210131 0.218191 0.225479 0.224648 0.207484 0.170983 0.127436 0.116114 0.208393
0.204629 0.129016 0.136194 0.160160 0.206134 0.229225 0.231297 0.221574 0.209353 0.200631 0.197548 0.199365 0.203920 0.208907 0.212677 0.214528 0.214594 0.213531 0.212141 0.211080 0.210695 0.211001 0.211760 0.212624 0.213271 0.213512 0.213331 0.212870 0.212366 0.212067 0.212155 0.212694 0.213619 0.214759 0.215895 0.216820 0.217398 0.217595 0.217475 0.217169 0.216822 0.216542 0.216357 0.216224 0.216054 0.215778 0.215415 0.215104 0.215088 0.215611 0.216756 0.218277 0.219496 0.219398 0.217011 0.212079 0.205909 0.201993 0.205764 0.222630 0.253453 0.286288 0.292562 0.220195 0.218977 0.334576 0.333167 0.278225 0.227317 0.201262 0.197844 0.206942 0.218644 0.226816 0.229501 0.227696 0.223697 0.219741 0.217237 0.216569 0.217321 0.218675 0.219826 0.220262 0.219872 0.218900 0.217792 0.217010 0.216874 0.217468 0.218642 0.220074 0.221385 0.222260 0.222533 0.222234 0.221565 0.220831 0.220341 0.220311 0.220798 0.221678 0.222690 0.223515 0.223886 0.223683 0.222982 0.222042 0.221219 0.220823 0.220982 0.221536 0.222052 0.221962 0.220840 0.218717 0.216324 0.215069 0.216600 0.221874 0.229924 0.236776 0.235454 0.218278 0.182671 0.140785 0.129637 0.221332 0.222068 0.220322 0.216058 0.214424 0.215999 0.219116 0.221872 0.223174 0.222926 0.221736 0.220452 0.219776 0.220040 0.221172 0.222796 0.224405 0.225531 0.225874 0.225355 0.224116 0.222449 0.220710 0.219233 0.218254 0.217879 0.218080 0.218721 0.219608 0.220539 0.221344 0.221918 0.222226 0.222295 0.222188 0.221981 0.221741 0.221511 0.221318 0.221177 0.221117 0.221185 0.221450 0.221987 0.222842 0.223990 0.225297 0.226511 0.227282 0.227248 0.226153 0.223991 0.221125 0.218308 0.216549 0.216786 0.219370 0.223496 0.226835 0.225764 0.216698 0.198897 0.178712 0.174070 0.215581 0.213363 0.460192 0.441088 0.332094 0.232650 0.180118 0.170832 0.185949 0.206890 0.222094 0.227771 0.225583 0.219574 0.213663 0.210256 0.209930 0.211862 0.214579 0.216693 0.217378 0.216540 0.214687 0.212639 0.211187 0.210821 0.211601 0.213181 0.214962 0.216306 0.216748 0.216139 0.214677 0.212836 0.211205 0.210296 0.210369 0.211347 0.212825 0.214205 0.214887 0.214497 0.213046 0.210984 0.209087 0.208206 0.208932 0.211276 0.214504 0.217245 0.217917 0.215423 0.209924 0.203366 0.199344 0.201959 0.213574 0.231876 0.247441 0.243884 0.203401 0.120347 0.023388 0.000825 0.210849
0.206563 0.152125 0.157246 0.168904 0.206501 0.224768 0.225846 0.217691 0.207974 0.201414 0.199496 0.201413 0.205329 0.209423 0.212483 0.214074 0.214393 0.213976 0.213400 0.213073 0.213142 0.213517 0.213971 0.214263 0.214238 0.213886 0.213339 0.212822 0.212576 0.212775 0.213477 0.214597 0.215937 0.217236 0.218246 0.218796 0.218841 0.218462 0.217838 0.217182 0.216670 0.216384 0.216286 0.216242 0.216094 0.215748 0.215263 0.214878 0.214954 0.215825 0.217567 0.219776 0.221466 0.221233 0.217790 0.210868 0.202288 0.196706 0.201196 0.222631 0.261899 0.303726 0.311590 0.220274 0.220383 0.319206 0.321055 0.272779 0.227451 0.204422 0.201614 0.209932 0.220509 0.227867 0.230256 0.228550 0.224783 0.220943 0.218297 0.217229 0.217424 0.218229 0.218997 0.219323 0.219131 0.218622 0.218145 0.218034 0.218482 0.219483 0.220838 0.222230 0.223327 0.223889 0.223834 0.223265 0.222434 0.221662 0.221247 0.221369 0.222037 0.223080 0.224202 0.225067 0.225412 0.225135 0.224340 0.223311 0.222422 0.221988 0.222127 0.222661 0.223132 0.222958 0.221700 0.219391 0.216771 0.215266 0.216546 0.221622 0.229607 0.236667 0.236002 0.220069 0.186205 0.145955 0.134943 0.222461 0.224367 0.183693 0.182157 0.196995 0.213142 0.223721 0.227623 0.226696 0.223583 0.220482 0.218658 0.218472 0.219642 0.221566 0.223601 0.225236 0.226172 0.226321 0.225759 0.224665 0.223259 0.221758 0.220350 0.219178 0.218339 0.217887 0.217838 0.218167 0.218815 0.219693 0.220684 0.221660 0.222497 0.223093 0.223388 0.223377 0.223114 0.222710 0.222308 0.222063 0.222104 0.222506 0.223264 0.224291 0.225423 0.226454 0.227170 0.227408 0.227088 0.226237 0.224987 0.223536 0.222097 0.220836 0.219830 0.219075 0.218537 0.218257 0.218424 0.219350 0.221176 0.223235 0.223191 0.216348 0.212903 0.530697 0.506902 0.366675 0.238249 0.169897 0.157417 0.176817 0.204147 0.224300 0.232120 0.229557 0.221752 0.213826 0.209037 0.208309 0.210726 0.214456 0.217682 0.219238 0.218851 0.217022 0.214686 0.212799 0.212001 0.212445 0.213803 0.215440 0.216656 0.216939 0.216128 0.214456 0.212467 0.210824 0.210083 0.210499 0.211925 0.213835 0.215488 0.216175 0.215478 0.213470 0.210753 0.208320 0.207231 0.208193 0.211176 0.215224 0.218603 0.219354 0.216166 0.209336 0.201397 0.196903 0.200949 0.216313 0.239775 0.259113 0.253436 0.200354 0.093294 0.000000 0.000000 0.212101
0.209209 0.200489 0.201768 0.196879 0.208374 0.212968 0.212240 0.209274 0.206566 0.205336 0.205677 0.207045 0.208754 0.210291 0.211437 0.212220 0.212802 0.213343 0.213921 0.214500 0.214965 0.215180 0.215054 0.214592 0.213905 0.213189 0.212674 0.212559 0.212960 0.213871 0.215163 0.216612 0.217951 0.218939 0.219415 0.219338 0.218796 0.217976 0.217109 0.216404 0.215988 0.215868 0.215939 0.216026 0.215968 0.215702 0.215328 0.215108 0.215394 0.216463 0.218312 0.220481 0.222001 0.221589 0.218154 0.211594 0.203683 0.198606 0.202471 0.220971 0.254481 0.290018 0.296431 0.220029 0.220444 0.268958 0.272545 0.248648 0.225558 0.213822 0.212452 0.216832 0.222418 0.226356 0.227681 0.226771 0.224623 0.222248 0.220330 0.219140 0.218611 0.218506 0.218574 0.218657 0.218728 0.218858 0.219162 0.219727 0.220564 0.221590 0.222646 0.223545 0.224127 0.224302 0.224085 0.223591 0.223004 0.222528 0.222331 0.222496 0.222997 0.223704 0.224419 0.224937 0.225106 0.224882 0.224347 0.223688 0.223137 0.222886 0.222994 0.223338 0.223626 0.223483 0.222623 0.221037 0.219145 0.217791 0.218001 0.220475 0.224880 0.229228 0.229812 0.222366 0.205108 0.183837 0.177451 0.223182 0.226321 0.172184 0.172037 0.192716 0.213662 0.226416 0.230372 0.228490 0.224325 0.220522 0.218389 0.218120 0.219235 0.221024 0.222846 0.224281 0.225143 0.225424 0.225214 0.224630 0.223780 0.222751 0.221618 0.220467 0.219399 0.218532 0.217986 0.217852 0.218172 0.218914 0.219974 0.221187 0.222359 0.223308 0.223901 0.224092 0.223924 0.223528 0.223086 0.222784 0.222766 0.223089 0.223708 0.224486 0.225232 0.225762 0.225958 0.225814 0.225437 0.225000 0.224649 0.224399 0.224048 0.223198 0.221410 0.218530 0.215103 0.212708 0.213882 0.221215 0.235196 0.250752 0.253401 0.217800 0.213849 0.517509 0.495087 0.360805 0.237917 0.172196 0.159975 0.178532 0.204978 0.224728 0.232659 0.230479 0.223040 0.215268 0.210379 0.209385 0.211519 0.215095 0.218376 0.220193 0.220194 0.218759 0.216694 0.214863 0.213876 0.213915 0.214739 0.215826 0.216589 0.216598 0.215725 0.214187 0.212464 0.211131 0.210657 0.211232 0.212682 0.214499 0.215993 0.216520 0.215723 0.213701 0.211045 0.208693 0.207630 0.208492 0.211222 0.214902 0.217905 0.218426 0.215303 0.208906 0.201692 0.197973 0.202474 0.217623 0.240088 0.258015 0.251466 0.199360 0.096008 0.000000 0.000000 0.212225
0.211800 0.249443 0.246991 0.228653 0.210608 0.200022 0.197572 0.200630 0.205789 0.210376 0.213016 0.213555 0.212645 0.211239 0.210186 0.209985 0.210716 0.212112 0.213714 0.215045 0.215753 0.215700 0.214976 0.213854 0.212705 0.211895 0.211693 0.212212 0.213387 0.215001 0.216738 0.218264 0.219301 0.219690 0.219418 0.218617 0.217526 0.216422 0.215555 0.215081 0.215029 0.215298 0.215700 0.216024 0.216124 0.215981 0.215738 0.215668 0.216077 0.217161 0.218846 0.220680 0.221850 0.221383 0.218550 0.213439 0.207501 0.203794 0.206473 0.219096 0.241408 0.264913 0.268727 0.219600 0.219600 0.192536 0.196529 0.210251 0.221866 0.227598 0.228300 0.226426 0.224188 0.222806 0.222511 0.222906 0.223385 0.223463 0.222933 0.221877 0.220578 0.219386 0.218601 0.218390 0.218765 0.219600 0.220688 0.221800 0.222745 0.223406 0.223753 0.223831 0.223732 0.223565 0.223419 0.223350 0.223366 0.223443 0.223536 0.223599 0.223608 0.223561 0.223484 0.223415 0.223389 0.223421 0.223500 0.223588 0.223639 0.223619 0.223525 0.223399 0.223313 0.223329 0.223446 0.223547 0.223378 0.222607 0.220978 0.218573 0.216097 0.215059 0.217588 0.225577 0.238893 0.252661 0.254428 0.223500 0.227500 0.188133 0.187753 0.202373 0.217245 0.226343 0.229209 0.227876 0.224787 0.221770 0.219763 0.218972 0.219168 0.219967 0.221013 0.222053 0.222944 0.223615 0.224029 0.224160 0.223985 0.223500 0.222735 0.221769 0.220728 0.219768 0.219048 0.218698 0.218783 0.219294 0.220142 0.221176 0.222218 0.223100 0.223702 0.223976 0.223952 0.223730 0.223444 0.223225 0.223161 0.223271 0.223500 0.223740 0.223871 0.223812 0.223565 0.223231 0.222982 0.222987 0.223308 0.223795 0.224040 0.223455 0.221501 0.218085 0.214019 0.211325 0.213041 0.222069 0.238694 0.256787 0.259788 0.219600 0.215700 0.434597 0.418582 0.321351 0.232688 0.185026 0.176020 0.189472 0.208888 0.223623 0.229807 0.228525 0.223205 0.217417 0.213566 0.212497 0.213765 0.216225 0.218643 0.220143 0.220399 0.219600 0.218247 0.216910 0.216009 0.215698 0.215854 0.216170 0.216294 0.215973 0.215151 0.213990 0.212812 0.211993 0.211819 0.212379 0.213512 0.214835 0.215857 0.216130 0.215424 0.213835 0.211800 0.209993 0.209106 0.209575 0.211340 0.213738 0.215630 0.215775 0.213416 0.208898 0.204036 0.201908 0.205795 0.217232 0.233548 0.245969 0.240052 0.200817 0.124722 0.038752 0.021700 0.211800
0.213517 0.276750 0.272369 0.249226 0.212132 0.191948 0.188641 0.195781 0.206092 0.214387 0.218381 0.218218 0.215449 0.211993 0.209388 0.208425 0.209119 0.210921 0.213033 0.214706 0.215461 0.215179 0.214082 0.212624 0.211330 0.210654 0.210857 0.211956 0.213738 0.215824 0.217771 0.219183 0.219801 0.219556 0.218576 0.217149 0.215640 0.214407 0.213707 0.213643 0.214143 0.214990 0.215893 0.216577 0.216876 0.216797 0.216524 0.216370 0.216661 0.217591 0.219081 0.220717 0.221789 0.221502 0.219318 0.215383 0.210876 0.208068 0.209821 0.218321 0.232967 0.248426 0.250448 0.219175 0.218555 0.107927 0.111412 0.166924 0.217229 0.242374 0.245348 0.236524 0.225629 0.218387 0.216333 0.218194 0.221603 0.224436 0.225523 0.224750 0.222773 0.220562 0.218983 0.218521 0.219202 0.220674 0.222392 0.223819 0.224596 0.224623 0.224053 0.223208 0.222458 0.222095 0.222246 0.222846 0.223665 0.224396 0.224757 0.224586 0.223902 0.222897 0.221888 0.221206 0.221086 0.221574 0.222499 0.223514 0.224215 0.224310 0.223768 0.222892 0.222267 0.222533 0.224043 0.226499 0.228732 0.228858 0.224961 0.216344 0.205076 0.197162 0.202158 0.229723 0.281703 0.339597 0.351025 0.223515 0.227685 0.225770 0.223774 0.222681 0.222682 0.223415 0.224293 0.224787 0.224605 0.223739 0.222406 0.220954 0.219737 0.219024 0.218939 0.219455 0.220410 0.221567 0.222669 0.223499 0.223918 0.223884 0.223451 0.222747 0.221938 0.221192 0.220648 0.220388 0.220433 0.220742 0.221235 0.221808 0.222363 0.222826 0.223158 0.223357 0.223450 0.223477 0.223472 0.223447 0.223389 0.223261 0.223018 0.222630 0.222108 0.221514 0.220966 0.220612 0.220582 0.220928 0.221565 0.222240 0.222557 0.222083 0.220539 0.218049 0.215364 0.213938 0.215655 0.222027 0.232728 0.243607 0.244899 0.221332 0.217721 0.314423 0.307480 0.264072 0.224913 0.203648 0.199532 0.205603 0.214584 0.221647 0.224893 0.224643 0.222328 0.219536 0.217415 0.216467 0.216620 0.217458 0.218474 0.219259 0.219603 0.219495 0.219063 0.218486 0.217912 0.217412 0.216974 0.216532 0.216011 0.215375 0.214655 0.213948 0.213394 0.213126 0.213220 0.213656 0.214311 0.214976 0.215415 0.215430 0.214938 0.214003 0.212843 0.211770 0.211094 0.211003 0.211467 0.212198 0.212718 0.212529 0.211368 0.209459 0.207652 0.207292 0.209717 0.215387 0.222824 0.227842 0.223874 0.204414 0.168473 0.129097 0.122620 0.211562
0.213708 0.271001 0.267378 0.249958 0.212390 0.192234 0.189299 0.196895 0.207536 0.215932 0.219796 0.219340 0.216201 0.212375 0.209446 0.208217 0.208694 0.210309 0.212248 0.213761 0.214382 0.214016 0.212913 0.211543 0.210438 0.210031 0.210544 0.211941 0.213948 0.216134 0.218022 0.219211 0.219466 0.218776 0.217348 0.215555 0.213842 0.212620 0.212167 0.212561 0.213664 0.215163 0.216657 0.217771 0.218269 0.218136 0.217596 0.217048 0.216943 0.217597 0.219028 0.220844 0.222282 0.222411 0.220526 0.216637 0.211900 0.208741 0.210356 0.219316 0.235184 0.252339 0.254548 0.218936 0.217967 0.036212 0.038716 0.129671 0.212839 0.254435 0.259342 0.244692 0.226571 0.214471 0.210992 0.214105 0.219965 0.225097 0.227549 0.227067 0.224622 0.221687 0.219565 0.218969 0.219906 0.221821 0.223894 0.225363 0.225773 0.225087 0.223650 0.222037 0.220844 0.220490 0.221090 0.222428 0.224035 0.225342 0.225871 0.225388 0.223990 0.222085 0.220270 0.219143 0.219095 0.220157 0.221961 0.223834 0.225031 0.225038 0.223843 0.222064 0.220830 0.221370 0.224370 0.229310 0.234067 0.235186 0.229103 0.214383 0.194492 0.179902 0.187464 0.234368 0.324229 0.425054 0.445235 0.223392 0.226919 0.274712 0.270267 0.248140 0.228430 0.218208 0.216623 0.219714 0.223577 0.225805 0.225691 0.223760 0.221097 0.218770 0.217473 0.217418 0.218398 0.219964 0.221611 0.222931 0.223704 0.223904 0.223664 0.223198 0.222725 0.222405 0.222309 0.222416 0.222643 0.222878 0.223030 0.223050 0.222952 0.222797 0.222673 0.222658 0.222791 0.223052 0.223359 0.223586 0.223601 0.223304 0.222667 0.221753 0.220714 0.219754 0.219078 0.218822 0.219006 0.219507 0.220085 0.220459 0.220415 0.219920 0.219179 0.218599 0.218614 0.219413 0.220654 0.221396 0.220515 0.217861 0.216137 0.222647 0.219247 0.195022 0.197028 0.207307 0.217305 0.222445 0.223353 0.222082 0.220492 0.219606 0.219608 0.220159 0.220754 0.221002 0.220747 0.220073 0.219215 0.218447 0.217980 0.217902 0.218165 0.218618 0.219057 0.219293 0.219196 0.218728 0.217943 0.216965 0.215957 0.215076 0.214439 0.214101 0.214049 0.214215 0.214497 0.214790 0.215005 0.215094 0.215044 0.214877 0.214624 0.214313 0.213949 0.213517 0.212986 0.212338 0.211595 0.210835 0.210199 0.209859 0.209960 0.210548 0.211496 0.212483 0.213050 0.212769 0.211497 0.209662 0.208387 0.209245 0.213361 0.219719 0.222975 0.212062
0.212059 0.235086 0.234721 0.231333 0.211505 0.200708 0.199207 0.203587 0.209773 0.214735 0.217066 0.216792 0.214824 0.212354 0.210378 0.209444 0.209604 0.210532 0.211714 0.212654 0.213026 0.212752 0.211996 0.211091 0.210421 0.210312 0.210932 0.212248 0.214035 0.215926 0.217512 0.218438 0.218492 0.217667 0.216164 0.214355 0.212695 0.211616 0.211421 0.212202 0.213807 0.215871 0.217899 0.219405 0.220047 0.219752 0.218766 0.217608 0.216925 0.217259 0.218789 0.221133 0.223313 0.223982 0.221943 0.216910 0.210287 0.205583 0.207905 0.221897 0.247739 0.276096 0.280450 0.219016 0.218217 0.000000 0.000000 0.107867 0.209867 0.260838 0.266857 0.248976 0.226892 0.212188 0.208009 0.211868 0.219086 0.225464 0.228652 0.228351 0.225721 0.222502 0.220205 0.219624 0.220715 0.222791 0.224886 0.226146 0.226112 0.224837 0.222817 0.220791 0.219477 0.219335 0.220422 0.222380 0.224559 0.226219 0.226773 0.225978 0.224027 0.221505 0.219217 0.217929 0.218104 0.219717 0.222214 0.224662 0.226073 0.225801 0.223900 0.221278 0.219511 0.220274 0.224487 0.231421 0.238195 0.240149 0.232497 0.213292 0.187092 0.167717 0.177379 0.238701 0.356404 0.488420 0.514301 0.223314 0.225484 0.323680 0.316598 0.272962 0.233134 0.211750 0.207704 0.213565 0.221766 0.227460 0.228969 0.226958 0.223203 0.219535 0.217190 0.216603 0.217522 0.219301 0.221218 0.222717 0.223534 0.223701 0.223457 0.223122 0.222968 0.223138 0.223618 0.224260 0.224848 0.225176 0.225121 0.224680 0.223969 0.223189 0.222561 0.222257 0.222344 0.222761 0.223329 0.223802 0.223941 0.223591 0.222738 0.221524 0.220215 0.219119 0.218482 0.218392 0.218726 0.219183 0.219402 0.219141 0.218468 0.217849 0.218043 0.219725 0.222875 0.226138 0.226585 0.220526 0.206076 0.187819 0.182694 0.223368 0.219906 0.108001 0.116485 0.166172 0.212057 0.236684 0.241438 0.234789 0.225244 0.218191 0.215463 0.216349 0.218981 0.221506 0.222757 0.222436 0.220935 0.218995 0.217355 0.216498 0.216548 0.217303 0.218357 0.219267 0.219690 0.219471 0.218667 0.217496 0.216258 0.215235 0.214613 0.214441 0.214635 0.215018 0.215390 0.215593 0.215562 0.215336 0.215034 0.214798 0.214724 0.214806 0.214915 0.214833 0.214332 0.213285 0.211770 0.210118 0.208867 0.208597 0.209668 0.211938 0.214576 0.216134 0.215001 0.210283 0.202938 0.196719 0.198090 0.214060 0.246863 0.285291 0.294794 0.213430
0.208656 0.184246 0.188504 0.202076 0.210141 0.213825 0.214224 0.213208 0.212164 0.211669 0.211688 0.211921 0.212081 0.212043 0.211844 0.211617 0.211488 0.211516 0.211670 0.211851 0.211947 0.211891 0.211691 0.211444 0.211304 0.211434 0.211950 0.212866 0.214081 0.215385 0.216503 0.217168 0.217193 0.216533 0.215317 0.213835 0.212483 0.211669 0.211710 0.212732 0.214613 0.216990 0.219327 0.221055 0.221740 0.221238 0.219799 0.218040 0.216800 0.216848 0.218532 0.221472 0.224435 0.225580 0.223127 0.216457 0.207335 0.200707 0.204185 0.225134 0.264530 0.307865 0.315200 0.219467 0.219307 0.000000 0.000000 0.106788 0.209144 0.260175 0.266187 0.248404 0.226552 0.212130 0.208177 0.212138 0.219337 0.225630 0.228749 0.228458 0.225941 0.222913 0.220822 0.220383 0.221490 0.223421 0.225224 0.226100 0.225674 0.224090 0.221917 0.219930 0.218839 0.219049 0.220534 0.222842 0.225244 0.226957 0.227397 0.226372 0.224161 0.221446 0.219109 0.217954 0.218421 0.220405 0.223230 0.225839 0.227154 0.226519 0.224078 0.220917 0.218840 0.219718 0.224543 0.232453 0.240206 0.242624 0.234432 0.213526 0.184963 0.163915 0.174656 0.241761 0.370131 0.513637 0.540820 0.223440 0.223818 0.363415 0.354060 0.292555 0.235981 0.205276 0.199189 0.207465 0.219521 0.228458 0.231746 0.230101 0.225814 0.221306 0.218238 0.217226 0.217996 0.219764 0.221657 0.223030 0.223614 0.223512 0.223072 0.222710 0.222753 0.223328 0.224343 0.225534 0.226562 0.227124 0.227054 0.226365 0.225246 0.224003 0.222964 0.222384 0.222369 0.222841 0.223565 0.224219 0.224494 0.224198 0.223326 0.222070 0.220761 0.219757 0.219300 0.219402 0.219811 0.220082 0.219783 0.218757 0.217367 0.216551 0.217550 0.221240 0.227139 0.232475 0.232021 0.219710 0.193094 0.161030 0.152955 0.223522 0.219714 0.070520 0.081712 0.148739 0.210292 0.243706 0.250375 0.241351 0.228020 0.217793 0.213400 0.214108 0.217517 0.221115 0.223210 0.223235 0.221565 0.219104 0.216823 0.215428 0.215187 0.215944 0.217255 0.218580 0.219463 0.219651 0.219137 0.218124 0.216925 0.215863 0.215169 0.214928 0.215074 0.215436 0.215805 0.216015 0.215993 0.215781 0.215504 0.215311 0.215298 0.215446 0.215602 0.215517 0.214942 0.213754 0.212071 0.210302 0.209074 0.209034 0.210531 0.213293 0.216225 0.217540 0.215357 0.208803 0.199400 0.192158 0.195343 0.217590 0.261104 0.310747 0.321795 0.215318
0.203959 0.139932 0.148501 0.175342 0.209162 0.226129 0.228119 0.221916 0.213999 0.208331 0.206184 0.206958 0.209240 0.211651 0.213301 0.213904 0.213641 0.212927 0.212186 0.211705 0.211581 0.211757 0.212095 0.212457 0.212770 0.213036 0.213320 0.213696 0.214203 0.214808 0.215402 0.215826 0.215926 0.215614 0.214921 0.214013 0.213173 0.212735 0.212988 0.214080 0.215942 0.218264 0.220546 0.222219 0.222820 0.222166 0.220482 0.218407 0.216857 0.216715 0.218429 0.221635 0.224978 0.226339 0.223595 0.215916 0.205283 0.197555 0.201976 0.227731 0.276380 0.329805 0.339238 0.220250 0.220898 0.035276 0.034341 0.126484 0.210960 0.252843 0.257688 0.243196 0.225607 0.214238 0.211398 0.214859 0.220748 0.225722 0.228028 0.227584 0.225434 0.222994 0.221407 0.221183 0.222153 0.223673 0.224954 0.225380 0.224722 0.223186 0.221318 0.219796 0.219196 0.219796 0.221485 0.223790 0.226024 0.227495 0.227727 0.226620 0.224500 0.222037 0.220048 0.219238 0.219945 0.221992 0.224688 0.227021 0.228002 0.227080 0.224471 0.221272 0.219221 0.220075 0.224723 0.232295 0.239703 0.242090 0.234574 0.215279 0.188998 0.169857 0.180266 0.242720 0.361366 0.493274 0.517098 0.223874 0.222404 0.388211 0.377320 0.304266 0.236811 0.200001 0.192586 0.202559 0.217399 0.228849 0.233758 0.232802 0.228547 0.223751 0.220340 0.219056 0.219629 0.221214 0.222871 0.223918 0.224107 0.223600 0.222830 0.222287 0.222340 0.223116 0.224476 0.226079 0.227498 0.228359 0.228446 0.227763 0.226525 0.225086 0.223834 0.223077 0.222953 0.223395 0.224154 0.224886 0.225259 0.225073 0.224329 0.223235 0.222139 0.221395 0.221206 0.221508 0.221945 0.221986 0.221178 0.219460 0.217431 0.216370 0.217843 0.222835 0.230511 0.237110 0.235857 0.219137 0.184213 0.142878 0.132891 0.223310 0.219024 0.082700 0.092789 0.154876 0.211902 0.243328 0.249906 0.241519 0.228674 0.218437 0.213619 0.213766 0.216751 0.220203 0.222420 0.222710 0.221291 0.218939 0.216575 0.214937 0.214391 0.214900 0.216124 0.217576 0.218789 0.219442 0.219422 0.218820 0.217866 0.216844 0.216005 0.215500 0.215363 0.215517 0.215823 0.216135 0.216349 0.216426 0.216393 0.216311 0.216226 0.216136 0.215965 0.215589 0.214893 0.213845 0.212569 0.211369 0.210678 0.210901 0.212204 0.214285 0.216254 0.216762 0.214475 0.208917 0.201510 0.196351 0.199942 0.218857 0.254394 0.294095 0.302344 0.217018
0.198679 0.121800 0.132722 0.163514 0.209216 0.232301 0.234929 0.226111 0.214725 0.206398 0.203098 0.204140 0.207581 0.211404 0.214213 0.215459 0.215306 0.214325 0.213176 0.212362 0.212118 0.212415 0.213046 0.213747 0.214300 0.214599 0.214659 0.214582 0.214498 0.214506 0.214633 0.214833 0.215007 0.215058 0.214941 0.214703 0.214487 0.214501 0.214953 0.215968 0.217517 0.219385 0.221193 0.222490 0.222889 0.222229 0.220685 0.218798 0.217359 0.217153 0.218598 0.221393 0.224341 0.225530 0.223017 0.216020 0.206345 0.199425 0.203917 0.228513 0.274793 0.325398 0.334445 0.221247 0.222466 0.106437 0.104239 0.162105 0.215007 0.240813 0.243553 0.234635 0.224216 0.217885 0.216796 0.219341 0.223033 0.225853 0.226862 0.226172 0.224557 0.222943 0.222013 0.221999 0.222698 0.223636 0.224295 0.224321 0.223647 0.222500 0.221306 0.220541 0.220558 0.221472 0.223111 0.225061 0.226788 0.227800 0.227800 0.226789 0.225085 0.223236 0.221868 0.221478 0.222261 0.224007 0.226130 0.227832 0.228374 0.227387 0.225113 0.222465 0.220816 0.221514 0.225196 0.231127 0.236887 0.238749 0.233037 0.218430 0.198704 0.184660 0.193224 0.241152 0.331122 0.430255 0.446871 0.224648 0.221650 0.396082 0.384569 0.307414 0.236013 0.196936 0.189054 0.199820 0.216034 0.228900 0.234958 0.234781 0.230959 0.226339 0.222931 0.221541 0.221930 0.223265 0.224608 0.225287 0.225073 0.224164 0.223030 0.222201 0.222074 0.222792 0.224211 0.225974 0.227621 0.228741 0.229082 0.228619 0.227543 0.226200 0.224979 0.224197 0.224010 0.224373 0.225063 0.225759 0.226155 0.226067 0.225505 0.224671 0.223893 0.223482 0.223585 0.224075 0.224538 0.224415 0.223262 0.221093 0.218631 0.217306 0.218815 0.224162 0.232350 0.239230 0.237458 0.218906 0.180820 0.136127 0.125544 0.223024 0.218371 0.130221 0.136444 0.177592 0.215783 0.237499 0.242492 0.236885 0.227661 0.219825 0.215638 0.215087 0.216860 0.219296 0.221066 0.221495 0.220569 0.218753 0.216720 0.215095 0.214288 0.214413 0.215318 0.216664 0.218048 0.219115 0.219634 0.219539 0.218920 0.217975 0.216957 0.216098 0.215564 0.215424 0.215648 0.216123 0.216695 0.217200 0.217508 0.217540 0.217276 0.216753 0.216044 0.215244 0.214454 0.213771 0.213280 0.213057 0.213143 0.213530 0.214123 0.214709 0.214964 0.214511 0.213081 0.210753 0.208244 0.207087 0.209469 0.217403 0.230929 0.245319 0.248033 0.217691
0.193616 0.140540 0.150775 0.173421 0.210398 0.229089 0.231144 0.223753 0.214133 0.206978 0.204041 0.204872 0.207913 0.211456 0.214253 0.215738 0.215955 0.215337 0.214440 0.213730 0.213464 0.213671 0.214207 0.214844 0.215365 0.215630 0.215606 0.215357 0.215007 0.214688 0.214501 0.214493 0.214650 0.214923 0.215256 0.215619 0.216022 0.216512 0.217155 0.217991 0.219001 0.220082 0.221053 0.221695 0.221819 0.221354 0.220406 0.219282 0.218424 0.218273 0.219064 0.220622 0.222260 0.222879 0.221366 0.217295 0.211773 0.208067 0.211367 0.226867 0.255445 0.286274 0.291634 0.222291 0.223499 0.192316 0.188712 0.205422 0.220475 0.227008 0.227135 0.224697 0.222613 0.222106 0.223009 0.224486 0.225678 0.226090 0.225681 0.224752 0.223735 0.222994 0.222707 0.222833 0.223178 0.223490 0.223567 0.223334 0.222864 0.222349 0.222031 0.222118 0.222713 0.223769 0.225099 0.226416 0.227419 0.227873 0.227686 0.226942 0.225884 0.224859 0.224211 0.224179 0.224810 0.225923 0.227145 0.228019 0.228159 0.227413 0.225979 0.224414 0.223495 0.223943 0.226052 0.229356 0.232493 0.233454 0.230335 0.222567 0.212329 0.205470 0.210908 0.237199 0.285207 0.337023 0.344212 0.225716 0.221794 0.387917 0.376726 0.302782 0.234285 0.196766 0.189286 0.199906 0.215967 0.228955 0.235442 0.235871 0.232659 0.228509 0.225361 0.224019 0.224292 0.225413 0.226500 0.226916 0.226443 0.225269 0.223852 0.222718 0.222276 0.222695 0.223873 0.225492 0.227124 0.228367 0.228957 0.228827 0.228116 0.227108 0.226138 0.225492 0.225318 0.225596 0.226149 0.226716 0.227044 0.226989 0.226574 0.225985 0.225506 0.225392 0.225740 0.226385 0.226907 0.226765 0.225543 0.223275 0.220670 0.219106 0.220206 0.224931 0.232348 0.238558 0.236671 0.219069 0.183201 0.141235 0.131381 0.222945 0.218271 0.190549 0.191851 0.206096 0.220315 0.229426 0.232188 0.230138 0.225803 0.221464 0.218526 0.217410 0.217773 0.218873 0.219923 0.220354 0.219938 0.218788 0.217259 0.215802 0.214823 0.214570 0.215082 0.216196 0.217606 0.218948 0.219893 0.220231 0.219909 0.219037 0.217856 0.216671 0.215773 0.215369 0.215531 0.216177 0.217096 0.218000 0.218600 0.218687 0.218185 0.217189 0.215938 0.214756 0.213959 0.213753 0.214149 0.214940 0.215739 0.216106 0.215721 0.214562 0.213022 0.211867 0.211984 0.213923 0.217315 0.220421 0.220201 0.213388 0.198993 0.182248 0.178918 0.216647
0.189478 0.193778 0.200116 0.203528 0.212125 0.216527 0.217045 0.215130 0.212419 0.210172 0.209057 0.209180 0.210257 0.211823 0.213414 0.214689 0.215482 0.215792 0.215743 0.215512 0.215273 0.215147 0.215184 0.215361 0.215606 0.215824 0.215932 0.215886 0.215689 0.215398 0.215105 0.214917 0.214928 0.215199 0.215738 0.216502 0.217399 0.218311 0.219118 0.219726 0.220086 0.220203 0.220136 0.219977 0.219822 0.219746 0.219775 0.219875 0.219965 0.219944 0.219746 0.219381 0.218972 0.218748 0.218973 0.219827 0.221251 0.222812 0.223706 0.223000 0.220252 0.216276 0.215016 0.223205 0.223680 0.274511 0.269428 0.247054 0.226258 0.214515 0.212048 0.215527 0.221083 0.225887 0.228595 0.229115 0.228099 0.226429 0.224849 0.223784 0.223328 0.223332 0.223538 0.223701 0.223676 0.223446 0.223102 0.222802 0.222704 0.222917 0.223470 0.224304 0.225291 0.226269 0.227082 0.227618 0.227834 0.227758 0.227479 0.227121 0.226809 0.226635 0.226642 0.226811 0.227077 0.227344 0.227522 0.227555 0.227438 0.227221 0.226992 0.226847 0.226854 0.227018 0.227275 0.227509 0.227599 0.227487 0.227241 0.227073 0.227294 0.228173 0.229738 0.231588 0.232854 0.232500 0.230059 0.226975 0.222856 0.366202 0.356227 0.291906 0.232344 0.199779 0.193476 0.203071 0.217506 0.229289 0.235349 0.236020 0.233392 0.229846 0.227113 0.225939 0.226186 0.227188 0.228160 0.228511 0.228015 0.226812 0.225295 0.223940 0.223145 0.223111 0.223807 0.225003 0.226359 0.227529 0.228263 0.228463 0.228194 0.227649 0.227071 0.226680 0.226596 0.226812 0.227205 0.227586 0.227773 0.227672 0.227318 0.226876 0.226580 0.226636 0.227109 0.227841 0.228456 0.228470 0.227500 0.225532 0.223121 0.221399 0.221730 0.224985 0.230520 0.235280 0.233731 0.219669 0.190894 0.157088 0.149105 0.223255 0.219038 0.240583 0.237713 0.229488 0.223918 0.222472 0.223252 0.224133 0.223998 0.222825 0.221220 0.219876 0.219204 0.219211 0.219592 0.219916 0.219829 0.219186 0.218091 0.216836 0.215796 0.215294 0.215500 0.216381 0.217711 0.219139 0.220286 0.220850 0.220688 0.219850 0.218568 0.217188 0.216080 0.215536 0.215684 0.216456 0.217594 0.218723 0.219452 0.219491 0.218751 0.217385 0.215765 0.214380 0.213686 0.213935 0.215044 0.216563 0.217775 0.217938 0.216624 0.214051 0.211251 0.209914 0.211783 0.217600 0.225858 0.231898 0.228278 0.207533 0.168312 0.124837 0.117069 0.213573
0.186746 0.266299 0.266339 0.243993 0.213257 0.198042 0.196762 0.202852 0.210126 0.214989 0.216535 0.215631 0.213797 0.212357 0.212008 0.212779 0.214233 0.215768 0.216876 0.217298 0.217062 0.216406 0.215662 0.215123 0.214955 0.215163 0.215613 0.216100 0.216432 0.216497 0.216310 0.216002 0.215775 0.215834 0.216311 0.217207 0.218379 0.219567 0.220471 0.220842 0.220573 0.219758 0.218687 0.217770 0.217412 0.217850 0.219023 0.220527 0.221693 0.221814 0.220480 0.217921 0.215202 0.214093 0.216466 0.223201 0.232834 0.240523 0.238307 0.217929 0.177361 0.131448 0.122190 0.223845 0.222996 0.336893 0.330461 0.278778 0.231222 0.205810 0.201277 0.208931 0.219906 0.228448 0.232408 0.232274 0.229793 0.226806 0.224563 0.223529 0.223523 0.224027 0.224502 0.224605 0.224272 0.223687 0.223157 0.222981 0.223333 0.224212 0.225447 0.226764 0.227872 0.228558 0.228743 0.228498 0.228014 0.227535 0.227275 0.227349 0.227735 0.228283 0.228764 0.228956 0.228731 0.228121 0.227327 0.226672 0.226485 0.226965 0.228050 0.229370 0.230310 0.230224 0.228741 0.226105 0.223363 0.222246 0.224589 0.231253 0.240784 0.248364 0.246039 0.225496 0.184571 0.137639 0.127286 0.228281 0.224642 0.333875 0.325931 0.276434 0.230698 0.205848 0.201329 0.209125 0.220635 0.229998 0.234793 0.235275 0.233104 0.230191 0.227953 0.227023 0.227311 0.228285 0.229280 0.229768 0.229503 0.228542 0.227170 0.225772 0.224703 0.224188 0.224279 0.224866 0.225730 0.226622 0.227335 0.227754 0.227876 0.227790 0.227634 0.227539 0.227584 0.227768 0.228014 0.228203 0.228225 0.228026 0.227650 0.227231 0.226959 0.227002 0.227426 0.228129 0.228832 0.229146 0.228722 0.227438 0.225570 0.223829 0.223174 0.224343 0.227167 0.229913 0.229140 0.220763 0.203033 0.181737 0.176491 0.223986 0.220679 0.263459 0.258538 0.239966 0.225528 0.219175 0.218888 0.221047 0.222952 0.223499 0.222838 0.221687 0.220730 0.220295 0.220318 0.220482 0.220431 0.219949 0.219041 0.217925 0.216932 0.216385 0.216482 0.217228 0.218431 0.219761 0.220842 0.221368 0.221181 0.220324 0.219026 0.217638 0.216538 0.216022 0.216216 0.217034 0.218196 0.219299 0.219936 0.219819 0.218887 0.217343 0.215623 0.214272 0.213768 0.214333 0.215794 0.217567 0.218795 0.218654 0.216758 0.213534 0.210380 0.209413 0.212658 0.220711 0.231206 0.237796 0.230800 0.200939 0.147322 0.089530 0.080320 0.208656
0.185589 0.334523 0.327420 0.279582 0.212451 0.179452 0.177044 0.191062 0.207963 0.219614 0.223667 0.221744 0.217098 0.212763 0.210541 0.210811 0.212874 0.215544 0.217704 0.218677 0.218351 0.217090 0.215510 0.214229 0.213662 0.213922 0.214830 0.216017 0.217075 0.217701 0.217793 0.217468 0.217009 0.216756 0.216971 0.217737 0.218912 0.220153 0.221031 0.221173 0.220418 0.218914 0.217121 0.215696 0.215281 0.216237 0.218427 0.221133 0.223196 0.223405 0.221075 0.216640 0.211991 0.210234 0.214617 0.226597 0.243438 0.256396 0.251213 0.213207 0.139020 0.055876 0.039576 0.224133 0.221746 0.369221 0.361865 0.295384 0.234467 0.202217 0.196515 0.205971 0.219305 0.229424 0.233875 0.233472 0.230473 0.227119 0.224823 0.223997 0.224290 0.225014 0.225536 0.225526 0.225016 0.224319 0.223847 0.223936 0.224714 0.226064 0.227670 0.229128 0.230079 0.230326 0.229889 0.228998 0.228012 0.227309 0.227156 0.227621 0.228544 0.229581 0.230314 0.230397 0.229698 0.228375 0.226871 0.225789 0.225689 0.226845 0.229048 0.231555 0.233244 0.232998 0.230253 0.225537 0.220756 0.218915 0.223069 0.234479 0.250380 0.262345 0.256872 0.220274 0.149745 0.070644 0.055496 0.229489 0.226805 0.293690 0.288502 0.257771 0.229537 0.214444 0.212116 0.217463 0.224998 0.230968 0.233825 0.233772 0.231950 0.229686 0.227988 0.227328 0.227667 0.228627 0.229702 0.230446 0.230599 0.230118 0.229146 0.227942 0.226783 0.225896 0.225407 0.225330 0.225585 0.226041 0.226557 0.227024 0.227385 0.227636 0.227812 0.227962 0.228118 0.228281 0.228413 0.228455 0.228348 0.228064 0.227636 0.227154 0.226759 0.226599 0.226773 0.227283 0.228002 0.228680 0.229008 0.228720 0.227714 0.226152 0.224458 0.223195 0.222790 0.223177 0.223532 0.222402 0.218565 0.212887 0.210940 0.225020 0.222888 0.252734 0.248490 0.234752 0.224859 0.220620 0.220455 0.221840 0.223002 0.223297 0.222902 0.222307 0.221910 0.221833 0.221939 0.221958 0.221654 0.220940 0.219914 0.218820 0.217959 0.217581 0.217802 0.218562 0.219645 0.220739 0.221527 0.221771 0.221388 0.220463 0.219233 0.218020 0.217140 0.216814 0.217103 0.217882 0.218870 0.219705 0.220047 0.219689 0.218635 0.217122 0.215567 0.214455 0.214170 0.214843 0.216240 0.217783 0.218693 0.218289 0.216345 0.213396 0.210828 0.210574 0.214308 0.222201 0.231566 0.236071 0.226568 0.194814 0.141048 0.085122 0.077793 0.202554
0.185858 0.373930 0.360683 0.294599 0.208630 0.167132 0.165111 0.184105 0.206565 0.221978 0.227332 0.224766 0.218547 0.212666 0.209518 0.209637 0.212136 0.215474 0.218180 0.219348 0.218812 0.217033 0.214827 0.213028 0.212218 0.212582 0.213912 0.215727 0.217466 0.218674 0.219142 0.218945 0.218388 0.217879 0.217770 0.218221 0.219129 0.220154 0.220835 0.220758 0.219742 0.217954 0.215920 0.214392 0.214101 0.215446 0.218230 0.221570 0.224062 0.224261 0.221372 0.215972 0.210404 0.208473 0.214121 0.229046 0.249763 0.265393 0.258310 0.210469 0.117931 0.014541 0.000000 0.224074 0.220441 0.369091 0.361526 0.295651 0.235520 0.203687 0.197870 0.206783 0.219406 0.228931 0.233095 0.232766 0.230129 0.227275 0.225459 0.224970 0.225411 0.226117 0.226533 0.226424 0.225909 0.225340 0.225123 0.225535 0.226620 0.228169 0.229796 0.231070 0.231654 0.231419 0.230483 0.229176 0.227942 0.227195 0.227189 0.227928 0.229151 0.230409 0.231199 0.231141 0.230133 0.228427 0.226597 0.225385 0.225442 0.227048 0.229896 0.233050 0.235148 0.234873 0.231593 0.225988 0.220343 0.218194 0.223067 0.236320 0.254581 0.267924 0.260657 0.217120 0.134542 0.042942 0.026714 0.230471 0.228934 0.248223 0.246396 0.237083 0.228755 0.224697 0.224739 0.227135 0.229973 0.231925 0.232461 0.231727 0.230266 0.228719 0.227605 0.227201 0.227522 0.228374 0.229452 0.230433 0.231062 0.231201 0.230839 0.230075 0.229077 0.228039 0.227133 0.226480 0.226133 0.226083 0.226268 0.226605 0.227003 0.227391 0.227724 0.227985 0.228173 0.228294 0.228347 0.228318 0.228179 0.227900 0.227470 0.226916 0.226317 0.225803 0.225534 0.225660 0.226253 0.227251 0.228411 0.229310 0.229419 0.228257 0.225624 0.221855 0.218017 0.215891 0.217584 0.224592 0.236284 0.248018 0.249640 0.226136 0.225148 0.213135 0.212028 0.216318 0.222399 0.226302 0.227302 0.226128 0.224070 0.222284 0.221423 0.221576 0.222401 0.223366 0.223973 0.223925 0.223182 0.221941 0.220545 0.219362 0.218680 0.218630 0.219164 0.220081 0.221090 0.221890 0.222251 0.222066 0.221377 0.220355 0.219254 0.218339 0.217819 0.217788 0.218198 0.218873 0.219551 0.219957 0.219881 0.219246 0.218141 0.216811 0.215595 0.214826 0.214724 0.215295 0.216296 0.217277 0.217715 0.217226 0.215789 0.213905 0.212572 0.213005 0.216037 0.221304 0.226446 0.226813 0.216319 0.190190 0.150064 0.111035 0.108173 0.196238
0.187153 0.367215 0.350412 0.278332 0.201446 0.165895 0.166214 0.185045 0.206263 0.220447 0.225144 0.222591 0.216877 0.211709 0.209229 0.209811 0.212514 0.215817 0.218322 0.219203 0.218363 0.216319 0.213919 0.212019 0.211211 0.211690 0.213243 0.215378 0.217506 0.219130 0.219982 0.220075 0.219659 0.219108 0.218768 0.218832 0.219265 0.219815 0.220113 0.219822 0.218799 0.217199 0.215489 0.214325 0.214333 0.215827 0.218580 0.221744 0.224022 0.224103 0.221313 0.216261 0.211194 0.209687 0.215379 0.229743 0.249358 0.263869 0.256671 0.210911 0.123156 0.025265 0.006702 0.223755 0.219645 0.341876 0.334992 0.282300 0.234428 0.208946 0.203987 0.210619 0.220208 0.227489 0.230759 0.230716 0.229026 0.227230 0.226205 0.226097 0.226564 0.227112 0.227374 0.227251 0.226904 0.226649 0.226789 0.227489 0.228697 0.230161 0.231508 0.232369 0.232499 0.231858 0.230633 0.229186 0.227949 0.227295 0.227416 0.228260 0.229532 0.230772 0.231499 0.231373 0.230332 0.228656 0.226919 0.225835 0.226012 0.227689 0.230544 0.233666 0.235761 0.235595 0.232593 0.227407 0.222171 0.220155 0.224577 0.236623 0.253106 0.264842 0.257455 0.216758 0.140557 0.056778 0.042907 0.231149 0.230662 0.200342 0.202288 0.215559 0.228091 0.235483 0.237835 0.236979 0.234803 0.232545 0.230735 0.229428 0.228491 0.227802 0.227334 0.227143 0.227306 0.227854 0.228727 0.229776 0.230791 0.231561 0.231921 0.231796 0.231218 0.230307 0.229244 0.228221 0.227401 0.226881 0.226681 0.226751 0.226994 0.227300 0.227574 0.227763 0.227860 0.227889 0.227888 0.227877 0.227837 0.227707 0.227401 0.226851 0.226053 0.225114 0.224263 0.223822 0.224106 0.225282 0.227212 0.229338 0.230698 0.230140 0.226785 0.220685 0.213510 0.208903 0.211961 0.227233 0.254745 0.284235 0.289401 0.227089 0.226891 0.157975 0.161487 0.191064 0.219179 0.234459 0.237194 0.232465 0.225750 0.220741 0.218854 0.219723 0.222053 0.224421 0.225805 0.225806 0.224600 0.222730 0.220854 0.219519 0.219017 0.219353 0.220290 0.221451 0.222446 0.222975 0.222902 0.222265 0.221252 0.220132 0.219178 0.218596 0.218471 0.218755 0.219283 0.219828 0.220156 0.220098 0.219593 0.218702 0.217596 0.216507 0.215664 0.215220 0.215211 0.215535 0.215987 0.216322 0.216352 0.216030 0.215503 0.215082 0.215123 0.215822 0.216972 0.217759 0.216739 0.212113 0.202424 0.187676 0.170693 0.158225 0.160926 0.190743
0.188934 0.310725 0.293793 0.229341 0.191560 0.177247 0.181666 0.194492 0.206936 0.214414 0.216331 0.214539 0.211622 0.209650 0.209595 0.211337 0.214028 0.216596 0.218169 0.218337 0.217203 0.215267 0.213217 0.211701 0.211150 0.211688 0.213142 0.215131 0.217196 0.218933 0.220092 0.220616 0.220622 0.220331 0.219972 0.219704 0.219559 0.219450 0.219216 0.218714 0.217907 0.216921 0.216043 0.215652 0.216074 0.217425 0.219477 0.221633 0.223052 0.222941 0.220966 0.217647 0.214542 0.214010 0.218349 0.228343 0.241522 0.250923 0.245647 0.214877 0.156793 0.092176 0.080457 0.223327 0.219786 0.298822 0.293461 0.261002 0.231726 0.215931 0.212509 0.216103 0.221579 0.225844 0.227917 0.228201 0.227626 0.227017 0.226805 0.227016 0.227434 0.227803 0.227972 0.227959 0.227922 0.228068 0.228557 0.229424 0.230550 0.231699 0.232580 0.232947 0.232675 0.231805 0.230547 0.229221 0.228173 0.227679 0.227857 0.228627 0.229728 0.230783 0.231415 0.231367 0.230602 0.229349 0.228054 0.227265 0.227439 0.228758 0.230980 0.233427 0.235140 0.235205 0.233185 0.229534 0.225774 0.224239 0.227221 0.235546 0.246913 0.254759 0.248865 0.219237 0.164534 0.104949 0.095842 0.231505 0.231752 0.153804 0.159624 0.194761 0.227322 0.245551 0.249909 0.245776 0.238760 0.232585 0.228768 0.227216 0.227073 0.227418 0.227656 0.227619 0.227459 0.227457 0.227844 0.228688 0.229873 0.231148 0.232218 0.232836 0.232877 0.232360 0.231432 0.230314 0.229237 0.228380 0.227829 0.227574 0.227528 0.227568 0.227586 0.227527 0.227401 0.227274 0.227226 0.227308 0.227494 0.227668 0.227645 0.227232 0.226322 0.224980 0.223499 0.222375 0.222178 0.223333 0.225844 0.229068 0.231658 0.231830 0.228036 0.220004 0.209897 0.203035 0.207287 0.230087 0.272147 0.318050 0.326427 0.227693 0.227688 0.104305 0.112565 0.166950 0.216390 0.242734 0.247164 0.238905 0.227477 0.219074 0.215920 0.217275 0.220957 0.224686 0.226907 0.227084 0.225554 0.223166 0.220868 0.219379 0.219018 0.219690 0.220995 0.222405 0.223435 0.223781 0.223379 0.222388 0.221118 0.219923 0.219094 0.218785 0.218982 0.219518 0.220135 0.220565 0.220604 0.220175 0.219335 0.218257 0.217170 0.216281 0.215715 0.215477 0.215460 0.215501 0.215465 0.215317 0.215168 0.215233 0.215719 0.216641 0.217639 0.217908 0.216330 0.211909 0.204470 0.195427 0.188162 0.187331 0.196304 0.212286 0.219915 0.186896
0.190652 0.217015 0.203201 0.157123 0.180634 0.198568 0.207987 0.210134 0.207998 0.204620 0.202181 0.201739 0.203358 0.206447 0.210132 0.213565 0.216127 0.217514 0.217731 0.217018 0.215752 0.214342 0.213147 0.212424 0.212300 0.212782 0.213777 0.215127 0.216646 0.218148 0.219474 0.220503 0.221161 0.221421 0.221297 0.220845 0.220152 0.219330 0.218507 0.217816 0.217374 0.217268 0.217536 0.218148 0.219004 0.219944 0.220774 0.221305 0.221416 0.221106 0.220531 0.220002 0.219932 0.220710 0.222516 0.225121 0.227733 0.229007 0.227353 0.221672 0.212542 0.202827 0.202122 0.222967 0.221013 0.253839 0.250545 0.238735 0.228291 0.222397 0.220764 0.221622 0.223284 0.224742 0.225671 0.226166 0.226465 0.226755 0.227104 0.227483 0.227827 0.228094 0.228304 0.228531 0.228869 0.229394 0.230121 0.230984 0.231852 0.232553 0.232928 0.232871 0.232367 0.231505 0.230461 0.229456 0.228708 0.228375 0.228513 0.229058 0.229842 0.230632 0.231200 0.231382 0.231140 0.230579 0.229930 0.229485 0.229503 0.230114 0.231238 0.232573 0.233661 0.234036 0.233431 0.231978 0.230299 0.229411 0.230344 0.233512 0.237950 0.240802 0.237576 0.223880 0.199206 0.172717 0.169293 0.231587 0.232156 0.113551 0.122905 0.176840 0.226426 0.253684 0.259510 0.252432 0.241310 0.231998 0.226813 0.225456 0.226367 0.227870 0.228837 0.228895 0.228276 0.227518 0.227156 0.227505 0.228579 0.230132 0.231772 0.233107 0.233857 0.233922 0.233381 0.232441 0.231358 0.230356 0.229566 0.229013 0.228628 0.228300 0.227938 0.227509 0.227069 0.226733 0.226634 0.226848 0.227337 0.227921 0.228304 0.228164 0.227274 0.225643 0.223603 0.221796 0.221025 0.221964 0.224782 0.228810 0.232420 0.233320 0.229383 0.220011 0.207691 0.199030 0.204123 0.232773 0.286356 0.345383 0.356298 0.227889 0.227393 0.067329 0.079170 0.150865 0.214983 0.248949 0.254499 0.243658 0.228738 0.217703 0.213402 0.214898 0.219430 0.224124 0.227034 0.227483 0.225878 0.223244 0.220714 0.219128 0.218838 0.219704 0.221236 0.222816 0.223901 0.224178 0.223618 0.222448 0.221046 0.219814 0.219054 0.218894 0.219263 0.219932 0.220593 0.220956 0.220840 0.220216 0.219206 0.218038 0.216963 0.216166 0.215711 0.215520 0.215427 0.215266 0.214972 0.214657 0.214601 0.215122 0.216359 0.218005 0.219128 0.218227 0.213684 0.204656 0.192265 0.180616 0.176792 0.188662 0.219314 0.257796 0.268299 0.185096
0.191872 0.112437 0.103812 0.080373 0.171005 0.223569 0.237533 0.227169 0.208550 0.193069 0.185859 0.186980 0.193643 0.202299 0.210059 0.215324 0.217775 0.217992 0.216949 0.215581 0.214518 0.214011 0.214002 0.214273 0.214602 0.214872 0.215111 0.215451 0.216058 0.217035 0.218360 0.219863 0.221260 0.222240 0.222554 0.222112 0.221027 0.219606 0.218270 0.217443 0.217413 0.218230 0.219662 0.221250 0.222447 0.222811 0.222205 0.220914 0.219620 0.219186 0.220280 0.222935 0.226229 0.228310 0.226990 0.220962 0.211439 0.203552 0.206332 0.229680 0.276739 0.330209 0.341990 0.222839 0.223129 0.219856 0.218651 0.221936 0.225123 0.226527 0.226476 0.225747 0.225030 0.224711 0.224865 0.225367 0.226012 0.226626 0.227109 0.227457 0.227733 0.228030 0.228429 0.228978 0.229670 0.230452 0.231236 0.231921 0.232417 0.232660 0.232626 0.232332 0.231834 0.231214 0.230570 0.229996 0.229573 0.229356 0.229368 0.229598 0.230007 0.230528 0.231082 0.231584 0.231962 0.232163 0.232173 0.232016 0.231761 0.231511 0.231389 0.231506 0.231927 0.232637 0.233512 0.234314 0.234724 0.234418 0.233193 0.231119 0.228674 0.226788 0.226689 0.229439 0.235079 0.241468 0.243080 0.231500 0.232021 0.085359 0.097387 0.164419 0.225656 0.258884 0.265439 0.256158 0.242224 0.230979 0.225241 0.224482 0.226561 0.229191 0.230825 0.230927 0.229803 0.228215 0.226969 0.226616 0.227318 0.228873 0.230845 0.232735 0.234141 0.234846 0.234842 0.234288 0.233423 0.232477 0.231602 0.230844 0.230160 0.229467 0.228704 0.227884 0.227109 0.226554 0.226395 0.226733 0.227516 0.228510 0.229329 0.229533 0.228793 0.227052 0.224646 0.222310 0.221008 0.221605 0.224422 0.228827 0.233058 0.234517 0.230699 0.220736 0.207223 0.197477 0.202913 0.234831 0.295127 0.361969 0.374399 0.227771 0.226203 0.055792 0.069193 0.146540 0.215367 0.251757 0.257556 0.245643 0.229241 0.216954 0.211924 0.213222 0.217941 0.223008 0.226311 0.227069 0.225654 0.223105 0.220589 0.218990 0.218690 0.219562 0.221120 0.222735 0.223855 0.224160 0.223618 0.222456 0.221057 0.219825 0.219068 0.218911 0.219282 0.219949 0.220606 0.220966 0.220848 0.220226 0.219224 0.218064 0.216985 0.216165 0.215658 0.215394 0.215227 0.215025 0.214771 0.214608 0.214806 0.215612 0.217005 0.218438 0.218712 0.216133 0.209121 0.197274 0.182681 0.170911 0.170663 0.190775 0.233333 0.282713 0.293359 0.185222
0.192358 0.029959 0.026758 0.021994 0.165075 0.243995 0.260568 0.239630 0.207646 0.182529 0.171598 0.174006 0.184644 0.197631 0.208540 0.215249 0.217739 0.217312 0.215693 0.214312 0.213926 0.214580 0.215821 0.217018 0.217666 0.217577 0.216919 0.216119 0.215680 0.215984 0.217147 0.218969 0.220996 0.222663 0.223488 0.223234 0.222012 0.220261 0.218631 0.217769 0.218097 0.219632 0.221934 0.224205 0.225549 0.225322 0.223461 0.220663 0.218276 0.217866 0.220486 0.225881 0.231957 0.234963 0.230739 0.217145 0.197196 0.181600 0.188415 0.236784 0.331842 0.439558 0.461854 0.223056 0.225640 0.205608 0.205895 0.214901 0.223101 0.227384 0.228334 0.227584 0.226535 0.225920 0.225868 0.226169 0.226549 0.226829 0.226985 0.227111 0.227344 0.227791 0.228479 0.229351 0.230283 0.231134 0.231781 0.232156 0.232258 0.232141 0.231891 0.231602 0.231340 0.231136 0.230983 0.230852 0.230708 0.230544 0.230384 0.230292 0.230356 0.230652 0.231216 0.232008 0.232906 0.233714 0.234211 0.234216 0.233664 0.232666 0.231525 0.230688 0.230623 0.231638 0.233679 0.236189 0.238108 0.238108 0.235107 0.229008 0.221466 0.216301 0.218966 0.234402 0.262769 0.293286 0.298029 0.231392 0.231641 0.074733 0.088068 0.160090 0.225485 0.260556 0.266977 0.256615 0.241627 0.229931 0.224475 0.224539 0.227634 0.231132 0.233249 0.233358 0.231814 0.229518 0.227461 0.226371 0.226542 0.227845 0.229854 0.232032 0.233900 0.235153 0.235698 0.235623 0.235118 0.234386 0.233574 0.232741 0.231869 0.230909 0.229839 0.228715 0.227684 0.226956 0.226736 0.227138 0.228105 0.229377 0.230519 0.231031 0.230519 0.228871 0.226397 0.223838 0.222206 0.222450 0.224985 0.229264 0.233564 0.235259 0.231750 0.222032 0.208582 0.198694 0.203917 0.235827 0.296580 0.364237 0.376864 0.227557 0.224618 0.069654 0.082416 0.153600 0.217305 0.250984 0.256193 0.244771 0.229005 0.216995 0.211806 0.212691 0.216997 0.221848 0.225200 0.226228 0.225189 0.222989 0.220699 0.219161 0.218777 0.219483 0.220866 0.222365 0.223465 0.223842 0.223433 0.222415 0.221119 0.219917 0.219107 0.218837 0.219074 0.219637 0.220254 0.220659 0.220660 0.220194 0.219336 0.218258 0.217173 0.216264 0.215627 0.215262 0.215093 0.215034 0.215050 0.215196 0.215578 0.216244 0.217000 0.217238 0.215881 0.211578 0.203268 0.191110 0.177556 0.168072 0.170597 0.192633 0.234917 0.281654 0.289966 0.186675
0.192093 0.000000 0.000000 0.002002 0.164563 0.252191 0.268307 0.242263 0.204642 0.175728 0.163451 0.166415 0.178523 0.193020 0.204993 0.212252 0.214995 0.214846 0.213783 0.213327 0.214143 0.216056 0.218346 0.220159 0.220879 0.220341 0.218859 0.217079 0.215736 0.215396 0.216272 0.218157 0.220505 0.222612 0.223855 0.223903 0.222835 0.221135 0.219535 0.218777 0.219331 0.221194 0.223825 0.226280 0.227522 0.226850 0.224279 0.220741 0.217925 0.217722 0.221320 0.228237 0.235709 0.238972 0.232882 0.214974 0.189351 0.169763 0.179021 0.240984 0.361564 0.498471 0.526125 0.223646 0.227902 0.213654 0.214292 0.218820 0.222770 0.225106 0.226272 0.226970 0.227588 0.228148 0.228488 0.228469 0.228093 0.227523 0.227004 0.226778 0.226988 0.227643 0.228623 0.229721 0.230716 0.231432 0.231786 0.231799 0.231577 0.231273 0.231039 0.230974 0.231107 0.231386 0.231703 0.231934 0.231983 0.231821 0.231504 0.231164 0.230979 0.231112 0.231653 0.232576 0.233713 0.234785 0.235466 0.235484 0.234732 0.233350 0.231745 0.230528 0.230332 0.231573 0.234178 0.237397 0.239823 0.239717 0.235697 0.227719 0.218067 0.211841 0.216187 0.237411 0.275356 0.315405 0.320714 0.231426 0.231371 0.085213 0.098146 0.165592 0.226433 0.258661 0.264083 0.254011 0.239956 0.229348 0.224872 0.225711 0.229368 0.233233 0.235528 0.235625 0.233878 0.231206 0.228643 0.226989 0.226625 0.227505 0.229269 0.231409 0.233441 0.235018 0.235982 0.236344 0.236227 0.235785 0.235142 0.234360 0.233446 0.232385 0.231192 0.229951 0.228825 0.228025 0.227756 0.228125 0.229081 0.230374 0.231591 0.232250 0.231962 0.230593 0.228398 0.226031 0.224412 0.224420 0.226473 0.230127 0.233874 0.235372 0.232269 0.223615 0.211565 0.202610 0.207105 0.235497 0.289834 0.350517 0.361875 0.227519 0.223285 0.100681 0.111130 0.168015 0.220037 0.247577 0.251676 0.241895 0.228341 0.217817 0.213018 0.213465 0.217010 0.221232 0.224337 0.225521 0.224894 0.223154 0.221192 0.219753 0.219239 0.219665 0.220735 0.221995 0.222994 0.223419 0.223163 0.222329 0.221173 0.220012 0.219129 0.218697 0.218745 0.219156 0.219718 0.220186 0.220354 0.220108 0.219452 0.218501 0.217438 0.216464 0.215741 0.215353 0.215295 0.215490 0.215823 0.216166 0.216383 0.216303 0.215647 0.213976 0.210688 0.205174 0.197157 0.187246 0.177535 0.171943 0.175711 0.193364 0.224470 0.257251 0.261824 0.188569
0.191254 0.034506 0.035704 0.030288 0.169844 0.243831 0.256082 0.232470 0.199492 0.174458 0.163920 0.166459 0.176758 0.189085 0.199391 0.205980 0.209149 0.210309 0.211057 0.212499 0.214967 0.218075 0.221035 0.223034 0.223566 0.222600 0.220572 0.218224 0.216351 0.215556 0.216072 0.217712 0.219946 0.222087 0.223517 0.223888 0.223239 0.221984 0.220774 0.220269 0.220883 0.222600 0.224922 0.226993 0.227898 0.227047 0.224527 0.221260 0.218844 0.219009 0.222771 0.229540 0.236582 0.239334 0.232979 0.215357 0.190616 0.172041 0.181366 0.241061 0.356295 0.487623 0.513611 0.224548 0.229329 0.240060 0.239632 0.231672 0.224211 0.220789 0.221396 0.224466 0.228103 0.230861 0.232058 0.231729 0.230396 0.228760 0.227444 0.226834 0.227023 0.227854 0.229016 0.230163 0.231017 0.231436 0.231425 0.231117 0.230717 0.230431 0.230411 0.230710 0.231279 0.231982 0.232641 0.233092 0.233231 0.233052 0.232650 0.232197 0.231898 0.231924 0.232359 0.233160 0.234148 0.235049 0.235566 0.235475 0.234719 0.233474 0.232140 0.231263 0.231365 0.232725 0.235164 0.237919 0.239710 0.239067 0.234953 0.227579 0.219165 0.214224 0.218746 0.237665 0.270192 0.303466 0.306850 0.231754 0.231526 0.116548 0.127339 0.180897 0.228810 0.253797 0.257509 0.249110 0.237847 0.229645 0.226574 0.227868 0.231402 0.234967 0.237059 0.237138 0.235497 0.232929 0.230349 0.228494 0.227756 0.228168 0.229472 0.231264 0.233121 0.234715 0.235856 0.236493 0.236678 0.236507 0.236072 0.235433 0.234620 0.233649 0.232559 0.231438 0.230424 0.229689 0.229392 0.229617 0.230320 0.231311 0.232269 0.232827 0.232680 0.231720 0.230128 0.228390 0.227190 0.227181 0.228665 0.231295 0.233922 0.234771 0.232072 0.225142 0.215670 0.208664 0.212070 0.233880 0.275624 0.322229 0.330962 0.227886 0.222794 0.135713 0.143209 0.183766 0.222575 0.243190 0.246137 0.238443 0.227730 0.219262 0.215238 0.215408 0.218168 0.221623 0.224299 0.225466 0.225123 0.223768 0.222101 0.220751 0.220101 0.220228 0.220942 0.221896 0.222712 0.223096 0.222915 0.222209 0.221163 0.220040 0.219105 0.218548 0.218440 0.218723 0.219231 0.219742 0.220041 0.219976 0.219503 0.218695 0.217722 0.216802 0.216142 0.215875 0.216012 0.216426 0.216866 0.217006 0.216499 0.215051 0.212468 0.208691 0.203810 0.198080 0.191963 0.186196 0.181883 0.180505 0.183699 0.192545 0.206119 0.219273 0.220225 0.190016
0.190131 0.130415 0.128913 0.101544 0.179572 0.219946 0.225644 0.211667 0.192914 0.178858 0.172900 0.174112 0.179585 0.186346 0.192428 0.197133 0.200737 0.203958 0.207447 0.211467 0.215815 0.219936 0.223167 0.224983 0.225182 0.223948 0.221797 0.219423 0.217503 0.216524 0.216665 0.217778 0.219463 0.221200 0.222522 0.223153 0.223089 0.222582 0.222051 0.221916 0.222440 0.223602 0.225070 0.226294 0.226709 0.225986 0.224257 0.222203 0.220917 0.221524 0.224605 0.229607 0.234518 0.236141 0.231220 0.218454 0.200972 0.188171 0.195109 0.237065 0.317118 0.408821 0.426377 0.225617 0.229606 0.275814 0.273029 0.248979 0.227028 0.216100 0.215599 0.221159 0.228143 0.233393 0.235645 0.235154 0.233004 0.230454 0.228476 0.227560 0.227711 0.228596 0.229745 0.230726 0.231269 0.231308 0.230962 0.230464 0.230072 0.229987 0.230302 0.230988 0.231907 0.232865 0.233664 0.234159 0.234293 0.234108 0.233728 0.233320 0.233047 0.233015 0.233246 0.233669 0.234135 0.234472 0.234534 0.234267 0.233740 0.233148 0.232771 0.232883 0.233648 0.235010 0.236631 0.237910 0.238113 0.236625 0.233268 0.228630 0.224236 0.222407 0.225610 0.235208 0.249681 0.262735 0.262464 0.232489 0.232279 0.163397 0.170687 0.203536 0.232490 0.247171 0.248794 0.243137 0.235980 0.230992 0.229405 0.230657 0.233320 0.235919 0.237438 0.237496 0.236281 0.234329 0.232282 0.230684 0.229862 0.229891 0.230642 0.231857 0.233240 0.234534 0.235559 0.236233 0.236549 0.236549 0.236295 0.235844 0.235244 0.234534 0.233757 0.232974 0.232266 0.231721 0.231418 0.231395 0.231628 0.232016 0.232398 0.232593 0.232458 0.231953 0.231189 0.230424 0.230002 0.230225 0.231179 0.232581 0.233715 0.233561 0.231172 0.226301 0.220134 0.215780 0.217991 0.231396 0.256666 0.284603 0.289793 0.228753 0.223465 0.161517 0.166609 0.195138 0.224092 0.239557 0.241756 0.235869 0.227635 0.221092 0.217977 0.218144 0.220372 0.223172 0.225359 0.226316 0.226009 0.224819 0.223311 0.222013 0.221267 0.221166 0.221579 0.222228 0.222796 0.223022 0.222776 0.222075 0.221068 0.219983 0.219058 0.218476 0.218317 0.218541 0.219005 0.219504 0.219832 0.219840 0.219480 0.218823 0.218038 0.217344 0.216937 0.216916 0.217222 0.217620 0.217718 0.217056 0.215220 0.211986 0.207432 0.202003 0.196463 0.191746 0.188690 0.187733 0.188643 0.190418 0.191500 0.190379 0.186578 0.181805 0.180709 0.190414
0.189034 0.257473 0.250889 0.194429 0.190800 0.187457 0.185672 0.185533 0.186331 0.187146 0.187328 0.186745 0.185772 0.185104 0.185489 0.187481 0.191273 0.196653 0.203058 0.209721 0.215837 0.220735 0.223995 0.225508 0.225459 0.224259 0.222443 0.220545 0.219003 0.218090 0.217888 0.218311 0.219155 0.220174 0.221144 0.221922 0.222464 0.222815 0.223078 0.223353 0.223696 0.224089 0.224440 0.224621 0.224536 0.224186 0.223714 0.223405 0.223609 0.224600 0.226397 0.228612 0.230413 0.230680 0.228439 0.223521 0.217299 0.213135 0.215980 0.230463 0.256917 0.287355 0.292333 0.226665 0.228825 0.309567 0.303709 0.265211 0.230455 0.212744 0.210955 0.218322 0.227905 0.235151 0.238345 0.237919 0.235380 0.232374 0.230083 0.229023 0.229104 0.229878 0.230794 0.231421 0.231556 0.231239 0.230687 0.230185 0.229982 0.230218 0.230890 0.231870 0.232955 0.233934 0.234644 0.235012 0.235061 0.234891 0.234635 0.234412 0.234285 0.234246 0.234222 0.234114 0.233840 0.233392 0.232857 0.232413 0.232288 0.232678 0.233658 0.235112 0.236711 0.237968 0.238384 0.237638 0.235791 0.233381 0.231336 0.230629 0.231695 0.233782 0.234624 0.230994 0.220767 0.206853 0.202418 0.233681 0.233610 0.215216 0.218452 0.228497 0.236785 0.240443 0.240065 0.237590 0.234909 0.233200 0.232825 0.233532 0.234761 0.235932 0.236625 0.236664 0.236101 0.235149 0.234084 0.233170 0.232592 0.232435 0.232681 0.233233 0.233952 0.234694 0.235335 0.235794 0.236036 0.236068 0.235929 0.235672 0.235352 0.235013 0.234684 0.234375 0.234081 0.233790 0.233485 0.233152 0.232788 0.232403 0.232021 0.231682 0.231438 0.231347 0.231460 0.231800 0.232343 0.232992 0.233564 0.233797 0.233390 0.232095 0.229843 0.226909 0.224039 0.222470 0.223692 0.228829 0.237532 0.246477 0.247974 0.230019 0.225206 0.169613 0.173787 0.198852 0.224251 0.237868 0.239964 0.235115 0.228325 0.223056 0.220738 0.221163 0.223223 0.225617 0.227342 0.227918 0.227372 0.226084 0.224570 0.223293 0.222531 0.222339 0.222573 0.222974 0.223263 0.223228 0.222777 0.221958 0.220926 0.219893 0.219068 0.218592 0.218508 0.218751 0.219171 0.219582 0.219814 0.219771 0.219453 0.218965 0.218476 0.218163 0.218135 0.218363 0.218639 0.218594 0.217756 0.215678 0.212093 0.207062 0.201079 0.195055 0.190169 0.187557 0.187882 0.190890 0.195107 0.197908 0.196174 0.187707 0.173342 0.159295 0.158621 0.189658
0.188200 0.370086 0.358091 0.276134 0.199640 0.157751 0.149952 0.162805 0.181549 0.195957 0.201785 0.199638 0.192839 0.185358 0.180363 0.179525 0.182985 0.189743 0.198215 0.206777 0.214152 0.219600 0.222933 0.224392 0.224465 0.223707 0.222599 0.221479 0.220531 0.219818 0.219341 0.219090 0.219072 0.219316 0.219847 0.220655 0.221665 0.222732 0.223667 0.224277 0.224434 0.224130 0.223500 0.222809 0.222380 0.222494 0.223271 0.224591 0.226087 0.227250 0.227621 0.227056 0.225925 0.225148 0.225917 0.229041 0.234022 0.238206 0.236673 0.223826 0.197622 0.166800 0.159516 0.227500 0.227500 0.330976 0.322256 0.275449 0.233570 0.211923 0.209082 0.217025 0.227668 0.235811 0.239556 0.239416 0.237049 0.234190 0.232029 0.231019 0.231008 0.231517 0.232031 0.232204 0.231948 0.231400 0.230830 0.230515 0.230637 0.231232 0.232188 0.233296 0.234325 0.235090 0.235509 0.235610 0.235510 0.235360 0.235283 0.235325 0.235428 0.235452 0.235228 0.234633 0.233663 0.232479 0.231400 0.230830 0.231135 0.232495 0.234772 0.237467 0.239785 0.240857 0.240067 0.237404 0.233703 0.230588 0.229978 0.233121 0.239322 0.244881 0.243126 0.226684 0.193141 0.154249 0.146477 0.235300 0.235300 0.257801 0.257541 0.248951 0.240517 0.235428 0.233672 0.233956 0.234932 0.235725 0.236013 0.235862 0.235509 0.235185 0.235022 0.235038 0.235172 0.235329 0.235435 0.235453 0.235394 0.235300 0.235219 0.235188 0.235215 0.235284 0.235360 0.235405 0.235397 0.235335 0.235245 0.235171 0.235155 0.235222 0.235363 0.235525 0.235621 0.235547 0.235208 0.234557 0.233620 0.232505 0.231400 0.230537 0.230136 0.230345 0.231171 0.232457 0.233877 0.235002 0.235409 0.234817 0.233217 0.230941 0.228614 0.226962 0.226483 0.227079 0.227828 0.227183 0.223907 0.218880 0.217522 0.231400 0.227500 0.159347 0.164447 0.195215 0.223351 0.238391 0.240965 0.236279 0.229752 0.224936 0.223134 0.223942 0.226111 0.228314 0.229629 0.229714 0.228735 0.227166 0.225548 0.224304 0.223633 0.223500 0.223695 0.223933 0.223958 0.223616 0.222892 0.221899 0.220830 0.219896 0.219262 0.219002 0.219083 0.219384 0.219736 0.219980 0.220017 0.219840 0.219536 0.219252 0.219140 0.219275 0.219600 0.219884 0.219743 0.218709 0.216355 0.212447 0.207085 0.200788 0.194473 0.189305 0.186409 0.186493 0.189462 0.194179 0.198503 0.199764 0.195709 0.185827 0.172674 0.162587 0.164837 0.188200
0.187742 0.419977 0.404703 0.312057 0.202412 0.143327 0.133338 0.152720 0.180226 0.201319 0.210058 0.207330 0.197761 0.186799 0.178733 0.175806 0.178228 0.184754 0.193450 0.202396 0.210156 0.215972 0.219724 0.221740 0.222550 0.222670 0.222472 0.222142 0.221717 0.221174 0.220513 0.219808 0.219221 0.218953 0.219170 0.219931 0.221139 0.222541 0.223789 0.224545 0.224596 0.223952 0.222878 0.221840 0.221363 0.221835 0.223320 0.225447 0.227462 0.228465 0.227822 0.225620 0.222985 0.221997 0.224989 0.233154 0.244731 0.253510 0.248998 0.220055 0.163714 0.096385 0.082217 0.227985 0.226426 0.333743 0.323415 0.276851 0.235559 0.213967 0.210648 0.217812 0.227709 0.235415 0.239165 0.239439 0.237730 0.235558 0.233912 0.233123 0.233017 0.233186 0.233245 0.232999 0.232481 0.231894 0.231503 0.231520 0.232021 0.232928 0.234037 0.235093 0.235874 0.236258 0.236260 0.236009 0.235705 0.235540 0.235619 0.235922 0.236291 0.236482 0.236249 0.235446 0.234119 0.232536 0.231161 0.230536 0.231106 0.233028 0.236030 0.239377 0.242007 0.242848 0.241254 0.237442 0.232735 0.229403 0.229907 0.235564 0.244896 0.252370 0.248696 0.224183 0.176507 0.122938 0.113723 0.237232 0.236999 0.276534 0.274507 0.257827 0.242311 0.233711 0.231667 0.233390 0.236037 0.237795 0.238052 0.237078 0.235552 0.234168 0.233390 0.233375 0.234013 0.235038 0.236140 0.237062 0.237648 0.237852 0.237715 0.237330 0.236806 0.236239 0.235699 0.235235 0.234880 0.234659 0.234595 0.234705 0.234992 0.235426 0.235938 0.236418 0.236725 0.236713 0.236270 0.235357 0.234035 0.232482 0.230970 0.229820 0.229327 0.229672 0.230845 0.232605 0.234502 0.235960 0.236436 0.235608 0.233540 0.230756 0.228143 0.226648 0.226796 0.228178 0.229192 0.227436 0.221233 0.212431 0.210048 0.232502 0.229544 0.137947 0.145448 0.187752 0.222211 0.240482 0.243778 0.238642 0.231559 0.226562 0.224940 0.226040 0.228353 0.230422 0.231348 0.230922 0.229478 0.227616 0.225926 0.224794 0.224324 0.224368 0.224630 0.224787 0.224605 0.224000 0.223046 0.221936 0.220902 0.220148 0.219780 0.219783 0.220039 0.220366 0.220588 0.220597 0.220388 0.220066 0.219805 0.219774 0.220054 0.220563 0.221021 0.220978 0.219905 0.217349 0.213097 0.207326 0.200668 0.194144 0.188956 0.186151 0.186233 0.188855 0.192745 0.195987 0.196736 0.194202 0.189563 0.186132 0.187940 0.196059 0.202914 0.186900
0.187643 0.374310 0.359799 0.278558 0.197014 0.153220 0.146297 0.161622 0.183240 0.200054 0.207340 0.205534 0.197999 0.188873 0.181559 0.178018 0.178706 0.182941 0.189431 0.196778 0.203831 0.209856 0.214545 0.217915 0.220164 0.221541 0.222257 0.222460 0.222250 0.221715 0.220978 0.220203 0.219589 0.219328 0.219542 0.220247 0.221322 0.222533 0.223588 0.224228 0.224309 0.223871 0.223146 0.222502 0.222327 0.222873 0.224126 0.225743 0.227118 0.227592 0.226786 0.224938 0.223108 0.223045 0.226545 0.234306 0.244481 0.251589 0.246844 0.221329 0.173311 0.113492 0.101717 0.228079 0.226401 0.317481 0.307621 0.269484 0.235966 0.218247 0.215175 0.220537 0.228210 0.234345 0.237571 0.238236 0.237430 0.236229 0.235296 0.234817 0.234645 0.234511 0.234215 0.233720 0.233153 0.232731 0.232666 0.233070 0.233911 0.235018 0.236135 0.237003 0.237440 0.237393 0.236956 0.236335 0.235786 0.235524 0.235655 0.236130 0.236754 0.237237 0.237293 0.236750 0.235631 0.234196 0.232901 0.232281 0.232775 0.234537 0.237301 0.240356 0.242687 0.243288 0.241582 0.237846 0.233420 0.230521 0.231492 0.237484 0.246864 0.254047 0.249882 0.225017 0.177552 0.124925 0.116643 0.239292 0.238342 0.260829 0.259646 0.250002 0.241066 0.236222 0.235239 0.236405 0.237933 0.238664 0.238225 0.236848 0.235087 0.233534 0.232629 0.232567 0.233307 0.234622 0.236194 0.237695 0.238859 0.239517 0.239617 0.239203 0.238399 0.237372 0.236304 0.235359 0.234666 0.234307 0.234307 0.234636 0.235216 0.235927 0.236622 0.237148 0.237365 0.237171 0.236523 0.235453 0.234075 0.232578 0.231204 0.230205 0.229797 0.230106 0.231115 0.232645 0.234360 0.235816 0.236551 0.236206 0.234649 0.232075 0.229024 0.226301 0.224766 0.225023 0.227092 0.230212 0.232979 0.233985 0.233106 0.232965 0.230527 0.117225 0.127620 0.181294 0.221797 0.243030 0.246836 0.241063 0.233214 0.227777 0.226047 0.227157 0.229393 0.231200 0.231718 0.230861 0.229097 0.227114 0.225513 0.224620 0.224437 0.224715 0.225088 0.225221 0.224921 0.224179 0.223153 0.222091 0.221242 0.220771 0.220708 0.220949 0.221298 0.221544 0.221536 0.221247 0.220785 0.220359 0.220197 0.220439 0.221039 0.221709 0.221936 0.221090 0.218600 0.214175 0.207987 0.200770 0.193740 0.188331 0.185756 0.186501 0.189923 0.194174 0.196654 0.195078 0.189011 0.181344 0.178735 0.189663 0.218723 0.256686 0.268497 0.186708
0.187805 0.232992 0.223657 0.175147 0.184109 0.188483 0.189622 0.189701 0.190142 0.191237 0.192475 0.193102 0.192596 0.190918 0.188518 0.186167 0.184708 0.184815 0.186824 0.190673 0.195944 0.201975 0.208021 0.213405 0.217640 0.220490 0.221983 0.222358 0.221988 0.221282 0.220599 0.220189 0.220162 0.220499 0.221089 0.221780 0.222431 0.222954 0.223332 0.223610 0.223868 0.224179 0.224576 0.225025 0.225438 0.225694 0.225701 0.225444 0.225031 0.224687 0.224704 0.225341 0.226696 0.228594 0.230562 0.231934 0.232119 0.230970 0.229128 0.228045 0.229337 0.226117 0.226991 0.227867 0.227889 0.287816 0.280767 0.256266 0.234861 0.223415 0.221221 0.224407 0.229183 0.233178 0.235537 0.236429 0.236445 0.236154 0.235880 0.235695 0.235513 0.235225 0.234799 0.234314 0.233931 0.233832 0.234143 0.234881 0.235936 0.237097 0.238107 0.238739 0.238857 0.238456 0.237671 0.236734 0.235917 0.235457 0.235483 0.235985 0.236806 0.237689 0.238353 0.238578 0.238287 0.237590 0.236762 0.236177 0.236183 0.236964 0.238428 0.240175 0.241570 0.241948 0.240897 0.238546 0.235736 0.233907 0.234610 0.238625 0.244877 0.249621 0.246678 0.229709 0.197428 0.161747 0.156512 0.241243 0.239084 0.208665 0.211187 0.224544 0.236487 0.242888 0.244234 0.242662 0.240165 0.237919 0.236308 0.235236 0.234474 0.233875 0.233451 0.233330 0.233658 0.234503 0.235799 0.237341 0.238840 0.239993 0.240564 0.240447 0.239685 0.238461 0.237051 0.235754 0.234828 0.234429 0.234587 0.235199 0.236069 0.236949 0.237605 0.237866 0.237658 0.237014 0.236058 0.234965 0.233914 0.233048 0.232445 0.232118 0.232036 0.232157 0.232467 0.232988 0.233758 0.234764 0.235855 0.236668 0.236623 0.235058 0.231532 0.226300 0.220807 0.217955 0.221707 0.235486 0.258979 0.283386 0.286647 0.232622 0.229965 0.107820 0.120350 0.179094 0.222693 0.245183 0.248964 0.242647 0.234238 0.228393 0.226352 0.227141 0.228982 0.230344 0.230453 0.229324 0.227492 0.225649 0.224343 0.223808 0.223950 0.224452 0.224927 0.225072 0.224757 0.224050 0.223163 0.222364 0.221872 0.221778 0.222024 0.222421 0.222729 0.222743 0.222381 0.221721 0.220986 0.220470 0.220410 0.220866 0.221623 0.222175 0.221808 0.219793 0.215638 0.209348 0.201594 0.193707 0.187422 0.184391 0.185523 0.190369 0.196799 0.201298 0.200081 0.191051 0.176161 0.163201 0.165382 0.196656 0.260950 0.335251 0.351129 0.188247
0.188123 0.038588 0.037035 0.031531 0.167677 0.239406 0.251252 0.229096 0.198922 0.177180 0.169424 0.173326 0.182944 0.192343 0.197731 0.198080 0.194624 0.189799 0.186119 0.185335 0.188046 0.193733 0.201117 0.208646 0.214975 0.219284 0.221403 0.221733 0.221030 0.220120 0.219653 0.219940 0.220922 0.222253 0.223475 0.224206 0.224293 0.223871 0.223322 0.223124 0.223659 0.225030 0.226963 0.228851 0.229939 0.229614 0.227726 0.224787 0.221954 0.220705 0.222223 0.226664 0.232577 0.236897 0.235852 0.226964 0.211799 0.198435 0.201657 0.238159 0.314022 0.401615 0.422301 0.227551 0.230734 0.254599 0.252172 0.241970 0.232861 0.227914 0.226894 0.228248 0.230430 0.232450 0.233905 0.234797 0.235290 0.235550 0.235668 0.235665 0.235536 0.235297 0.235013 0.234796 0.234775 0.235055 0.235678 0.236599 0.237690 0.238760 0.239600 0.240033 0.239960 0.239387 0.238431 0.237296 0.236238 0.235504 0.235280 0.235651 0.236573 0.237888 0.239351 0.240688 0.241659 0.242110 0.242011 0.241463 0.240665 0.239859 0.239257 0.238977 0.239005 0.239202 0.239367 0.239331 0.239061 0.238715 0.238608 0.239042 0.240024 0.240972 0.240617 0.237382 0.230597 0.222649 0.221604 0.242842 0.239224 0.129700 0.138156 0.186266 0.229491 0.252470 0.256921 0.250924 0.242282 0.235740 0.232798 0.232775 0.234131 0.235475 0.236068 0.235879 0.235342 0.235022 0.235323 0.236337 0.237840 0.239401 0.240555 0.240961 0.240508 0.239342 0.237808 0.236340 0.235332 0.235025 0.235446 0.236406 0.237561 0.238521 0.238959 0.238711 0.237823 0.236537 0.235214 0.234225 0.233823 0.234056 0.234739 0.235508 0.235953 0.235781 0.234975 0.233862 0.233043 0.233172 0.234597 0.237000 0.239197 0.239303 0.235431 0.226949 0.215999 0.208616 0.214279 0.242400 0.294426 0.351464 0.360799 0.231635 0.227997 0.113052 0.125925 0.180119 0.224628 0.247074 0.250334 0.243408 0.234465 0.228157 0.225659 0.225958 0.227301 0.228231 0.228060 0.226862 0.225175 0.223644 0.222729 0.222572 0.223007 0.223688 0.224250 0.224444 0.224213 0.223687 0.223107 0.222724 0.222695 0.223022 0.223551 0.224022 0.224170 0.223823 0.222982 0.221838 0.220722 0.219993 0.219881 0.220356 0.221045 0.221259 0.220147 0.216956 0.211344 0.203659 0.195059 0.187391 0.182759 0.182824 0.187979 0.196675 0.205256 0.208669 0.202274 0.184633 0.160581 0.143149 0.152077 0.206259 0.307951 0.419242 0.437768 0.191434
0.188563 0.000000 0.000000 0.000000 0.154490 0.286089 0.307117 0.264521 0.206273 0.163427 0.147159 0.153880 0.172847 0.192791 0.205978 0.209585 0.205022 0.196178 0.187461 0.182270 0.182194 0.186961 0.194934 0.203884 0.211764 0.217252 0.219985 0.220458 0.219705 0.218867 0.218805 0.219861 0.221823 0.224073 0.225870 0.226654 0.226276 0.225078 0.223782 0.223233 0.224056 0.226357 0.229589 0.232642 0.234194 0.233233 0.229591 0.224271 0.219362 0.217420 0.220366 0.228196 0.238041 0.244254 0.240183 0.221842 0.192859 0.168731 0.176837 0.247293 0.389883 0.567951 0.608516 0.227414 0.234059 0.228658 0.231326 0.231572 0.230983 0.230592 0.230556 0.230912 0.231583 0.232420 0.233267 0.234000 0.234546 0.234887 0.235045 0.235073 0.235038 0.235014 0.235073 0.235273 0.235658 0.236246 0.237018 0.237921 0.238864 0.239728 0.240381 0.240704 0.240611 0.240081 0.239167 0.238005 0.236804 0.235812 0.235281 0.235412 0.236309 0.237942 0.240127 0.242545 0.244783 0.246407 0.247059 0.246542 0.244898 0.242433 0.239682 0.237312 0.235957 0.236025 0.237517 0.239933 0.242308 0.243463 0.242444 0.239098 0.234622 0.231775 0.234389 0.245759 0.265681 0.286440 0.289315 0.243886 0.239050 0.045347 0.060425 0.145763 0.222278 0.262692 0.270164 0.259237 0.243992 0.233006 0.228939 0.230417 0.234417 0.238138 0.239986 0.239734 0.238130 0.236303 0.235214 0.235329 0.236546 0.238338 0.240012 0.240981 0.240951 0.239999 0.238511 0.237031 0.236074 0.235954 0.236692 0.238010 0.239426 0.240411 0.240560 0.239733 0.238114 0.236169 0.234514 0.233718 0.234103 0.235601 0.237735 0.239726 0.240747 0.240230 0.238149 0.235158 0.232474 0.231481 0.233100 0.237110 0.241728 0.243799 0.239892 0.228360 0.211941 0.199792 0.207033 0.249318 0.330113 0.420441 0.436271 0.230523 0.225500 0.125199 0.136252 0.177937 0.226297 0.250135 0.252903 0.244597 0.234198 0.226790 0.223651 0.223679 0.224976 0.225964 0.225893 0.224818 0.223283 0.221936 0.221228 0.221278 0.221900 0.222734 0.223422 0.223741 0.223672 0.223378 0.223114 0.223118 0.223500 0.224193 0.224964 0.225485 0.225454 0.224707 0.223293 0.221490 0.219723 0.218427 0.217873 0.218011 0.218402 0.218263 0.216669 0.212860 0.206598 0.198454 0.189907 0.183125 0.180409 0.183335 0.191804 0.203339 0.213051 0.214713 0.203135 0.177644 0.145738 0.125066 0.140994 0.216517 0.352084 0.496312 0.516621 0.195315
0.189196 0.000000 0.000000 0.000000 0.152318 0.303413 0.327187 0.277113 0.208441 0.157398 0.137459 0.144943 0.167607 0.192250 0.209492 0.215515 0.211445 0.201450 0.190540 0.182798 0.180396 0.183437 0.190438 0.199135 0.207323 0.213482 0.217057 0.218403 0.218465 0.218340 0.218876 0.220412 0.222728 0.225204 0.227097 0.227867 0.227403 0.226108 0.224771 0.224287 0.225299 0.227879 0.231391 0.234609 0.236099 0.234792 0.230556 0.224546 0.219084 0.216970 0.220261 0.228865 0.239524 0.245959 0.240857 0.219954 0.187492 0.160872 0.170558 0.249841 0.409189 0.631485 0.682607 0.227748 0.236452 0.218028 0.224406 0.228435 0.230328 0.231194 0.231467 0.231709 0.232207 0.232938 0.233711 0.234326 0.234677 0.234776 0.234727 0.234668 0.234717 0.234943 0.235356 0.235921 0.236584 0.237292 0.238005 0.238700 0.239357 0.239948 0.240422 0.240707 0.240720 0.240396 0.239711 0.238719 0.237562 0.236468 0.235721 0.235607 0.236341 0.238002 0.240476 0.243438 0.246383 0.248707 0.249835 0.249371 0.247240 0.243771 0.239694 0.236020 0.233797 0.233788 0.236137 0.240140 0.244256 0.246455 0.244973 0.239366 0.231569 0.226446 0.231044 0.251715 0.288516 0.327291 0.332390 0.244269 0.239087 0.000000 0.004849 0.117346 0.217907 0.270701 0.280070 0.265355 0.245257 0.231141 0.226475 0.229322 0.235515 0.241176 0.244053 0.243759 0.241284 0.238190 0.235876 0.235116 0.235927 0.237737 0.239698 0.241042 0.241337 0.240594 0.239211 0.237796 0.236939 0.236999 0.237990 0.239572 0.241169 0.242159 0.242091 0.240849 0.238724 0.236347 0.234517 0.233943 0.234985 0.237481 0.240723 0.243619 0.245022 0.244155 0.240985 0.236415 0.232133 0.230096 0.231690 0.236820 0.243317 0.247119 0.243639 0.230395 0.210389 0.194824 0.202717 0.254171 0.354323 0.467534 0.488234 0.230060 0.223915 0.126874 0.134456 0.162475 0.225679 0.256691 0.259883 0.248392 0.234175 0.224113 0.220029 0.220503 0.222942 0.225103 0.225813 0.224995 0.223297 0.221582 0.220519 0.220375 0.221010 0.222028 0.222984 0.223570 0.223710 0.223554 0.223387 0.223492 0.224015 0.224894 0.225855 0.226494 0.226412 0.225359 0.223339 0.220642 0.217779 0.215321 0.213703 0.213027 0.212961 0.212757 0.211453 0.208197 0.202649 0.195309 0.187646 0.181891 0.180428 0.184854 0.194923 0.207761 0.217843 0.218219 0.203246 0.172578 0.135348 0.112397 0.133346 0.224727 0.386334 0.556897 0.579629 0.198229
0.190160 0.004265 0.000000 0.000000 0.167020 0.270200 0.286430 0.251318 0.202602 0.165692 0.150640 0.155528 0.172119 0.191055 0.205288 0.211503 0.209913 0.203106 0.194581 0.187492 0.183850 0.184277 0.188195 0.194294 0.201064 0.207251 0.212118 0.215499 0.217676 0.219157 0.220436 0.221814 0.223332 0.224809 0.225970 0.226597 0.226666 0.226383 0.226144 0.226387 0.227406 0.229190 0.231347 0.233170 0.233856 0.232821 0.230027 0.226175 0.222640 0.221083 0.222743 0.227633 0.233931 0.238047 0.235728 0.224395 0.206280 0.191153 0.196357 0.241057 0.331584 0.510817 0.554797 0.228766 0.236472 0.224880 0.231819 0.232970 0.231680 0.230520 0.230135 0.230706 0.231979 0.233481 0.234765 0.235570 0.235857 0.235769 0.235534 0.235374 0.235432 0.235752 0.236286 0.236932 0.237584 0.238160 0.238632 0.239010 0.239335 0.239641 0.239933 0.240177 0.240300 0.240216 0.239857 0.239214 0.238361 0.237465 0.236765 0.236527 0.236979 0.238239 0.240253 0.242769 0.245353 0.247458 0.248539 0.248198 0.246325 0.243185 0.239431 0.235999 0.233886 0.233846 0.236062 0.239921 0.243997 0.246376 0.245350 0.240423 0.233339 0.228629 0.232944 0.252352 0.287005 0.323571 0.328234 0.244032 0.239923 0.000000 0.000000 0.114799 0.219343 0.273854 0.283084 0.267361 0.246270 0.231668 0.227115 0.230499 0.237374 0.243607 0.246791 0.246502 0.243780 0.240290 0.237543 0.236400 0.236929 0.238570 0.240459 0.241795 0.242116 0.241409 0.240062 0.238682 0.237861 0.237962 0.238995 0.240613 0.242230 0.243217 0.243124 0.241849 0.239704 0.237355 0.235627 0.235240 0.236545 0.239335 0.242834 0.245863 0.247198 0.246011 0.242279 0.236977 0.231939 0.229306 0.230642 0.235972 0.243117 0.247862 0.245326 0.232686 0.212700 0.196590 0.203776 0.255092 0.356348 0.471762 0.493698 0.231010 0.224759 0.098892 0.102584 0.125082 0.220943 0.268651 0.274045 0.256803 0.235274 0.220271 0.214837 0.216851 0.222179 0.227083 0.229446 0.228932 0.226467 0.223475 0.221191 0.220272 0.220707 0.221998 0.223456 0.224501 0.224862 0.224622 0.224130 0.223824 0.224023 0.224788 0.225865 0.226751 0.226857 0.225704 0.223108 0.219281 0.214805 0.210483 0.207097 0.205138 0.204597 0.204902 0.205046 0.203910 0.200717 0.195470 0.189223 0.183997 0.182247 0.185904 0.195197 0.207655 0.217874 0.218610 0.203578 0.171803 0.132397 0.107449 0.129355 0.228158 0.405327 0.594732 0.622205 0.198377
0.191545 0.397616 0.370530 0.238357 0.199167 0.180676 0.178414 0.183347 0.188426 0.190599 0.190101 0.188750 0.188350 0.189770 0.192740 0.196190 0.198829 0.199692 0.198485 0.195651 0.192190 0.189334 0.188178 0.189384 0.193030 0.198620 0.205244 0.211821 0.217379 0.221268 0.223290 0.223702 0.223099 0.222229 0.221775 0.222170 0.223494 0.225476 0.227604 0.229300 0.230129 0.229952 0.228995 0.227779 0.226934 0.226941 0.227889 0.229343 0.230424 0.230137 0.227891 0.224061 0.220327 0.219476 0.224415 0.236343 0.252473 0.264289 0.258037 0.219667 0.146234 0.179841 0.195871 0.230521 0.233394 0.244361 0.247840 0.242327 0.235112 0.230094 0.228148 0.228767 0.230879 0.233413 0.235613 0.237112 0.237881 0.238099 0.238021 0.237880 0.237828 0.237921 0.238139 0.238420 0.238693 0.238909 0.239052 0.239136 0.239193 0.239255 0.239339 0.239439 0.239524 0.239552 0.239483 0.239299 0.239016 0.238690 0.238412 0.238285 0.238405 0.238826 0.239537 0.240449 0.241402 0.242192 0.242608 0.242495 0.241803 0.240623 0.239194 0.237868 0.237030 0.236992 0.237868 0.239492 0.241399 0.242922 0.243417 0.242595 0.240874 0.239574 0.240752 0.246364 0.256618 0.267592 0.269060 0.243390 0.241950 0.034157 0.052401 0.145652 0.228116 0.270663 0.277317 0.264345 0.247299 0.235533 0.231800 0.234374 0.239712 0.244553 0.247018 0.246801 0.244740 0.242146 0.240184 0.239489 0.240063 0.241417 0.242841 0.243699 0.243645 0.242709 0.241250 0.239798 0.238866 0.238769 0.239522 0.240841 0.242240 0.243189 0.243302 0.242471 0.240926 0.239184 0.237894 0.237622 0.238639 0.240769 0.243376 0.245504 0.246169 0.244719 0.241161 0.236329 0.231765 0.229270 0.230186 0.234594 0.240769 0.245284 0.244100 0.234754 0.219213 0.206250 0.211318 0.251217 0.331010 0.422734 0.441087 0.233753 0.228890 0.033595 0.034333 0.066021 0.211772 0.285571 0.295159 0.269972 0.237992 0.215998 0.208892 0.213500 0.223347 0.232424 0.237190 0.236934 0.233051 0.227853 0.223485 0.221216 0.221243 0.222892 0.225068 0.226742 0.227306 0.226721 0.225439 0.224156 0.223507 0.223792 0.224842 0.226048 0.226545 0.225501 0.222414 0.217326 0.210883 0.204203 0.198579 0.195091 0.194242 0.195732 0.198474 0.200887 0.201424 0.199188 0.194450 0.188816 0.184875 0.185281 0.191415 0.202046 0.212635 0.215995 0.204889 0.176566 0.138256 0.111160 0.128868 0.224991 0.405388 0.604861 0.639927 0.194690
0.193230 0.927061 0.871429 0.603032 0.241373 0.054464 0.027040 0.088408 0.169326 0.226925 0.247435 0.237574 0.213016 0.188967 0.174866 0.173126 0.180684 0.191847 0.201100 0.205024 0.203003 0.196853 0.189735 0.184862 0.184419 0.188969 0.197452 0.207672 0.217077 0.223566 0.226085 0.224870 0.221270 0.217261 0.214769 0.215040 0.218245 0.223421 0.228806 0.232460 0.232983 0.230109 0.224938 0.219680 0.216914 0.218543 0.224777 0.233586 0.240984 0.242359 0.234662 0.218845 0.201453 0.194054 0.209327 0.253543 0.316868 0.365558 0.343155 0.190179 0.000000 0.000000 0.000000 0.232847 0.227961 0.266057 0.262838 0.251433 0.239759 0.231387 0.227487 0.227275 0.229348 0.232408 0.235535 0.238204 0.240188 0.241454 0.242073 0.242171 0.241897 0.241405 0.240838 0.240315 0.239910 0.239653 0.239523 0.239470 0.239426 0.239337 0.239180 0.238973 0.238772 0.238658 0.238707 0.238961 0.239403 0.239947 0.240444 0.240713 0.240580 0.239938 0.238790 0.237273 0.235658 0.234306 0.233586 0.233778 0.234974 0.237004 0.239436 0.241642 0.242965 0.242944 0.241543 0.239318 0.237402 0.237230 0.239972 0.245731 0.252742 0.256981 0.252808 0.235296 0.204748 0.173050 0.169489 0.242724 0.245100 0.152375 0.162471 0.205639 0.243000 0.261645 0.263748 0.256970 0.248449 0.242390 0.239976 0.240405 0.242122 0.243752 0.244563 0.244501 0.243967 0.243495 0.243484 0.244051 0.245023 0.246037 0.246688 0.246680 0.245921 0.244542 0.242854 0.241246 0.240070 0.239544 0.239698 0.240374 0.241283 0.242100 0.242559 0.242542 0.242103 0.241455 0.240888 0.240665 0.240911 0.241537 0.242236 0.242550 0.242026 0.240390 0.237718 0.234513 0.231637 0.230071 0.230543 0.233105 0.236847 0.239942 0.240202 0.236203 0.228753 0.222147 0.224160 0.243417 0.282840 0.328852 0.339221 0.237915 0.235755 0.000000 0.000000 0.001745 0.200658 0.302749 0.317479 0.284465 0.241859 0.212782 0.204148 0.211687 0.226447 0.240000 0.247283 0.247189 0.241620 0.233869 0.227075 0.223194 0.222658 0.224611 0.227513 0.229823 0.230547 0.229485 0.227182 0.224615 0.222769 0.222239 0.222990 0.224336 0.225151 0.224239 0.220754 0.214541 0.206287 0.197416 0.189746 0.184977 0.184152 0.187258 0.193107 0.199584 0.204248 0.205149 0.201620 0.194758 0.187312 0.182852 0.184286 0.192144 0.203297 0.210994 0.206997 0.186089 0.152149 0.123382 0.132399 0.215256 0.383812 0.580037 0.623541 0.187752
0.194756 1.000000 1.000000 0.928809 0.277810 0.000000 0.000000 0.002876 0.152663 0.260764 0.300618 0.283196 0.236587 0.188958 0.158641 0.151382 0.162716 0.182837 0.201583 0.212017 0.211958 0.203584 0.191752 0.181829 0.177808 0.181189 0.190822 0.203608 0.215702 0.223827 0.226269 0.223310 0.217004 0.210396 0.206465 0.207106 0.212475 0.220917 0.229506 0.235064 0.235354 0.230037 0.221057 0.212186 0.207777 0.210999 0.222138 0.237676 0.250790 0.253591 0.240840 0.214071 0.184300 0.171084 0.195941 0.269659 0.375904 0.457978 0.420731 0.163662 0.000000 0.000000 0.000000 0.235362 0.222782 0.277935 0.267587 0.255142 0.243878 0.234856 0.229500 0.227576 0.228308 0.230857 0.234449 0.238382 0.242031 0.244890 0.246637 0.247180 0.246659 0.245398 0.243811 0.242300 0.241155 0.240501 0.240291 0.240345 0.240428 0.240333 0.239956 0.239330 0.238626 0.238097 0.237997 0.238487 0.239560 0.241006 0.242427 0.243320 0.243198 0.241739 0.238917 0.235073 0.230908 0.227371 0.225447 0.225894 0.228975 0.234275 0.240673 0.246528 0.250092 0.250082 0.246289 0.240000 0.233992 0.231883 0.236736 0.249089 0.264960 0.274848 0.265214 0.224058 0.151773 0.076455 0.067810 0.242526 0.248677 0.293015 0.292773 0.275769 0.259310 0.249718 0.246752 0.247648 0.249433 0.250169 0.249216 0.246941 0.244217 0.241959 0.240803 0.240988 0.242363 0.244511 0.246900 0.249024 0.250504 0.251136 0.250899 0.249910 0.248386 0.246574 0.244718 0.243017 0.241618 0.240608 0.240023 0.239856 0.240066 0.240582 0.241308 0.242124 0.242894 0.243471 0.243723 0.243541 0.242871 0.241723 0.240178 0.238387 0.236538 0.234831 0.233434 0.232456 0.231924 0.231793 0.231983 0.232423 0.233093 0.234042 0.235333 0.236927 0.238514 0.239371 0.238413 0.234610 0.228001 0.221180 0.221615 0.242179 0.242954 0.000000 0.000000 0.000000 0.193457 0.310527 0.328734 0.292512 0.245064 0.212782 0.203694 0.213044 0.230625 0.246730 0.255454 0.255435 0.248820 0.239433 0.230989 0.225883 0.224737 0.226645 0.229836 0.232472 0.233290 0.231935 0.228937 0.225385 0.222451 0.220926 0.220910 0.221757 0.222274 0.221123 0.217295 0.210517 0.201462 0.191678 0.183230 0.178138 0.177751 0.182233 0.190358 0.199701 0.207253 0.210335 0.207565 0.199556 0.189031 0.180135 0.176964 0.181659 0.192707 0.204392 0.208272 0.197173 0.171172 0.143466 0.142050 0.201388 0.338055 0.508000 0.555484 0.180349
0.195327 1.000000 1.000000 1.000000 0.287443 0.000000 0.000000 0.000000 0.148234 0.271929 0.317946 0.298366 0.244901 0.189612 0.153616 0.143849 0.155632 0.178089 0.199742 0.212579 0.213828 0.205590 0.193016 0.181930 0.176738 0.179180 0.188136 0.200376 0.211871 0.219209 0.220681 0.216730 0.209680 0.202874 0.199494 0.201460 0.208731 0.219261 0.229639 0.236257 0.236638 0.230512 0.220204 0.210095 0.205173 0.209029 0.221934 0.239816 0.254856 0.258059 0.243482 0.212910 0.178908 0.163720 0.191780 0.275309 0.395753 0.488824 0.446741 0.155773 0.000000 0.000000 0.000000 0.237549 0.221964 0.271529 0.258044 0.250755 0.245314 0.239270 0.233987 0.230359 0.228980 0.230046 0.233249 0.237824 0.242745 0.246989 0.249797 0.250829 0.250196 0.248376 0.246036 0.243832 0.242248 0.241487 0.241463 0.241869 0.242298 0.242387 0.241939 0.240979 0.239759 0.238677 0.238154 0.238490 0.239751 0.241699 0.243814 0.245397 0.245744 0.244354 0.241110 0.236402 0.231119 0.226505 0.223887 0.224309 0.228177 0.234995 0.243321 0.251000 0.255701 0.255682 0.250597 0.242071 0.233720 0.230308 0.235935 0.251452 0.271831 0.284821 0.272816 0.220086 0.126873 0.029330 0.017663 0.243282 0.251441 0.394035 0.385621 0.324823 0.269524 0.239778 0.233438 0.240115 0.249512 0.255289 0.255538 0.251503 0.245813 0.241002 0.238654 0.239162 0.241947 0.245895 0.249819 0.252807 0.254389 0.254537 0.253550 0.251874 0.249943 0.248066 0.246388 0.244919 0.243597 0.242372 0.241261 0.240365 0.239843 0.239851 0.240463 0.241611 0.243059 0.244430 0.245285 0.245235 0.244066 0.241825 0.238846 0.235699 0.233039 0.231424 0.231117 0.231962 0.233390 0.234588 0.234828 0.233854 0.232192 0.231173 0.232496 0.237254 0.244603 0.250584 0.248092 0.229300 0.191843 0.148866 0.141634 0.244471 0.246548 0.000000 0.000000 0.011820 0.198360 0.296138 0.312399 0.283372 0.244675 0.218284 0.211057 0.219199 0.234268 0.248119 0.255701 0.255749 0.249975 0.241584 0.233775 0.228700 0.227039 0.228155 0.230617 0.232846 0.233672 0.232642 0.230035 0.226637 0.223371 0.220919 0.219462 0.218611 0.217536 0.215270 0.211081 0.204794 0.196969 0.188858 0.182131 0.178423 0.178824 0.183451 0.191246 0.200113 0.207395 0.210629 0.208379 0.200893 0.190310 0.180230 0.174597 0.176127 0.184757 0.196833 0.205774 0.204716 0.190928 0.170649 0.161475 0.188027 0.266158 0.373300 0.412539 0.177146
0.194061 1.000000 0.987340 0.713423 0.251831 0.012821 0.000000 0.058391 0.164638 0.241246 0.269524 0.257261 0.224264 0.190350 0.168419 0.162561 0.169762 0.183304 0.196232 0.203805 0.204510 0.199757 0.192699 0.186765 0.184409 0.186415 0.191869 0.198694 0.204502 0.207466 0.206939 0.203641 0.199387 0.196458 0.196807 0.201363 0.209646 0.219830 0.229269 0.235344 0.236383 0.232370 0.225141 0.217946 0.214382 0.216984 0.225900 0.238227 0.248478 0.250413 0.239978 0.218521 0.194833 0.184310 0.203740 0.261387 0.344329 0.408367 0.379777 0.181149 0.000000 0.000000 0.000000 0.238909 0.229647 0.246140 0.238044 0.239650 0.242341 0.241912 0.238993 0.235242 0.232444 0.231808 0.233642 0.237411 0.242046 0.246357 0.249394 0.250676 0.250243 0.248566 0.246348 0.244301 0.242950 0.242524 0.242929 0.243818 0.244725 0.245215 0.245014 0.244093 0.242675 0.241170 0.240057 0.239741 0.240425 0.242027 0.244175 0.246277 0.247668 0.247791 0.246380 0.243578 0.239972 0.236500 0.234237 0.234104 0.236559 0.241354 0.247465 0.253247 0.256841 0.256789 0.252699 0.245745 0.238739 0.235505 0.239456 0.251512 0.267935 0.279137 0.271035 0.230713 0.157660 0.079869 0.068923 0.245296 0.252033 0.388388 0.378862 0.319393 0.265766 0.237185 0.231406 0.238247 0.247745 0.253830 0.254718 0.251623 0.247019 0.243236 0.241654 0.242527 0.245218 0.248651 0.251756 0.253787 0.254458 0.253905 0.252545 0.250877 0.249318 0.248094 0.247226 0.246573 0.245930 0.245133 0.244131 0.243016 0.241996 0.241322 0.241193 0.241671 0.242634 0.243778 0.244691 0.244958 0.244296 0.242655 0.240273 0.237643 0.235387 0.234076 0.234027 0.235159 0.236959 0.238617 0.239321 0.238642 0.236874 0.235135 0.235045 0.237891 0.243381 0.248465 0.247081 0.232074 0.200568 0.163071 0.155125 0.242686 0.242424 0.204753 0.192211 0.174512 0.222640 0.249125 0.254607 0.247757 0.237741 0.230606 0.228572 0.230932 0.235505 0.239948 0.242604 0.242821 0.240860 0.237566 0.233968 0.230943 0.229012 0.228285 0.228520 0.229263 0.229996 0.230268 0.229776 0.228386 0.226113 0.223064 0.219392 0.215251 0.210790 0.206160 0.201543 0.197181 0.193379 0.190484 0.188828 0.188640 0.189956 0.192542 0.195877 0.199197 0.201624 0.202359 0.200914 0.197304 0.192164 0.186704 0.182479 0.180981 0.183124 0.188761 0.196417 0.203435 0.206655 0.203625 0.194034 0.180775 0.169727 0.167263 0.178970 0.183084
0.190528 0.000000 0.000000 0.000000 0.166892 0.282048 0.299219 0.258918 0.203823 0.162459 0.145855 0.151507 0.169897 0.190439 0.205368 0.211283 0.208814 0.201183 0.192450 0.186025 0.183776 0.185811 0.190821 0.196739 0.201491 0.203613 0.202588 0.198893 0.193763 0.188792 0.185495 0.184931 0.187491 0.192870 0.200219 0.208404 0.216310 0.223093 0.228322 0.231984 0.234365 0.235859 0.236772 0.237206 0.237055 0.236140 0.234411 0.232147 0.230018 0.228933 0.229642 0.232183 0.235414 0.236959 0.233927 0.224584 0.210765 0.200095 0.206221 0.244451 0.320056 0.457827 0.500771 0.239174 0.247420 0.209389 0.217320 0.226661 0.234725 0.240117 0.241856 0.240926 0.238988 0.237489 0.237225 0.238284 0.240238 0.242426 0.244227 0.245248 0.245404 0.244885 0.244061 0.243348 0.243084 0.243440 0.244385 0.245707 0.247077 0.248137 0.248599 0.248312 0.247311 0.245808 0.244155 0.242768 0.242041 0.242255 0.243523 0.245751 0.248658 0.251824 0.254776 0.257081 0.258438 0.258739 0.258085 0.256761 0.255160 0.253674 0.252591 0.252013 0.251827 0.251750 0.251447 0.250691 0.249518 0.248309 0.247737 0.248519 0.251013 0.254750 0.258167 0.258858 0.254725 0.246263 0.240242 0.248498 0.249758 0.238982 0.238397 0.241554 0.244202 0.245227 0.245006 0.244239 0.243650 0.243718 0.244604 0.246198 0.248210 0.250277 0.252048 0.253253 0.253736 0.253471 0.252552 0.251173 0.249584 0.248051 0.246813 0.246040 0.245807 0.246082 0.246737 0.247565 0.248329 0.248801 0.248811 0.248282 0.247251 0.245866 0.244357 0.242995 0.242032 0.241645 0.241891 0.242685 0.243813 0.244972 0.245846 0.246191 0.245912 0.245114 0.244096 0.243285 0.243107 0.243816 0.245329 0.247131 0.248317 0.247829 0.244895 0.239615 0.233508 0.229716 0.232428 0.245098 0.267144 0.289648 0.290737 0.235957 0.228761 0.647200 0.619097 0.455973 0.267179 0.170322 0.155670 0.185328 0.223383 0.248541 0.254905 0.246924 0.233098 0.221075 0.215104 0.215668 0.220567 0.226561 0.230855 0.232016 0.230173 0.226642 0.223216 0.221416 0.221942 0.224472 0.227808 0.230304 0.230420 0.227228 0.220732 0.211903 0.202448 0.194346 0.189305 0.188275 0.191155 0.196788 0.203248 0.208371 0.210383 0.208454 0.203011 0.195672 0.188795 0.184712 0.184871 0.189151 0.195677 0.201304 0.202802 0.198463 0.189554 0.180826 0.179271 0.190698 0.214560 0.238859 0.238738 0.183890 0.060157 0.000000 0.000000 0.200431
0.185506 0.000000 0.000000 0.000000 0.055636 0.642351 0.727823 0.526130 0.255198 0.055935 0.000000 0.008561 0.095762 0.189563 0.254548 0.277162 0.262703 0.227462 0.190066 0.164754 0.157970 0.168239 0.188503 0.209585 0.223556 0.226054 0.217103 0.200483 0.182075 0.167803 0.161824 0.165456 0.177080 0.192942 0.208558 0.220239 0.226266 0.227337 0.226156 0.226272 0.230549 0.239792 0.252060 0.263040 0.267528 0.261670 0.245245 0.222988 0.204056 0.199128 0.215426 0.251060 0.291177 0.309067 0.275026 0.173862 0.027783 0.000000 0.000000 0.330187 1.000000 1.000000 1.000000 0.238511 0.271176 0.172267 0.203489 0.216455 0.224681 0.234103 0.241625 0.246056 0.247402 0.246341 0.243834 0.240856 0.238201 0.236384 0.235612 0.235830 0.236795 0.238200 0.239759 0.241286 0.242720 0.244101 0.245522 0.247058 0.248702 0.250334 0.251718 0.252562 0.252589 0.251642 0.249773 0.247292 0.244767 0.242951 0.242647 0.244532 0.248963 0.255828 0.264463 0.273684 0.281947 0.287632 0.289389 0.286515 0.279234 0.268806 0.257396 0.247650 0.242031 0.242023 0.247420 0.255967 0.263625 0.265682 0.258708 0.243032 0.224963 0.217442 0.237396 0.298049 0.395180 0.488978 0.490832 0.252280 0.245550 0.000000 0.000000 0.110430 0.210413 0.262140 0.270963 0.256573 0.238180 0.227493 0.227932 0.237045 0.249787 0.261236 0.268182 0.269577 0.266182 0.259800 0.252484 0.245929 0.241161 0.238519 0.237812 0.238575 0.240296 0.242561 0.245102 0.247746 0.250338 0.252656 0.254388 0.255170 0.254688 0.252808 0.249687 0.245826 0.242017 0.239201 0.238235 0.239642 0.243403 0.248872 0.254864 0.259919 0.262717 0.262522 0.259542 0.255017 0.250957 0.249486 0.251894 0.257709 0.264176 0.266644 0.260217 0.242699 0.218170 0.199649 0.208200 0.265182 0.374639 0.496586 0.514437 0.226175 0.209067 1.000000 1.000000 0.777902 0.320046 0.082222 0.043516 0.113561 0.205427 0.266761 0.282355 0.262420 0.227531 0.196683 0.180866 0.181894 0.194792 0.211665 0.225337 0.231681 0.230315 0.223872 0.216428 0.211756 0.211981 0.216981 0.224604 0.231544 0.234529 0.231462 0.222156 0.208472 0.193830 0.182228 0.177052 0.180018 0.190533 0.205712 0.221063 0.231718 0.233873 0.226075 0.209905 0.189805 0.171954 0.162399 0.164921 0.179309 0.200764 0.220938 0.230710 0.224119 0.202183 0.174768 0.158541 0.169812 0.212904 0.267782 0.284710 0.197358 0.000000 0.000000 0.000000 0.225101
0.181630 0.000000 0.000000 0.000000 0.000000 0.905644 1.000000 0.720553 0.292174 0.000000 0.000000 0.000000 0.041286 0.188505 0.290163 0.325352 0.302725 0.247986 0.190213 0.151396 0.141220 0.157065 0.187782 0.219192 0.239301 0.241819 0.227266 0.201832 0.174668 0.154643 0.147587 0.154765 0.172924 0.195744 0.216180 0.228893 0.232018 0.227692 0.221155 0.218673 0.224950 0.240886 0.262579 0.282150 0.290399 0.280706 0.252849 0.215172 0.183497 0.176050 0.204936 0.266582 0.335366 0.365717 0.307350 0.134960 0.000000 0.000000 0.000000 0.395992 1.000000 1.000000 1.000000 0.237633 0.288801 0.139178 0.189853 0.207591 0.217177 0.230155 0.242156 0.250660 0.254562 0.253923 0.249730 0.243540 0.237072 0.231798 0.228667 0.227979 0.229448 0.232389 0.235966 0.239449 0.242375 0.244614 0.246326 0.247829 0.249430 0.251275 0.253263 0.255047 0.256132 0.256043 0.254519 0.251688 0.248140 0.244904 0.243274 0.244530 0.249587 0.258670 0.271082 0.285159 0.298465 0.308217 0.311904 0.307981 0.296453 0.279196 0.259811 0.242970 0.233224 0.233526 0.243813 0.260181 0.275211 0.279912 0.267350 0.237462 0.201542 0.183938 0.217473 0.329017 0.512944 0.695213 0.705049 0.255460 0.242716 0.000000 0.000000 0.000000 0.183427 0.278958 0.295261 0.268702 0.234626 0.214478 0.214434 0.229944 0.251793 0.271112 0.282252 0.283558 0.276644 0.264941 0.252202 0.241387 0.234142 0.230792 0.230709 0.232832 0.236125 0.239866 0.243714 0.247594 0.251498 0.255270 0.258515 0.260627 0.260963 0.259094 0.255040 0.249430 0.243460 0.238692 0.236662 0.238440 0.244217 0.253110 0.263232 0.272116 0.277394 0.277598 0.272818 0.264962 0.257385 0.253826 0.256808 0.265976 0.277076 0.282425 0.273571 0.246211 0.206382 0.175268 0.188147 0.281697 0.464305 0.670472 0.703617 0.219119 0.194470 1.000000 1.000000 0.958671 0.352172 0.035630 0.000000 0.073706 0.194420 0.275126 0.295414 0.268596 0.221865 0.180470 0.159146 0.160479 0.177987 0.201211 0.220524 0.230255 0.229661 0.222023 0.212607 0.206390 0.206278 0.212289 0.221809 0.230697 0.234823 0.231533 0.220604 0.204426 0.187362 0.174483 0.170020 0.175998 0.191427 0.212343 0.232741 0.246199 0.247805 0.235840 0.212683 0.184551 0.159982 0.147307 0.151758 0.173103 0.204771 0.235177 0.251395 0.244461 0.214667 0.174399 0.145905 0.152302 0.202438 0.274277 0.306692 0.214443 0.000000 0.000000 0.000000 0.243816
0.183393 0.000000 0.000000 0.000000 0.012137 0.785601 0.897106 0.631155 0.275457 0.014869 0.000000 0.000000 0.067795 0.189533 0.273518 0.302665 0.284282 0.239636 0.192630 0.161208 0.153134 0.166092 0.190868 0.215903 0.231567 0.232975 0.220808 0.200284 0.178879 0.163648 0.159017 0.165620 0.180452 0.198177 0.213112 0.221235 0.221565 0.216469 0.210765 0.209856 0.217497 0.233944 0.255226 0.274013 0.282064 0.273682 0.249014 0.215818 0.188353 0.182760 0.209509 0.265044 0.326347 0.353027 0.300922 0.148254 0.000000 0.000000 0.000000 0.376776 1.000000 1.000000 1.000000 0.237688 0.281022 0.097695 0.145833 0.187419 0.218957 0.241950 0.253933 0.257396 0.255773 0.251724 0.246848 0.242000 0.237685 0.234298 0.232173 0.231514 0.232316 0.234333 0.237132 0.240202 0.243089 0.245505 0.247376 0.248809 0.250016 0.251196 0.252427 0.253622 0.254536 0.254851 0.254320 0.252900 0.250871 0.248865 0.247782 0.248615 0.252174 0.258803 0.268145 0.279040 0.289611 0.297582 0.300783 0.297748 0.288292 0.273853 0.257465 0.243218 0.235233 0.236276 0.246380 0.261964 0.276017 0.279852 0.266597 0.235952 0.198842 0.179424 0.210925 0.321410 0.506868 0.693917 0.708356 0.256501 0.246740 0.000000 0.000000 0.027449 0.194541 0.280251 0.294337 0.269840 0.238748 0.220383 0.220228 0.234071 0.253537 0.270618 0.280268 0.281067 0.274555 0.263884 0.252456 0.242921 0.236697 0.233994 0.234163 0.236181 0.239079 0.242214 0.245327 0.248425 0.251588 0.254763 0.257655 0.259745 0.260442 0.259305 0.256273 0.251810 0.246901 0.242875 0.241076 0.242462 0.247250 0.254711 0.263237 0.270694 0.275025 0.274946 0.270545 0.263511 0.256811 0.253758 0.256577 0.264935 0.275010 0.279914 0.272054 0.247533 0.211692 0.183440 0.194362 0.277404 0.440347 0.625174 0.656044 0.224053 0.203018 1.000000 1.000000 0.732747 0.320222 0.104033 0.066383 0.126651 0.206960 0.260291 0.272899 0.253874 0.221655 0.193323 0.178804 0.179795 0.191874 0.207945 0.221486 0.228649 0.228889 0.224341 0.218440 0.214394 0.214010 0.217183 0.222103 0.226029 0.226340 0.221509 0.211714 0.198903 0.186301 0.177486 0.175312 0.180963 0.193421 0.209563 0.224856 0.234570 0.235163 0.225494 0.207459 0.185784 0.166909 0.157134 0.160492 0.176983 0.201867 0.226539 0.241114 0.238260 0.217146 0.185778 0.159874 0.156963 0.185986 0.235402 0.266423 0.221476 0.059308 0.000000 0.000000 0.234820
0.195655 0.859546 0.817475 0.702243 0.244858 0.005582 0.000000 0.055334 0.168218 0.251695 0.284314 0.272324 0.235707 0.195848 0.167834 0.157714 0.163577 0.178719 0.195240 0.206920 0.210754 0.207113 0.198849 0.189863 0.183658 0.182293 0.185948 0.193113 0.201251 0.207684 0.210425 0.208730 0.203242 0.195733 0.188522 0.183781 0.182903 0.186139 0.192589 0.200544 0.208088 0.213748 0.217000 0.218427 0.219445 0.221662 0.226048 0.232257 0.238436 0.241786 0.239884 0.232443 0.222774 0.217939 0.226602 0.254059 0.295218 0.328227 0.313979 0.208822 0.000000 0.000000 0.000000 0.239833 0.228406 0.017957 0.022709 0.133854 0.235740 0.286503 0.291342 0.271192 0.246471 0.229799 0.225125 0.230196 0.239971 0.249489 0.255552 0.257194 0.255279 0.251635 0.248168 0.246199 0.246168 0.247686 0.249838 0.251590 0.252168 0.251295 0.249249 0.246742 0.244683 0.243881 0.244797 0.247398 0.251135 0.255081 0.258161 0.259426 0.258308 0.254787 0.249423 0.243245 0.237520 0.233461 0.231937 0.233259 0.237119 0.242675 0.248787 0.254323 0.258447 0.260789 0.261425 0.260659 0.258699 0.255398 0.250281 0.243044 0.234536 0.227894 0.229005 0.244970 0.279065 0.321247 0.334407 0.254122 0.263285 0.386232 0.378016 0.323984 0.275919 0.250260 0.244333 0.249461 0.257032 0.261718 0.261866 0.258432 0.253527 0.249205 0.246768 0.246576 0.248222 0.250883 0.253676 0.255922 0.257270 0.257685 0.257351 0.256540 0.255498 0.254378 0.253231 0.252045 0.250801 0.249538 0.248377 0.247513 0.247163 0.247492 0.248537 0.250151 0.251997 0.253600 0.254445 0.254114 0.252413 0.249469 0.245745 0.241968 0.238963 0.237430 0.237723 0.239689 0.242649 0.245558 0.247337 0.247301 0.245549 0.243105 0.241636 0.242647 0.246252 0.249965 0.248364 0.234802 0.206429 0.172113 0.165642 0.250353 0.253094 0.000000 0.000000 0.000000 0.183189 0.354763 0.382099 0.329416 0.259600 0.211339 0.196639 0.208801 0.233085 0.255416 0.267260 0.266751 0.257176 0.244252 0.233448 0.228143 0.228937 0.234012 0.240182 0.244167 0.243672 0.238007 0.228129 0.216197 0.204818 0.196240 0.191720 0.191236 0.193597 0.196889 0.199127 0.198904 0.195854 0.190773 0.185377 0.181722 0.181485 0.185285 0.192320 0.200442 0.206753 0.208582 0.204584 0.195574 0.184688 0.176607 0.175843 0.184457 0.200048 0.215130 0.219032 0.202941 0.167448 0.129946 0.126701 0.202146 0.377625 0.596459 0.655513 0.175654
0.219871 1.000000 1.000000 1.000000 0.681096 0.000000 0.000000 0.000000 0.000000 0.701256 0.984131 0.875733 0.554869 0.209366 0.000000 0.000000 0.000000 0.059946 0.194902 0.287043 0.313303 0.279193 0.210164 0.138900 0.093186 0.087685 0.121286 0.179689 0.241675 0.286658 0.301184 0.282540 0.238735 0.185143 0.139017 0.113693 0.114291 0.136247 0.167196 0.191662 0.197138 0.179458 0.145501 0.111756 0.098633 0.121779 0.183295 0.266479 0.337653 0.357006 0.297320 0.165343 0.016448 0.000000 0.079545 0.460343 1.000000 1.000000 1.000000 0.000000 0.000000 0.000000 0.000000 0.244421 0.127212 0.000000 0.000000 0.032087 0.267405 0.370746 0.361423 0.295398 0.225696 0.184338 0.180075 0.204819 0.242782 0.278448 0.301496 0.308429 0.301617 0.286899 0.270839 0.258523 0.252362 0.251945 0.254804 0.257634 0.257588 0.253249 0.245057 0.235124 0.226547 0.222404 0.224732 0.233767 0.247646 0.262642 0.273965 0.276898 0.268055 0.246469 0.214192 0.176246 0.139824 0.112857 0.102183 0.111723 0.141119 0.185244 0.234880 0.278645 0.305889 0.309958 0.290963 0.256994 0.222859 0.205798 0.218478 0.260695 0.312641 0.333952 0.273442 0.093756 0.000000 0.000000 0.000000 0.248360 0.293589 1.000000 1.000000 0.918232 0.434462 0.186528 0.141567 0.206791 0.292016 0.342579 0.342771 0.304180 0.250154 0.203015 0.176766 0.175215 0.193890 0.223847 0.255512 0.281509 0.297975 0.304470 0.302955 0.296398 0.287539 0.278129 0.268800 0.259397 0.249600 0.239514 0.230018 0.222704 0.219439 0.221690 0.229809 0.242572 0.257119 0.269458 0.275386 0.271702 0.257321 0.233971 0.206155 0.180243 0.162803 0.158540 0.168416 0.188689 0.211449 0.226926 0.227307 0.210983 0.185603 0.167780 0.177655 0.227824 0.308667 0.376001 0.351569 0.150177 0.000000 0.000000 0.000000 0.299917 0.348325 0.000000 0.000000 0.000000 0.000000 0.787332 0.930656 0.683949 0.354715 0.130785 0.069144 0.135839 0.258560 0.369097 0.426789 0.423511 0.375888 0.311894 0.257872 0.229855 0.230563 0.251460 0.277991 0.295701 0.295208 0.274770 0.240056 0.201574 0.170821 0.156411 0.161311 0.181982 0.209547 0.232643 0.241066 0.229172 0.197999 0.155427 0.114210 0.088248 0.088175 0.117396 0.170000 0.231394 0.281972 0.303116 0.284029 0.227149 0.149884 0.080909 0.050845 0.079114 0.161260 0.262824 0.326216 0.294654 0.151089 0.000000 0.000000 0.148285 0.884793 1.000000 1.000000 0.061220
0.247760 1.000000 1.000000 1.000000 1.000000 0.000000 0.000000 0.000000 0.000000 1.000000 1.000000 1.000000 0.908632 0.226431 0.000000 0.000000 0.000000 0.000000 0.190003 0.369937 0.420908 0.354063 0.219512 0.081274 0.000000 0.000000 0.050830 0.164897 0.284818 0.370650 0.396743 0.358616 0.272658 0.169288 0.082027 0.036152 0.040396 0.084418 0.142873 0.185025 0.186861 0.141671 0.065059 0.000000 0.000000 0.010398 0.136729 0.306531 0.450180 0.486404 0.360526 0.087756 0.000000 0.000000 0.000000 0.693037 1.000000 1.000000 1.000000 0.000000 0.000000 0.000000 0.000000 0.249906 0.014208 0.000000 0.000000 0.000000 0.301943 0.466535 0.441522 0.322894 0.201213 0.131029 0.126874 0.174123 0.244693 0.310873 0.354022 0.367576 0.355547 0.328317 0.297835 0.273590 0.260344 0.257761 0.261622 0.266010 0.265628 0.257641 0.242558 0.223998 0.207519 0.198805 0.201792 0.217174 0.241752 0.268790 0.289389 0.294600 0.277816 0.236889 0.175418 0.102761 0.032660 0.000000 0.000000 0.000000 0.036602 0.123763 0.221919 0.308205 0.360947 0.366464 0.324951 0.253349 0.183030 0.150929 0.184578 0.283752 0.404984 0.458173 0.326903 0.000000 0.000000 0.000000 0.000000 0.241996 0.327237 1.000000 1.000000 1.000000 0.610652 0.120836 0.033904 0.164853 0.334229 0.433525 0.431907 0.352924 0.243481 0.148337 0.095540 0.092708 0.130841 0.191933 0.256677 0.310124 0.344369 0.358379 0.355995 0.343130 0.325320 0.306182 0.287095 0.267890 0.247991 0.227651 0.208583 0.193885 0.187186 0.191315 0.206904 0.231494 0.259439 0.282880 0.293591 0.285358 0.256167 0.209564 0.154542 0.103736 0.070094 0.062784 0.083504 0.124606 0.170216 0.200866 0.201106 0.167964 0.116973 0.081503 0.101869 0.203184 0.366109 0.502267 0.455344 0.055278 0.000000 0.000000 0.000000 0.355261 0.453793 0.000000 0.000000 0.000000 0.000000 1.000000 1.000000 1.000000 0.457975 0.050477 0.000000 0.063874 0.289791 0.492744 0.598408 0.592069 0.504308 0.386385 0.286504 0.233957 0.233730 0.270331 0.317404 0.348880 0.348057 0.312153 0.251760 0.186078 0.135792 0.116017 0.131347 0.174419 0.228242 0.271563 0.285675 0.260677 0.199324 0.117142 0.038597 0.000000 0.000000 0.048822 0.150556 0.268606 0.365497 0.405692 0.368524 0.258461 0.108464 0.000000 0.000000 0.000000 0.115851 0.312549 0.443141 0.398882 0.142453 0.000000 0.000000 0.077342 1.000000 1.000000 1.000000 0.000000
0.253865 1.000000 1.000000 1.000000 1.000000 0.000000 0.000000 0.000000 0.000000 1.000000 1.000000 1.000000 0.973024 0.232175 0.000000 0.000000 0.000000 0.000000 0.184949 0.379228 0.434447 0.362731 0.218265 0.070110 0.000000 0.000000 0.039949 0.162910 0.291493 0.382788 0.409511 0.367298 0.274260 0.163425 0.070885 0.023490 0.030022 0.078583 0.141259 0.184655 0.183151 0.130298 0.044070 0.000000 0.000000 0.000000 0.128725 0.317168 0.475303 0.513572 0.372363 0.069523 0.000000 0.000000 0.000000 0.742719 1.000000 1.000000 1.000000 0.000000 0.000000 0.000000 0.000000 0.251882 0.000000 0.000000 0.000000 0.000000 0.310667 0.478599 0.449218 0.323007 0.194730 0.121481 0.118381 0.169887 0.246198 0.317842 0.364875 0.380158 0.367801 0.338816 0.305970 0.279538 0.264778 0.261506 0.265337 0.269976 0.269691 0.261313 0.245236 0.225192 0.207064 0.196966 0.199213 0.214711 0.240199 0.268586 0.290391 0.295986 0.278176 0.234511 0.168702 0.090731 0.015363 0.000000 0.000000 0.000000 0.021164 0.116225 0.223234 0.317154 0.374175 0.379229 0.332580 0.253057 0.175607 0.141467 0.181428 0.295175 0.433653 0.494902 0.346689 0.000000 0.000000 0.000000 0.000000 0.241867 0.334282 1.000000 1.000000 1.000000 0.633318 0.141361 0.054034 0.184748 0.352495 0.447975 0.440488 0.354469 0.238106 0.137446 0.081524 0.078409 0.119020 0.184756 0.255389 0.314922 0.354437 0.372125 0.371373 0.358003 0.337806 0.314919 0.291404 0.267784 0.244118 0.221098 0.200658 0.185855 0.180037 0.185585 0.202602 0.228074 0.255903 0.277929 0.285848 0.273592 0.239529 0.187727 0.127836 0.073125 0.037089 0.029246 0.051380 0.095606 0.145508 0.180803 0.185091 0.154450 0.103684 0.065906 0.081821 0.177736 0.336259 0.471429 0.429200 0.040619 0.000000 0.000000 0.000000 0.366508 0.469870 0.000000 0.000000 0.000000 0.000000 1.000000 1.000000 1.000000 0.473202 0.047445 0.000000 0.063183 0.300257 0.512986 0.623585 0.616731 0.524480 0.400471 0.295079 0.238882 0.237031 0.273352 0.320412 0.351212 0.348600 0.309990 0.246724 0.178954 0.128210 0.109994 0.128663 0.176011 0.233815 0.279559 0.293640 0.265929 0.199751 0.111950 0.028692 0.000000 0.000000 0.043243 0.152554 0.278581 0.381237 0.422676 0.381030 0.261345 0.099079 0.000000 0.000000 0.000000 0.104895 0.317806 0.461992 0.420659 0.151954 0.000000 0.000000 0.052158 1.000000 1.000000 1.000000 0.000000
0.192200 0.141953 0.143581 0.164697 0.185088 0.196718 0.199568 0.197173 0.193430 0.190960 0.190710 0.192311 0.194724 0.196868 0.198028 0.198016 0.197107 0.195850 0.194833 0.194481 0.194948 0.196100 0.197589 0.198976 0.199873 0.200054 0.199514 0.198462 0.197262 0.196323 0.195980 0.196398 0.197516 0.199053 0.200578 0.201626 0.201846 0.201125 0.199673 0.198032 0.196990 0.197409 0.200000 0.205086 0.212423 0.221133 0.229813 0.236815 0.240693 0.240712 0.237285 0.232168 0.228222 0.228649 0.235685 0.249014 0.264392 0.273307 0.264741 0.230027 0.171301 0.112457 0.108448 0.243100 0.247100 0.360382 0.349724 0.296989 0.249923 0.225580 0.222348 0.231191 0.242995 0.251903 0.255832 0.255470 0.252812 0.249929 0.248210 0.248140 0.249439 0.251410 0.253303 0.254585 0.255070 0.254900 0.254431 0.254069 0.254126 0.254721 0.255764 0.256996 0.258083 0.258719 0.258720 0.258077 0.256953 0.255638 0.254472 0.253745 0.253630 0.254139 0.255124 0.256332 0.257479 0.258337 0.258800 0.258906 0.258811 0.258715 0.258767 0.258989 0.259249 0.259320 0.259022 0.258408 0.257902 0.258284 0.260407 0.264603 0.269882 0.273266 0.269878 0.254649 0.226487 0.195140 0.189088 0.258800 0.262700 0.000000 0.000000 0.000000 0.204623 0.398183 0.427902 0.367904 0.288968 0.233629 0.214471 0.223802 0.245792 0.265956 0.276101 0.275079 0.266771 0.256995 0.250703 0.250283 0.255195 0.262700 0.269213 0.271707 0.268734 0.260809 0.250120 0.239742 0.232618 0.230635 0.234056 0.241446 0.250101 0.256846 0.258963 0.254997 0.245193 0.231444 0.216742 0.204276 0.196443 0.194064 0.196100 0.200005 0.202698 0.201885 0.197304 0.191345 0.188583 0.194031 0.210368 0.234993 0.258294 0.264812 0.238674 0.173514 0.084835 0.019450 0.052820 0.262271 0.665072 1.000000 1.000000 0.247100 0.223500 0.417272 0.409451 0.329331 0.254287 0.213374 0.205479 0.216961 0.233489 0.245675 0.250133 0.247992 0.242565 0.237284 0.234390 0.234499 0.236818 0.239750 0.241576 0.241015 0.237535 0.231400 0.223496 0.215033 0.207223 0.201001 0.196870 0.194863 0.194621 0.195550 0.196993 0.198395 0.199404 0.199909 0.199997 0.199876 0.199768 0.199821 0.200059 0.200374 0.200582 0.200494 0.200000 0.199125 0.198032 0.196975 0.196205 0.195861 0.195903 0.196110 0.196172 0.195871 0.195267 0.194805 0.195196 0.197002 0.199939 0.202156 0.200014 0.189176 0.167933 0.143202 0.138081 0.196100
0.192200 0.186655 0.187317 0.189850 0.191922 0.192844 0.192843 0.192465 0.192200 0.192343 0.192973 0.194010 0.195292 0.196632 0.197869 0.198886 0.199621 0.200067 0.200257 0.200256 0.200144 0.200000 0.199888 0.199846 0.199884 0.199978 0.200086 0.200157 0.200153 0.200059 0.199899 0.199738 0.199669 0.199795 0.200198 0.200913 0.201898 0.203027 0.204099 0.204879 0.205153 0.204808 0.203900 0.202709 0.201748 0.201705 0.203320 0.207191 0.213544 0.222022 0.231558 0.240428 0.246540 0.248008 0.243958 0.235404 0.225883 0.221369 0.228904 0.253395 0.292430 0.329833 0.330598 0.243100 0.251000 0.299698 0.292065 0.268270 0.249527 0.241827 0.242931 0.248090 0.253318 0.256548 0.257467 0.256803 0.255568 0.254553 0.254117 0.254221 0.254600 0.254959 0.255113 0.255050 0.254908 0.254900 0.255219 0.255966 0.257112 0.258509 0.259941 0.261189 0.262094 0.262600 0.262762 0.262717 0.262630 0.262632 0.262771 0.262990 0.263144 0.263051 0.262569 0.261677 0.260522 0.259421 0.258800 0.259072 0.260483 0.262968 0.266071 0.268989 0.270752 0.270558 0.268163 0.264219 0.260376 0.258971 0.262175 0.270666 0.282136 0.290347 0.285809 0.259426 0.210165 0.156554 0.148627 0.270600 0.270600 0.000000 0.000000 0.073037 0.242218 0.330076 0.344543 0.318342 0.282756 0.256684 0.245936 0.247453 0.254552 0.260996 0.263115 0.260162 0.253524 0.245493 0.238159 0.232739 0.229401 0.227500 0.226020 0.224018 0.220932 0.216672 0.211521 0.205912 0.200199 0.194499 0.188682 0.182498 0.175805 0.168797 0.162146 0.156973 0.154621 0.156251 0.162376 0.172449 0.184694 0.196280 0.203900 0.204683 0.197243 0.182567 0.164366 0.148587 0.141929 0.149490 0.172076 0.204076 0.233095 0.242525 0.217747 0.155459 0.073767 0.018116 0.055608 0.248836 0.602285 0.983383 1.000000 0.196100 0.215700 0.000000 0.001742 0.117052 0.220273 0.274098 0.281824 0.263405 0.239331 0.222906 0.218782 0.225008 0.236296 0.247005 0.253085 0.252859 0.246854 0.237059 0.226004 0.215959 0.208414 0.203900 0.202104 0.202165 0.203037 0.203813 0.203932 0.203249 0.201974 0.200525 0.199349 0.198762 0.198858 0.199491 0.200341 0.201025 0.201221 0.200779 0.199760 0.198426 0.197147 0.196291 0.196100 0.196610 0.197636 0.198838 0.199847 0.200406 0.200475 0.200246 0.200027 0.200034 0.200147 0.199789 0.198079 0.194370 0.189143 0.184927 0.186592 0.199913 0.227285 0.259960 0.268277 0.196100
0.293610 1.000000 1.000000 1.000000 0.964542 0.000000 0.000000 0.000000 0.000000 0.490662 0.757393 0.611356 0.275639 0.000000 0.000000 0.000000 0.000000 0.058609 0.181557 0.228602 0.196607 0.113535 0.022073 0.000000 0.000000 0.004478 0.089158 0.179710 0.246533 0.270762 0.250178 0.199357 0.143992 0.111584 0.121207 0.175925 0.260192 0.343629 0.390451 0.372034 0.278844 0.127569 0.000000 0.000000 0.000000 0.000000 0.080168 0.315602 0.493726 0.512338 0.314347 0.000000 0.000000 0.000000 0.000000 0.629308 1.000000 1.000000 1.000000 0.000000 0.000000 0.000000 0.000000 0.151281 0.526705 1.000000 1.000000 1.000000 1.000000 0.000000 0.000000 0.000000 0.000000 1.000000 1.000000 1.000000 1.000000 0.395649 0.000000 0.000000 0.000000 0.000000 0.055188 0.155341 0.083311 0.000000 0.000000 0.000000 0.000000 0.000000 0.000000 0.049711 0.174289 0.137861 0.000000 0.000000 0.000000 0.000000 0.000000 0.000000 0.000000 0.000000 0.000000 0.000000 0.000000 0.000000 0.000000 0.000000 0.000000 0.000000 0.000000 0.000000 0.000000 0.000000 0.000000 0.000000 0.000000 0.000000 0.000000 0.000000 1.000000 1.000000 1.000000 0.000000 0.000000 0.000000 0.000000 0.607075 0.490847 0.000000 0.000000 0.000000 0.536149 1.000000 1.000000 0.200175 0.000000 0.000000 0.000000 0.000000 0.000000 0.000000 0.000000 0.000000 0.000000 0.000000 0.000000 0.000000 0.000000 0.000000 0.000000 0.000000 0.000000 0.000000 0.000000 0.000000 0.000000 0.000000 0.000000 0.000000 0.000000 0.000000 0.000000 0.457019 0.870958 0.978448 0.755456 0.312922 0.012762 0.000000 0.000000 0.000000 0.000000 0.000000 0.000000 0.000000 0.075437 0.261132 0.467053 0.734602 1.000000 1.000000 1.000000 1.000000 0.000000 0.000000 0.000000 0.462636 1.000000 1.000000 1.000000 0.003399 0.000000 1.000000 1.000000 1.000000 0.383277 0.000000 0.000000 0.000000 0.145775 0.404282 0.509027 0.474785 0.360665 0.233093 0.141435 0.107894 0.128989 0.184071 0.246006 0.290676 0.303135 0.279819 0.227493 0.159831 0.093199 0.042638 0.018897 0.026888 0.065460 0.128290 0.205396 0.284885 0.354678 0.404014 0.424657 0.411901 0.365304 0.289166 0.192578 0.088751 0.000000 0.000000 0.000000 0.000000 0.000000 0.041495 0.128724 0.191147 0.202299 0.148792 0.040398 0.000000 0.000000 0.000000 0.112955 0.504295 0.947338 1.000000 0.954829 0.000000 0.000000 0.000000 0.000000 0.219775
0.285135 1.000000 1.000000 1.000000 0.902330 0.000000 0.000000 0.000000 0.000000 0.469508 0.715146 0.581435 0.273395 0.000000 0.000000 0.000000 0.000000 0.073539 0.185541 0.227615 0.197034 0.119658 0.034847 0.000000 0.000000 0.018496 0.096767 0.180473 0.242267 0.264686 0.245633 0.198501 0.146974 0.116438 0.124596 0.174410 0.251734 0.328730 0.372521 0.356724 0.272429 0.134781 0.000000 0.000000 0.000000 0.000000 0.091499 0.306043 0.467532 0.482315 0.298250 0.000000 0.000000 0.000000 0.000000 0.589483 1.000000 1.000000 1.000000 0.000000 0.000000 0.000000 0.000000 0.155945 0.508667 1.000000 1.000000 1.000000 1.000000 0.000000 0.000000 0.000000 0.000000 1.000000 1.000000 1.000000 1.000000 0.387465 0.000000 0.000000 0.000000 0.000000 0.070439 0.160917 0.095560 0.000000 0.000000 0.000000 0.000000 0.000000 0.000000 0.061986 0.174381 0.141015 0.000000 0.000000 0.000000 0.000000 0.000000 0.000000 0.000000 0.000000 0.000000 0.000000 0.000000 0.000000 0.000000 0.000000 0.000000 0.000000 0.000000 0.000000 0.000000 0.000000 0.000000 0.000000 0.000000 0.000000 0.000000 0.000000 1.000000 1.000000 1.000000 0.000000 0.000000 0.000000 0.000000 0.572284 0.486088 0.000000 0.000000 0.000000 0.529775 1.000000 1.000000 0.173916 0.000000 0.000000 0.000000 0.000000 0.000000 0.000000 0.000000 0.000000 0.000000 0.000000 0.000000 0.000000 0.000000 0.000000 0.000000 0.000000 0.000000 0.000000 0.000000 0.000000 0.000000 0.000000 0.000000 0.000000 0.000000 0.000000 0.000000 0.410814 0.788503 0.885187 0.679364 0.273256 0.000000 0.000000 0.000000 0.000000 0.000000 0.000000 0.000000 0.000000 0.083049 0.256882 0.446321 0.689459 0.993965 1.000000 1.000000 1.000000 0.000000 0.000000 0.000000 0.406201 1.000000 1.000000 1.000000 0.001731 0.000000 1.000000 1.000000 1.000000 0.350764 0.000000 0.000000 0.000000 0.160142 0.394575 0.485754 0.448745 0.339049 0.218468 0.132656 0.101929 0.122732 0.175606 0.235132 0.278725 0.292352 0.272612 0.225680 0.164202 0.103319 0.056982 0.035161 0.042434 0.077773 0.135367 0.206037 0.278863 0.342774 0.387922 0.406813 0.395176 0.352656 0.283211 0.195132 0.100475 0.013724 0.000000 0.000000 0.000000 0.000000 0.056881 0.136411 0.193453 0.203858 0.155353 0.056719 0.000000 0.000000 0.000000 0.120472 0.476083 0.879121 1.000000 0.886105 0.000000 0.000000 0.000000 0.000000 0.216720
0.240683 1.000000 1.000000 1.000000 0.555172 0.000000 0.000000 0.000000 0.000000 0.336466 0.461960 0.394656 0.238848 0.092341 0.012894 0.011955 0.066630 0.139217 0.195379 0.215714 0.199034 0.158690 0.114855 0.086136 0.083271 0.106480 0.146681 0.189619 0.221268 0.232677 0.222781 0.198448 0.171835 0.155978 0.159987 0.185443 0.225165 0.264957 0.288013 0.280810 0.238720 0.169373 0.092209 0.033587 0.018194 0.058955 0.148757 0.257827 0.339697 0.346666 0.252208 0.073571 0.000000 0.000000 0.000000 0.402572 1.000000 1.000000 1.000000 0.000000 0.000000 0.000000 0.000000 0.198286 0.384612 1.000000 1.000000 1.000000 1.000000 0.000000 0.000000 0.000000 0.000000 0.712844 1.000000 1.000000 0.756402 0.324757 0.018332 0.000000 0.000000 0.053166 0.161433 0.206819 0.174777 0.087620 0.000000 0.000000 0.000000 0.000000 0.061789 0.157811 0.213418 0.196477 0.094553 0.000000 0.000000 0.000000 0.000000 0.000000 0.000000 0.000000 0.000000 0.000000 0.000000 0.000000 0.000000 0.000000 0.000000 0.000000 0.000000 0.000000 0.000000 0.000000 0.000000 0.000000 0.000000 0.000000 0.000000 0.000000 0.790668 1.000000 1.000000 0.000000 0.000000 0.000000 0.000000 0.419623 0.390000 0.000000 0.000000 0.000000 0.415162 1.000000 0.988972 0.181726 0.000000 0.000000 0.000000 0.000000 0.000000 0.000000 0.000000 0.000000 0.000000 0.000000 0.000000 0.000000 0.000000 0.000000 0.000000 0.000000 0.000000 0.000000 0.000000 0.000000 0.000000 0.000000 0.000000 0.000000 0.000000 0.000000 0.000000 0.266570 0.456792 0.505140 0.400956 0.196127 0.055168 0.000000 0.000000 0.000000 0.000000 0.000000 0.000000 0.012094 0.113049 0.204030 0.301828 0.425329 0.578577 0.736419 0.842327 0.827513 0.000000 0.000000 0.000000 0.262754 1.000000 1.000000 1.000000 0.071396 0.003011 1.000000 1.000000 0.833856 0.263947 0.000000 0.000000 0.053636 0.205273 0.314264 0.352346 0.328410 0.270382 0.208696 0.165520 0.150449 0.161334 0.188264 0.218473 0.240659 0.247801 0.238165 0.214805 0.184015 0.153382 0.129936 0.118764 0.122265 0.140027 0.169195 0.205162 0.242378 0.275157 0.298406 0.308220 0.302359 0.280623 0.245059 0.199961 0.151545 0.107248 0.074579 0.059621 0.065425 0.090610 0.128714 0.168776 0.197437 0.202627 0.178282 0.128891 0.072136 0.037428 0.058525 0.159473 0.335571 0.534857 0.650237 0.537082 0.072930 0.000000 0.000000 0.000000 0.205944
0.201680 0.999873 0.925611 0.562718 0.242214 0.076543 0.050240 0.100502 0.167266 0.214325 0.230807 0.223058 0.204406 0.187164 0.178415 0.179322 0.186757 0.195850 0.202318 0.203898 0.200702 0.194670 0.188533 0.184707 0.184499 0.187794 0.193265 0.198952 0.202986 0.204234 0.202648 0.199246 0.195728 0.193868 0.194869 0.198883 0.204865 0.210831 0.214470 0.213950 0.208675 0.199724 0.189779 0.182434 0.181020 0.187233 0.200019 0.215237 0.226495 0.227278 0.214008 0.189136 0.162842 0.151719 0.173151 0.235268 0.324606 0.396737 0.378760 0.195106 0.000000 0.000000 0.000000 0.240448 0.268445 1.000000 1.000000 1.000000 0.346928 0.000000 0.000000 0.003666 0.174599 0.305993 0.364395 0.358057 0.315248 0.265791 0.230062 0.215617 0.219350 0.232390 0.245219 0.251362 0.248944 0.240259 0.229997 0.223020 0.222454 0.228649 0.239182 0.249769 0.255705 0.253365 0.241325 0.220790 0.195255 0.169511 0.148297 0.134983 0.130665 0.133923 0.141329 0.148569 0.151857 0.149205 0.141126 0.130478 0.121387 0.117534 0.120347 0.127829 0.134737 0.134503 0.122680 0.100935 0.079775 0.077728 0.114952 0.200682 0.316914 0.405280 0.368977 0.107294 0.306813 0.389591 0.417069 0.288937 0.293461 0.000000 0.000000 0.000000 0.307326 0.321931 0.271097 0.192102 0.130589 0.096206 0.085933 0.088067 0.090499 0.085697 0.072166 0.053206 0.034261 0.020178 0.013281 0.012685 0.014835 0.014891 0.008438 0.000000 0.000000 0.000000 0.000000 0.000000 0.000000 0.000000 0.000000 0.000000 0.005382 0.060782 0.111798 0.151570 0.175474 0.181962 0.169501 0.144332 0.126730 0.102533 0.085013 0.077306 0.079868 0.090714 0.106302 0.122840 0.137602 0.149821 0.160767 0.172867 0.188047 0.205892 0.222488 0.230960 0.026397 0.000000 0.000000 0.141310 0.476508 1.000000 1.000000 0.138928 0.160472 0.192280 0.185330 0.188407 0.197537 0.211354 0.225365 0.235365 0.239114 0.236615 0.229551 0.220391 0.211563 0.204854 0.201149 0.200432 0.201995 0.204743 0.207513 0.209331 0.209599 0.208155 0.205265 0.201520 0.197699 0.194612 0.192945 0.193144 0.195334 0.199290 0.204467 0.210077 0.215204 0.218949 0.220577 0.219649 0.216120 0.210378 0.203212 0.195703 0.189051 0.184349 0.182348 0.183267 0.186674 0.191508 0.196269 0.199357 0.199532 0.196397 0.190775 0.184787 0.181513 0.184099 0.194371 0.211203 0.229189 0.238472 0.226837 0.185158 0.116697 0.049103 0.044566 0.197264
0.181880 0.000000 0.000000 0.000000 0.077076 0.505868 0.574642 0.444419 0.270752 0.148482 0.106964 0.130382 0.183955 0.234802 0.263247 0.265072 0.247645 0.223487 0.204198 0.196532 0.201209 0.214041 0.228440 0.238190 0.239573 0.232308 0.219216 0.204919 0.194076 0.189778 0.192584 0.200442 0.209502 0.215518 0.215411 0.208463 0.196770 0.184735 0.177697 0.180042 0.193411 0.215558 0.240456 0.259798 0.265705 0.253946 0.226594 0.192921 0.167542 0.165549 0.195391 0.251680 0.311212 0.336092 0.287009 0.146921 0.000000 0.000000 0.000000 0.362110 1.000000 1.000000 1.000000 0.265918 0.204286 0.000000 0.000000 0.000000 0.000000 1.000000 1.000000 0.994163 0.485967 0.099696 0.000000 0.000000 0.086504 0.233479 0.337627 0.377952 0.365164 0.326655 0.291046 0.277244 0.290006 0.321523 0.356956 0.381272 0.384968 0.367139 0.335334 0.302697 0.283538 0.288787 0.322671 0.381501 0.454793 0.528344 0.588308 0.625111 0.636056 0.625887 0.605081 0.586354 0.580391 0.592112 0.618801 0.650919 0.675665 0.682422 0.668253 0.641205 0.619236 0.623672 0.667990 0.745217 0.819711 0.830551 0.712764 0.437959 0.066368 0.000000 0.000000 0.766213 0.581182 0.721769 0.708787 0.225199 0.236542 1.000000 1.000000 1.000000 0.248407 0.000000 0.000000 0.194747 0.477033 0.637346 0.656349 0.578943 0.470956 0.387074 0.355131 0.375231 0.428476 0.489304 0.536468 0.559682 0.561033 0.551975 0.547702 0.561043 0.597745 0.654311 0.718729 0.773679 0.801161 0.787323 0.726210 0.621590 0.486424 0.340197 0.204735 0.099520 0.037597 0.023003 0.058621 0.126583 0.173422 0.234275 0.275473 0.290557 0.280654 0.252889 0.216974 0.181088 0.148532 0.116632 0.078785 0.029440 0.000000 0.000000 0.000000 0.000000 0.514494 1.000000 0.977083 0.081019 0.000000 0.000000 0.000000 0.175191 0.248478 0.000000 0.000000 0.000000 0.172017 0.338266 0.371134 0.322613 0.249391 0.190522 0.162369 0.163336 0.182116 0.205386 0.222938 0.229867 0.226370 0.216099 0.204056 0.194730 0.190910 0.193280 0.200662 0.210686 0.220595 0.227967 0.231203 0.229726 0.223925 0.214917 0.204233 0.193521 0.184313 0.177866 0.175090 0.176498 0.182161 0.191650 0.203980 0.217599 0.230482 0.240375 0.245227 0.243730 0.235888 0.223406 0.209685 0.199258 0.196575 0.204276 0.221360 0.241927 0.255368 0.248847 0.212514 0.146957 0.070883 0.025025 0.066225 0.244609 0.558328 0.888042 0.931280 0.193337
0.179092 0.000000 0.000000 0.000000 0.049537 0.577983 0.662469 0.501707 0.287483 0.136600 0.085105 0.113424 0.178708 0.240546 0.274861 0.276620 0.255029 0.225556 0.202449 0.193911 0.200674 0.217414 0.235889 0.248366 0.250256 0.241261 0.224948 0.207108 0.193577 0.188219 0.191744 0.201599 0.212991 0.220622 0.220632 0.212089 0.197559 0.182471 0.173430 0.175882 0.191879 0.218683 0.248876 0.272229 0.279048 0.264153 0.230164 0.188596 0.157555 0.155692 0.193379 0.263796 0.337995 0.368790 0.307224 0.131946 0.000000 0.000000 0.000000 0.381867 1.000000 1.000000 1.000000 0.272716 0.191760 0.000000 0.000000 0.000000 0.000000 1.000000 1.000000 1.000000 0.535194 0.071671 0.000000 0.000000 0.051831 0.227808 0.353252 0.402664 0.388446 0.343060 0.300618 0.283800 0.298497 0.335631 0.377689 0.406834 0.411723 0.391175 0.354042 0.315839 0.293508 0.300026 0.340453 0.410476 0.497724 0.585390 0.657059 0.701344 0.714975 0.703480 0.679170 0.657019 0.649612 0.662742 0.693210 0.729787 0.757459 0.763852 0.745739 0.712900 0.686799 0.692762 0.746622 0.839749 0.929352 0.942607 0.802029 0.473914 0.030309 0.000000 0.000000 0.862787 0.600081 0.716219 0.691513 0.219654 0.221927 1.000000 1.000000 1.000000 0.234732 0.000000 0.000000 0.190473 0.516363 0.700952 0.723731 0.637516 0.518227 0.428079 0.397871 0.426467 0.491251 0.562570 0.616392 0.641801 0.642340 0.632220 0.629583 0.649305 0.697527 0.769277 0.849520 0.917099 0.950333 0.932762 0.857580 0.729718 0.565140 0.387548 0.223346 0.096004 0.021174 0.003622 0.046761 0.128839 0.185691 0.259315 0.309131 0.327221 0.314794 0.280309 0.235426 0.190085 0.148500 0.107803 0.060410 0.000000 0.000000 0.000000 0.000000 0.000000 0.588434 1.000000 1.000000 0.076614 0.000000 0.000000 0.000000 0.179687 0.266182 0.000000 0.000000 0.000000 0.178194 0.354597 0.383266 0.324076 0.240865 0.176739 0.148864 0.154208 0.179084 0.207927 0.229069 0.237119 0.232614 0.220056 0.205438 0.194093 0.189320 0.191933 0.200548 0.212370 0.224135 0.232951 0.236878 0.235167 0.228213 0.217293 0.204215 0.190967 0.179439 0.171232 0.167538 0.169061 0.175939 0.187655 0.202972 0.219929 0.235980 0.248315 0.254399 0.252647 0.243102 0.227889 0.211189 0.198516 0.195247 0.204531 0.225117 0.249876 0.266075 0.258393 0.215152 0.137191 0.046925 0.000000 0.042483 0.254926 0.627454 1.000000 1.000000 0.193090
0.185412 0.000000 0.000000 0.000000 0.100778 0.444640 0.499451 0.394632 0.255053 0.156733 0.123106 0.141400 0.183717 0.223775 0.245945 0.247015 0.233031 0.214103 0.199511 0.194574 0.199711 0.211383 0.224141 0.232876 0.234547 0.228932 0.218362 0.206648 0.197650 0.193960 0.196117 0.202518 0.210078 0.215346 0.215776 0.210699 0.201700 0.192229 0.186507 0.188034 0.198138 0.215076 0.234102 0.248673 0.252611 0.242666 0.220633 0.194040 0.174630 0.174425 0.199991 0.246665 0.295390 0.315294 0.274469 0.159139 0.000000 0.000000 0.000000 0.320018 1.000000 1.000000 1.000000 0.266034 0.211089 0.000000 0.000000 0.000000 0.057418 0.952562 1.000000 0.827430 0.437380 0.139673 0.009307 0.026262 0.125394 0.238627 0.319897 0.352598 0.344406 0.315935 0.288993 0.278197 0.287501 0.311295 0.338529 0.357857 0.361987 0.350032 0.327466 0.304014 0.290351 0.294693 0.320288 0.364480 0.419527 0.474883 0.520230 0.548405 0.557344 0.550506 0.535603 0.521995 0.517516 0.525709 0.544468 0.566682 0.582939 0.585612 0.572949 0.551469 0.535035 0.539805 0.575678 0.636762 0.695274 0.704302 0.614167 0.403491 0.118811 0.000000 0.001990 0.652783 0.487899 0.556798 0.540123 0.244907 0.233226 1.000000 1.000000 1.000000 0.243875 0.000000 0.000000 0.183153 0.383937 0.497106 0.509358 0.453889 0.378507 0.322266 0.304289 0.323494 0.365296 0.410799 0.444828 0.460636 0.460697 0.454234 0.452887 0.466111 0.497712 0.544362 0.596302 0.639905 0.661270 0.649900 0.601524 0.519407 0.413866 0.300141 0.195150 0.113886 0.066293 0.055330 0.083044 0.135387 0.171763 0.218504 0.249911 0.260989 0.252561 0.230037 0.200808 0.171121 0.143543 0.116175 0.084233 0.043868 0.000000 0.000000 0.000000 0.000000 0.427444 0.943776 0.792892 0.104036 0.000000 0.000000 0.000000 0.164731 0.239870 0.000000 0.000000 0.000000 0.197828 0.305567 0.319214 0.278331 0.224099 0.183762 0.167636 0.173078 0.190789 0.210501 0.224668 0.229918 0.226753 0.218221 0.208285 0.200434 0.196809 0.197932 0.202915 0.209978 0.217059 0.222346 0.224636 0.223474 0.219107 0.212315 0.204187 0.195911 0.188620 0.183278 0.180633 0.181164 0.185028 0.191992 0.201364 0.211963 0.222188 0.230214 0.234340 0.233446 0.227453 0.217658 0.206741 0.198313 0.195952 0.201819 0.215188 0.231442 0.242210 0.237340 0.209024 0.157705 0.098150 0.062518 0.095653 0.237018 0.484940 0.744946 0.778161 0.194438
0.193470 0.000000 0.000000 0.002359 0.171764 0.259484 0.273375 0.246562 0.210947 0.185904 0.177362 0.182015 0.192726 0.202809 0.208333 0.208547 0.205068 0.200528 0.197318 0.196781 0.198976 0.202924 0.207147 0.210250 0.211382 0.210436 0.207989 0.205030 0.202596 0.201424 0.201741 0.203231 0.205181 0.206762 0.207333 0.206691 0.205163 0.203519 0.202711 0.203506 0.206151 0.210160 0.214358 0.217191 0.217273 0.214013 0.208117 0.201696 0.197827 0.199488 0.208070 0.221924 0.235632 0.240813 0.229073 0.197114 0.152890 0.120108 0.136577 0.240651 0.440642 0.662026 0.700455 0.252840 0.240313 0.000000 0.000000 0.000000 0.204662 0.444416 0.485457 0.411149 0.306395 0.226261 0.191136 0.195899 0.223171 0.254605 0.277629 0.287531 0.286163 0.278964 0.271831 0.268848 0.271304 0.277915 0.285876 0.292191 0.294828 0.293368 0.289030 0.284166 0.281424 0.282889 0.289426 0.300436 0.314048 0.327688 0.338837 0.345768 0.348023 0.346518 0.343197 0.340378 0.339940 0.342639 0.347797 0.353501 0.357337 0.357454 0.353619 0.347786 0.343788 0.345939 0.356734 0.374333 0.391002 0.393956 0.369832 0.313055 0.236411 0.179244 0.205507 0.380705 0.361676 0.401281 0.401027 0.275912 0.250168 0.927890 0.921019 0.830897 0.253199 0.151561 0.139268 0.175538 0.214535 0.235588 0.234328 0.218126 0.198210 0.183823 0.179385 0.184389 0.195046 0.206558 0.215113 0.219041 0.219001 0.217346 0.217021 0.220408 0.228454 0.240300 0.253468 0.264510 0.269917 0.267050 0.254846 0.234147 0.207572 0.178971 0.152607 0.132247 0.120374 0.117705 0.124711 0.137822 0.146956 0.158579 0.166309 0.168923 0.166654 0.160872 0.153419 0.145822 0.138665 0.131420 0.122873 0.112127 0.099814 0.088933 0.084564 0.091869 0.212012 0.344064 0.309341 0.138373 0.000000 0.000000 0.000000 0.144433 0.199329 0.081708 0.101513 0.164140 0.215750 0.238927 0.237640 0.223759 0.208482 0.198585 0.196046 0.199431 0.205750 0.212028 0.216237 0.217596 0.216403 0.213607 0.210347 0.207580 0.205868 0.205342 0.205780 0.206759 0.207810 0.208548 0.208736 0.208297 0.207287 0.205842 0.204130 0.202323 0.200584 0.199070 0.197945 0.197375 0.197509 0.198435 0.200128 0.202400 0.204889 0.207093 0.208465 0.208563 0.207217 0.204669 0.201609 0.199076 0.198172 0.199633 0.203352 0.208022 0.211142 0.209588 0.200898 0.185131 0.166828 0.156035 0.166881 0.211880 0.290558 0.372922 0.382865 0.195763
0.198959 0.694632 0.649759 0.424647 0.224908 0.121247 0.104734 0.136486 0.178852 0.208814 0.219186 0.213738 0.200873 0.188574 0.181658 0.181219 0.185538 0.191636 0.196737 0.199210 0.198862 0.196669 0.194169 0.192798 0.193384 0.195922 0.199668 0.203464 0.206175 0.207080 0.206114 0.203880 0.201435 0.199937 0.200238 0.202571 0.206413 0.210607 0.213688 0.214370 0.212015 0.206970 0.200591 0.194935 0.192123 0.193554 0.199196 0.207271 0.214565 0.217464 0.213573 0.203437 0.191624 0.186244 0.196167 0.225799 0.268478 0.301292 0.286146 0.183387 0.000000 0.000000 0.000000 0.238876 0.263898 0.721708 0.764007 0.712243 0.304379 0.088368 0.051742 0.118898 0.213319 0.285728 0.318168 0.315495 0.293310 0.267809 0.249838 0.243179 0.245869 0.252962 0.259361 0.261799 0.259608 0.254387 0.248951 0.246050 0.247317 0.252720 0.260621 0.268345 0.273041 0.272550 0.266053 0.254293 0.239368 0.224135 0.211424 0.203272 0.200402 0.202084 0.206429 0.211028 0.213756 0.213487 0.210482 0.206286 0.203107 0.202841 0.206063 0.211404 0.215713 0.215210 0.207505 0.193888 0.180829 0.179387 0.201369 0.251941 0.320133 0.371331 0.348689 0.193537 0.289199 0.330460 0.346096 0.298221 0.257866 0.000000 0.000000 0.000000 0.248881 0.297673 0.253827 0.168268 0.092770 0.048733 0.038243 0.050230 0.069803 0.084971 0.089767 0.084225 0.072371 0.059526 0.049975 0.045607 0.045691 0.047582 0.047967 0.044169 0.035130 0.021823 0.007037 0.000000 0.000000 0.000000 0.005417 0.028527 0.058162 0.090007 0.119304 0.141870 0.154967 0.157833 0.149999 0.135479 0.125343 0.112572 0.104162 0.101444 0.104137 0.110723 0.119189 0.127892 0.136230 0.144800 0.154884 0.167335 0.181262 0.193206 0.197613 0.189253 0.056913 0.000000 0.000000 0.162998 0.427119 0.813869 0.847760 0.129052 0.165885 0.341893 0.347935 0.287013 0.224317 0.186923 0.176911 0.184846 0.199328 0.211975 0.218848 0.219758 0.216704 0.212311 0.208717 0.207043 0.207358 0.208975 0.210872 0.212096 0.212035 0.210538 0.207887 0.204654 0.201531 0.199143 0.197920 0.198024 0.199347 0.201559 0.204194 0.206740 0.208727 0.209797 0.209742 0.208520 0.206254 0.203208 0.199761 0.196363 0.193483 0.191547 0.190859 0.191525 0.193388 0.196003 0.198673 0.200568 0.200938 0.199385 0.196135 0.192221 0.189415 0.189831 0.195090 0.205169 0.217209 0.224914 0.219447 0.192915 0.145287 0.094439 0.086288 0.196363
0.200717 1.000000 0.992333 0.597358 0.247007 0.065328 0.036577 0.092453 0.166865 0.219443 0.237635 0.228107 0.205628 0.184195 0.172210 0.171505 0.178982 0.189339 0.197667 0.201113 0.199399 0.194334 0.188744 0.185276 0.185489 0.189444 0.195851 0.202639 0.207723 0.209717 0.208368 0.204604 0.200191 0.197126 0.196931 0.200104 0.205872 0.212368 0.217188 0.218198 0.214343 0.206198 0.196026 0.187232 0.183289 0.186389 0.196272 0.209712 0.221110 0.224331 0.215527 0.196100 0.174502 0.165266 0.183992 0.238068 0.315047 0.373635 0.345781 0.160980 0.000000 0.000000 0.000000 0.227582 0.274876 1.000000 1.000000 1.000000 0.335207 0.000000 0.000000 0.020135 0.181292 0.305480 0.361639 0.357516 0.319389 0.274870 0.242724 0.229810 0.233153 0.244543 0.255295 0.259644 0.256145 0.247194 0.237347 0.231201 0.231624 0.238800 0.250265 0.261798 0.268801 0.267727 0.257144 0.238136 0.213989 0.189249 0.168456 0.154913 0.149827 0.152080 0.158692 0.165850 0.170193 0.169959 0.165595 0.159572 0.155361 0.155853 0.161738 0.170534 0.176918 0.174697 0.160160 0.135848 0.112958 0.110234 0.147432 0.232921 0.347857 0.433786 0.395277 0.134283 0.285290 0.350849 0.376906 0.307987 0.250305 0.000000 0.000000 0.000000 0.227636 0.336703 0.286311 0.160670 0.046376 0.000000 0.000000 0.000000 0.023980 0.049771 0.057815 0.048411 0.028434 0.006857 0.000000 0.000000 0.000000 0.000000 0.000000 0.000000 0.000000 0.000000 0.000000 0.000000 0.000000 0.000000 0.000000 0.000000 0.004203 0.057087 0.105643 0.142931 0.164448 0.168995 0.155899 0.131914 0.115151 0.094290 0.080758 0.076679 0.081517 0.092730 0.107024 0.121792 0.136191 0.151339 0.169366 0.191485 0.215768 0.235829 0.241815 0.224722 0.001116 0.000000 0.000000 0.171802 0.612327 1.000000 1.000000 0.123428 0.149303 0.446361 0.444603 0.331825 0.222915 0.162680 0.151427 0.170149 0.197774 0.219710 0.229858 0.228891 0.221155 0.211754 0.204596 0.201547 0.202507 0.206041 0.210192 0.213212 0.214025 0.212387 0.208796 0.204224 0.199791 0.196471 0.194893 0.195256 0.197355 0.200681 0.204566 0.208312 0.211303 0.213079 0.213357 0.212046 0.209231 0.205176 0.200310 0.195219 0.190603 0.187199 0.185647 0.186330 0.189197 0.193641 0.198501 0.202238 0.203326 0.200812 0.194924 0.187512 0.182022 0.182737 0.193098 0.213269 0.237555 0.252978 0.241024 0.184897 0.084239 0.000000 0.000000 0.196299
0.199640 0.975277 0.905695 0.554239 0.242437 0.080842 0.055457 0.105432 0.171873 0.218806 0.235055 0.226586 0.206584 0.187535 0.176922 0.176354 0.183031 0.192193 0.199435 0.202217 0.200317 0.195399 0.190050 0.186697 0.186782 0.190383 0.196336 0.202745 0.207673 0.209793 0.208797 0.205457 0.201334 0.198239 0.197609 0.199996 0.204827 0.210533 0.215025 0.216392 0.213619 0.207091 0.198669 0.191241 0.187807 0.190309 0.198600 0.209981 0.219681 0.222435 0.214913 0.198308 0.179905 0.172268 0.188901 0.236188 0.303254 0.354086 0.329308 0.167332 0.000000 0.000000 0.000000 0.220219 0.273250 0.835066 0.891449 0.833558 0.313991 0.037471 0.000000 0.076407 0.199288 0.294965 0.339395 0.337843 0.309806 0.276111 0.251160 0.240494 0.242219 0.250370 0.258461 0.262063 0.259911 0.253621 0.246481 0.241893 0.242052 0.247193 0.255585 0.264153 0.269476 0.268852 0.261099 0.246899 0.228593 0.209533 0.193152 0.182058 0.177367 0.178493 0.183429 0.189456 0.194056 0.195750 0.194578 0.192009 0.190277 0.191289 0.195497 0.201216 0.204834 0.202185 0.190893 0.173014 0.156709 0.155411 0.183143 0.245641 0.329063 0.391165 0.363278 0.175104 0.328484 0.423243 0.452903 0.308184 0.229637 0.000000 0.000000 0.000000 0.194227 0.286617 0.249981 0.152048 0.062143 0.010361 0.000653 0.019133 0.046544 0.067305 0.073763 0.066198 0.050158 0.032859 0.020071 0.014311 0.014561 0.017239 0.017875 0.012873 0.000820 0.000000 0.000000 0.000000 0.000000 0.000000 0.000000 0.000000 0.030434 0.072296 0.110642 0.139988 0.156809 0.160218 0.149780 0.130913 0.117725 0.101538 0.091225 0.088392 0.092555 0.101687 0.113231 0.125236 0.137175 0.150035 0.165481 0.184264 0.204441 0.220418 0.223927 0.207767 0.028254 0.000000 0.000000 0.167191 0.521572 1.000000 1.000000 0.127825 0.149834 0.414940 0.411515 0.310581 0.215208 0.164508 0.157537 0.176445 0.202088 0.221573 0.229845 0.227943 0.220084 0.211006 0.204227 0.201347 0.202177 0.205351 0.209091 0.211849 0.212706 0.211493 0.208675 0.205096 0.201688 0.199220 0.198141 0.198538 0.200179 0.202625 0.205353 0.207869 0.209779 0.210819 0.210852 0.209843 0.207845 0.204995 0.201529 0.197801 0.194287 0.191547 0.190135 0.190454 0.192584 0.196144 0.200236 0.203569 0.204766 0.202867 0.197894 0.191309 0.186065 0.185999 0.194358 0.211584 0.232882 0.246771 0.236473 0.186375 0.095467 0.000000 0.000000 0.196003
0.197388 0.625652 0.588065 0.395011 0.223684 0.135018 0.121297 0.148985 0.185638 0.211471 0.220375 0.215690 0.204717 0.194341 0.188661 0.188516 0.192306 0.197362 0.201237 0.202544 0.201208 0.198216 0.195072 0.193183 0.193383 0.195718 0.199505 0.203622 0.206903 0.208519 0.208221 0.206394 0.203909 0.201829 0.201049 0.201997 0.204478 0.207712 0.210577 0.211977 0.211247 0.208448 0.204440 0.200684 0.198771 0.199810 0.203864 0.209671 0.214847 0.216680 0.213384 0.205461 0.196561 0.193108 0.202079 0.226806 0.261646 0.287784 0.274085 0.188137 0.022302 0.000000 0.000000 0.216540 0.263018 0.355757 0.388777 0.420151 0.272104 0.191950 0.177636 0.203246 0.241033 0.272032 0.288296 0.290444 0.283629 0.273885 0.265773 0.261463 0.260939 0.262819 0.265328 0.267070 0.267432 0.266612 0.265354 0.264556 0.264886 0.266531 0.269128 0.271882 0.273809 0.274029 0.272022 0.267786 0.261849 0.255148 0.248807 0.243871 0.241071 0.240675 0.242454 0.245783 0.249828 0.253773 0.257018 0.259288 0.260615 0.261218 0.261304 0.260913 0.259860 0.257878 0.254933 0.251639 0.249524 0.250904 0.258073 0.271724 0.288894 0.301349 0.295949 0.259460 0.383365 0.495749 0.523219 0.304267 0.203162 0.000000 0.000000 0.000000 0.157434 0.193275 0.179724 0.142609 0.108350 0.088601 0.084933 0.092053 0.102587 0.110564 0.113048 0.110151 0.104005 0.097382 0.092495 0.090309 0.090433 0.091490 0.091767 0.089885 0.085306 0.078534 0.071003 0.064689 0.061585 0.063167 0.070001 0.081562 0.096334 0.112125 0.126551 0.137546 0.143799 0.145004 0.141038 0.133975 0.129043 0.123084 0.119370 0.118475 0.120191 0.123751 0.128215 0.132899 0.137663 0.142915 0.149261 0.156879 0.164850 0.170849 0.171623 0.164553 0.096331 0.025506 0.049392 0.156286 0.295422 0.488281 0.505848 0.139725 0.162234 0.306710 0.305822 0.253806 0.206121 0.182847 0.182452 0.194735 0.209313 0.219546 0.223172 0.221178 0.216116 0.210649 0.206644 0.204862 0.205097 0.206557 0.208288 0.209517 0.209836 0.209231 0.207987 0.206532 0.205280 0.204515 0.204332 0.204652 0.205277 0.205969 0.206524 0.206816 0.206811 0.206549 0.206100 0.205523 0.204837 0.204025 0.203056 0.201929 0.200722 0.199609 0.198842 0.198688 0.199322 0.200717 0.202565 0.204286 0.205147 0.204517 0.202190 0.198693 0.195401 0.194313 0.197332 0.205076 0.215484 0.222841 0.218271 0.192999 0.145554 0.092908 0.082510 0.195927
0.195407 0.246843 0.243693 0.222359 0.203440 0.193875 0.192655 0.195873 0.199869 0.202516 0.203279 0.202665 0.201561 0.200718 0.200507 0.200896 0.201586 0.202202 0.202460 0.202259 0.201701 0.201033 0.200550 0.200501 0.201011 0.202050 0.203444 0.204930 0.206227 0.207108 0.207458 0.207295 0.206762 0.206084 0.205510 0.205244 0.205400 0.205972 0.206844 0.207826 0.208710 0.209335 0.209631 0.209643 0.209513 0.209430 0.209566 0.210006 0.210714 0.211545 0.212314 0.212904 0.213363 0.213944 0.215001 0.216721 0.218728 0.219717 0.217449 0.209532 0.195493 0.178802 0.172567 0.215554 0.249307 0.000000 0.000000 0.050239 0.237159 0.334251 0.349930 0.320396 0.280717 0.252409 0.242305 0.247071 0.259055 0.270952 0.278342 0.280205 0.278072 0.274599 0.272226 0.272320 0.274924 0.279030 0.283150 0.285940 0.286677 0.285450 0.283068 0.280738 0.279641 0.280548 0.283579 0.288187 0.293339 0.297863 0.300821 0.301832 0.301206 0.299868 0.299071 0.299967 0.303173 0.308472 0.314766 0.320347 0.323451 0.322948 0.318961 0.313127 0.308292 0.307549 0.312772 0.323080 0.333917 0.337610 0.326044 0.295589 0.253234 0.221288 0.236183 0.335399 0.419116 0.528675 0.550291 0.300977 0.179714 0.345572 0.324848 0.296703 0.126300 0.104234 0.112029 0.133695 0.153702 0.165212 0.167356 0.163243 0.157155 0.152547 0.151108 0.152766 0.156289 0.160081 0.162873 0.164110 0.164022 0.163397 0.163217 0.164270 0.166864 0.170710 0.174990 0.178580 0.180349 0.179461 0.175604 0.169080 0.160757 0.151879 0.143793 0.137658 0.134202 0.133579 0.135830 0.139769 0.142511 0.145760 0.147721 0.148095 0.147020 0.144940 0.142371 0.139664 0.136846 0.133634 0.129664 0.124878 0.119934 0.116402 0.116486 0.122082 0.163241 0.207279 0.200121 0.147088 0.076381 0.000000 0.000000 0.155608 0.179659 0.184381 0.187751 0.192867 0.199628 0.206533 0.212073 0.215437 0.216616 0.216156 0.214815 0.213273 0.211958 0.211023 0.210403 0.209929 0.209436 0.208841 0.208167 0.207529 0.207082 0.206962 0.207237 0.207872 0.208732 0.209607 0.210262 0.210491 0.210168 0.209277 0.207922 0.206308 0.204700 0.203365 0.202519 0.202281 0.202643 0.203476 0.204557 0.205621 0.206423 0.206796 0.206691 0.206192 0.205488 0.204825 0.204422 0.204402 0.204730 0.205206 0.205505 0.205283 0.204306 0.202583 0.200435 0.198455 0.197318 0.197464 0.198758 0.200299 0.200661 0.198813 0.195753 0.196317
0.194461 0.000000 0.009099 0.104857 0.190024 0.234492 0.241667 0.227860 0.209156 0.195622 0.190628 0.192781 0.198550 0.204420 0.208132 0.208998 0.207591 0.205124 0.202839 0.201574 0.201594 0.202651 0.204200 0.205653 0.206593 0.206887 0.206680 0.206299 0.206101 0.206331 0.207030 0.208023 0.208980 0.209541 0.209453 0.208681 0.207449 0.206198 0.205458 0.205677 0.207047 0.209394 0.212177 0.214614 0.215930 0.215659 0.213898 0.211412 0.209490 0.209523 0.212360 0.217637 0.223374 0.226197 0.222471 0.210403 0.192671 0.178491 0.183205 0.222910 0.301850 0.388705 0.397934 0.216129 0.236409 0.000000 0.000000 0.000000 0.223676 0.406089 0.436135 0.379698 0.302056 0.244347 0.220739 0.226188 0.246972 0.269352 0.284489 0.289696 0.287130 0.281318 0.276715 0.276051 0.279747 0.286276 0.293113 0.297843 0.299041 0.296700 0.292134 0.287474 0.284930 0.286090 0.291442 0.300247 0.310796 0.320945 0.328772 0.333161 0.334129 0.332801 0.331018 0.330692 0.333104 0.338360 0.345230 0.351481 0.354664 0.353159 0.347132 0.338978 0.332881 0.333360 0.342998 0.360047 0.377011 0.381549 0.360804 0.309320 0.238918 0.186245 0.210754 0.373275 0.419984 0.506571 0.520923 0.300830 0.166605 0.618239 0.587307 0.527264 0.107588 0.052189 0.072211 0.127366 0.178462 0.207941 0.213533 0.203124 0.187633 0.175881 0.172185 0.176375 0.185314 0.194940 0.202010 0.205120 0.204847 0.203201 0.202678 0.205279 0.211785 0.221463 0.232246 0.241293 0.245759 0.243552 0.233907 0.217609 0.196859 0.174785 0.154757 0.139648 0.131229 0.129830 0.135469 0.145150 0.151855 0.159631 0.164149 0.164727 0.161757 0.156336 0.149693 0.142595 0.134993 0.126129 0.115165 0.102201 0.089281 0.080759 0.082369 0.098569 0.202096 0.310018 0.287816 0.145607 0.000000 0.000000 0.000000 0.172252 0.196366 0.092721 0.100027 0.149469 0.197710 0.226865 0.235897 0.231589 0.222069 0.213384 0.208471 0.207605 0.209450 0.212163 0.214191 0.214687 0.213565 0.211323 0.208746 0.206615 0.205489 0.205592 0.206810 0.208766 0.210941 0.212811 0.213953 0.214125 0.213286 0.211588 0.209324 0.206869 0.204607 0.202872 0.201900 0.201799 0.202540 0.203964 0.205807 0.207735 0.209393 0.210465 0.210734 0.210133 0.208789 0.207020 0.205296 0.204139 0.203974 0.204952 0.206787 0.208684 0.209423 0.207679 0.202597 0.194547 0.185829 0.180944 0.185812 0.205297 0.238541 0.272453 0.275438 0.197162
0.194597 0.000000 0.000000 0.066117 0.186129 0.248707 0.258520 0.238608 0.211790 0.192397 0.185244 0.188347 0.196639 0.205065 0.210358 0.211526 0.209404 0.205772 0.202461 0.200710 0.200909 0.202676 0.205164 0.207448 0.208850 0.209127 0.208480 0.207427 0.206576 0.206403 0.207092 0.208476 0.210110 0.211425 0.211934 0.211408 0.209981 0.208131 0.206549 0.205917 0.206670 0.208811 0.211850 0.214915 0.217023 0.217449 0.216071 0.213563 0.211294 0.210882 0.213445 0.218781 0.224808 0.227732 0.223302 0.209280 0.188628 0.172126 0.178081 0.226029 0.321528 0.428033 0.442506 0.217352 0.226861 0.000000 0.000000 0.000000 0.232010 0.395915 0.422587 0.371253 0.300678 0.248017 0.226191 0.230790 0.249501 0.269904 0.283929 0.289033 0.287061 0.282051 0.278034 0.277529 0.280992 0.287108 0.293628 0.298355 0.299950 0.298326 0.294593 0.290621 0.288400 0.289403 0.294150 0.302078 0.311736 0.321248 0.328881 0.333565 0.335198 0.334642 0.333410 0.333124 0.334908 0.338918 0.344196 0.348934 0.351140 0.349525 0.344306 0.337578 0.332928 0.334165 0.343363 0.358802 0.373774 0.377423 0.358552 0.312575 0.250135 0.203645 0.225422 0.368786 0.387366 0.438267 0.445768 0.304034 0.167781 0.607120 0.574277 0.514213 0.104671 0.048930 0.069609 0.125615 0.177563 0.207601 0.213450 0.203080 0.187524 0.175686 0.171929 0.176092 0.185024 0.194641 0.201690 0.204761 0.204434 0.202721 0.202121 0.204636 0.211042 0.220610 0.231282 0.240240 0.244670 0.242519 0.233052 0.217077 0.196784 0.175267 0.155833 0.141270 0.133263 0.132067 0.137608 0.146910 0.153296 0.160508 0.164475 0.164608 0.161337 0.155735 0.148929 0.141539 0.133376 0.123622 0.111537 0.097528 0.084137 0.076304 0.080217 0.100359 0.205833 0.314531 0.295389 0.154354 0.000000 0.000000 0.000000 0.187398 0.208984 0.051346 0.061079 0.132388 0.200326 0.239257 0.248856 0.239983 0.224884 0.212229 0.205851 0.205638 0.209263 0.213853 0.217144 0.218013 0.216474 0.213347 0.209797 0.206906 0.205385 0.205461 0.206910 0.209199 0.211670 0.213715 0.214905 0.215051 0.214197 0.212573 0.210513 0.208378 0.206483 0.205063 0.204251 0.204086 0.204524 0.205452 0.206707 0.208080 0.209327 0.210198 0.210470 0.210002 0.208803 0.207074 0.205220 0.203790 0.203334 0.204184 0.206215 0.208659 0.210106 0.208821 0.203436 0.193991 0.183042 0.176288 0.181825 0.206964 0.251724 0.299197 0.305593 0.198260
0.195386 0.000000 0.000000 0.092845 0.189908 0.240608 0.248322 0.231585 0.209049 0.192620 0.186454 0.189037 0.196189 0.203614 0.208439 0.209683 0.207954 0.204740 0.201657 0.199880 0.199877 0.201424 0.203838 0.206290 0.208098 0.208920 0.208808 0.208128 0.207400 0.207100 0.207508 0.208619 0.210158 0.211676 0.212702 0.212903 0.212201 0.210810 0.209187 0.207899 0.207443 0.208079 0.209729 0.211973 0.214179 0.215716 0.216207 0.215718 0.214800 0.214310 0.215029 0.217155 0.219895 0.221407 0.219371 0.212309 0.201441 0.192374 0.195264 0.221543 0.275297 0.336962 0.347871 0.218660 0.221396 0.060386 0.065187 0.106882 0.252693 0.327751 0.338930 0.314428 0.281745 0.258024 0.248998 0.252321 0.262036 0.272241 0.279163 0.281687 0.280797 0.278513 0.276836 0.277023 0.279317 0.283083 0.287206 0.290567 0.292434 0.292672 0.291730 0.290451 0.289770 0.290423 0.292726 0.296501 0.301152 0.305864 0.309858 0.312628 0.314086 0.314569 0.314709 0.315193 0.316499 0.318690 0.321343 0.323677 0.324843 0.324322 0.322276 0.319702 0.318240 0.319579 0.324562 0.332252 0.339416 0.340954 0.331700 0.309668 0.280040 0.258157 0.268564 0.336130 0.335613 0.348815 0.351055 0.309271 0.183288 0.393453 0.366087 0.329679 0.117608 0.087556 0.099099 0.129575 0.157834 0.174212 0.177519 0.172062 0.163776 0.157445 0.155411 0.157592 0.162312 0.167395 0.171111 0.172710 0.172502 0.171553 0.171187 0.172461 0.175785 0.180772 0.186342 0.191019 0.193335 0.192229 0.187336 0.179092 0.168653 0.157630 0.147729 0.140371 0.136390 0.135875 0.138732 0.143405 0.146566 0.150022 0.151777 0.151570 0.149650 0.146555 0.142807 0.138639 0.133870 0.128064 0.120951 0.113037 0.106110 0.103303 0.108333 0.123716 0.183757 0.245565 0.241630 0.172147 0.077423 0.000000 0.000000 0.199896 0.216588 0.058018 0.068314 0.139433 0.206031 0.243020 0.250811 0.240760 0.225242 0.212765 0.206864 0.207137 0.211071 0.215733 0.218908 0.219573 0.217845 0.214605 0.211019 0.208121 0.206546 0.206449 0.207571 0.209393 0.211329 0.212887 0.213765 0.213890 0.213372 0.212440 0.211348 0.210310 0.209450 0.208802 0.208332 0.207978 0.207688 0.207444 0.207263 0.207172 0.207176 0.207228 0.207222 0.207018 0.206498 0.205638 0.204571 0.203596 0.203114 0.203468 0.204727 0.206471 0.207705 0.207026 0.203154 0.195826 0.186856 0.180877 0.184930 0.205859 0.244533 0.286862 0.294007 0.199330
0.196256 0.092491 0.102367 0.152091 0.197191 0.220941 0.224250 0.215537 0.203763 0.194977 0.191542 0.192924 0.197049 0.201581 0.204788 0.205902 0.205075 0.203065 0.200851 0.199282 0.198854 0.199643 0.201366 0.203531 0.205609 0.207192 0.208090 0.208347 0.208200 0.207983 0.208013 0.208495 0.209458 0.210748 0.212073 0.213087 0.213492 0.213130 0.212047 0.210497 0.208895 0.207719 0.207386 0.208127 0.209902 0.212383 0.215009 0.217127 0.218180 0.217901 0.216448 0.214428 0.212768 0.212416 0.213947 0.217164 0.220866 0.222989 0.221255 0.214386 0.203680 0.194804 0.197607 0.219816 0.219432 0.336816 0.350631 0.326616 0.272874 0.241788 0.234354 0.242077 0.255274 0.267103 0.274471 0.277243 0.276877 0.275192 0.273599 0.272808 0.272903 0.273602 0.274537 0.275459 0.276320 0.277245 0.278429 0.280017 0.282020 0.284284 0.286522 0.288390 0.289597 0.289985 0.289584 0.288610 0.287412 0.286380 0.285841 0.285977 0.286777 0.288051 0.289496 0.290793 0.291724 0.292247 0.292526 0.292880 0.293661 0.295102 0.297170 0.299497 0.301441 0.302299 0.301637 0.299647 0.297368 0.296568 0.299140 0.305975 0.315547 0.322819 0.319504 0.297086 0.284633 0.268131 0.267246 0.314730 0.209864 0.120566 0.103271 0.098985 0.143973 0.149446 0.146293 0.139006 0.132272 0.128338 0.127511 0.128791 0.130765 0.132283 0.132771 0.132240 0.131092 0.129854 0.128947 0.128556 0.128607 0.128842 0.128936 0.128630 0.127822 0.126606 0.125244 0.124098 0.123526 0.123787 0.124969 0.126965 0.129488 0.132146 0.134521 0.136269 0.137195 0.137286 0.136583 0.135473 0.134741 0.133991 0.133682 0.133860 0.134439 0.135269 0.136210 0.137224 0.138410 0.139983 0.142184 0.145139 0.148727 0.152556 0.156113 0.159145 0.153853 0.150450 0.164386 0.194919 0.229981 0.268609 0.274844 0.209499 0.220034 0.097305 0.106523 0.162009 0.212835 0.240097 0.244794 0.236170 0.223917 0.214470 0.210295 0.210829 0.213972 0.217423 0.219536 0.219632 0.217914 0.215127 0.212180 0.209825 0.208478 0.208186 0.208706 0.209649 0.210624 0.211357 0.211739 0.211821 0.211751 0.211703 0.211794 0.212042 0.212352 0.212550 0.212440 0.211870 0.210792 0.209285 0.207544 0.205838 0.204428 0.203502 0.203111 0.203162 0.203449 0.203727 0.203814 0.203664 0.203398 0.203248 0.203424 0.203926 0.204402 0.204134 0.202283 0.198423 0.193288 0.189429 0.191217 0.203380 0.227297 0.254784 0.260795 0.200131
0.196772 0.217875 0.216285 0.209104 0.203719 0.201255 0.200393 0.199768 0.198853 0.197876 0.197351 0.197644 0.198745 0.200290 0.201735 0.202584 0.202572 0.201742 0.200417 0.199078 0.198211 0.198163 0.199051 0.200740 0.202897 0.205093 0.206928 0.208135 0.208652 0.208625 0.208356 0.208208 0.208485 0.209333 0.210684 0.212251 0.213607 0.214300 0.214003 0.212643 0.210474 0.208060 0.206154 0.205501 0.206581 0.209398 0.213359 0.217340 0.219962 0.220055 0.217215 0.212266 0.207390 0.205698 0.210084 0.221463 0.236822 0.248022 0.242742 0.209238 0.146220 0.079363 0.074238 0.220800 0.219739 0.526730 0.546371 0.477024 0.282087 0.175531 0.154566 0.185125 0.231379 0.269428 0.289689 0.293316 0.286794 0.277305 0.269933 0.266771 0.267388 0.269987 0.272601 0.273947 0.273764 0.272678 0.271773 0.272065 0.274091 0.277704 0.282132 0.286239 0.288889 0.289300 0.287279 0.283270 0.278225 0.273322 0.269623 0.267779 0.267857 0.269355 0.271395 0.273047 0.273682 0.273235 0.272281 0.271853 0.273044 0.276481 0.281859 0.287755 0.291894 0.291947 0.286721 0.277397 0.268210 0.265893 0.277307 0.305213 0.343065 0.371125 0.357722 0.270826 0.252271 0.220490 0.218663 0.318963 0.242227 0.000000 0.000000 0.000000 0.179943 0.212548 0.193875 0.152230 0.114027 0.091690 0.086649 0.093257 0.103761 0.111903 0.114593 0.111890 0.105927 0.099492 0.094806 0.092835 0.093187 0.094503 0.095099 0.093633 0.089586 0.083443 0.076560 0.070774 0.067894 0.069202 0.075106 0.085013 0.097466 0.110477 0.121993 0.130359 0.134682 0.134987 0.131577 0.126394 0.123131 0.119977 0.119032 0.120456 0.123847 0.128565 0.134134 0.140571 0.148457 0.158638 0.171560 0.186441 0.200649 0.209814 0.209135 0.196096 0.134478 0.076855 0.102665 0.217108 0.362642 0.533222 0.554522 0.216527 0.221025 0.150000 0.156993 0.189974 0.218959 0.233521 0.234976 0.229178 0.221872 0.216629 0.214587 0.215153 0.216952 0.218631 0.219321 0.218767 0.217216 0.215179 0.213191 0.211638 0.210675 0.210247 0.210164 0.210204 0.210206 0.210119 0.210009 0.210016 0.210293 0.210935 0.211924 0.213115 0.214252 0.215024 0.215140 0.214407 0.212788 0.210431 0.207644 0.204839 0.202442 0.200796 0.200078 0.200257 0.201102 0.202250 0.203305 0.203953 0.204059 0.203693 0.203089 0.202521 0.202149 0.201890 0.201418 0.200342 0.198587 0.196853 0.196873 0.200999 0.210603 0.222935 0.226949 0.200539
0.196789 0.286413 0.278672 0.240115 0.206714 0.189657 0.186579 0.190745 0.196291 0.200084 0.201491 0.201314 0.200698 0.200429 0.200703 0.201244 0.201593 0.201396 0.200579 0.199376 0.198230 0.197618 0.197883 0.199120 0.201144 0.203555 0.205860 0.207625 0.208596 0.208775 0.208404 0.207892 0.207679 0.208091 0.209227 0.210908 0.212708 0.214073 0.214495 0.213692 0.211744 0.209137 0.206677 0.205276 0.205658 0.208055 0.212008 0.216361 0.219527 0.220026 0.217175 0.211726 0.206146 0.204189 0.209551 0.223647 0.243013 0.257538 0.251370 0.208829 0.127272 0.038955 0.029482 0.221691 0.221048 0.562869 0.582630 0.503302 0.275739 0.151114 0.126362 0.162140 0.216867 0.262591 0.287873 0.293733 0.287472 0.277329 0.269224 0.265676 0.266312 0.269151 0.271980 0.273335 0.272900 0.271381 0.270016 0.269993 0.271967 0.275824 0.280735 0.285436 0.288638 0.289421 0.287510 0.283333 0.277892 0.272451 0.268173 0.265788 0.265405 0.266526 0.268257 0.269654 0.270103 0.269599 0.268805 0.268844 0.270842 0.275346 0.281836 0.288548 0.292828 0.292079 0.285128 0.273623 0.262736 0.260433 0.274638 0.308286 0.353315 0.386287 0.370056 0.267442 0.248684 0.217654 0.216767 0.321321 0.274603 0.000000 0.000000 0.000000 0.221299 0.258422 0.227112 0.166542 0.111962 0.079901 0.071913 0.080114 0.093892 0.104729 0.108410 0.104962 0.097196 0.088800 0.082711 0.080204 0.080764 0.082604 0.083521 0.081763 0.076660 0.068847 0.060079 0.052716 0.049057 0.050701 0.058112 0.070481 0.085915 0.101893 0.115864 0.125839 0.130821 0.130988 0.126885 0.120983 0.117645 0.114848 0.114965 0.118087 0.123700 0.131129 0.140058 0.150871 0.164597 0.182332 0.204201 0.228178 0.249360 0.260418 0.253897 0.226522 0.138006 0.056480 0.083226 0.233221 0.430257 0.654887 0.683512 0.221529 0.221272 0.200266 0.204408 0.215255 0.223313 0.226139 0.225038 0.222354 0.219940 0.218646 0.218451 0.218847 0.219241 0.219217 0.218633 0.217595 0.216338 0.215116 0.214099 0.213339 0.212778 0.212295 0.211773 0.211150 0.210452 0.209790 0.209332 0.209249 0.209658 0.210574 0.211888 0.213374 0.214720 0.215594 0.215711 0.214900 0.213150 0.210625 0.207645 0.204626 0.202003 0.200141 0.199257 0.199372 0.200305 0.201717 0.203186 0.204317 0.204839 0.204673 0.203948 0.202945 0.201992 0.201328 0.201003 0.200851 0.200604 0.200107 0.199584 0.199726 0.201367 0.204476 0.206472 0.200564
0.196453 0.281837 0.274682 0.237751 0.205485 0.188943 0.186125 0.190624 0.196672 0.201039 0.202927 0.203008 0.202394 0.201929 0.201920 0.202205 0.202396 0.202155 0.201368 0.200201 0.199024 0.198273 0.198287 0.199202 0.200900 0.203054 0.205224 0.206991 0.208077 0.208417 0.208172 0.207675 0.207326 0.207461 0.208246 0.209612 0.211262 0.212751 0.213620 0.213548 0.212488 0.210718 0.208808 0.207471 0.207340 0.208717 0.211393 0.214605 0.217206 0.218046 0.216511 0.213029 0.209336 0.208210 0.212482 0.223344 0.238315 0.249780 0.245562 0.213372 0.150755 0.081943 0.072945 0.222575 0.222442 0.445565 0.460136 0.407250 0.255831 0.170869 0.152296 0.175603 0.213798 0.247987 0.269662 0.278464 0.278417 0.274556 0.270774 0.269006 0.269408 0.271076 0.272849 0.273911 0.274069 0.273706 0.273520 0.274187 0.276088 0.279157 0.282907 0.286588 0.289420 0.290826 0.290592 0.288914 0.286325 0.283528 0.281188 0.279747 0.279317 0.279689 0.280449 0.281165 0.281593 0.281812 0.282235 0.283466 0.286025 0.290019 0.294884 0.299344 0.301692 0.300417 0.295073 0.287094 0.280144 0.279513 0.290192 0.313654 0.344071 0.365706 0.354291 0.286136 0.273835 0.256719 0.258143 0.321970 0.302094 0.044974 0.054645 0.075231 0.264100 0.276626 0.237455 0.178960 0.128608 0.098841 0.090037 0.095244 0.105576 0.114000 0.117016 0.114543 0.108726 0.102411 0.097864 0.096064 0.096616 0.098158 0.099019 0.097885 0.094265 0.088645 0.082332 0.077055 0.074467 0.075674 0.080934 0.089590 0.100231 0.111056 0.120318 0.126739 0.129794 0.129795 0.127320 0.124144 0.123101 0.122946 0.125101 0.129571 0.136091 0.144497 0.155069 0.168638 0.186317 0.208783 0.235247 0.262475 0.284406 0.293052 0.281152 0.246611 0.167693 0.097709 0.114230 0.239217 0.415741 0.610524 0.637665 0.225047 0.221949 0.239202 0.240280 0.233598 0.225632 0.219867 0.217273 0.217269 0.218644 0.220218 0.221196 0.221261 0.220494 0.219214 0.217806 0.216588 0.215731 0.215249 0.215026 0.214878 0.214623 0.214135 0.213378 0.212416 0.211393 0.210494 0.209899 0.209741 0.210067 0.210825 0.211866 0.212972 0.213891 0.214381 0.214262 0.213447 0.211959 0.209936 0.207609 0.205263 0.203189 0.201637 0.200770 0.200636 0.201162 0.202167 0.203398 0.204577 0.205452 0.205846 0.205682 0.204991 0.203895 0.202576 0.201230 0.200046 0.199186 0.198792 0.198997 0.199888 0.201380 0.202969 0.203378 0.200328
0.196100 0.220597 0.219172 0.209551 0.201186 0.196982 0.196342 0.197603 0.199351 0.200853 0.201955 0.202786 0.203503 0.204144 0.204615 0.204763 0.204467 0.203718 0.202643 0.201479 0.200513 0.200000 0.200098 0.200826 0.202064 0.203586 0.205119 0.206414 0.207304 0.207740 0.207797 0.207648 0.207511 0.207591 0.208015 0.208806 0.209863 0.210996 0.211972 0.212586 0.212724 0.212409 0.211800 0.211163 0.210791 0.210911 0.211601 0.212739 0.214027 0.215090 0.215641 0.215655 0.215496 0.215886 0.217656 0.221250 0.226095 0.230086 0.229649 0.220984 0.203020 0.182170 0.177654 0.223500 0.223500 0.231523 0.238133 0.236923 0.229359 0.220312 0.214416 0.214224 0.219904 0.229860 0.241699 0.253111 0.262447 0.268948 0.272675 0.274256 0.274574 0.274484 0.274622 0.275321 0.276630 0.278400 0.280393 0.282388 0.284253 0.285969 0.287613 0.289308 0.291164 0.293226 0.295441 0.297664 0.299687 0.301299 0.302344 0.302776 0.302689 0.302307 0.301946 0.301937 0.302545 0.303891 0.305900 0.308302 0.310682 0.312579 0.313616 0.313622 0.312720 0.311334 0.310098 0.309681 0.310548 0.312739 0.315765 0.318684 0.320440 0.320393 0.318873 0.317420 0.318223 0.322357 0.326837 0.321600 0.321600 0.321702 0.333539 0.329831 0.304993 0.266091 0.223875 0.187136 0.160489 0.144549 0.137281 0.135567 0.136448 0.137812 0.138574 0.138505 0.137888 0.137167 0.136700 0.136630 0.136894 0.137300 0.137635 0.137757 0.137639 0.137362 0.137071 0.136907 0.136948 0.137177 0.137490 0.137736 0.137776 0.137548 0.137106 0.136625 0.136364 0.136601 0.137555 0.139328 0.141891 0.145138 0.149000 0.153591 0.159342 0.167053 0.177792 0.192599 0.212010 0.235463 0.260786 0.283980 0.299607 0.302013 0.287428 0.256701 0.217840 0.186995 0.185881 0.233476 0.330544 0.438149 0.457217 0.227500 0.223500 0.264987 0.263073 0.244539 0.226340 0.215504 0.212425 0.214394 0.218167 0.221339 0.222764 0.222385 0.220797 0.218802 0.217077 0.215998 0.215620 0.215753 0.216086 0.216308 0.216205 0.215700 0.214850 0.213810 0.212777 0.211934 0.211401 0.211218 0.211339 0.211653 0.212013 0.212275 0.212321 0.212085 0.211554 0.210764 0.209784 0.208695 0.207577 0.206494 0.205493 0.204615 0.203900 0.203398 0.203169 0.203277 0.203759 0.204597 0.205685 0.206803 0.207632 0.207802 0.206980 0.205010 0.202043 0.198641 0.195778 0.194661 0.196358 0.201189 0.208023 0.213694 0.213011 0.200000
0.196096 0.138626 0.144698 0.171912 0.196005 0.208630 0.210890 0.207479 0.202951 0.200093 0.199751 0.201400 0.203910 0.206179 0.207501 0.207665 0.206869 0.205539 0.204142 0.203044 0.202442 0.202364 0.202714 0.203333 0.204065 0.204793 0.205458 0.206046 0.206571 0.207046 0.207474 0.207842 0.208136 0.208354 0.208526 0.208722 0.209035 0.209563 0.210367 0.211431 0.212645 0.213808 0.214663 0.214977 0.214626 0.213681 0.212448 0.211446 0.211278 0.212437 0.215049 0.218672 0.222225 0.224194 0.223169 0.218690 0.212207 0.207697 0.211246 0.228734 0.260923 0.294640 0.296480 0.224466 0.224234 0.007007 0.006196 0.063426 0.205373 0.275881 0.283774 0.259158 0.230242 0.213595 0.213562 0.226210 0.244279 0.261096 0.272677 0.278129 0.278882 0.277445 0.276211 0.276677 0.279185 0.283105 0.287309 0.290697 0.292619 0.293076 0.292669 0.292358 0.293120 0.295616 0.299980 0.305770 0.312097 0.317897 0.322245 0.324635 0.325131 0.324351 0.323261 0.322861 0.323827 0.326238 0.329495 0.332467 0.333883 0.332848 0.329336 0.324447 0.320249 0.319128 0.322708 0.330678 0.340001 0.345170 0.340018 0.321246 0.292974 0.270432 0.279509 0.347722 0.366148 0.392104 0.399724 0.321014 0.332181 0.638708 0.649393 0.615398 0.341211 0.233947 0.192247 0.190165 0.200152 0.205884 0.202100 0.191327 0.179168 0.170596 0.168031 0.171097 0.177505 0.184373 0.189402 0.191581 0.191297 0.189962 0.189347 0.190898 0.195212 0.201829 0.209349 0.215834 0.219340 0.218462 0.212722 0.202723 0.190029 0.176805 0.165312 0.157388 0.154028 0.155197 0.160296 0.167314 0.173256 0.178828 0.182758 0.185650 0.189034 0.194899 0.204981 0.220011 0.239151 0.259864 0.278373 0.290688 0.293976 0.287837 0.274855 0.259899 0.276461 0.296447 0.276192 0.217217 0.207018 0.214189 0.222730 0.229169 0.225741 0.280691 0.276052 0.250190 0.226236 0.212962 0.210059 0.213364 0.218418 0.222208 0.223547 0.222668 0.220542 0.218253 0.216587 0.215870 0.216006 0.216634 0.217315 0.217694 0.217586 0.217001 0.216094 0.215094 0.214214 0.213591 0.213252 0.213117 0.213038 0.212848 0.212420 0.211703 0.210743 0.209668 0.208653 0.207870 0.207433 0.207363 0.207576 0.207896 0.208106 0.208009 0.207498 0.206606 0.205522 0.204558 0.204071 0.204344 0.205463 0.207220 0.209086 0.210285 0.209992 0.207629 0.203203 0.197578 0.192537 0.190484 0.193675 0.202970 0.216319 0.227501 0.226039 0.199741
0.196692 0.074560 0.086289 0.142432 0.192177 0.218193 0.222804 0.215649 0.205995 0.199458 0.197741 0.199856 0.203692 0.207256 0.209342 0.209669 0.208657 0.207051 0.205567 0.204659 0.204450 0.204781 0.205354 0.205870 0.206149 0.206171 0.206055 0.205994 0.206160 0.206636 0.207379 0.208233 0.208985 0.209451 0.209551 0.209356 0.209084 0.209045 0.209532 0.210710 0.212517 0.214634 0.216536 0.217636 0.217489 0.216010 0.213616 0.211225 0.210052 0.211199 0.215120 0.221125 0.227170 0.230195 0.227201 0.217049 0.202547 0.191914 0.198069 0.233842 0.301471 0.374346 0.381959 0.225443 0.224906 0.000000 0.000000 0.000000 0.191837 0.314105 0.331652 0.291416 0.239334 0.203889 0.194289 0.206095 0.228797 0.252026 0.269074 0.277803 0.279700 0.278097 0.276391 0.276821 0.279999 0.285125 0.290625 0.294916 0.297032 0.296934 0.295465 0.294013 0.294025 0.296521 0.301775 0.309236 0.317698 0.325678 0.331860 0.335497 0.336622 0.336022 0.334960 0.334718 0.336115 0.339135 0.342844 0.345638 0.345828 0.342388 0.335640 0.327550 0.321406 0.320740 0.327676 0.341171 0.355941 0.363045 0.352901 0.320882 0.274384 0.238331 0.254028 0.364498 0.400324 0.442885 0.453108 0.320777 0.334862 0.901938 0.909432 0.848642 0.370401 0.192692 0.153343 0.189100 0.238960 0.268579 0.269328 0.249666 0.224188 0.205309 0.199146 0.205225 0.218643 0.233110 0.243614 0.247959 0.246987 0.243722 0.241929 0.244640 0.253071 0.266228 0.281213 0.294089 0.301018 0.299347 0.288351 0.269455 0.245892 0.221908 0.201713 0.188466 0.183550 0.186321 0.194990 0.205649 0.213319 0.218737 0.220364 0.219706 0.219618 0.223206 0.232491 0.247263 0.264644 0.279694 0.287154 0.283930 0.271433 0.256526 0.249758 0.260129 0.329246 0.394153 0.359150 0.194344 0.086479 0.023784 0.023704 0.230248 0.228132 0.291178 0.284244 0.253553 0.226155 0.211695 0.209187 0.213417 0.219154 0.223087 0.224115 0.222749 0.220244 0.217859 0.216404 0.216109 0.216726 0.217747 0.218642 0.219040 0.218814 0.218067 0.217054 0.216068 0.215336 0.214950 0.214845 0.214832 0.214664 0.214123 0.213088 0.211587 0.209798 0.208012 0.206559 0.205727 0.205675 0.206381 0.207632 0.209062 0.210239 0.210774 0.210437 0.209235 0.207447 0.205575 0.204217 0.203899 0.204875 0.206973 0.209542 0.211543 0.211813 0.209475 0.204407 0.197627 0.191388 0.188795 0.192789 0.204509 0.221333 0.235297 0.233121 0.199649
0.197930 0.055358 0.068400 0.133351 0.191170 0.221582 0.227113 0.218833 0.207448 0.199495 0.197025 0.198995 0.203057 0.206975 0.209395 0.209991 0.209211 0.207851 0.206655 0.206067 0.206156 0.206693 0.207315 0.207694 0.207667 0.207272 0.206720 0.206299 0.206257 0.206716 0.207617 0.208750 0.209814 0.210533 0.210752 0.210508 0.210034 0.209697 0.209881 0.210840 0.212582 0.214809 0.216964 0.218382 0.218516 0.217192 0.214789 0.212255 0.210906 0.211977 0.216029 0.222377 0.228830 0.232032 0.228635 0.217293 0.201021 0.188882 0.195272 0.234646 0.309791 0.391897 0.402833 0.226399 0.225824 0.000000 0.000000 0.000000 0.193222 0.319255 0.338895 0.298087 0.243050 0.203376 0.189594 0.198320 0.219570 0.242948 0.261309 0.271885 0.275562 0.275252 0.274179 0.274647 0.277496 0.282210 0.287461 0.291800 0.294261 0.294681 0.293704 0.292517 0.292414 0.294365 0.298710 0.305064 0.312444 0.319590 0.325355 0.329058 0.330684 0.330863 0.330638 0.331067 0.332801 0.335761 0.339072 0.341299 0.340972 0.337266 0.330604 0.322912 0.317289 0.317004 0.323958 0.337069 0.351303 0.358253 0.348964 0.319168 0.275839 0.242294 0.257072 0.360251 0.406545 0.457011 0.468792 0.321030 0.332037 1.000000 1.000000 0.967076 0.390440 0.156725 0.120182 0.187005 0.269731 0.319341 0.324477 0.298298 0.262550 0.235570 0.226441 0.234663 0.253325 0.273510 0.288114 0.294027 0.292425 0.287552 0.284670 0.287991 0.299193 0.316898 0.337138 0.354584 0.364122 0.362325 0.348419 0.324505 0.295022 0.265587 0.241563 0.226709 0.222295 0.226900 0.237430 0.248858 0.255793 0.258179 0.255338 0.249933 0.246066 0.247603 0.256327 0.270602 0.285244 0.293011 0.287647 0.267697 0.239557 0.217768 0.220628 0.260335 0.363537 0.453846 0.412576 0.170789 0.006944 0.000000 0.000000 0.230904 0.230098 0.300369 0.291735 0.257038 0.226687 0.211132 0.208864 0.213814 0.220107 0.224168 0.224951 0.223186 0.220357 0.217868 0.216554 0.216574 0.217554 0.218864 0.219896 0.220263 0.219874 0.218910 0.217709 0.216632 0.215932 0.215684 0.215769 0.215923 0.215827 0.215209 0.213938 0.212068 0.209845 0.207648 0.205900 0.204962 0.205025 0.206055 0.207778 0.209734 0.211382 0.212230 0.211981 0.210622 0.208466 0.206093 0.204208 0.203446 0.204143 0.206170 0.208871 0.211166 0.211837 0.209960 0.205385 0.199104 0.193310 0.190946 0.194670 0.205285 0.220046 0.231584 0.228601 0.199739
0.199633 0.088238 0.097602 0.147908 0.193263 0.217541 0.222338 0.216056 0.207009 0.200409 0.198031 0.199225 0.202261 0.205426 0.207627 0.208535 0.208414 0.207806 0.207242 0.207040 0.207253 0.207717 0.208172 0.208389 0.208262 0.207845 0.207322 0.206938 0.206905 0.207333 0.208188 0.209302 0.210427 0.211315 0.211803 0.211867 0.211646 0.211394 0.211409 0.211917 0.212986 0.214467 0.216015 0.217182 0.217574 0.217030 0.215759 0.214367 0.213732 0.214706 0.217700 0.222282 0.226968 0.229443 0.227349 0.219679 0.208434 0.199855 0.203992 0.231076 0.283341 0.341845 0.352920 0.227320 0.227175 0.000000 0.000000 0.064491 0.209425 0.287536 0.300986 0.275769 0.239753 0.211997 0.200443 0.204285 0.217990 0.234997 0.250166 0.260809 0.266581 0.268722 0.269103 0.269413 0.270683 0.273158 0.276462 0.279911 0.282843 0.284873 0.285990 0.286519 0.286974 0.287865 0.289528 0.292027 0.295149 0.298493 0.301618 0.304187 0.306086 0.307453 0.308614 0.309953 0.311740 0.313985 0.316387 0.318390 0.319371 0.318914 0.317069 0.314499 0.312405 0.312169 0.314755 0.320035 0.326312 0.330424 0.328741 0.319169 0.303796 0.291125 0.295970 0.334442 0.377285 0.426284 0.438245 0.321516 0.326641 1.000000 1.000000 0.944435 0.399369 0.139121 0.105349 0.188530 0.288537 0.348947 0.357064 0.328337 0.287982 0.257213 0.246572 0.255597 0.276485 0.299136 0.315507 0.322072 0.320147 0.314488 0.310984 0.314328 0.326391 0.345661 0.367799 0.387029 0.397887 0.396814 0.383167 0.359387 0.330323 0.301914 0.279598 0.266896 0.264541 0.270409 0.280373 0.289399 0.293212 0.290493 0.282231 0.272145 0.265137 0.265236 0.273516 0.286814 0.298017 0.298336 0.281324 0.247524 0.207779 0.182691 0.196027 0.261357 0.371336 0.461445 0.423663 0.153486 0.000000 0.000000 0.000000 0.231325 0.231270 0.309690 0.300113 0.261611 0.228046 0.210956 0.208577 0.214123 0.221074 0.225499 0.226286 0.224281 0.221146 0.218433 0.217050 0.217147 0.218286 0.219753 0.220869 0.221209 0.220684 0.219511 0.218082 0.216813 0.216003 0.215746 0.215921 0.216241 0.216348 0.215933 0.214827 0.213062 0.210871 0.208637 0.206795 0.205720 0.205624 0.206488 0.208055 0.209880 0.211430 0.212225 0.211965 0.210630 0.208508 0.206138 0.204177 0.203211 0.203557 0.205116 0.207340 0.209335 0.210128 0.209024 0.205973 0.201787 0.198065 0.196721 0.199131 0.205115 0.212239 0.216084 0.212208 0.199952
0.201454 0.160308 0.162248 0.180192 0.197563 0.207761 0.210594 0.208707 0.205127 0.202036 0.200452 0.200446 0.201547 0.203127 0.204664 0.205858 0.206633 0.207062 0.207287 0.207435 0.207580 0.207735 0.207872 0.207950 0.207949 0.207887 0.207819 0.207827 0.207995 0.208379 0.208996 0.209808 0.210733 0.211662 0.212484 0.213114 0.213514 0.213699 0.213735 0.213718 0.213747 0.213900 0.214213 0.214675 0.215239 0.215849 0.216470 0.217111 0.217833 0.218725 0.219852 0.221193 0.222581 0.223701 0.224172 0.223731 0.222499 0.221228 0.221352 0.224569 0.231690 0.242371 0.250890 0.228215 0.228954 0.198418 0.202638 0.261765 0.236119 0.227167 0.228085 0.230700 0.230501 0.227225 0.223202 0.221255 0.223156 0.229024 0.237539 0.246639 0.254335 0.259335 0.261336 0.260960 0.259431 0.258116 0.258101 0.259898 0.263358 0.267771 0.272119 0.275393 0.276882 0.276357 0.274120 0.270901 0.267638 0.265221 0.264248 0.264876 0.266815 0.269448 0.272066 0.274140 0.275539 0.276632 0.278194 0.281138 0.286115 0.293106 0.301165 0.308459 0.312709 0.312025 0.305945 0.296348 0.287738 0.286396 0.298057 0.324236 0.358104 0.381866 0.368706 0.293088 0.313459 0.353453 0.364135 0.321763 0.321336 0.860901 0.859466 0.793801 0.395499 0.149234 0.118763 0.199037 0.295329 0.353779 0.362364 0.335770 0.297926 0.268948 0.258846 0.267227 0.286778 0.308024 0.323423 0.329666 0.327967 0.322737 0.319435 0.322410 0.333403 0.351065 0.371491 0.389515 0.400306 0.400803 0.390575 0.371907 0.349123 0.327340 0.311029 0.302787 0.302659 0.308214 0.315007 0.319130 0.318398 0.310344 0.297677 0.284601 0.275984 0.275289 0.282624 0.293752 0.300765 0.294758 0.270124 0.229232 0.185398 0.161611 0.182878 0.261721 0.350749 0.417299 0.391156 0.149141 0.054506 0.141212 0.147540 0.231725 0.231613 0.317954 0.308309 0.266704 0.230070 0.211188 0.208354 0.214305 0.221960 0.226979 0.228054 0.226019 0.222636 0.219587 0.217895 0.217777 0.218809 0.220253 0.221383 0.221721 0.221143 0.219848 0.218237 0.216757 0.215749 0.215358 0.215504 0.215929 0.216285 0.216242 0.215592 0.214304 0.212540 0.210607 0.208877 0.207689 0.207252 0.207585 0.208507 0.209675 0.210671 0.211115 0.210770 0.209618 0.207877 0.205952 0.204322 0.203400 0.203393 0.204218 0.205506 0.206716 0.207334 0.207094 0.206143 0.205012 0.204370 0.204535 0.204976 0.204154 0.200248 0.193279 0.188584 0.200180
0.202994 0.244830 0.238157 0.218028 0.202425 0.196004 0.196507 0.199822 0.202763 0.203934 0.203440 0.202169 0.201094 0.200839 0.201539 0.202931 0.204554 0.205962 0.206875 0.207231 0.207161 0.206904 0.206705 0.206737 0.207055 0.207600 0.208242 0.208842 0.209307 0.209629 0.209886 0.210216 0.210761 0.211607 0.212737 0.214014 0.215200 0.216022 0.216253 0.215801 0.214768 0.213463 0.212346 0.211916 0.212546 0.214334 0.217002 0.219902 0.222172 0.223019 0.222090 0.219802 0.217475 0.217085 0.220531 0.228438 0.238799 0.246065 0.241714 0.217520 0.172540 0.127622 0.132301 0.229110 0.230982 0.491079 0.499166 0.491676 0.266268 0.154915 0.140751 0.176003 0.218404 0.244944 0.251091 0.243571 0.232436 0.225485 0.225871 0.232399 0.241346 0.248658 0.251650 0.249789 0.244539 0.238534 0.234490 0.234238 0.238163 0.245162 0.253071 0.259383 0.262030 0.259985 0.253537 0.244164 0.234073 0.225534 0.220220 0.218748 0.220555 0.224167 0.227781 0.230010 0.230520 0.230355 0.231746 0.237385 0.249290 0.267606 0.289767 0.310502 0.323023 0.321381 0.303562 0.274302 0.246200 0.237541 0.265738 0.336569 0.431742 0.500482 0.464299 0.246447 0.224122 0.251001 0.259141 0.321350 0.317872 0.605614 0.603635 0.559491 0.377704 0.191395 0.166139 0.223461 0.293396 0.335727 0.341486 0.321505 0.293446 0.272135 0.264912 0.271433 0.286260 0.302382 0.314225 0.319338 0.318596 0.315224 0.313214 0.315766 0.324197 0.337608 0.353276 0.367587 0.377178 0.379933 0.375561 0.365620 0.352992 0.340988 0.332350 0.328438 0.328840 0.331545 0.332897 0.330988 0.325873 0.314634 0.300824 0.288066 0.280050 0.278914 0.283860 0.290630 0.292367 0.282038 0.256021 0.217765 0.179812 0.162162 0.185380 0.258289 0.305774 0.334244 0.324184 0.163020 0.179960 0.388542 0.404681 0.232316 0.231402 0.322412 0.313592 0.270753 0.232345 0.212080 0.208612 0.214625 0.222776 0.228410 0.229965 0.228130 0.224640 0.221243 0.219077 0.218480 0.219126 0.220329 0.221363 0.221711 0.221187 0.219924 0.218279 0.216681 0.215493 0.214910 0.214923 0.215343 0.215872 0.216200 0.216091 0.215446 0.214321 0.212904 0.211458 0.210241 0.209437 0.209105 0.209166 0.209428 0.209645 0.209592 0.209132 0.208258 0.207099 0.205876 0.204827 0.204130 0.203834 0.203855 0.204028 0.204215 0.204429 0.204896 0.205982 0.207926 0.210403 0.212078 0.210488 0.202782 0.187883 0.170342 0.165138 0.200317
0.203919 0.311360 0.297812 0.247613 0.206060 0.186639 0.185403 0.192887 0.201007 0.205565 0.205965 0.203742 0.200996 0.199313 0.199325 0.200783 0.202927 0.204921 0.206184 0.206542 0.206200 0.205598 0.205200 0.205333 0.206084 0.207298 0.208664 0.209839 0.210576 0.210813 0.210695 0.210522 0.210645 0.211334 0.212667 0.214475 0.216362 0.217808 0.218331 0.217661 0.215878 0.213461 0.211205 0.210018 0.210628 0.213278 0.217516 0.222188 0.225698 0.226543 0.224023 0.218893 0.213646 0.212089 0.217954 0.232599 0.252319 0.266514 0.258650 0.212486 0.125604 0.035827 0.037129 0.230036 0.232987 0.765089 0.773259 0.694240 0.292271 0.090495 0.063057 0.127214 0.207439 0.260697 0.276383 0.264563 0.242435 0.224407 0.217473 0.221172 0.230315 0.238544 0.241236 0.236990 0.227587 0.216822 0.208827 0.206530 0.210708 0.219845 0.230731 0.239555 0.243105 0.239719 0.229734 0.215311 0.199733 0.186387 0.177752 0.174696 0.176301 0.180309 0.184051 0.185603 0.184784 0.183600 0.185883 0.196050 0.217244 0.249372 0.287798 0.323432 0.344758 0.341801 0.311253 0.261125 0.212522 0.195986 0.240574 0.356028 0.512210 0.625226 0.565355 0.205695 0.124280 0.137775 0.142565 0.320133 0.316757 0.322706 0.321253 0.301514 0.345808 0.264670 0.248223 0.265106 0.287977 0.300795 0.300103 0.290263 0.278269 0.269888 0.267836 0.271741 0.279211 0.287266 0.293557 0.297043 0.298071 0.297978 0.298451 0.300894 0.305980 0.313492 0.322461 0.331502 0.339241 0.344693 0.347479 0.347845 0.346490 0.344264 0.341842 0.339484 0.336947 0.333605 0.327961 0.320514 0.312944 0.302934 0.293173 0.285255 0.280370 0.278662 0.278811 0.278075 0.272993 0.260714 0.240716 0.216322 0.195216 0.188060 0.204613 0.247491 0.244741 0.232662 0.238578 0.197909 0.347828 0.659103 0.684091 0.233263 0.231102 0.320383 0.313149 0.272069 0.234392 0.213914 0.209865 0.215458 0.223597 0.229586 0.231645 0.230211 0.226840 0.223221 0.220552 0.219313 0.219341 0.220082 0.220883 0.221223 0.220852 0.219807 0.218344 0.216819 0.215570 0.214821 0.214631 0.214903 0.215427 0.215950 0.216244 0.216164 0.215672 0.214830 0.213773 0.212658 0.211622 0.210744 0.210039 0.209464 0.208948 0.208424 0.207862 0.207276 0.206711 0.206212 0.205788 0.205389 0.204912 0.204264 0.203448 0.202667 0.202371 0.203186 0.205649 0.209766 0.214452 0.217152 0.214044 0.201445 0.178946 0.154357 0.149150 0.200293
0.204060 0.336266 0.319892 0.258311 0.207156 0.183106 0.181438 0.190604 0.200689 0.206491 0.207200 0.204621 0.201269 0.199063 0.198782 0.200157 0.202314 0.204292 0.205441 0.205595 0.205036 0.204304 0.203954 0.204345 0.205534 0.207279 0.209148 0.210682 0.211558 0.211699 0.211301 0.210768 0.210576 0.211103 0.212491 0.214562 0.216847 0.218700 0.219504 0.218887 0.216896 0.214068 0.211339 0.209802 0.210351 0.213313 0.218181 0.223594 0.227647 0.228527 0.225375 0.219078 0.212627 0.210618 0.217580 0.235194 0.259033 0.276310 0.267009 0.211382 0.106329 0.000000 0.000000 0.231003 0.234719 0.956396 0.959686 0.819635 0.308079 0.050633 0.015336 0.097528 0.201131 0.270914 0.292672 0.278559 0.250061 0.225457 0.213894 0.215231 0.223369 0.230641 0.231433 0.224036 0.210618 0.195803 0.184617 0.180602 0.184666 0.194921 0.207440 0.217589 0.221497 0.217200 0.205153 0.187990 0.169635 0.154053 0.144037 0.140397 0.141825 0.145514 0.148362 0.148407 0.146008 0.144298 0.148565 0.164556 0.196019 0.242202 0.296275 0.345629 0.374715 0.370366 0.328558 0.260408 0.194314 0.170902 0.228485 0.379601 0.584179 0.731701 0.652067 0.179620 0.031438 0.034414 0.035697 0.318351 0.317276 0.076837 0.076416 0.077740 0.300975 0.363462 0.360741 0.324625 0.284498 0.257010 0.246423 0.248851 0.257370 0.265862 0.270913 0.271995 0.270556 0.268746 0.268323 0.270043 0.273598 0.277978 0.282021 0.284941 0.286642 0.287752 0.289377 0.292693 0.298484 0.306806 0.316840 0.327020 0.335377 0.340032 0.339703 0.334090 0.324017 0.311299 0.297998 0.286899 0.280269 0.277394 0.277929 0.279847 0.280530 0.277622 0.269911 0.257954 0.244163 0.232165 0.225492 0.225901 0.231948 0.238611 0.238746 0.226725 0.177959 0.134248 0.152002 0.253442 0.529918 0.894907 0.924958 0.234637 0.231182 0.310767 0.305591 0.269676 0.235839 0.216789 0.212422 0.217080 0.224516 0.230377 0.232794 0.231890 0.228893 0.225285 0.222233 0.220330 0.219613 0.219728 0.220164 0.220453 0.220302 0.219638 0.218577 0.217351 0.216220 0.215390 0.214969 0.214951 0.215234 0.215658 0.216051 0.216266 0.216212 0.215856 0.215217 0.214352 0.213330 0.212225 0.211101 0.210016 0.209028 0.208195 0.207574 0.207201 0.207069 0.207105 0.207159 0.207025 0.206496 0.205464 0.204026 0.202574 0.201793 0.202503 0.205315 0.210111 0.215479 0.218406 0.214670 0.200485 0.175896 0.149801 0.145166 0.200107
0.203463 0.310437 0.296244 0.246136 0.205307 0.186777 0.186207 0.193986 0.202100 0.206521 0.206808 0.204567 0.201871 0.200216 0.200125 0.201281 0.202917 0.204267 0.204869 0.204691 0.204064 0.203498 0.203465 0.204224 0.205744 0.207726 0.209718 0.211274 0.212102 0.212158 0.211664 0.211035 0.210747 0.211177 0.212469 0.214465 0.216721 0.218631 0.219608 0.219285 0.217685 0.215278 0.212905 0.211557 0.212057 0.214717 0.219105 0.224016 0.227751 0.228687 0.226046 0.220609 0.215037 0.213424 0.219806 0.235683 0.257100 0.272645 0.264458 0.214925 0.121280 0.024263 0.025284 0.232001 0.236045 1.000000 1.000000 0.841464 0.310733 0.044470 0.008590 0.094112 0.201494 0.273798 0.296564 0.282415 0.253389 0.228055 0.215529 0.215454 0.221517 0.226000 0.223450 0.212498 0.195726 0.178115 0.164902 0.159644 0.163094 0.173110 0.185504 0.195464 0.199072 0.194452 0.182227 0.165198 0.147362 0.132603 0.123465 0.120395 0.121727 0.124446 0.125536 0.123509 0.119568 0.117918 0.124893 0.146915 0.187703 0.245544 0.311705 0.371033 0.405410 0.399938 0.350591 0.270839 0.193753 0.165923 0.230723 0.401755 0.632819 0.798402 0.706708 0.172277 0.000000 0.000000 0.000000 0.316568 0.317825 0.000000 0.000000 0.000000 0.245952 0.478645 0.494947 0.399417 0.286949 0.212283 0.189052 0.204331 0.235544 0.263100 0.276566 0.275108 0.264367 0.252143 0.244720 0.244835 0.251482 0.261113 0.269512 0.273577 0.272435 0.267624 0.262408 0.260513 0.264734 0.275865 0.292265 0.310191 0.324816 0.331631 0.327847 0.313377 0.291081 0.266164 0.245427 0.233346 0.231799 0.242207 0.259109 0.275397 0.283577 0.278506 0.259815 0.233034 0.208630 0.198611 0.211229 0.245288 0.286522 0.308952 0.283675 0.195503 0.115243 0.056308 0.079324 0.325896 0.699297 1.000000 1.000000 0.236393 0.231961 0.294852 0.291799 0.263812 0.236542 0.220498 0.216193 0.219522 0.225602 0.230790 0.233299 0.232945 0.230529 0.227201 0.223991 0.221551 0.220106 0.219540 0.219535 0.219725 0.219811 0.219618 0.219112 0.218365 0.217514 0.216706 0.216060 0.215642 0.215461 0.215473 0.215601 0.215753 0.215839 0.215779 0.215519 0.215028 0.214301 0.213367 0.212284 0.211140 0.210049 0.209132 0.208495 0.208201 0.208234 0.208485 0.208752 0.208776 0.208312 0.207238 0.205654 0.203956 0.202814 0.203010 0.205112 0.209008 0.213436 0.215756 0.212343 0.200048 0.179072 0.157115 0.153522 0.199827
0.202377 0.242022 0.234348 0.214969 0.201139 0.196534 0.198253 0.202033 0.204895 0.205776 0.205059 0.203740 0.202730 0.202488 0.202970 0.203802 0.204529 0.204833 0.204644 0.204139 0.203649 0.203524 0.204006 0.205147 0.206795 0.208646 0.210340 0.211572 0.212181 0.212196 0.211830 0.211413 0.211295 0.211736 0.212821 0.214426 0.216233 0.217826 0.218804 0.218922 0.218192 0.216914 0.215630 0.214975 0.215475 0.217336 0.220301 0.223632 0.226289 0.227280 0.226126 0.223298 0.220401 0.219896 0.224191 0.234150 0.247350 0.256900 0.252093 0.222437 0.166412 0.109758 0.114264 0.232996 0.236995 0.970303 0.952395 0.762535 0.300951 0.071455 0.041959 0.116431 0.208500 0.269665 0.288397 0.276200 0.252085 0.231520 0.221556 0.221148 0.224452 0.224861 0.218119 0.203731 0.184636 0.165678 0.151644 0.145569 0.147838 0.156223 0.166764 0.175101 0.177842 0.173526 0.162939 0.148714 0.134371 0.123112 0.116761 0.115202 0.116519 0.117855 0.116753 0.112566 0.107432 0.106347 0.116075 0.142958 0.190105 0.254775 0.327035 0.390662 0.426912 0.420895 0.369252 0.286581 0.207149 0.178340 0.243560 0.415610 0.647044 0.811478 0.717594 0.182164 0.000000 0.000000 0.000000 0.315453 0.316452 0.000000 0.000000 0.000000 0.185063 0.598930 0.638633 0.483589 0.296806 0.172757 0.135276 0.162594 0.216345 0.263243 0.285638 0.282255 0.262839 0.240774 0.226822 0.225683 0.235673 0.250782 0.263859 0.269606 0.266453 0.256843 0.246056 0.240099 0.243407 0.257118 0.278437 0.301287 0.318067 0.322003 0.309417 0.281213 0.243088 0.204282 0.177044 0.166653 0.174120 0.202780 0.240604 0.274399 0.291159 0.282924 0.250813 0.206551 0.170103 0.163006 0.198512 0.271437 0.352286 0.390908 0.333882 0.156026 0.063920 0.007999 0.029367 0.408521 0.836108 1.000000 1.000000 0.238379 0.233504 0.276142 0.274844 0.255923 0.236612 0.224548 0.220671 0.222546 0.226878 0.230969 0.233272 0.233363 0.231610 0.228774 0.225668 0.222932 0.220936 0.219780 0.219352 0.219416 0.219701 0.219965 0.220035 0.219827 0.219334 0.218616 0.217769 0.216901 0.216116 0.215487 0.215056 0.214824 0.214753 0.214776 0.214805 0.214750 0.214536 0.214116 0.213489 0.212702 0.211847 0.211044 0.210414 0.210043 0.209954 0.210083 0.210277 0.210323 0.210006 0.209187 0.207888 0.206351 0.205024 0.204463 0.205103 0.206948 0.209254 0.210368 0.207982 0.200065 0.186706 0.172751 0.170417 0.199578
0.201179 0.153673 0.154794 0.175254 0.196105 0.209147 0.213553 0.212070 0.208204 0.204642 0.202733 0.202636 0.203764 0.205278 0.206460 0.206916 0.206614 0.205800 0.204862 0.204183 0.204035 0.204519 0.205566 0.206979 0.208499 0.209879 0.210938 0.211601 0.211899 0.211949 0.211921 0.211982 0.212263 0.212826 0.213654 0.214664 0.215729 0.216716 0.217519 0.218092 0.218454 0.218687 0.218913 0.219261 0.219826 0.220646 0.221683 0.222838 0.223983 0.225002 0.225849 0.226574 0.227321 0.228283 0.229604 0.231260 0.232961 0.234124 0.234011 0.232079 0.228546 0.228129 0.237265 0.233945 0.237749 0.816138 0.786877 0.612151 0.282668 0.122121 0.103724 0.156884 0.220200 0.260682 0.271850 0.262908 0.247337 0.235209 0.230196 0.230323 0.230724 0.226679 0.215761 0.198607 0.178370 0.159351 0.145415 0.138747 0.139284 0.144920 0.152322 0.158051 0.159613 0.156139 0.148504 0.138885 0.129918 0.123735 0.121194 0.121583 0.122917 0.122809 0.119650 0.113762 0.108050 0.107814 0.119548 0.148825 0.197763 0.262824 0.333862 0.395280 0.429708 0.423909 0.375640 0.299156 0.226313 0.200205 0.259515 0.414701 0.622000 0.767691 0.681662 0.203060 0.000000 0.000000 0.000000 0.315480 0.311463 0.000000 0.000000 0.000000 0.123891 0.712252 0.777503 0.568560 0.312744 0.141971 0.090110 0.127578 0.201596 0.266267 0.297221 0.292656 0.265948 0.235478 0.216020 0.214029 0.227226 0.247438 0.264953 0.272602 0.268263 0.255202 0.240422 0.231773 0.234869 0.250820 0.275497 0.300557 0.315943 0.313125 0.288135 0.243435 0.187966 0.135181 0.102847 0.096082 0.115324 0.164771 0.225432 0.277729 0.303106 0.290998 0.244421 0.181751 0.132813 0.128803 0.187789 0.300147 0.420581 0.474316 0.383348 0.113009 0.027700 0.000000 0.003730 0.492369 0.930780 1.000000 1.000000 0.240380 0.235613 0.259243 0.258977 0.248172 0.236355 0.228300 0.225105 0.225730 0.228330 0.231157 0.233003 0.233325 0.232152 0.229889 0.227110 0.224380 0.222135 0.220624 0.219900 0.219853 0.220260 0.220851 0.221365 0.221593 0.221409 0.220778 0.219754 0.218461 0.217061 0.215728 0.214612 0.213821 0.213401 0.213333 0.213538 0.213896 0.214272 0.214536 0.214595 0.214406 0.213986 0.213405 0.212769 0.212192 0.211761 0.211515 0.211419 0.211371 0.211224 0.210825 0.210074 0.208969 0.207638 0.206318 0.205280 0.204699 0.204498 0.204231 0.203114 0.200322 0.195665 0.190622 0.189452 0.199500
0.200271 0.075281 0.084667 0.140641 0.192022 0.220322 0.226819 0.220608 0.210916 0.203639 0.200863 0.201925 0.204902 0.207855 0.209545 0.209632 0.208494 0.206876 0.205527 0.204949 0.205291 0.206383 0.207863 0.209328 0.210470 0.211152 0.211420 0.211448 0.211461 0.211647 0.212097 0.212783 0.213585 0.214343 0.214928 0.215299 0.215531 0.215795 0.216301 0.217216 0.218586 0.220282 0.222012 0.223391 0.224079 0.223926 0.223103 0.222127 0.221763 0.222765 0.225514 0.229655 0.233907 0.236242 0.234586 0.228056 0.218465 0.211432 0.216010 0.241404 0.289502 0.344200 0.357442 0.234816 0.238570 0.614409 0.577250 0.436180 0.261735 0.181345 0.175346 0.203430 0.233410 0.250114 0.252642 0.247349 0.241336 0.238623 0.239225 0.240311 0.238224 0.230345 0.216159 0.197347 0.177065 0.158834 0.145422 0.138113 0.136488 0.138760 0.142459 0.145261 0.145674 0.143392 0.139247 0.134773 0.131550 0.130552 0.131707 0.133858 0.135170 0.133910 0.129382 0.122713 0.117173 0.117779 0.130109 0.158486 0.203949 0.262629 0.325266 0.378442 0.407816 0.402996 0.362976 0.300259 0.241297 0.220948 0.269713 0.394842 0.560249 0.674997 0.605143 0.226175 0.000000 0.000000 0.000000 0.316629 0.301949 0.000000 0.000000 0.000000 0.068637 0.807066 0.896799 0.644253 0.331154 0.120897 0.056154 0.101198 0.191491 0.270758 0.309032 0.303969 0.271811 0.234931 0.211312 0.208812 0.224682 0.249046 0.270202 0.279560 0.274625 0.259348 0.242062 0.231959 0.235376 0.253147 0.279838 0.305148 0.317057 0.305823 0.267616 0.206649 0.135002 0.069957 0.034146 0.031735 0.063611 0.133164 0.215292 0.284571 0.317515 0.301406 0.241203 0.161471 0.100993 0.099592 0.179495 0.326891 0.482187 0.548595 0.426373 0.072802 0.006571 0.000000 0.000000 0.567559 0.984222 1.000000 1.000000 0.242180 0.237910 0.248182 0.248071 0.242629 0.236141 0.231207 0.228784 0.228645 0.229926 0.231610 0.232845 0.233117 0.232287 0.230525 0.228205 0.225774 0.223646 0.222113 0.221311 0.221208 0.221638 0.222343 0.223035 0.223449 0.223391 0.222764 0.221582 0.219958 0.218078 0.216170 0.214461 0.213144 0.212342 0.212097 0.212363 0.213018 0.213887 0.214771 0.215485 0.215887 0.215901 0.215530 0.214851 0.214000 0.213137 0.212415 0.211935 0.211721 0.211701 0.211715 0.211540 0.210947 0.209759 0.207928 0.205585 0.203058 0.200833 0.199456 0.199347 0.200587 0.202686 0.204453 0.204095 0.199710
0.199961 0.034474 0.048928 0.123637 0.190490 0.226074 0.233201 0.224472 0.212033 0.203252 0.200383 0.202205 0.206080 0.209577 0.211311 0.211090 0.209576 0.207775 0.206564 0.206408 0.207288 0.208814 0.210438 0.211670 0.212245 0.212177 0.211719 0.211248 0.211120 0.211540 0.212504 0.213803 0.215099 0.216055 0.216457 0.216305 0.215836 0.215462 0.215640 0.216708 0.218739 0.221457 0.224272 0.226429 0.227266 0.226491 0.224403 0.221944 0.220495 0.221415 0.225385 0.231781 0.238350 0.241550 0.237802 0.225652 0.208374 0.195845 0.203806 0.248082 0.331623 0.423763 0.438972 0.235611 0.239702 0.422704 0.383153 0.283038 0.244156 0.233043 0.237229 0.243369 0.244730 0.241321 0.236714 0.234580 0.236504 0.241465 0.246597 0.248554 0.244824 0.234543 0.218655 0.199488 0.179975 0.162818 0.149827 0.141603 0.137603 0.136504 0.136732 0.136987 0.136593 0.135609 0.134660 0.134585 0.135991 0.138902 0.142604 0.145787 0.146970 0.145116 0.140262 0.133960 0.129311 0.130481 0.141685 0.165810 0.203005 0.249681 0.298401 0.339027 0.361210 0.357919 0.329171 0.284650 0.243627 0.230700 0.266685 0.355619 0.471390 0.550705 0.502202 0.242953 0.025841 0.025923 0.027311 0.318212 0.288102 0.031928 0.031660 0.028237 0.025235 0.873520 0.983113 0.700716 0.347273 0.108643 0.034087 0.083811 0.185155 0.274590 0.318182 0.313123 0.277557 0.236550 0.210254 0.207471 0.225136 0.252239 0.275776 0.286254 0.280992 0.264439 0.245815 0.235143 0.239118 0.258210 0.285936 0.310556 0.318707 0.299939 0.250755 0.176887 0.092908 0.019006 0.000000 0.000000 0.025877 0.111543 0.210483 0.292797 0.331316 0.311806 0.240847 0.147804 0.078293 0.078633 0.174110 0.347652 0.528840 0.604352 0.458257 0.042010 0.000000 0.005744 0.002744 0.624791 1.000000 0.971820 0.968884 0.243637 0.239974 0.244754 0.244032 0.240424 0.236267 0.233047 0.231344 0.231046 0.231645 0.232506 0.233080 0.233016 0.232207 0.230756 0.228917 0.227010 0.225339 0.224132 0.223501 0.223428 0.223784 0.224355 0.224893 0.225158 0.224962 0.224200 0.222867 0.221056 0.218944 0.216758 0.214746 0.213130 0.212078 0.211673 0.211903 0.212661 0.213764 0.214980 0.216067 0.216815 0.217077 0.216802 0.216039 0.214933 0.213695 0.212560 0.211730 0.211322 0.211326 0.211583 0.211805 0.211623 0.210685 0.208777 0.205943 0.202578 0.199438 0.197529 0.197811 0.200740 0.205662 0.210243 0.210248 0.200261
0.200375 0.047740 0.062370 0.131558 0.192372 0.224022 0.229869 0.221842 0.211005 0.203765 0.201813 0.203789 0.207242 0.210082 0.211270 0.210846 0.209551 0.208315 0.207840 0.208377 0.209723 0.211376 0.212773 0.213501 0.213431 0.212739 0.211824 0.211152 0.211102 0.211831 0.213234 0.214971 0.216587 0.217662 0.217956 0.217508 0.216644 0.215892 0.215821 0.216845 0.219050 0.222111 0.225327 0.227813 0.228788 0.227900 0.225473 0.222561 0.220721 0.221480 0.225614 0.232441 0.239469 0.242787 0.238458 0.224916 0.205837 0.192175 0.201306 0.250591 0.343075 0.443891 0.457891 0.236377 0.241275 0.289144 0.253138 0.189655 0.234373 0.264919 0.274527 0.267130 0.251597 0.236775 0.228449 0.228345 0.234691 0.243655 0.250982 0.253322 0.248994 0.238132 0.222330 0.203999 0.185658 0.169344 0.156274 0.146779 0.140469 0.136559 0.134212 0.132824 0.132162 0.132334 0.133626 0.136256 0.140149 0.144793 0.149275 0.152470 0.153393 0.151594 0.147511 0.142631 0.139378 0.140670 0.149195 0.166531 0.192329 0.223842 0.256026 0.282418 0.296767 0.295171 0.278201 0.252234 0.229110 0.223370 0.246803 0.301026 0.370192 0.417649 0.391881 0.247690 0.093456 0.091788 0.097083 0.318894 0.271238 0.087084 0.086322 0.077102 0.000000 0.904541 1.000000 0.729922 0.356591 0.103484 0.023453 0.074933 0.181387 0.275750 0.322104 0.317335 0.280421 0.237654 0.210179 0.207225 0.225580 0.253727 0.278100 0.288847 0.283264 0.266078 0.246934 0.236199 0.240646 0.260460 0.288548 0.312411 0.318044 0.294732 0.239292 0.158387 0.067996 0.000000 0.000000 0.000000 0.006534 0.101647 0.210151 0.299694 0.341144 0.319536 0.242428 0.141878 0.067245 0.068359 0.172112 0.359621 0.554596 0.634841 0.475807 0.025953 0.000000 0.017590 0.009811 0.656906 1.000000 0.922560 0.915111 0.244725 0.241494 0.247480 0.245764 0.241180 0.236840 0.234074 0.232973 0.233008 0.233495 0.233870 0.233797 0.233179 0.232095 0.230732 0.229311 0.228034 0.227050 0.226430 0.226175 0.226213 0.226421 0.226647 0.226730 0.226525 0.225925 0.224878 0.223398 0.221565 0.219518 0.217438 0.215524 0.213964 0.212908 0.212438 0.212558 0.213188 0.214166 0.215281 0.216297 0.216995 0.217214 0.216877 0.216016 0.214762 0.213328 0.211965 0.210904 0.210298 0.210175 0.210407 0.210722 0.210757 0.210151 0.208663 0.206297 0.203382 0.200580 0.198761 0.198736 0.200858 0.204558 0.207986 0.208033 0.201116
0.201420 0.114877 0.124597 0.164028 0.197485 0.214210 0.216999 0.212905 0.207927 0.205157 0.205050 0.206563 0.208325 0.209393 0.209517 0.209024 0.208503 0.208480 0.209199 0.210557 0.212185 0.213609 0.214432 0.214472 0.213813 0.212772 0.211790 0.211291 0.211552 0.212617 0.214285 0.216174 0.217830 0.218872 0.219114 0.218630 0.217752 0.216981 0.216835 0.217685 0.219606 0.222314 0.225206 0.227522 0.228591 0.228099 0.226289 0.224005 0.222502 0.223019 0.226200 0.231533 0.237077 0.239774 0.236557 0.226233 0.211717 0.201602 0.209436 0.248652 0.321384 0.399824 0.409340 0.237204 0.243253 0.239492 0.211562 0.171433 0.234091 0.271889 0.281293 0.270986 0.253048 0.237400 0.229435 0.229984 0.236598 0.245291 0.252107 0.254180 0.250216 0.240445 0.226228 0.209515 0.192310 0.176270 0.162486 0.151458 0.143201 0.137434 0.133771 0.131868 0.131488 0.132486 0.134733 0.138015 0.141957 0.146004 0.149481 0.151729 0.152289 0.151093 0.148593 0.145784 0.144081 0.145042 0.149983 0.159549 0.173359 0.189847 0.206398 0.219845 0.227283 0.227073 0.219771 0.208632 0.199328 0.198570 0.211616 0.239015 0.273584 0.299256 0.293997 0.239195 0.152221 0.146202 0.155293 0.316956 0.253534 0.093189 0.092345 0.082558 0.000000 0.896816 1.000000 0.727419 0.356156 0.103801 0.023380 0.073867 0.179314 0.273070 0.319365 0.314996 0.278695 0.236478 0.209268 0.206195 0.224073 0.251515 0.275129 0.285237 0.279245 0.261916 0.242844 0.232287 0.236883 0.256700 0.284583 0.308042 0.313156 0.289353 0.233617 0.152762 0.062862 0.000000 0.000000 0.000000 0.006787 0.103262 0.212752 0.302809 0.344307 0.322387 0.244783 0.143752 0.068820 0.069898 0.173849 0.361657 0.556846 0.637059 0.477697 0.027342 0.000000 0.020257 0.012237 0.660231 1.000000 0.916696 0.909133 0.245554 0.242384 0.251649 0.249136 0.242951 0.237733 0.235008 0.234430 0.234937 0.235514 0.235541 0.234843 0.233580 0.232070 0.230643 0.229540 0.228871 0.228620 0.228675 0.228878 0.229065 0.229092 0.228859 0.228312 0.227438 0.226261 0.224831 0.223218 0.221507 0.219793 0.218176 0.216754 0.215615 0.214825 0.214418 0.214384 0.214663 0.215154 0.215716 0.216193 0.216435 0.216325 0.215804 0.214884 0.213653 0.212261 0.210895 0.209737 0.208923 0.208505 0.208432 0.208547 0.208626 0.208430 0.207781 0.206631 0.205102 0.203476 0.202115 0.201329 0.201225 0.201604 0.202029 0.202135 0.202155
0.202808 0.218526 0.219652 0.212823 0.204615 0.199177 0.197846 0.199880 0.203549 0.207102 0.209371 0.209985 0.209255 0.207901 0.206713 0.206292 0.206897 0.208424 0.210494 0.212596 0.214250 0.215135 0.215164 0.214482 0.213415 0.212371 0.211728 0.211742 0.212490 0.213853 0.215565 0.217277 0.218658 0.219480 0.219677 0.219367 0.218817 0.218379 0.218383 0.219050 0.220411 0.222286 0.224320 0.226079 0.227181 0.227431 0.226922 0.226049 0.225411 0.225613 0.227001 0.229408 0.232043 0.233636 0.232913 0.229403 0.224349 0.221328 0.225871 0.243311 0.274154 0.306375 0.309044 0.238204 0.245427 0.271441 0.253218 0.218993 0.241942 0.257210 0.261807 0.257906 0.249968 0.242396 0.238126 0.238126 0.241596 0.246594 0.250771 0.252052 0.249081 0.241432 0.229570 0.214642 0.198175 0.181756 0.166768 0.154211 0.144622 0.138095 0.134368 0.132947 0.133231 0.134626 0.136612 0.138778 0.140828 0.142556 0.143824 0.144557 0.144737 0.144422 0.143774 0.143062 0.142657 0.142978 0.144406 0.147171 0.151234 0.156219 0.161407 0.165848 0.168594 0.169017 0.167155 0.163965 0.161347 0.161802 0.167658 0.179938 0.197152 0.214584 0.224887 0.221006 0.188355 0.176698 0.188550 0.310751 0.237528 0.052312 0.051823 0.046359 0.001308 0.851620 0.968387 0.693525 0.345422 0.108611 0.032919 0.080002 0.178729 0.266629 0.310138 0.306190 0.272281 0.232740 0.207138 0.204011 0.220367 0.245542 0.267011 0.275740 0.269359 0.252409 0.233973 0.223763 0.228091 0.247090 0.274081 0.297338 0.303736 0.283233 0.232837 0.158752 0.075878 0.004502 0.000000 0.000000 0.024471 0.114420 0.216587 0.300717 0.339596 0.319276 0.246882 0.152449 0.082187 0.082748 0.179353 0.354444 0.536816 0.612347 0.464663 0.045511 0.000000 0.011965 0.007590 0.635489 0.998923 0.953055 0.948975 0.246338 0.242821 0.250584 0.248096 0.242763 0.238639 0.236854 0.236838 0.237456 0.237740 0.237206 0.235856 0.234023 0.232165 0.230686 0.229826 0.229623 0.229941 0.230529 0.231102 0.231403 0.231256 0.230590 0.229434 0.227897 0.226138 0.224327 0.222616 0.221118 0.219897 0.218965 0.218295 0.217833 0.217514 0.217274 0.217060 0.216833 0.216565 0.216239 0.215839 0.215347 0.214745 0.214013 0.213140 0.212128 0.211000 0.209808 0.208629 0.207559 0.206696 0.206122 0.205880 0.205956 0.206269 0.206672 0.206976 0.206979 0.206513 0.205501 0.203999 0.202239 0.200641 0.199800 0.200428 0.203197
0.204143 0.329181 0.320595 0.264223 0.211855 0.183234 0.177818 0.186408 0.199076 0.209061 0.213630 0.213220 0.209948 0.206234 0.203871 0.203652 0.205425 0.208412 0.211615 0.214173 0.215578 0.215746 0.214952 0.213685 0.212478 0.211761 0.211766 0.212504 0.213801 0.215369 0.216903 0.218157 0.218998 0.219421 0.219529 0.219486 0.219466 0.219607 0.219980 0.220589 0.221391 0.222322 0.223327 0.224375 0.225448 0.226518 0.227509 0.228287 0.228672 0.228511 0.227795 0.226776 0.226046 0.226471 0.228913 0.233721 0.240076 0.245465 0.245764 0.236608 0.216681 0.193302 0.188441 0.239481 0.247487 0.357585 0.347158 0.302657 0.254111 0.230982 0.228664 0.236276 0.244746 0.249611 0.250505 0.249262 0.247988 0.247825 0.248550 0.248862 0.247031 0.241603 0.231910 0.218278 0.201928 0.184643 0.168328 0.154590 0.144430 0.138118 0.135236 0.134877 0.135914 0.137283 0.138204 0.138301 0.137604 0.136442 0.135280 0.134533 0.134426 0.134921 0.135744 0.136491 0.136782 0.136409 0.135436 0.134193 0.133167 0.132807 0.133295 0.134389 0.135406 0.135418 0.133656 0.130043 0.125646 0.122815 0.124725 0.134188 0.151856 0.174420 0.193950 0.200074 0.193829 0.177383 0.190223 0.299268 0.225497 0.000000 0.000000 0.000000 0.027403 0.775327 0.876619 0.633780 0.326420 0.117522 0.050908 0.092670 0.179994 0.257718 0.296191 0.292694 0.262668 0.227597 0.204769 0.201724 0.215807 0.237575 0.255939 0.262908 0.256407 0.240520 0.223399 0.213805 0.217518 0.234843 0.260008 0.282676 0.291138 0.276275 0.235078 0.172606 0.101621 0.039746 0.008683 0.008508 0.054505 0.131865 0.220281 0.293495 0.327731 0.310629 0.248116 0.166102 0.104716 0.104662 0.188168 0.340325 0.499475 0.566389 0.439548 0.076401 0.000000 0.000000 0.000000 0.588032 1.000000 1.000000 1.000000 0.247324 0.243191 0.237892 0.236738 0.237644 0.239196 0.240561 0.241283 0.241156 0.240173 0.238489 0.236387 0.234223 0.232345 0.231025 0.230396 0.230436 0.230976 0.231740 0.232416 0.232716 0.232439 0.231507 0.229975 0.228011 0.225860 0.223791 0.222042 0.220775 0.220051 0.219819 0.219940 0.220213 0.220423 0.220388 0.219989 0.219199 0.218075 0.216745 0.215369 0.214098 0.213031 0.212193 0.211524 0.210899 0.210169 0.209211 0.207987 0.206573 0.205168 0.204051 0.203505 0.203710 0.204648 0.206040 0.207387 0.208107 0.207789 0.206481 0.204884 0.204249 0.205746 0.209164 0.211176 0.204046
0.205044 0.414400 0.397908 0.303279 0.217192 0.171120 0.162802 0.176424 0.195802 0.210464 0.216616 0.215401 0.210326 0.205047 0.202030 0.202117 0.204781 0.208718 0.212502 0.215076 0.216001 0.215444 0.214002 0.212426 0.211369 0.211212 0.212000 0.213488 0.215266 0.216908 0.218104 0.218736 0.218891 0.218797 0.218730 0.218911 0.219432 0.220228 0.221121 0.221899 0.222420 0.222693 0.222906 0.223364 0.224369 0.226045 0.228196 0.230260 0.231414 0.230884 0.228373 0.224506 0.221056 0.220698 0.226082 0.238204 0.254409 0.266912 0.263296 0.230935 0.167084 0.095831 0.084694 0.241086 0.249130 0.456157 0.448553 0.383367 0.265721 0.206433 0.198178 0.216859 0.240426 0.256342 0.261564 0.259038 0.253643 0.249226 0.247247 0.246858 0.245835 0.241796 0.233199 0.219866 0.202979 0.184662 0.167335 0.153066 0.143096 0.137640 0.135962 0.136691 0.138249 0.139273 0.138928 0.137041 0.134037 0.130716 0.127945 0.126360 0.126163 0.127074 0.128447 0.129517 0.129707 0.128868 0.127393 0.126106 0.125955 0.127569 0.130818 0.134579 0.136859 0.135378 0.128563 0.116698 0.102785 0.092545 0.093023 0.109577 0.141719 0.179286 0.201736 0.184280 0.168135 0.149907 0.161625 0.282633 0.218882 0.000000 0.000000 0.000000 0.062671 0.679377 0.760581 0.558483 0.303221 0.130186 0.075439 0.110654 0.183585 0.248384 0.280424 0.277463 0.252364 0.223020 0.203833 0.201088 0.212568 0.230388 0.245278 0.250549 0.244466 0.230472 0.215465 0.206915 0.209854 0.224751 0.246966 0.267945 0.277844 0.268815 0.237959 0.189018 0.132155 0.081694 0.054851 0.052650 0.089874 0.151676 0.223073 0.282781 0.311330 0.298383 0.248412 0.182203 0.132271 0.131826 0.199260 0.322861 0.452826 0.508534 0.407124 0.113355 0.000000 0.000000 0.000000 0.527309 1.000000 1.000000 1.000000 0.248704 0.243960 0.210111 0.211757 0.225888 0.239160 0.246629 0.248337 0.246313 0.242723 0.239069 0.236082 0.233941 0.232553 0.231758 0.231425 0.231459 0.231764 0.232206 0.232595 0.232717 0.232376 0.231449 0.229935 0.227962 0.225772 0.223673 0.221963 0.220868 0.220484 0.220748 0.221454 0.222292 0.222921 0.223041 0.222470 0.221180 0.219307 0.217120 0.214950 0.213107 0.211797 0.211062 0.210765 0.210624 0.210296 0.209496 0.208103 0.206241 0.204280 0.202750 0.202160 0.202779 0.204446 0.206493 0.207911 0.207761 0.205817 0.203191 0.202554 0.207366 0.219512 0.235139 0.239566 0.204550
0.205271 0.449611 0.429324 0.318790 0.219173 0.166418 0.157207 0.172859 0.194695 0.210910 0.217471 0.215922 0.210340 0.204796 0.201887 0.202344 0.205397 0.209513 0.213145 0.215260 0.215566 0.214440 0.212671 0.211124 0.210457 0.210944 0.212449 0.214530 0.216616 0.218201 0.218998 0.219007 0.218488 0.217853 0.217522 0.217776 0.218668 0.220016 0.221473 0.222667 0.223357 0.223545 0.223510 0.223721 0.224646 0.226506 0.229075 0.231601 0.232970 0.232119 0.228637 0.223367 0.218707 0.218264 0.225578 0.241900 0.263499 0.279691 0.273601 0.228253 0.140328 0.043029 0.028436 0.242990 0.250187 0.526308 0.515052 0.426792 0.272574 0.195118 0.184456 0.208889 0.239610 0.260334 0.267145 0.263870 0.256815 0.250960 0.248268 0.247802 0.246931 0.242842 0.233755 0.219524 0.201589 0.182421 0.164729 0.150709 0.141521 0.137122 0.136437 0.137785 0.139405 0.139930 0.138697 0.135811 0.131987 0.128216 0.125393 0.124000 0.123962 0.124714 0.125464 0.125569 0.124899 0.124038 0.124222 0.126955 0.133380 0.143562 0.155944 0.167257 0.173109 0.169314 0.153762 0.128291 0.099784 0.079514 0.079986 0.109142 0.163037 0.219831 0.240074 0.179536 0.118312 0.102627 0.111296 0.262394 0.217901 0.000000 0.000000 0.000000 0.099182 0.579445 0.640469 0.481283 0.280848 0.145507 0.103242 0.131605 0.189452 0.240724 0.266076 0.263779 0.243992 0.220832 0.205672 0.203478 0.212510 0.226542 0.238236 0.242284 0.237290 0.225972 0.213815 0.206804 0.209040 0.221040 0.239264 0.257026 0.266522 0.261415 0.239170 0.202428 0.158897 0.119634 0.097419 0.094638 0.122948 0.169939 0.224880 0.271403 0.294378 0.285592 0.248194 0.197948 0.159784 0.159348 0.211044 0.306173 0.406655 0.450484 0.373643 0.148532 0.000000 0.000000 0.000000 0.465529 1.000000 1.000000 1.000000 0.250536 0.245496 0.168905 0.174524 0.208126 0.238557 0.254779 0.257657 0.252639 0.245189 0.238813 0.234853 0.233126 0.232773 0.232910 0.232972 0.232777 0.232403 0.232014 0.231711 0.231463 0.231123 0.230499 0.229451 0.227956 0.226150 0.224291 0.222700 0.221662 0.221344 0.221733 0.222629 0.223681 0.224475 0.224635 0.223923 0.222305 0.219973 0.217299 0.214741 0.212722 0.211508 0.211118 0.211312 0.211644 0.211601 0.210779 0.209051 0.206669 0.204243 0.202565 0.202308 0.203670 0.206101 0.208288 0.208551 0.205695 0.200190 0.195199 0.196659 0.211303 0.241550 0.277019 0.284695 0.204643
0.204811 0.427139 0.408015 0.307429 0.217439 0.170235 0.162328 0.176556 0.196048 0.210339 0.216030 0.214681 0.210001 0.205560 0.203524 0.204364 0.207255 0.210770 0.213570 0.214856 0.214530 0.213090 0.211353 0.210134 0.209982 0.211038 0.213037 0.215437 0.217610 0.219047 0.219497 0.219034 0.218007 0.216923 0.216279 0.216414 0.217408 0.219069 0.221012 0.222798 0.224100 0.224830 0.225185 0.225570 0.226428 0.228001 0.230125 0.232157 0.233113 0.232056 0.228661 0.223784 0.219742 0.219966 0.227769 0.244199 0.265454 0.281020 0.274465 0.229418 0.142981 0.047591 0.033013 0.245064 0.250710 0.543204 0.522538 0.416191 0.272712 0.202529 0.194037 0.216544 0.243459 0.260655 0.265571 0.262369 0.256857 0.253090 0.252091 0.252286 0.250858 0.245231 0.234135 0.218018 0.198797 0.179182 0.161850 0.148729 0.140596 0.137036 0.136735 0.137971 0.139146 0.139200 0.137815 0.135352 0.132593 0.130362 0.129170 0.129005 0.129343 0.129394 0.128512 0.126643 0.124638 0.124268 0.127863 0.137563 0.154352 0.177136 0.202230 0.223602 0.234115 0.227715 0.202171 0.161568 0.117363 0.086796 0.087732 0.130045 0.205379 0.279516 0.294268 0.187401 0.057166 0.048170 0.052571 0.241443 0.221473 0.000000 0.000000 0.000000 0.128549 0.493629 0.539008 0.416984 0.263940 0.161007 0.129368 0.151717 0.196512 0.236152 0.255849 0.254309 0.239338 0.221773 0.210348 0.208892 0.216093 0.227191 0.236563 0.240125 0.236772 0.228540 0.219583 0.214442 0.216228 0.225325 0.239030 0.252247 0.259038 0.254594 0.237022 0.208389 0.174638 0.144273 0.126520 0.125215 0.146932 0.183377 0.226139 0.262662 0.281313 0.275718 0.248176 0.210631 0.182058 0.182029 0.221587 0.294187 0.370880 0.404444 0.346066 0.174643 0.000000 0.000000 0.000000 0.415665 1.000000 1.000000 1.000000 0.252696 0.247916 0.121947 0.131960 0.187793 0.237765 0.263819 0.267811 0.259190 0.247265 0.237864 0.232997 0.232008 0.233078 0.234425 0.234952 0.234374 0.233011 0.231433 0.230142 0.229380 0.229091 0.229002 0.228778 0.228168 0.227103 0.225718 0.224300 0.223181 0.222620 0.222709 0.223329 0.224170 0.224821 0.224880 0.224080 0.222379 0.219983 0.217307 0.214864 0.213115 0.212323 0.212448 0.213140 0.213819 0.213858 0.212815 0.210635 0.207761 0.205060 0.203551 0.203971 0.206287 0.209386 0.211167 0.209244 0.202323 0.191962 0.183990 0.188296 0.215338 0.267773 0.327018 0.338167 0.204374
0.203900 0.360217 0.346217 0.275541 0.212943 0.180601 0.175634 0.185798 0.199323 0.209090 0.212960 0.212189 0.209401 0.207000 0.206324 0.207510 0.209834 0.212239 0.213821 0.214139 0.213293 0.211800 0.210368 0.209636 0.209977 0.211407 0.213604 0.216032 0.218109 0.219376 0.219626 0.218947 0.217683 0.216334 0.215410 0.215289 0.216128 0.217825 0.220075 0.222465 0.224618 0.226303 0.227500 0.228380 0.229199 0.230147 0.231199 0.232047 0.232172 0.231086 0.228698 0.225695 0.223718 0.225109 0.232045 0.245025 0.261068 0.272429 0.267231 0.233829 0.170503 0.100579 0.088922 0.247100 0.251000 0.507888 0.474960 0.359574 0.267240 0.225652 0.222939 0.237030 0.251146 0.258138 0.258470 0.256055 0.254590 0.255573 0.258028 0.259416 0.256975 0.248899 0.234968 0.216561 0.196141 0.176500 0.159996 0.148021 0.140810 0.137584 0.136953 0.137417 0.137809 0.137572 0.136782 0.135960 0.135725 0.136444 0.137979 0.139652 0.140465 0.139525 0.136568 0.132395 0.129048 0.129570 0.137300 0.154787 0.182566 0.218153 0.255685 0.286579 0.301401 0.292782 0.258795 0.205760 0.149059 0.110602 0.112026 0.164026 0.254256 0.339030 0.346920 0.204099 0.000000 0.000000 0.000000 0.223500 0.227500 0.000000 0.000000 0.000000 0.143549 0.439664 0.477597 0.378852 0.255576 0.172761 0.147561 0.165982 0.202536 0.234931 0.251230 0.250394 0.238725 0.224970 0.216181 0.215468 0.221804 0.231400 0.239763 0.243616 0.242042 0.236589 0.230448 0.227065 0.228714 0.235496 0.245099 0.253407 0.255780 0.248640 0.230887 0.204673 0.175254 0.149836 0.135653 0.137754 0.157132 0.189833 0.227500 0.259452 0.275946 0.271780 0.249091 0.218071 0.194700 0.195310 0.228953 0.289903 0.353744 0.380959 0.330970 0.186590 0.000000 0.000000 0.000000 0.389058 1.000000 1.000000 1.000000 0.254900 0.251000 0.081868 0.095610 0.170679 0.237459 0.271797 0.276472 0.264502 0.248605 0.236650 0.231196 0.231104 0.233644 0.236187 0.237132 0.236112 0.233689 0.230846 0.228503 0.227194 0.226973 0.227500 0.228240 0.228685 0.228525 0.227723 0.226487 0.225170 0.224124 0.223572 0.223529 0.223799 0.224044 0.223896 0.223088 0.221559 0.219490 0.217266 0.215369 0.214218 0.214017 0.214656 0.215700 0.216502 0.216410 0.215026 0.212421 0.209229 0.206523 0.205449 0.206689 0.209899 0.213392 0.214355 0.209862 0.198691 0.183564 0.172829 0.179914 0.218424 0.290921 0.371259 0.385180 0.203900
0.202958 0.279909 0.272382 0.237671 0.207718 0.192920 0.191336 0.196694 0.203271 0.207830 0.209620 0.209470 0.208725 0.208465 0.209141 0.210583 0.212243 0.213502 0.213934 0.213448 0.212286 0.210919 0.209879 0.209593 0.210266 0.211827 0.213965 0.216224 0.218122 0.219282 0.219523 0.218904 0.217697 0.216324 0.215250 0.214870 0.215425 0.216948 0.219272 0.222074 0.224966 0.227583 0.229666 0.231097 0.231896 0.232172 0.232052 0.231628 0.230942 0.230046 0.229110 0.228555 0.229100 0.231659 0.236950 0.244855 0.253634 0.259403 0.256495 0.239580 0.208299 0.173464 0.165976 0.248853 0.251528 0.448069 0.404294 0.288086 0.260070 0.253549 0.257460 0.261135 0.260009 0.255188 0.250421 0.249034 0.252125 0.258275 0.264384 0.267007 0.263589 0.253220 0.236771 0.216486 0.195247 0.175785 0.160047 0.148878 0.142047 0.138555 0.137093 0.136508 0.136126 0.135858 0.136079 0.137325 0.139928 0.143722 0.147930 0.151301 0.152507 0.150690 0.146030 0.140113 0.135951 0.137500 0.148708 0.172217 0.208028 0.252528 0.298337 0.335309 0.352808 0.343017 0.304567 0.245310 0.182817 0.141166 0.143299 0.199515 0.294916 0.381398 0.382545 0.221477 0.000000 0.000000 0.000000 0.212224 0.233474 0.079181 0.078345 0.070164 0.139723 0.431404 0.471883 0.375914 0.256602 0.176144 0.151494 0.169209 0.204629 0.236161 0.252230 0.251807 0.240960 0.228116 0.220072 0.219836 0.226453 0.236324 0.245184 0.249923 0.249643 0.245738 0.241079 0.238696 0.240440 0.246093 0.253215 0.257809 0.255612 0.243626 0.221435 0.191861 0.160679 0.135351 0.123071 0.129633 0.151838 0.188556 0.229492 0.263438 0.280460 0.275560 0.251426 0.219010 0.195025 0.196243 0.231641 0.294806 0.360126 0.386752 0.333215 0.182589 0.003661 0.020770 0.014777 0.393025 0.988497 0.928097 0.922604 0.256787 0.254224 0.063129 0.078778 0.163476 0.238435 0.276473 0.280992 0.266965 0.248934 0.235808 0.230362 0.231101 0.234712 0.238042 0.239191 0.237757 0.234485 0.230656 0.227491 0.225748 0.225577 0.226602 0.228144 0.229489 0.230120 0.229829 0.228729 0.227159 0.225535 0.224200 0.223321 0.222851 0.222571 0.222191 0.221470 0.220320 0.218854 0.217362 0.216219 0.215740 0.216045 0.216969 0.218065 0.218715 0.218341 0.216653 0.213848 0.210674 0.208266 0.207743 0.209638 0.213328 0.216759 0.216765 0.210251 0.196214 0.178181 0.165930 0.174688 0.219461 0.302424 0.393334 0.408313 0.203440
0.202441 0.224873 0.221823 0.211790 0.204215 0.201465 0.202267 0.204427 0.206325 0.207336 0.207636 0.207767 0.208230 0.209246 0.210706 0.212268 0.213512 0.214110 0.213930 0.213075 0.211845 0.210642 0.209864 0.209799 0.210555 0.212042 0.213998 0.216054 0.217825 0.218997 0.219401 0.219047 0.218124 0.216959 0.215948 0.215471 0.215814 0.217103 0.219285 0.222126 0.225267 0.228287 0.230795 0.232501 0.233276 0.233175 0.232423 0.231368 0.230411 0.229936 0.230242 0.231509 0.233771 0.236913 0.240657 0.244527 0.247801 0.249502 0.248533 0.244109 0.236694 0.227845 0.223545 0.250116 0.252774 0.408487 0.359418 0.244986 0.256522 0.271163 0.278927 0.276410 0.266448 0.254932 0.247357 0.246569 0.252126 0.261002 0.269009 0.272306 0.268519 0.257225 0.239808 0.218861 0.197364 0.177927 0.162255 0.150955 0.143661 0.139395 0.137026 0.135666 0.134916 0.134882 0.135986 0.138650 0.142954 0.148403 0.153910 0.158017 0.159350 0.157189 0.151994 0.145712 0.141679 0.144054 0.156787 0.182321 0.220298 0.266709 0.313873 0.351566 0.369359 0.359885 0.322300 0.264813 0.204903 0.165952 0.169673 0.225025 0.316408 0.396543 0.391859 0.229878 0.000000 0.000000 0.000000 0.210114 0.237258 0.128185 0.126812 0.113570 0.116591 0.475174 0.527547 0.410763 0.265689 0.167380 0.136773 0.157702 0.200277 0.238283 0.257651 0.257099 0.243954 0.228403 0.218663 0.218365 0.226361 0.238315 0.249099 0.254977 0.254873 0.250438 0.245062 0.242279 0.244169 0.250317 0.257681 0.261432 0.256540 0.239641 0.210596 0.173221 0.134864 0.104785 0.092108 0.102803 0.132608 0.180261 0.232267 0.274529 0.294767 0.287073 0.255250 0.213420 0.182762 0.184294 0.229029 0.308530 0.390306 0.422950 0.354602 0.164495 0.006547 0.034021 0.024441 0.428943 0.980003 0.883471 0.874663 0.258059 0.256920 0.077339 0.092195 0.171570 0.241302 0.276034 0.279275 0.265381 0.248170 0.236009 0.231368 0.232638 0.236498 0.239834 0.240800 0.239049 0.235387 0.231164 0.227677 0.225752 0.225583 0.226800 0.228689 0.230459 0.231488 0.231461 0.230403 0.228609 0.226507 0.224510 0.222900 0.221769 0.221031 0.220492 0.219949 0.219281 0.218504 0.217768 0.217291 0.217259 0.217717 0.218502 0.219249 0.219481 0.218785 0.217007 0.214408 0.211696 0.209863 0.209818 0.211886 0.215329 0.218135 0.217369 0.210290 0.196211 0.178694 0.167048 0.175464 0.217680 0.295305 0.379845 0.393405 0.203208
0.202665 0.226331 0.223011 0.212339 0.204361 0.201590 0.202632 0.205093 0.207181 0.208187 0.208290 0.208095 0.208195 0.208900 0.210165 0.211672 0.212995 0.213767 0.213806 0.213162 0.212086 0.210955 0.210157 0.209990 0.210592 0.211912 0.213731 0.215718 0.217518 0.218830 0.219479 0.219453 0.218902 0.218104 0.217400 0.217121 0.217513 0.218685 0.220586 0.223014 0.225663 0.228187 0.230271 0.231705 0.232418 0.232494 0.232146 0.231667 0.231366 0.231504 0.232258 0.233705 0.235828 0.238535 0.241653 0.244883 0.247716 0.249365 0.248818 0.245208 0.238698 0.230585 0.226538 0.250801 0.255010 0.432937 0.386385 0.267853 0.261123 0.265479 0.271326 0.272234 0.267372 0.259917 0.254125 0.252912 0.256695 0.263536 0.270128 0.273071 0.269963 0.260001 0.244030 0.224134 0.202968 0.183058 0.166266 0.153515 0.144806 0.139475 0.136561 0.135176 0.134758 0.135150 0.136501 0.139028 0.142747 0.147270 0.151758 0.155079 0.156159 0.154445 0.150345 0.145491 0.142677 0.145396 0.156981 0.179494 0.212629 0.252961 0.293914 0.326726 0.342458 0.334831 0.303232 0.254920 0.205195 0.174414 0.181272 0.232991 0.314870 0.384063 0.374599 0.222196 0.000000 0.000000 0.000000 0.217498 0.237849 0.112865 0.111640 0.099980 0.078181 0.566834 0.637370 0.478412 0.280109 0.145523 0.103225 0.131203 0.188706 0.239970 0.265794 0.264422 0.245850 0.223989 0.210051 0.208985 0.219192 0.234710 0.248491 0.255401 0.253977 0.246539 0.237847 0.232913 0.234808 0.243188 0.254075 0.260958 0.256924 0.237189 0.201242 0.153885 0.104711 0.065971 0.050333 0.063419 0.103925 0.166968 0.235526 0.290800 0.316400 0.304470 0.260197 0.202642 0.160374 0.161760 0.221693 0.328854 0.439460 0.484146 0.392823 0.137213 0.006277 0.030272 0.021943 0.491285 0.981333 0.897300 0.889608 0.258637 0.258529 0.128216 0.139322 0.196634 0.246171 0.269859 0.270721 0.259553 0.246550 0.237738 0.234707 0.236033 0.239077 0.241435 0.241734 0.239790 0.236321 0.232466 0.229304 0.227525 0.227289 0.228284 0.229891 0.231413 0.232277 0.232160 0.231036 0.229132 0.226821 0.224506 0.222513 0.221019 0.220045 0.219486 0.219176 0.218963 0.218757 0.218553 0.218404 0.218375 0.218476 0.218621 0.218625 0.218249 0.217304 0.215760 0.213840 0.212028 0.210953 0.211150 0.212731 0.215077 0.216727 0.215636 0.209965 0.199360 0.186454 0.177864 0.183546 0.213043 0.267354 0.326460 0.335954 0.203330
0.203641 0.292906 0.283763 0.243235 0.208628 0.191964 0.190779 0.197539 0.205388 0.210462 0.211902 0.210785 0.208849 0.207545 0.207566 0.208827 0.210726 0.212501 0.213552 0.213627 0.212853 0.211646 0.210539 0.210009 0.210335 0.211539 0.213402 0.215545 0.217546 0.219059 0.219904 0.220098 0.219842 0.219445 0.219240 0.219480 0.220278 0.221576 0.223181 0.224825 0.226261 0.227344 0.228083 0.228629 0.229219 0.230068 0.231259 0.232670 0.233992 0.234848 0.235008 0.234636 0.234446 0.235635 0.239448 0.246364 0.255049 0.261531 0.259400 0.242078 0.208165 0.169715 0.162201 0.250997 0.258118 0.543429 0.506185 0.369637 0.275313 0.232069 0.229368 0.245156 0.261726 0.270771 0.271966 0.269071 0.266221 0.265668 0.267177 0.268660 0.267381 0.261150 0.249106 0.231931 0.211552 0.190528 0.171348 0.155856 0.144928 0.138457 0.135584 0.135072 0.135714 0.136622 0.137371 0.137948 0.138567 0.139429 0.140521 0.141545 0.142014 0.141503 0.139983 0.138111 0.137358 0.139844 0.147848 0.163048 0.185657 0.213717 0.242871 0.266884 0.279049 0.274364 0.252002 0.217294 0.182144 0.162821 0.174493 0.222871 0.294988 0.353349 0.339918 0.197816 0.000000 0.000000 0.000000 0.231959 0.235843 0.024574 0.024304 0.021764 0.032610 0.690577 0.780647 0.566589 0.296961 0.114178 0.056654 0.094404 0.172068 0.241079 0.275360 0.272546 0.246264 0.215473 0.195462 0.192968 0.205772 0.225672 0.242959 0.250551 0.246442 0.233910 0.219711 0.211101 0.212775 0.224780 0.242082 0.255955 0.256792 0.237529 0.196605 0.139502 0.078218 0.028576 0.007718 0.020547 0.072252 0.151650 0.238651 0.308919 0.341002 0.324399 0.265595 0.189296 0.132858 0.133625 0.211491 0.352045 0.498139 0.558672 0.441099 0.107354 0.001475 0.006655 0.004866 0.568008 0.995730 0.977621 0.975957 0.258777 0.258864 0.207901 0.212896 0.234864 0.252419 0.259098 0.256909 0.250692 0.244670 0.241077 0.240190 0.241045 0.242275 0.242763 0.241964 0.239941 0.237193 0.234394 0.232146 0.230810 0.230441 0.230819 0.231545 0.232173 0.232329 0.231791 0.230528 0.228681 0.226511 0.224324 0.222399 0.220927 0.219986 0.219534 0.219444 0.219538 0.219640 0.219607 0.219357 0.218866 0.218158 0.217283 0.216297 0.215250 0.214189 0.213173 0.212287 0.211643 0.211358 0.211499 0.212001 0.212593 0.212774 0.211899 0.209414 0.205253 0.200300 0.196712 0.197727 0.206494 0.223475 0.242402 0.245846 0.203783
0.205002 0.401306 0.382774 0.293602 0.215483 0.175969 0.170920 0.184516 0.201723 0.213559 0.217454 0.215185 0.210279 0.205967 0.204091 0.204928 0.207601 0.210753 0.213168 0.214168 0.213732 0.212372 0.210860 0.209934 0.210060 0.211322 0.213442 0.215913 0.218182 0.219827 0.220678 0.220848 0.220673 0.220577 0.220926 0.221889 0.223374 0.225054 0.226471 0.227210 0.227068 0.226174 0.225006 0.224271 0.224678 0.226647 0.230058 0.234146 0.237642 0.239190 0.237981 0.234408 0.230460 0.229482 0.235019 0.248710 0.267641 0.282316 0.277153 0.236030 0.155169 0.064937 0.051232 0.250989 0.261501 0.724376 0.698535 0.526128 0.295967 0.179436 0.163786 0.202391 0.251501 0.285380 0.296947 0.291441 0.278695 0.267237 0.261331 0.260713 0.262061 0.261111 0.254539 0.241071 0.221692 0.199099 0.176737 0.157749 0.144185 0.136615 0.134202 0.135130 0.137239 0.138651 0.138221 0.135731 0.131779 0.127448 0.123869 0.121823 0.121511 0.122562 0.124268 0.125977 0.127495 0.129328 0.132637 0.138860 0.149042 0.163080 0.179171 0.193771 0.202326 0.200813 0.187809 0.166465 0.145369 0.137239 0.154562 0.202254 0.268942 0.320731 0.303962 0.164747 0.028497 0.019379 0.022291 0.248546 0.233426 0.000000 0.000000 0.000000 0.000000 0.820370 0.925791 0.657661 0.314384 0.082093 0.009133 0.057210 0.155843 0.243214 0.286135 0.281617 0.247065 0.206703 0.180081 0.175818 0.191060 0.215254 0.235882 0.243792 0.236387 0.217962 0.197440 0.184558 0.185898 0.202112 0.227216 0.250222 0.258627 0.242737 0.199515 0.134693 0.062325 0.001621 0.000000 0.000000 0.044707 0.137740 0.240998 0.324987 0.363343 0.342789 0.270711 0.176901 0.106940 0.106777 0.201319 0.373537 0.553804 0.630333 0.488883 0.081510 0.000000 0.000000 0.000000 0.642472 1.000000 1.000000 1.000000 0.259077 0.258293 0.296437 0.294414 0.276716 0.258670 0.246763 0.241690 0.241435 0.243412 0.245587 0.246822 0.246778 0.245632 0.243796 0.241698 0.239674 0.237927 0.236539 0.235503 0.234757 0.234206 0.233743 0.233253 0.232630 0.231787 0.230671 0.229278 0.227661 0.225927 0.224227 0.222721 0.221553 0.220807 0.220487 0.220504 0.220683 0.220800 0.220626 0.219987 0.218809 0.217152 0.215208 0.213264 0.211631 0.210560 0.210157 0.210330 0.210796 0.211152 0.211021 0.210222 0.208930 0.207726 0.207468 0.208933 0.212253 0.216285 0.218241 0.214035 0.199945 0.176016 0.151105 0.148017 0.204383
0.206082 0.498493 0.471622 0.338821 0.221574 0.161404 0.152751 0.172436 0.198131 0.216258 0.222662 0.219675 0.212352 0.205459 0.201848 0.202128 0.205226 0.209313 0.212689 0.214354 0.214186 0.212787 0.211121 0.210113 0.210339 0.211879 0.214358 0.217128 0.219518 0.221059 0.221633 0.221489 0.221130 0.221126 0.221894 0.223528 0.225737 0.227918 0.229342 0.229425 0.227978 0.225365 0.222491 0.220575 0.220772 0.223702 0.229065 0.235512 0.240897 0.242969 0.240395 0.233800 0.226372 0.223460 0.230745 0.250915 0.279543 0.301929 0.293899 0.230423 0.105564 0.000000 0.000000 0.251204 0.264190 0.919984 0.900409 0.677187 0.315637 0.128602 0.100731 0.161379 0.241629 0.299073 0.320309 0.312136 0.289917 0.268174 0.255405 0.253002 0.257016 0.261180 0.259828 0.249861 0.231405 0.207320 0.181953 0.159668 0.143594 0.134919 0.132818 0.134954 0.138320 0.140164 0.138732 0.133645 0.125848 0.117187 0.109754 0.105208 0.104276 0.106572 0.110791 0.115210 0.118334 0.119485 0.119092 0.118567 0.119728 0.123933 0.131212 0.139786 0.146325 0.147134 0.140101 0.126851 0.114087 0.112883 0.134864 0.185034 0.252665 0.304138 0.284849 0.138464 0.051768 0.033664 0.039200 0.260939 0.233723 0.000000 0.000000 0.000000 0.000000 0.924571 1.000000 0.732035 0.332159 0.061832 0.000000 0.033083 0.147912 0.249476 0.299069 0.293192 0.252147 0.204229 0.172309 0.166499 0.183480 0.210892 0.234033 0.242120 0.232076 0.208978 0.183451 0.167221 0.168432 0.188299 0.220180 0.251353 0.266995 0.255215 0.211586 0.141752 0.061097 0.000000 0.000000 0.000000 0.027609 0.128556 0.242238 0.335572 0.378603 0.355842 0.275003 0.169211 0.089724 0.088613 0.194522 0.388839 0.593322 0.681581 0.523809 0.064697 0.000000 0.000000 0.000000 0.696786 1.000000 1.000000 1.000000 0.260345 0.257721 0.365764 0.357824 0.308826 0.263086 0.237140 0.230413 0.235292 0.243731 0.250339 0.252945 0.251818 0.248460 0.244561 0.241348 0.239355 0.238506 0.238358 0.238371 0.238113 0.237365 0.236122 0.234531 0.232795 0.231092 0.229529 0.228127 0.226855 0.225668 0.224545 0.223515 0.222648 0.222021 0.221678 0.221590 0.221627 0.221575 0.221180 0.220222 0.218590 0.216350 0.213761 0.211234 0.209235 0.208139 0.208084 0.208872 0.209971 0.210646 0.210239 0.208514 0.205969 0.203946 0.204356 0.208896 0.217805 0.228460 0.234492 0.226523 0.195854 0.142209 0.085368 0.077298 0.204829
0.206154 0.518419 0.490048 0.348305 0.222801 0.158061 0.148428 0.169368 0.197109 0.217077 0.224650 0.222109 0.214670 0.207329 0.203129 0.202816 0.205393 0.209078 0.212205 0.213799 0.213760 0.212681 0.211493 0.211050 0.211830 0.213808 0.216522 0.219272 0.221386 0.222457 0.222467 0.221791 0.221051 0.220897 0.221766 0.223707 0.226327 0.228884 0.230519 0.230557 0.228794 0.225662 0.222207 0.219832 0.219854 0.222979 0.228878 0.236032 0.242030 0.244339 0.241447 0.234018 0.225566 0.222014 0.229672 0.251569 0.282899 0.307552 0.298970 0.229623 0.092907 0.000000 0.000000 0.252084 0.265161 1.000000 1.000000 0.746044 0.324992 0.106425 0.073434 0.144223 0.238408 0.306125 0.331275 0.321527 0.294858 0.268543 0.252976 0.250244 0.256036 0.263096 0.264623 0.256621 0.238771 0.213962 0.186939 0.162631 0.144713 0.134746 0.132042 0.134166 0.137861 0.140072 0.138795 0.133524 0.125227 0.115895 0.107824 0.102860 0.101832 0.104338 0.108937 0.113704 0.116948 0.117875 0.116937 0.115709 0.116265 0.120219 0.127736 0.136974 0.144317 0.145650 0.138494 0.124408 0.110525 0.108872 0.132260 0.186434 0.260028 0.316533 0.296165 0.136719 0.049590 0.030727 0.036276 0.263516 0.239606 0.000000 0.000000 0.000000 0.000000 0.973457 1.000000 0.772478 0.351264 0.066180 0.000000 0.035214 0.156099 0.263149 0.315472 0.309265 0.265857 0.215069 0.181061 0.174571 0.192173 0.220872 0.245162 0.253634 0.243003 0.218607 0.191691 0.174717 0.176412 0.198208 0.233193 0.267944 0.286684 0.276570 0.232517 0.160004 0.074832 0.000000 0.000000 0.000000 0.025235 0.126726 0.242593 0.338631 0.383589 0.360983 0.278276 0.169326 0.086983 0.085227 0.194030 0.394540 0.606059 0.697739 0.534825 0.059485 0.000000 0.000000 0.000000 0.716092 1.000000 1.000000 1.000000 0.263304 0.258315 0.388433 0.377648 0.318202 0.263984 0.234480 0.228254 0.235522 0.246307 0.254155 0.256712 0.254637 0.250037 0.245121 0.241401 0.239440 0.238993 0.239364 0.239774 0.239642 0.238717 0.237066 0.234976 0.232801 0.230844 0.229265 0.228073 0.227158 0.226363 0.225552 0.224668 0.223743 0.222876 0.222179 0.221714 0.221452 0.221250 0.220885 0.220117 0.218774 0.216836 0.214474 0.212037 0.209969 0.208668 0.208333 0.208840 0.209721 0.210282 0.209862 0.208196 0.205758 0.203896 0.204582 0.209605 0.219259 0.230810 0.237493 0.229211 0.196437 0.138576 0.076717 0.067152 0.204829
0.204804 0.411641 0.392944 0.299203 0.216182 0.173384 0.167180 0.181472 0.200604 0.214896 0.221145 0.220639 0.216602 0.212164 0.209271 0.208464 0.209244 0.210659 0.211852 0.212388 0.212330 0.212099 0.212234 0.213136 0.214911 0.217329 0.219903 0.222065 0.223353 0.223569 0.222844 0.221610 0.220464 0.219986 0.220554 0.222208 0.224620 0.227172 0.229142 0.229936 0.229315 0.227528 0.225301 0.223660 0.223609 0.225742 0.229922 0.235157 0.239783 0.242001 0.240675 0.236164 0.230814 0.228691 0.234199 0.249534 0.271517 0.289124 0.284023 0.237066 0.143445 0.037930 0.020366 0.253907 0.263832 1.000000 0.999464 0.674998 0.317231 0.133233 0.106866 0.167480 0.246596 0.302399 0.322039 0.312718 0.290030 0.268575 0.256806 0.255986 0.261967 0.268227 0.268817 0.260337 0.242648 0.218414 0.191913 0.167590 0.148828 0.137212 0.132416 0.132615 0.135238 0.137795 0.138552 0.136878 0.133218 0.128742 0.124820 0.122498 0.122149 0.123415 0.125452 0.127395 0.128875 0.130375 0.133251 0.139317 0.150059 0.165680 0.184342 0.202008 0.213212 0.212866 0.198803 0.174283 0.149259 0.139001 0.158954 0.215775 0.296427 0.360053 0.340733 0.170981 0.018672 0.010979 0.013164 0.253894 0.252195 0.000000 0.000000 0.000000 0.000000 0.948389 1.000000 0.768480 0.372245 0.102700 0.016783 0.071075 0.184487 0.285493 0.335394 0.330357 0.290250 0.243023 0.211405 0.205588 0.222491 0.250048 0.273804 0.283102 0.274840 0.253934 0.230760 0.216770 0.219860 0.241063 0.273619 0.304733 0.319526 0.306027 0.259704 0.186084 0.100473 0.024553 0.000000 0.000000 0.039060 0.133677 0.242822 0.334019 0.377519 0.357476 0.280651 0.178747 0.101449 0.099583 0.201407 0.389197 0.586963 0.671486 0.515944 0.066167 0.000000 0.000000 0.000000 0.692907 1.000000 1.000000 1.000000 0.268200 0.260992 0.349508 0.340096 0.297966 0.260647 0.241180 0.237933 0.243636 0.251146 0.256019 0.256809 0.254215 0.249906 0.245544 0.242217 0.240284 0.239509 0.239341 0.239199 0.238675 0.237624 0.236140 0.234464 0.232865 0.231538 0.230541 0.229796 0.229130 0.228346 0.227297 0.225942 0.224359 0.222727 0.221270 0.220190 0.219596 0.219465 0.219638 0.219858 0.219839 0.219349 0.218286 0.216720 0.214876 0.213080 0.211646 0.210770 0.210445 0.210454 0.210455 0.210155 0.209519 0.208929 0.209165 0.211095 0.215057 0.220025 0.222944 0.218843 0.202621 0.173293 0.140896 0.134309 0.204257
0.202319 0.179742 0.181724 0.192298 0.201979 0.207402 0.209033 0.208835 0.208702 0.209683 0.211885 0.214736 0.217388 0.219091 0.219425 0.218393 0.216365 0.213942 0.211788 0.210460 0.210300 0.211380 0.213511 0.216304 0.219268 0.221911 0.223838 0.224816 0.224803 0.223949 0.222548 0.220978 0.219628 0.218825 0.218781 0.219561 0.221078 0.223121 0.225398 0.227600 0.229457 0.230797 0.231572 0.231868 0.231888 0.231900 0.232178 0.232937 0.234276 0.236142 0.238335 0.240549 0.242452 0.243795 0.244513 0.244812 0.245179 0.246291 0.248792 0.252945 0.258192 0.260637 0.255183 0.256606 0.260585 0.891035 0.813817 0.467730 0.293230 0.208113 0.199584 0.230107 0.265956 0.288415 0.293551 0.286710 0.276204 0.268690 0.267001 0.270155 0.274709 0.276567 0.272537 0.261243 0.243299 0.220883 0.196975 0.174538 0.155877 0.142287 0.134029 0.130553 0.130842 0.133764 0.138314 0.143713 0.149364 0.154739 0.159269 0.162336 0.163393 0.162222 0.159238 0.155739 0.153947 0.156737 0.167004 0.186755 0.216094 0.252428 0.290249 0.321803 0.338807 0.335061 0.309421 0.268172 0.225545 0.201107 0.213252 0.269205 0.353931 0.423016 0.406926 0.236978 0.000000 0.000000 0.000000 0.235128 0.269578 0.179480 0.177396 0.158709 0.031713 0.850167 0.919397 0.719464 0.392827 0.167910 0.094137 0.136850 0.229590 0.313295 0.355717 0.353277 0.321980 0.284609 0.259806 0.256042 0.270992 0.295015 0.316508 0.326914 0.323722 0.310789 0.296207 0.288721 0.294010 0.312097 0.336743 0.357058 0.360868 0.338874 0.288344 0.215136 0.133264 0.061840 0.025778 0.026748 0.067649 0.149273 0.243894 0.323378 0.362108 0.346499 0.282333 0.196619 0.131558 0.130156 0.216076 0.373879 0.538797 0.606362 0.469632 0.083927 0.016610 0.051192 0.039834 0.630334 0.962056 0.836125 0.824164 0.274431 0.265804 0.258101 0.253862 0.252920 0.254108 0.256019 0.257521 0.257985 0.257265 0.255563 0.253248 0.250696 0.248191 0.245885 0.243811 0.241930 0.240183 0.238534 0.236997 0.235632 0.234522 0.233738 0.233309 0.233188 0.233252 0.233311 0.233138 0.232523 0.231313 0.229459 0.227045 0.224281 0.221483 0.219019 0.217242 0.216413 0.216642 0.217841 0.219726 0.221851 0.223685 0.224722 0.224592 0.223174 0.220646 0.217490 0.214402 0.212138 0.211292 0.212078 0.214157 0.216603 0.218058 0.217123 0.212955 0.205947 0.198262 0.193864 0.197624 0.213095 0.238846 0.263879 0.263998 0.203316
0.199903 0.000000 0.000000 0.063403 0.185183 0.249046 0.260242 0.242438 0.218674 0.203013 0.199678 0.206000 0.216352 0.225382 0.229835 0.229007 0.224215 0.217803 0.212138 0.208875 0.208642 0.211089 0.215205 0.219743 0.223600 0.226080 0.226974 0.226498 0.225119 0.223358 0.221630 0.220161 0.219000 0.218103 0.217448 0.217128 0.217385 0.218557 0.220943 0.224632 0.229363 0.234463 0.238930 0.241680 0.241895 0.239411 0.234984 0.230302 0.227630 0.229078 0.235612 0.246121 0.256980 0.262613 0.257443 0.239203 0.212890 0.193602 0.205394 0.272472 0.399543 0.535452 0.546097 0.259660 0.257083 0.660819 0.557387 0.220127 0.265196 0.298134 0.310494 0.304697 0.288737 0.271504 0.259612 0.256039 0.260287 0.269460 0.279671 0.287291 0.289771 0.285970 0.276045 0.261083 0.242638 0.222338 0.201632 0.181712 0.163566 0.148090 0.136167 0.128672 0.126355 0.129629 0.138335 0.151545 0.167514 0.183822 0.197758 0.206868 0.209607 0.205923 0.197619 0.188335 0.183063 0.187178 0.205127 0.239002 0.287348 0.344595 0.401461 0.446516 0.468852 0.461447 0.424436 0.367173 0.307863 0.269703 0.273209 0.325659 0.410463 0.481672 0.469643 0.308556 0.000000 0.000000 0.000000 0.216496 0.286377 0.487490 0.481761 0.430836 0.094544 0.703219 0.750232 0.635623 0.405816 0.243563 0.187291 0.214205 0.278119 0.337407 0.368953 0.369686 0.350329 0.326503 0.311113 0.310145 0.322218 0.340961 0.358681 0.369725 0.372455 0.369348 0.365456 0.365926 0.373514 0.386986 0.400949 0.407219 0.397391 0.365822 0.312164 0.242567 0.169040 0.106908 0.076801 0.080426 0.107185 0.171694 0.246433 0.309396 0.340874 0.330624 0.283267 0.219478 0.171199 0.170633 0.235066 0.352159 0.472614 0.517851 0.408364 0.112454 0.053595 0.141977 0.113927 0.542810 0.890642 0.554822 0.522302 0.280386 0.271463 0.153187 0.155583 0.202332 0.247493 0.273233 0.279343 0.273127 0.262642 0.253442 0.247876 0.245809 0.245795 0.246166 0.245710 0.243951 0.241077 0.237701 0.234560 0.232268 0.231159 0.231254 0.232295 0.233844 0.235400 0.236490 0.236755 0.235982 0.234123 0.231289 0.227729 0.223808 0.219967 0.216684 0.214415 0.213528 0.214229 0.216489 0.220006 0.224201 0.228280 0.231365 0.232669 0.231717 0.228528 0.223718 0.218461 0.214256 0.212515 0.214025 0.218423 0.223889 0.227286 0.224963 0.214280 0.195670 0.174625 0.162517 0.174662 0.223899 0.308463 0.395054 0.402752 0.202602
0.199526 0.000000 0.000000 0.000000 0.175243 0.276526 0.293796 0.264463 0.225054 0.198025 0.190377 0.198271 0.213168 0.226853 0.234262 0.234171 0.228378 0.220194 0.212930 0.208838 0.208672 0.211815 0.216788 0.221886 0.225733 0.227612 0.227526 0.226029 0.223922 0.221935 0.220493 0.219640 0.219120 0.218573 0.217778 0.216827 0.216187 0.216585 0.218756 0.223109 0.229440 0.236792 0.243569 0.247921 0.248358 0.244401 0.237083 0.229018 0.223856 0.225100 0.234480 0.250380 0.267053 0.275486 0.266529 0.236307 0.192729 0.160236 0.178063 0.285959 0.492050 0.715216 0.738272 0.262161 0.256102 0.523714 0.420634 0.116285 0.255987 0.339584 0.360545 0.338643 0.299971 0.265395 0.246102 0.244039 0.254859 0.271488 0.287075 0.296798 0.298462 0.292186 0.279579 0.262814 0.243883 0.224204 0.204594 0.185502 0.167362 0.150900 0.137273 0.127971 0.124509 0.127974 0.138579 0.155342 0.176022 0.197384 0.215771 0.227913 0.231788 0.227363 0.216982 0.205243 0.198289 0.202556 0.223167 0.262289 0.317863 0.383127 0.447276 0.497395 0.521531 0.512362 0.470584 0.406847 0.340992 0.297679 0.298223 0.349818 0.435129 0.507551 0.497346 0.340077 0.000000 0.000000 0.000000 0.211723 0.294806 0.627958 0.620481 0.554577 0.157998 0.552039 0.583440 0.535453 0.398850 0.298110 0.259896 0.272290 0.308498 0.343790 0.364064 0.366958 0.358281 0.346846 0.340025 0.341322 0.350104 0.362977 0.375847 0.385780 0.392006 0.395855 0.399771 0.405864 0.414562 0.423865 0.429506 0.426022 0.408475 0.374316 0.324831 0.265658 0.206077 0.157104 0.133741 0.138181 0.152448 0.197641 0.250155 0.294716 0.317900 0.312879 0.282890 0.241828 0.210888 0.211154 0.253569 0.329393 0.405670 0.430663 0.352839 0.152993 0.093359 0.190838 0.162824 0.453291 0.842079 0.426560 0.384536 0.283709 0.275368 0.097739 0.104351 0.177027 0.245526 0.283369 0.291154 0.280715 0.264642 0.251366 0.244224 0.242694 0.244314 0.246380 0.246998 0.245465 0.242126 0.237954 0.234075 0.231379 0.230310 0.230828 0.232507 0.234703 0.236738 0.238041 0.238242 0.237194 0.234957 0.231748 0.227900 0.223809 0.219913 0.216653 0.214452 0.213663 0.214506 0.216996 0.220876 0.225594 0.230330 0.234115 0.236019 0.235405 0.232163 0.226879 0.220834 0.215773 0.213432 0.214878 0.219826 0.226188 0.230169 0.227203 0.213853 0.190478 0.163900 0.148648 0.164667 0.229083 0.340244 0.455025 0.466673 0.202999
0.203210 0.000000 0.000000 0.028153 0.183001 0.264239 0.277982 0.253944 0.221374 0.198456 0.191103 0.196538 0.208131 0.219373 0.226145 0.227298 0.224045 0.218806 0.214040 0.211427 0.211527 0.213884 0.217410 0.220875 0.223322 0.224310 0.223943 0.222725 0.221308 0.220246 0.219816 0.219967 0.220402 0.220745 0.220748 0.220438 0.220170 0.220537 0.222163 0.225432 0.230247 0.235912 0.241210 0.244709 0.245236 0.242408 0.237020 0.231113 0.227550 0.229076 0.237036 0.250128 0.263781 0.270842 0.264060 0.240386 0.206138 0.180770 0.195478 0.281833 0.446218 0.625344 0.647594 0.263119 0.260614 0.690265 0.635058 0.368322 0.291529 0.258657 0.258469 0.271294 0.282355 0.285708 0.282500 0.277175 0.274026 0.275181 0.280130 0.286393 0.290712 0.290218 0.283243 0.269609 0.250476 0.227889 0.204219 0.181686 0.162036 0.146428 0.135482 0.129406 0.128130 0.131370 0.138616 0.149057 0.161495 0.174342 0.185749 0.193897 0.197434 0.195962 0.190441 0.183362 0.178544 0.180487 0.193321 0.219511 0.258616 0.306499 0.355366 0.394939 0.414838 0.407842 0.373345 0.319831 0.265004 0.232270 0.242940 0.304875 0.400451 0.479576 0.464899 0.281847 0.000000 0.000000 0.000000 0.233930 0.287601 0.383419 0.378781 0.338266 0.208017 0.447305 0.473977 0.439694 0.357640 0.296047 0.271565 0.277437 0.297919 0.318393 0.330475 0.332688 0.328353 0.322528 0.319406 0.320905 0.326548 0.334306 0.341835 0.347560 0.351242 0.353887 0.357105 0.362201 0.369349 0.377146 0.382729 0.382466 0.373044 0.352649 0.321890 0.284143 0.245146 0.211836 0.193059 0.192092 0.197841 0.222913 0.253684 0.280978 0.296511 0.295788 0.280247 0.257731 0.240575 0.241261 0.266452 0.311258 0.356424 0.371435 0.325696 0.207602 0.122328 0.137307 0.141956 0.386425 0.857096 0.649981 0.624152 0.282132 0.274409 0.156644 0.160998 0.208579 0.252865 0.276598 0.280467 0.272477 0.261005 0.251582 0.246336 0.244864 0.245514 0.246512 0.246633 0.245433 0.243133 0.240336 0.237717 0.235783 0.234753 0.234557 0.234911 0.235437 0.235774 0.235662 0.234973 0.233711 0.231971 0.229905 0.227677 0.225451 0.223379 0.221617 0.220323 0.219655 0.219742 0.220640 0.222284 0.224444 0.226719 0.228581 0.229472 0.228953 0.226858 0.223421 0.219314 0.215546 0.213196 0.213020 0.215018 0.218111 0.220139 0.218374 0.210648 0.197000 0.181382 0.172545 0.182757 0.222784 0.291928 0.363616 0.371032 0.205336
0.211753 0.298868 0.289393 0.249196 0.214567 0.197012 0.194040 0.198436 0.203788 0.206654 0.206468 0.204449 0.202345 0.201531 0.202573 0.205248 0.208812 0.212368 0.215179 0.216853 0.217381 0.217052 0.216312 0.215601 0.215238 0.215367 0.215962 0.216889 0.217985 0.219130 0.220290 0.221517 0.222911 0.224558 0.226461 0.228510 0.230472 0.232043 0.232935 0.232975 0.232199 0.230889 0.229545 0.228776 0.229128 0.230892 0.233947 0.237721 0.241296 0.243696 0.244295 0.243237 0.241677 0.241645 0.245351 0.253925 0.265848 0.275740 0.274609 0.253029 0.208516 0.161395 0.163383 0.262023 0.272098 1.000000 1.000000 1.000000 0.385504 0.014252 0.000000 0.069215 0.226324 0.340898 0.384752 0.369643 0.325164 0.280425 0.253574 0.249130 0.260848 0.277228 0.287038 0.283211 0.264398 0.234356 0.199895 0.168297 0.145068 0.132587 0.129884 0.133422 0.138505 0.140848 0.137834 0.129140 0.116611 0.103483 0.093217 0.088324 0.089527 0.095526 0.103438 0.109797 0.111802 0.108403 0.100831 0.092301 0.086864 0.087694 0.095377 0.106922 0.116177 0.116012 0.101990 0.076477 0.051325 0.046795 0.084688 0.175170 0.299829 0.397919 0.369599 0.109690 0.044248 0.018119 0.024620 0.287573 0.262584 0.000000 0.000000 0.000000 0.236672 0.421966 0.454064 0.362634 0.273615 0.215918 0.198527 0.210957 0.235289 0.256175 0.265621 0.263231 0.253630 0.242977 0.236058 0.234724 0.237824 0.242271 0.244621 0.242552 0.235769 0.226118 0.216949 0.211995 0.214137 0.224421 0.241617 0.262451 0.282420 0.297002 0.302902 0.299006 0.286760 0.269838 0.251300 0.236073 0.238069 0.243390 0.255114 0.268622 0.278564 0.280884 0.274704 0.263337 0.253755 0.254251 0.270587 0.301751 0.337141 0.357404 0.340827 0.275711 0.130441 0.000000 0.027763 0.358457 0.950891 1.000000 1.000000 0.274882 0.266716 0.358487 0.352231 0.310636 0.271298 0.248519 0.241987 0.245238 0.251355 0.255708 0.256523 0.254221 0.250344 0.246569 0.244069 0.243261 0.243869 0.245176 0.246327 0.246597 0.245567 0.243182 0.239716 0.235669 0.231635 0.228174 0.225711 0.224478 0.224492 0.225574 0.227394 0.229523 0.231496 0.232881 0.233325 0.232609 0.230678 0.227660 0.223865 0.219750 0.215854 0.212711 0.210728 0.210077 0.210604 0.211807 0.212898 0.212978 0.211309 0.207648 0.202541 0.197461 0.194644 0.196508 0.204624 0.218383 0.233756 0.242859 0.235343 0.202694 0.146197 0.087916 0.081018 0.209815
0.223157 1.000000 0.975289 0.597756 0.263229 0.089153 0.059754 0.109610 0.175935 0.220912 0.233454 0.220798 0.197702 0.177861 0.169259 0.173261 0.186244 0.202325 0.215955 0.223657 0.224618 0.220314 0.213521 0.207163 0.203383 0.203053 0.205783 0.210332 0.215217 0.219301 0.222163 0.224157 0.226166 0.229135 0.233571 0.239180 0.244791 0.248619 0.248838 0.244289 0.235118 0.223084 0.211369 0.203818 0.203733 0.212528 0.228690 0.247551 0.262235 0.265870 0.254698 0.231137 0.205414 0.194123 0.214488 0.274277 0.359518 0.425358 0.398927 0.205629 0.000000 0.000000 0.000000 0.259532 0.288380 1.000000 1.000000 1.000000 0.519076 0.000000 0.000000 0.000000 0.143567 0.420268 0.532588 0.503020 0.398077 0.286235 0.212874 0.192747 0.215301 0.256470 0.291100 0.302056 0.284276 0.243936 0.194225 0.149730 0.121384 0.113341 0.122357 0.139509 0.153464 0.154193 0.136071 0.099498 0.050709 0.000000 0.000000 0.000000 0.000000 0.000000 0.000000 0.000000 0.011808 0.001353 0.000000 0.000000 0.000000 0.000000 0.000000 0.000000 0.000000 0.000000 0.000000 0.000000 0.000000 0.000000 0.000000 0.000000 0.165053 0.294241 0.244890 0.000000 0.165563 0.060833 0.086370 0.359336 0.227677 0.000000 0.000000 0.000000 0.248032 0.462465 0.503092 0.303198 0.155095 0.073764 0.059920 0.091609 0.137528 0.172509 0.184565 0.174640 0.151931 0.127843 0.110968 0.104425 0.105761 0.108868 0.106884 0.095002 0.072357 0.042503 0.012502 0.000000 0.000000 0.001422 0.038610 0.093032 0.156757 0.219954 0.273152 0.309383 0.325677 0.323535 0.301463 0.266079 0.268192 0.256285 0.253481 0.257895 0.264879 0.269140 0.267266 0.259800 0.251886 0.251810 0.267395 0.301122 0.345836 0.383634 0.390525 0.348219 0.122608 0.000000 0.000000 0.366391 1.000000 1.000000 1.000000 0.264335 0.254024 0.649683 0.627519 0.456501 0.296433 0.207153 0.186535 0.206836 0.238822 0.263139 0.272457 0.268537 0.257671 0.246616 0.240041 0.239602 0.244272 0.251389 0.257871 0.261219 0.260118 0.254572 0.245694 0.235264 0.225239 0.217325 0.212677 0.211784 0.214479 0.220065 0.227480 0.235472 0.242754 0.248135 0.250628 0.249557 0.244662 0.236188 0.224949 0.212309 0.200055 0.190132 0.184248 0.183414 0.187519 0.195084 0.203354 0.208835 0.208294 0.200088 0.185478 0.169417 0.160191 0.167334 0.197616 0.249546 0.307988 0.341839 0.309083 0.174121 0.000000 0.000000 0.000000 0.215349
0.231454 1.000000 1.000000 0.882039 0.302734 0.000644 0.000000 0.036522 0.153079 0.233175 0.256949 0.236330 0.196524 0.161194 0.144382 0.148831 0.168708 0.194214 0.216017 0.228217 0.229397 0.221994 0.210632 0.200180 0.194167 0.193965 0.198810 0.206512 0.214494 0.220804 0.224747 0.226985 0.229099 0.232800 0.239047 0.247429 0.256010 0.261787 0.261647 0.253586 0.237794 0.217194 0.197129 0.184067 0.183559 0.197954 0.224632 0.255622 0.279218 0.283767 0.262965 0.221081 0.175710 0.155290 0.189254 0.290752 0.435648 0.546932 0.499706 0.166314 0.000000 0.000000 0.000000 0.258018 0.301922 1.000000 1.000000 1.000000 0.623900 0.000000 0.000000 0.000000 0.078549 0.483929 0.650490 0.609231 0.455992 0.290579 0.180109 0.147586 0.179124 0.240711 0.296074 0.319946 0.304123 0.256505 0.195176 0.140429 0.107511 0.102076 0.119246 0.146039 0.166057 0.164873 0.134546 0.076032 0.000000 0.000000 0.000000 0.000000 0.000000 0.000000 0.000000 0.000000 0.000000 0.000000 0.000000 0.000000 0.000000 0.000000 0.000000 0.000000 0.000000 0.000000 0.000000 0.000000 0.000000 0.000000 0.000000 0.000000 0.074674 0.231322 0.163584 0.000000 0.242721 0.078033 0.117448 0.412209 0.203968 0.000000 0.000000 0.000000 0.261008 0.487121 0.527123 0.240012 0.038013 0.000000 0.000000 0.000000 0.062356 0.112033 0.127452 0.111245 0.077044 0.041127 0.015576 0.004674 0.004869 0.007461 0.002658 0.000000 0.000000 0.000000 0.000000 0.000000 0.000000 0.000000 0.000000 0.000000 0.058110 0.156776 0.243997 0.308627 0.344758 0.352710 0.328449 0.278975 0.283170 0.261387 0.250829 0.250913 0.256904 0.262311 0.262065 0.255409 0.247243 0.246958 0.264503 0.304556 0.360889 0.414064 0.435707 0.401434 0.129733 0.000000 0.000000 0.380977 1.000000 1.000000 1.000000 0.257176 0.243754 0.861255 0.827834 0.562923 0.315357 0.178053 0.147459 0.180273 0.231004 0.269624 0.284837 0.279450 0.263271 0.246783 0.237197 0.237039 0.244697 0.256059 0.266396 0.271914 0.270656 0.262694 0.249782 0.234665 0.220312 0.209266 0.203204 0.202772 0.207633 0.216671 0.228255 0.240509 0.251535 0.259603 0.263292 0.261632 0.254259 0.241548 0.224715 0.205804 0.187508 0.172782 0.164248 0.163494 0.170403 0.182759 0.196372 0.205873 0.206239 0.194844 0.173493 0.149681 0.136069 0.147314 0.193887 0.273569 0.363095 0.414477 0.362759 0.152820 0.000000 0.000000 0.000000 0.219115
0.227088 1.000000 1.000000 0.768003 0.287770 0.036654 0.000000 0.065239 0.162034 0.229064 0.249616 0.233307 0.200829 0.171707 0.157602 0.160888 0.176863 0.197534 0.215263 0.225211 0.226212 0.220263 0.211154 0.202877 0.198324 0.198604 0.203069 0.209894 0.216935 0.222562 0.226181 0.228323 0.230285 0.233477 0.238701 0.245637 0.252715 0.257483 0.257394 0.250809 0.237883 0.221018 0.204601 0.193949 0.193629 0.205582 0.227669 0.253354 0.273023 0.277097 0.260380 0.226350 0.189431 0.172954 0.201080 0.284604 0.403705 0.495135 0.456309 0.182394 0.000000 0.000000 0.000000 0.261447 0.300100 1.000000 1.000000 1.000000 0.583229 0.000000 0.000000 0.000000 0.108180 0.463389 0.608780 0.571661 0.436342 0.290687 0.193885 0.166307 0.195771 0.252206 0.303351 0.326482 0.313840 0.271907 0.216326 0.164958 0.131524 0.121561 0.131498 0.150652 0.165209 0.162848 0.136631 0.087112 0.022183 0.000000 0.000000 0.000000 0.000000 0.000000 0.000000 0.000000 0.000000 0.000000 0.000000 0.000000 0.000000 0.000000 0.000000 0.000000 0.000000 0.000000 0.000000 0.000000 0.000000 0.000000 0.000000 0.000000 0.140615 0.285028 0.220890 0.000000 0.186554 0.050289 0.082344 0.389333 0.223167 0.000000 0.000000 0.000000 0.305600 0.351092 0.368252 0.135961 0.000000 0.000000 0.000000 0.043491 0.105716 0.146257 0.157264 0.143388 0.116319 0.088642 0.069137 0.060528 0.059777 0.060253 0.054757 0.038380 0.010375 0.000000 0.000000 0.000000 0.000000 0.000000 0.000000 0.015262 0.087821 0.163141 0.230772 0.282291 0.312989 0.322660 0.307350 0.270972 0.277672 0.261765 0.253710 0.253681 0.258754 0.264451 0.266929 0.265061 0.261573 0.262526 0.274891 0.302708 0.343122 0.384362 0.407853 0.395994 0.210579 0.000000 0.000000 0.349993 0.714824 1.000000 1.000000 0.263846 0.249062 0.721660 0.697629 0.496436 0.307722 0.202430 0.178029 0.201716 0.238999 0.267152 0.277678 0.272794 0.259996 0.247249 0.239983 0.240029 0.246050 0.254802 0.262599 0.266497 0.264997 0.258192 0.247494 0.235098 0.223379 0.214375 0.209435 0.209078 0.213025 0.220350 0.229695 0.239491 0.248154 0.254249 0.256624 0.254534 0.247765 0.236727 0.222520 0.206889 0.192057 0.180398 0.173948 0.173858 0.179887 0.190132 0.201157 0.208669 0.208740 0.199420 0.182308 0.163479 0.153001 0.162369 0.199617 0.262668 0.332884 0.372353 0.330185 0.163656 0.000000 0.000000 0.000000 0.216833
0.200378 0.000000 0.000000 0.000000 0.169556 0.311649 0.333468 0.289507 0.232067 0.192777 0.181104 0.191286 0.211220 0.229539 0.239456 0.239534 0.232383 0.222474 0.214048 0.209749 0.210163 0.214139 0.219598 0.224434 0.227232 0.227614 0.226168 0.224070 0.222560 0.222460 0.223888 0.226253 0.228509 0.229590 0.228861 0.226449 0.223312 0.221007 0.221200 0.225044 0.232620 0.242657 0.252676 0.259617 0.260844 0.255263 0.244192 0.231539 0.222992 0.224148 0.237902 0.261890 0.287172 0.299525 0.284366 0.235362 0.164818 0.111334 0.137200 0.305859 0.630947 0.987931 1.000000 0.273961 0.269558 0.320230 0.238133 0.120193 0.271160 0.357013 0.376005 0.353151 0.316151 0.284549 0.267212 0.264492 0.272029 0.284237 0.296555 0.306306 0.312527 0.315237 0.314655 0.310681 0.302769 0.290179 0.272440 0.249827 0.223674 0.196394 0.171179 0.151426 0.140032 0.138722 0.147565 0.164828 0.187217 0.210485 0.230312 0.243274 0.247700 0.244223 0.235849 0.227490 0.224983 0.233754 0.257372 0.296325 0.347341 0.403517 0.455410 0.492995 0.508229 0.497640 0.464266 0.418147 0.374733 0.350935 0.359167 0.400576 0.459688 0.504394 0.489043 0.379293 0.000000 0.000000 0.000000 0.235660 0.315247 1.000000 1.000000 1.000000 0.409013 0.000000 0.000000 0.000000 0.084687 0.250317 0.346643 0.377124 0.368046 0.348344 0.337663 0.342800 0.360162 0.381072 0.397141 0.403885 0.401907 0.395885 0.392198 0.396224 0.410234 0.432470 0.457558 0.478037 0.486482 0.477619 0.449837 0.405737 0.351584 0.295844 0.247184 0.212458 0.195195 0.194971 0.210805 0.237817 0.247628 0.263148 0.272076 0.275643 0.277495 0.281854 0.291276 0.304829 0.317592 0.322097 0.311749 0.285337 0.250860 0.226119 0.233637 0.288674 0.431689 0.665403 0.574129 0.218985 0.000000 0.000000 0.000000 0.294715 0.284500 0.000000 0.000000 0.123079 0.253310 0.321748 0.331482 0.306840 0.273034 0.246668 0.234045 0.233715 0.240349 0.248165 0.253053 0.253346 0.249547 0.243484 0.237349 0.232918 0.231119 0.231960 0.234722 0.238302 0.241571 0.243650 0.244051 0.242694 0.239821 0.235860 0.231297 0.226590 0.222133 0.218274 0.215337 0.213645 0.213492 0.215073 0.218375 0.223076 0.228489 0.233616 0.237316 0.238596 0.236956 0.232692 0.227024 0.221926 0.219604 0.221646 0.228038 0.236399 0.241890 0.238285 0.220462 0.188176 0.150081 0.126036 0.144517 0.231398 0.387085 0.552781 0.576032 0.204383
0.149419 0.000000 0.000000 0.000000 0.000000 0.859897 1.000000 0.737611 0.372151 0.119421 0.041492 0.102535 0.225627 0.338165 0.396661 0.391902 0.340718 0.271991 0.213249 0.181752 0.181427 0.204863 0.238401 0.268016 0.283972 0.283178 0.268883 0.248380 0.229695 0.218498 0.216225 0.219906 0.223675 0.221379 0.209409 0.188709 0.165249 0.148608 0.148912 0.172972 0.220830 0.284002 0.346412 0.388355 0.392849 0.352720 0.276096 0.187594 0.123274 0.118883 0.193386 0.332792 0.481699 0.551202 0.449705 0.136875 0.000000 0.000000 0.000000 0.553126 1.000000 1.000000 1.000000 0.296581 0.206573 0.000000 0.000000 0.000000 0.000000 1.000000 1.000000 1.000000 0.728775 0.000000 0.000000 0.000000 0.000000 0.271803 0.502262 0.585972 0.544251 0.437265 0.330303 0.268818 0.267163 0.310711 0.367271 0.402299 0.392456 0.333688 0.242202 0.148843 0.089156 0.092286 0.171904 0.321661 0.516243 0.717751 0.885699 0.988015 1.000000 0.960177 0.867357 0.775944 0.733858 0.779914 0.932629 1.000000 1.000000 1.000000 1.000000 1.000000 1.000000 1.000000 1.000000 1.000000 1.000000 1.000000 1.000000 1.000000 1.000000 0.852722 0.941954 1.000000 0.000000 0.000000 0.000000 0.000000 0.483043 1.000000 1.000000 1.000000 0.569984 0.000000 0.000000 0.000000 0.368715 0.887169 1.000000 1.000000 0.874645 0.734027 0.681168 0.724556 0.829565 0.945807 1.000000 1.000000 1.000000 1.000000 1.000000 1.000000 1.000000 1.000000 1.000000 1.000000 1.000000 1.000000 1.000000 1.000000 0.876225 0.568699 0.295723 0.093566 0.000000 0.000000 0.032676 0.179965 0.195415 0.271109 0.312837 0.323370 0.318479 0.318791 0.339210 0.379635 0.421231 0.431353 0.377773 0.248858 0.072114 0.000000 0.000000 0.065834 0.811843 1.000000 1.000000 0.000000 0.000000 0.000000 0.000000 0.351632 0.354909 0.000000 0.000000 0.000000 0.148762 0.543058 0.616432 0.500736 0.333481 0.205157 0.149762 0.158779 0.202620 0.249541 0.277467 0.278197 0.255781 0.221701 0.189304 0.169306 0.167217 0.182846 0.211379 0.245402 0.277088 0.299981 0.310103 0.306268 0.289779 0.263733 0.232240 0.199720 0.170417 0.148093 0.135853 0.135950 0.149503 0.176111 0.213482 0.257231 0.301085 0.337665 0.359909 0.362916 0.345883 0.313445 0.275731 0.246593 0.239757 0.263327 0.314048 0.373396 0.408319 0.379220 0.256420 0.043527 0.000000 0.000000 0.000000 0.360446 1.000000 1.000000 1.000000 0.181297
0.092504 0.000000 0.000000 0.000000 0.000000 1.000000 1.000000 1.000000 0.533449 0.035362 0.000000 0.000000 0.238364 0.458398 0.572856 0.563555 0.463398 0.328927 0.214013 0.152401 0.151669 0.197196 0.262145 0.319000 0.348745 0.345398 0.315470 0.273382 0.234974 0.211429 0.205577 0.211565 0.217842 0.212295 0.187812 0.146243 0.099331 0.065920 0.065926 0.112751 0.206477 0.330402 0.452871 0.535085 0.543558 0.464104 0.312601 0.137388 0.009332 0.000000 0.143025 0.414840 0.705491 0.840408 0.639678 0.024010 0.000000 0.000000 0.000000 0.838370 1.000000 1.000000 1.000000 0.321947 0.133755 0.000000 0.000000 0.000000 0.000000 1.000000 1.000000 1.000000 1.000000 0.000000 0.000000 0.000000 0.000000 0.260519 0.744251 0.912752 0.813704 0.577601 0.345617 0.216236 0.221110 0.329432 0.472192 0.574500 0.584494 0.490699 0.324409 0.148107 0.034836 0.045035 0.207659 0.510645 0.903092 1.000000 1.000000 1.000000 1.000000 1.000000 1.000000 1.000000 1.000000 1.000000 1.000000 1.000000 1.000000 1.000000 1.000000 1.000000 1.000000 1.000000 1.000000 1.000000 1.000000 1.000000 1.000000 1.000000 1.000000 1.000000 1.000000 1.000000 0.000000 0.020834 0.000000 0.000000 0.665011 1.000000 1.000000 1.000000 0.724520 0.000000 0.000000 0.000000 0.758121 1.000000 1.000000 1.000000 1.000000 1.000000 1.000000 1.000000 1.000000 1.000000 1.000000 1.000000 1.000000 1.000000 1.000000 1.000000 1.000000 1.000000 1.000000 1.000000 1.000000 1.000000 1.000000 1.000000 1.000000 0.882548 0.355208 0.000000 0.000000 0.000000 0.000000 0.115641 0.139977 0.285512 0.366008 0.385368 0.372576 0.366611 0.396605 0.464135 0.535659 0.551052 0.449594 0.207425 0.000000 0.000000 0.000000 0.000000 1.000000 1.000000 1.000000 0.000000 0.000000 0.000000 0.000000 0.414831 0.436873 0.000000 0.000000 0.000000 0.033429 0.784917 0.927587 0.711490 0.397548 0.157454 0.055552 0.075453 0.160768 0.251120 0.304622 0.305874 0.262890 0.197842 0.136447 0.099347 0.097130 0.129383 0.186736 0.254728 0.318043 0.363984 0.384651 0.377612 0.345377 0.294096 0.232006 0.168069 0.110927 0.068224 0.046171 0.049114 0.078954 0.134456 0.210595 0.298304 0.385002 0.456212 0.498378 0.502443 0.467473 0.403122 0.329548 0.273797 0.262263 0.310068 0.410098 0.525732 0.592585 0.534217 0.294096 0.000000 0.000000 0.000000 0.000000 0.503611 1.000000 1.000000 1.000000 0.156082
0.081788 0.000000 0.000000 0.000000 0.000000 1.000000 1.000000 1.000000 0.566092 0.021691 0.000000 0.000000 0.240303 0.479985 0.604942 0.595328 0.486965 0.341365 0.217078 0.150693 0.150292 0.199831 0.270042 0.331014 0.362183 0.357240 0.323482 0.276771 0.234439 0.208639 0.202347 0.209023 0.215924 0.209737 0.182692 0.136871 0.085221 0.048465 0.048482 0.099973 0.203002 0.339209 0.473837 0.564299 0.573854 0.486916 0.320883 0.128742 0.000000 0.000000 0.134025 0.431562 0.749823 0.897610 0.677865 0.003733 0.000000 0.000000 0.000000 0.896356 1.000000 1.000000 1.000000 0.328503 0.118917 0.000000 0.000000 0.000000 0.000000 1.000000 1.000000 1.000000 1.000000 0.000000 0.000000 0.000000 0.000000 0.267958 0.814044 1.000000 0.882767 0.610965 0.345974 0.199639 0.207440 0.333821 0.499983 0.620760 0.637320 0.536733 0.354382 0.160698 0.037657 0.052676 0.237466 0.577617 1.000000 1.000000 1.000000 1.000000 1.000000 1.000000 1.000000 1.000000 1.000000 1.000000 1.000000 1.000000 1.000000 1.000000 1.000000 1.000000 1.000000 1.000000 1.000000 1.000000 1.000000 1.000000 1.000000 1.000000 1.000000 1.000000 1.000000 1.000000 0.000000 0.351191 0.147232 0.000000 0.697727 1.000000 1.000000 1.000000 0.716025 0.000000 0.000000 0.000000 0.939017 1.000000 1.000000 1.000000 1.000000 1.000000 1.000000 1.000000 1.000000 1.000000 1.000000 1.000000 1.000000 1.000000 1.000000 1.000000 1.000000 1.000000 1.000000 1.000000 1.000000 1.000000 1.000000 1.000000 1.000000 0.947164 0.369807 0.000000 0.000000 0.000000 0.000000 0.101047 0.130221 0.292967 0.384870 0.408858 0.395397 0.386474 0.414291 0.482009 0.555185 0.570348 0.462337 0.204194 0.000000 0.000000 0.000000 0.000000 1.000000 1.000000 1.000000 0.000000 0.000000 0.000000 0.000000 0.428803 0.457042 0.000000 0.000000 0.000000 0.017217 0.818644 0.970768 0.740302 0.405655 0.150004 0.041961 0.063931 0.155578 0.252349 0.309458 0.310491 0.264106 0.194134 0.128251 0.088657 0.086780 0.122190 0.184769 0.258879 0.327884 0.377934 0.400348 0.392382 0.356715 0.300058 0.231511 0.161022 0.098251 0.051725 0.028338 0.032800 0.067008 0.129311 0.213864 0.310432 0.405081 0.481995 0.526583 0.529339 0.489715 0.418649 0.338354 0.278260 0.266800 0.319894 0.429230 0.554585 0.625961 0.560803 0.298621 0.000000 0.000000 0.000000 0.000000 0.528617 1.000000 1.000000 1.000000 0.151854
0.207800 0.553746 0.524033 0.367596 0.228029 0.155666 0.145013 0.169013 0.200945 0.224111 0.232997 0.230044 0.221246 0.212519 0.207618 0.207603 0.211388 0.216801 0.221659 0.224512 0.224951 0.223500 0.221232 0.219306 0.218560 0.219291 0.221233 0.223720 0.225956 0.227295 0.227447 0.226556 0.225135 0.223886 0.223462 0.224252 0.226247 0.229040 0.231958 0.234298 0.235583 0.235768 0.235300 0.235000 0.235767 0.238189 0.242180 0.246820 0.250516 0.251568 0.249030 0.243631 0.238314 0.237877 0.247303 0.268689 0.297427 0.319268 0.311122 0.249315 0.128720 0.000000 0.000000 0.278400 0.282400 0.000000 0.000000 0.000000 0.225370 0.495865 0.532582 0.447003 0.340162 0.269389 0.248848 0.265374 0.296403 0.322919 0.335359 0.333567 0.323254 0.311534 0.303422 0.300209 0.299736 0.298000 0.291216 0.277539 0.257890 0.235718 0.215862 0.202951 0.199870 0.206772 0.220924 0.237460 0.250798 0.256340 0.251944 0.238709 0.220799 0.204257 0.195087 0.197101 0.210197 0.229685 0.247100 0.252540 0.238102 0.201505 0.148675 0.094008 0.057413 0.058047 0.105877 0.193598 0.292621 0.357199 0.339771 0.217339 0.023110 0.000000 0.000000 0.426156 1.000000 1.000000 1.000000 0.298000 0.309800 0.195602 0.206503 0.256856 0.299876 0.320826 0.322822 0.314939 0.305252 0.298224 0.294868 0.294099 0.294203 0.293851 0.292506 0.290355 0.287974 0.285941 0.284565 0.283783 0.283227 0.282400 0.280869 0.278427 0.275152 0.271375 0.267561 0.264153 0.261434 0.259438 0.257946 0.256570 0.254895 0.252643 0.249813 0.246749 0.244111 0.242736 0.243439 0.246767 0.252806 0.261081 0.270600 0.280060 0.288179 0.294069 0.297550 0.299270 0.300551 0.302917 0.307401 0.313817 0.320317 0.323600 0.320040 0.307794 0.289419 0.273917 0.276322 0.312426 0.386485 0.471715 0.488739 0.298000 0.282400 0.444079 0.431323 0.357289 0.288729 0.250188 0.240314 0.247255 0.258772 0.266908 0.268766 0.265198 0.258855 0.252506 0.248018 0.246031 0.246147 0.247383 0.248667 0.249202 0.248646 0.247100 0.244966 0.242739 0.240825 0.239420 0.238479 0.237771 0.236989 0.235873 0.234305 0.232359 0.230277 0.228395 0.227035 0.226389 0.226450 0.226989 0.227608 0.227842 0.227306 0.225821 0.223500 0.220743 0.218144 0.216314 0.215674 0.216265 0.217680 0.219139 0.219751 0.218891 0.216586 0.213712 0.211812 0.212393 0.215782 0.219879 0.219635 0.208395 0.182440 0.149329 0.138540 0.207800
0.207800 0.076344 0.087085 0.146241 0.199866 0.228995 0.235432 0.228926 0.219088 0.211888 0.209310 0.210570 0.213713 0.216878 0.218970 0.219787 0.219765 0.219581 0.219801 0.220659 0.222022 0.223500 0.224630 0.225063 0.224702 0.223733 0.222574 0.221746 0.221719 0.222769 0.224894 0.227807 0.231008 0.233915 0.236022 0.237036 0.236970 0.236143 0.235106 0.234494 0.234845 0.236439 0.239200 0.242693 0.246239 0.249119 0.250820 0.251235 0.250760 0.250198 0.250483 0.252267 0.255518 0.259325 0.262131 0.262509 0.260412 0.258450 0.262336 0.279184 0.312321 0.351972 0.363759 0.282400 0.290200 0.000000 0.000000 0.110192 0.277752 0.364903 0.379987 0.355902 0.323984 0.302953 0.298139 0.305777 0.318436 0.329305 0.334466 0.333290 0.327565 0.320103 0.313435 0.308984 0.306814 0.305900 0.304690 0.301743 0.296225 0.288158 0.278375 0.268248 0.259289 0.252754 0.249353 0.249140 0.251588 0.255813 0.260864 0.265980 0.270751 0.275113 0.279204 0.283126 0.286706 0.289369 0.290200 0.288229 0.282887 0.274500 0.264627 0.256021 0.252058 0.255632 0.267691 0.285910 0.304146 0.313461 0.305248 0.276401 0.235375 0.206382 0.227300 0.335667 0.537877 0.761697 0.805175 0.321600 0.325500 0.075015 0.097976 0.210005 0.307692 0.356746 0.362807 0.345867 0.324590 0.309890 0.304682 0.306597 0.311261 0.314801 0.315120 0.312038 0.306725 0.300860 0.295886 0.292562 0.290870 0.290200 0.289689 0.288563 0.286387 0.283149 0.279193 0.275040 0.271173 0.267863 0.265090 0.262582 0.259960 0.256932 0.253486 0.249997 0.247217 0.246121 0.247652 0.252409 0.260386 0.270846 0.282400 0.293307 0.301947 0.307352 0.309626 0.310065 0.310848 0.314258 0.321575 0.331974 0.341937 0.345747 0.337521 0.314772 0.282751 0.257640 0.265466 0.332713 0.465057 0.614134 0.641288 0.305900 0.290200 0.408224 0.396850 0.339619 0.286464 0.256200 0.248205 0.253692 0.263277 0.270590 0.273028 0.270904 0.266043 0.260538 0.255937 0.252938 0.251459 0.250938 0.250669 0.250080 0.248885 0.247100 0.244964 0.242806 0.240913 0.239442 0.238380 0.237571 0.236784 0.235792 0.234446 0.232725 0.230733 0.228671 0.226776 0.225251 0.224212 0.223659 0.223489 0.223531 0.223612 0.223611 0.223500 0.223341 0.223244 0.223292 0.223464 0.223583 0.223342 0.222400 0.220564 0.217995 0.215337 0.213663 0.214121 0.217263 0.222160 0.225699 0.222684 0.207660 0.179270 0.147347 0.140996 0.211800
0.389071 1.000000 1.000000 1.000000 0.671763 0.000000 0.000000 0.000000 0.104305 0.567395 0.684271 0.541059 0.293462 0.079372 0.000000 0.000000 0.078919 0.191255 0.274681 0.302820 0.276338 0.216585 0.153877 0.115248 0.115618 0.154389 0.217633 0.284246 0.333714 0.352811 0.339297 0.301706 0.255511 0.217112 0.197704 0.199038 0.212724 0.223392 0.215039 0.178634 0.118181 0.052822 0.013053 0.030973 0.126553 0.293989 0.493579 0.654620 0.692880 0.541993 0.192492 0.000000 0.000000 0.000000 0.000000 0.714451 1.000000 1.000000 1.000000 0.000000 0.000000 0.000000 0.000000 0.332730 0.786538 0.000000 0.000000 0.000000 0.000000 1.000000 1.000000 1.000000 0.660444 0.000000 0.000000 0.000000 0.000000 0.372218 1.000000 1.000000 1.000000 1.000000 1.000000 0.205555 0.000000 0.000000 0.000000 0.000000 0.000000 0.000000 0.000000 0.247023 0.992327 1.000000 1.000000 1.000000 1.000000 1.000000 1.000000 1.000000 1.000000 1.000000 1.000000 1.000000 1.000000 1.000000 1.000000 1.000000 1.000000 1.000000 1.000000 1.000000 1.000000 1.000000 1.000000 1.000000 1.000000 1.000000 1.000000 1.000000 1.000000 0.000000 0.000000 0.000000 0.000000 1.000000 1.000000 1.000000 1.000000 0.000000 0.000000 1.000000 1.000000 1.000000 1.000000 1.000000 1.000000 1.000000 1.000000 1.000000 1.000000 1.000000 1.000000 1.000000 1.000000 1.000000 1.000000 1.000000 1.000000 1.000000 1.000000 1.000000 1.000000 1.000000 1.000000 1.000000 1.000000 1.000000 1.000000 1.000000 1.000000 1.000000 1.000000 1.000000 1.000000 1.000000 1.000000 1.000000 1.000000 1.000000 1.000000 1.000000 0.966071 0.000000 0.000000 0.000000 0.000000 0.000000 0.280626 1.000000 1.000000 1.000000 1.000000 0.000000 0.000000 0.000000 0.000000 1.000000 1.000000 1.000000 1.000000 0.603082 0.000000 1.000000 1.000000 1.000000 0.321447 0.000000 0.000000 0.000000 0.223048 0.520786 0.661290 0.639412 0.502105 0.315699 0.140145 0.014554 0.000000 0.000000 0.000000 0.044343 0.100413 0.145681 0.177196 0.198083 0.214192 0.230706 0.249608 0.268683 0.282180 0.282767 0.264157 0.223647 0.163766 0.092571 0.022452 0.000000 0.000000 0.000000 0.000000 0.066912 0.153260 0.233972 0.290472 0.309660 0.288111 0.234232 0.167340 0.113113 0.096050 0.130364 0.211944 0.314526 0.393245 0.397533 0.293032 0.088274 0.000000 0.000000 0.000000 0.543470 1.000000 1.000000 1.000000 0.201573
0.376503 1.000000 1.000000 1.000000 0.627066 0.000000 0.000000 0.000000 0.114240 0.528596 0.632137 0.502692 0.280289 0.088651 0.000000 0.008100 0.090815 0.191852 0.266522 0.291353 0.267234 0.213601 0.157833 0.124225 0.126043 0.162525 0.220877 0.281909 0.327028 0.344315 0.331831 0.297387 0.255076 0.219801 0.201721 0.202441 0.214360 0.223585 0.215653 0.182422 0.127555 0.068411 0.032615 0.049217 0.136282 0.288514 0.469961 0.616616 0.652219 0.516707 0.201467 0.000000 0.000000 0.000000 0.000000 0.673921 1.000000 1.000000 1.000000 0.000000 0.000000 0.000000 0.000000 0.330903 0.744654 0.000000 0.000000 0.000000 0.000000 1.000000 1.000000 1.000000 0.615926 0.000000 0.000000 0.000000 0.000000 0.372524 1.000000 1.000000 1.000000 1.000000 0.998378 0.218699 0.000000 0.000000 0.000000 0.000000 0.000000 0.000000 0.000000 0.252376 0.926404 1.000000 1.000000 1.000000 1.000000 1.000000 1.000000 1.000000 1.000000 1.000000 1.000000 1.000000 1.000000 1.000000 1.000000 1.000000 1.000000 1.000000 1.000000 1.000000 1.000000 1.000000 1.000000 1.000000 1.000000 1.000000 1.000000 1.000000 1.000000 0.000000 0.000000 0.000000 0.000000 1.000000 1.000000 1.000000 1.000000 0.000000 0.000000 1.000000 1.000000 1.000000 1.000000 1.000000 1.000000 1.000000 1.000000 1.000000 1.000000 1.000000 1.000000 1.000000 1.000000 1.000000 1.000000 1.000000 1.000000 1.000000 1.000000 1.000000 1.000000 1.000000 1.000000 1.000000 1.000000 1.000000 1.000000 1.000000 1.000000 1.000000 1.000000 1.000000 1.000000 1.000000 1.000000 1.000000 1.000000 1.000000 1.000000 1.000000 0.909894 0.000000 0.000000 0.000000 0.000000 0.000000 0.278255 1.000000 1.000000 1.000000 1.000000 0.000000 0.000000 0.000000 0.000000 1.000000 1.000000 1.000000 1.000000 0.576666 0.000000 1.000000 1.000000 1.000000 0.316890 0.000000 0.000000 0.000000 0.229710 0.503092 0.632742 0.613585 0.488312 0.317497 0.156070 0.040021 0.000000 0.000000 0.012715 0.063205 0.113998 0.155018 0.183508 0.202267 0.216649 0.231430 0.248475 0.265817 0.278227 0.279007 0.262354 0.225738 0.171386 0.106605 0.042681 0.000000 0.000000 0.000000 0.016088 0.082444 0.160883 0.233987 0.284725 0.301135 0.280164 0.229728 0.167772 0.118120 0.103449 0.136815 0.214212 0.310949 0.384972 0.388889 0.290454 0.097532 0.000000 0.000000 0.000000 0.515480 1.000000 1.000000 1.000000 0.202896
0.296329 1.000000 1.000000 1.000000 0.414955 0.000000 0.000000 0.000000 0.164860 0.365633 0.415056 0.351479 0.243309 0.150732 0.106471 0.113670 0.154758 0.204368 0.240776 0.252732 0.240911 0.215008 0.188509 0.173274 0.175668 0.195144 0.225248 0.256432 0.279496 0.288581 0.282778 0.265985 0.245193 0.227772 0.218741 0.218899 0.224516 0.228785 0.224652 0.208196 0.181334 0.152724 0.136036 0.145593 0.190223 0.267172 0.358535 0.432570 0.451548 0.385821 0.231206 0.023968 0.000000 0.000000 0.004767 0.470527 1.000000 1.000000 1.000000 0.108896 0.000000 0.000000 0.000000 0.310669 0.524557 0.000000 0.000000 0.000000 0.000000 1.000000 1.000000 1.000000 0.467079 0.000000 0.000000 0.000000 0.000000 0.355500 0.765506 1.000000 1.000000 0.960369 0.660640 0.273437 0.000000 0.000000 0.000000 0.000000 0.000000 0.000000 0.000000 0.262751 0.595366 0.883152 1.000000 1.000000 1.000000 1.000000 1.000000 1.000000 1.000000 1.000000 1.000000 1.000000 1.000000 1.000000 1.000000 1.000000 1.000000 1.000000 1.000000 1.000000 1.000000 0.993029 0.997693 1.000000 1.000000 1.000000 1.000000 1.000000 0.774382 0.000000 0.000000 0.000000 0.000000 1.000000 1.000000 1.000000 0.907785 0.000000 0.000000 1.000000 1.000000 1.000000 1.000000 1.000000 0.975822 0.827745 1.000000 1.000000 1.000000 1.000000 0.936226 0.805577 0.768983 0.844156 1.000000 1.000000 1.000000 1.000000 1.000000 1.000000 1.000000 1.000000 1.000000 1.000000 1.000000 1.000000 1.000000 1.000000 1.000000 1.000000 0.979829 0.908187 0.883309 0.935964 1.000000 1.000000 1.000000 1.000000 1.000000 1.000000 0.614704 0.000000 0.000000 0.000000 0.000000 0.000000 0.301171 1.000000 1.000000 1.000000 1.000000 0.000000 0.000000 0.000000 0.000000 1.000000 1.000000 1.000000 1.000000 0.443353 0.143239 1.000000 1.000000 0.834744 0.300090 0.007108 0.000000 0.085430 0.255536 0.393284 0.458115 0.447431 0.382836 0.295011 0.211814 0.151519 0.121016 0.117664 0.133067 0.157156 0.181445 0.200843 0.213973 0.222285 0.228520 0.235126 0.243066 0.251342 0.257281 0.257445 0.248846 0.230144 0.202423 0.169358 0.136653 0.110877 0.097889 0.101317 0.121363 0.154409 0.193485 0.229733 0.254509 0.261771 0.250059 0.223522 0.191450 0.166117 0.159150 0.177168 0.217932 0.268483 0.306880 0.308427 0.256321 0.154627 0.039274 0.000000 0.066140 0.364161 0.850758 1.000000 1.000000 0.207536
0.222719 0.495391 0.473888 0.360926 0.229687 0.165636 0.159189 0.182270 0.209541 0.226748 0.230637 0.224976 0.215956 0.208795 0.206125 0.207919 0.212396 0.217229 0.220567 0.221606 0.220650 0.218783 0.217340 0.217401 0.219443 0.223243 0.228014 0.232699 0.236327 0.238295 0.238522 0.237420 0.235713 0.234164 0.233309 0.233274 0.233757 0.234171 0.233920 0.232729 0.230887 0.229316 0.229385 0.232459 0.239296 0.249463 0.261009 0.270641 0.274542 0.269789 0.256085 0.237212 0.221395 0.219740 0.242193 0.291231 0.354835 0.402039 0.386276 0.262881 0.025977 0.000000 0.000000 0.292670 0.330011 0.000000 0.000000 0.000000 0.237428 0.487934 0.540575 0.466776 0.351285 0.257242 0.215202 0.226982 0.276149 0.339316 0.394952 0.428508 0.434055 0.413348 0.373456 0.323979 0.274574 0.233182 0.205087 0.192679 0.195752 0.212104 0.238241 0.270064 0.303457 0.334760 0.361124 0.380751 0.393030 0.398538 0.398889 0.396436 0.393810 0.393373 0.396659 0.403933 0.413994 0.424324 0.431638 0.432762 0.425701 0.410599 0.390282 0.370059 0.356584 0.355812 0.370436 0.397520 0.427405 0.445015 0.434404 0.386545 0.308738 0.107900 0.152990 0.301065 0.530499 1.000000 1.000000 0.415587 0.414114 0.000000 0.000000 0.428244 0.476171 0.609526 0.618738 0.528770 0.416508 0.394640 0.425385 0.443618 0.442902 0.426320 0.403111 0.383899 0.376511 0.383612 0.402513 0.426736 0.448543 0.461483 0.462214 0.451172 0.432041 0.410317 0.391487 0.379361 0.375058 0.376883 0.381115 0.383427 0.380527 0.371485 0.358336 0.345665 0.339234 0.343932 0.361619 0.389555 0.420046 0.441745 0.442580 0.413843 0.354389 0.273589 0.191585 0.135751 0.133119 0.199828 0.330211 0.489613 0.615842 0.633636 0.483973 0.164790 0.000000 0.000000 0.000000 0.571436 1.000000 1.000000 1.000000 0.326439 0.278489 0.417711 0.409402 0.346065 0.286413 0.254310 0.250097 0.263045 0.280655 0.293732 0.298007 0.293526 0.283006 0.270092 0.257993 0.248745 0.243045 0.240496 0.240077 0.240619 0.241184 0.241260 0.240775 0.239974 0.239221 0.238803 0.238792 0.238994 0.239004 0.238322 0.236525 0.233416 0.229123 0.224119 0.219143 0.215047 0.212589 0.212233 0.213997 0.217401 0.221535 0.225253 0.227449 0.227375 0.224897 0.220624 0.215841 0.212205 0.211253 0.213812 0.219469 0.226330 0.231263 0.230767 0.222449 0.206844 0.188963 0.178632 0.188441 0.228122 0.294955 0.361411 0.364970 0.211291
0.182789 0.000000 0.000000 0.000000 0.135351 0.406586 0.439339 0.346504 0.232737 0.158903 0.140878 0.164828 0.205630 0.240998 0.258640 0.257159 0.242862 0.225063 0.211866 0.207612 0.212288 0.222533 0.233511 0.240878 0.242208 0.237537 0.229030 0.219991 0.213632 0.212002 0.215402 0.222424 0.230581 0.237264 0.240739 0.240815 0.238954 0.237742 0.239860 0.246844 0.258096 0.270531 0.279191 0.278811 0.266044 0.241682 0.211984 0.188245 0.184011 0.210040 0.268022 0.345156 0.412541 0.430473 0.362793 0.199614 0.000000 0.000000 0.000000 0.343503 1.000000 1.000000 1.000000 0.284653 0.230190 1.000000 1.000000 1.000000 0.416031 0.109963 0.033750 0.130499 0.302459 0.459047 0.542702 0.535663 0.453555 0.332180 0.212981 0.130942 0.106942 0.145075 0.234246 0.352764 0.474340 0.574018 0.632917 0.641085 0.598272 0.512790 0.399007 0.274090 0.154727 0.054374 0.000000 0.000000 0.000000 0.000000 0.000000 0.000000 0.000000 0.004011 0.006671 0.001082 0.000000 0.000000 0.000000 0.000000 0.000000 0.000000 0.000000 0.008050 0.026098 0.043458 0.058490 0.069529 0.074993 0.074251 0.069587 0.069125 0.089594 0.473584 0.442901 0.527493 0.811611 0.000000 0.000000 0.106898 0.150369 1.000000 1.000000 0.000000 0.000000 0.000000 0.000000 0.000000 0.125046 0.168303 0.086690 0.040635 0.041420 0.078447 0.128271 0.165848 0.173745 0.146887 0.092383 0.025584 0.000000 0.000000 0.000000 0.000000 0.000000 0.000000 0.018192 0.035817 0.037955 0.028311 0.014599 0.005449 0.006989 0.020239 0.040201 0.057107 0.059710 0.039789 0.000000 0.000000 0.000000 0.000000 0.000000 0.032361 0.222164 0.455861 0.680779 0.829467 0.838360 0.672739 0.351624 0.000000 0.000000 0.000000 0.000000 0.738038 1.000000 1.000000 1.000000 0.000000 0.000000 0.000000 0.000000 0.268183 0.348434 0.000000 0.000000 0.087315 0.280855 0.388184 0.403954 0.359959 0.295586 0.241122 0.211922 0.209711 0.227324 0.254044 0.279893 0.298138 0.306042 0.304305 0.295782 0.284044 0.272208 0.262245 0.254813 0.249525 0.245452 0.241681 0.237743 0.233809 0.230634 0.229273 0.230685 0.235332 0.242906 0.252254 0.261544 0.268640 0.271614 0.269257 0.261474 0.249439 0.235439 0.222400 0.213195 0.209845 0.212851 0.220846 0.230737 0.238426 0.240008 0.233244 0.218849 0.201128 0.187400 0.185918 0.202286 0.235099 0.272237 0.290154 0.258987 0.156322 0.000000 0.000000 0.000000 0.213028
0.174916 0.000000 0.000000 0.000000 0.121811 0.435965 0.474072 0.367203 0.236495 0.152120 0.132111 0.160211 0.207284 0.247650 0.267308 0.264883 0.247855 0.227081 0.211900 0.207213 0.212841 0.224742 0.237225 0.245239 0.246031 0.239754 0.229047 0.217860 0.209995 0.207858 0.211773 0.220055 0.229742 0.237748 0.242023 0.242338 0.240411 0.239269 0.242039 0.250487 0.263850 0.278449 0.288406 0.287506 0.271822 0.242325 0.206446 0.177554 0.171658 0.201474 0.269018 0.359232 0.438095 0.458884 0.379060 0.187022 0.000000 0.000000 0.000000 0.357354 1.000000 1.000000 1.000000 0.286000 0.215742 1.000000 1.000000 1.000000 0.439005 0.070599 0.000000 0.098280 0.303467 0.488537 0.586014 0.576033 0.477977 0.334496 0.194344 0.098347 0.070666 0.115865 0.220893 0.360441 0.503888 0.622120 0.692986 0.704607 0.656311 0.557400 0.424334 0.277046 0.135151 0.014742 0.000000 0.000000 0.000000 0.000000 0.000000 0.000000 0.000000 0.000000 0.000000 0.000000 0.000000 0.000000 0.000000 0.000000 0.000000 0.000000 0.000000 0.000000 0.000000 0.014499 0.025631 0.028331 0.024388 0.018169 0.017144 0.032525 0.079469 0.556240 0.507959 0.552163 0.788134 0.000000 0.000000 0.061932 0.108299 1.000000 1.000000 0.000000 0.000000 0.000000 0.000000 0.000000 0.081824 0.136592 0.040518 0.000000 0.000000 0.029507 0.089150 0.134692 0.145040 0.113819 0.049318 0.000000 0.000000 0.000000 0.000000 0.000000 0.000000 0.000000 0.000000 0.000000 0.000000 0.000000 0.000000 0.000000 0.000000 0.000000 0.000000 0.014925 0.018752 0.000000 0.000000 0.000000 0.000000 0.000000 0.000000 0.000000 0.205011 0.484373 0.754052 0.932954 0.944390 0.746141 0.360559 0.000000 0.000000 0.000000 0.000000 0.822503 1.000000 1.000000 1.000000 0.000000 0.000000 0.000000 0.000000 0.263088 0.360163 0.000000 0.000000 0.046906 0.282285 0.412792 0.431786 0.377886 0.299090 0.232418 0.196723 0.194206 0.216156 0.249461 0.281860 0.305039 0.315581 0.314298 0.304669 0.291079 0.277367 0.265967 0.257684 0.252023 0.247808 0.243864 0.239569 0.235097 0.231363 0.229677 0.231256 0.236724 0.245765 0.257016 0.268266 0.276911 0.280585 0.277793 0.268415 0.253891 0.237044 0.221489 0.210767 0.207347 0.211787 0.222291 0.234903 0.244409 0.245880 0.236542 0.217434 0.194223 0.176466 0.174921 0.196911 0.240653 0.290396 0.315416 0.276575 0.144192 0.000000 0.000000 0.000000 0.213180
0.185885 0.000000 0.000000 0.000000 0.152575 0.351747 0.376763 0.310438 0.229155 0.177029 0.165262 0.183483 0.213303 0.238606 0.250709 0.248898 0.238016 0.224974 0.215660 0.213108 0.217123 0.225070 0.233296 0.238596 0.239243 0.235380 0.228729 0.221836 0.217133 0.216142 0.219050 0.224753 0.231338 0.236825 0.239907 0.240459 0.239605 0.239314 0.241609 0.247636 0.256910 0.267055 0.274277 0.274546 0.265285 0.247050 0.224543 0.206285 0.202533 0.221491 0.264582 0.322361 0.373286 0.387666 0.338395 0.217977 0.057766 0.000000 0.000000 0.333283 0.982860 1.000000 1.000000 0.292481 0.248334 1.000000 1.000000 0.992904 0.383263 0.201741 0.155814 0.216140 0.325085 0.426220 0.481698 0.478207 0.424278 0.342592 0.260734 0.202974 0.184658 0.209804 0.271667 0.355561 0.442877 0.515333 0.558537 0.564338 0.531704 0.466161 0.378122 0.280552 0.186454 0.106666 0.048307 0.014071 0.002389 0.008340 0.025048 0.045254 0.062770 0.073521 0.076044 0.071385 0.062475 0.053175 0.047207 0.047248 0.054343 0.067777 0.085400 0.104257 0.121367 0.134405 0.142146 0.144606 0.143009 0.139822 0.139106 0.147297 0.174021 0.472435 0.442802 0.479749 0.648375 0.000000 0.000000 0.166405 0.196532 1.000000 1.000000 0.103827 0.065627 0.000000 0.000000 0.000000 0.178398 0.215961 0.157154 0.122082 0.120392 0.145455 0.180632 0.207546 0.213038 0.192923 0.152087 0.101703 0.054928 0.022675 0.010639 0.018268 0.039692 0.066107 0.088751 0.101549 0.102704 0.094804 0.083508 0.075256 0.074725 0.082856 0.096132 0.107482 0.108689 0.093744 0.062187 0.021280 0.000000 0.000000 0.011632 0.103890 0.250479 0.429902 0.602314 0.716739 0.725137 0.601230 0.359312 0.065856 0.000000 0.000000 0.074094 0.646866 1.000000 1.000000 1.000000 0.000000 0.000000 0.000000 0.000000 0.287587 0.340383 0.000000 0.000000 0.133956 0.287262 0.372354 0.384275 0.347904 0.294623 0.248898 0.223416 0.219918 0.232870 0.253705 0.274294 0.289038 0.295548 0.294258 0.287419 0.277935 0.268391 0.260459 0.254724 0.250873 0.248100 0.245563 0.242760 0.239713 0.236951 0.235299 0.235568 0.238212 0.243098 0.249416 0.255790 0.260571 0.262239 0.259826 0.253248 0.243440 0.232247 0.222038 0.215127 0.213111 0.216302 0.223425 0.231746 0.237696 0.237920 0.230572 0.216466 0.199646 0.186880 0.185774 0.201524 0.232888 0.268711 0.287140 0.260194 0.166414 0.012556 0.000000 0.000000 0.212606
0.202062 0.000000 0.000000 0.092714 0.193525 0.244566 0.252267 0.237317 0.218673 0.207153 0.205372 0.210640 0.218375 0.224665 0.227508 0.226903 0.224197 0.221191 0.219363 0.219423 0.221238 0.224066 0.226925 0.228976 0.229788 0.229423 0.228354 0.227255 0.226759 0.227250 0.228752 0.230956 0.233345 0.235401 0.236796 0.237530 0.237943 0.238603 0.240091 0.242746 0.246460 0.250599 0.254124 0.255897 0.255136 0.251864 0.247202 0.243310 0.242871 0.248132 0.259672 0.275321 0.289790 0.295622 0.285875 0.258446 0.221010 0.194289 0.210035 0.299214 0.466626 0.614019 0.627694 0.299655 0.291314 0.272795 0.300164 0.310263 0.316262 0.356113 0.360696 0.352094 0.345825 0.347057 0.353183 0.358563 0.358620 0.352031 0.340906 0.329534 0.322523 0.323088 0.331991 0.347347 0.365198 0.380609 0.388940 0.386951 0.373506 0.349744 0.318746 0.284802 0.252490 0.225760 0.207241 0.197875 0.196923 0.202336 0.211336 0.221104 0.229382 0.234881 0.237407 0.237712 0.237115 0.237026 0.238507 0.241993 0.247253 0.253595 0.260235 0.266667 0.272880 0.279274 0.286234 0.293520 0.299767 0.302557 0.299489 0.290422 0.280444 0.341750 0.341966 0.396215 0.525568 0.397243 0.349651 0.305510 0.318386 0.780385 0.720410 0.323497 0.290359 0.218366 0.208925 0.250931 0.306659 0.320836 0.308550 0.298831 0.294798 0.296126 0.300010 0.302809 0.301608 0.295191 0.284240 0.270884 0.257852 0.247563 0.241443 0.239624 0.241069 0.244019 0.246606 0.247423 0.245897 0.242364 0.237836 0.233566 0.230537 0.229062 0.228635 0.228110 0.226190 0.222102 0.216256 0.210637 0.208727 0.214825 0.232807 0.264563 0.308513 0.358747 0.405309 0.436004 0.439739 0.410885 0.353543 0.284063 0.229859 0.222869 0.287108 0.421900 0.585627 0.688775 0.608725 0.240063 0.000000 0.000000 0.000000 0.318680 0.314332 0.214764 0.214038 0.253188 0.292488 0.314069 0.315878 0.304112 0.287113 0.271687 0.261610 0.257690 0.258641 0.262200 0.266094 0.268664 0.269113 0.267456 0.264266 0.260360 0.256512 0.253256 0.250809 0.249103 0.247883 0.246839 0.245727 0.244438 0.243025 0.241655 0.240538 0.239830 0.239563 0.239603 0.239664 0.239376 0.238386 0.236470 0.233628 0.230130 0.226484 0.223335 0.221298 0.220764 0.221734 0.223729 0.225838 0.226911 0.225908 0.222312 0.216511 0.209980 0.205115 0.204576 0.210168 0.221420 0.234337 0.241072 0.231501 0.197700 0.141809 0.086372 0.083289 0.211982
0.214540 0.474718 0.452330 0.339444 0.224336 0.167682 0.162239 0.183846 0.209997 0.227491 0.232760 0.228662 0.220565 0.213322 0.209705 0.210174 0.213518 0.217836 0.221428 0.223347 0.223543 0.222665 0.221680 0.221467 0.222518 0.224815 0.227900 0.231075 0.233654 0.235194 0.235612 0.235191 0.234450 0.233948 0.234084 0.234954 0.236324 0.237729 0.238682 0.238912 0.238566 0.238265 0.238976 0.241690 0.246967 0.254499 0.262859 0.269626 0.271994 0.267846 0.257058 0.242610 0.230859 0.230346 0.248693 0.287767 0.338265 0.376283 0.365875 0.272538 0.091667 0.000000 0.000000 0.304609 0.322537 0.000000 0.000000 0.000000 0.274617 0.453827 0.489552 0.436602 0.356963 0.294915 0.270213 0.282048 0.317428 0.359638 0.394410 0.413127 0.413390 0.397795 0.371883 0.342041 0.313873 0.291262 0.276120 0.268631 0.267792 0.272004 0.279565 0.288987 0.299117 0.309120 0.318402 0.326519 0.333157 0.338149 0.341546 0.343672 0.345124 0.346687 0.349154 0.353095 0.358630 0.365301 0.372110 0.377755 0.381046 0.381401 0.379264 0.376245 0.374833 0.377601 0.386017 0.399174 0.412989 0.420519 0.413976 0.388605 0.347759 0.241983 0.265675 0.345055 0.470708 0.907284 1.000000 0.406790 0.409881 0.011912 0.080338 0.472113 0.449678 0.489194 0.486083 0.445996 0.399248 0.396292 0.415043 0.422491 0.416932 0.402044 0.384324 0.370215 0.363924 0.366413 0.375617 0.387537 0.397747 0.402781 0.401040 0.393027 0.380941 0.367825 0.356549 0.348956 0.345380 0.344672 0.344705 0.343193 0.338577 0.330713 0.321119 0.312678 0.308811 0.312320 0.324205 0.342826 0.363762 0.380563 0.386382 0.376216 0.349180 0.310090 0.269584 0.242215 0.242409 0.278854 0.348729 0.433919 0.501783 0.512771 0.435774 0.269409 0.063219 0.000000 0.016751 0.465757 1.000000 1.000000 1.000000 0.341971 0.296993 0.395201 0.388099 0.341086 0.295918 0.269913 0.263768 0.270266 0.280758 0.288754 0.291103 0.287626 0.280031 0.270727 0.261895 0.254972 0.250505 0.248304 0.247729 0.248005 0.248478 0.248742 0.248673 0.248354 0.247963 0.247649 0.247445 0.247233 0.246772 0.245761 0.243942 0.241190 0.237576 0.233383 0.229065 0.225165 0.222195 0.220513 0.220232 0.221177 0.222899 0.224776 0.226150 0.226495 0.225571 0.223508 0.220809 0.218222 0.216533 0.216279 0.217495 0.219565 0.221291 0.221226 0.218291 0.212543 0.205842 0.202028 0.206105 0.221951 0.248431 0.274403 0.274699 0.211622
0.219974 0.687475 0.647234 0.443709 0.238716 0.136605 0.124788 0.160769 0.204988 0.234310 0.242546 0.234765 0.220374 0.207791 0.201724 0.202807 0.208765 0.216169 0.222016 0.224685 0.224172 0.221714 0.219097 0.217918 0.219054 0.222454 0.227270 0.232222 0.236071 0.238020 0.237943 0.236372 0.234271 0.232667 0.232282 0.233271 0.235167 0.237068 0.238011 0.237427 0.235510 0.233351 0.232722 0.235507 0.242882 0.254511 0.268051 0.279325 0.283346 0.276188 0.257301 0.231515 0.209620 0.206373 0.235163 0.299553 0.383758 0.446476 0.425161 0.259419 0.000000 0.000000 0.000000 0.306364 0.335211 0.000000 0.000000 0.000000 0.265702 0.478948 0.521988 0.457668 0.359529 0.281674 0.249541 0.263595 0.308722 0.364227 0.411525 0.438508 0.440792 0.420675 0.384888 0.342031 0.300376 0.266368 0.243929 0.234415 0.237052 0.249592 0.269011 0.292099 0.315903 0.337994 0.356615 0.370736 0.380047 0.384919 0.386316 0.385646 0.384545 0.384586 0.386969 0.392223 0.400020 0.409173 0.417864 0.424101 0.426342 0.424124 0.418503 0.412075 0.408437 0.411034 0.421591 0.438560 0.456242 0.465368 0.455761 0.421207 0.365652 0.202028 0.235609 0.333200 0.475116 1.000000 1.000000 0.446236 0.447483 0.000000 0.000000 0.509029 0.506014 0.588731 0.588007 0.518321 0.434862 0.423602 0.451072 0.464063 0.458589 0.438965 0.414329 0.394350 0.385731 0.390428 0.405733 0.425794 0.443854 0.454410 0.454699 0.445163 0.428935 0.410578 0.394549 0.383852 0.379236 0.379179 0.380596 0.380052 0.375121 0.365434 0.353092 0.342236 0.337808 0.343796 0.361435 0.387947 0.416354 0.436673 0.438496 0.414486 0.363919 0.295107 0.225508 0.178609 0.177429 0.235573 0.348052 0.485322 0.594634 0.612339 0.488571 0.221395 0.000000 0.000000 0.000000 0.544499 1.000000 1.000000 1.000000 0.352541 0.292612 0.459842 0.451102 0.373299 0.296923 0.252658 0.243042 0.256441 0.277974 0.295911 0.304083 0.301570 0.291012 0.276593 0.262350 0.251130 0.244214 0.241475 0.241845 0.243879 0.246247 0.248048 0.248914 0.248940 0.248491 0.247977 0.247657 0.247525 0.247314 0.246578 0.244854 0.241830 0.237486 0.232153 0.226487 0.221341 0.217566 0.215797 0.216264 0.218688 0.222300 0.225992 0.228581 0.229135 0.227276 0.223372 0.218533 0.214377 0.212553 0.214128 0.218998 0.225534 0.230721 0.230960 0.223559 0.208679 0.191117 0.180906 0.191388 0.233366 0.304683 0.376317 0.380256 0.211548
0.219140 0.667370 0.628929 0.432650 0.239532 0.142291 0.129751 0.162462 0.203464 0.230988 0.239061 0.232255 0.219253 0.207871 0.202501 0.203745 0.209491 0.216538 0.222078 0.224592 0.224073 0.221689 0.219125 0.217900 0.218860 0.221976 0.226461 0.231115 0.234760 0.236631 0.236591 0.235134 0.233170 0.231692 0.231415 0.232523 0.234604 0.236807 0.238188 0.238131 0.236710 0.234840 0.234105 0.236261 0.242502 0.252700 0.264929 0.275560 0.280141 0.275039 0.259530 0.237632 0.218703 0.215762 0.240783 0.297166 0.371161 0.426221 0.406640 0.258342 0.000000 0.000000 0.000000 0.305476 0.332936 0.000000 0.000000 0.000000 0.279158 0.454435 0.489199 0.437064 0.358832 0.298063 0.274318 0.286928 0.323131 0.366332 0.402182 0.421795 0.422413 0.406322 0.378911 0.346655 0.315492 0.289830 0.272190 0.263328 0.262642 0.268688 0.279627 0.293566 0.308752 0.323677 0.337115 0.348165 0.356301 0.361430 0.363928 0.364617 0.364650 0.365287 0.367606 0.372199 0.378943 0.386936 0.394663 0.400396 0.402771 0.401391 0.397248 0.392758 0.391230 0.395753 0.407676 0.425136 0.442285 0.449999 0.438668 0.403156 0.348936 0.214536 0.245681 0.347755 0.506539 1.000000 1.000000 0.434720 0.438521 0.000000 0.000000 0.448566 0.478416 0.556933 0.556971 0.496751 0.424900 0.410802 0.429550 0.439412 0.435843 0.420967 0.401265 0.384270 0.375636 0.377451 0.388054 0.403073 0.417151 0.425713 0.426240 0.418773 0.405593 0.390272 0.376447 0.366694 0.361826 0.360798 0.361228 0.360348 0.356105 0.348056 0.337758 0.328486 0.324274 0.328515 0.342476 0.364215 0.388346 0.406921 0.411446 0.395698 0.358624 0.306405 0.252675 0.216137 0.215413 0.261826 0.351891 0.462318 0.550865 0.566078 0.467184 0.251861 0.000000 0.000000 0.000000 0.511161 1.000000 1.000000 1.000000 0.352190 0.298231 0.421508 0.415340 0.355896 0.295942 0.259985 0.251284 0.261573 0.279263 0.294650 0.302182 0.300575 0.291670 0.278878 0.265741 0.254959 0.247934 0.244787 0.244700 0.246381 0.248526 0.250155 0.250777 0.250374 0.249273 0.247933 0.246747 0.245899 0.245303 0.244647 0.243507 0.241504 0.238454 0.234462 0.229946 0.225560 0.222038 0.220009 0.219799 0.221304 0.223962 0.226852 0.228917 0.229263 0.227463 0.223778 0.219204 0.215278 0.213638 0.215408 0.220557 0.227482 0.233067 0.233451 0.225593 0.209403 0.189820 0.177712 0.188030 0.233501 0.312842 0.394475 0.401409 0.211638
0.214814 0.527090 0.500963 0.363034 0.233162 0.166386 0.156267 0.177101 0.204368 0.223349 0.229720 0.226217 0.218427 0.211492 0.208367 0.209524 0.213625 0.218576 0.222508 0.224382 0.224165 0.222615 0.220866 0.219961 0.220516 0.222566 0.225626 0.228907 0.231613 0.233195 0.233518 0.232877 0.231872 0.231190 0.231364 0.232588 0.234650 0.237006 0.238990 0.240083 0.240173 0.239679 0.239503 0.240755 0.244314 0.250358 0.258011 0.265330 0.269750 0.269010 0.262377 0.251790 0.242321 0.241325 0.255796 0.288000 0.330379 0.362050 0.350676 0.264465 0.098371 0.000000 0.000000 0.303304 0.323531 0.000000 0.000000 0.037128 0.299285 0.415130 0.437577 0.405684 0.359873 0.326686 0.316065 0.325409 0.345789 0.367431 0.383171 0.389730 0.387335 0.378444 0.366276 0.353633 0.342256 0.332728 0.324769 0.317720 0.311012 0.304475 0.298412 0.293472 0.290393 0.289709 0.291541 0.295517 0.300860 0.306602 0.311854 0.316060 0.319140 0.321479 0.323760 0.326690 0.330697 0.335716 0.341147 0.346034 0.349447 0.350963 0.351057 0.351229 0.353676 0.360463 0.372334 0.387517 0.401119 0.405790 0.394200 0.363399 0.320128 0.254452 0.276698 0.371626 0.537420 0.844571 0.920914 0.398729 0.405537 0.000000 0.016925 0.332451 0.410518 0.470954 0.472698 0.437068 0.394824 0.378445 0.380431 0.383669 0.383482 0.378226 0.369200 0.359392 0.351888 0.348622 0.349799 0.354034 0.359010 0.362342 0.362342 0.358473 0.351388 0.342595 0.333896 0.326789 0.322014 0.319375 0.317886 0.316185 0.313084 0.308091 0.301718 0.295475 0.291497 0.291884 0.297921 0.309414 0.324378 0.339266 0.349790 0.352228 0.344899 0.329373 0.310883 0.297523 0.298042 0.318497 0.358524 0.408589 0.449852 0.458291 0.413867 0.313908 0.187097 0.101043 0.152939 0.431097 0.814557 1.000000 1.000000 0.345799 0.308054 0.326386 0.324999 0.310925 0.293976 0.281513 0.276564 0.278306 0.283667 0.289091 0.291835 0.290614 0.285611 0.278070 0.269702 0.262119 0.256428 0.253056 0.251789 0.251958 0.252707 0.253251 0.253060 0.251950 0.250058 0.247745 0.245446 0.243527 0.242176 0.241360 0.240850 0.240304 0.239382 0.237860 0.235715 0.233142 0.230510 0.228264 0.226782 0.226253 0.226584 0.227397 0.228117 0.228138 0.227045 0.224806 0.221883 0.219182 0.217805 0.218639 0.221861 0.226532 0.230518 0.230930 0.225227 0.212902 0.197285 0.186593 0.192880 0.227269 0.290295 0.357742 0.366388 0.211754
0.209946 0.369411 0.357420 0.286123 0.225381 0.192400 0.185600 0.194023 0.206603 0.216315 0.220715 0.220631 0.218359 0.216164 0.215439 0.216502 0.218829 0.221508 0.223676 0.224817 0.224870 0.224162 0.223228 0.222610 0.222675 0.223530 0.225021 0.226813 0.228523 0.229841 0.230633 0.230969 0.231096 0.231350 0.232042 0.233360 0.235296 0.237648 0.240074 0.242207 0.243779 0.244730 0.245252 0.245757 0.246745 0.248634 0.251570 0.255310 0.259245 0.262583 0.264687 0.265475 0.265708 0.266956 0.271056 0.278999 0.289452 0.297534 0.294945 0.272935 0.229525 0.170040 0.158186 0.301296 0.314257 0.073091 0.081636 0.196301 0.313668 0.388894 0.403614 0.386969 0.364999 0.351958 0.350662 0.356947 0.364640 0.369097 0.368703 0.364644 0.359655 0.356505 0.356805 0.360447 0.365728 0.369973 0.370418 0.365044 0.353155 0.335558 0.314359 0.292441 0.272800 0.257886 0.249127 0.246719 0.249707 0.256325 0.264488 0.272300 0.278468 0.282511 0.284730 0.285972 0.287258 0.289402 0.292751 0.297119 0.301959 0.306717 0.311217 0.315906 0.321786 0.329919 0.340598 0.352430 0.361837 0.363555 0.352636 0.328036 0.297018 0.295009 0.308508 0.392845 0.557680 0.678219 0.694304 0.364111 0.372130 0.164623 0.178287 0.206130 0.344404 0.398941 0.404674 0.388518 0.368638 0.347173 0.332930 0.330464 0.334403 0.339082 0.340677 0.337887 0.331511 0.323497 0.315916 0.310215 0.306877 0.305483 0.305044 0.304441 0.302822 0.299832 0.295650 0.290847 0.286134 0.282094 0.278978 0.276636 0.274594 0.272257 0.269169 0.265275 0.261063 0.257577 0.256229 0.258484 0.265452 0.277503 0.294024 0.313390 0.333209 0.350815 0.363898 0.371136 0.372611 0.369851 0.365393 0.361938 0.361285 0.363455 0.366472 0.367203 0.363346 0.356056 0.351851 0.361541 0.461211 0.639487 0.665735 0.338366 0.316844 0.226217 0.229487 0.263116 0.292127 0.305353 0.304988 0.297716 0.289464 0.283418 0.280137 0.278611 0.277402 0.275454 0.272422 0.268605 0.264655 0.261233 0.258750 0.257244 0.256414 0.255765 0.254789 0.253134 0.250709 0.247701 0.244505 0.241606 0.239433 0.238245 0.238052 0.238618 0.239527 0.240287 0.240463 0.239786 0.238222 0.235970 0.233406 0.230966 0.229018 0.227754 0.227133 0.226901 0.226689 0.226165 0.225185 0.223899 0.222733 0.222238 0.222803 0.224333 0.226014 0.226366 0.223723 0.217206 0.207992 0.200375 0.201664 0.219695 0.256744 0.299622 0.308394 0.211817
0.206571 0.253628 0.252275 0.231016 0.219442 0.210975 0.207128 0.207138 0.209398 0.212397 0.215151 0.217266 0.218779 0.219940 0.221009 0.222135 0.223322 0.224453 0.225364 0.225916 0.226051 0.225816 0.225351 0.224853 0.224522 0.224514 0.224903 0.225671 0.226723 0.227921 0.229129 0.230257 0.231290 0.232296 0.233406 0.234772 0.236516 0.238669 0.241143 0.243720 0.246090 0.247924 0.248974 0.249181 0.248750 0.248178 0.248188 0.249574 0.252969 0.258565 0.265887 0.273689 0.280098 0.283060 0.281099 0.274277 0.265044 0.258546 0.261720 0.280580 0.315306 0.326178 0.319781 0.300488 0.309345 0.174742 0.196042 0.252663 0.316848 0.388453 0.403348 0.390364 0.373660 0.365151 0.365811 0.370689 0.373992 0.372362 0.365919 0.357515 0.351065 0.349771 0.354886 0.365283 0.377833 0.388353 0.392790 0.388296 0.373926 0.350832 0.321953 0.291307 0.263103 0.240866 0.226782 0.221384 0.223616 0.231239 0.241448 0.251554 0.259561 0.264517 0.266568 0.266729 0.266450 0.267118 0.269631 0.274191 0.280359 0.287357 0.294494 0.301533 0.308804 0.316920 0.326123 0.335467 0.342285 0.342504 0.332345 0.311523 0.287289 0.317609 0.327192 0.407192 0.573542 0.619335 0.602801 0.346669 0.354006 0.260063 0.244385 0.103985 0.305992 0.376703 0.388410 0.376747 0.360108 0.330182 0.305338 0.300361 0.308317 0.320223 0.328789 0.330209 0.324243 0.313212 0.300528 0.289354 0.281695 0.278065 0.277676 0.278950 0.280158 0.279981 0.277835 0.273930 0.269068 0.264285 0.260448 0.257941 0.256531 0.255454 0.253705 0.250454 0.245469 0.239433 0.234016 0.231658 0.235065 0.246482 0.266921 0.295525 0.329287 0.363287 0.391525 0.408281 0.409774 0.395725 0.370328 0.342114 0.322314 0.321631 0.345815 0.391089 0.441137 0.467958 0.439061 0.332719 0.324495 0.443478 0.449580 0.333303 0.321677 0.159747 0.165733 0.231046 0.291273 0.322501 0.325829 0.312641 0.294855 0.280366 0.272218 0.269818 0.270770 0.272486 0.273158 0.272085 0.269505 0.266170 0.262897 0.260234 0.258317 0.256900 0.255527 0.253733 0.251236 0.248041 0.244447 0.240958 0.238137 0.236439 0.236084 0.236978 0.238733 0.240751 0.242367 0.243014 0.242360 0.240386 0.237396 0.233930 0.230627 0.228057 0.226566 0.226182 0.226617 0.227360 0.227843 0.227643 0.226637 0.225066 0.223438 0.222309 0.221971 0.222195 0.222190 0.220909 0.217747 0.213463 0.210807 0.214074 0.226512 0.244952 0.252284 0.211818
0.205457 0.193189 0.197443 0.203705 0.216006 0.220168 0.218600 0.215039 0.212323 0.211723 0.213187 0.215941 0.219061 0.221845 0.223945 0.225335 0.226174 0.226671 0.226979 0.227163 0.227210 0.227083 0.226766 0.226309 0.225825 0.225475 0.225422 0.225784 0.226600 0.227819 0.229317 0.230934 0.232524 0.234004 0.235380 0.236741 0.238230 0.239976 0.242033 0.244326 0.246631 0.248619 0.249944 0.250377 0.249950 0.249053 0.248442 0.249116 0.252039 0.257762 0.266016 0.275432 0.283579 0.287471 0.284648 0.274702 0.260858 0.250833 0.255805 0.286181 0.343154 0.380229 0.379146 0.301290 0.309629 0.163017 0.183852 0.205126 0.309966 0.411995 0.433573 0.412667 0.383512 0.365042 0.361230 0.366896 0.374232 0.377446 0.374737 0.367971 0.360989 0.357571 0.359825 0.367435 0.377829 0.387055 0.391000 0.386571 0.372535 0.349808 0.321211 0.290772 0.262796 0.240931 0.227449 0.222887 0.226105 0.234707 0.245716 0.256304 0.264424 0.269183 0.270884 0.270757 0.270454 0.271485 0.274740 0.280269 0.287368 0.294966 0.302147 0.308618 0.314865 0.321845 0.330214 0.339328 0.346520 0.347325 0.337275 0.315460 0.289168 0.315356 0.327443 0.416260 0.598389 0.685861 0.667313 0.349796 0.355940 0.226050 0.203315 0.043684 0.301677 0.405307 0.423457 0.401938 0.370849 0.330953 0.302437 0.298263 0.309382 0.324702 0.335571 0.337749 0.331298 0.319190 0.305492 0.293777 0.286141 0.282930 0.283051 0.284642 0.285818 0.285264 0.282547 0.278089 0.272881 0.268042 0.264388 0.262135 0.260829 0.259518 0.257122 0.252898 0.246858 0.240015 0.234349 0.232471 0.237015 0.249893 0.271580 0.300633 0.333632 0.365632 0.391131 0.405406 0.405915 0.393413 0.372341 0.350197 0.335734 0.336201 0.354210 0.385190 0.416683 0.430676 0.409711 0.346406 0.408370 0.527622 0.522428 0.331973 0.322204 0.144884 0.150769 0.223414 0.291924 0.328707 0.333801 0.319268 0.298480 0.280785 0.270252 0.266726 0.267746 0.270331 0.272174 0.272141 0.270202 0.267042 0.263574 0.260536 0.258268 0.256681 0.255379 0.253863 0.251743 0.248881 0.245444 0.241857 0.238681 0.236444 0.235490 0.235876 0.237343 0.239366 0.241282 0.242444 0.242385 0.240934 0.238260 0.234838 0.231328 0.228407 0.226586 0.226068 0.226682 0.227917 0.229068 0.229452 0.228636 0.226621 0.223886 0.221274 0.219692 0.219728 0.221279 0.223395 0.224488 0.222972 0.218233 0.211515 0.206022 0.205395 0.210010 0.211793
0.206305 0.171755 0.177699 0.195357 0.214135 0.222800 0.223071 0.219232 0.215128 0.212955 0.213260 0.215491 0.218659 0.221835 0.224421 0.226194 0.227218 0.227703 0.227871 0.227879 0.227798 0.227636 0.227383 0.227057 0.226728 0.226514 0.226557 0.226979 0.227850 0.229158 0.230812 0.232657 0.234522 0.236258 0.237782 0.239097 0.240278 0.241450 0.242729 0.244176 0.245760 0.247349 0.248758 0.249815 0.250466 0.250855 0.251368 0.252588 0.255143 0.259472 0.265542 0.272620 0.279229 0.283424 0.283450 0.278770 0.271192 0.265589 0.269392 0.289881 0.328480 0.359013 0.362895 0.303508 0.313539 0.079490 0.090215 0.095247 0.298144 0.448686 0.479510 0.443523 0.391912 0.355769 0.344533 0.352860 0.369411 0.383813 0.390320 0.388387 0.381164 0.373140 0.367990 0.367247 0.370012 0.373548 0.374396 0.369599 0.357651 0.338946 0.315664 0.291177 0.269186 0.252821 0.243946 0.242814 0.248142 0.257555 0.268264 0.277786 0.284534 0.288109 0.289252 0.289459 0.290406 0.293336 0.298635 0.305715 0.313285 0.319933 0.324823 0.328221 0.331565 0.336883 0.345612 0.357150 0.367823 0.371150 0.360215 0.332398 0.295590 0.291830 0.311530 0.423724 0.642253 0.840292 0.839471 0.367228 0.373415 0.108074 0.095020 0.027298 0.322825 0.462179 0.485330 0.446896 0.393365 0.345026 0.318351 0.317031 0.330011 0.345366 0.354796 0.355117 0.347523 0.335698 0.323767 0.314772 0.309941 0.308757 0.309561 0.310382 0.309670 0.306751 0.301897 0.296066 0.290450 0.285990 0.283026 0.281191 0.279564 0.277045 0.272827 0.266808 0.259825 0.253595 0.250361 0.252307 0.260892 0.276288 0.297107 0.320559 0.343043 0.361093 0.372397 0.376606 0.375559 0.372721 0.371819 0.375005 0.381210 0.385613 0.381126 0.362381 0.331647 0.304465 0.310753 0.385312 0.617445 0.780491 0.774587 0.334043 0.319929 0.179605 0.182671 0.239460 0.294189 0.324290 0.328948 0.317226 0.299675 0.283978 0.273750 0.269211 0.268607 0.269618 0.270347 0.269777 0.267781 0.264847 0.261701 0.258973 0.256986 0.255701 0.254795 0.253813 0.252347 0.250170 0.247312 0.244050 0.240826 0.238120 0.236322 0.235618 0.235943 0.236986 0.238266 0.239245 0.239468 0.238668 0.236846 0.234271 0.231416 0.228840 0.227035 0.226286 0.226574 0.227560 0.228661 0.229219 0.228708 0.226951 0.224246 0.221363 0.219344 0.219139 0.221131 0.224708 0.228072 0.228521 0.223354 0.211419 0.194989 0.181278 0.182362 0.211782
0.208219 0.164395 0.170207 0.193068 0.212546 0.223032 0.224990 0.221933 0.217572 0.214428 0.213544 0.214796 0.217420 0.220507 0.223320 0.225444 0.226775 0.227428 0.227625 0.227587 0.227479 0.227392 0.227358 0.227384 0.227485 0.227704 0.228110 0.228785 0.229798 0.231173 0.232873 0.234796 0.236787 0.238674 0.240297 0.241552 0.242417 0.242959 0.243326 0.243711 0.244309 0.245274 0.246678 0.248499 0.250635 0.252938 0.255272 0.257570 0.259867 0.262306 0.265086 0.268375 0.272204 0.276380 0.280485 0.283990 0.286501 0.288094 0.289558 0.292337 0.297820 0.308837 0.317050 0.306533 0.318586 0.000000 0.000000 0.000000 0.287365 0.485350 0.523851 0.471582 0.397104 0.343644 0.325826 0.337787 0.364377 0.390483 0.406385 0.409182 0.401415 0.388368 0.375345 0.365775 0.360472 0.357962 0.355509 0.350362 0.340814 0.326775 0.309771 0.292451 0.277778 0.268196 0.264978 0.267938 0.275565 0.285507 0.295261 0.302871 0.307431 0.309257 0.309676 0.310498 0.313330 0.318947 0.326946 0.335826 0.343525 0.348283 0.349541 0.348521 0.348102 0.351815 0.362056 0.378025 0.394322 0.401378 0.388755 0.351628 0.299206 0.257270 0.286539 0.432122 0.704791 1.000000 1.000000 0.388279 0.396864 0.000000 0.000000 0.046081 0.353795 0.517138 0.542351 0.488869 0.416390 0.363867 0.341969 0.343896 0.357347 0.370633 0.376737 0.374084 0.365133 0.354087 0.344777 0.339344 0.337888 0.338919 0.340249 0.339929 0.336917 0.331317 0.324177 0.316986 0.311066 0.307081 0.304814 0.303275 0.301110 0.297164 0.291026 0.283356 0.275875 0.270976 0.271031 0.277569 0.290599 0.308294 0.327249 0.343331 0.352974 0.354589 0.349588 0.342531 0.340027 0.348346 0.370192 0.401659 0.430866 0.439922 0.411427 0.339395 0.242083 0.170894 0.205904 0.426083 0.826538 1.000000 1.000000 0.338236 0.317093 0.248162 0.246535 0.271903 0.297845 0.312695 0.315068 0.308693 0.298504 0.288420 0.280562 0.275405 0.272355 0.270415 0.268682 0.266628 0.264151 0.261471 0.258952 0.256919 0.255535 0.254746 0.254312 0.253881 0.253100 0.251709 0.249620 0.246927 0.243891 0.240869 0.238226 0.236251 0.235085 0.234690 0.234859 0.235267 0.235547 0.235386 0.234599 0.233185 0.231325 0.229341 0.227610 0.226455 0.226041 0.226301 0.226934 0.227470 0.227414 0.226435 0.224545 0.222206 0.220284 0.219805 0.221503 0.225247 0.229521 0.231289 0.226601 0.212364 0.189420 0.166542 0.163817 0.211808
0.210213 0.154205 0.159734 0.188231 0.210546 0.223705 0.227224 0.224425 0.219342 0.215026 0.213002 0.213444 0.215675 0.218706 0.221648 0.223932 0.225360 0.226031 0.226214 0.226213 0.226267 0.226506 0.226953 0.227558 0.228250 0.228984 0.229764 0.230651 0.231733 0.233091 0.234761 0.236699 0.238774 0.240788 0.242509 0.243737 0.244353 0.244373 0.243967 0.243441 0.243189 0.243601 0.244972 0.247407 0.250766 0.254660 0.258528 0.261772 0.263948 0.264952 0.265167 0.265469 0.267074 0.271166 0.278367 0.288146 0.298392 0.305454 0.305006 0.294037 0.274002 0.269200 0.280517 0.309603 0.322676 0.000000 0.000000 0.000000 0.282064 0.511664 0.553621 0.488951 0.398733 0.334321 0.313281 0.328761 0.362614 0.396424 0.417968 0.423087 0.414251 0.397508 0.379328 0.364329 0.354293 0.348383 0.344177 0.338984 0.330982 0.319856 0.306837 0.294207 0.284511 0.279719 0.280624 0.286613 0.295884 0.306002 0.314640 0.320273 0.322614 0.322658 0.322308 0.323691 0.328349 0.336584 0.347199 0.357772 0.365472 0.368213 0.365765 0.360365 0.356390 0.358899 0.371210 0.392216 0.414629 0.425627 0.411178 0.364378 0.296167 0.224094 0.261292 0.441320 0.773940 1.000000 1.000000 0.403105 0.416423 0.000000 0.000000 0.086203 0.379744 0.546409 0.570202 0.509994 0.430131 0.379019 0.362397 0.366693 0.379473 0.390012 0.392735 0.387407 0.377315 0.366834 0.359388 0.356366 0.357062 0.359374 0.360850 0.359646 0.355111 0.347865 0.339419 0.331529 0.325528 0.321850 0.319912 0.318368 0.315664 0.310702 0.303394 0.294917 0.287525 0.283957 0.286539 0.296259 0.312104 0.330949 0.348154 0.358854 0.359667 0.350348 0.334762 0.320581 0.317340 0.332931 0.369283 0.418648 0.462482 0.474974 0.432576 0.329024 0.192153 0.094579 0.145771 0.450307 0.938986 1.000000 1.000000 0.343080 0.315669 0.329146 0.322152 0.310731 0.302447 0.298622 0.297587 0.297100 0.295600 0.292513 0.288042 0.282788 0.277396 0.272356 0.267936 0.264221 0.261187 0.258777 0.256943 0.255650 0.254852 0.254465 0.254336 0.254253 0.253961 0.253216 0.251836 0.249752 0.247033 0.243884 0.240615 0.237573 0.235077 0.233338 0.232416 0.232202 0.232436 0.232773 0.232864 0.232446 0.231413 0.229852 0.228024 0.226294 0.225017 0.224422 0.224513 0.225038 0.225546 0.225548 0.224734 0.223197 0.221540 0.220784 0.221969 0.225468 0.230177 0.232937 0.228816 0.212965 0.184739 0.153965 0.147658 0.211857
0.211579 0.139675 0.145290 0.180176 0.208390 0.225182 0.229823 0.226443 0.220087 0.214566 0.211767 0.211893 0.214103 0.217197 0.220128 0.222271 0.223467 0.223918 0.224006 0.224116 0.224517 0.225306 0.226421 0.227708 0.228991 0.230154 0.231172 0.232121 0.233144 0.234395 0.235980 0.237900 0.240039 0.242171 0.244008 0.245280 0.245808 0.245578 0.244775 0.243770 0.243058 0.243152 0.244451 0.247115 0.250982 0.255561 0.260111 0.263822 0.266067 0.266656 0.266043 0.265358 0.266217 0.270253 0.278397 0.290079 0.302616 0.311217 0.310074 0.294997 0.267662 0.258013 0.270394 0.312044 0.324854 0.000000 0.000000 0.000000 0.284002 0.522700 0.563327 0.492993 0.397685 0.331083 0.310805 0.328763 0.365305 0.400909 0.422910 0.427312 0.417098 0.398897 0.379618 0.364065 0.353974 0.348314 0.344441 0.339513 0.331677 0.320710 0.307993 0.295950 0.287177 0.283569 0.285712 0.292711 0.302482 0.312405 0.320134 0.324327 0.325054 0.323759 0.322766 0.324458 0.330364 0.340472 0.353009 0.364871 0.372639 0.373966 0.368847 0.360271 0.353746 0.355487 0.369519 0.394512 0.421756 0.435984 0.420494 0.366907 0.287656 0.203117 0.243801 0.448845 0.829885 1.000000 1.000000 0.406337 0.425586 0.000000 0.000000 0.133616 0.391840 0.540608 0.560027 0.503356 0.429775 0.385159 0.372770 0.378035 0.389483 0.397694 0.398188 0.391350 0.380612 0.370147 0.363033 0.360337 0.361154 0.363343 0.364534 0.363026 0.358298 0.351037 0.342737 0.335070 0.329249 0.325605 0.323505 0.321632 0.318535 0.313263 0.305877 0.297651 0.290853 0.288126 0.291607 0.302042 0.318182 0.336736 0.353029 0.362310 0.361450 0.350546 0.333806 0.319159 0.316232 0.332820 0.370596 0.421491 0.466692 0.480280 0.438774 0.336036 0.199833 0.102206 0.151402 0.450509 0.917788 1.000000 1.000000 0.347437 0.316730 0.402681 0.390829 0.346578 0.307447 0.286372 0.281638 0.285892 0.291908 0.295130 0.294001 0.289132 0.282169 0.274846 0.268419 0.263490 0.260105 0.257969 0.256686 0.255913 0.255438 0.255156 0.255016 0.254946 0.254808 0.254398 0.253487 0.251882 0.249499 0.246413 0.242862 0.239219 0.235909 0.233314 0.231681 0.231049 0.231230 0.231849 0.232434 0.232534 0.231845 0.230305 0.228122 0.225728 0.223656 0.222373 0.222109 0.222747 0.223825 0.224681 0.224726 0.223761 0.222233 0.221231 0.222114 0.225680 0.231061 0.234774 0.230750 0.212425 0.177969 0.138829 0.129564 0.211893
0.212056 0.132773 0.138223 0.175120 0.207092 0.225675 0.230486 0.226516 0.219533 0.213695 0.210902 0.211176 0.213469 0.216448 0.219046 0.220724 0.221464 0.221605 0.221628 0.221948 0.222797 0.224185 0.225942 0.227806 0.229527 0.230949 0.232052 0.232947 0.233834 0.234925 0.236375 0.238219 0.240352 0.242545 0.244495 0.245909 0.246590 0.246502 0.245812 0.244873 0.244162 0.244171 0.245288 0.247679 0.251214 0.255469 0.259801 0.263518 0.266084 0.267344 0.267663 0.267947 0.269452 0.273392 0.280384 0.289860 0.299687 0.306278 0.305535 0.294835 0.276008 0.269771 0.280479 0.313439 0.325413 0.000000 0.000000 0.000000 0.292373 0.518856 0.554568 0.485719 0.395476 0.334425 0.317894 0.336763 0.371548 0.403724 0.421967 0.423504 0.412121 0.394692 0.377840 0.365708 0.359204 0.356514 0.354426 0.349833 0.340930 0.327800 0.312280 0.297283 0.285815 0.280031 0.280602 0.286562 0.295649 0.305041 0.312230 0.315804 0.315870 0.313997 0.312670 0.314401 0.320758 0.331639 0.345059 0.357620 0.365630 0.366572 0.360479 0.350604 0.342910 0.344129 0.358661 0.385210 0.414624 0.430757 0.415885 0.361019 0.279079 0.201120 0.239615 0.451456 0.852226 1.000000 1.000000 0.398352 0.422929 0.000000 0.000000 0.177210 0.389003 0.505701 0.519151 0.473798 0.416551 0.381431 0.371716 0.376763 0.386770 0.393635 0.393439 0.386453 0.375634 0.364692 0.356492 0.352220 0.351349 0.352201 0.352776 0.351518 0.347787 0.341936 0.335031 0.328367 0.322949 0.319125 0.316491 0.314080 0.310778 0.305829 0.299265 0.292086 0.286130 0.283596 0.286360 0.295245 0.309495 0.326671 0.343095 0.354829 0.358997 0.355088 0.345752 0.336646 0.335021 0.347099 0.374788 0.412783 0.447562 0.459844 0.431568 0.357081 0.255837 0.180740 0.212790 0.430603 0.787091 1.000000 1.000000 0.350728 0.320286 0.455202 0.439868 0.372971 0.312299 0.278760 0.270761 0.277631 0.288406 0.295869 0.297241 0.293073 0.285594 0.277285 0.269994 0.264620 0.261226 0.259355 0.258383 0.257786 0.257263 0.256732 0.256236 0.255829 0.255481 0.255043 0.254276 0.252927 0.250821 0.247942 0.244473 0.240770 0.237292 0.234487 0.232669 0.231932 0.232102 0.232776 0.233409 0.233467 0.232575 0.230640 0.227904 0.224890 0.222266 0.220632 0.220310 0.221189 0.222717 0.224061 0.224445 0.223551 0.221858 0.220671 0.221681 0.225962 0.232574 0.237339 0.232793 0.210710 0.168582 0.120363 0.108998 0.211880
0.211800 0.150858 0.154671 0.182022 0.207873 0.222541 0.226118 0.222908 0.217613 0.213459 0.211769 0.212375 0.214332 0.216570 0.218319 0.219283 0.219584 0.219603 0.219775 0.220430 0.221697 0.223500 0.225611 0.227742 0.229636 0.231147 0.232266 0.233116 0.233900 0.234840 0.236104 0.237757 0.239735 0.241859 0.243878 0.245537 0.246640 0.247118 0.247053 0.246673 0.246317 0.246354 0.247100 0.248739 0.251268 0.254494 0.258076 0.261619 0.264795 0.267461 0.269729 0.271965 0.274681 0.278336 0.283074 0.288501 0.293586 0.296838 0.296830 0.293091 0.287189 0.283607 0.289704 0.313700 0.325500 0.000000 0.000000 0.000000 0.304742 0.504075 0.533358 0.471712 0.393525 0.342661 0.331053 0.349219 0.379297 0.405193 0.417867 0.416109 0.404339 0.389220 0.376571 0.369452 0.367689 0.368600 0.368431 0.363885 0.353279 0.337045 0.317496 0.298060 0.282215 0.272500 0.269847 0.273420 0.280969 0.289576 0.296567 0.300315 0.300707 0.299122 0.297913 0.299547 0.305635 0.316195 0.329400 0.342007 0.350405 0.352043 0.346776 0.337567 0.330052 0.330730 0.344018 0.369003 0.397315 0.413845 0.401794 0.352424 0.277595 0.219868 0.251048 0.447023 0.827530 1.000000 1.000000 0.384300 0.411800 0.000000 0.018081 0.210224 0.376549 0.458292 0.465880 0.434441 0.396538 0.371018 0.362651 0.366927 0.375856 0.382410 0.382784 0.376667 0.366234 0.354634 0.344646 0.337843 0.334382 0.333300 0.333099 0.332358 0.330188 0.326415 0.321492 0.316209 0.311329 0.307282 0.304013 0.301036 0.297662 0.293329 0.287934 0.282034 0.276840 0.273989 0.275105 0.281291 0.292667 0.308138 0.325500 0.341918 0.354710 0.362247 0.364671 0.364149 0.364386 0.369358 0.381457 0.399601 0.418146 0.427567 0.417691 0.383547 0.332605 0.290332 0.298869 0.402127 0.611280 0.850152 0.894872 0.352900 0.325500 0.481337 0.464288 0.387206 0.316548 0.276733 0.266378 0.273569 0.285876 0.295010 0.297660 0.294280 0.287242 0.279225 0.272219 0.267169 0.264094 0.262452 0.261535 0.260774 0.259872 0.258800 0.257688 0.256683 0.255839 0.255064 0.254143 0.252818 0.250886 0.248296 0.245187 0.241877 0.238790 0.236339 0.234806 0.234248 0.234456 0.234998 0.235320 0.234899 0.233408 0.230830 0.227500 0.224040 0.221189 0.219568 0.219453 0.220623 0.222377 0.223744 0.223878 0.222526 0.220381 0.219078 0.220629 0.226206 0.234518 0.240410 0.234924 0.208392 0.158145 0.101167 0.088617 0.211800
0.211229 0.206856 0.206483 0.207600 0.211547 0.213842 0.214635 0.214646 0.214561 0.214767 0.215325 0.216084 0.216821 0.217371 0.217682 0.217831 0.217979 0.218317 0.219002 0.220115 0.221642 0.223479 0.225465 0.227419 0.229187 0.230672 0.231857 0.232802 0.233628 0.234485 0.235516 0.236821 0.238433 0.240305 0.242316 0.244296 0.246062 0.247459 0.248398 0.248885 0.249031 0.249042 0.249185 0.249741 0.250952 0.252968 0.255811 0.259369 0.263416 0.267660 0.271812 0.275657 0.279096 0.282148 0.284895 0.287378 0.289475 0.290835 0.290965 0.289591 0.287330 0.275880 0.274972 0.313038 0.326466 0.053343 0.066860 0.085345 0.318249 0.483502 0.506798 0.455750 0.392598 0.353059 0.345846 0.362077 0.386504 0.406028 0.413911 0.410104 0.399094 0.386848 0.378142 0.375006 0.376482 0.379440 0.379981 0.374884 0.362661 0.343968 0.321344 0.298426 0.278912 0.265585 0.259647 0.260533 0.266219 0.273910 0.280900 0.285366 0.286854 0.286326 0.285754 0.287360 0.292743 0.302164 0.314252 0.326290 0.335084 0.338194 0.335152 0.328159 0.321837 0.321784 0.332103 0.352601 0.376827 0.392476 0.385441 0.347916 0.289017 0.256339 0.277067 0.435829 0.754669 0.817697 0.803295 0.371627 0.398442 0.074070 0.088331 0.230302 0.362909 0.417951 0.421290 0.400849 0.377969 0.359432 0.351621 0.355251 0.363728 0.370714 0.372277 0.367456 0.357680 0.345626 0.334046 0.324915 0.319047 0.316144 0.315167 0.314819 0.313994 0.312057 0.308921 0.304930 0.300630 0.296505 0.292789 0.289390 0.285964 0.282102 0.277580 0.272575 0.267791 0.264417 0.263918 0.267695 0.276672 0.290945 0.309579 0.330656 0.351596 0.369713 0.382892 0.390199 0.392221 0.390976 0.389296 0.389802 0.393725 0.400049 0.405489 0.405737 0.398002 0.384179 0.372998 0.378508 0.463836 0.666559 0.712111 0.354239 0.331132 0.483255 0.466161 0.390070 0.319888 0.279566 0.267956 0.273664 0.284762 0.293281 0.296004 0.293289 0.287299 0.280465 0.274555 0.270353 0.267795 0.266317 0.265249 0.264081 0.262593 0.260831 0.258991 0.257281 0.255806 0.254521 0.253254 0.251782 0.249924 0.247629 0.245014 0.242346 0.239970 0.238204 0.237227 0.237007 0.237277 0.237586 0.237416 0.236327 0.234111 0.230884 0.227100 0.223454 0.220687 0.219350 0.219579 0.220981 0.222696 0.223669 0.223099 0.220928 0.218166 0.216810 0.219120 0.226225 0.236332 0.243291 0.236847 0.206306 0.149236 0.085416 0.072487 0.211673
0.210816 0.301763 0.294354 0.252549 0.218079 0.199509 0.196269 0.202227 0.210910 0.217964 0.221618 0.222077 0.220564 0.218485 0.216897 0.216318 0.216772 0.217983 0.219572 0.221227 0.222774 0.224180 0.225508 0.226839 0.228224 0.229646 0.231034 0.232295 0.233362 0.234235 0.234996 0.235802 0.236841 0.238277 0.240187 0.242522 0.245091 0.247598 0.249701 0.251111 0.251684 0.251486 0.250824 0.250194 0.250184 0.251323 0.253922 0.257957 0.263035 0.268474 0.273501 0.277526 0.280394 0.282506 0.284673 0.287648 0.291401 0.294392 0.293407 0.284696 0.267192 0.231836 0.222821 0.311868 0.329250 0.079771 0.105288 0.155914 0.330599 0.461567 0.480460 0.441084 0.392618 0.362994 0.358709 0.372427 0.391971 0.407073 0.412651 0.408981 0.399878 0.390202 0.383692 0.381742 0.383250 0.385348 0.384600 0.378227 0.365006 0.345613 0.322405 0.298739 0.278078 0.263121 0.255199 0.254062 0.258095 0.264873 0.271896 0.277291 0.280287 0.281342 0.281878 0.283705 0.288306 0.296199 0.306606 0.317573 0.326566 0.331401 0.331245 0.327281 0.322690 0.321727 0.327949 0.342068 0.360298 0.374309 0.373851 0.352448 0.315181 0.303752 0.313625 0.420791 0.646343 0.638052 0.620078 0.367075 0.389371 0.110489 0.125577 0.238756 0.355865 0.399567 0.401130 0.385083 0.368082 0.352244 0.344653 0.348156 0.356805 0.364528 0.367243 0.363587 0.354552 0.342531 0.330243 0.319873 0.312592 0.308489 0.306818 0.306411 0.306104 0.305063 0.302929 0.299795 0.296043 0.292122 0.288341 0.284759 0.281184 0.277299 0.272867 0.267954 0.263089 0.259313 0.258059 0.260880 0.269066 0.283233 0.302990 0.326794 0.352062 0.375586 0.394180 0.405462 0.408569 0.404593 0.396542 0.388712 0.385474 0.389731 0.401423 0.416685 0.428224 0.427365 0.407713 0.369652 0.398309 0.574864 0.617498 0.355136 0.336007 0.468328 0.452377 0.384776 0.322184 0.285449 0.273610 0.276895 0.285125 0.291546 0.293451 0.291134 0.286357 0.281050 0.276551 0.273376 0.271352 0.269947 0.268593 0.266908 0.264782 0.262339 0.259822 0.257463 0.255392 0.253594 0.251938 0.250250 0.248394 0.246341 0.244198 0.242180 0.240544 0.239496 0.239099 0.239223 0.239546 0.239617 0.238978 0.237299 0.234508 0.230854 0.226884 0.223321 0.220857 0.219920 0.220477 0.221965 0.223406 0.223734 0.222264 0.219180 0.215807 0.214432 0.217451 0.225866 0.237417 0.245213 0.238189 0.205186 0.144184 0.076787 0.064056 0.211559
0.210903 0.422058 0.405528 0.310273 0.226467 0.181721 0.173926 0.187735 0.207400 0.222651 0.229644 0.229280 0.224764 0.219514 0.215902 0.214858 0.216095 0.218639 0.221403 0.223597 0.224911 0.225488 0.225741 0.226136 0.226989 0.228372 0.230115 0.231895 0.233379 0.234360 0.234842 0.235056 0.235392 0.236274 0.238011 0.240675 0.244047 0.247636 0.250809 0.252961 0.253718 0.253091 0.251529 0.249853 0.249050 0.249977 0.253064 0.258099 0.264210 0.270101 0.274521 0.276862 0.277641 0.278597 0.282110 0.289831 0.300751 0.309457 0.306004 0.279336 0.226186 0.152356 0.135920 0.310676 0.333991 0.072431 0.105315 0.199046 0.340540 0.441110 0.457291 0.428870 0.392858 0.370737 0.367946 0.379305 0.395666 0.409017 0.415086 0.413628 0.407184 0.399273 0.392760 0.388882 0.387061 0.385373 0.381403 0.373148 0.359713 0.341609 0.320635 0.299405 0.280687 0.266732 0.258781 0.256845 0.259811 0.265819 0.272802 0.279039 0.283579 0.286415 0.288372 0.290748 0.294791 0.301191 0.309743 0.319304 0.328099 0.334323 0.336865 0.335901 0.333107 0.331268 0.333274 0.340720 0.352604 0.364845 0.371353 0.367067 0.352584 0.353009 0.354286 0.406513 0.526407 0.502067 0.493435 0.374148 0.388888 0.099437 0.120952 0.239511 0.359556 0.408131 0.410392 0.391506 0.370509 0.353002 0.345500 0.349375 0.358553 0.366890 0.370282 0.367342 0.359017 0.347618 0.335767 0.325563 0.318137 0.313604 0.311316 0.310249 0.309398 0.308059 0.305938 0.303107 0.299844 0.296432 0.293003 0.289469 0.285573 0.281035 0.275765 0.270048 0.264655 0.260820 0.260059 0.263853 0.273261 0.288555 0.308970 0.332677 0.357013 0.378968 0.395842 0.405927 0.409026 0.406623 0.401569 0.397280 0.396586 0.400558 0.407764 0.414436 0.415835 0.408712 0.394066 0.378577 0.430526 0.598418 0.636216 0.355911 0.339370 0.446120 0.431814 0.375597 0.323482 0.292209 0.280910 0.281752 0.286700 0.290516 0.291171 0.288938 0.285154 0.281208 0.277972 0.275674 0.274047 0.272605 0.270906 0.268708 0.266016 0.263022 0.259998 0.257179 0.254691 0.252530 0.250588 0.248727 0.246849 0.244948 0.243125 0.241560 0.240442 0.239892 0.239887 0.240232 0.240576 0.240487 0.239567 0.237580 0.234555 0.230822 0.226967 0.223693 0.221613 0.221030 0.221774 0.223172 0.224205 0.223852 0.221570 0.217747 0.213920 0.212520 0.215960 0.225097 0.237400 0.245678 0.238698 0.205394 0.144123 0.076900 0.064661 0.211547
0.211597 0.542638 0.516620 0.368385 0.234973 0.164402 0.152514 0.174360 0.204805 0.227785 0.237597 0.236044 0.228419 0.220153 0.214850 0.213730 0.216073 0.220137 0.224099 0.226718 0.227609 0.227152 0.226172 0.225543 0.225860 0.227262 0.229449 0.231840 0.233814 0.234950 0.235178 0.234814 0.234455 0.234780 0.236315 0.239231 0.243249 0.247678 0.251600 0.254145 0.254787 0.253570 0.251180 0.248803 0.247798 0.249239 0.253473 0.259855 0.266816 0.272340 0.274803 0.273935 0.271525 0.271346 0.277875 0.293665 0.315849 0.333226 0.326455 0.274809 0.172757 0.054117 0.032770 0.309884 0.339967 0.039460 0.073607 0.214437 0.347786 0.423590 0.438092 0.418743 0.392422 0.375707 0.373731 0.383507 0.398459 0.412169 0.420539 0.422340 0.418625 0.411598 0.403471 0.395666 0.388508 0.381374 0.373142 0.362747 0.349658 0.334143 0.317270 0.300674 0.286167 0.275312 0.269064 0.267576 0.270203 0.275703 0.282563 0.289380 0.295190 0.299661 0.303101 0.306289 0.310153 0.315417 0.322284 0.330290 0.338370 0.345164 0.349468 0.350737 0.349432 0.347080 0.345912 0.348133 0.354968 0.365860 0.378236 0.388262 0.392700 0.394262 0.391057 0.397560 0.423857 0.435738 0.446411 0.391744 0.397459 0.054845 0.086256 0.238027 0.373103 0.437295 0.441906 0.415435 0.383953 0.361940 0.354392 0.358757 0.368364 0.376870 0.380317 0.377624 0.369971 0.359705 0.349250 0.340352 0.333774 0.329383 0.326484 0.324232 0.321964 0.319369 0.316478 0.313513 0.310682 0.307997 0.305209 0.301860 0.297469 0.291772 0.284960 0.277805 0.271641 0.268145 0.268977 0.275335 0.287554 0.304858 0.325387 0.346521 0.365477 0.380044 0.389262 0.393796 0.395803 0.398204 0.403445 0.412083 0.421752 0.427211 0.422052 0.402279 0.371076 0.342882 0.343373 0.400860 0.536082 0.711935 0.744776 0.356728 0.341044 0.425573 0.412721 0.366597 0.323979 0.297953 0.287614 0.286711 0.289008 0.290575 0.289994 0.287572 0.284336 0.281249 0.278820 0.277048 0.275591 0.274006 0.271956 0.269317 0.266192 0.262830 0.259520 0.256491 0.253851 0.251577 0.249556 0.247654 0.245781 0.243935 0.242217 0.240791 0.239822 0.239399 0.239479 0.239854 0.240182 0.240061 0.239133 0.237208 0.234345 0.230883 0.227381 0.224484 0.222726 0.222327 0.223058 0.224227 0.224848 0.223986 0.221208 0.217004 0.212963 0.211497 0.214934 0.224037 0.236272 0.244643 0.238343 0.206828 0.148625 0.084763 0.073033 0.211732
0.212756 0.634068 0.600383 0.412377 0.241618 0.152055 0.137505 0.165482 0.203741 0.232007 0.243410 0.240619 0.230592 0.220259 0.214051 0.213282 0.216791 0.222185 0.227069 0.229897 0.230283 0.228854 0.226798 0.225327 0.225242 0.226717 0.229321 0.232248 0.234643 0.235917 0.235953 0.235143 0.234251 0.234149 0.235512 0.238561 0.242944 0.247805 0.252017 0.254546 0.254821 0.253001 0.250026 0.247408 0.246770 0.249249 0.254953 0.262690 0.270158 0.274698 0.274488 0.269840 0.264037 0.263023 0.273343 0.298242 0.332666 0.359300 0.349283 0.272423 0.121396 0.000000 0.000000 0.309757 0.345852 0.000000 0.028460 0.210873 0.352525 0.410037 0.423055 0.410112 0.390805 0.378222 0.377314 0.386665 0.401477 0.416355 0.427157 0.431787 0.430104 0.423317 0.413207 0.401452 0.389213 0.377017 0.364879 0.352568 0.339904 0.326974 0.314234 0.302459 0.292582 0.285472 0.281717 0.281467 0.284387 0.289720 0.296457 0.303556 0.310174 0.315839 0.320519 0.324580 0.328625 0.333263 0.338859 0.345357 0.352212 0.358494 0.363151 0.365382 0.365027 0.362841 0.360524 0.360417 0.364831 0.375133 0.390803 0.408832 0.423865 0.418429 0.415452 0.396577 0.365208 0.445833 0.479162 0.414283 0.411386 0.008735 0.049137 0.240286 0.391063 0.471780 0.479026 0.444786 0.402453 0.375789 0.368048 0.372481 0.381898 0.389909 0.392882 0.390171 0.383244 0.374438 0.365862 0.358765 0.353409 0.349320 0.345738 0.342038 0.337985 0.333767 0.329821 0.326565 0.324132 0.322219 0.320126 0.316960 0.311981 0.304953 0.296408 0.287703 0.280823 0.277951 0.280877 0.290406 0.305947 0.325432 0.345663 0.363083 0.374809 0.379672 0.378903 0.376123 0.376411 0.384479 0.402297 0.426945 0.449723 0.457672 0.438271 0.387136 0.316921 0.263331 0.281782 0.426711 0.661952 0.854340 0.883316 0.357608 0.341379 0.412996 0.400880 0.360722 0.323979 0.301497 0.292193 0.290610 0.291508 0.291725 0.290250 0.287471 0.284289 0.281457 0.279285 0.277639 0.276124 0.274316 0.271939 0.268950 0.265521 0.261953 0.258556 0.255554 0.253028 0.250918 0.249069 0.247305 0.245504 0.243646 0.241824 0.240214 0.239004 0.238321 0.238167 0.238383 0.238669 0.238653 0.237985 0.236455 0.234079 0.231126 0.228080 0.225512 0.223904 0.223464 0.223993 0.224869 0.225202 0.224142 0.221299 0.217136 0.213132 0.211539 0.214547 0.222918 0.234376 0.242506 0.237326 0.209002 0.155954 0.097253 0.085846 0.212188
0.214062 0.671638 0.634112 0.430153 0.244775 0.148330 0.133226 0.163636 0.204489 0.234084 0.245397 0.241688 0.230682 0.219858 0.213840 0.213796 0.218235 0.224412 0.229688 0.232439 0.232364 0.230281 0.227592 0.225682 0.225436 0.227009 0.229878 0.233106 0.235717 0.237050 0.236981 0.235954 0.234816 0.234523 0.235794 0.238839 0.243244 0.248058 0.252074 0.254232 0.254022 0.251752 0.248571 0.246182 0.246301 0.249978 0.257013 0.265723 0.273264 0.276587 0.273883 0.266081 0.257724 0.256400 0.270092 0.302349 0.346286 0.380008 0.367840 0.273099 0.087604 0.000000 0.000000 0.310356 0.350168 0.000000 0.000000 0.200226 0.354803 0.402152 0.413490 0.403521 0.388318 0.378954 0.379860 0.390032 0.405364 0.420962 0.432792 0.438507 0.437532 0.430668 0.419490 0.405749 0.390948 0.376125 0.361845 0.348328 0.335643 0.323887 0.313292 0.304247 0.297233 0.292704 0.290954 0.292011 0.295592 0.301131 0.307877 0.315038 0.321938 0.328142 0.333522 0.338238 0.342649 0.347153 0.352018 0.357247 0.362514 0.367226 0.370701 0.372432 0.372381 0.371204 0.370290 0.371545 0.376872 0.387409 0.402681 0.419970 0.434264 0.418576 0.419779 0.402959 0.367352 0.521093 0.572685 0.433240 0.423830 0.000000 0.042934 0.251820 0.405415 0.492650 0.501325 0.464074 0.417123 0.388707 0.380804 0.384452 0.392612 0.399330 0.401480 0.398774 0.392759 0.385549 0.378820 0.373319 0.368890 0.364852 0.360486 0.355433 0.349856 0.344345 0.339635 0.336245 0.334196 0.332902 0.331303 0.328193 0.322673 0.314576 0.304735 0.294965 0.287733 0.285558 0.290263 0.302297 0.320330 0.341310 0.361063 0.375386 0.381389 0.378733 0.370298 0.361875 0.360656 0.372615 0.399359 0.435478 0.467800 0.477958 0.449182 0.376836 0.280116 0.209325 0.240161 0.444727 0.747055 0.952895 0.979457 0.358507 0.341037 0.411110 0.398770 0.359367 0.323831 0.302522 0.294051 0.292853 0.293737 0.293668 0.291789 0.288608 0.285093 0.282009 0.279640 0.277807 0.276079 0.274015 0.271350 0.268081 0.264429 0.260746 0.257379 0.254561 0.252349 0.250631 0.249177 0.247729 0.246094 0.244205 0.242144 0.240113 0.238371 0.237136 0.236513 0.236437 0.236672 0.236866 0.236641 0.235712 0.233986 0.231615 0.228975 0.226576 0.224895 0.224196 0.224393 0.225000 0.225246 0.224340 0.221855 0.218103 0.214336 0.212561 0.214834 0.222012 0.232256 0.239929 0.235988 0.211256 0.163791 0.110374 0.099020 0.212944
0.215137 0.643358 0.606999 0.415999 0.243671 0.154795 0.141416 0.169668 0.206913 0.233315 0.242807 0.238788 0.228594 0.219116 0.214431 0.215352 0.220255 0.226448 0.231453 0.233836 0.233449 0.231193 0.228482 0.226654 0.226527 0.228193 0.231092 0.234286 0.236828 0.238102 0.238022 0.237046 0.236003 0.235799 0.237084 0.240002 0.244100 0.248432 0.251857 0.253428 0.252780 0.250358 0.247399 0.245615 0.246619 0.251258 0.259061 0.268073 0.275260 0.277555 0.273363 0.264063 0.254808 0.253790 0.269349 0.304873 0.352602 0.389051 0.376593 0.277059 0.082561 0.000000 0.000000 0.311548 0.351795 0.000000 0.000000 0.191264 0.354079 0.402938 0.412882 0.401440 0.386214 0.378346 0.381448 0.393512 0.409751 0.425124 0.435921 0.440371 0.438470 0.431390 0.420775 0.408174 0.394706 0.380989 0.367260 0.353593 0.340114 0.327149 0.315251 0.305126 0.297483 0.292862 0.291490 0.293212 0.297507 0.303596 0.310606 0.317740 0.324431 0.330416 0.335726 0.340592 0.345297 0.350017 0.354707 0.359075 0.362664 0.365041 0.366026 0.365902 0.365501 0.366090 0.369033 0.375275 0.384783 0.396196 0.406926 0.413942 0.415237 0.391106 0.398605 0.412582 0.432817 0.637627 0.696991 0.439640 0.426884 0.057484 0.094595 0.276722 0.408389 0.483751 0.491484 0.459501 0.418873 0.394044 0.386475 0.388360 0.393952 0.398500 0.399605 0.397132 0.392320 0.386734 0.381484 0.376913 0.372701 0.368239 0.363047 0.357071 0.350744 0.344823 0.340075 0.336931 0.335245 0.334256 0.332766 0.329520 0.323663 0.315156 0.304992 0.295134 0.288134 0.286497 0.291932 0.304694 0.323225 0.344278 0.363571 0.376919 0.381584 0.377478 0.367774 0.358515 0.357028 0.369268 0.396677 0.433596 0.466630 0.477324 0.448997 0.377239 0.281410 0.211634 0.242871 0.446001 0.744496 0.949958 0.975098 0.359407 0.340722 0.419105 0.405652 0.362383 0.323852 0.301477 0.293483 0.293441 0.295409 0.295949 0.294131 0.290606 0.286557 0.282934 0.280120 0.277956 0.275973 0.273679 0.270777 0.267265 0.263409 0.259617 0.256292 0.253699 0.251884 0.250678 0.249759 0.248762 0.247391 0.245511 0.243184 0.240650 0.238255 0.236344 0.235153 0.234732 0.234916 0.235362 0.235637 0.235345 0.234251 0.232368 0.229971 0.227530 0.225563 0.224448 0.224260 0.224677 0.225042 0.224581 0.222759 0.219663 0.216254 0.214284 0.215703 0.221540 0.230451 0.237571 0.234671 0.213008 0.170133 0.120803 0.109278 0.213973
0.215674 0.554368 0.524133 0.372713 0.238652 0.170306 0.160520 0.182372 0.210468 0.229780 0.236108 0.232493 0.224791 0.218263 0.215813 0.217756 0.222562 0.227991 0.232106 0.233890 0.233391 0.231469 0.229342 0.228097 0.228342 0.230073 0.232757 0.235584 0.237780 0.238878 0.238866 0.238179 0.237532 0.237662 0.239057 0.241760 0.245312 0.248876 0.251498 0.252455 0.251561 0.249345 0.246989 0.246015 0.247772 0.252846 0.260617 0.269161 0.275677 0.277465 0.273277 0.264633 0.256445 0.256260 0.271561 0.305157 0.349673 0.383606 0.372974 0.283706 0.109263 0.000000 0.000000 0.313069 0.350351 0.000000 0.000000 0.185632 0.349159 0.416461 0.426680 0.408083 0.386428 0.376241 0.380649 0.395318 0.413169 0.427995 0.436295 0.437498 0.433127 0.425558 0.416912 0.408375 0.400041 0.391193 0.380822 0.368175 0.353151 0.336454 0.319469 0.303939 0.291545 0.283500 0.280288 0.281583 0.286382 0.293287 0.300869 0.308003 0.314089 0.319106 0.323470 0.327773 0.332452 0.337536 0.342541 0.346590 0.348754 0.348515 0.346206 0.343230 0.341868 0.344627 0.353159 0.367094 0.383248 0.395846 0.398288 0.386624 0.364080 0.336669 0.350216 0.418836 0.548672 0.766483 0.820794 0.426833 0.414148 0.194211 0.214406 0.316637 0.395267 0.437422 0.441371 0.423695 0.401381 0.386460 0.380377 0.379783 0.381538 0.383015 0.382844 0.380850 0.377551 0.373607 0.369435 0.365090 0.360379 0.355080 0.349164 0.342903 0.336836 0.331595 0.327671 0.325195 0.323816 0.322738 0.320917 0.317365 0.311511 0.303482 0.294242 0.285497 0.279384 0.277969 0.282677 0.293802 0.310233 0.329542 0.348447 0.363628 0.372708 0.375135 0.372669 0.369182 0.369631 0.378275 0.396534 0.421173 0.443746 0.452249 0.435522 0.390148 0.328090 0.281485 0.299018 0.427269 0.638407 0.823741 0.847471 0.360369 0.340928 0.433434 0.418339 0.368406 0.324262 0.299324 0.291420 0.292849 0.296469 0.298126 0.296679 0.292926 0.288335 0.284125 0.280844 0.278375 0.276204 0.273760 0.270684 0.266956 0.262873 0.258912 0.255551 0.253108 0.251638 0.250928 0.250568 0.250079 0.249053 0.247274 0.244773 0.241821 0.238845 0.236314 0.234594 0.233850 0.233979 0.234640 0.235338 0.235562 0.234938 0.233351 0.230994 0.228324 0.225929 0.224325 0.223758 0.224065 0.224680 0.224814 0.223787 0.221441 0.218449 0.216332 0.216976 0.221594 0.229294 0.235836 0.233571 0.213964 0.174055 0.127178 0.115439 0.215189
0.215532 0.426394 0.405890 0.311231 0.231127 0.191168 0.185943 0.198708 0.214330 0.224354 0.226917 0.224307 0.220182 0.217530 0.217728 0.220558 0.224774 0.228866 0.231680 0.232753 0.232327 0.231123 0.230013 0.229691 0.230472 0.232239 0.234537 0.236776 0.238444 0.239289 0.239394 0.239138 0.239060 0.239663 0.241224 0.243673 0.246589 0.249310 0.251146 0.251639 0.250777 0.249091 0.247575 0.247421 0.249615 0.254499 0.261460 0.268902 0.274617 0.276553 0.273854 0.267827 0.262359 0.263273 0.276223 0.303185 0.338349 0.365259 0.358217 0.291740 0.161297 0.063589 0.068439 0.314610 0.346353 0.021854 0.018795 0.177397 0.338582 0.446657 0.460703 0.428168 0.390994 0.371887 0.374882 0.392446 0.413463 0.429033 0.435098 0.432335 0.424390 0.415600 0.409123 0.405951 0.404902 0.403353 0.398363 0.387753 0.370849 0.348710 0.323845 0.299537 0.279014 0.264675 0.257584 0.257334 0.262298 0.270158 0.278572 0.285781 0.290983 0.294399 0.296992 0.299957 0.304132 0.309537 0.315233 0.319584 0.320909 0.318343 0.312599 0.306282 0.303437 0.308220 0.322879 0.345660 0.369593 0.383339 0.375025 0.339220 0.285615 0.260693 0.277824 0.414747 0.689437 0.881193 0.919887 0.392868 0.383129 0.395403 0.390576 0.369880 0.366346 0.357862 0.355580 0.358782 0.363530 0.363859 0.360963 0.357730 0.354730 0.352313 0.350511 0.349051 0.347463 0.345236 0.341974 0.337515 0.331981 0.325759 0.319405 0.313519 0.308600 0.304925 0.302478 0.300938 0.299746 0.298220 0.295717 0.291793 0.286339 0.279669 0.272519 0.265971 0.261299 0.259754 0.262340 0.269604 0.281491 0.297298 0.315746 0.335164 0.353760 0.369940 0.382607 0.391363 0.396572 0.399241 0.400724 0.402302 0.404746 0.408003 0.411135 0.412634 0.411090 0.406067 0.398802 0.392164 0.450341 0.596832 0.618096 0.361528 0.341791 0.449003 0.432277 0.375344 0.325126 0.297203 0.289093 0.291838 0.297077 0.299899 0.298923 0.295061 0.290057 0.285394 0.281782 0.279145 0.276919 0.274441 0.271274 0.267368 0.263039 0.258834 0.255313 0.252862 0.251570 0.251209 0.251307 0.251292 0.250658 0.249102 0.246613 0.243464 0.240138 0.237187 0.235084 0.234077 0.234124 0.234888 0.235828 0.236347 0.235966 0.234473 0.232003 0.229013 0.226158 0.224075 0.223157 0.223376 0.224238 0.224933 0.224656 0.223033 0.220493 0.218357 0.218446 0.222106 0.228786 0.234710 0.232652 0.214219 0.176101 0.130727 0.119004 0.216465
0.214770 0.292243 0.282742 0.247783 0.223192 0.212088 0.211227 0.214577 0.217599 0.218480 0.217585 0.216285 0.215899 0.217088 0.219733 0.223157 0.226496 0.229047 0.230477 0.230871 0.230631 0.230291 0.230330 0.231019 0.232371 0.234164 0.236045 0.237661 0.238782 0.239372 0.239602 0.239786 0.240276 0.241338 0.243053 0.245266 0.247618 0.249645 0.250925 0.251239 0.250690 0.249735 0.249102 0.249600 0.251852 0.256030 0.261676 0.267715 0.272711 0.275365 0.275147 0.272874 0.270933 0.272852 0.282017 0.299567 0.321990 0.339500 0.336957 0.299492 0.224637 0.179177 0.189685 0.315908 0.341095 0.052129 0.046839 0.156259 0.321361 0.495477 0.518551 0.464952 0.401284 0.364312 0.361472 0.381838 0.408604 0.428215 0.434555 0.428837 0.416861 0.405452 0.399503 0.400411 0.406036 0.411868 0.412799 0.404862 0.386455 0.358753 0.325318 0.291076 0.261027 0.239021 0.226937 0.224423 0.229237 0.238039 0.247395 0.254720 0.258870 0.260263 0.260472 0.261449 0.264623 0.270180 0.276811 0.282084 0.283409 0.279330 0.270687 0.261116 0.256395 0.262464 0.282416 0.313364 0.344676 0.359320 0.339775 0.278692 0.192084 0.173335 0.190151 0.395666 0.823285 0.963436 0.982090 0.341796 0.336807 0.622986 0.590317 0.430928 0.327532 0.261204 0.251454 0.276931 0.310666 0.328603 0.330636 0.325231 0.317162 0.310279 0.306360 0.305176 0.305257 0.304843 0.302661 0.298303 0.292223 0.285432 0.279080 0.274056 0.270748 0.268992 0.268192 0.267560 0.266371 0.264164 0.260836 0.256613 0.251921 0.247230 0.242916 0.239216 0.236285 0.234361 0.233946 0.235960 0.241731 0.252787 0.270412 0.295056 0.325726 0.359592 0.392048 0.417397 0.430245 0.427402 0.409849 0.384061 0.361762 0.357307 0.382291 0.437958 0.507449 0.551868 0.515973 0.350233 0.233434 0.330083 0.347128 0.363034 0.343085 0.460384 0.442636 0.380873 0.326325 0.296138 0.287699 0.291234 0.297544 0.301180 0.300566 0.296680 0.291448 0.286541 0.282788 0.280140 0.277988 0.275591 0.272437 0.268429 0.263890 0.259408 0.255616 0.252973 0.251627 0.251372 0.251723 0.252062 0.251811 0.250598 0.248349 0.245305 0.241946 0.238856 0.236554 0.235351 0.235251 0.235946 0.236893 0.237462 0.237122 0.235600 0.232987 0.229725 0.226496 0.224007 0.222750 0.222801 0.223747 0.224798 0.225090 0.224109 0.222082 0.220127 0.219933 0.222861 0.228584 0.233743 0.231624 0.214223 0.178163 0.135019 0.123859 0.217658
0.213622 0.186789 0.186847 0.199323 0.217043 0.227652 0.229848 0.225954 0.219538 0.213761 0.210554 0.210473 0.213000 0.217024 0.221334 0.224974 0.227433 0.228662 0.228971 0.228852 0.228804 0.229193 0.230173 0.231684 0.233506 0.235346 0.236933 0.238104 0.238837 0.239256 0.239587 0.240086 0.240966 0.242325 0.244116 0.246152 0.248149 0.249810 0.250910 0.251381 0.251356 0.251162 0.251260 0.252127 0.254121 0.257352 0.261606 0.266359 0.270905 0.274577 0.277024 0.278455 0.279731 0.282202 0.287215 0.295321 0.305380 0.313974 0.315742 0.305387 0.281919 0.278645 0.290363 0.316825 0.336279 0.058580 0.054136 0.113287 0.297832 0.560971 0.598843 0.518131 0.417299 0.352959 0.339079 0.361887 0.397645 0.426103 0.437099 0.430995 0.415172 0.399130 0.390219 0.391191 0.399859 0.410491 0.416127 0.410991 0.392262 0.360794 0.320741 0.278297 0.239999 0.211079 0.194293 0.189495 0.193997 0.203569 0.213756 0.221138 0.224173 0.223402 0.220965 0.219597 0.221413 0.226916 0.234590 0.241314 0.243577 0.239164 0.228732 0.216551 0.209768 0.215934 0.239138 0.275912 0.312833 0.328136 0.299276 0.216738 0.101280 0.088700 0.101090 0.361726 0.920063 1.000000 1.000000 0.283573 0.283915 0.823823 0.767287 0.490567 0.289353 0.172191 0.155484 0.198163 0.254247 0.287676 0.295545 0.288824 0.276117 0.264679 0.258186 0.256726 0.258099 0.259475 0.258736 0.255136 0.249286 0.242630 0.236753 0.232761 0.230945 0.230780 0.231222 0.231138 0.229728 0.226791 0.222747 0.218428 0.214721 0.212186 0.210804 0.209967 0.208743 0.206381 0.202900 0.199557 0.198990 0.204858 0.220938 0.249810 0.291425 0.342030 0.393954 0.436689 0.459430 0.454788 0.422850 0.374133 0.329671 0.316510 0.357708 0.457775 0.587361 0.674773 0.615651 0.314038 0.056173 0.103861 0.114922 0.364956 0.344343 0.462811 0.445172 0.382847 0.327564 0.296828 0.288160 0.291741 0.298238 0.302064 0.301560 0.297684 0.292400 0.287437 0.283679 0.281101 0.279084 0.276842 0.273807 0.269827 0.265194 0.260495 0.256397 0.253420 0.251783 0.251351 0.251686 0.252185 0.252250 0.251458 0.249663 0.247025 0.243958 0.241006 0.238679 0.237313 0.236966 0.237393 0.238110 0.238524 0.238111 0.236570 0.233937 0.230597 0.227182 0.224394 0.222765 0.222462 0.223194 0.224278 0.224899 0.224490 0.223100 0.221575 0.221322 0.223557 0.228104 0.232179 0.230018 0.214616 0.182897 0.144906 0.135149 0.218642
0.212416 0.136889 0.142712 0.178508 0.214334 0.233927 0.237135 0.230063 0.219781 0.211489 0.207644 0.208334 0.212188 0.217340 0.222157 0.225634 0.227474 0.227954 0.227673 0.227295 0.227340 0.228079 0.229512 0.231430 0.233514 0.235442 0.236984 0.238049 0.238696 0.239099 0.239491 0.240095 0.241067 0.242458 0.244201 0.246140 0.248065 0.249770 0.251109 0.252037 0.252625 0.253059 0.253598 0.254528 0.256101 0.258480 0.261701 0.265659 0.270119 0.274754 0.279201 0.283126 0.286289 0.288614 0.290233 0.291537 0.293175 0.296006 0.300914 0.308408 0.317932 0.334940 0.342869 0.317378 0.333515 0.031195 0.029397 0.047087 0.270300 0.636003 0.693276 0.582367 0.437255 0.338351 0.309006 0.333756 0.381488 0.423731 0.444352 0.441169 0.422110 0.399143 0.382628 0.377751 0.383565 0.394282 0.401912 0.399207 0.381973 0.350207 0.307894 0.261698 0.219030 0.186082 0.166354 0.160024 0.164256 0.174288 0.184962 0.192224 0.194182 0.191426 0.186523 0.182867 0.183229 0.188520 0.197215 0.205729 0.209781 0.206354 0.195618 0.181941 0.173218 0.178159 0.201867 0.241024 0.280900 0.296899 0.262988 0.167506 0.033230 0.023217 0.028197 0.319269 0.959114 1.000000 1.000000 0.232460 0.237729 0.943624 0.873570 0.536975 0.264641 0.118225 0.096918 0.145867 0.209868 0.251657 0.264396 0.257113 0.240911 0.225555 0.216351 0.213947 0.215881 0.218676 0.219566 0.217395 0.212650 0.206869 0.201796 0.198636 0.197649 0.198175 0.198992 0.198856 0.197013 0.193481 0.189034 0.184882 0.182168 0.181454 0.182401 0.183784 0.183890 0.181252 0.175493 0.168030 0.162330 0.163482 0.177026 0.207190 0.254915 0.316294 0.382093 0.438961 0.472565 0.472359 0.436910 0.378002 0.321161 0.300377 0.345728 0.464955 0.623696 0.733948 0.665189 0.295217 0.000000 0.000000 0.000000 0.367204 0.345067 0.452849 0.436782 0.379573 0.328421 0.299572 0.290997 0.293822 0.299477 0.302755 0.302044 0.298179 0.292974 0.288067 0.284328 0.281773 0.279831 0.277741 0.274910 0.271126 0.266602 0.261858 0.257533 0.254174 0.252073 0.251201 0.251234 0.251655 0.251908 0.251545 0.250342 0.248342 0.245827 0.243228 0.240994 0.239458 0.238740 0.238705 0.238995 0.239130 0.238642 0.237222 0.234825 0.231703 0.228354 0.225379 0.223304 0.222393 0.222544 0.223305 0.224036 0.224195 0.223635 0.222795 0.222585 0.223892 0.226708 0.229196 0.227320 0.216002 0.192843 0.164965 0.157658 0.219335
0.211469 0.153098 0.159577 0.189646 0.215658 0.229732 0.231770 0.226262 0.218453 0.212239 0.209493 0.210299 0.213612 0.217978 0.222088 0.225107 0.226756 0.227225 0.226993 0.226623 0.226590 0.227178 0.228442 0.230245 0.232324 0.234381 0.236165 0.237526 0.238444 0.239022 0.239444 0.239930 0.240678 0.241816 0.243378 0.245294 0.247412 0.249532 0.251453 0.253027 0.254198 0.255022 0.255677 0.256433 0.257609 0.259511 0.262354 0.266204 0.270918 0.276137 0.281310 0.285778 0.288925 0.290364 0.290161 0.289021 0.288365 0.290177 0.296498 0.308431 0.324660 0.335290 0.335321 0.317734 0.333816 0.000000 0.000000 0.000000 0.243179 0.708279 0.786430 0.647093 0.457648 0.322511 0.275856 0.302004 0.363163 0.422309 0.456217 0.458732 0.437127 0.405242 0.376619 0.359732 0.356149 0.361389 0.367552 0.366547 0.352863 0.325147 0.286347 0.242568 0.201147 0.168551 0.148711 0.142191 0.146362 0.156448 0.167091 0.173974 0.175009 0.170769 0.164035 0.158603 0.157736 0.162757 0.172320 0.182695 0.189120 0.187884 0.178455 0.164741 0.154625 0.157311 0.178777 0.216620 0.256605 0.273808 0.240933 0.144524 0.006048 0.000000 0.000000 0.280586 0.934890 0.988726 0.994018 0.204212 0.213506 0.942336 0.873134 0.557806 0.265407 0.122233 0.100131 0.141029 0.193975 0.232666 0.246561 0.238749 0.220706 0.202949 0.191549 0.187699 0.189173 0.192445 0.194493 0.193817 0.190563 0.186001 0.181712 0.178852 0.177726 0.177780 0.177936 0.177109 0.174692 0.170829 0.166387 0.162620 0.160661 0.160989 0.163108 0.165565 0.166370 0.163768 0.157144 0.147795 0.139253 0.136915 0.146885 0.174174 0.220630 0.283206 0.353272 0.417597 0.461296 0.472509 0.447808 0.396589 0.342129 0.317027 0.351605 0.456117 0.601148 0.705390 0.644897 0.300672 0.041194 0.038037 0.035570 0.369500 0.344941 0.428730 0.415773 0.369981 0.328435 0.304299 0.296322 0.297645 0.301443 0.303444 0.302226 0.298378 0.293357 0.288548 0.284743 0.282031 0.279977 0.277932 0.275336 0.271917 0.267759 0.263241 0.258893 0.255229 0.252598 0.251101 0.250579 0.250673 0.250926 0.250912 0.250331 0.249081 0.247265 0.245143 0.243055 0.241309 0.240101 0.239447 0.239181 0.238991 0.238512 0.237430 0.235579 0.233007 0.229980 0.226926 0.224319 0.222544 0.221777 0.221919 0.222625 0.223431 0.223936 0.223989 0.223766 0.223654 0.223914 0.224185 0.223138 0.218707 0.209510 0.197877 0.194131 0.219717
0.210986 0.225697 0.227855 0.226896 0.220316 0.217165 0.216385 0.216367 0.216158 0.215661 0.215303 0.215597 0.216811 0.218856 0.221342 0.223756 0.225646 0.226765 0.227125 0.226970 0.226681 0.226654 0.227184 0.228395 0.230214 0.232408 0.234653 0.236633 0.238123 0.239048 0.239503 0.239724 0.240023 0.240706 0.241986 0.243922 0.246399 0.249148 0.251819 0.254078 0.255704 0.256675 0.257201 0.257690 0.258655 0.260577 0.263740 0.268107 0.273269 0.278509 0.282985 0.286002 0.287316 0.287334 0.287114 0.288047 0.291234 0.296695 0.302774 0.306320 0.304305 0.286329 0.276577 0.318153 0.337256 0.000000 0.000000 0.000000 0.222454 0.762027 0.857853 0.697980 0.473872 0.308926 0.247173 0.274142 0.347399 0.422807 0.470416 0.479539 0.455790 0.413978 0.370420 0.337135 0.319038 0.314096 0.315613 0.315455 0.307073 0.287494 0.257892 0.222830 0.188571 0.161074 0.144273 0.139106 0.143489 0.153179 0.163211 0.169460 0.169861 0.164920 0.157373 0.151077 0.149506 0.154306 0.164466 0.176456 0.185434 0.187254 0.180620 0.168519 0.158058 0.158178 0.175425 0.208926 0.246707 0.266165 0.241282 0.157518 0.031824 0.011816 0.002548 0.261720 0.858802 0.952364 0.979611 0.212595 0.225051 0.806865 0.753186 0.543098 0.299689 0.196116 0.177635 0.196556 0.219926 0.241651 0.249920 0.240363 0.222285 0.204497 0.192296 0.186955 0.186800 0.188900 0.190575 0.190287 0.187841 0.184025 0.180001 0.176707 0.174497 0.173082 0.171761 0.169799 0.166794 0.162899 0.158805 0.155494 0.153836 0.154174 0.156058 0.158239 0.159003 0.156777 0.150885 0.142210 0.133537 0.129341 0.134951 0.155142 0.192445 0.245618 0.308830 0.372096 0.423235 0.451288 0.450713 0.425130 0.388874 0.364575 0.375514 0.433077 0.522166 0.590990 0.555373 0.330075 0.231682 0.235944 0.228989 0.371442 0.343989 0.390474 0.381964 0.353730 0.327218 0.310672 0.303903 0.303095 0.304128 0.304215 0.302259 0.298482 0.293772 0.289091 0.285089 0.281964 0.279513 0.277306 0.274892 0.271957 0.268424 0.264452 0.260378 0.256611 0.253514 0.251316 0.250059 0.249593 0.249625 0.249789 0.249738 0.249219 0.248125 0.246514 0.244575 0.242581 0.240802 0.239435 0.238545 0.238035 0.237669 0.237126 0.236089 0.234341 0.231850 0.228808 0.225618 0.222813 0.220918 0.220286 0.220951 0.222543 0.224327 0.225387 0.224949 0.222787 0.219573 0.216984 0.217348 0.222631 0.232711 0.243250 0.244064 0.219834
0.211005 0.326508 0.320957 0.275409 0.226457 0.201185 0.197026 0.204261 0.213838 0.220532 0.223004 0.222422 0.220822 0.219898 0.220425 0.222256 0.224661 0.226780 0.227999 0.228145 0.227486 0.226583 0.226060 0.226394 0.227769 0.230040 0.232800 0.235520 0.237716 0.239093 0.239631 0.239582 0.239395 0.239579 0.240549 0.242499 0.245335 0.248697 0.252056 0.254879 0.256803 0.257775 0.258105 0.258410 0.259433 0.261795 0.265734 0.270928 0.276494 0.281209 0.283945 0.284222 0.282668 0.281146 0.282281 0.288275 0.299162 0.311122 0.316004 0.303722 0.269183 0.213324 0.194966 0.318906 0.342894 0.000000 0.000000 0.000000 0.214437 0.781276 0.886346 0.720010 0.481302 0.301945 0.231933 0.259030 0.339485 0.425491 0.482645 0.496474 0.470453 0.419277 0.360975 0.310497 0.276109 0.258760 0.253769 0.253742 0.251593 0.242793 0.226391 0.204734 0.182227 0.163628 0.152444 0.149895 0.154681 0.163553 0.172468 0.177935 0.178136 0.173473 0.166371 0.160377 0.158830 0.163539 0.173918 0.186964 0.198213 0.203464 0.200779 0.191956 0.182705 0.180965 0.193405 0.220987 0.255365 0.278555 0.268246 0.209839 0.113425 0.085920 0.075269 0.278578 0.756630 0.913187 0.969065 0.265960 0.281097 0.557512 0.530254 0.488526 0.369147 0.336483 0.325550 0.313062 0.294240 0.285589 0.278942 0.264963 0.248365 0.233464 0.222710 0.216460 0.213553 0.212202 0.210784 0.208325 0.204614 0.200027 0.195201 0.190703 0.186821 0.183498 0.180438 0.177287 0.173835 0.170137 0.166533 0.163530 0.161593 0.160925 0.161293 0.162004 0.162045 0.160406 0.156502 0.150603 0.144125 0.139664 0.140675 0.150794 0.172898 0.208086 0.254863 0.308831 0.363121 0.409681 0.441278 0.453788 0.448081 0.430611 0.411913 0.402636 0.407639 0.420076 0.419003 0.375497 0.503036 0.530277 0.522279 0.372637 0.342609 0.339910 0.336740 0.331299 0.324572 0.318205 0.313249 0.309815 0.307329 0.304989 0.302160 0.298584 0.294383 0.289928 0.285648 0.281867 0.278704 0.276060 0.273680 0.271256 0.268537 0.265411 0.261945 0.258361 0.254978 0.252125 0.250047 0.248840 0.248417 0.248526 0.248809 0.248883 0.248436 0.247302 0.245507 0.243260 0.240898 0.238801 0.237273 0.236451 0.236243 0.236328 0.236229 0.235444 0.233613 0.230668 0.226930 0.223092 0.220062 0.218686 0.219402 0.221923 0.225108 0.227155 0.226217 0.221407 0.213954 0.207994 0.210189 0.227220 0.260353 0.297235 0.303319 0.219778
0.211392 0.416469 0.402464 0.315364 0.231584 0.188268 0.181510 0.194843 0.212518 0.225093 0.229811 0.228418 0.224439 0.221055 0.220000 0.221416 0.224324 0.227338 0.229304 0.229693 0.228675 0.226949 0.225423 0.224882 0.225743 0.227955 0.231059 0.234362 0.237167 0.238993 0.239707 0.239555 0.239072 0.238911 0.239634 0.241538 0.244553 0.248261 0.252019 0.255169 0.257266 0.258260 0.258555 0.258922 0.260251 0.263213 0.267930 0.273777 0.279440 0.283292 0.284056 0.281570 0.277376 0.274719 0.277621 0.288893 0.307406 0.325654 0.329490 0.302603 0.238269 0.153181 0.130504 0.320180 0.349009 0.000000 0.000000 0.000000 0.224071 0.754145 0.855702 0.701596 0.476630 0.305665 0.238115 0.264376 0.343632 0.429569 0.487424 0.501086 0.472126 0.414025 0.344864 0.280985 0.233008 0.204552 0.193221 0.192961 0.196795 0.199111 0.196991 0.190422 0.181595 0.173641 0.169306 0.169945 0.175119 0.182841 0.190338 0.195067 0.195626 0.192282 0.186924 0.182441 0.181707 0.186483 0.196628 0.209935 0.222743 0.231259 0.233193 0.229137 0.223035 0.221226 0.229961 0.251941 0.283125 0.311647 0.320791 0.297134 0.242976 0.213353 0.207744 0.342116 0.661872 0.878451 0.959590 0.364643 0.382336 0.245891 0.248931 0.398238 0.468029 0.523898 0.522843 0.477265 0.413928 0.365215 0.333442 0.311181 0.296841 0.287709 0.281124 0.275119 0.268593 0.261201 0.253097 0.244679 0.236382 0.228559 0.221427 0.215074 0.209487 0.204581 0.200233 0.196307 0.192680 0.189262 0.186013 0.182955 0.180168 0.177755 0.175804 0.174319 0.173168 0.172070 0.170632 0.168474 0.165438 0.161845 0.158752 0.158113 0.162743 0.175979 0.200992 0.239773 0.291929 0.353589 0.416815 0.470027 0.499894 0.494926 0.450543 0.374640 0.291699 0.242376 0.274748 0.423457 0.775481 0.828373 0.823377 0.372888 0.341463 0.280681 0.283133 0.304097 0.320589 0.326338 0.323681 0.317264 0.310691 0.305551 0.301801 0.298630 0.295230 0.291219 0.286712 0.282146 0.278016 0.274647 0.272077 0.270072 0.268234 0.266162 0.263596 0.260504 0.257090 0.253731 0.250850 0.248791 0.247707 0.247506 0.247867 0.248323 0.248383 0.247671 0.246033 0.243592 0.240722 0.237950 0.235802 0.234640 0.234522 0.235146 0.235905 0.236038 0.234879 0.232113 0.227978 0.223307 0.219365 0.217458 0.218387 0.221914 0.226462 0.229330 0.227601 0.219768 0.207705 0.198142 0.202256 0.231590 0.288795 0.353135 0.364748 0.219665
0.211898 0.457310 0.437039 0.327989 0.233313 0.184441 0.177058 0.192545 0.212990 0.227573 0.233057 0.231378 0.226560 0.222294 0.220660 0.221914 0.225000 0.228341 0.230582 0.231039 0.229823 0.227665 0.225574 0.224463 0.224868 0.226820 0.229883 0.233337 0.236421 0.238572 0.239579 0.239632 0.239239 0.239058 0.239678 0.241436 0.244305 0.247903 0.251614 0.254798 0.257024 0.258246 0.258869 0.259644 0.261419 0.264789 0.269765 0.275590 0.280835 0.283822 0.283352 0.279511 0.274261 0.271364 0.275285 0.288940 0.310680 0.331668 0.335745 0.304621 0.231125 0.142751 0.122289 0.322004 0.353611 0.032142 0.031720 0.031832 0.253145 0.677139 0.760524 0.638740 0.459102 0.322547 0.269893 0.293923 0.361231 0.433037 0.479469 0.485983 0.453150 0.392296 0.319549 0.250387 0.195900 0.161224 0.145888 0.145476 0.153815 0.165014 0.174877 0.181481 0.184969 0.186801 0.188795 0.192275 0.197566 0.203946 0.210004 0.214260 0.215797 0.214715 0.212213 0.210276 0.211038 0.216014 0.225462 0.238121 0.251484 0.262608 0.269271 0.271095 0.270203 0.270969 0.278670 0.297235 0.326754 0.361887 0.392511 0.407622 0.402470 0.381444 0.387499 0.453763 0.606520 0.850488 0.942902 0.499839 0.519856 0.000000 0.000000 0.286368 0.583830 0.726072 0.734782 0.663583 0.565648 0.473865 0.408303 0.373542 0.361177 0.359842 0.359891 0.355539 0.344956 0.329196 0.310725 0.292142 0.275375 0.261386 0.250286 0.241649 0.234864 0.229378 0.224800 0.220881 0.217420 0.214186 0.210903 0.207303 0.203248 0.198836 0.194451 0.190691 0.188176 0.187264 0.187779 0.188863 0.189063 0.186745 0.180779 0.171397 0.160939 0.154185 0.157898 0.179385 0.224066 0.292441 0.377282 0.462266 0.523472 0.534982 0.478931 0.358740 0.211672 0.113761 0.167172 0.458919 0.961327 1.000000 1.000000 0.372352 0.341265 0.218241 0.225907 0.274545 0.315698 0.334464 0.334351 0.324759 0.313783 0.305641 0.300992 0.298460 0.296206 0.292971 0.288451 0.283147 0.277936 0.273621 0.270615 0.268836 0.267799 0.266836 0.265348 0.263002 0.259824 0.256170 0.252596 0.249668 0.247785 0.247049 0.247231 0.247838 0.248249 0.247904 0.246473 0.243965 0.240739 0.237413 0.234684 0.233104 0.232884 0.233777 0.235106 0.235930 0.235348 0.232843 0.228568 0.223449 0.219014 0.216916 0.218227 0.222712 0.228395 0.231785 0.229052 0.218189 0.201704 0.188698 0.194417 0.234783 0.313691 0.402876 0.419716 0.219592
0.212263 0.424262 0.402237 0.301983 0.230180 0.193219 0.187827 0.199817 0.215545 0.226781 0.231087 0.229972 0.226530 0.223585 0.222704 0.224043 0.226742 0.229542 0.231364 0.231666 0.230545 0.228599 0.226664 0.225514 0.225632 0.227098 0.229610 0.232612 0.235486 0.237739 0.239139 0.239757 0.239932 0.240141 0.240844 0.242342 0.244680 0.247641 0.250821 0.253773 0.256176 0.257962 0.259375 0.260905 0.263113 0.266387 0.270706 0.275504 0.279739 0.282198 0.282024 0.279318 0.275570 0.273623 0.276891 0.287710 0.305114 0.322854 0.329188 0.310504 0.260842 0.205560 0.194433 0.324213 0.355084 0.246343 0.244200 0.236623 0.298992 0.558189 0.610421 0.538020 0.431261 0.352123 0.325259 0.345130 0.389537 0.432841 0.455281 0.447365 0.409978 0.351650 0.284605 0.220958 0.169925 0.136430 0.121052 0.120965 0.131400 0.147164 0.163852 0.178557 0.190030 0.198388 0.204566 0.209696 0.214622 0.219640 0.224520 0.228739 0.231823 0.233674 0.234747 0.236018 0.238727 0.243983 0.252341 0.263508 0.276321 0.289048 0.299988 0.308234 0.314347 0.320668 0.331018 0.349710 0.379961 0.422176 0.472724 0.524031 0.566569 0.567365 0.590122 0.602459 0.611559 0.828140 0.910269 0.654327 0.675565 0.000000 0.000000 0.176376 0.699573 0.904502 0.920093 0.838798 0.727106 0.597815 0.494260 0.443677 0.431824 0.438594 0.446532 0.444947 0.430397 0.404934 0.373477 0.341395 0.312861 0.290137 0.273654 0.262546 0.255348 0.250575 0.247058 0.244027 0.241024 0.237740 0.233912 0.229316 0.223865 0.217747 0.211513 0.206036 0.202282 0.200947 0.202027 0.204519 0.206394 0.205002 0.197912 0.184085 0.165061 0.145735 0.134230 0.140466 0.173327 0.236764 0.325785 0.423855 0.503623 0.532773 0.485826 0.360736 0.195824 0.078433 0.132507 0.470194 0.992972 1.000000 1.000000 0.371606 0.342513 0.159733 0.171545 0.246081 0.310651 0.341893 0.344229 0.331519 0.316192 0.305085 0.299619 0.297906 0.297086 0.294978 0.290779 0.284971 0.278763 0.273429 0.269795 0.268001 0.267554 0.267584 0.267183 0.265711 0.262977 0.259256 0.255169 0.251458 0.248743 0.247335 0.247140 0.247695 0.248312 0.248293 0.247142 0.244732 0.241352 0.237638 0.234385 0.232288 0.231703 0.232477 0.233949 0.235110 0.234931 0.232757 0.228659 0.223581 0.219173 0.217266 0.219069 0.224313 0.230720 0.234246 0.230431 0.216953 0.196837 0.180971 0.187648 0.236071 0.331111 0.438978 0.460147 0.219605
0.212326 0.316037 0.297696 0.238413 0.222257 0.214051 0.213069 0.216025 0.219801 0.222584 0.223930 0.224281 0.224392 0.224870 0.225961 0.227535 0.229222 0.230590 0.231318 0.231292 0.230626 0.229612 0.228631 0.228044 0.228103 0.228905 0.230380 0.232328 0.234480 0.236569 0.238397 0.239873 0.241025 0.241984 0.242939 0.244082 0.245562 0.247447 0.249713 0.252261 0.254950 0.257647 0.260266 0.262793 0.265279 0.267813 0.270463 0.273218 0.275952 0.278430 0.280371 0.281572 0.282060 0.282230 0.282884 0.285114 0.289976 0.297981 0.308537 0.319635 0.328149 0.341013 0.344838 0.326469 0.352803 0.522668 0.520005 0.489905 0.354150 0.417220 0.430918 0.417194 0.398866 0.390227 0.394903 0.408205 0.421315 0.425393 0.414505 0.386960 0.345222 0.294778 0.242524 0.195134 0.157775 0.133361 0.122397 0.123309 0.133109 0.148199 0.165126 0.181154 0.194581 0.204782 0.212023 0.217137 0.221152 0.224963 0.229124 0.233789 0.238792 0.243825 0.248656 0.253301 0.258100 0.263666 0.270709 0.279788 0.291076 0.304238 0.318503 0.332980 0.347184 0.361656 0.378460 0.401273 0.434805 0.483359 0.548589 0.626869 0.707193 0.740761 0.782081 0.764507 0.679810 0.809591 0.858495 0.805091 0.824771 0.000000 0.000000 0.097685 0.797235 1.000000 1.000000 0.968969 0.870685 0.718222 0.579547 0.512134 0.498315 0.511108 0.526052 0.527424 0.509528 0.474718 0.429961 0.383389 0.341742 0.309054 0.286475 0.272893 0.265916 0.262835 0.261327 0.259790 0.257364 0.253745 0.248949 0.243130 0.236518 0.229453 0.222456 0.216238 0.211591 0.209127 0.208937 0.210281 0.211475 0.210123 0.203763 0.190876 0.172019 0.150737 0.133756 0.130078 0.148728 0.195354 0.268407 0.356200 0.436600 0.481141 0.464639 0.379680 0.252483 0.152710 0.185717 0.453242 0.847871 0.863349 0.880521 0.371538 0.345261 0.113579 0.127918 0.222966 0.306416 0.347810 0.352100 0.336698 0.317614 0.303932 0.297790 0.296926 0.297615 0.296840 0.293288 0.287338 0.280424 0.274207 0.269898 0.267887 0.267747 0.268497 0.269003 0.268363 0.266167 0.262571 0.258196 0.253890 0.250446 0.248361 0.247693 0.248056 0.248757 0.249012 0.248191 0.246026 0.242695 0.238782 0.235099 0.232427 0.231241 0.231519 0.232696 0.233810 0.233820 0.232016 0.228391 0.223823 0.219929 0.218531 0.220827 0.226489 0.233090 0.236340 0.231522 0.216218 0.193765 0.176010 0.182846 0.235225 0.338618 0.456478 0.480524 0.219680
0.212101 0.158535 0.148408 0.152277 0.211365 0.241875 0.246631 0.237189 0.224721 0.216097 0.213524 0.215959 0.220939 0.226052 0.229753 0.231547 0.231761 0.231122 0.230367 0.229977 0.230092 0.230579 0.231170 0.231627 0.231854 0.231933 0.232087 0.232589 0.233650 0.235335 0.237527 0.239951 0.242260 0.244141 0.245431 0.246177 0.246645 0.247255 0.248450 0.250556 0.253640 0.257458 0.261484 0.265054 0.267595 0.268864 0.269134 0.269210 0.270237 0.273273 0.278727 0.285838 0.292473 0.295533 0.292183 0.281855 0.268541 0.262278 0.278062 0.329996 0.418845 0.520067 0.540994 0.328333 0.347494 0.800334 0.798562 0.735112 0.407358 0.283443 0.259961 0.302647 0.369809 0.429133 0.463037 0.467146 0.445812 0.407391 0.360635 0.312643 0.268170 0.229836 0.198746 0.175131 0.158814 0.149418 0.146378 0.148872 0.155749 0.165566 0.176721 0.187678 0.197220 0.204650 0.209885 0.213416 0.216125 0.219028 0.222979 0.228448 0.235401 0.243349 0.251531 0.259201 0.265931 0.271826 0.277587 0.284376 0.293490 0.305963 0.322208 0.341891 0.364156 0.388248 0.414406 0.444712 0.483416 0.536174 0.607777 0.698384 0.799076 0.868683 0.926301 0.906975 0.793453 0.795341 0.794497 0.927456 0.940669 0.000000 0.000000 0.079620 0.861546 1.000000 1.000000 1.000000 0.968801 0.814463 0.652082 0.570298 0.551496 0.565632 0.584004 0.587098 0.566902 0.525249 0.470129 0.411624 0.358636 0.316945 0.288648 0.272676 0.265934 0.264580 0.265110 0.265018 0.263009 0.258841 0.252959 0.246085 0.238903 0.231897 0.225354 0.219445 0.214328 0.210172 0.207076 0.204911 0.203153 0.200825 0.196652 0.189480 0.178907 0.165981 0.153678 0.146864 0.151472 0.172816 0.213261 0.269881 0.333097 0.387497 0.415895 0.406842 0.364311 0.315860 0.312829 0.413889 0.561957 0.516267 0.536919 0.373033 0.349031 0.088611 0.103481 0.209810 0.304004 0.351263 0.356613 0.339449 0.317913 0.302516 0.295925 0.295708 0.297610 0.298041 0.295285 0.289568 0.282403 0.275675 0.270856 0.268554 0.268450 0.269554 0.270621 0.270587 0.268876 0.265525 0.261102 0.256481 0.252551 0.249937 0.248825 0.248930 0.249600 0.250029 0.249509 0.247654 0.244520 0.240591 0.236632 0.233441 0.231573 0.231136 0.231714 0.232481 0.232485 0.231034 0.228063 0.224322 0.221257 0.220522 0.223178 0.228831 0.235068 0.237682 0.232081 0.215968 0.192767 0.174361 0.180657 0.232653 0.335950 0.454199 0.479240 0.219725
0.211800 0.000000 0.000000 0.069643 0.200719 0.268098 0.278162 0.256787 0.228848 0.209476 0.203336 0.207885 0.217539 0.226996 0.233026 0.234842 0.233494 0.230865 0.228725 0.228125 0.229211 0.231400 0.233766 0.235460 0.236018 0.235496 0.234394 0.233445 0.233340 0.234483 0.236856 0.240033 0.243323 0.246005 0.247582 0.247961 0.247517 0.246990 0.247255 0.249018 0.252527 0.257407 0.262700 0.267126 0.269530 0.269396 0.267245 0.264723 0.264241 0.268116 0.277389 0.290680 0.303645 0.309674 0.302302 0.279316 0.247632 0.226732 0.247032 0.338576 0.506036 0.690050 0.725539 0.329400 0.341200 1.000000 1.000000 0.902659 0.445944 0.189263 0.139868 0.223606 0.352088 0.458795 0.510429 0.502986 0.451118 0.376811 0.300718 0.237270 0.193297 0.169091 0.160717 0.162512 0.169085 0.176500 0.182633 0.186913 0.189731 0.191814 0.193747 0.195753 0.197727 0.199431 0.200739 0.201821 0.203186 0.205569 0.209700 0.216034 0.224535 0.234606 0.245203 0.255124 0.263400 0.269683 0.274500 0.279263 0.286005 0.296869 0.313503 0.336553 0.365493 0.398957 0.435579 0.475147 0.519591 0.573156 0.641074 0.726370 0.825188 0.922273 0.989843 0.994560 0.917580 0.789916 0.736246 1.000000 1.000000 0.000000 0.000000 0.143448 0.883244 1.000000 1.000000 1.000000 1.000000 0.868294 0.701663 0.611902 0.585283 0.593999 0.609656 0.611673 0.590470 0.546605 0.487539 0.423651 0.364723 0.317600 0.285239 0.266965 0.259547 0.258600 0.259900 0.260322 0.258248 0.253492 0.246863 0.239567 0.232656 0.226665 0.221511 0.216654 0.211424 0.205386 0.198608 0.191725 0.185766 0.181785 0.180400 0.181420 0.183720 0.185480 0.184833 0.180780 0.174156 0.168276 0.168867 0.183013 0.216998 0.273352 0.347802 0.427289 0.490478 0.512101 0.471817 0.366839 0.225245 0.113896 0.131669 0.376500 0.352900 0.092629 0.105866 0.210768 0.304242 0.351254 0.356455 0.339032 0.317138 0.301430 0.294734 0.294700 0.297053 0.298092 0.295951 0.290722 0.283835 0.277167 0.272246 0.269772 0.269528 0.270600 0.271776 0.271973 0.270555 0.267479 0.263234 0.258647 0.254595 0.251736 0.250327 0.250166 0.250677 0.251096 0.250716 0.249097 0.246207 0.242423 0.238418 0.234938 0.232556 0.231467 0.231400 0.231700 0.231565 0.230383 0.228060 0.225202 0.223012 0.222871 0.225628 0.230831 0.236221 0.237957 0.231893 0.216041 0.193706 0.175990 0.181375 0.229323 0.325036 0.434897 0.458818 0.219600
0.211759 0.000000 0.000000 0.020395 0.194037 0.283004 0.296018 0.267588 0.230712 0.205315 0.197376 0.203348 0.215743 0.227563 0.234654 0.236154 0.233634 0.229730 0.226852 0.226372 0.228391 0.231996 0.235802 0.238540 0.239497 0.238697 0.236814 0.234880 0.233900 0.234513 0.236789 0.240230 0.243952 0.246995 0.248665 0.248786 0.247791 0.246610 0.246369 0.247991 0.251812 0.257365 0.263413 0.268294 0.270504 0.269379 0.265627 0.261453 0.260083 0.264640 0.276559 0.294055 0.311359 0.319604 0.309973 0.279132 0.235731 0.205078 0.227206 0.342207 0.557460 0.788976 0.831849 0.329433 0.336759 1.000000 1.000000 0.929297 0.459240 0.161700 0.105911 0.203990 0.351214 0.469116 0.519301 0.498881 0.427596 0.333869 0.243957 0.175719 0.136782 0.125904 0.136041 0.157802 0.182321 0.203094 0.216661 0.222366 0.221545 0.216505 0.209625 0.202766 0.197032 0.192851 0.190246 0.189144 0.189600 0.191868 0.196306 0.203170 0.212378 0.223365 0.235089 0.246235 0.255571 0.262390 0.266877 0.270306 0.274931 0.283568 0.298926 0.322857 0.355764 0.396416 0.442325 0.490715 0.539819 0.590040 0.644300 0.706930 0.780826 0.884074 0.952372 0.998840 1.000000 0.801209 0.708755 1.000000 0.988737 0.337259 0.313804 0.294064 0.860956 0.864632 0.847733 0.892003 0.954523 0.868010 0.721703 0.633705 0.597486 0.593254 0.598533 0.595527 0.574642 0.534678 0.480769 0.421318 0.364960 0.318291 0.284682 0.264189 0.254297 0.251120 0.250666 0.249831 0.246939 0.241774 0.235193 0.228495 0.222768 0.218410 0.214968 0.211324 0.206166 0.198596 0.188669 0.177661 0.167926 0.162311 0.163209 0.171512 0.185770 0.201946 0.214045 0.215733 0.202774 0.175740 0.142130 0.116778 0.119466 0.169072 0.274500 0.424141 0.577559 0.665186 0.603304 0.331243 0.000000 0.000000 0.000000 0.381321 0.355788 0.130471 0.139974 0.228486 0.307537 0.346963 0.350643 0.334969 0.315495 0.301374 0.295052 0.294530 0.296143 0.296709 0.294606 0.289891 0.283773 0.277847 0.273419 0.271091 0.270677 0.271396 0.272209 0.272182 0.270765 0.267913 0.264041 0.259856 0.256114 0.253387 0.251903 0.251501 0.251691 0.251822 0.251279 0.249673 0.246958 0.243440 0.239682 0.236324 0.233868 0.232508 0.232053 0.231990 0.231674 0.230614 0.228736 0.226528 0.224960 0.225122 0.227630 0.231995 0.236213 0.236985 0.230833 0.216207 0.196151 0.180399 0.184943 0.226475 0.309263 0.404123 0.424816 0.219173
0.212302 0.000000 0.000000 0.028020 0.194277 0.279085 0.291257 0.264137 0.229340 0.205749 0.198812 0.204902 0.216744 0.227671 0.233853 0.234660 0.231786 0.227886 0.225318 0.225363 0.228022 0.232289 0.236706 0.239949 0.241271 0.240676 0.238835 0.236786 0.235556 0.235817 0.237681 0.240700 0.244036 0.246771 0.248235 0.248259 0.247263 0.246148 0.246004 0.247712 0.251585 0.257140 0.263145 0.267956 0.270097 0.268925 0.265159 0.261001 0.259671 0.264289 0.276319 0.294039 0.311780 0.320767 0.312192 0.282538 0.239980 0.209034 0.228779 0.338652 0.546530 0.766676 0.806688 0.328494 0.336878 0.891786 0.893863 0.781168 0.442266 0.213164 0.174018 0.253719 0.367687 0.452838 0.479109 0.445926 0.371608 0.281656 0.199427 0.140649 0.111683 0.110634 0.130079 0.160253 0.191831 0.217805 0.234307 0.240519 0.237950 0.229417 0.218051 0.206541 0.196724 0.189512 0.185095 0.183251 0.183669 0.186163 0.190719 0.197403 0.206168 0.216663 0.228130 0.239451 0.249393 0.256976 0.261914 0.264964 0.268068 0.274178 0.286711 0.308720 0.341933 0.385928 0.437759 0.492306 0.543493 0.586279 0.619028 0.645483 0.675331 0.754338 0.813461 0.907860 1.000000 0.837148 0.735341 0.953107 0.906459 0.675585 0.639957 0.513588 0.801156 0.682389 0.646881 0.725268 0.837915 0.811662 0.710127 0.635200 0.589468 0.566024 0.553687 0.541587 0.522173 0.492435 0.453564 0.409609 0.365732 0.326594 0.295256 0.272730 0.258155 0.249425 0.244007 0.239694 0.235118 0.229893 0.224428 0.219488 0.215683 0.213059 0.210929 0.208024 0.202938 0.194733 0.183528 0.170842 0.159510 0.153076 0.154735 0.166023 0.185654 0.208943 0.228256 0.234745 0.221300 0.186188 0.136361 0.088949 0.069357 0.104668 0.212162 0.384670 0.577275 0.703175 0.649386 0.323622 0.000000 0.000000 0.000000 0.385423 0.356855 0.201916 0.205872 0.262969 0.313692 0.338070 0.338924 0.327248 0.313281 0.302902 0.297549 0.295804 0.295274 0.293980 0.291022 0.286592 0.281580 0.277043 0.273769 0.272026 0.271552 0.271713 0.271759 0.271070 0.269333 0.266602 0.263244 0.259794 0.256783 0.254571 0.253253 0.252639 0.252328 0.251832 0.250733 0.248808 0.246105 0.242923 0.239730 0.237009 0.235102 0.234086 0.233739 0.233606 0.233167 0.232059 0.230280 0.228276 0.226854 0.226865 0.228736 0.231971 0.234872 0.234762 0.228925 0.216311 0.199624 0.186906 0.191036 0.225155 0.292146 0.368032 0.383656 0.218372
0.213562 0.016262 0.024754 0.099239 0.202339 0.254396 0.261642 0.245213 0.224714 0.211520 0.208562 0.213231 0.220855 0.227356 0.230577 0.230419 0.228202 0.225756 0.224606 0.225495 0.228287 0.232188 0.236125 0.239154 0.240745 0.240897 0.240065 0.238957 0.238274 0.238483 0.239679 0.241589 0.243689 0.245409 0.246351 0.246452 0.246039 0.245740 0.246290 0.248264 0.251828 0.256600 0.261688 0.265927 0.268277 0.268281 0.266426 0.264230 0.263923 0.267694 0.276631 0.289681 0.303106 0.311018 0.307403 0.289661 0.262888 0.243043 0.255876 0.327654 0.464149 0.607054 0.633830 0.326996 0.342996 0.548206 0.549391 0.473923 0.398578 0.334220 0.331161 0.362071 0.395380 0.408339 0.391627 0.348094 0.288446 0.226193 0.173408 0.138052 0.123008 0.126538 0.143651 0.167849 0.192778 0.213457 0.226942 0.232414 0.230823 0.224251 0.215197 0.205963 0.198234 0.192915 0.190203 0.189815 0.191280 0.194208 0.198432 0.204019 0.211135 0.219835 0.229855 0.240503 0.250714 0.259317 0.265451 0.269075 0.271373 0.274915 0.283390 0.300838 0.330437 0.373053 0.425987 0.482436 0.532274 0.564579 0.571907 0.555648 0.530773 0.554404 0.596528 0.733282 0.969750 0.900389 0.826258 0.841994 0.768083 0.921702 0.891815 0.759387 0.716163 0.494667 0.442986 0.535227 0.671497 0.708416 0.669256 0.617526 0.564788 0.519485 0.485255 0.461353 0.444252 0.429566 0.413625 0.394380 0.371583 0.346414 0.320807 0.296754 0.275772 0.258643 0.245431 0.235678 0.228690 0.223780 0.220398 0.218130 0.216588 0.215278 0.213513 0.210466 0.205358 0.197776 0.188005 0.177251 0.167615 0.161735 0.162075 0.169985 0.184783 0.203178 0.219405 0.226352 0.217716 0.190896 0.149893 0.107073 0.082400 0.098905 0.173851 0.306594 0.466478 0.587061 0.575868 0.350134 0.016803 0.000000 0.000000 0.385185 0.355883 0.299959 0.297079 0.310695 0.321833 0.325121 0.322179 0.316511 0.310801 0.306144 0.302389 0.298850 0.294933 0.290459 0.285684 0.281133 0.277336 0.274628 0.273035 0.272289 0.271928 0.271455 0.270473 0.268798 0.266476 0.263753 0.260979 0.258493 0.256524 0.255125 0.254162 0.253359 0.252385 0.250959 0.248936 0.246363 0.243478 0.240651 0.238277 0.236659 0.235904 0.235869 0.236184 0.236354 0.235921 0.234639 0.232614 0.230327 0.228512 0.227881 0.228743 0.230647 0.232230 0.231450 0.226362 0.216403 0.203881 0.194987 0.199202 0.225733 0.275790 0.330815 0.340040 0.217238
0.215331 0.224482 0.223690 0.217118 0.216215 0.214745 0.214224 0.215380 0.218014 0.221323 0.224360 0.226408 0.227177 0.226810 0.225760 0.224610 0.223891 0.223956 0.224925 0.226701 0.229029 0.231588 0.234073 0.236258 0.238027 0.239370 0.240355 0.241087 0.241666 0.242159 0.242592 0.242960 0.243250 0.243471 0.243682 0.243999 0.244585 0.245619 0.247248 0.249542 0.252454 0.255807 0.259319 0.262659 0.265530 0.267767 0.269407 0.270715 0.272148 0.274230 0.277376 0.281700 0.286872 0.292122 0.296445 0.299041 0.299907 0.300364 0.303152 0.311564 0.327175 0.343722 0.350380 0.325668 0.354288 0.093007 0.093060 0.081923 0.341077 0.491240 0.532333 0.495844 0.421654 0.341416 0.273464 0.224391 0.193234 0.175698 0.167131 0.164031 0.164339 0.167057 0.171656 0.177605 0.184170 0.190467 0.195672 0.199256 0.201128 0.201647 0.201480 0.201380 0.201965 0.203542 0.206074 0.209253 0.212680 0.216073 0.219435 0.223098 0.227643 0.233670 0.241516 0.250995 0.261287 0.271060 0.278855 0.283697 0.285757 0.286859 0.290548 0.301505 0.324210 0.361007 0.410019 0.463683 0.508882 0.529615 0.512710 0.456101 0.377555 0.325399 0.347371 0.512206 0.832386 0.982874 0.968503 0.697272 0.602004 1.000000 0.999396 0.968753 0.620647 0.342187 0.280863 0.362393 0.488985 0.577432 0.604821 0.582083 0.527341 0.463201 0.408233 0.372769 0.358467 0.360409 0.370317 0.379699 0.382172 0.374618 0.357233 0.332745 0.305207 0.278753 0.256617 0.240580 0.230874 0.226469 0.225579 0.226229 0.226734 0.225990 0.223553 0.219534 0.214392 0.208698 0.202964 0.197566 0.192771 0.188814 0.185963 0.184506 0.184626 0.186182 0.188486 0.190216 0.189604 0.185008 0.175831 0.163581 0.152646 0.150198 0.164642 0.202296 0.262671 0.333829 0.390743 0.400918 0.365235 0.332005 0.285522 0.375882 0.353459 0.410181 0.399949 0.364356 0.330500 0.309800 0.302678 0.304171 0.308301 0.310592 0.308953 0.303456 0.295543 0.287134 0.279893 0.274812 0.272094 0.271287 0.271557 0.271992 0.271859 0.270760 0.268671 0.265877 0.262841 0.260042 0.257840 0.256377 0.255560 0.255091 0.254567 0.253592 0.251894 0.249400 0.246271 0.242870 0.239677 0.237171 0.235705 0.235402 0.236111 0.237419 0.238750 0.239504 0.239233 0.237776 0.235343 0.232476 0.229895 0.228242 0.227791 0.228211 0.228524 0.227352 0.223501 0.216826 0.209118 0.204544 0.208988 0.227555 0.259754 0.292743 0.294948 0.215951
0.217016 0.448582 0.436417 0.341284 0.230999 0.173551 0.165137 0.184799 0.211500 0.231775 0.240784 0.239948 0.233631 0.226366 0.221238 0.219409 0.220465 0.223144 0.226092 0.228382 0.229727 0.230403 0.230997 0.232090 0.234015 0.236733 0.239859 0.242806 0.244990 0.246025 0.245844 0.244725 0.243205 0.241919 0.241416 0.242002 0.243659 0.246077 0.248774 0.251290 0.253371 0.255093 0.256864 0.259278 0.262845 0.267690 0.273312 0.278553 0.281871 0.281930 0.278397 0.272694 0.268294 0.270136 0.282825 0.307646 0.339082 0.362434 0.355150 0.295192 0.179285 0.061025 0.047414 0.325381 0.367184 0.000000 0.000000 0.000000 0.289815 0.631304 0.707316 0.604602 0.429802 0.265166 0.154342 0.106552 0.108814 0.138993 0.175778 0.204281 0.217643 0.215882 0.203376 0.186157 0.169775 0.158067 0.152793 0.153933 0.160309 0.170255 0.182132 0.194608 0.206724 0.217815 0.227405 0.235148 0.240849 0.244562 0.246693 0.248041 0.249713 0.252882 0.258447 0.266671 0.276942 0.287781 0.297191 0.303323 0.305340 0.304200 0.303034 0.306779 0.320845 0.348897 0.390187 0.437335 0.475798 0.486376 0.451636 0.366055 0.247593 0.121148 0.126057 0.301411 0.662667 1.000000 1.000000 0.546802 0.444344 0.904787 0.931794 1.000000 0.527651 0.253503 0.192031 0.242040 0.329345 0.444091 0.524473 0.529589 0.479760 0.406429 0.338843 0.296126 0.284796 0.300460 0.331905 0.365816 0.390796 0.399893 0.391436 0.368369 0.336619 0.303072 0.273728 0.252430 0.240356 0.236268 0.237322 0.240152 0.241909 0.241001 0.237347 0.232145 0.227227 0.224238 0.223880 0.225466 0.226970 0.225593 0.218745 0.205179 0.185922 0.164628 0.147059 0.139606 0.147042 0.170042 0.203286 0.235164 0.249975 0.233113 0.178802 0.098684 0.027889 0.023694 0.150964 0.449436 0.782367 0.855362 0.799450 0.352792 0.350785 0.511948 0.494874 0.413581 0.337918 0.294937 0.284014 0.292361 0.305946 0.315068 0.315767 0.308743 0.297284 0.285238 0.275590 0.269805 0.267831 0.268539 0.270333 0.271725 0.271732 0.270037 0.266934 0.263121 0.259421 0.256522 0.254790 0.254199 0.254372 0.254709 0.254573 0.253464 0.251155 0.247756 0.243687 0.239574 0.236102 0.233843 0.233113 0.233893 0.235823 0.238281 0.240528 0.241884 0.241897 0.240452 0.237796 0.234465 0.231116 0.228318 0.226359 0.225130 0.224170 0.222867 0.220808 0.218166 0.215950 0.215921 0.219977 0.228941 0.240929 0.249868 0.245262 0.214809
0.217754 0.587439 0.567680 0.417618 0.240080 0.148610 0.135684 0.166744 0.207943 0.238218 0.250572 0.247900 0.237464 0.226409 0.219277 0.217413 0.219692 0.223811 0.227540 0.229542 0.229646 0.228628 0.227721 0.228053 0.230223 0.234117 0.238989 0.243739 0.247293 0.248943 0.248559 0.246614 0.244021 0.241836 0.240933 0.241736 0.244097 0.247372 0.250663 0.253169 0.254527 0.255016 0.255542 0.257341 0.261469 0.268225 0.276700 0.284718 0.289329 0.287890 0.279542 0.266606 0.255175 0.254139 0.272000 0.311571 0.363709 0.402954 0.389680 0.284662 0.081171 0.000000 0.000000 0.326868 0.375771 0.000000 0.000000 0.000000 0.266453 0.695275 0.778436 0.633769 0.403866 0.197376 0.070228 0.031496 0.060179 0.123227 0.189429 0.237297 0.257395 0.250704 0.224953 0.190560 0.157307 0.132273 0.119088 0.118209 0.127806 0.144847 0.166032 0.188436 0.209808 0.228612 0.243917 0.255273 0.262640 0.266382 0.267308 0.266659 0.265994 0.266922 0.270726 0.277944 0.288066 0.299486 0.309826 0.316631 0.318327 0.315171 0.309820 0.307134 0.312942 0.331765 0.363920 0.402918 0.434495 0.438767 0.396642 0.300423 0.166427 0.000000 0.000000 0.163325 0.522116 1.000000 1.000000 0.418418 0.329971 0.654736 0.709952 1.000000 0.445390 0.236358 0.185100 0.194347 0.226948 0.334052 0.436345 0.460244 0.422900 0.355744 0.290261 0.248700 0.240305 0.262192 0.303182 0.348766 0.385689 0.405138 0.404101 0.385019 0.354153 0.319340 0.287784 0.264407 0.251054 0.246632 0.247991 0.251230 0.253024 0.251614 0.247197 0.241634 0.237572 0.237264 0.241424 0.248539 0.254897 0.255468 0.245521 0.222588 0.188201 0.148743 0.114815 0.098806 0.110865 0.154056 0.220158 0.288033 0.326563 0.303573 0.200638 0.031136 0.000000 0.000000 0.000000 0.458900 1.000000 1.000000 1.000000 0.312914 0.349053 0.581880 0.559747 0.446858 0.342427 0.284131 0.270579 0.283645 0.303850 0.317965 0.320748 0.313266 0.299966 0.285902 0.274877 0.268641 0.266984 0.268374 0.270783 0.272418 0.272194 0.269883 0.265994 0.261473 0.257342 0.254381 0.252932 0.252844 0.253568 0.254340 0.254410 0.253247 0.250672 0.246902 0.242482 0.238147 0.234638 0.232524 0.232067 0.233169 0.235401 0.238110 0.240577 0.242176 0.242508 0.241456 0.239177 0.236015 0.232383 0.228662 0.225146 0.222075 0.219717 0.218457 0.218780 0.221056 0.225091 0.229563 0.231675 0.227652 0.214863 0.196129 0.185781 0.214154
0.216720 0.548267 0.530513 0.397256 0.237477 0.155860 0.144863 0.172940 0.209652 0.236374 0.247192 0.244953 0.236208 0.227199 0.221709 0.220649 0.222806 0.226057 0.228504 0.229166 0.228158 0.226429 0.225260 0.225726 0.228315 0.232782 0.238272 0.243609 0.247685 0.249787 0.249799 0.248207 0.245925 0.243999 0.243280 0.244164 0.246488 0.249610 0.252655 0.254864 0.255927 0.256174 0.256547 0.258294 0.262462 0.269317 0.277912 0.286029 0.290683 0.289199 0.280675 0.267363 0.255266 0.253179 0.269583 0.307444 0.358088 0.396907 0.385409 0.285340 0.089842 0.000000 0.000000 0.330367 0.373205 0.000000 0.000000 0.000000 0.286048 0.637607 0.687324 0.544024 0.335121 0.155473 0.051859 0.029185 0.066093 0.131337 0.196204 0.241421 0.259009 0.250594 0.223935 0.189153 0.155666 0.130304 0.116629 0.115191 0.124343 0.141228 0.162651 0.185675 0.207935 0.227702 0.243836 0.255713 0.263186 0.266609 0.266857 0.265297 0.263634 0.263618 0.266626 0.273244 0.282948 0.294063 0.304082 0.310365 0.311088 0.306200 0.298025 0.291132 0.291215 0.302972 0.327366 0.359117 0.385673 0.389062 0.351675 0.265977 0.146134 0.000000 0.000000 0.145489 0.469892 1.000000 1.000000 0.332613 0.282011 0.341688 0.403607 0.757996 0.376011 0.275092 0.242638 0.217908 0.201092 0.266269 0.348174 0.375398 0.356936 0.313797 0.268813 0.239341 0.233728 0.251222 0.284315 0.322257 0.354584 0.373783 0.376670 0.364406 0.341451 0.313884 0.287632 0.267039 0.254084 0.248333 0.247562 0.248772 0.249302 0.247697 0.244101 0.240055 0.237776 0.239111 0.244509 0.252359 0.258987 0.259458 0.249100 0.225421 0.189866 0.148757 0.112796 0.094750 0.105439 0.148740 0.217056 0.289209 0.332946 0.313695 0.209766 0.031554 0.000000 0.000000 0.000000 0.395980 1.000000 1.000000 1.000000 0.256981 0.348423 0.599519 0.575556 0.454529 0.342982 0.280902 0.266519 0.280469 0.302173 0.317772 0.321816 0.315389 0.302998 0.289706 0.279252 0.273296 0.271561 0.272513 0.274201 0.274970 0.273889 0.270867 0.266491 0.261718 0.257517 0.254581 0.253158 0.253041 0.253669 0.254321 0.254327 0.253241 0.250943 0.247648 0.243828 0.240079 0.236966 0.234894 0.234023 0.234264 0.235322 0.236794 0.238267 0.239402 0.239963 0.239801 0.238805 0.236860 0.233853 0.229764 0.224836 0.219767 0.215815 0.214655 0.217842 0.225830 0.236730 0.245318 0.243254 0.221829 0.178548 0.127870 0.113632 0.214253
0.213565 0.293208 0.289917 0.261061 0.220861 0.201398 0.199821 0.207662 0.217322 0.224512 0.228148 0.229111 0.228890 0.228658 0.228881 0.229395 0.229721 0.229420 0.228353 0.226755 0.225164 0.224230 0.224503 0.226262 0.229427 0.233591 0.238126 0.242354 0.245719 0.247910 0.248924 0.249034 0.248696 0.248409 0.248573 0.249386 0.250813 0.252624 0.254503 0.256186 0.257591 0.258881 0.260437 0.262735 0.266130 0.270639 0.275780 0.280572 0.283756 0.284234 0.281651 0.276939 0.272533 0.271991 0.278776 0.294252 0.315332 0.332842 0.332300 0.299243 0.230937 0.163323 0.160322 0.335276 0.354031 0.000000 0.032078 0.125073 0.348150 0.448483 0.424617 0.332521 0.228572 0.149946 0.111012 0.108522 0.129753 0.159922 0.187102 0.204406 0.209957 0.205569 0.194975 0.182236 0.170674 0.162397 0.158307 0.158398 0.162144 0.168815 0.177661 0.187946 0.198918 0.209751 0.219564 0.227518 0.232993 0.235791 0.236275 0.235395 0.234525 0.235148 0.238427 0.244779 0.253604 0.263274 0.271469 0.275842 0.274878 0.268705 0.259562 0.251613 0.249922 0.258635 0.278729 0.306048 0.330651 0.338533 0.316457 0.259728 0.181093 0.095908 0.114011 0.258240 0.534062 0.946400 1.000000 0.296344 0.302556 0.073568 0.110131 0.351540 0.316989 0.336004 0.326627 0.289102 0.247729 0.246740 0.267275 0.280445 0.284023 0.279775 0.271788 0.264564 0.261494 0.264010 0.271485 0.281729 0.291818 0.298980 0.301299 0.298088 0.289909 0.278274 0.265166 0.252520 0.241801 0.233763 0.228439 0.225323 0.223664 0.222776 0.222268 0.222104 0.222494 0.223637 0.225417 0.227166 0.227613 0.225106 0.218099 0.205825 0.188967 0.170066 0.153405 0.144190 0.146984 0.163663 0.191425 0.221694 0.240871 0.233792 0.190118 0.112826 0.026241 0.000000 0.035656 0.249146 0.525430 0.631448 0.629489 0.191202 0.346923 0.554292 0.533178 0.432318 0.339580 0.287466 0.274317 0.284405 0.301233 0.313802 0.317783 0.313918 0.305516 0.296247 0.288742 0.284092 0.282020 0.281421 0.280988 0.279697 0.277077 0.273230 0.268686 0.264150 0.260269 0.257448 0.255775 0.255048 0.254874 0.254803 0.254451 0.253590 0.252166 0.250279 0.248110 0.245849 0.243632 0.241523 0.239531 0.237657 0.235955 0.234560 0.233674 0.233490 0.234069 0.235213 0.236388 0.236767 0.235433 0.231745 0.225797 0.218799 0.213170 0.212075 0.218243 0.232118 0.249770 0.261573 0.253238 0.211197 0.134016 0.049697 0.034011 0.215160
0.208864 0.000000 0.000000 0.041700 0.194272 0.274320 0.287342 0.262523 0.229054 0.205432 0.197962 0.204088 0.217111 0.230198 0.238763 0.241208 0.238449 0.232832 0.226967 0.222859 0.221472 0.222738 0.225861 0.229761 0.233484 0.236466 0.238617 0.240225 0.241752 0.243607 0.245973 0.248740 0.251547 0.253937 0.255534 0.256210 0.256168 0.255899 0.256040 0.257145 0.259467 0.262808 0.266524 0.269709 0.271528 0.271619 0.270404 0.269168 0.269766 0.273927 0.282282 0.293427 0.303493 0.306773 0.297817 0.275002 0.244765 0.224601 0.241648 0.322795 0.472717 0.623431 0.652004 0.339938 0.316820 0.702991 0.771364 0.768347 0.430390 0.170910 0.052549 0.048598 0.107002 0.178156 0.228935 0.245888 0.231659 0.198423 0.161182 0.132605 0.120147 0.125357 0.144865 0.172319 0.200565 0.223500 0.237271 0.240702 0.235022 0.223112 0.208527 0.194573 0.183617 0.176757 0.173870 0.173950 0.175616 0.177632 0.179293 0.180581 0.182070 0.184607 0.188884 0.195035 0.202404 0.209577 0.214730 0.216216 0.213265 0.206552 0.198420 0.192545 0.192992 0.202775 0.222295 0.248215 0.273486 0.289132 0.288043 0.270288 0.248334 0.286943 0.326691 0.458156 0.685364 0.718232 0.696267 0.299985 0.367890 0.000000 0.000000 0.000000 0.264919 0.380213 0.392210 0.368576 0.336593 0.265043 0.201216 0.187837 0.211601 0.251504 0.287849 0.307728 0.306788 0.288100 0.259324 0.229416 0.205824 0.192757 0.190696 0.196996 0.207186 0.216525 0.221359 0.219984 0.212860 0.202204 0.191140 0.182666 0.178730 0.179668 0.184128 0.189523 0.192877 0.191835 0.185569 0.175270 0.164054 0.156202 0.155856 0.165476 0.184481 0.208576 0.230187 0.240194 0.230844 0.199259 0.150502 0.098876 0.066048 0.075044 0.140168 0.254635 0.380009 0.444087 0.355813 0.045720 0.000000 0.000000 0.000000 0.127877 0.339754 0.451941 0.439482 0.384374 0.333434 0.303407 0.293316 0.295349 0.301591 0.306910 0.309275 0.308821 0.306651 0.303895 0.301220 0.298757 0.296266 0.293396 0.289910 0.285789 0.281234 0.276579 0.272174 0.268280 0.265017 0.262363 0.260204 0.258407 0.256883 0.255619 0.254670 0.254110 0.253955 0.254103 0.254295 0.254135 0.253168 0.251007 0.247477 0.242729 0.237290 0.232005 0.227861 0.225723 0.226029 0.228545 0.232263 0.235559 0.236614 0.234077 0.227814 0.219465 0.212498 0.211422 0.219986 0.238535 0.261239 0.274590 0.259309 0.198136 0.091362 0.000000 0.000000 0.216602
0.204337 0.000000 0.000000 0.000000 0.169177 0.344010 0.370665 0.314578 0.240088 0.187280 0.169305 0.180200 0.205449 0.230696 0.246718 0.250723 0.245073 0.234786 0.225025 0.219336 0.218919 0.222862 0.228982 0.234870 0.238771 0.240071 0.239312 0.237821 0.237126 0.238372 0.241924 0.247266 0.253206 0.258311 0.261425 0.262093 0.260750 0.258604 0.257221 0.257944 0.261320 0.266748 0.272530 0.276376 0.276287 0.271583 0.263681 0.256229 0.254283 0.262440 0.282301 0.310039 0.335328 0.343019 0.318591 0.257351 0.175306 0.116805 0.150885 0.346044 0.714417 1.000000 1.000000 0.341673 0.266243 1.000000 1.000000 1.000000 0.488579 0.000000 0.000000 0.000000 0.009672 0.221249 0.352705 0.382341 0.328672 0.230472 0.128936 0.055583 0.026665 0.043158 0.094447 0.163698 0.233215 0.288588 0.321079 0.328203 0.312851 0.281490 0.242065 0.202087 0.167277 0.140916 0.123861 0.115094 0.112524 0.113824 0.117074 0.121097 0.125459 0.130209 0.135483 0.141145 0.146583 0.150774 0.152591 0.151277 0.146930 0.140809 0.135294 0.133419 0.138029 0.150764 0.171210 0.196641 0.222735 0.245415 0.263611 0.282149 0.313360 0.476745 0.531941 0.646524 0.826400 0.434192 0.298284 0.319163 0.431454 0.000000 0.000000 0.000000 0.220243 0.380549 0.406164 0.414084 0.416440 0.295645 0.158478 0.118273 0.154543 0.228406 0.300412 0.342479 0.342912 0.305445 0.244379 0.178151 0.123366 0.090659 0.083004 0.096351 0.121969 0.149605 0.170506 0.179574 0.176229 0.163894 0.148416 0.135925 0.130770 0.134112 0.143570 0.154033 0.159435 0.155017 0.139421 0.115925 0.092293 0.079028 0.086222 0.119715 0.177610 0.248427 0.312037 0.344034 0.323323 0.241513 0.111472 0.000000 0.000000 0.000000 0.080107 0.397623 0.751898 0.943036 0.713300 0.000000 0.000000 0.000000 0.000000 0.083999 0.319665 0.317746 0.320072 0.324391 0.326680 0.324696 0.318745 0.310967 0.303998 0.299846 0.299274 0.301760 0.305887 0.309909 0.312307 0.312161 0.309297 0.304199 0.297772 0.291037 0.284852 0.279729 0.275773 0.272739 0.270191 0.267683 0.264928 0.261903 0.258863 0.256257 0.254584 0.254209 0.255201 0.257250 0.259662 0.261488 0.261727 0.259590 0.254746 0.247488 0.238759 0.230011 0.222893 0.218827 0.218575 0.221903 0.227488 0.233151 0.236444 0.235506 0.229973 0.221631 0.214416 0.213423 0.222784 0.242680 0.266334 0.278614 0.258498 0.188005 0.069218 0.000000 0.000000 0.217966
0.202620 0.000000 0.000000 0.000000 0.162392 0.365680 0.396189 0.330565 0.243734 0.182106 0.160711 0.172483 0.200637 0.228751 0.246446 0.250772 0.244619 0.233768 0.223991 0.219064 0.220010 0.225459 0.232692 0.238888 0.242140 0.241979 0.239326 0.236003 0.233992 0.234726 0.238623 0.244980 0.252261 0.258641 0.262647 0.263682 0.262241 0.259764 0.258119 0.258889 0.262681 0.268714 0.274896 0.278459 0.277053 0.269988 0.259171 0.249235 0.246484 0.256579 0.281403 0.316098 0.347783 0.357659 0.327761 0.252262 0.150792 0.077749 0.117732 0.354552 0.802886 1.000000 1.000000 0.337187 0.213368 1.000000 1.000000 1.000000 0.467041 0.000000 0.000000 0.000000 0.000000 0.247101 0.405455 0.435464 0.363121 0.238001 0.111331 0.021471 0.000000 0.009875 0.074762 0.161220 0.247483 0.315972 0.356085 0.364803 0.345584 0.306198 0.256230 0.204841 0.159159 0.123502 0.099350 0.085911 0.080983 0.081859 0.086053 0.091717 0.097736 0.103562 0.108922 0.113539 0.116986 0.118729 0.118343 0.115816 0.111809 0.107731 0.105557 0.107361 0.114700 0.128041 0.146513 0.168233 0.191308 0.215383 0.243264 0.281797 0.340963 0.559609 0.610913 0.691448 0.809999 0.177652 0.000000 0.322297 0.436671 0.044269 0.000000 0.000000 0.190457 0.336112 0.363444 0.396511 0.429720 0.305172 0.147942 0.097677 0.133751 0.213785 0.293558 0.340795 0.341331 0.298529 0.228098 0.150926 0.086229 0.046675 0.036231 0.050709 0.080335 0.113331 0.139438 0.152482 0.151457 0.140027 0.124729 0.112503 0.108274 0.113284 0.124658 0.136359 0.141303 0.134068 0.113404 0.083716 0.054849 0.039919 0.051418 0.096439 0.172345 0.264458 0.347215 0.389646 0.364907 0.262151 0.097413 0.000000 0.000000 0.000000 0.050705 0.453541 0.906201 1.000000 0.872566 0.000000 0.000000 0.000000 0.000000 0.077074 0.279025 0.193593 0.215747 0.273326 0.321521 0.343688 0.341924 0.326707 0.309152 0.296878 0.292826 0.296055 0.303381 0.311095 0.316235 0.317253 0.314077 0.307763 0.299926 0.292169 0.285654 0.280882 0.277706 0.275516 0.273528 0.271069 0.267805 0.263832 0.259650 0.255993 0.253606 0.253002 0.254266 0.256979 0.260251 0.262900 0.263722 0.261790 0.256730 0.248878 0.239287 0.229543 0.221421 0.216445 0.215451 0.218276 0.223687 0.229625 0.233771 0.234329 0.230840 0.224727 0.219247 0.218597 0.226090 0.241673 0.259560 0.267290 0.248034 0.188089 0.090583 0.000000 0.000000 0.218425
0.206363 0.000000 0.000000 0.000000 0.189884 0.296786 0.313135 0.279104 0.233814 0.201426 0.189755 0.195190 0.209148 0.223298 0.232442 0.235181 0.233037 0.228918 0.225622 0.224860 0.226918 0.230895 0.235285 0.238636 0.240068 0.239515 0.237661 0.235639 0.234619 0.235415 0.238239 0.242666 0.247795 0.252571 0.256132 0.258098 0.258684 0.258620 0.258859 0.260201 0.262918 0.266553 0.269975 0.271744 0.270713 0.266696 0.260951 0.256204 0.256013 0.263460 0.279398 0.300844 0.320338 0.327215 0.311453 0.270024 0.214281 0.175007 0.199635 0.334710 0.587604 0.832671 0.865718 0.323380 0.173138 1.000000 1.000000 0.949545 0.320992 0.000000 0.000000 0.000000 0.063349 0.221406 0.314132 0.329423 0.283986 0.208084 0.132431 0.079681 0.060831 0.075658 0.115706 0.168325 0.220542 0.261958 0.286346 0.291960 0.280857 0.257617 0.227886 0.197078 0.169458 0.147680 0.132768 0.124415 0.121450 0.122335 0.125569 0.129931 0.134568 0.138950 0.142759 0.145781 0.147852 0.148873 0.148877 0.148111 0.147081 0.146504 0.147169 0.149728 0.154510 0.161439 0.170172 0.180476 0.192776 0.208671 0.231066 0.263559 0.308789 0.444503 0.463235 0.477768 0.495948 0.051858 0.000000 0.283070 0.339311 0.074922 0.009106 0.000000 0.188783 0.276502 0.293229 0.313701 0.335413 0.265382 0.175923 0.147981 0.169050 0.214484 0.259011 0.284528 0.283415 0.257988 0.217390 0.173452 0.136833 0.114358 0.107929 0.114962 0.129920 0.146353 0.158835 0.164323 0.162637 0.156066 0.148285 0.142934 0.142312 0.146535 0.153433 0.159235 0.159874 0.152566 0.137199 0.117059 0.098537 0.089693 0.097866 0.126853 0.174440 0.231207 0.281422 0.306468 0.290578 0.227836 0.128432 0.021503 0.000000 0.000000 0.099300 0.336734 0.602690 0.748810 0.584066 0.000000 0.000000 0.000000 0.000000 0.118064 0.213886 0.126585 0.170520 0.252667 0.318801 0.350635 0.352226 0.336712 0.317198 0.302349 0.295481 0.295748 0.300081 0.305013 0.307918 0.307555 0.304027 0.298362 0.291952 0.286047 0.281421 0.278254 0.276206 0.274629 0.272825 0.270281 0.266817 0.262628 0.258211 0.254213 0.251244 0.249695 0.249621 0.250705 0.252312 0.253629 0.253856 0.252394 0.249007 0.243899 0.237690 0.231296 0.225721 0.221824 0.220098 0.220531 0.222594 0.225372 0.227828 0.229140 0.229011 0.227847 0.226687 0.226828 0.229157 0.233352 0.237239 0.236751 0.226978 0.204739 0.172666 0.144043 0.146037 0.217266
0.216640 0.795553 0.758855 0.516170 0.256693 0.123615 0.105307 0.150304 0.208465 0.248930 0.262012 0.252904 0.233302 0.214558 0.203810 0.203026 0.210089 0.220811 0.230956 0.237640 0.239899 0.238497 0.235237 0.232120 0.230624 0.231320 0.233845 0.237197 0.240200 0.241963 0.242199 0.241305 0.240195 0.239949 0.241408 0.244834 0.249760 0.255102 0.259498 0.261789 0.261502 0.259145 0.256182 0.254637 0.256370 0.262229 0.271371 0.281086 0.287384 0.286416 0.276493 0.260062 0.244698 0.242000 0.263527 0.313754 0.381569 0.434038 0.418670 0.282186 0.012920 0.000000 0.000000 0.298506 0.158558 0.000000 0.000000 0.000000 0.048653 0.358197 0.448566 0.383092 0.250991 0.126715 0.053074 0.041000 0.078313 0.141338 0.205259 0.251183 0.269400 0.259402 0.227723 0.184745 0.141488 0.107080 0.087240 0.083848 0.095386 0.117966 0.146590 0.176332 0.203231 0.224781 0.240019 0.249283 0.253775 0.255066 0.254670 0.253762 0.253078 0.252963 0.253519 0.254768 0.256760 0.259583 0.263274 0.267660 0.272215 0.276010 0.277831 0.276491 0.271280 0.262436 0.251418 0.240770 0.233367 0.231023 0.232648 0.232538 0.219745 0.108508 0.067489 0.000000 0.000000 0.133905 0.244235 0.195064 0.135362 0.000000 0.000000 0.428672 0.226111 0.248777 0.246839 0.195613 0.135256 0.169348 0.240121 0.271558 0.265697 0.236413 0.201831 0.177683 0.173120 0.189393 0.221046 0.258685 0.292276 0.314007 0.320076 0.311138 0.291519 0.267575 0.245753 0.230865 0.225006 0.227340 0.234715 0.242888 0.247982 0.247748 0.242264 0.233859 0.226254 0.223146 0.226634 0.235993 0.247271 0.253999 0.249048 0.227278 0.188281 0.138291 0.090276 0.061496 0.068403 0.119657 0.209074 0.311293 0.383454 0.375726 0.251699 0.016003 0.000000 0.000000 0.000000 0.376822 1.000000 1.000000 1.000000 0.202482 0.129585 0.149070 0.211288 0.273517 0.316328 0.337000 0.341031 0.335761 0.327031 0.318171 0.310382 0.303629 0.297472 0.291609 0.286056 0.281089 0.277057 0.274193 0.272498 0.271724 0.271447 0.271185 0.270520 0.269187 0.267111 0.264382 0.261196 0.257779 0.254310 0.250890 0.247538 0.244225 0.240936 0.237723 0.234740 0.232238 0.230507 0.229792 0.230186 0.231546 0.233460 0.235287 0.236291 0.235838 0.233622 0.229850 0.225312 0.221272 0.219143 0.219998 0.224001 0.229982 0.235369 0.236750 0.231164 0.218032 0.201203 0.190105 0.198473 0.238829 0.311405 0.387961 0.395715 0.214361
0.231023 1.000000 1.000000 1.000000 0.345389 0.000000 0.000000 0.000000 0.174338 0.312074 0.358406 0.330413 0.266823 0.205066 0.168480 0.163288 0.182372 0.212089 0.238959 0.254212 0.255498 0.246039 0.232212 0.220653 0.215919 0.219262 0.228720 0.240246 0.249379 0.252877 0.249782 0.241644 0.231886 0.224538 0.222783 0.227771 0.238124 0.250318 0.259880 0.263059 0.258450 0.247954 0.236629 0.231211 0.237585 0.257857 0.288120 0.318031 0.333123 0.320027 0.273654 0.204102 0.139832 0.123238 0.195656 0.371893 0.609901 0.789115 0.719735 0.211404 0.000000 0.000000 0.000000 0.263430 0.172441 0.000000 0.000000 0.000000 0.000000 0.964595 1.000000 1.000000 0.487481 0.000000 0.000000 0.000000 0.000000 0.059295 0.313763 0.493083 0.559783 0.513321 0.380929 0.204618 0.028376 0.000000 0.000000 0.000000 0.000000 0.000000 0.031410 0.147336 0.252453 0.336726 0.396047 0.431337 0.446929 0.448746 0.442710 0.433676 0.424980 0.418512 0.415123 0.415107 0.418534 0.425317 0.435012 0.446466 0.457556 0.465224 0.465963 0.456750 0.436207 0.405577 0.368952 0.332273 0.300828 0.275513 0.248817 0.202316 0.108054 0.000000 0.000000 0.000000 0.000000 0.410363 0.858273 0.083547 0.000000 0.000000 0.000000 1.000000 0.296516 0.285431 0.265122 0.095367 0.000000 0.045696 0.321426 0.432671 0.397117 0.275902 0.141997 0.054837 0.045959 0.116137 0.241706 0.386057 0.512215 0.593017 0.616826 0.588174 0.524054 0.447517 0.380598 0.338507 0.326407 0.339393 0.365356 0.389715 0.400578 0.392819 0.369838 0.342420 0.324910 0.329672 0.361467 0.413563 0.467218 0.495424 0.470712 0.375464 0.211969 0.008696 0.000000 0.000000 0.000000 0.000000 0.315473 0.714842 0.991262 0.955911 0.475389 0.000000 0.000000 0.000000 0.000000 0.941983 1.000000 1.000000 1.000000 0.302347 0.046203 0.253880 0.323355 0.323927 0.307561 0.300172 0.307040 0.321961 0.335594 0.340726 0.334552 0.318528 0.296889 0.274761 0.256524 0.244810 0.240205 0.241553 0.246629 0.252917 0.258299 0.261474 0.262095 0.260612 0.257939 0.255047 0.252607 0.250781 0.249186 0.247057 0.243532 0.237994 0.230362 0.221251 0.211945 0.204169 0.199698 0.199887 0.205238 0.215125 0.227764 0.240497 0.250354 0.254808 0.252533 0.243967 0.231465 0.218872 0.210508 0.209706 0.217263 0.230342 0.242470 0.245154 0.231355 0.200359 0.162631 0.142048 0.171918 0.280670 0.464793 0.651020 0.661557 0.210681
0.242136 1.000000 1.000000 1.000000 0.408409 0.000000 0.000000 0.000000 0.149235 0.356428 0.426853 0.386054 0.291909 0.200255 0.145778 0.137588 0.164949 0.207524 0.245379 0.265736 0.265444 0.249635 0.228033 0.210594 0.204005 0.209898 0.225040 0.243086 0.257144 0.262241 0.256932 0.243616 0.227547 0.214899 0.210553 0.216309 0.230136 0.246774 0.259542 0.262890 0.254817 0.238321 0.221120 0.213377 0.223843 0.255423 0.301814 0.346950 0.368608 0.346417 0.272851 0.163721 0.062921 0.035534 0.144803 0.413168 0.775975 1.000000 0.940668 0.161537 0.000000 0.000000 0.000000 0.222555 0.199527 0.000000 0.000000 0.000000 0.000000 1.000000 1.000000 1.000000 0.643994 0.000000 0.000000 0.000000 0.000000 0.006501 0.398475 0.673224 0.773454 0.698717 0.491288 0.216167 0.000000 0.000000 0.000000 0.000000 0.000000 0.000000 0.000000 0.124677 0.289513 0.422014 0.515446 0.570941 0.595065 0.597027 0.586216 0.570497 0.555418 0.544227 0.538409 0.538374 0.543976 0.554672 0.569329 0.585831 0.600808 0.609772 0.607855 0.591135 0.558195 0.511316 0.456573 0.402154 0.354635 0.313718 0.266910 0.186726 0.033760 0.000000 0.000000 0.000000 0.000000 0.717692 1.000000 0.007617 0.000000 0.000000 0.000000 1.000000 0.361298 0.361699 0.333226 0.064805 0.000000 0.000000 0.377306 0.544583 0.491413 0.309776 0.109460 0.000000 0.000000 0.075342 0.265664 0.483940 0.674610 0.797016 0.833929 0.792413 0.698149 0.585721 0.487965 0.427270 0.410860 0.430903 0.468977 0.503296 0.516518 0.501794 0.465254 0.424047 0.400300 0.412568 0.467238 0.552722 0.638921 0.683271 0.643012 0.491230 0.232381 0.000000 0.000000 0.000000 0.000000 0.000000 0.388727 1.000000 1.000000 1.000000 0.649308 0.000000 0.000000 0.000000 0.000000 1.000000 1.000000 1.000000 1.000000 0.363757 0.000641 0.374258 0.431703 0.360007 0.281726 0.248131 0.261175 0.299312 0.337550 0.358474 0.355819 0.332873 0.298512 0.262943 0.234417 0.217489 0.212757 0.217715 0.228180 0.239773 0.249093 0.254347 0.255416 0.253455 0.250223 0.247366 0.245848 0.245666 0.245895 0.245035 0.241528 0.234342 0.223412 0.209850 0.195841 0.184223 0.177838 0.178797 0.187829 0.203901 0.224229 0.244752 0.260991 0.269176 0.267324 0.256015 0.238564 0.220368 0.207474 0.204557 0.212840 0.228685 0.243668 0.246813 0.229202 0.190272 0.143908 0.120954 0.163633 0.306860 0.543851 0.779072 0.787346 0.208587
0.238128 1.000000 1.000000 1.000000 0.372761 0.000000 0.000000 0.000000 0.160132 0.329010 0.387459 0.355908 0.280992 0.207739 0.164126 0.157504 0.179240 0.212993 0.242788 0.258453 0.257588 0.244458 0.226982 0.213214 0.208512 0.214111 0.227293 0.242831 0.255071 0.259939 0.256241 0.245913 0.233206 0.223121 0.219606 0.224109 0.234989 0.248001 0.257785 0.259927 0.252929 0.239357 0.225596 0.219979 0.229613 0.256776 0.296179 0.334535 0.353526 0.336379 0.276851 0.187824 0.105187 0.082216 0.170787 0.389560 0.686163 0.910211 0.824825 0.191988 0.000000 0.000000 0.000000 0.183775 0.204176 0.000000 0.000000 0.000000 0.000000 1.000000 1.000000 1.000000 0.542034 0.000000 0.000000 0.000000 0.000000 0.041804 0.358743 0.580386 0.660468 0.598615 0.429006 0.204300 0.000000 0.000000 0.000000 0.000000 0.000000 0.000000 0.000000 0.131421 0.268026 0.378151 0.455960 0.502145 0.521993 0.523135 0.513507 0.499893 0.487182 0.478289 0.474516 0.476071 0.482517 0.492965 0.506029 0.519634 0.530901 0.536326 0.532373 0.516458 0.488051 0.449457 0.405700 0.363064 0.326128 0.293741 0.255129 0.188152 0.062211 0.000000 0.000000 0.000000 0.000000 0.730926 1.000000 0.045418 0.000000 0.000000 0.000000 1.000000 0.342789 0.364979 0.345775 0.120835 0.000000 0.015670 0.343942 0.477032 0.435196 0.291076 0.131844 0.028675 0.019373 0.104846 0.256660 0.430874 0.583179 0.681134 0.711001 0.678441 0.603960 0.515126 0.438039 0.390384 0.377682 0.393446 0.422812 0.448395 0.456565 0.442283 0.411013 0.377046 0.358499 0.370333 0.417348 0.489530 0.561704 0.598591 0.564940 0.438722 0.223851 0.000000 0.000000 0.000000 0.000000 0.000000 0.343685 0.857680 1.000000 1.000000 0.566862 0.000000 0.000000 0.000000 0.000000 1.000000 1.000000 1.000000 1.000000 0.316660 0.040484 0.384308 0.404331 0.309612 0.226694 0.201337 0.227746 0.278513 0.325907 0.352384 0.352935 0.332340 0.300483 0.267831 0.242300 0.227827 0.224448 0.229387 0.238566 0.248025 0.254935 0.258053 0.257639 0.254979 0.251725 0.249259 0.248237 0.248428 0.248833 0.248051 0.244757 0.238185 0.228457 0.216685 0.204823 0.195262 0.190270 0.191423 0.199116 0.212339 0.228755 0.245127 0.258014 0.264607 0.263500 0.255189 0.242117 0.228150 0.217531 0.213498 0.216937 0.225535 0.233965 0.235423 0.224607 0.201567 0.175206 0.164362 0.193886 0.283019 0.425120 0.561128 0.560750 0.211500
0.206905 0.000000 0.000000 0.000000 0.167532 0.354997 0.378781 0.314188 0.232975 0.178277 0.162701 0.177952 0.207087 0.234261 0.249995 0.252226 0.244484 0.232861 0.223120 0.218805 0.220604 0.226827 0.234531 0.240809 0.243802 0.243179 0.240045 0.236382 0.234271 0.235155 0.239374 0.246089 0.253598 0.259926 0.263505 0.263709 0.261083 0.257176 0.254006 0.253311 0.255836 0.260910 0.266518 0.269956 0.268936 0.262843 0.253662 0.246069 0.246314 0.259841 0.288088 0.325535 0.358523 0.367592 0.334570 0.254249 0.147922 0.072479 0.114832 0.358808 0.813509 1.000000 1.000000 0.156780 0.140827 1.000000 1.000000 1.000000 0.358825 0.000000 0.000000 0.000000 0.025809 0.267998 0.405492 0.420598 0.340396 0.213257 0.088377 0.002218 0.000000 0.000000 0.067695 0.157393 0.246303 0.316666 0.357616 0.365871 0.344715 0.301928 0.247309 0.190419 0.138907 0.097624 0.068510 0.051078 0.043240 0.042226 0.045350 0.050494 0.056274 0.061929 0.067059 0.071347 0.074387 0.075696 0.074900 0.072023 0.067755 0.063540 0.061401 0.063451 0.071203 0.084877 0.103017 0.122733 0.140785 0.155478 0.168958 0.189064 0.229419 0.450761 0.496852 0.596844 0.765386 0.061903 0.000000 0.257127 0.338067 0.664285 0.523193 0.000000 0.145368 0.114354 0.121611 0.218986 0.335719 0.280674 0.157503 0.103358 0.113078 0.161489 0.217021 0.253134 0.255154 0.222024 0.163831 0.096821 0.037743 0.000000 0.000000 0.000000 0.026605 0.060949 0.091092 0.109857 0.114678 0.107679 0.094382 0.081524 0.074640 0.076138 0.084456 0.094584 0.099877 0.094671 0.076972 0.050293 0.023887 0.010915 0.024650 0.073454 0.155885 0.257641 0.352070 0.405412 0.386802 0.281438 0.103379 0.000000 0.000000 0.000000 0.007779 0.449780 0.963438 1.000000 0.981607 0.000000 0.000000 0.000000 0.000000 0.103922 0.204079 0.140626 0.098526 0.099631 0.135958 0.187933 0.237405 0.273728 0.294270 0.302008 0.302288 0.300164 0.298901 0.299613 0.301727 0.303826 0.304481 0.302841 0.298850 0.293156 0.286797 0.280817 0.275956 0.272473 0.270152 0.268456 0.266767 0.264626 0.261905 0.258858 0.256039 0.254107 0.253589 0.254651 0.256972 0.259751 0.261871 0.262185 0.259866 0.254716 0.247340 0.239105 0.231856 0.227421 0.227010 0.230684 0.237076 0.243556 0.246908 0.244475 0.235494 0.222193 0.210025 0.206488 0.218167 0.246271 0.281828 0.302946 0.277745 0.177260 0.001457 0.000000 0.000000 0.222530
0.145790 0.000000 0.000000 0.000000 0.000000 1.000000 1.000000 1.000000 0.371360 0.000000 0.000000 0.000000 0.065918 0.279418 0.404938 0.423179 0.360681 0.265528 0.183940 0.144709 0.153815 0.197988 0.253656 0.297302 0.313660 0.299741 0.264141 0.222682 0.192194 0.184602 0.203150 0.241752 0.287436 0.325059 0.342649 0.335676 0.308802 0.274444 0.248405 0.243826 0.265421 0.306138 0.347906 0.367120 0.343882 0.272455 0.169074 0.072945 0.037249 0.109700 0.306168 0.585832 0.840476 0.912040 0.648947 0.000419 0.000000 0.000000 0.000000 0.665193 1.000000 1.000000 1.000000 0.149113 0.000000 1.000000 1.000000 1.000000 1.000000 0.000000 0.000000 0.000000 0.000000 0.931870 1.000000 1.000000 1.000000 0.513796 0.000000 0.000000 0.000000 0.000000 0.000000 0.078615 0.765296 1.000000 1.000000 1.000000 1.000000 1.000000 0.761921 0.305619 0.000000 0.000000 0.000000 0.000000 0.000000 0.000000 0.000000 0.000000 0.000000 0.000000 0.000000 0.000000 0.000000 0.000000 0.000000 0.000000 0.000000 0.000000 0.000000 0.000000 0.000000 0.000000 0.000000 0.000000 0.000000 0.000000 0.000000 0.157645 0.501026 1.000000 1.000000 1.000000 1.000000 0.000000 0.000000 0.626482 1.000000 1.000000 1.000000 0.000000 0.000000 0.000000 0.000000 0.260507 1.000000 0.746180 0.000000 0.000000 0.000000 0.000000 0.336948 0.626415 0.649400 0.399462 0.000000 0.000000 0.000000 0.000000 0.000000 0.000000 0.000000 0.000000 0.000000 0.000000 0.000000 0.000000 0.000000 0.000000 0.000000 0.000000 0.000000 0.000000 0.000000 0.000000 0.000000 0.000000 0.000000 0.000000 0.000000 0.000000 0.015716 0.831518 1.000000 1.000000 1.000000 1.000000 0.000000 0.000000 0.000000 0.000000 0.000000 1.000000 1.000000 1.000000 1.000000 0.000000 0.000000 0.000000 0.000000 0.000000 0.482802 0.000000 0.000000 0.000000 0.020278 0.228150 0.307355 0.292985 0.241206 0.199750 0.194448 0.228632 0.289721 0.358192 0.415658 0.450090 0.457748 0.442311 0.412219 0.377378 0.346250 0.323967 0.311734 0.307426 0.307012 0.306273 0.302343 0.294642 0.285020 0.277111 0.275112 0.282310 0.299783 0.325660 0.355106 0.381184 0.396425 0.394707 0.373116 0.333152 0.281016 0.226622 0.181501 0.155874 0.155652 0.180102 0.221098 0.264551 0.294158 0.296922 0.269079 0.220430 0.174543 0.162833 0.211552 0.323424 0.459229 0.529194 0.407911 0.000000 0.000000 0.000000 0.000000 0.241680
0.076747 0.000000 0.000000 0.000000 0.000000 1.000000 1.000000 1.000000 0.524788 0.000000 0.000000 0.000000 0.000000 0.326327 0.571360 0.606510 0.483866 0.297751 0.138704 0.062967 0.081950 0.169266 0.278411 0.363104 0.393405 0.363595 0.290789 0.206301 0.143395 0.125664 0.159572 0.233200 0.321100 0.393556 0.427089 0.412853 0.360071 0.293135 0.242995 0.235250 0.278800 0.359322 0.440815 0.476488 0.427046 0.281356 0.071831 0.000000 0.000000 0.000000 0.323907 0.874522 1.000000 1.000000 1.000000 0.000000 0.000000 0.000000 0.000000 0.987504 1.000000 1.000000 1.000000 0.160078 0.000000 1.000000 1.000000 1.000000 1.000000 0.000000 0.000000 0.000000 0.000000 1.000000 1.000000 1.000000 1.000000 0.822675 0.000000 0.000000 0.000000 0.000000 0.000000 0.000094 1.000000 1.000000 1.000000 1.000000 1.000000 1.000000 1.000000 0.433914 0.000000 0.000000 0.000000 0.000000 0.000000 0.000000 0.000000 0.000000 0.000000 0.000000 0.000000 0.000000 0.000000 0.000000 0.000000 0.000000 0.000000 0.000000 0.000000 0.000000 0.000000 0.000000 0.000000 0.000000 0.000000 0.000000 0.000000 0.079284 0.741886 1.000000 1.000000 1.000000 1.000000 0.000000 0.000000 0.993386 1.000000 1.000000 1.000000 0.000000 0.000000 0.000000 0.000000 0.162168 1.000000 1.000000 0.000000 0.000000 0.000000 0.000000 0.423520 0.984057 1.000000 0.548140 0.000000 0.000000 0.000000 0.000000 0.000000 0.000000 0.000000 0.000000 0.000000 0.000000 0.000000 0.000000 0.000000 0.000000 0.000000 0.000000 0.000000 0.000000 0.000000 0.000000 0.000000 0.000000 0.000000 0.000000 0.000000 0.000000 0.000000 1.000000 1.000000 1.000000 1.000000 1.000000 0.000000 0.000000 0.000000 0.000000 0.000000 1.000000 1.000000 1.000000 1.000000 0.000000 0.000000 0.000000 0.000000 0.000000 0.767821 0.000000 0.000000 0.000000 0.000000 0.306065 0.407291 0.321325 0.176590 0.073707 0.061223 0.138644 0.273362 0.420999 0.542345 0.613445 0.628437 0.596751 0.536874 0.469365 0.410987 0.371215 0.351470 0.346691 0.348459 0.348453 0.341448 0.326951 0.309209 0.295739 0.294808 0.312505 0.350365 0.404082 0.463679 0.515409 0.544850 0.540535 0.497428 0.419033 0.317749 0.212783 0.126111 0.076922 0.076105 0.122069 0.199553 0.282436 0.340735 0.350655 0.305225 0.221866 0.142466 0.122548 0.208003 0.402740 0.636799 0.752228 0.530533 0.000000 0.000000 0.000000 0.000000 0.261797
0.063184 0.000000 0.000000 0.000000 0.000000 1.000000 1.000000 1.000000 0.555929 0.000000 0.000000 0.000000 0.000000 0.331966 0.597163 0.634683 0.501391 0.299888 0.128478 0.048002 0.070478 0.166824 0.286191 0.378127 0.410130 0.376175 0.295163 0.201455 0.131494 0.111090 0.147350 0.227271 0.323072 0.402322 0.439384 0.424598 0.367978 0.296089 0.242586 0.235247 0.283610 0.371872 0.460583 0.498624 0.443134 0.282123 0.051252 0.000000 0.000000 0.000000 0.322929 0.925513 1.000000 1.000000 1.000000 0.000000 0.000000 0.000000 0.000000 0.998887 1.000000 1.000000 1.000000 0.173998 0.000000 1.000000 1.000000 1.000000 1.000000 0.000000 0.000000 0.000000 0.000000 1.000000 1.000000 1.000000 1.000000 0.854177 0.000000 0.000000 0.000000 0.000000 0.000000 0.000000 1.000000 1.000000 1.000000 1.000000 1.000000 1.000000 1.000000 0.455814 0.000000 0.000000 0.000000 0.000000 0.000000 0.000000 0.000000 0.000000 0.000000 0.000000 0.000000 0.000000 0.000000 0.000000 0.000000 0.000000 0.000000 0.000000 0.000000 0.000000 0.000000 0.000000 0.000000 0.000000 0.000000 0.000000 0.000000 0.018107 0.722637 1.000000 1.000000 1.000000 1.000000 0.000000 0.000000 1.000000 1.000000 1.000000 1.000000 0.000000 0.000000 0.000000 0.000000 0.001592 1.000000 1.000000 0.000000 0.000000 0.000000 0.000000 0.389381 0.989753 1.000000 0.524429 0.000000 0.000000 0.000000 0.000000 0.000000 0.000000 0.000000 0.000000 0.000000 0.000000 0.000000 0.000000 0.000000 0.000000 0.000000 0.000000 0.000000 0.000000 0.000000 0.000000 0.000000 0.000000 0.000000 0.000000 0.000000 0.000000 0.000000 1.000000 1.000000 1.000000 1.000000 1.000000 0.000000 0.000000 0.000000 0.000000 0.000000 1.000000 1.000000 1.000000 1.000000 0.000000 0.000000 0.000000 0.000000 0.000000 0.798708 0.000000 0.000000 0.000000 0.000000 0.333883 0.418446 0.300356 0.128076 0.013459 0.006846 0.102975 0.261686 0.431469 0.568339 0.646577 0.661184 0.624066 0.556705 0.482235 0.419013 0.376972 0.357052 0.353180 0.355822 0.355887 0.347881 0.331611 0.312059 0.297613 0.297298 0.317554 0.359751 0.418880 0.483877 0.539763 0.571029 0.565528 0.518139 0.432946 0.323451 0.210291 0.116874 0.063507 0.061602 0.109415 0.190872 0.278650 0.341464 0.354542 0.310531 0.227149 0.147112 0.126863 0.212755 0.408215 0.641703 0.753052 0.522060 0.000000 0.000000 0.000000 0.000000 0.264499
0.215700 0.010076 0.027710 0.121747 0.207002 0.253086 0.262565 0.250894 0.233576 0.220453 0.214979 0.216054 0.220528 0.225270 0.228322 0.229180 0.228458 0.227284 0.226701 0.227285 0.229016 0.231400 0.233722 0.235337 0.235901 0.235472 0.234479 0.233571 0.233414 0.234483 0.236926 0.240516 0.244720 0.248844 0.252232 0.254444 0.255383 0.255316 0.254790 0.254467 0.254909 0.256391 0.258800 0.261653 0.264267 0.266026 0.266683 0.266569 0.266617 0.268104 0.272109 0.278797 0.286756 0.292710 0.291969 0.279857 0.254047 0.217226 0.178806 0.153723 0.156053 0.186019 0.212051 0.156900 0.160800 0.175099 0.172000 0.165311 0.161183 0.160497 0.161826 0.163497 0.164528 0.164742 0.164485 0.164245 0.164381 0.165003 0.165990 0.167092 0.168053 0.168700 0.168987 0.168976 0.168801 0.168600 0.168473 0.168455 0.168514 0.168589 0.168619 0.168583 0.168524 0.168542 0.168769 0.169327 0.170280 0.171594 0.173125 0.174635 0.175840 0.176488 0.176431 0.175696 0.174511 0.173280 0.172500 0.172635 0.173965 0.176460 0.179717 0.183006 0.185444 0.186272 0.185194 0.182652 0.179905 0.178781 0.181015 0.187210 0.195703 0.201845 0.198520 0.178874 0.142009 0.101431 0.093733 0.180400 0.184300 0.043415 0.056089 0.118436 0.172680 0.199969 0.203664 0.194913 0.183940 0.176596 0.174342 0.175841 0.178784 0.181240 0.182280 0.181979 0.181040 0.180302 0.180346 0.181290 0.182808 0.184300 0.185132 0.184865 0.183391 0.180959 0.178086 0.175397 0.173443 0.172547 0.172729 0.173712 0.175020 0.176122 0.176595 0.176243 0.175155 0.173666 0.172244 0.171326 0.171154 0.171669 0.172500 0.173076 0.172833 0.171464 0.169130 0.166524 0.164714 0.164751 0.167109 0.171125 0.174741 0.174831 0.168369 0.154424 0.136530 0.124356 0.132863 0.176713 0.257907 0.346708 0.361091 0.160800 0.160800 0.205267 0.220233 0.201471 0.164609 0.129896 0.112226 0.117357 0.142729 0.180598 0.221637 0.257812 0.284020 0.298499 0.302304 0.298287 0.289964 0.280560 0.272408 0.266715 0.263663 0.262700 0.262923 0.263423 0.263529 0.262914 0.261578 0.259738 0.257688 0.255669 0.253793 0.252029 0.250256 0.248343 0.246236 0.244016 0.241893 0.240150 0.239035 0.238644 0.238836 0.239212 0.239200 0.238222 0.235924 0.232398 0.228295 0.224765 0.223160 0.224527 0.228988 0.235233 0.240405 0.240676 0.232699 0.215838 0.194617 0.180197 0.189031 0.236478 0.323588 0.417481 0.431189 0.219600
0.219600 0.371050 0.356591 0.288029 0.228149 0.197937 0.194205 0.204956 0.218804 0.228877 0.233052 0.232427 0.229437 0.226387 0.224685 0.224695 0.226011 0.227881 0.229599 0.230746 0.231269 0.231400 0.231521 0.232004 0.233094 0.234868 0.237243 0.240031 0.243008 0.245964 0.248724 0.251147 0.253100 0.254443 0.255044 0.254819 0.253813 0.252277 0.250720 0.249875 0.250574 0.253487 0.258800 0.265872 0.273008 0.277472 0.275856 0.264870 0.242481 0.209200 0.169142 0.130330 0.103693 0.100344 0.127092 0.180910 0.244050 0.282761 0.253608 0.121653 0.000000 0.000000 0.000000 0.156900 0.160800 0.000000 0.000000 0.076543 0.146684 0.183558 0.190131 0.179818 0.165603 0.155434 0.151837 0.153619 0.158025 0.162436 0.165271 0.166154 0.165593 0.164474 0.163597 0.163394 0.163868 0.164700 0.165453 0.165775 0.165536 0.164861 0.164069 0.163538 0.163568 0.164260 0.165480 0.166893 0.168071 0.168640 0.168413 0.167476 0.166187 0.165080 0.164706 0.165434 0.167292 0.169894 0.172500 0.174218 0.174311 0.172523 0.169317 0.165895 0.163930 0.164981 0.169719 0.177196 0.184518 0.187307 0.181257 0.164735 0.141852 0.124622 0.131972 0.182808 0.280678 0.390137 0.411324 0.172500 0.176500 0.170138 0.168282 0.169456 0.171965 0.174477 0.176225 0.176954 0.176768 0.175958 0.174861 0.173769 0.172885 0.172309 0.172057 0.172076 0.172278 0.172556 0.172802 0.172920 0.172835 0.172500 0.171899 0.171051 0.170005 0.168839 0.167650 0.166540 0.165601 0.164903 0.164479 0.164320 0.164376 0.164564 0.164787 0.164949 0.164985 0.164874 0.164650 0.164399 0.164244 0.164312 0.164700 0.165433 0.166439 0.167538 0.168463 0.168912 0.168629 0.167492 0.165598 0.163302 0.161183 0.159912 0.160015 0.161579 0.163968 0.165714 0.164765 0.159302 0.149246 0.138303 0.135847 0.156900 0.156900 0.962024 0.911070 0.548333 0.207959 0.020655 0.000000 0.042760 0.126950 0.191885 0.218246 0.208604 0.177890 0.144019 0.121218 0.116835 0.131166 0.159281 0.193700 0.226972 0.253533 0.270600 0.278135 0.278154 0.273701 0.267826 0.262810 0.259779 0.258709 0.258745 0.258687 0.257484 0.254605 0.250193 0.244989 0.240072 0.236501 0.234969 0.235575 0.237777 0.240542 0.242657 0.243100 0.241375 0.237689 0.232909 0.228291 0.225050 0.223902 0.224761 0.226717 0.228393 0.228589 0.226988 0.224558 0.223240 0.224702 0.228371 0.229681 0.220350 0.193164 0.153335 0.135737 0.219600
0.698406 1.000000 1.000000 1.000000 1.000000 0.000000 0.000000 0.000000 0.000000 1.000000 1.000000 1.000000 1.000000 0.812361 0.000000 0.000000 0.000000 0.000000 0.000000 0.603780 1.000000 1.000000 1.000000 0.666201 0.113085 0.000000 0.000000 0.000000 0.000000 0.000000 0.000000 0.110527 0.432506 0.618516 0.648241 0.543836 0.360220 0.167653 0.031195 0.000000 0.057598 0.197386 0.355526 0.467607 0.483204 0.385636 0.202503 0.001870 0.000000 0.000000 0.080821 0.391863 0.686165 0.775171 0.493364 0.000000 0.000000 0.000000 0.000000 0.662885 0.189249 0.000000 0.000000 0.113534 0.098271 1.000000 1.000000 1.000000 0.417888 0.000000 0.000000 0.000000 0.040515 0.382095 0.503500 0.439955 0.282922 0.125217 0.028204 0.011791 0.061253 0.142663 0.219453 0.264883 0.268126 0.234020 0.178253 0.120447 0.077597 0.059550 0.067416 0.094757 0.130731 0.163998 0.186154 0.193773 0.188636 0.176281 0.163511 0.155662 0.154634 0.158268 0.161336 0.157866 0.144020 0.120548 0.093755 0.074349 0.074104 0.101094 0.155010 0.224488 0.288331 0.321564 0.305815 0.241162 0.154636 0.099023 0.136303 0.303846 0.569124 0.791013 0.719852 0.080476 0.000000 0.000000 0.000000 0.112500 0.120539 0.000000 0.000000 0.000000 0.000000 0.835828 1.000000 0.768401 0.395578 0.103808 0.000000 0.000000 0.044494 0.131812 0.188873 0.202876 0.183902 0.153179 0.131339 0.130386 0.150849 0.183643 0.214918 0.231737 0.226701 0.200246 0.160243 0.119302 0.090781 0.084712 0.104797 0.147253 0.201739 0.254079 0.290010 0.298970 0.276896 0.227304 0.160355 0.090132 0.030866 0.000000 0.000000 0.000000 0.018849 0.050268 0.079183 0.103745 0.128685 0.162491 0.211040 0.269600 0.316875 0.316079 0.227626 0.035100 0.000000 0.000000 0.000000 0.262843 1.000000 1.000000 1.000000 0.193136 0.215949 1.000000 1.000000 1.000000 0.216799 0.000000 0.000000 0.000000 0.170900 0.237299 0.250560 0.229938 0.194568 0.155092 0.114904 0.075563 0.041473 0.021088 0.024444 0.058476 0.122596 0.206560 0.291787 0.356026 0.380057 0.354394 0.283836 0.188241 0.098821 0.050557 0.072389 0.177656 0.357521 0.579603 0.792961 0.939182 0.967467 0.850447 0.596396 0.253837 0.000000 0.000000 0.000000 0.000000 0.130066 0.641024 1.000000 1.000000 1.000000 0.584145 0.000000 0.000000 0.000000 0.000000 0.000000 1.000000 1.000000 1.000000 1.000000 0.000000 0.000000 0.000000 0.000000 0.000000
0.646894 1.000000 1.000000 1.000000 0.897725 0.000000 0.000000 0.000000 0.000000 1.000000 1.000000 1.000000 1.000000 0.761854 0.000000 0.000000 0.000000 0.000000 0.000000 0.570219 1.000000 1.000000 1.000000 0.631948 0.119925 0.000000 0.000000 0.000000 0.000000 0.000000 0.000000 0.123898 0.426745 0.600909 0.626738 0.525177 0.348784 0.165124 0.036875 0.003880 0.071820 0.210828 0.364818 0.469635 0.475341 0.366260 0.171858 0.000000 0.000000 0.000000 0.067570 0.404537 0.723219 0.821947 0.521911 0.000000 0.000000 0.000000 0.000000 0.712831 0.699050 0.000000 0.000000 0.114248 0.101819 1.000000 1.000000 1.000000 0.398350 0.000000 0.000000 0.000000 0.047403 0.362471 0.475005 0.417106 0.272804 0.127547 0.037948 0.022510 0.067828 0.142752 0.213603 0.255687 0.258914 0.227622 0.176174 0.122626 0.082676 0.065498 0.072246 0.097114 0.130205 0.161096 0.182008 0.189683 0.185628 0.174811 0.163379 0.156203 0.155043 0.157987 0.160347 0.156755 0.143786 0.122191 0.097770 0.080304 0.080513 0.105696 0.155466 0.219320 0.277783 0.307975 0.293119 0.233401 0.153728 0.102599 0.136912 0.290906 0.534686 0.738732 0.674002 0.088114 0.000000 0.000000 0.000000 0.116818 0.122433 0.000000 0.000000 0.000000 0.000000 0.792017 0.962296 0.725190 0.375533 0.103217 0.000000 0.000000 0.052940 0.135283 0.188384 0.200492 0.181422 0.151415 0.130078 0.128781 0.148034 0.179235 0.209277 0.225901 0.222061 0.198084 0.161285 0.123441 0.097025 0.091395 0.109987 0.149246 0.199506 0.247569 0.280216 0.287735 0.266520 0.220024 0.157854 0.093165 0.039106 0.005299 0.000000 0.006555 0.030958 0.059266 0.084612 0.105748 0.127715 0.159012 0.205403 0.262219 0.308725 0.309237 0.225468 0.041525 0.000000 0.000000 0.000000 0.259390 1.000000 1.000000 1.000000 0.189716 0.213000 1.000000 1.000000 1.000000 0.130248 0.000000 0.000000 0.147536 0.213355 0.182925 0.161818 0.158466 0.165891 0.168939 0.154394 0.118695 0.070351 0.026755 0.007345 0.025831 0.084448 0.172102 0.266996 0.342915 0.377315 0.358786 0.291713 0.196614 0.105751 0.054941 0.073394 0.174239 0.348331 0.563392 0.769445 0.909951 0.936549 0.824048 0.581646 0.256636 0.000000 0.000000 0.000000 0.000000 0.139167 0.613114 1.000000 1.000000 1.000000 0.554523 0.000000 0.000000 0.000000 0.000000 0.000000 1.000000 1.000000 1.000000 1.000000 0.000000 0.000000 0.000000 0.000000 0.000000
0.426978 1.000000 1.000000 1.000000 0.529583 0.000000 0.000000 0.000000 0.000000 0.614955 1.000000 1.000000 1.000000 0.500058 0.000000 0.000000 0.000000 0.000000 0.090814 0.399304 0.624730 0.707272 0.634497 0.437106 0.174861 0.000000 0.000000 0.000000 0.000000 0.000000 0.000000 0.187037 0.345987 0.436631 0.448499 0.392942 0.298420 0.201537 0.136134 0.123328 0.165162 0.243783 0.326735 0.377320 0.367482 0.289474 0.162287 0.029517 0.000000 0.000000 0.094832 0.305814 0.506294 0.570510 0.385739 0.000000 0.000000 0.000000 0.000000 0.511039 0.883859 0.057573 0.000000 0.132104 0.128565 1.000000 1.000000 1.000000 0.278721 0.000000 0.000000 0.000000 0.100761 0.260472 0.318308 0.289927 0.217401 0.143814 0.097959 0.089508 0.111994 0.149858 0.186081 0.208030 0.210361 0.195024 0.169112 0.141720 0.120882 0.111439 0.114218 0.126492 0.143379 0.159609 0.171119 0.176043 0.174894 0.169971 0.164268 0.160262 0.158988 0.159713 0.160329 0.158334 0.152090 0.141912 0.130522 0.122568 0.123174 0.135859 0.160455 0.191914 0.220826 0.236080 0.229454 0.200887 0.162296 0.137102 0.152953 0.226729 0.344402 0.443700 0.413886 0.132398 0.000000 0.000000 0.000000 0.142598 0.143536 0.000000 0.000000 0.000000 0.041484 0.491809 0.578595 0.454114 0.272299 0.131767 0.067982 0.070885 0.109497 0.152382 0.179376 0.184638 0.173598 0.157065 0.145394 0.144546 0.154717 0.171316 0.187391 0.196466 0.194818 0.182608 0.163659 0.144114 0.130472 0.127575 0.137168 0.157347 0.183051 0.207419 0.223632 0.226752 0.215055 0.190490 0.158166 0.124961 0.097641 0.081038 0.076807 0.083191 0.095938 0.110124 0.122293 0.132096 0.142563 0.158494 0.183079 0.213735 0.239111 0.239777 0.194963 0.096072 0.000000 0.000000 0.000000 0.213276 0.801431 1.000000 1.000000 0.173268 0.188027 1.000000 1.000000 0.988373 0.072942 0.208401 0.193151 0.292253 0.222888 0.129109 0.089977 0.101496 0.138873 0.173124 0.183871 0.165510 0.126683 0.084871 0.058887 0.061932 0.097251 0.157334 0.226532 0.286053 0.319784 0.319259 0.286462 0.233678 0.180426 0.148208 0.154365 0.206626 0.299799 0.415677 0.526465 0.601248 0.614191 0.552529 0.422237 0.249467 0.076579 0.000000 0.000000 0.003261 0.189358 0.432189 0.653667 0.762665 0.683449 0.389118 0.000000 0.000000 0.000000 0.000000 0.000000 1.000000 1.000000 1.000000 1.000000 0.000000 0.000000 0.000000 0.000000 0.000000
0.238396 1.000000 1.000000 0.731967 0.240127 0.000000 0.000000 0.000000 0.122927 0.262370 0.347059 0.365009 0.329577 0.267191 0.205523 0.164985 0.154689 0.172531 0.208264 0.248020 0.278830 0.292036 0.284993 0.260957 0.227506 0.194083 0.169370 0.159155 0.165124 0.184790 0.212470 0.240991 0.263667 0.276033 0.276910 0.268536 0.255736 0.244335 0.239238 0.242690 0.253257 0.265908 0.273309 0.268150 0.245930 0.207391 0.159683 0.115499 0.089815 0.094619 0.132832 0.193510 0.250924 0.270016 0.219533 0.091599 0.000000 0.000000 0.000000 0.255673 0.667837 0.933147 0.877170 0.150065 0.153244 0.398349 0.381353 0.271394 0.169994 0.115564 0.106621 0.124747 0.150227 0.169713 0.177903 0.175799 0.167738 0.158636 0.152153 0.149932 0.151718 0.156001 0.160824 0.164493 0.166017 0.165242 0.162724 0.159434 0.156419 0.154505 0.154117 0.155228 0.157436 0.160126 0.162653 0.164506 0.165417 0.165381 0.164616 0.163459 0.162257 0.161271 0.160621 0.160293 0.160192 0.160222 0.160361 0.160696 0.161402 0.162661 0.164545 0.166904 0.169327 0.171211 0.171959 0.171281 0.169476 0.167560 0.167049 0.169293 0.174396 0.180079 0.181215 0.171163 0.146140 0.113290 0.101025 0.165360 0.162111 0.002012 0.004821 0.039532 0.151874 0.210518 0.220214 0.202515 0.178400 0.160767 0.153736 0.155342 0.161052 0.166576 0.169383 0.169002 0.166479 0.163498 0.161550 0.161405 0.162970 0.165479 0.167865 0.169188 0.168940 0.167196 0.164548 0.161893 0.160138 0.159914 0.161386 0.164195 0.167559 0.170487 0.172056 0.171664 0.169204 0.165100 0.160192 0.155505 0.151968 0.150148 0.150103 0.151391 0.153260 0.154956 0.156061 0.156715 0.157604 0.159637 0.163354 0.168234 0.172251 0.172053 0.164165 0.147266 0.125131 0.108953 0.116815 0.167366 0.264853 0.375072 0.398267 0.158935 0.164410 0.359717 0.305606 0.095289 0.080838 0.331402 0.366848 0.309329 0.200110 0.114138 0.081679 0.095028 0.131360 0.166887 0.185817 0.183484 0.164855 0.140408 0.121395 0.116013 0.127325 0.153093 0.187160 0.221699 0.249595 0.266311 0.270827 0.265530 0.255212 0.245503 0.241194 0.244889 0.256311 0.272411 0.288263 0.298479 0.298820 0.287554 0.266210 0.239464 0.214124 0.197371 0.194654 0.207774 0.233723 0.264768 0.290013 0.298335 0.282149 0.241068 0.184244 0.130115 0.102653 0.123919 0.203918 0.330302 0.462001 0.532123 0.465538 0.214674 0.000000 0.000000 0.000000 0.179501
0.145182 0.000000 0.000000 0.000000 0.121082 0.996109 1.000000 0.925851 0.484677 0.095100 0.000000 0.000000 0.000000 0.144899 0.308168 0.406861 0.423019 0.367909 0.271835 0.171566 0.099071 0.073882 0.100089 0.167670 0.257009 0.345009 0.411142 0.442085 0.434114 0.392986 0.331647 0.266485 0.213122 0.182719 0.179612 0.200730 0.236853 0.275336 0.303611 0.312572 0.299010 0.266417 0.223901 0.183410 0.155921 0.147675 0.157618 0.177113 0.192483 0.190137 0.163068 0.116561 0.070362 0.054625 0.098197 0.210283 0.335913 0.345317 0.319595 0.063840 0.262692 0.977028 1.000000 0.160973 0.166557 0.000000 0.000000 0.000000 0.112103 0.289039 0.314242 0.254855 0.177168 0.122481 0.104151 0.115608 0.141375 0.166232 0.180524 0.181585 0.172381 0.158803 0.146877 0.140752 0.141810 0.148841 0.158963 0.168831 0.175728 0.178266 0.176555 0.171921 0.166299 0.161550 0.158899 0.158646 0.160215 0.162470 0.164207 0.164635 0.163687 0.162061 0.160960 0.161606 0.164679 0.169881 0.175804 0.180226 0.180805 0.176026 0.166081 0.153328 0.141970 0.136804 0.141175 0.154710 0.171785 0.181930 0.173225 0.138970 0.086415 0.043986 0.060752 0.189711 0.446853 0.744333 0.814111 0.176683 0.170933 0.564217 0.571347 0.498731 0.211882 0.055816 0.024044 0.065575 0.128013 0.177241 0.200471 0.200547 0.187725 0.172726 0.162649 0.159810 0.162649 0.167667 0.171373 0.171657 0.168303 0.162719 0.157163 0.153813 0.153983 0.157727 0.163869 0.170416 0.175200 0.176536 0.173726 0.167269 0.158727 0.150310 0.144283 0.142353 0.145220 0.152388 0.162303 0.172779 0.181596 0.187101 0.188634 0.186641 0.182415 0.177535 0.173178 0.169575 0.165874 0.160597 0.152680 0.142781 0.134270 0.133102 0.145799 0.175298 0.215333 0.245716 0.232749 0.140571 0.000000 0.000000 0.000000 0.151787 0.150729 0.000000 0.000000 0.000000 0.135179 0.288502 0.336908 0.223696 0.161587 0.134195 0.124313 0.128842 0.141268 0.155329 0.166723 0.173366 0.174908 0.172116 0.166441 0.159810 0.154524 0.153079 0.157814 0.170354 0.191008 0.218281 0.248729 0.277304 0.298215 0.306173 0.297792 0.272783 0.234601 0.190262 0.149241 0.121536 0.115253 0.134216 0.176264 0.232779 0.289881 0.331324 0.342709 0.316178 0.254349 0.172097 0.094967 0.053537 0.074106 0.167346 0.318049 0.480226 0.582190 0.545216 0.316277 0.000000 0.000000 0.000000 0.000000 0.336525 1.000000 1.000000 1.000000 0.321629
0.134510 0.000000 0.000000 0.000000 0.132280 1.000000 1.000000 1.000000 0.527003 0.084262 0.000000 0.000000 0.000000 0.122709 0.315859 0.436673 0.460823 0.398777 0.284934 0.163116 0.072826 0.039374 0.069401 0.151778 0.262724 0.373269 0.456992 0.496235 0.485561 0.431968 0.352132 0.267568 0.198985 0.161185 0.159703 0.189892 0.238626 0.288169 0.321211 0.325820 0.298974 0.247646 0.186956 0.135675 0.110100 0.118003 0.154638 0.202587 0.236461 0.232095 0.178169 0.086436 0.000000 0.000000 0.045253 0.259198 0.514784 0.571474 0.522714 0.000000 0.000000 0.571953 0.747609 0.164247 0.168976 0.000000 0.000000 0.000000 0.102065 0.317969 0.349435 0.277403 0.182364 0.114863 0.091607 0.104972 0.136265 0.166881 0.184830 0.186597 0.175591 0.158911 0.143959 0.135954 0.136778 0.145133 0.157595 0.170073 0.179138 0.182918 0.181360 0.175926 0.168907 0.162603 0.158629 0.157534 0.158803 0.161204 0.163337 0.164204 0.163595 0.162174 0.161211 0.162050 0.165473 0.171186 0.177651 0.182395 0.182778 0.177065 0.165442 0.150558 0.137189 0.130833 0.135387 0.150541 0.169985 0.181813 0.172343 0.133723 0.073941 0.025204 0.043522 0.189758 0.482879 0.823270 0.904719 0.177624 0.171167 0.672145 0.677932 0.580942 0.221297 0.026864 0.000000 0.041047 0.118993 0.179706 0.207657 0.206884 0.190528 0.172061 0.160220 0.157632 0.162069 0.168943 0.173792 0.174002 0.169411 0.161932 0.154532 0.150026 0.150095 0.154781 0.162549 0.170835 0.176876 0.178548 0.175006 0.166928 0.156340 0.146055 0.138920 0.137035 0.141188 0.150646 0.163349 0.176482 0.187248 0.193637 0.194951 0.191913 0.186295 0.180167 0.174995 0.170938 0.166721 0.160273 0.150133 0.137192 0.125985 0.124481 0.141374 0.180539 0.233619 0.273827 0.256587 0.134618 0.000000 0.000000 0.000000 0.150948 0.146645 0.000000 0.000000 0.132560 0.199175 0.163425 0.199279 0.105331 0.125791 0.168219 0.183175 0.175535 0.158308 0.144428 0.141505 0.150186 0.165505 0.179971 0.186969 0.183343 0.170494 0.153841 0.140987 0.139236 0.153174 0.183015 0.224141 0.267967 0.303942 0.322196 0.316224 0.284912 0.233378 0.172330 0.115944 0.078654 0.071510 0.098941 0.156788 0.232288 0.306320 0.357742 0.369057 0.332178 0.252716 0.151180 0.059925 0.015452 0.046930 0.163283 0.342602 0.528568 0.638544 0.586367 0.319151 0.000000 0.000000 0.000000 0.000000 0.322990 1.000000 1.000000 1.000000 0.341472
0.166987 0.000000 0.000000 0.000000 0.195148 0.694670 0.821792 0.673158 0.403246 0.149822 0.000000 0.000000 0.036295 0.156301 0.274731 0.352686 0.372467 0.337838 0.268490 0.191501 0.132576 0.109229 0.127192 0.180348 0.253639 0.327837 0.384820 0.412037 0.405208 0.368788 0.314241 0.256702 0.210890 0.187310 0.189644 0.213969 0.249987 0.283979 0.302756 0.297594 0.267084 0.217987 0.163679 0.120327 0.101658 0.113736 0.151492 0.198600 0.231669 0.228526 0.178786 0.093303 0.007876 0.000000 0.051340 0.250160 0.496655 0.580041 0.525268 0.000000 0.000000 0.153390 0.265727 0.162389 0.164937 0.000000 0.000000 0.000000 0.119891 0.264335 0.285738 0.237907 0.174498 0.129301 0.113569 0.122301 0.143064 0.163435 0.175380 0.176515 0.169099 0.157877 0.147825 0.142470 0.143113 0.148909 0.157568 0.166324 0.172829 0.175767 0.175039 0.171581 0.166912 0.162585 0.159727 0.158765 0.159415 0.160900 0.162307 0.162955 0.162669 0.161836 0.161252 0.161778 0.163928 0.167536 0.171635 0.174643 0.174861 0.171162 0.163648 0.154011 0.145327 0.141152 0.144023 0.153763 0.166310 0.173964 0.167850 0.142850 0.104105 0.072493 0.084387 0.179393 0.369968 0.591520 0.645021 0.172825 0.166991 0.487415 0.491127 0.430782 0.199460 0.074829 0.050448 0.084361 0.134155 0.172686 0.190228 0.189583 0.179285 0.167943 0.161022 0.160023 0.163343 0.167928 0.170891 0.170610 0.167094 0.161704 0.156463 0.153259 0.153196 0.156273 0.161442 0.166977 0.171030 0.172192 0.169905 0.164632 0.157719 0.151035 0.146456 0.145357 0.148234 0.154574 0.162987 0.171588 0.178519 0.182455 0.182956 0.180537 0.176416 0.172010 0.168333 0.165524 0.162748 0.158619 0.152125 0.143786 0.136519 0.135520 0.146504 0.172064 0.206804 0.233231 0.222140 0.142474 0.000000 0.000000 0.000000 0.153351 0.148283 0.090552 0.202920 0.532830 0.242328 0.047592 0.063536 0.017181 0.105072 0.195694 0.227107 0.210554 0.172432 0.138212 0.123057 0.129458 0.150052 0.173015 0.187577 0.187919 0.174660 0.153987 0.135101 0.126979 0.135456 0.161399 0.200380 0.243842 0.281371 0.303473 0.304127 0.282495 0.243359 0.196153 0.152787 0.124741 0.120103 0.141259 0.183860 0.237429 0.287634 0.319836 0.323178 0.294224 0.239083 0.173159 0.118067 0.095938 0.122103 0.197916 0.306038 0.410630 0.464374 0.422863 0.264679 0.012436 0.000000 0.000000 0.000000 0.245960 1.000000 1.000000 1.000000 0.296047
0.206778 0.298849 0.258850 0.203538 0.246896 0.263972 0.280836 0.278103 0.254266 0.220543 0.191710 0.178473 0.183809 0.203295 0.228098 0.248852 0.258948 0.256307 0.243429 0.226011 0.210801 0.203413 0.206723 0.220219 0.240377 0.261849 0.279082 0.287896 0.286609 0.276418 0.260979 0.245290 0.234209 0.230978 0.236180 0.247419 0.259860 0.267529 0.265092 0.249624 0.221878 0.186585 0.151555 0.125630 0.115915 0.125024 0.149270 0.178681 0.199420 0.198497 0.169830 0.119716 0.069071 0.049650 0.092393 0.208443 0.360589 0.443354 0.397124 0.051769 0.000000 0.000000 0.010763 0.158480 0.159039 0.000000 0.000000 0.059884 0.145244 0.189825 0.196625 0.182083 0.162658 0.148750 0.143852 0.146457 0.152761 0.158945 0.162536 0.162801 0.160444 0.156947 0.153867 0.152318 0.152718 0.154809 0.157869 0.161013 0.163475 0.164801 0.164921 0.164100 0.162797 0.161505 0.160598 0.160245 0.160391 0.160820 0.161260 0.161494 0.161443 0.161200 0.160984 0.161050 0.161565 0.162507 0.163624 0.164480 0.164593 0.163630 0.161601 0.158968 0.156593 0.155483 0.156361 0.159178 0.162766 0.164905 0.163032 0.155675 0.144343 0.135142 0.138713 0.166669 0.222714 0.288016 0.304332 0.166781 0.162278 0.205790 0.209368 0.211387 0.168346 0.145339 0.140805 0.146800 0.155547 0.162260 0.165385 0.165589 0.164436 0.163365 0.163142 0.163793 0.164830 0.165605 0.165619 0.164708 0.163071 0.161164 0.159530 0.158615 0.158631 0.159506 0.160919 0.162398 0.163464 0.163766 0.163174 0.161818 0.160046 0.158337 0.157171 0.156902 0.157663 0.159330 0.161546 0.163814 0.165621 0.166571 0.166486 0.165442 0.163735 0.161775 0.159942 0.158459 0.157321 0.156336 0.155275 0.154096 0.153149 0.153213 0.155244 0.159753 0.165915 0.170742 0.169037 0.155055 0.126904 0.093974 0.085785 0.156115 0.151677 0.806947 0.835585 0.821357 0.250574 0.000000 0.000000 0.000000 0.103325 0.205131 0.240032 0.221202 0.177906 0.137924 0.117744 0.120419 0.138794 0.161173 0.176856 0.179883 0.170323 0.153326 0.136715 0.128107 0.132470 0.150746 0.179776 0.213390 0.244262 0.265944 0.274560 0.269719 0.254461 0.234306 0.215672 0.204103 0.202772 0.211659 0.227613 0.245321 0.258906 0.263750 0.258012 0.243352 0.224593 0.208272 0.200459 0.204443 0.219112 0.238775 0.254853 0.259230 0.248328 0.226192 0.204522 0.197951 0.214389 0.243114 0.247303 0.171886 0.295596 0.549845 0.577707 0.238356
0.233429 1.000000 1.000000 0.767036 0.259460 0.021239 0.000000 0.045333 0.160447 0.257932 0.308928 0.311618 0.281019 0.238037 0.201054 0.181269 0.181597 0.198157 0.223117 0.247771 0.265042 0.270985 0.265185 0.250250 0.230705 0.211661 0.197596 0.191459 0.194242 0.205004 0.221261 0.239620 0.256484 0.268698 0.274032 0.271449 0.261153 0.244440 0.223423 0.200673 0.178845 0.160319 0.146886 0.139513 0.138177 0.141833 0.148525 0.155694 0.160690 0.161461 0.157304 0.149471 0.141315 0.137648 0.143073 0.159307 0.191255 0.252615 0.222775 0.136733 0.177228 0.105335 0.073989 0.154838 0.154296 0.305467 0.293289 0.225619 0.164951 0.133389 0.128687 0.139088 0.152892 0.162744 0.166198 0.164346 0.159879 0.155487 0.152902 0.152640 0.154224 0.156648 0.158867 0.160148 0.160235 0.159320 0.157890 0.156515 0.155664 0.155574 0.156223 0.157378 0.158695 0.159839 0.160584 0.160865 0.160769 0.160484 0.160216 0.160108 0.160181 0.160332 0.160371 0.160110 0.159453 0.158474 0.157431 0.156723 0.156762 0.157809 0.159822 0.162374 0.164709 0.165958 0.165499 0.163348 0.160441 0.158568 0.159807 0.165372 0.174116 0.181268 0.178498 0.156756 0.113277 0.063050 0.051967 0.162246 0.159238 0.000000 0.000000 0.038605 0.143672 0.200225 0.210878 0.194708 0.171283 0.153328 0.145564 0.146808 0.153035 0.160004 0.164824 0.166443 0.165349 0.162870 0.160440 0.159057 0.159050 0.160125 0.161608 0.162762 0.163062 0.162358 0.160890 0.159176 0.157823 0.157322 0.157892 0.159414 0.161466 0.163454 0.164785 0.165038 0.164092 0.162152 0.159684 0.157273 0.155430 0.154436 0.154249 0.154533 0.154806 0.154666 0.154024 0.153239 0.153063 0.154350 0.157562 0.162222 0.166569 0.167742 0.162756 0.150358 0.133372 0.120565 0.126238 0.165238 0.241147 0.327308 0.345448 0.157563 0.154292 1.000000 1.000000 0.882488 0.226017 0.025700 0.025992 0.029169 0.117422 0.195264 0.221759 0.207261 0.173916 0.142496 0.125305 0.124814 0.136163 0.151276 0.162745 0.166341 0.161811 0.152174 0.142134 0.136293 0.137723 0.147266 0.163605 0.183956 0.205070 0.224191 0.239701 0.251280 0.259610 0.265761 0.270508 0.273847 0.274901 0.272272 0.264774 0.252281 0.236380 0.220498 0.209279 0.207234 0.216917 0.237188 0.262266 0.282305 0.285900 0.264432 0.217305 0.156305 0.106577 0.101635 0.170728 0.319296 0.507329 0.636048 0.559180 0.138755 0.000000 0.000000 0.000000 0.199353
0.241792 1.000000 1.000000 0.819016 0.235752 0.007633 0.000000 0.017743 0.140716 0.255947 0.325406 0.338688 0.306873 0.252442 0.199276 0.165260 0.158545 0.177374 0.212555 0.251355 0.281544 0.294617 0.287557 0.263006 0.228030 0.191957 0.163904 0.150576 0.154810 0.175118 0.206255 0.240617 0.270100 0.287987 0.290435 0.277232 0.251673 0.219603 0.187858 0.162499 0.147278 0.142747 0.146280 0.153059 0.157789 0.156690 0.149129 0.138252 0.130158 0.131528 0.146208 0.171817 0.197976 0.207879 0.184421 0.120778 0.052764 0.085044 0.071961 0.207917 0.492769 0.415041 0.363096 0.152618 0.151854 0.462905 0.438345 0.299247 0.174086 0.108564 0.098326 0.119354 0.147619 0.167947 0.175234 0.171652 0.162703 0.153896 0.148794 0.148447 0.151847 0.156892 0.161387 0.163792 0.163562 0.161104 0.157457 0.153863 0.151358 0.150506 0.151319 0.153346 0.155878 0.158196 0.159784 0.160447 0.160315 0.159746 0.159161 0.158874 0.158972 0.159289 0.159472 0.159142 0.158077 0.156365 0.154460 0.153095 0.153053 0.154861 0.158484 0.163158 0.167479 0.169811 0.168958 0.164936 0.159504 0.156073 0.158611 0.169441 0.186323 0.199999 0.194285 0.151565 0.066404 0.000000 0.000000 0.160074 0.158370 0.000000 0.000000 0.000000 0.132381 0.223178 0.240097 0.214159 0.176872 0.148504 0.136368 0.138341 0.147883 0.158260 0.165033 0.166762 0.164445 0.160348 0.156789 0.155282 0.156192 0.158851 0.162003 0.164343 0.164986 0.163724 0.161035 0.157877 0.155346 0.154324 0.155204 0.157778 0.161309 0.164750 0.167055 0.167481 0.165805 0.162384 0.158046 0.153835 0.150691 0.149155 0.149204 0.150279 0.151525 0.152168 0.151921 0.151238 0.151259 0.153361 0.158367 0.165635 0.172463 0.174325 0.166410 0.146589 0.119252 0.098387 0.107052 0.169403 0.291608 0.430969 0.460915 0.157300 0.155229 1.000000 1.000000 0.728444 0.181187 0.111341 0.120072 0.107949 0.140321 0.172112 0.182916 0.177018 0.163200 0.149603 0.141099 0.138887 0.141481 0.146206 0.150528 0.152863 0.152812 0.150940 0.148352 0.146263 0.145722 0.147515 0.152217 0.160301 0.172172 0.188092 0.207970 0.231082 0.255835 0.279707 0.299459 0.311670 0.313517 0.303672 0.283047 0.255149 0.225803 0.202141 0.190928 0.196511 0.218918 0.252706 0.287236 0.308770 0.304435 0.267427 0.202146 0.127258 0.074374 0.080348 0.172480 0.348524 0.557218 0.689892 0.598094 0.153938 0.000000 0.000000 0.000000 0.187427
0.236518 0.969719 0.921558 0.531754 0.195945 0.143966 0.116528 0.129296 0.174024 0.229086 0.272228 0.289687 0.279579 0.250190 0.215189 0.188103 0.177930 0.186946 0.210896 0.241074 0.267412 0.281564 0.279188 0.260912 0.231877 0.200123 0.174305 0.161376 0.164799 0.183711 0.213199 0.245587 0.272396 0.286490 0.283872 0.264686 0.233164 0.196512 0.162980 0.139607 0.130236 0.134370 0.147285 0.161492 0.169268 0.165583 0.150493 0.130003 0.114654 0.115695 0.139540 0.182235 0.226507 0.244251 0.206595 0.101500 0.000000 0.000000 0.000000 0.247443 0.738898 0.747497 0.706469 0.151963 0.151476 0.447447 0.424856 0.292967 0.173742 0.110834 0.100417 0.119901 0.146557 0.165955 0.173166 0.170153 0.162050 0.154027 0.149433 0.149251 0.152527 0.157272 0.161412 0.163500 0.163035 0.160428 0.156693 0.153035 0.150465 0.149537 0.150270 0.152230 0.154724 0.157042 0.158663 0.159374 0.159283 0.158729 0.158124 0.157794 0.157854 0.158174 0.158435 0.158275 0.157455 0.156016 0.154335 0.153060 0.152914 0.154408 0.157562 0.161738 0.165708 0.167999 0.167504 0.164176 0.159530 0.156578 0.158865 0.168486 0.183451 0.195428 0.189804 0.150633 0.073008 0.000000 0.000000 0.159807 0.159047 0.000000 0.000000 0.000000 0.134042 0.215826 0.230756 0.207118 0.173496 0.148160 0.137579 0.139681 0.148441 0.157737 0.163590 0.164785 0.162334 0.158380 0.155084 0.153836 0.154940 0.157739 0.161022 0.163537 0.164420 0.163446 0.161035 0.158062 0.155551 0.154339 0.154823 0.156858 0.159806 0.162743 0.164735 0.165114 0.163676 0.160737 0.157036 0.153501 0.150962 0.149881 0.150206 0.151398 0.152653 0.153253 0.152936 0.152134 0.151920 0.153600 0.157979 0.164526 0.170809 0.172698 0.165759 0.147953 0.123148 0.103959 0.111320 0.167276 0.277649 0.403915 0.431239 0.155806 0.154740 0.714671 0.670406 0.447832 0.132006 0.218214 0.240534 0.198133 0.164246 0.144710 0.138215 0.141990 0.150027 0.156725 0.158949 0.156457 0.151148 0.145758 0.142598 0.142717 0.145683 0.149919 0.153422 0.154579 0.152837 0.149028 0.145263 0.144431 0.149427 0.162304 0.183566 0.211788 0.243674 0.274584 0.299436 0.313812 0.315036 0.302964 0.280270 0.252108 0.225132 0.206020 0.199795 0.208300 0.229278 0.256388 0.280400 0.291503 0.282392 0.251426 0.204908 0.157407 0.129180 0.140286 0.201861 0.306435 0.420680 0.485638 0.430251 0.203292 0.008764 0.000000 0.000000 0.196152
0.225717 0.313337 0.296955 0.165181 0.163042 0.312681 0.326486 0.277356 0.225012 0.198365 0.199411 0.215650 0.232239 0.239649 0.236043 0.225668 0.215326 0.210832 0.214706 0.225614 0.239315 0.250541 0.255001 0.250865 0.239320 0.224117 0.210319 0.202678 0.204129 0.214816 0.231944 0.250461 0.264416 0.268615 0.260133 0.239259 0.209589 0.177198 0.149046 0.131019 0.126153 0.133555 0.148475 0.163636 0.171607 0.167622 0.151910 0.130594 0.114353 0.114651 0.138181 0.181220 0.226473 0.245377 0.208177 0.101888 0.000000 0.000000 0.000000 0.251464 0.846559 0.961699 0.946257 0.152399 0.152268 0.338007 0.324971 0.242890 0.167876 0.127585 0.120092 0.131616 0.148087 0.160448 0.165477 0.164225 0.159755 0.155198 0.152602 0.152582 0.154571 0.157366 0.159717 0.160756 0.160205 0.158344 0.155831 0.153434 0.151794 0.151258 0.151828 0.153211 0.154947 0.156558 0.157688 0.158184 0.158107 0.157682 0.157197 0.156896 0.156894 0.157142 0.157454 0.157588 0.157351 0.156704 0.155810 0.155017 0.154755 0.155372 0.156963 0.159255 0.161618 0.163236 0.163435 0.162081 0.159889 0.158420 0.159586 0.164573 0.172359 0.178423 0.174710 0.152352 0.108604 0.058416 0.047929 0.160424 0.160234 0.000000 0.000000 0.057034 0.143894 0.189980 0.198034 0.184333 0.165229 0.151092 0.145493 0.147110 0.152390 0.157774 0.160988 0.161391 0.159648 0.157082 0.155013 0.154293 0.155110 0.157064 0.159403 0.161328 0.162259 0.161991 0.160712 0.158903 0.157164 0.156021 0.155770 0.156406 0.157644 0.159016 0.160027 0.160307 0.159721 0.158410 0.156741 0.155182 0.154151 0.153867 0.154268 0.155034 0.155708 0.155892 0.155458 0.154680 0.154205 0.154818 0.157032 0.160599 0.164187 0.165474 0.161910 0.152230 0.138431 0.127401 0.130744 0.160837 0.221209 0.290836 0.306193 0.153909 0.153589 0.249120 0.231996 0.149500 0.092079 0.311109 0.346218 0.273082 0.183040 0.121387 0.100772 0.112472 0.138414 0.161930 0.173488 0.171664 0.160926 0.148107 0.139144 0.137051 0.141422 0.149241 0.156451 0.159640 0.157314 0.150401 0.141950 0.136159 0.137071 0.147328 0.167306 0.194875 0.225836 0.254905 0.277014 0.288570 0.288374 0.277929 0.261064 0.242932 0.228632 0.221807 0.223613 0.232373 0.244096 0.253755 0.257041 0.252028 0.240163 0.226048 0.215824 0.214445 0.222722 0.235531 0.242752 0.234026 0.207059 0.176798 0.179616 0.263567 0.516857 0.532428 0.517887 0.213526
0.216324 0.000000 0.000000 0.000000 0.152813 0.418856 0.461072 0.377114 0.263487 0.180696 0.149110 0.160555 0.194007 0.228509 0.250532 0.255903 0.247917 0.233693 0.220525 0.213360 0.213797 0.220461 0.230234 0.239753 0.246606 0.249953 0.250447 0.249638 0.249113 0.249713 0.251075 0.251661 0.249249 0.241735 0.227985 0.208466 0.185418 0.162471 0.143752 0.132707 0.130968 0.137627 0.149242 0.160691 0.166763 0.164091 0.152821 0.137299 0.125192 0.124853 0.141340 0.172257 0.205307 0.219766 0.193662 0.116903 0.025251 0.029257 0.026765 0.226643 0.800043 0.985224 0.993883 0.153246 0.153283 0.214277 0.211666 0.185667 0.160675 0.146207 0.142371 0.145231 0.150425 0.154934 0.157465 0.158069 0.157496 0.156614 0.156040 0.156005 0.156403 0.156939 0.157295 0.157258 0.156782 0.155983 0.155082 0.154328 0.153918 0.153944 0.154383 0.155106 0.155924 0.156644 0.157119 0.157284 0.157162 0.156855 0.156505 0.156254 0.156199 0.156368 0.156710 0.157120 0.157463 0.157629 0.157564 0.157300 0.156947 0.156665 0.156613 0.156892 0.157497 0.158312 0.159136 0.159757 0.160049 0.160038 0.159905 0.159877 0.160008 0.159913 0.158649 0.154993 0.148467 0.141257 0.140732 0.160953 0.161029 0.114880 0.120327 0.147716 0.155949 0.159987 0.160231 0.158493 0.156534 0.155402 0.155352 0.156084 0.157070 0.157824 0.158069 0.157782 0.157138 0.156418 0.155902 0.155785 0.156132 0.156877 0.157853 0.158844 0.159636 0.160071 0.160071 0.159649 0.158896 0.157957 0.156994 0.156158 0.155558 0.155251 0.155242 0.155486 0.155910 0.156433 0.156976 0.157479 0.157901 0.158219 0.158420 0.158495 0.158437 0.158237 0.157900 0.157449 0.156937 0.156446 0.156076 0.155916 0.156009 0.156314 0.156682 0.156879 0.156648 0.155829 0.154488 0.153000 0.151977 0.151928 0.152630 0.152356 0.152518 0.000000 0.000000 0.000000 0.069466 0.366437 0.409119 0.316277 0.193331 0.107470 0.078730 0.094884 0.131006 0.164238 0.181499 0.180684 0.167583 0.151133 0.139107 0.135507 0.139980 0.148899 0.157364 0.161283 0.158854 0.151078 0.141288 0.133937 0.133096 0.141131 0.157934 0.180928 0.205798 0.227736 0.242828 0.249187 0.247474 0.240656 0.233029 0.228770 0.230453 0.238000 0.248497 0.257062 0.258645 0.250283 0.233057 0.212846 0.199168 0.201838 0.226010 0.267095 0.307962 0.321233 0.278909 0.169532 0.019254 0.000000 0.000000 0.313044 0.954119 1.000000 1.000000 0.228932
0.211909 0.000000 0.000000 0.000000 0.169635 0.419424 0.465660 0.388206 0.274132 0.183650 0.142113 0.146987 0.180416 0.221121 0.252513 0.266298 0.262356 0.246294 0.226173 0.209536 0.201431 0.203624 0.214869 0.231863 0.250468 0.266830 0.278152 0.283016 0.281311 0.273871 0.262024 0.247173 0.230550 0.213135 0.195749 0.179192 0.164366 0.152272 0.143862 0.139772 0.140022 0.143806 0.149498 0.154940 0.158010 0.157340 0.152960 0.146606 0.141407 0.140870 0.147256 0.159830 0.173719 0.180372 0.170415 0.139141 0.105157 0.126980 0.115131 0.185295 0.629596 0.822763 0.844238 0.153913 0.153892 0.128036 0.132426 0.145245 0.155015 0.158641 0.157594 0.154709 0.152310 0.151525 0.152375 0.154211 0.156195 0.157655 0.158251 0.157988 0.157117 0.155996 0.154968 0.154268 0.153997 0.154130 0.154557 0.155134 0.155727 0.156239 0.156621 0.156866 0.156990 0.157014 0.156956 0.156827 0.156636 0.156400 0.156154 0.155955 0.155876 0.155984 0.156318 0.156866 0.157544 0.158208 0.158674 0.158769 0.158391 0.157564 0.156473 0.155444 0.154871 0.155089 0.156206 0.157973 0.159723 0.160493 0.159348 0.155920 0.151021 0.147066 0.147874 0.157305 0.176275 0.198178 0.203988 0.160804 0.160947 0.226492 0.227306 0.217376 0.165273 0.137309 0.131870 0.139482 0.150634 0.159255 0.163156 0.162931 0.160449 0.157616 0.155673 0.155023 0.155411 0.156265 0.157033 0.157391 0.157315 0.157015 0.156799 0.156919 0.157467 0.158335 0.159248 0.159865 0.159889 0.159168 0.157761 0.155927 0.154071 0.152632 0.151973 0.152275 0.153488 0.155339 0.157408 0.159241 0.160478 0.160961 0.160770 0.160187 0.159581 0.159245 0.159247 0.159348 0.159054 0.157821 0.155386 0.152113 0.149193 0.148490 0.151870 0.159985 0.170776 0.178353 0.173384 0.146467 0.095823 0.039433 0.028424 0.151571 0.151968 0.000000 0.000000 0.000000 0.065952 0.376087 0.419245 0.323227 0.194631 0.104563 0.074323 0.091032 0.128711 0.163633 0.182243 0.182302 0.169643 0.153280 0.141034 0.136936 0.140689 0.148804 0.156600 0.160227 0.158048 0.151048 0.142284 0.135675 0.134587 0.140677 0.153349 0.169963 0.186716 0.199897 0.207150 0.208303 0.205508 0.202575 0.203657 0.211650 0.226824 0.246189 0.263980 0.273328 0.268803 0.249122 0.219032 0.189334 0.174335 0.186689 0.230640 0.295854 0.354999 0.368550 0.299246 0.135776 0.000000 0.000000 0.000000 0.338026 1.000000 1.000000 1.000000 0.236582
0.212608 0.080245 0.098781 0.143213 0.207431 0.323888 0.350928 0.316178 0.257331 0.205192 0.176607 0.174544 0.192176 0.218242 0.241810 0.255438 0.256466 0.246691 0.230956 0.215270 0.205013 0.203615 0.211915 0.228216 0.248908 0.269436 0.285362 0.293290 0.291479 0.280057 0.260839 0.236825 0.211512 0.188181 0.169295 0.156134 0.148722 0.146026 0.146373 0.147969 0.149374 0.149842 0.149403 0.148705 0.148632 0.149841 0.152357 0.155401 0.157561 0.157331 0.153901 0.147938 0.141971 0.139992 0.145982 0.161413 0.188393 0.233425 0.210662 0.140746 0.393157 0.537567 0.558444 0.154058 0.153889 0.095947 0.102612 0.129489 0.152019 0.162470 0.162753 0.158107 0.153229 0.150706 0.151008 0.153223 0.155953 0.158001 0.158729 0.158111 0.156574 0.154745 0.153220 0.152390 0.152388 0.153100 0.154257 0.155537 0.156655 0.157433 0.157813 0.157845 0.157640 0.157326 0.157005 0.156732 0.156516 0.156337 0.156179 0.156045 0.155975 0.156037 0.156297 0.156783 0.157454 0.158182 0.158769 0.158993 0.158685 0.157808 0.156519 0.155173 0.154248 0.154189 0.155197 0.157027 0.158893 0.159587 0.157903 0.153357 0.147051 0.142298 0.144390 0.158695 0.186391 0.217790 0.225060 0.159848 0.159954 0.287411 0.283432 0.246835 0.169143 0.127915 0.120431 0.132210 0.148877 0.161385 0.166622 0.165682 0.161540 0.157148 0.154374 0.153749 0.154773 0.156456 0.157854 0.158413 0.158080 0.157206 0.156327 0.155924 0.156235 0.157187 0.158429 0.159468 0.159841 0.159272 0.157770 0.155638 0.153393 0.151624 0.150822 0.151236 0.152801 0.155143 0.157689 0.159833 0.161116 0.161370 0.160776 0.159794 0.158984 0.158769 0.159201 0.159848 0.159885 0.158411 0.154962 0.150044 0.145452 0.144048 0.148745 0.160675 0.176910 0.188736 0.182177 0.143007 0.068269 0.000000 0.000000 0.151610 0.152012 0.000000 0.000000 0.000000 0.078196 0.345758 0.382880 0.299579 0.188682 0.111065 0.084806 0.098825 0.130905 0.160815 0.177018 0.177576 0.167358 0.153882 0.143645 0.139980 0.142654 0.148848 0.154821 0.157559 0.155852 0.150557 0.144078 0.139352 0.138715 0.143051 0.151486 0.161704 0.170790 0.176313 0.177300 0.174768 0.171580 0.171623 0.178466 0.193891 0.216778 0.242792 0.265172 0.276624 0.271931 0.250557 0.218279 0.186875 0.171264 0.184165 0.229366 0.295811 0.355594 0.369156 0.299885 0.137474 0.000000 0.000000 0.000000 0.334895 1.000000 1.000000 1.000000 0.235848
0.216322 0.583587 0.592604 0.472224 0.253754 0.176847 0.171425 0.197742 0.224285 0.236692 0.235030 0.226661 0.219548 0.218240 0.222874 0.230371 0.236608 0.238484 0.235149 0.228177 0.220813 0.216701 0.218568 0.227271 0.241455 0.257879 0.272269 0.280453 0.279448 0.268233 0.248021 0.221958 0.194360 0.169669 0.151400 0.141342 0.139222 0.142910 0.149129 0.154474 0.156461 0.154309 0.149172 0.143714 0.141082 0.143548 0.151260 0.161627 0.169770 0.170211 0.159539 0.139258 0.117524 0.108238 0.126238 0.178413 0.254555 0.320672 0.288832 0.103889 0.155164 0.219750 0.230418 0.153605 0.153412 0.107187 0.112411 0.133633 0.151381 0.159640 0.160020 0.156684 0.153283 0.151752 0.152339 0.154236 0.156307 0.157630 0.157776 0.156821 0.155200 0.153488 0.152196 0.151640 0.151891 0.152806 0.154108 0.155477 0.156643 0.157440 0.157821 0.157842 0.157625 0.157308 0.157003 0.156776 0.156639 0.156568 0.156524 0.156483 0.156451 0.156461 0.156564 0.156797 0.157157 0.157581 0.157955 0.158132 0.157992 0.157491 0.156712 0.155872 0.155274 0.155204 0.155779 0.156809 0.157731 0.157701 0.155916 0.152146 0.147376 0.144246 0.146831 0.159126 0.181706 0.206549 0.211444 0.158302 0.158345 0.288963 0.281331 0.234146 0.167201 0.132137 0.126211 0.136628 0.150897 0.161305 0.165346 0.164140 0.160359 0.156575 0.154353 0.154066 0.155191 0.156808 0.158070 0.158505 0.158095 0.157185 0.156273 0.155798 0.155975 0.156733 0.157760 0.158618 0.158906 0.158391 0.157095 0.155296 0.153449 0.152059 0.151529 0.152038 0.153484 0.155502 0.157571 0.159168 0.159931 0.159782 0.158961 0.157946 0.157275 0.157314 0.158046 0.158981 0.159255 0.157960 0.154634 0.149783 0.145168 0.143577 0.147842 0.159077 0.174517 0.185887 0.179933 0.143187 0.072877 0.000000 0.000000 0.152234 0.152458 0.000000 0.000000 0.000000 0.099873 0.290024 0.316873 0.257107 0.178449 0.123397 0.104434 0.113817 0.136002 0.156851 0.168302 0.168970 0.162182 0.153079 0.146088 0.143464 0.145043 0.148937 0.152684 0.154346 0.153208 0.149904 0.146022 0.143386 0.143310 0.146072 0.150794 0.155762 0.159078 0.159445 0.156817 0.152670 0.149764 0.151398 0.160319 0.177582 0.201749 0.228739 0.252562 0.266890 0.267173 0.252705 0.227901 0.202057 0.187110 0.193493 0.224911 0.273729 0.319331 0.331931 0.283521 0.165454 0.008454 0.000000 0.000000 0.308705 0.931013 1.000000 1.000000 0.229630
0.220298 1.000000 1.000000 0.792905 0.294863 0.033973 0.000000 0.080039 0.189991 0.267257 0.294121 0.280765 0.248892 0.218783 0.202378 0.202034 0.213052 0.227755 0.239255 0.243812 0.241448 0.235083 0.228848 0.226277 0.228979 0.236132 0.244845 0.251179 0.251457 0.243462 0.227162 0.204789 0.180249 0.158059 0.142103 0.134559 0.135316 0.142054 0.150975 0.158019 0.160195 0.156631 0.148966 0.140856 0.136657 0.139591 0.150006 0.164443 0.176155 0.177379 0.163055 0.134916 0.104118 0.090207 0.114490 0.187425 0.292141 0.371262 0.334554 0.081287 0.000000 0.000000 0.000000 0.152691 0.152777 0.137656 0.139837 0.146760 0.152043 0.154148 0.154025 0.153235 0.152907 0.153423 0.154557 0.155792 0.156617 0.156733 0.156116 0.154976 0.153656 0.152509 0.151805 0.151675 0.152101 0.152945 0.154005 0.155068 0.155963 0.156589 0.156925 0.157016 0.156953 0.156833 0.156740 0.156723 0.156790 0.156913 0.157044 0.157136 0.157155 0.157092 0.156967 0.156817 0.156687 0.156613 0.156611 0.156672 0.156773 0.156882 0.156978 0.157052 0.157112 0.157155 0.157145 0.156980 0.156492 0.155497 0.153899 0.151875 0.150058 0.149629 0.152144 0.158873 0.169458 0.179950 0.180803 0.156554 0.156545 0.241281 0.231993 0.190402 0.160911 0.146142 0.144248 0.149143 0.155220 0.159251 0.160411 0.159434 0.157616 0.156079 0.155403 0.155610 0.156348 0.157148 0.157641 0.157672 0.157313 0.156788 0.156355 0.156207 0.156397 0.156830 0.157303 0.157583 0.157484 0.156940 0.156027 0.154948 0.153976 0.153376 0.153323 0.153845 0.154810 0.155956 0.156965 0.157562 0.157603 0.157131 0.156375 0.155677 0.155371 0.155634 0.156369 0.157174 0.157430 0.156532 0.154212 0.150855 0.147654 0.146431 0.148991 0.156005 0.165681 0.172805 0.169147 0.146478 0.103296 0.055260 0.046501 0.153063 0.153002 0.047134 0.043374 0.026647 0.123979 0.226399 0.241682 0.209250 0.167096 0.137400 0.126650 0.130911 0.142099 0.152822 0.158834 0.159355 0.156046 0.151507 0.147974 0.146580 0.147238 0.149012 0.150703 0.151401 0.150818 0.149320 0.147696 0.146777 0.147060 0.148475 0.150368 0.151736 0.151621 0.149554 0.145900 0.141969 0.139817 0.141752 0.149645 0.164222 0.184554 0.207950 0.230366 0.247347 0.255298 0.252796 0.241487 0.226156 0.213656 0.210710 0.220990 0.242348 0.265496 0.275508 0.257152 0.203951 0.128908 0.072127 0.097638 0.269774 0.612318 0.901415 0.899120 0.222066
0.222423 1.000000 1.000000 1.000000 0.320064 0.000000 0.000000 0.002205 0.167006 0.287685 0.334082 0.317546 0.268609 0.218222 0.186732 0.180709 0.195422 0.220098 0.243386 0.257314 0.259027 0.250438 0.236451 0.222648 0.213251 0.209911 0.211536 0.215025 0.216573 0.213070 0.203164 0.187701 0.169447 0.152204 0.139609 0.133994 0.135635 0.142653 0.151602 0.158605 0.160689 0.156914 0.148862 0.140231 0.135543 0.138257 0.148912 0.164056 0.176686 0.178549 0.164057 0.134694 0.101979 0.086579 0.111420 0.188232 0.298860 0.379845 0.343432 0.074780 0.000000 0.000000 0.000000 0.151557 0.152301 0.163783 0.163357 0.158135 0.152883 0.149804 0.149226 0.150477 0.152562 0.154604 0.156031 0.156613 0.156394 0.155595 0.154504 0.153407 0.152523 0.151987 0.151841 0.152053 0.152538 0.153181 0.153866 0.154496 0.155005 0.155366 0.155592 0.155723 0.155819 0.155938 0.156129 0.156413 0.156777 0.157178 0.157545 0.157799 0.157868 0.157707 0.157317 0.156751 0.156112 0.155539 0.155179 0.155153 0.155521 0.156251 0.157207 0.158165 0.158847 0.158990 0.158426 0.157159 0.155413 0.153622 0.152342 0.152083 0.153083 0.155085 0.157239 0.158279 0.157105 0.153832 0.151114 0.154979 0.154947 0.166007 0.157269 0.133267 0.152678 0.164098 0.167104 0.164585 0.160010 0.155967 0.153712 0.153355 0.154311 0.155767 0.157035 0.157724 0.157766 0.157334 0.156714 0.156186 0.155931 0.156000 0.156317 0.156731 0.157066 0.157185 0.157021 0.156597 0.156009 0.155397 0.154904 0.154640 0.154650 0.154905 0.155311 0.155735 0.156042 0.156127 0.155948 0.155536 0.154991 0.154452 0.154060 0.153918 0.154048 0.154385 0.154776 0.155027 0.154957 0.154467 0.153597 0.152542 0.151627 0.151204 0.151516 0.152541 0.153873 0.154738 0.154200 0.151618 0.147315 0.143297 0.143619 0.153723 0.153380 0.264003 0.243012 0.150647 0.144688 0.170225 0.175314 0.167421 0.157203 0.149513 0.145899 0.145782 0.147535 0.149564 0.150872 0.151174 0.150705 0.149927 0.149256 0.148912 0.148893 0.149048 0.149191 0.149201 0.149077 0.148926 0.148892 0.149074 0.149440 0.149804 0.149854 0.149248 0.147753 0.145389 0.142536 0.139964 0.138756 0.140130 0.145175 0.154557 0.168259 0.185423 0.204371 0.222810 0.238233 0.248445 0.252107 0.249162 0.241013 0.230327 0.220451 0.214523 0.214455 0.220142 0.229226 0.237744 0.241717 0.239381 0.233142 0.229781 0.302149 0.437334 0.426253 0.216577
0.221889 1.000000 1.000000 1.000000 0.324293 0.000000 0.000000 0.000000 0.161683 0.293018 0.344373 0.326788 0.272791 0.216268 0.180227 0.172821 0.189539 0.218625 0.246996 0.264787 0.267625 0.256655 0.236911 0.214921 0.196412 0.184731 0.180294 0.181016 0.183433 0.184069 0.180632 0.172681 0.161643 0.150203 0.141327 0.137208 0.138492 0.144032 0.151250 0.157021 0.158812 0.155695 0.148862 0.141374 0.137112 0.139167 0.148185 0.161349 0.172652 0.174835 0.162788 0.137488 0.108757 0.094670 0.115628 0.182489 0.279799 0.351665 0.320266 0.082241 0.000000 0.000000 0.000000 0.150454 0.152176 0.171612 0.170219 0.161372 0.153174 0.148785 0.148191 0.149977 0.152540 0.154708 0.155909 0.156083 0.155486 0.154492 0.153451 0.152616 0.152111 0.151955 0.152090 0.152422 0.152848 0.153279 0.153650 0.153928 0.154107 0.154208 0.154273 0.154355 0.154513 0.154795 0.155229 0.155810 0.156495 0.157205 0.157828 0.158246 0.158352 0.158084 0.157448 0.156531 0.155499 0.154577 0.154002 0.153971 0.154574 0.155754 0.157281 0.158780 0.159802 0.159947 0.159002 0.157073 0.154639 0.152501 0.151562 0.152460 0.155126 0.158416 0.160110 0.157593 0.149518 0.138476 0.134002 0.153823 0.153792 0.088023 0.081617 0.080581 0.144978 0.180266 0.187520 0.178038 0.163698 0.152407 0.147260 0.147707 0.151369 0.155632 0.158648 0.159678 0.158951 0.157266 0.155538 0.154453 0.154295 0.154945 0.156013 0.157018 0.157568 0.157480 0.156806 0.155797 0.154796 0.154126 0.153986 0.154393 0.155188 0.156089 0.156781 0.157014 0.156678 0.155839 0.154717 0.153614 0.152818 0.152507 0.152682 0.153168 0.153670 0.153895 0.153683 0.153105 0.152478 0.152260 0.152819 0.154159 0.155697 0.156269 0.154509 0.149659 0.142690 0.137266 0.139746 0.157061 0.191341 0.230954 0.240054 0.153952 0.153457 0.409349 0.377299 0.238153 0.158446 0.131417 0.129447 0.138770 0.150320 0.157498 0.158723 0.155725 0.151237 0.147535 0.145760 0.145923 0.147298 0.148934 0.150071 0.150366 0.149901 0.149048 0.148263 0.147899 0.148092 0.148742 0.149573 0.150251 0.150493 0.150155 0.149254 0.147946 0.146456 0.145006 0.143776 0.142910 0.142574 0.143051 0.144826 0.148612 0.155269 0.165594 0.179992 0.198103 0.218487 0.238526 0.254661 0.263075 0.260785 0.246972 0.224198 0.198974 0.181113 0.181345 0.207102 0.257022 0.315802 0.352283 0.324829 0.198455 0.079507 0.105493 0.092092 0.214772
0.219202 1.000000 1.000000 0.921615 0.308650 0.000000 0.000000 0.023901 0.173345 0.283314 0.325321 0.308944 0.262106 0.213914 0.184125 0.179623 0.196219 0.223294 0.248962 0.264123 0.264587 0.251229 0.228657 0.203133 0.180483 0.164566 0.156606 0.155380 0.158071 0.161419 0.162806 0.160980 0.156245 0.150142 0.144747 0.141856 0.142310 0.145673 0.150390 0.154353 0.155717 0.153679 0.148925 0.143540 0.140306 0.141548 0.147899 0.157478 0.166002 0.168127 0.159923 0.141821 0.120762 0.109923 0.124482 0.172869 0.244464 0.299038 0.275888 0.099011 0.000000 0.000000 0.000000 0.149571 0.152421 0.159710 0.159115 0.155780 0.152752 0.151189 0.151061 0.151827 0.152881 0.153774 0.154277 0.154351 0.154084 0.153620 0.153109 0.152676 0.152399 0.152309 0.152394 0.152609 0.152890 0.153164 0.153371 0.153474 0.153467 0.153379 0.153271 0.153225 0.153327 0.153643 0.154207 0.154998 0.155942 0.156911 0.157748 0.158292 0.158416 0.158058 0.157250 0.156123 0.154899 0.153849 0.153246 0.153288 0.154045 0.155411 0.157100 0.158684 0.159690 0.159731 0.158646 0.156617 0.154204 0.152251 0.151640 0.152907 0.155811 0.159030 0.160243 0.156905 0.147966 0.136473 0.132333 0.153156 0.153140 0.028418 0.025263 0.045607 0.139681 0.190501 0.200311 0.186105 0.165358 0.149458 0.142636 0.143827 0.149412 0.155572 0.159702 0.160863 0.159517 0.156903 0.154371 0.152882 0.152782 0.153836 0.155435 0.156879 0.157629 0.157469 0.156528 0.155200 0.153983 0.153306 0.153391 0.154192 0.155413 0.156617 0.157367 0.157365 0.156554 0.155138 0.153522 0.152180 0.151494 0.151615 0.152393 0.153413 0.154136 0.154117 0.153227 0.151790 0.150550 0.150417 0.152028 0.155234 0.158750 0.160238 0.157092 0.147980 0.134885 0.124777 0.129437 0.161411 0.224133 0.295830 0.311137 0.153656 0.153252 0.456638 0.422123 0.275104 0.164238 0.113372 0.108094 0.125550 0.146891 0.160657 0.164065 0.159905 0.152834 0.146797 0.143824 0.144011 0.146188 0.148796 0.150600 0.151058 0.150327 0.149026 0.147878 0.147408 0.147766 0.148723 0.149813 0.150540 0.150577 0.149886 0.148719 0.147507 0.146675 0.146459 0.146799 0.147349 0.147633 0.147311 0.146470 0.145843 0.146837 0.151298 0.160997 0.176928 0.198585 0.223472 0.247114 0.263786 0.268013 0.256649 0.231030 0.198412 0.171690 0.166508 0.195348 0.259220 0.339237 0.392391 0.357918 0.181537 0.000000 0.000000 0.000000 0.216329
0.215700 1.000000 1.000000 0.687728 0.279186 0.065168 0.032322 0.102263 0.195875 0.262839 0.286125 0.273063 0.242338 0.212809 0.196739 0.197681 0.211862 0.231420 0.247945 0.255220 0.250646 0.235300 0.212968 0.188642 0.167003 0.151287 0.142734 0.140669 0.143057 0.147316 0.151127 0.153023 0.152632 0.150562 0.148000 0.146178 0.145891 0.147211 0.149480 0.151597 0.152475 0.151529 0.149000 0.145969 0.144004 0.144513 0.148000 0.153531 0.158726 0.160469 0.156325 0.146290 0.134140 0.127403 0.135009 0.162211 0.203619 0.237060 0.223411 0.119524 0.000000 0.000000 0.000000 0.149000 0.152900 0.136732 0.137958 0.145267 0.151922 0.155454 0.156038 0.154929 0.153415 0.152322 0.151933 0.152129 0.152608 0.153065 0.153311 0.153300 0.153104 0.152851 0.152666 0.152620 0.152717 0.152900 0.153080 0.153171 0.153124 0.152946 0.152704 0.152505 0.152474 0.152714 0.153276 0.154139 0.155202 0.156303 0.157246 0.157844 0.157965 0.157561 0.156697 0.155542 0.154344 0.153381 0.152900 0.153052 0.153848 0.155135 0.156614 0.157901 0.158617 0.158500 0.157503 0.155855 0.154044 0.152706 0.152426 0.153475 0.155556 0.157696 0.158392 0.156180 0.150669 0.143902 0.141565 0.152900 0.152900 0.000000 0.000000 0.034612 0.137704 0.192974 0.203255 0.187456 0.164815 0.147731 0.140681 0.142347 0.148669 0.155442 0.159850 0.160933 0.159271 0.156268 0.153423 0.151782 0.151702 0.152900 0.154691 0.156305 0.157161 0.157035 0.156084 0.154740 0.153539 0.152924 0.153107 0.154003 0.155273 0.156441 0.157057 0.156846 0.155810 0.154232 0.152593 0.151416 0.151077 0.151662 0.152900 0.154234 0.155002 0.154711 0.153287 0.151225 0.149518 0.149327 0.151425 0.155585 0.160167 0.162252 0.158627 0.147678 0.131842 0.119604 0.125209 0.163722 0.239113 0.324983 0.342708 0.152900 0.152900 0.412791 0.383838 0.264527 0.163189 0.113730 0.108477 0.125805 0.146436 0.159625 0.162928 0.159086 0.152570 0.147105 0.144550 0.144916 0.147041 0.149438 0.150973 0.151198 0.150330 0.149000 0.147902 0.147504 0.147893 0.148798 0.149745 0.150275 0.150138 0.149396 0.148396 0.147632 0.147530 0.148251 0.149567 0.150894 0.151477 0.150702 0.148451 0.145378 0.142990 0.143438 0.149000 0.161328 0.180633 0.205062 0.230558 0.251432 0.261753 0.257391 0.238249 0.209921 0.183784 0.174597 0.195098 0.248113 0.318211 0.367026 0.338346 0.180162 0.000000 0.000000 0.000000 0.219600
0.212882 0.592225 0.598532 0.415935 0.244612 0.174680 0.166941 0.191573 0.220687 0.238243 0.240626 0.232502 0.221576 0.214419 0.214247 0.220582 0.230246 0.238949 0.242856 0.239673 0.229102 0.212669 0.193115 0.173585 0.156855 0.144773 0.138005 0.136098 0.137779 0.141398 0.145372 0.148527 0.150284 0.150654 0.150080 0.149188 0.148537 0.148427 0.148826 0.149435 0.149843 0.149733 0.149051 0.148066 0.147295 0.147288 0.148349 0.150301 0.152409 0.153578 0.152813 0.149862 0.145766 0.142972 0.144627 0.152865 0.166635 0.179676 0.174834 0.138732 0.106607 0.163619 0.175762 0.148739 0.153390 0.115838 0.118785 0.135791 0.151202 0.159294 0.160476 0.157664 0.153871 0.151061 0.149953 0.150331 0.151523 0.152812 0.153705 0.154014 0.153820 0.153353 0.152871 0.152562 0.152497 0.152630 0.152843 0.153001 0.153003 0.152826 0.152524 0.152219 0.152058 0.152170 0.152625 0.153406 0.154411 0.155465 0.156366 0.156927 0.157027 0.156641 0.155853 0.154845 0.153855 0.153125 0.152839 0.153079 0.153794 0.154805 0.155850 0.156643 0.156960 0.156707 0.155961 0.154958 0.154037 0.153524 0.153610 0.154253 0.155158 0.155867 0.155966 0.155336 0.154309 0.153535 0.153376 0.152892 0.152903 0.005733 0.007928 0.046756 0.138978 0.188142 0.197022 0.182722 0.162516 0.147454 0.141439 0.143192 0.149014 0.155120 0.159009 0.159863 0.158241 0.155438 0.152812 0.151302 0.151224 0.152311 0.153945 0.155430 0.156250 0.156206 0.155437 0.154326 0.153336 0.152848 0.153030 0.153792 0.154828 0.155725 0.156108 0.155774 0.154770 0.153387 0.152077 0.151299 0.151352 0.152248 0.153665 0.155028 0.155695 0.155217 0.153579 0.151322 0.149464 0.149164 0.151181 0.155284 0.159863 0.162082 0.158824 0.148525 0.133504 0.121853 0.127136 0.163650 0.235093 0.316290 0.332567 0.151860 0.152578 0.308655 0.290510 0.221537 0.157762 0.126360 0.123350 0.134902 0.147917 0.155886 0.157614 0.155047 0.151090 0.148035 0.146906 0.147540 0.149076 0.150535 0.151241 0.151009 0.150092 0.148983 0.148165 0.147919 0.148246 0.148898 0.149514 0.149778 0.149561 0.148976 0.148342 0.148055 0.148426 0.149515 0.151053 0.152472 0.153062 0.152232 0.149805 0.146255 0.142795 0.141245 0.143649 0.151695 0.166058 0.185849 0.208395 0.229529 0.244488 0.249346 0.242678 0.226943 0.208874 0.198216 0.204364 0.231137 0.270959 0.301109 0.286154 0.191473 0.099373 0.154076 0.164093 0.222570
0.211801 0.242403 0.251632 0.180231 0.213700 0.266428 0.279620 0.265379 0.239878 0.216389 0.202493 0.200137 0.207167 0.219305 0.231906 0.241174 0.244776 0.241950 0.233255 0.220148 0.204521 0.188292 0.173111 0.160190 0.150238 0.143491 0.139783 0.138658 0.139480 0.141542 0.144157 0.146736 0.148837 0.150204 0.150768 0.150631 0.150020 0.149227 0.148539 0.148164 0.148187 0.148547 0.149063 0.149492 0.149619 0.149351 0.148780 0.148192 0.147995 0.148557 0.149999 0.152004 0.153736 0.153985 0.151614 0.146302 0.139790 0.136846 0.138657 0.153087 0.194578 0.296147 0.318155 0.148717 0.153665 0.108540 0.112115 0.132554 0.151043 0.160714 0.162071 0.158627 0.154008 0.150584 0.149227 0.149689 0.151159 0.152774 0.153923 0.154365 0.154174 0.153616 0.153000 0.152561 0.152402 0.152494 0.152717 0.152921 0.152985 0.152864 0.152594 0.152281 0.152062 0.152062 0.152354 0.152931 0.153708 0.154537 0.155245 0.155681 0.155749 0.155444 0.154849 0.154120 0.153446 0.153001 0.152899 0.153156 0.153690 0.154337 0.154900 0.155215 0.155200 0.154900 0.154468 0.154123 0.154052 0.154323 0.154816 0.155254 0.155326 0.154917 0.154329 0.154327 0.155754 0.158500 0.159847 0.152961 0.152974 0.039774 0.042710 0.075708 0.142656 0.178169 0.184411 0.173919 0.159275 0.148477 0.144297 0.145744 0.150088 0.154564 0.157363 0.157913 0.156648 0.154531 0.152560 0.151424 0.151351 0.152144 0.153349 0.154461 0.155102 0.155126 0.154633 0.153890 0.153226 0.152902 0.153030 0.153537 0.154203 0.154740 0.154898 0.154561 0.153791 0.152827 0.152006 0.151656 0.151963 0.152890 0.154146 0.155261 0.155734 0.155233 0.153779 0.151833 0.150219 0.149866 0.151374 0.154568 0.158198 0.160064 0.157750 0.150030 0.138657 0.129791 0.133764 0.161444 0.215605 0.277026 0.288860 0.150756 0.152433 0.185249 0.179413 0.166416 0.150821 0.143782 0.143866 0.147322 0.150133 0.151209 0.150845 0.149891 0.149177 0.149133 0.149729 0.150619 0.151371 0.151662 0.151388 0.150671 0.149771 0.148979 0.148506 0.148419 0.148637 0.148980 0.149244 0.149288 0.149092 0.148766 0.148515 0.148562 0.149053 0.149978 0.151131 0.152135 0.152537 0.151952 0.150234 0.147621 0.144806 0.142898 0.143248 0.147158 0.155516 0.168443 0.185047 0.203403 0.220814 0.234369 0.241725 0.241926 0.235984 0.226924 0.219020 0.216154 0.219585 0.225883 0.226397 0.210040 0.227628 0.343646 0.361325 0.223750
0.212725 0.032090 0.039559 0.033296 0.193081 0.319107 0.343923 0.306008 0.248607 0.202475 0.181277 0.184503 0.203381 0.226757 0.245303 0.253614 0.250467 0.237868 0.219574 0.199642 0.181374 0.166774 0.156501 0.150165 0.146789 0.145265 0.144688 0.144518 0.144573 0.144897 0.145598 0.146697 0.148058 0.149401 0.150395 0.150778 0.150469 0.149617 0.148568 0.147750 0.147520 0.148009 0.149042 0.150165 0.150798 0.150484 0.149146 0.147248 0.145754 0.145814 0.148202 0.152666 0.157467 0.159492 0.155268 0.143019 0.125631 0.113193 0.118766 0.160969 0.246607 0.368102 0.394827 0.148828 0.153566 0.120104 0.122752 0.137908 0.151616 0.158775 0.159757 0.157170 0.153711 0.151146 0.150132 0.150485 0.151602 0.152836 0.153723 0.154075 0.153942 0.153519 0.153037 0.152676 0.152525 0.152569 0.152727 0.152891 0.152969 0.152918 0.152755 0.152542 0.152371 0.152324 0.152454 0.152762 0.153198 0.153671 0.154078 0.154326 0.154361 0.154185 0.153854 0.153465 0.153128 0.152939 0.152944 0.153133 0.153430 0.153728 0.153913 0.153920 0.153758 0.153523 0.153380 0.153502 0.153990 0.154801 0.155710 0.156349 0.156349 0.155557 0.154250 0.153202 0.153384 0.155117 0.156683 0.152985 0.152993 0.090308 0.092513 0.112232 0.147466 0.166068 0.169249 0.163669 0.155973 0.150356 0.148250 0.149100 0.151447 0.153826 0.155290 0.155546 0.154837 0.153680 0.152608 0.151987 0.151938 0.152355 0.152998 0.153600 0.153962 0.154006 0.153781 0.153424 0.153102 0.152946 0.153008 0.153246 0.153547 0.153767 0.153786 0.153559 0.153136 0.152656 0.152302 0.152240 0.152555 0.153200 0.153992 0.154653 0.154899 0.154553 0.153642 0.152442 0.151435 0.151156 0.151951 0.153728 0.155794 0.156920 0.155758 0.151612 0.145428 0.140579 0.142724 0.157806 0.187302 0.220599 0.226445 0.149792 0.152530 0.080365 0.084861 0.117976 0.144831 0.159350 0.162159 0.158247 0.152055 0.147134 0.144983 0.145447 0.147521 0.150025 0.152038 0.153089 0.153136 0.152437 0.151373 0.150304 0.149475 0.148986 0.148809 0.148838 0.148944 0.149024 0.149021 0.148941 0.148832 0.148764 0.148804 0.148995 0.149336 0.149784 0.150252 0.150622 0.150762 0.150551 0.149915 0.148862 0.147536 0.146255 0.145551 0.146158 0.148965 0.154883 0.164635 0.178479 0.195896 0.215343 0.234156 0.248758 0.255282 0.250661 0.234113 0.208723 0.182543 0.168306 0.180626 0.229592 0.336755 0.493747 0.514533 0.222714
0.215129 0.000000 0.000000 0.000000 0.185897 0.326088 0.351572 0.308353 0.246139 0.198874 0.180244 0.187809 0.210358 0.234881 0.251328 0.254739 0.245164 0.226212 0.203093 0.180816 0.162978 0.151249 0.145496 0.144321 0.145773 0.147998 0.149691 0.150271 0.149817 0.148823 0.147901 0.147508 0.147797 0.148599 0.149529 0.150163 0.150218 0.149672 0.148774 0.147948 0.147614 0.148000 0.149007 0.150203 0.150964 0.150740 0.149357 0.147240 0.145408 0.145158 0.147449 0.152155 0.157482 0.160020 0.155816 0.142668 0.123296 0.108111 0.114588 0.162598 0.258106 0.371355 0.396610 0.148974 0.153049 0.147779 0.148160 0.150548 0.152736 0.153889 0.154045 0.153613 0.153028 0.152588 0.152409 0.152467 0.152664 0.152888 0.153056 0.153130 0.153114 0.153039 0.152947 0.152872 0.152834 0.152833 0.152858 0.152890 0.152911 0.152910 0.152886 0.152850 0.152816 0.152799 0.152811 0.152854 0.152922 0.153000 0.153069 0.153112 0.153119 0.153088 0.153031 0.152965 0.152914 0.152895 0.152915 0.152966 0.153027 0.153065 0.153053 0.152983 0.152876 0.152799 0.152852 0.153154 0.153802 0.154813 0.156070 0.157280 0.157973 0.157590 0.155660 0.152109 0.147644 0.144115 0.144617 0.152921 0.152923 0.143199 0.143624 0.146887 0.152094 0.154829 0.155284 0.154450 0.153315 0.152495 0.152197 0.152335 0.152691 0.153046 0.153260 0.153293 0.153182 0.153005 0.152842 0.152748 0.152739 0.152800 0.152896 0.152987 0.153044 0.153055 0.153026 0.152979 0.152936 0.152915 0.152923 0.152954 0.152991 0.153014 0.153006 0.152965 0.152901 0.152835 0.152795 0.152807 0.152879 0.153000 0.153139 0.153249 0.153286 0.153223 0.153065 0.152860 0.152684 0.152625 0.152739 0.153012 0.153338 0.153527 0.153370 0.152760 0.151840 0.151118 0.151441 0.153674 0.157956 0.162527 0.162432 0.149100 0.152827 0.018873 0.029442 0.088810 0.141338 0.168733 0.173104 0.164598 0.153041 0.144647 0.141524 0.142867 0.146566 0.150495 0.153244 0.154307 0.153902 0.152637 0.151168 0.149974 0.149261 0.148998 0.149009 0.149095 0.149116 0.149031 0.148889 0.148777 0.148771 0.148888 0.149084 0.149267 0.149346 0.149276 0.149086 0.148880 0.148790 0.148917 0.149252 0.149645 0.149822 0.149483 0.148479 0.147014 0.145824 0.146230 0.149992 0.158901 0.174123 0.195413 0.220413 0.244374 0.260663 0.262382 0.245133 0.210578 0.169703 0.143890 0.161151 0.244600 0.394735 0.556764 0.575661 0.220169
0.217976 0.090409 0.083806 0.052819 0.191504 0.295011 0.312020 0.279449 0.235468 0.204864 0.196274 0.206057 0.224438 0.241084 0.248717 0.244531 0.229821 0.208567 0.185691 0.165544 0.150947 0.142865 0.140624 0.142480 0.146300 0.150175 0.152824 0.153739 0.153100 0.151527 0.149779 0.148475 0.147929 0.148107 0.148712 0.149337 0.149648 0.149505 0.149006 0.148437 0.148132 0.148315 0.148977 0.149839 0.150446 0.150357 0.149388 0.147804 0.146341 0.145990 0.147536 0.150969 0.155005 0.157079 0.154129 0.144349 0.129507 0.117018 0.122185 0.159557 0.235797 0.317541 0.336026 0.149081 0.152186 0.182020 0.179585 0.166076 0.153925 0.147624 0.146796 0.149103 0.152155 0.154401 0.155275 0.154946 0.153949 0.152856 0.152069 0.151755 0.151870 0.152246 0.152684 0.153024 0.153186 0.153176 0.153057 0.152916 0.152829 0.152837 0.152936 0.153083 0.153219 0.153283 0.153240 0.153088 0.152857 0.152601 0.152384 0.152257 0.152243 0.152337 0.152499 0.152675 0.152809 0.152861 0.152824 0.152720 0.152593 0.152495 0.152461 0.152497 0.152583 0.152691 0.152822 0.153042 0.153498 0.154383 0.155829 0.157725 0.159509 0.160040 0.157745 0.151255 0.140764 0.130081 0.128799 0.152803 0.152799 0.185516 0.183833 0.172238 0.155493 0.146741 0.145330 0.148038 0.151687 0.154293 0.155207 0.154721 0.153552 0.152401 0.151717 0.151626 0.152002 0.152590 0.153128 0.153442 0.153476 0.153279 0.152968 0.152670 0.152478 0.152431 0.152506 0.152642 0.152766 0.152825 0.152799 0.152712 0.152618 0.152578 0.152635 0.152793 0.153010 0.153204 0.153282 0.153167 0.152838 0.152344 0.151808 0.151395 0.151265 0.151512 0.152109 0.152887 0.153566 0.153836 0.153490 0.152561 0.151410 0.150692 0.151137 0.153149 0.156276 0.158794 0.157753 0.149991 0.134564 0.116660 0.112031 0.148728 0.153196 0.008489 0.020192 0.083209 0.140796 0.170478 0.174986 0.165406 0.152905 0.144051 0.140915 0.142493 0.146444 0.150498 0.153211 0.154134 0.153579 0.152233 0.150786 0.149702 0.149139 0.149008 0.149093 0.149183 0.149158 0.149018 0.148851 0.148768 0.148836 0.149033 0.149256 0.149356 0.149211 0.148793 0.148203 0.147663 0.147445 0.147762 0.148652 0.149899 0.151033 0.151444 0.150604 0.148357 0.145202 0.142454 0.142169 0.146752 0.158233 0.177312 0.202431 0.229228 0.250831 0.259386 0.248972 0.219555 0.180878 0.154229 0.169103 0.251391 0.391222 0.520988 0.534247 0.217565
0.220159 0.271052 0.256778 0.168401 0.206122 0.243405 0.247055 0.234608 0.221842 0.217188 0.221558 0.230934 0.239610 0.242803 0.238091 0.225693 0.207891 0.188022 0.169443 0.154713 0.145170 0.140880 0.140890 0.143659 0.147522 0.151078 0.153426 0.154243 0.153702 0.152294 0.150618 0.149191 0.148321 0.148066 0.148281 0.148706 0.149080 0.149238 0.149156 0.148936 0.148748 0.148741 0.148964 0.149328 0.149634 0.149658 0.149275 0.148561 0.147830 0.147550 0.148129 0.149627 0.151503 0.152576 0.151371 0.146943 0.139884 0.133248 0.135892 0.154115 0.193796 0.231644 0.240379 0.149119 0.151137 0.209988 0.205258 0.178610 0.154590 0.142130 0.140536 0.145196 0.151358 0.155909 0.157692 0.157028 0.154982 0.152706 0.151034 0.150325 0.150515 0.151276 0.152204 0.152966 0.153381 0.153437 0.153246 0.152976 0.152784 0.152760 0.152912 0.153172 0.153432 0.153580 0.153542 0.153307 0.152923 0.152487 0.152112 0.151890 0.151867 0.152031 0.152310 0.152601 0.152803 0.152851 0.152737 0.152518 0.152294 0.152171 0.152218 0.152427 0.152715 0.152958 0.153060 0.153047 0.153128 0.153676 0.155074 0.157414 0.160103 0.161559 0.159297 0.150839 0.135845 0.119555 0.116653 0.152706 0.152699 0.208214 0.204907 0.184163 0.157079 0.143003 0.140811 0.145238 0.151127 0.155286 0.156691 0.155845 0.153920 0.152055 0.150966 0.150848 0.151485 0.152456 0.153339 0.153851 0.153906 0.153588 0.153086 0.152604 0.152290 0.152202 0.152303 0.152496 0.152670 0.152742 0.152695 0.152570 0.152457 0.152449 0.152602 0.152905 0.153268 0.153543 0.153567 0.153220 0.152481 0.151462 0.150397 0.149596 0.149348 0.149819 0.150956 0.152451 0.153795 0.154423 0.153948 0.152397 0.150370 0.148984 0.149511 0.152680 0.157790 0.161983 0.160324 0.147504 0.121940 0.092409 0.085522 0.148640 0.153467 0.040984 0.049712 0.097734 0.142699 0.165721 0.169166 0.161567 0.151855 0.145049 0.142686 0.143953 0.147019 0.150130 0.152185 0.152858 0.152408 0.151375 0.150286 0.149489 0.149091 0.149012 0.149082 0.149142 0.149110 0.148999 0.148885 0.148854 0.148944 0.149122 0.149282 0.149292 0.149051 0.148550 0.147902 0.147329 0.147101 0.147430 0.148371 0.149734 0.151078 0.151801 0.151323 0.149344 0.146111 0.142596 0.140495 0.141956 0.149033 0.162905 0.183061 0.206724 0.228884 0.243269 0.244430 0.230747 0.207573 0.189017 0.196099 0.248652 0.336177 0.407443 0.413674 0.216456
0.220935 0.453822 0.434769 0.293672 0.224157 0.192090 0.182650 0.191690 0.210765 0.231185 0.246365 0.252719 0.249528 0.238246 0.221573 0.202598 0.184124 0.168243 0.156174 0.148277 0.144226 0.143237 0.144308 0.146437 0.148777 0.150725 0.151952 0.152375 0.152105 0.151366 0.150423 0.149516 0.148820 0.148420 0.148319 0.148449 0.148706 0.148980 0.149182 0.149266 0.149228 0.149109 0.148971 0.148876 0.148868 0.148951 0.149089 0.149213 0.149246 0.149132 0.148871 0.148537 0.148275 0.148267 0.148651 0.149429 0.150219 0.150059 0.150021 0.148537 0.148559 0.143139 0.142063 0.149091 0.150100 0.220024 0.214496 0.182831 0.154229 0.139404 0.137597 0.143324 0.150881 0.156491 0.158717 0.157910 0.155348 0.152443 0.150244 0.149233 0.149374 0.150291 0.151494 0.152558 0.153230 0.153457 0.153342 0.153072 0.152834 0.152751 0.152857 0.153098 0.153368 0.153548 0.153554 0.153362 0.153013 0.152602 0.152240 0.152025 0.152004 0.152163 0.152430 0.152700 0.152870 0.152878 0.152726 0.152485 0.152268 0.152193 0.152322 0.152631 0.153001 0.153258 0.153263 0.153022 0.152760 0.152922 0.154003 0.156224 0.159077 0.160953 0.159185 0.150971 0.135665 0.118524 0.115033 0.152701 0.152696 0.207567 0.203801 0.182167 0.156780 0.143675 0.141712 0.145900 0.151394 0.155227 0.156476 0.155638 0.153824 0.152098 0.151114 0.151038 0.151654 0.152564 0.153377 0.153837 0.153873 0.153573 0.153113 0.152681 0.152407 0.152334 0.152423 0.152581 0.152709 0.152742 0.152675 0.152562 0.152489 0.152540 0.152753 0.153092 0.153444 0.153643 0.153516 0.152951 0.151948 0.150652 0.149338 0.148357 0.148032 0.148548 0.149849 0.151604 0.153255 0.154179 0.153918 0.152443 0.150314 0.148648 0.148760 0.151470 0.156205 0.160257 0.158817 0.146623 0.121989 0.093363 0.086760 0.148744 0.153480 0.097521 0.100992 0.123758 0.145943 0.157286 0.159005 0.155174 0.150339 0.146955 0.145779 0.146422 0.147979 0.149573 0.150649 0.151029 0.150832 0.150321 0.149760 0.149328 0.149088 0.149010 0.149017 0.149034 0.149023 0.148986 0.148957 0.148969 0.149034 0.149125 0.149183 0.149138 0.148941 0.148595 0.148172 0.147808 0.147661 0.147866 0.148463 0.149352 0.150281 0.150881 0.150766 0.149679 0.147651 0.145135 0.143059 0.142743 0.145651 0.153004 0.165303 0.181897 0.200774 0.218754 0.232219 0.238398 0.236937 0.231212 0.228425 0.237310 0.253145 0.257995 0.258421 0.217819
0.220204 0.571051 0.551495 0.384924 0.239780 0.158500 0.140648 0.165331 0.206118 0.242134 0.262015 0.263276 0.249474 0.226946 0.202139 0.179967 0.163174 0.152467 0.147081 0.145493 0.146046 0.147376 0.148613 0.149377 0.149655 0.149630 0.149517 0.149461 0.149498 0.149575 0.149600 0.149503 0.149273 0.148968 0.148690 0.148541 0.148583 0.148802 0.149109 0.149372 0.149465 0.149324 0.148991 0.148606 0.148370 0.148454 0.148909 0.149592 0.150174 0.150236 0.149471 0.147925 0.146186 0.145369 0.146768 0.151101 0.157445 0.162276 0.160233 0.144534 0.114101 0.077270 0.068935 0.149027 0.149255 0.205634 0.201343 0.175802 0.152620 0.140626 0.139333 0.144316 0.150865 0.155787 0.157799 0.157127 0.154820 0.152097 0.149912 0.148763 0.148695 0.149441 0.150588 0.151742 0.152629 0.153132 0.153278 0.153186 0.153004 0.152857 0.152814 0.152880 0.153010 0.153134 0.153192 0.153151 0.153019 0.152837 0.152664 0.152555 0.152543 0.152622 0.152757 0.152888 0.152959 0.152937 0.152829 0.152683 0.152570 0.152562 0.152688 0.152918 0.153157 0.153274 0.153167 0.152837 0.152451 0.152335 0.152869 0.154254 0.156200 0.157648 0.156780 0.151626 0.141616 0.130157 0.127647 0.152822 0.152820 0.185261 0.182573 0.168819 0.154960 0.147880 0.146867 0.149151 0.152097 0.154123 0.154766 0.154319 0.153384 0.152518 0.152051 0.152045 0.152372 0.152819 0.153189 0.153369 0.153341 0.153167 0.152946 0.152769 0.152688 0.152706 0.152784 0.152865 0.152897 0.152860 0.152773 0.152686 0.152658 0.152735 0.152921 0.153163 0.153358 0.153371 0.153081 0.152416 0.151400 0.150166 0.148943 0.148015 0.147642 0.147981 0.149008 0.150489 0.152013 0.153091 0.153320 0.152568 0.151103 0.149597 0.148934 0.149785 0.152040 0.154298 0.153810 0.147376 0.133704 0.117343 0.113268 0.148928 0.153139 0.155949 0.154020 0.150953 0.149262 0.148516 0.148483 0.148658 0.148868 0.148973 0.148977 0.148951 0.148959 0.149026 0.149136 0.149252 0.149331 0.149349 0.149303 0.149210 0.149100 0.149003 0.148941 0.148922 0.148941 0.148984 0.149031 0.149065 0.149077 0.149062 0.149023 0.148968 0.148903 0.148836 0.148774 0.148726 0.148705 0.148727 0.148809 0.148959 0.149166 0.149382 0.149526 0.149480 0.149132 0.148421 0.147428 0.146461 0.146141 0.147428 0.151558 0.159830 0.173234 0.191916 0.214559 0.237873 0.256449 0.263392 0.252161 0.219946 0.169925 0.119463 0.117324 0.221574
0.218543 0.584160 0.568308 0.414939 0.248363 0.151769 0.132627 0.162763 0.208950 0.246455 0.263233 0.258325 0.237717 0.209966 0.182874 0.161641 0.148400 0.142704 0.142516 0.145247 0.148599 0.151037 0.151929 0.151394 0.150006 0.148468 0.147347 0.146926 0.147188 0.147889 0.148693 0.149303 0.149557 0.149459 0.149149 0.148826 0.148663 0.148736 0.148997 0.149298 0.149462 0.149366 0.149013 0.148548 0.148219 0.148268 0.148797 0.149664 0.150463 0.150643 0.149763 0.147827 0.145553 0.144391 0.146083 0.151666 0.160139 0.167250 0.164338 0.142953 0.098625 0.048723 0.037259 0.148964 0.148719 0.167793 0.166689 0.158023 0.149918 0.145765 0.145667 0.148118 0.151298 0.153811 0.154961 0.154702 0.153424 0.151705 0.150098 0.148996 0.148580 0.148828 0.149574 0.150579 0.151602 0.152452 0.153017 0.153270 0.153256 0.153062 0.152797 0.152555 0.152406 0.152380 0.152472 0.152649 0.152861 0.153059 0.153204 0.153277 0.153276 0.153220 0.153137 0.153057 0.153006 0.152995 0.153025 0.153079 0.153136 0.153171 0.153162 0.153099 0.152982 0.152819 0.152628 0.152425 0.152228 0.152052 0.151911 0.151825 0.151824 0.151944 0.152213 0.152627 0.153115 0.153512 0.153569 0.153035 0.153037 0.147342 0.147251 0.148634 0.152262 0.154180 0.154445 0.153750 0.152838 0.152207 0.152044 0.152287 0.152742 0.153193 0.153481 0.153536 0.153379 0.153088 0.152768 0.152514 0.152387 0.152405 0.152543 0.152752 0.152969 0.153141 0.153234 0.153238 0.153171 0.153068 0.152967 0.152905 0.152896 0.152935 0.152991 0.153012 0.152938 0.152715 0.152307 0.151709 0.150955 0.150118 0.149305 0.148640 0.148242 0.148205 0.148569 0.149301 0.150288 0.151340 0.152212 0.152646 0.152432 0.151478 0.149876 0.147958 0.146289 0.145591 0.146543 0.149445 0.153764 0.157644 0.157627 0.149091 0.152442 0.197801 0.192107 0.170631 0.151622 0.142195 0.140909 0.144014 0.147851 0.150445 0.151279 0.150765 0.149664 0.148643 0.148071 0.148004 0.148282 0.148675 0.148989 0.149130 0.149107 0.148996 0.148887 0.148847 0.148892 0.148989 0.149081 0.149117 0.149076 0.148977 0.148876 0.148841 0.148920 0.149117 0.149381 0.149614 0.149704 0.149569 0.149202 0.148697 0.148236 0.148047 0.148310 0.149066 0.150133 0.151090 0.151372 0.150468 0.148240 0.145267 0.143098 0.144259 0.151808 0.168352 0.194512 0.227143 0.257917 0.273352 0.257671 0.199949 0.109610 0.028739 0.028089 0.226464
0.216977 0.492155 0.482733 0.378861 0.247453 0.170784 0.157409 0.182254 0.217248 0.242496 0.249320 0.238402 0.215926 0.189697 0.166322 0.149767 0.141148 0.139338 0.141961 0.146375 0.150423 0.152821 0.153215 0.151979 0.149889 0.147786 0.146309 0.145761 0.146098 0.147025 0.148139 0.149074 0.149606 0.149695 0.149461 0.149110 0.148841 0.148775 0.148909 0.149137 0.149302 0.149274 0.149026 0.148658 0.148369 0.148374 0.148782 0.149497 0.150192 0.150398 0.149720 0.148127 0.146199 0.145162 0.146523 0.151220 0.158525 0.165033 0.162419 0.143741 0.103217 0.059005 0.048740 0.148928 0.148519 0.114911 0.118233 0.133399 0.146633 0.153565 0.155076 0.153791 0.152013 0.150955 0.150801 0.151142 0.151431 0.151301 0.150689 0.149798 0.148959 0.148492 0.148583 0.149239 0.150299 0.151501 0.152561 0.153261 0.153493 0.153285 0.152772 0.152159 0.151652 0.151411 0.151505 0.151907 0.152506 0.153142 0.153657 0.153939 0.153950 0.153734 0.153405 0.153100 0.152941 0.152991 0.153227 0.153544 0.153791 0.153823 0.153561 0.153039 0.152407 0.151885 0.151666 0.151795 0.152081 0.152090 0.151298 0.149416 0.146832 0.144988 0.146376 0.153679 0.167647 0.183578 0.187256 0.153247 0.153252 0.102421 0.106034 0.126735 0.149408 0.160990 0.162488 0.158449 0.153326 0.149864 0.148919 0.150001 0.152022 0.153916 0.155003 0.155085 0.154358 0.153233 0.152145 0.151415 0.151182 0.151408 0.151938 0.152564 0.153107 0.153456 0.153586 0.153541 0.153408 0.153270 0.153181 0.153148 0.153135 0.153082 0.152929 0.152647 0.152247 0.151780 0.151320 0.150932 0.150649 0.150452 0.150271 0.150015 0.149618 0.149089 0.148549 0.148226 0.148393 0.149250 0.150774 0.152590 0.153929 0.153783 0.151280 0.146299 0.140149 0.136006 0.138567 0.152269 0.177523 0.205009 0.209663 0.149171 0.151481 0.213137 0.206253 0.178060 0.152490 0.139813 0.138051 0.142284 0.147490 0.151017 0.152161 0.151461 0.149937 0.148499 0.147662 0.147517 0.147864 0.148395 0.148846 0.149082 0.149100 0.148991 0.148873 0.148830 0.148883 0.148996 0.149096 0.149123 0.149053 0.148919 0.148802 0.148792 0.148956 0.149292 0.149720 0.150092 0.150239 0.150031 0.149449 0.148619 0.147815 0.147388 0.147656 0.148752 0.150494 0.152331 0.153416 0.152844 0.150040 0.145238 0.139877 0.136726 0.139501 0.151783 0.175230 0.207375 0.239721 0.257423 0.242244 0.180646 0.084383 0.002927 0.007236 0.230331
0.216571 0.328266 0.325617 0.293056 0.237099 0.205494 0.202620 0.214379 0.226692 0.230743 0.223930 0.208377 0.188592 0.169310 0.154055 0.144524 0.140668 0.141191 0.144220 0.147914 0.150889 0.152416 0.152402 0.151222 0.149488 0.147818 0.146666 0.146241 0.146501 0.147230 0.148128 0.148920 0.149428 0.149597 0.149493 0.149249 0.149010 0.148880 0.148887 0.148987 0.149092 0.149117 0.149025 0.148851 0.148693 0.148668 0.148852 0.149212 0.149588 0.149735 0.149427 0.148625 0.147614 0.147033 0.147697 0.150138 0.154062 0.157830 0.156348 0.146143 0.122661 0.097818 0.091978 0.148933 0.148598 0.060513 0.068364 0.108172 0.143502 0.161903 0.165028 0.159773 0.152741 0.147880 0.146322 0.147296 0.149279 0.150904 0.151439 0.150856 0.149626 0.148410 0.147765 0.147969 0.148966 0.150441 0.151953 0.153088 0.153585 0.153395 0.152673 0.151717 0.150864 0.150395 0.150460 0.151041 0.151971 0.152992 0.153836 0.154304 0.154323 0.153966 0.153422 0.152933 0.152709 0.152852 0.153310 0.153885 0.154295 0.154279 0.153711 0.152683 0.151511 0.150640 0.150454 0.151031 0.151964 0.152351 0.151095 0.147547 0.142400 0.138464 0.140675 0.154442 0.181445 0.212630 0.220056 0.153330 0.153334 0.059592 0.067326 0.107642 0.147023 0.166938 0.169349 0.162271 0.153435 0.147541 0.145987 0.147870 0.151295 0.154449 0.156205 0.156270 0.155013 0.153143 0.151385 0.150251 0.149938 0.150355 0.151221 0.152199 0.153009 0.153501 0.153667 0.153602 0.153451 0.153333 0.153302 0.153329 0.153319 0.153163 0.152784 0.152182 0.151452 0.150758 0.150286 0.150172 0.150439 0.150964 0.151491 0.151704 0.151341 0.150324 0.148852 0.147411 0.146663 0.147211 0.149271 0.152376 0.155241 0.155977 0.152773 0.145038 0.134744 0.127361 0.131381 0.155182 0.200116 0.249844 0.258868 0.149154 0.150423 0.202187 0.196646 0.173264 0.151898 0.141331 0.139856 0.143405 0.147752 0.150694 0.151649 0.151063 0.149787 0.148582 0.147877 0.147750 0.148036 0.148478 0.148856 0.149056 0.149076 0.148991 0.148898 0.148864 0.148909 0.149000 0.149078 0.149093 0.149029 0.148916 0.148821 0.148825 0.148981 0.149288 0.149673 0.150007 0.150141 0.149959 0.149443 0.148699 0.147967 0.147557 0.147759 0.148707 0.150268 0.151977 0.153092 0.152777 0.150426 0.146062 0.140691 0.136450 0.136340 0.143400 0.159292 0.182514 0.206817 0.220837 0.210343 0.164597 0.093447 0.036651 0.047647 0.230722
0.217951 0.146647 0.148606 0.187893 0.219545 0.240848 0.249522 0.245583 0.232144 0.213474 0.193643 0.175751 0.161645 0.151989 0.146526 0.144426 0.144606 0.146003 0.147743 0.149231 0.150155 0.150452 0.150227 0.149678 0.149024 0.148448 0.148069 0.147932 0.148017 0.148258 0.148571 0.148873 0.149103 0.149230 0.149254 0.149198 0.149102 0.149003 0.148933 0.148907 0.148923 0.148965 0.149011 0.149040 0.149040 0.149012 0.148970 0.148935 0.148930 0.148965 0.149035 0.149116 0.149170 0.149161 0.149068 0.148906 0.148789 0.148973 0.148929 0.149054 0.147924 0.147624 0.147495 0.148970 0.148837 0.019316 0.030563 0.089115 0.141282 0.168415 0.172719 0.164343 0.153187 0.145325 0.142644 0.144111 0.147453 0.150522 0.152044 0.151786 0.150303 0.148508 0.147249 0.147021 0.147873 0.149468 0.151261 0.152700 0.153405 0.153260 0.152421 0.151242 0.150148 0.149507 0.149523 0.150193 0.151317 0.152573 0.153621 0.154204 0.154227 0.153781 0.153109 0.152520 0.152282 0.152518 0.153150 0.153907 0.154414 0.154328 0.153496 0.152062 0.150476 0.149363 0.149254 0.150261 0.151816 0.152663 0.151255 0.146638 0.139670 0.134100 0.136614 0.154626 0.190593 0.232509 0.242766 0.153158 0.153160 0.026545 0.038010 0.094451 0.145505 0.171097 0.173976 0.164662 0.153203 0.145640 0.143711 0.146184 0.150586 0.154586 0.156761 0.156776 0.155133 0.152757 0.150569 0.149197 0.148866 0.149430 0.150518 0.151704 0.152651 0.153197 0.153362 0.153289 0.153164 0.153127 0.153217 0.153361 0.153408 0.153200 0.152647 0.151779 0.150763 0.149867 0.149376 0.149489 0.150225 0.151375 0.152529 0.153180 0.152898 0.151522 0.149303 0.146930 0.145380 0.145586 0.147976 0.152039 0.156106 0.157611 0.154001 0.144290 0.130914 0.121067 0.126145 0.157569 0.217462 0.284165 0.296530 0.149066 0.149460 0.173763 0.171217 0.160295 0.150349 0.145438 0.144755 0.146402 0.148417 0.149778 0.150217 0.149946 0.149359 0.148810 0.148494 0.148445 0.148583 0.148788 0.148958 0.149043 0.149043 0.148996 0.148948 0.148931 0.148954 0.148999 0.149039 0.149048 0.149018 0.148963 0.148917 0.148915 0.148985 0.149126 0.149305 0.149460 0.149523 0.149440 0.149202 0.148860 0.148526 0.148347 0.148457 0.148914 0.149646 0.150420 0.150868 0.150569 0.149205 0.146751 0.143647 0.140873 0.139839 0.142010 0.148259 0.158050 0.168713 0.175291 0.171599 0.153197 0.125145 0.106489 0.123594 0.225657
0.220933 0.003627 0.006233 0.096980 0.198415 0.262070 0.279538 0.262859 0.229397 0.193991 0.165803 0.148282 0.140705 0.140153 0.143201 0.147027 0.149896 0.151169 0.151019 0.150040 0.148896 0.148085 0.147830 0.148096 0.148678 0.149311 0.149775 0.149953 0.149845 0.149546 0.149190 0.148902 0.148759 0.148767 0.148879 0.149014 0.149100 0.149098 0.149017 0.148910 0.148843 0.148869 0.148992 0.149164 0.149290 0.149279 0.149084 0.148755 0.148446 0.148369 0.148700 0.149445 0.150331 0.150792 0.150142 0.147959 0.144612 0.141737 0.142896 0.151403 0.169439 0.189873 0.194634 0.149019 0.149099 0.002843 0.015391 0.081515 0.140530 0.171206 0.175920 0.166135 0.153129 0.143896 0.140676 0.142353 0.146345 0.150153 0.152240 0.152245 0.150729 0.148694 0.147109 0.146584 0.147237 0.148754 0.150568 0.152086 0.152877 0.152789 0.151959 0.150744 0.149587 0.148878 0.148846 0.149496 0.150630 0.151912 0.152988 0.153587 0.153609 0.153150 0.152464 0.151877 0.151669 0.151963 0.152666 0.153480 0.153997 0.153850 0.152885 0.151276 0.149531 0.148352 0.148336 0.149619 0.151582 0.152834 0.151641 0.146882 0.139389 0.133135 0.135330 0.154073 0.192229 0.237133 0.248463 0.152660 0.152659 0.008207 0.022290 0.088478 0.144979 0.173062 0.175975 0.165497 0.152775 0.144443 0.142351 0.145085 0.149891 0.154208 0.156508 0.156458 0.154643 0.152085 0.149781 0.148390 0.148119 0.148779 0.149946 0.151158 0.152074 0.152551 0.152648 0.152553 0.152480 0.152573 0.152848 0.153183 0.153374 0.153219 0.152605 0.151580 0.150361 0.149287 0.148721 0.148917 0.149905 0.151435 0.153004 0.153985 0.153834 0.152321 0.149708 0.146788 0.144718 0.144633 0.147112 0.151650 0.156390 0.158402 0.154705 0.144056 0.129095 0.117920 0.123507 0.158982 0.226965 0.302950 0.317193 0.148958 0.148759 0.141240 0.142023 0.145357 0.148583 0.150154 0.150383 0.149830 0.149170 0.148722 0.148573 0.148663 0.148867 0.149069 0.149199 0.149238 0.149208 0.149143 0.149077 0.149030 0.149008 0.149003 0.149004 0.149004 0.149000 0.148995 0.148994 0.149002 0.149018 0.149035 0.149040 0.149022 0.148974 0.148898 0.148811 0.148738 0.148707 0.148742 0.148851 0.149016 0.149197 0.149331 0.149352 0.149204 0.148870 0.148381 0.147821 0.147303 0.146939 0.146779 0.146758 0.146663 0.146150 0.144842 0.142507 0.139322 0.136145 0.134677 0.137334 0.146613 0.162184 0.180536 0.201043 0.214330
0.224384 0.000000 0.000000 0.046170 0.177649 0.259639 0.280463 0.258110 0.216662 0.175676 0.146289 0.131657 0.129466 0.134873 0.142885 0.149807 0.153761 0.154513 0.152927 0.150317 0.147902 0.146472 0.146284 0.147134 0.148543 0.149968 0.150980 0.151362 0.151128 0.150469 0.149657 0.148954 0.148526 0.148418 0.148561 0.148817 0.149041 0.149138 0.149092 0.148962 0.148849 0.148844 0.148977 0.149198 0.149382 0.149393 0.149150 0.148705 0.148260 0.148115 0.148533 0.149549 0.150795 0.151481 0.150613 0.147557 0.142743 0.138333 0.140077 0.152488 0.180222 0.210981 0.218226 0.149056 0.149269 0.015852 0.027215 0.087536 0.141428 0.169432 0.173657 0.164562 0.152487 0.143881 0.140846 0.142390 0.146147 0.149798 0.151891 0.152047 0.150742 0.148876 0.147343 0.146723 0.147160 0.148400 0.149952 0.151288 0.152013 0.151976 0.151283 0.150234 0.149215 0.148573 0.148510 0.149042 0.149998 0.151092 0.152014 0.152528 0.152545 0.152150 0.151566 0.151078 0.150928 0.151218 0.151861 0.152586 0.153027 0.152858 0.151946 0.150458 0.148867 0.147822 0.147886 0.149201 0.151230 0.152718 0.152066 0.148179 0.141661 0.135903 0.137215 0.152819 0.185495 0.224499 0.234780 0.151844 0.151840 0.006134 0.021245 0.089395 0.145318 0.172889 0.175520 0.164981 0.152322 0.144058 0.141959 0.144585 0.149207 0.153326 0.155476 0.155371 0.153613 0.151205 0.149101 0.147904 0.147769 0.148472 0.149580 0.150647 0.151368 0.151652 0.151607 0.151458 0.151438 0.151685 0.152185 0.152776 0.153204 0.153222 0.152690 0.151648 0.150328 0.149105 0.148387 0.148471 0.149424 0.151008 0.152709 0.153866 0.153888 0.152495 0.149914 0.146927 0.144711 0.144452 0.146791 0.151279 0.156088 0.158265 0.154765 0.144255 0.129309 0.118042 0.123562 0.159220 0.227818 0.304697 0.319245 0.148882 0.148416 0.117538 0.120717 0.134462 0.147302 0.153582 0.154473 0.152316 0.149716 0.147960 0.147388 0.147741 0.148514 0.149253 0.149697 0.149794 0.149638 0.149378 0.149145 0.149010 0.148977 0.149008 0.149049 0.149061 0.149036 0.148992 0.148960 0.148968 0.149020 0.149091 0.149136 0.149105 0.148966 0.148725 0.148434 0.148182 0.148076 0.148196 0.148565 0.149114 0.149685 0.150056 0.149999 0.149366 0.148169 0.146628 0.145170 0.144330 0.144582 0.146099 0.148525 0.150848 0.151486 0.148697 0.141343 0.129914 0.117528 0.110363 0.116745 0.144019 0.188113 0.229804 0.249751 0.197527
0.226395 0.000000 0.000000 0.045614 0.160495 0.232480 0.250483 0.230881 0.195320 0.161117 0.137849 0.127866 0.128670 0.135629 0.144151 0.150964 0.154537 0.154876 0.152970 0.150175 0.147698 0.146295 0.146181 0.147120 0.148612 0.150102 0.151154 0.151550 0.151304 0.150610 0.149747 0.148984 0.148499 0.148348 0.148469 0.148730 0.148982 0.149120 0.149115 0.149012 0.148903 0.148877 0.148974 0.149157 0.149323 0.149346 0.149148 0.148764 0.148366 0.148221 0.148569 0.149451 0.150555 0.151180 0.150432 0.147729 0.143409 0.139321 0.140923 0.152146 0.177919 0.206347 0.213087 0.149063 0.149286 0.054663 0.062676 0.105458 0.143710 0.163587 0.166551 0.160021 0.151357 0.145166 0.142967 0.144070 0.146791 0.149466 0.151039 0.151219 0.150325 0.148994 0.147862 0.147357 0.147594 0.148410 0.149469 0.150399 0.150921 0.150918 0.150455 0.149737 0.149028 0.148569 0.148506 0.148851 0.149493 0.150234 0.150861 0.151211 0.151223 0.150953 0.150558 0.150233 0.150147 0.150368 0.150832 0.151346 0.151648 0.151507 0.150830 0.149739 0.148583 0.147843 0.147947 0.149038 0.150768 0.152259 0.152344 0.150136 0.145868 0.141672 0.141750 0.151094 0.171927 0.197547 0.204904 0.150813 0.150809 0.018666 0.033094 0.095693 0.146218 0.170956 0.173140 0.163482 0.151962 0.144419 0.142405 0.144601 0.148562 0.152078 0.153877 0.153746 0.152239 0.150248 0.148587 0.147741 0.147791 0.148491 0.149434 0.150229 0.150643 0.150649 0.150407 0.150172 0.150185 0.150574 0.151301 0.152169 0.152888 0.153174 0.152850 0.151926 0.150615 0.149286 0.148357 0.148159 0.148809 0.150133 0.151684 0.152851 0.153062 0.152012 0.149852 0.147251 0.145261 0.144967 0.146991 0.150973 0.155298 0.157306 0.154214 0.144762 0.131234 0.120973 0.125928 0.158346 0.220905 0.291192 0.304649 0.148870 0.148428 0.110711 0.114570 0.131362 0.146934 0.154549 0.155624 0.153021 0.149878 0.147759 0.147072 0.147497 0.148423 0.149300 0.149817 0.149916 0.149716 0.149401 0.149127 0.148979 0.148957 0.149009 0.149069 0.149087 0.149053 0.148993 0.148946 0.148950 0.149010 0.149099 0.149162 0.149135 0.148979 0.148697 0.148351 0.148049 0.147918 0.148058 0.148494 0.149145 0.149814 0.150226 0.150102 0.149256 0.147702 0.145716 0.143833 0.142738 0.143049 0.145035 0.148324 0.151733 0.153361 0.151059 0.143334 0.130579 0.116270 0.107508 0.113937 0.144020 0.192971 0.237847 0.253297 0.177611
0.224768 0.059722 0.043546 0.087156 0.148784 0.188379 0.198790 0.188620 0.169689 0.151548 0.139485 0.134772 0.135981 0.140498 0.145741 0.149881 0.152079 0.152363 0.151320 0.149739 0.148322 0.147508 0.147429 0.147954 0.148799 0.149647 0.150247 0.150472 0.150329 0.149927 0.149427 0.148982 0.148697 0.148605 0.148673 0.148825 0.148976 0.149064 0.149070 0.149016 0.148954 0.148936 0.148984 0.149083 0.149174 0.149189 0.149084 0.148874 0.148655 0.148572 0.148760 0.149245 0.149855 0.150203 0.149793 0.148297 0.145896 0.143602 0.144498 0.150752 0.165245 0.181271 0.185083 0.149037 0.149160 0.107976 0.111435 0.130055 0.146725 0.155393 0.156678 0.153805 0.149993 0.147261 0.146285 0.146769 0.147977 0.149175 0.149893 0.149995 0.149614 0.149026 0.148515 0.148270 0.148351 0.148690 0.149144 0.149551 0.149786 0.149794 0.149601 0.149292 0.148981 0.148775 0.148738 0.148879 0.149151 0.149468 0.149739 0.149892 0.149897 0.149780 0.149608 0.149468 0.149435 0.149540 0.149755 0.149991 0.150129 0.150059 0.149735 0.149211 0.148653 0.148307 0.148410 0.149087 0.150243 0.151515 0.152338 0.152163 0.150801 0.148798 0.147613 0.149274 0.155133 0.163554 0.166919 0.149744 0.149741 0.041720 0.054000 0.105306 0.147317 0.167783 0.169493 0.161381 0.151717 0.145317 0.143444 0.145009 0.148022 0.150702 0.152051 0.151926 0.150795 0.149370 0.148274 0.147844 0.148082 0.148738 0.149456 0.149927 0.149999 0.149713 0.149267 0.148934 0.148952 0.149436 0.150334 0.151433 0.152425 0.153002 0.152955 0.152249 0.151050 0.149684 0.148548 0.147986 0.148170 0.149021 0.150210 0.151243 0.151622 0.151041 0.149559 0.147661 0.146167 0.145959 0.147563 0.150730 0.154182 0.155768 0.153211 0.145451 0.134329 0.125860 0.129906 0.156639 0.208375 0.266664 0.278003 0.148925 0.148701 0.121459 0.124231 0.136390 0.147508 0.152963 0.153728 0.151884 0.149645 0.148135 0.147649 0.147951 0.148601 0.149208 0.149553 0.149603 0.149446 0.149217 0.149030 0.148942 0.148948 0.149006 0.149062 0.149080 0.149053 0.148999 0.148954 0.148945 0.148984 0.149051 0.149108 0.149108 0.149018 0.148836 0.148605 0.148398 0.148306 0.148400 0.148699 0.149143 0.149585 0.149820 0.149632 0.148873 0.147540 0.145827 0.144129 0.142972 0.142867 0.144095 0.146496 0.149328 0.151291 0.150832 0.146751 0.139047 0.129786 0.123534 0.126712 0.145134 0.176343 0.205660 0.214005 0.158032
0.217695 0.179065 0.157025 0.147858 0.142687 0.141449 0.142541 0.144309 0.145822 0.146724 0.147040 0.146984 0.146812 0.146727 0.146839 0.147163 0.147642 0.148182 0.148685 0.149073 0.149304 0.149373 0.149308 0.149157 0.148975 0.148812 0.148702 0.148662 0.148689 0.148766 0.148869 0.148971 0.149051 0.149096 0.149105 0.149084 0.149046 0.149005 0.148975 0.148961 0.148966 0.148983 0.149004 0.149019 0.149022 0.149011 0.148991 0.148972 0.148964 0.148976 0.149005 0.149044 0.149074 0.149076 0.149036 0.148958 0.148886 0.148931 0.148927 0.149038 0.148722 0.148566 0.148493 0.148990 0.148958 0.160063 0.159095 0.154073 0.149608 0.147303 0.146970 0.147732 0.148736 0.149449 0.149699 0.149571 0.149259 0.148953 0.148772 0.148748 0.148845 0.148992 0.149118 0.149178 0.149158 0.149077 0.148971 0.148878 0.148828 0.148829 0.148876 0.148947 0.149015 0.149057 0.149062 0.149028 0.148970 0.148904 0.148851 0.148824 0.148825 0.148847 0.148875 0.148895 0.148894 0.148873 0.148840 0.148811 0.148802 0.148820 0.148861 0.148907 0.148943 0.148973 0.149040 0.149245 0.149730 0.150634 0.151995 0.153625 0.154990 0.155173 0.153046 0.147783 0.139810 0.132129 0.131584 0.148843 0.148844 0.069968 0.079179 0.116205 0.148292 0.163895 0.165183 0.158962 0.151508 0.146463 0.144788 0.145682 0.147676 0.149476 0.150370 0.150279 0.149557 0.148714 0.148169 0.148114 0.148490 0.149064 0.149549 0.149722 0.149507 0.148994 0.148401 0.147994 0.147993 0.148501 0.149462 0.150670 0.151826 0.152624 0.152838 0.152391 0.151387 0.150087 0.148834 0.147959 0.147671 0.147990 0.148725 0.149527 0.150010 0.149896 0.149154 0.148069 0.147185 0.147124 0.148282 0.150510 0.152916 0.153963 0.151993 0.146220 0.137977 0.131693 0.134673 0.154514 0.193027 0.236562 0.245225 0.149020 0.149074 0.143316 0.143891 0.146545 0.148673 0.149778 0.149923 0.149596 0.149163 0.148869 0.148777 0.148834 0.148944 0.149032 0.149060 0.149032 0.148975 0.148922 0.148899 0.148911 0.148950 0.148998 0.149036 0.149051 0.149040 0.149010 0.148976 0.148952 0.148948 0.148966 0.149000 0.149039 0.149069 0.149083 0.149080 0.149069 0.149065 0.149080 0.149116 0.149156 0.149162 0.149077 0.148833 0.148371 0.147667 0.146749 0.145714 0.144727 0.144000 0.143747 0.144125 0.145169 0.146736 0.148504 0.150011 0.150781 0.150507 0.149239 0.147498 0.146192 0.146931 0.150383 0.151235 0.142464
0.204474 0.269803 0.246563 0.198566 0.140955 0.107335 0.100990 0.112129 0.129633 0.145241 0.154816 0.157795 0.155863 0.151551 0.147172 0.144233 0.143293 0.144122 0.146022 0.148168 0.149880 0.150766 0.150763 0.150068 0.149026 0.148001 0.147282 0.147014 0.147196 0.147708 0.148364 0.148979 0.149415 0.149608 0.149577 0.149396 0.149165 0.148973 0.148874 0.148871 0.148929 0.148996 0.149024 0.148998 0.148940 0.148896 0.148915 0.149011 0.149148 0.149239 0.149186 0.148942 0.148581 0.148331 0.148520 0.149401 0.150974 0.152798 0.152129 0.147809 0.136133 0.123598 0.120496 0.148945 0.148779 0.195561 0.191587 0.170436 0.151540 0.141744 0.140318 0.143588 0.147911 0.151002 0.152104 0.151554 0.150185 0.148823 0.148000 0.147869 0.148282 0.148934 0.149512 0.149801 0.149738 0.149391 0.148916 0.148487 0.148237 0.148224 0.148424 0.148744 0.149066 0.149280 0.149322 0.149183 0.148915 0.148604 0.148342 0.148199 0.148198 0.148310 0.148466 0.148583 0.148594 0.148478 0.148272 0.148062 0.147959 0.148049 0.148354 0.148805 0.149258 0.149544 0.149564 0.149387 0.149310 0.149811 0.151352 0.154032 0.157145 0.158865 0.156386 0.146972 0.130329 0.112323 0.109078 0.148288 0.148293 0.098110 0.104019 0.126796 0.148941 0.159737 0.160672 0.156397 0.151198 0.147566 0.146174 0.146507 0.147608 0.148637 0.149148 0.149102 0.148737 0.148371 0.148246 0.148440 0.148863 0.149320 0.149601 0.149565 0.149191 0.148588 0.147960 0.147539 0.147512 0.147963 0.148845 0.149983 0.151120 0.151984 0.152360 0.152149 0.151398 0.150287 0.149086 0.148077 0.147474 0.147366 0.147681 0.148217 0.148709 0.148932 0.148798 0.148418 0.148084 0.148162 0.148907 0.150251 0.151663 0.152197 0.150811 0.147000 0.141616 0.137515 0.139450 0.152410 0.177648 0.206296 0.212180 0.149108 0.149375 0.165392 0.163753 0.156768 0.149847 0.146580 0.146104 0.147297 0.148673 0.149594 0.149896 0.149707 0.149282 0.148860 0.148581 0.148486 0.148535 0.148660 0.148795 0.148899 0.148962 0.148991 0.149005 0.149014 0.149021 0.149020 0.149002 0.148965 0.148919 0.148885 0.148891 0.148962 0.149109 0.149317 0.149548 0.149743 0.149838 0.149784 0.149566 0.149209 0.148785 0.148390 0.148113 0.147995 0.147999 0.147991 0.147767 0.147112 0.145907 0.144251 0.142560 0.141594 0.142337 0.145697 0.152019 0.160488 0.168628 0.172229 0.166161 0.146570 0.118817 0.098243 0.093604 0.133759
0.186008 0.290183 0.271629 0.214877 0.141556 0.097589 0.088565 0.102424 0.124904 0.145186 0.157715 0.161600 0.158945 0.153030 0.146917 0.142652 0.141042 0.141848 0.144192 0.146994 0.149335 0.150665 0.150852 0.150118 0.148889 0.147635 0.146737 0.146401 0.146640 0.147312 0.148182 0.149008 0.149603 0.149877 0.149843 0.149597 0.149270 0.148985 0.148822 0.148796 0.148869 0.148970 0.149033 0.149026 0.148963 0.148898 0.148893 0.148978 0.149126 0.149244 0.149217 0.148978 0.148592 0.148303 0.148480 0.149427 0.151200 0.153394 0.152610 0.147634 0.133503 0.118345 0.114526 0.148925 0.148711 0.204485 0.199766 0.174550 0.152009 0.140319 0.138622 0.142538 0.147717 0.151425 0.152749 0.152091 0.150444 0.148800 0.147798 0.147628 0.148118 0.148901 0.149602 0.149963 0.149901 0.149496 0.148932 0.148417 0.148113 0.148091 0.148323 0.148703 0.149088 0.149349 0.149406 0.149248 0.148935 0.148569 0.148259 0.148089 0.148087 0.148220 0.148405 0.148542 0.148551 0.148406 0.148150 0.147891 0.147765 0.147879 0.148265 0.148839 0.149417 0.149775 0.149759 0.149410 0.149044 0.149220 0.150529 0.153199 0.156582 0.158756 0.156619 0.147003 0.129298 0.109644 0.105659 0.148172 0.148178 0.121954 0.124979 0.136072 0.149210 0.155664 0.156286 0.153787 0.150671 0.148405 0.147403 0.147393 0.147851 0.148318 0.148553 0.148546 0.148426 0.148360 0.148457 0.148728 0.149088 0.149399 0.149531 0.149406 0.149033 0.148508 0.147986 0.147636 0.147594 0.147920 0.148582 0.149457 0.150359 0.151088 0.151474 0.151426 0.150950 0.150152 0.149208 0.148322 0.147671 0.147360 0.147394 0.147684 0.148081 0.148429 0.148630 0.148687 0.148705 0.148852 0.149257 0.149905 0.150546 0.150709 0.149864 0.147749 0.144815 0.142588 0.143637 0.150686 0.164465 0.180191 0.183561 0.149143 0.149474 0.176760 0.173982 0.161994 0.150451 0.144951 0.144159 0.146120 0.148416 0.149953 0.150454 0.150140 0.149448 0.148775 0.148353 0.148234 0.148345 0.148562 0.148773 0.148915 0.148978 0.148988 0.148982 0.148985 0.149004 0.149023 0.149020 0.148981 0.148915 0.148852 0.148837 0.148915 0.149112 0.149413 0.149761 0.150066 0.150222 0.150148 0.149815 0.149273 0.148647 0.148115 0.147853 0.147964 0.148413 0.148993 0.149345 0.149049 0.147787 0.145555 0.142844 0.140723 0.140701 0.144304 0.152334 0.163931 0.175723 0.181595 0.173801 0.146208 0.105637 0.074020 0.067631 0.133037
0.164916 0.226491 0.217768 0.186913 0.142478 0.115064 0.109136 0.117620 0.131806 0.144888 0.153212 0.156023 0.154500 0.150664 0.146490 0.143381 0.141974 0.142230 0.143656 0.145579 0.147377 0.148629 0.149174 0.149082 0.148582 0.147958 0.147465 0.147268 0.147412 0.147839 0.148419 0.148998 0.149445 0.149680 0.149694 0.149532 0.149281 0.149031 0.148857 0.148792 0.148829 0.148925 0.149025 0.149081 0.149074 0.149014 0.148941 0.148898 0.148916 0.148990 0.149079 0.149128 0.149097 0.149004 0.148938 0.149021 0.149423 0.150329 0.150060 0.148624 0.142610 0.136433 0.134704 0.148945 0.148793 0.185920 0.182786 0.166001 0.150992 0.143208 0.142081 0.144696 0.148154 0.150631 0.151517 0.151077 0.149974 0.148871 0.148195 0.148076 0.148399 0.148923 0.149395 0.149643 0.149608 0.149344 0.148971 0.148628 0.148423 0.148405 0.148556 0.148807 0.149063 0.149238 0.149280 0.149180 0.148976 0.148736 0.148533 0.148421 0.148420 0.148508 0.148629 0.148717 0.148720 0.148619 0.148446 0.148272 0.148189 0.148269 0.148534 0.148927 0.149322 0.149563 0.149540 0.149269 0.148951 0.148957 0.149690 0.151331 0.153499 0.154981 0.153772 0.147791 0.136561 0.123949 0.121266 0.148463 0.148467 0.139078 0.140087 0.143538 0.149179 0.151984 0.152297 0.151250 0.149902 0.148875 0.148359 0.148255 0.148361 0.148496 0.148570 0.148578 0.148573 0.148614 0.148733 0.148919 0.149122 0.149273 0.149314 0.149215 0.148989 0.148689 0.148397 0.148199 0.148166 0.148328 0.148671 0.149133 0.149621 0.150032 0.150275 0.150293 0.150080 0.149677 0.149167 0.148653 0.148234 0.147980 0.147917 0.148023 0.148239 0.148490 0.148712 0.148876 0.148993 0.149108 0.149266 0.149469 0.149644 0.149635 0.149261 0.148431 0.147311 0.146468 0.146865 0.149544 0.154804 0.160848 0.162217 0.149104 0.149328 0.171005 0.168804 0.159259 0.150153 0.145805 0.145181 0.146721 0.148530 0.149741 0.150134 0.149888 0.149347 0.148826 0.148504 0.148422 0.148517 0.148689 0.148852 0.148955 0.148994 0.148991 0.148978 0.148979 0.148995 0.149015 0.149020 0.148996 0.148946 0.148893 0.148874 0.148926 0.149070 0.149298 0.149569 0.149812 0.149946 0.149902 0.149659 0.149251 0.148779 0.148384 0.148212 0.148351 0.148784 0.149356 0.149785 0.149731 0.148920 0.147310 0.145235 0.143476 0.143175 0.145512 0.151145 0.159494 0.168073 0.172299 0.166313 0.145447 0.114694 0.090597 0.086619 0.139185
0.145100 0.100775 0.104316 0.124339 0.142449 0.152011 0.153581 0.150583 0.146493 0.143531 0.142462 0.142982 0.144288 0.145565 0.146280 0.146279 0.145721 0.144945 0.144311 0.144080 0.144361 0.145100 0.146129 0.147230 0.148199 0.148899 0.149277 0.149367 0.149262 0.149074 0.148907 0.148824 0.148841 0.148932 0.149044 0.149123 0.149135 0.149077 0.148979 0.148888 0.148851 0.148892 0.149000 0.149128 0.149210 0.149187 0.149041 0.148819 0.148626 0.148597 0.148831 0.149313 0.149857 0.150117 0.149692 0.148363 0.146406 0.144863 0.145531 0.150366 0.159958 0.171016 0.173433 0.149000 0.149000 0.148999 0.149000 0.149000 0.149000 0.149000 0.149000 0.149000 0.149000 0.149000 0.149000 0.149000 0.149000 0.149000 0.149000 0.149000 0.149000 0.149000 0.149000 0.149000 0.149000 0.149000 0.149000 0.149000 0.149000 0.149000 0.149000 0.149000 0.149000 0.149000 0.149000 0.149000 0.149000 0.149000 0.149000 0.149000 0.149000 0.149000 0.149000 0.149000 0.149000 0.149000 0.149000 0.149000 0.149000 0.149000 0.149000 0.149000 0.149000 0.149000 0.149000 0.149000 0.149000 0.149000 0.149000 0.149000 0.149000 0.149000 0.149000 0.149000 0.149000 0.148999 0.148999 0.149000 0.149000 0.148999 0.149000 0.149000 0.149000 0.149000 0.149000 0.149000 0.149000 0.149000 0.149000 0.149000 0.149000 0.149000 0.149000 0.149000 0.149000 0.149000 0.149000 0.149000 0.149000 0.149000 0.149000 0.149000 0.149000 0.149000 0.149000 0.149000 0.149000 0.149000 0.149000 0.149000 0.149000 0.149000 0.149000 0.149000 0.149000 0.149000 0.149000 0.149000 0.149000 0.149000 0.149000 0.149000 0.149000 0.149000 0.149000 0.149000 0.149000 0.149000 0.149000 0.149000 0.149000 0.149000 0.149000 0.149000 0.149000 0.149000 0.149000 0.149000 0.149000 0.148999 0.148999 0.149000 0.149000 0.149282 0.149253 0.149126 0.149015 0.148961 0.148954 0.148971 0.148993 0.149008 0.149012 0.149009 0.149003 0.148998 0.148996 0.148996 0.148998 0.149000 0.149002 0.149002 0.149001 0.149000 0.148999 0.148999 0.148999 0.149000 0.149001 0.149001 0.149001 0.149000 0.149000 0.148999 0.148999 0.149000 0.149000 0.149001 0.149001 0.149001 0.149000 0.148998 0.148998 0.148998 0.149000 0.149003 0.149005 0.149005 0.149001 0.148994 0.148985 0.148981 0.148991 0.149019 0.149063 0.149100 0.149077 0.148907 0.148472 0.147651 0.146382 0.144761 0.143177 0.142449 0.143872 0.149000
0.130807 0.000000 0.000000 0.054219 0.141306 0.191954 0.201989 0.186367 0.162080 0.141402 0.130043 0.128216 0.132899 0.140094 0.146443 0.150031 0.150472 0.148527 0.145523 0.142793 0.141281 0.141365 0.142881 0.145286 0.147886 0.150054 0.151384 0.151751 0.151295 0.150330 0.149232 0.148328 0.147813 0.147732 0.147989 0.148413 0.148818 0.149076 0.149144 0.149069 0.148953 0.148902 0.148969 0.149132 0.149292 0.149325 0.149148 0.148787 0.148406 0.148261 0.148590 0.149437 0.150502 0.151107 0.150383 0.147760 0.143550 0.139502 0.141099 0.152060 0.177745 0.206615 0.213419 0.149067 0.149239 0.110446 0.113715 0.131252 0.146936 0.155071 0.156245 0.153500 0.149873 0.147273 0.146342 0.146803 0.147965 0.149131 0.149850 0.149983 0.149648 0.149098 0.148597 0.148327 0.148352 0.148620 0.149005 0.149363 0.149581 0.149606 0.149454 0.149197 0.148930 0.148744 0.148696 0.148792 0.148996 0.149238 0.149443 0.149556 0.149557 0.149469 0.149347 0.149261 0.149265 0.149376 0.149561 0.149742 0.149826 0.149734 0.149447 0.149024 0.148601 0.148348 0.148387 0.148711 0.149116 0.149217 0.148580 0.146989 0.144798 0.143215 0.144278 0.150140 0.161362 0.174105 0.176937 0.149540 0.149535 0.152854 0.152675 0.152360 0.148831 0.147017 0.146745 0.147351 0.148202 0.148910 0.149339 0.149524 0.149564 0.149552 0.149534 0.149509 0.149456 0.149351 0.149190 0.148998 0.148820 0.148706 0.148697 0.148807 0.149020 0.149289 0.149548 0.149727 0.149770 0.149652 0.149381 0.149002 0.148586 0.148218 0.147976 0.147914 0.148050 0.148365 0.148800 0.149275 0.149704 0.150012 0.150152 0.150117 0.149933 0.149656 0.149350 0.149073 0.148859 0.148718 0.148638 0.148607 0.148629 0.148738 0.148984 0.149394 0.149899 0.150268 0.150091 0.148908 0.146556 0.143795 0.143065 0.148877 0.148640 0.120562 0.123395 0.135781 0.147508 0.153113 0.153919 0.151943 0.149616 0.148057 0.147552 0.147868 0.148559 0.149221 0.149622 0.149714 0.149582 0.149355 0.149150 0.149028 0.148993 0.149012 0.149039 0.149043 0.149018 0.148983 0.148966 0.148989 0.149052 0.149127 0.149166 0.149117 0.148944 0.148650 0.148282 0.147927 0.147694 0.147674 0.147912 0.148376 0.148949 0.149454 0.149700 0.149554 0.149008 0.148230 0.147558 0.147423 0.148204 0.150021 0.152545 0.154881 0.155648 0.153325 0.146913 0.136811 0.125669 0.118731 0.123005 0.144488 0.178211 0.205998 0.213343 0.158033
0.125342 0.000000 0.000000 0.011415 0.139895 0.215291 0.230462 0.207282 0.170898 0.139659 0.122255 0.119195 0.126093 0.136999 0.146831 0.152606 0.153616 0.150898 0.146388 0.142086 0.139457 0.139143 0.140973 0.144190 0.147787 0.150821 0.152658 0.153082 0.152272 0.150684 0.148885 0.147386 0.146514 0.146360 0.146803 0.147578 0.148385 0.148987 0.149272 0.149270 0.149114 0.148967 0.148949 0.149076 0.149258 0.149342 0.149203 0.148830 0.148386 0.148170 0.148486 0.149429 0.150681 0.151444 0.150645 0.147530 0.142348 0.137040 0.139062 0.152833 0.186771 0.224851 0.234058 0.149111 0.149386 0.088965 0.094051 0.121365 0.145797 0.158469 0.160293 0.156012 0.150354 0.146298 0.144844 0.145565 0.147379 0.149203 0.150330 0.150543 0.150023 0.149164 0.148378 0.147952 0.147985 0.148396 0.148993 0.149551 0.149893 0.149935 0.149702 0.149304 0.148890 0.148599 0.148520 0.148665 0.148976 0.149347 0.149663 0.149836 0.149837 0.149701 0.149515 0.149386 0.149397 0.149573 0.149862 0.150146 0.150273 0.150125 0.149671 0.149006 0.148343 0.147948 0.148017 0.148541 0.149205 0.149409 0.148472 0.146046 0.142662 0.140180 0.141749 0.150718 0.167985 0.187654 0.192079 0.149828 0.149820 0.152744 0.152805 0.153527 0.148773 0.146286 0.145864 0.146645 0.147794 0.148783 0.149420 0.149733 0.149843 0.149862 0.149848 0.149802 0.149700 0.149517 0.149259 0.148965 0.148701 0.148538 0.148533 0.148704 0.149024 0.149425 0.149811 0.150081 0.150155 0.149993 0.149604 0.149054 0.148442 0.147892 0.147518 0.147405 0.147585 0.148036 0.148679 0.149398 0.150063 0.150559 0.150807 0.150781 0.150512 0.150075 0.149572 0.149100 0.148732 0.148501 0.148403 0.148417 0.148523 0.148730 0.149068 0.149551 0.150110 0.150507 0.150314 0.149028 0.146453 0.143383 0.142487 0.148799 0.148429 0.098590 0.103593 0.125619 0.146346 0.156281 0.157711 0.154230 0.150110 0.147346 0.146450 0.147010 0.148228 0.149388 0.150081 0.150226 0.149975 0.149566 0.149206 0.149004 0.148964 0.149020 0.149086 0.149100 0.149053 0.148976 0.148927 0.148953 0.149059 0.149201 0.149294 0.149239 0.148962 0.148450 0.147773 0.147078 0.146554 0.146374 0.146640 0.147323 0.148250 0.149134 0.149646 0.149539 0.148763 0.147557 0.146446 0.146133 0.147256 0.150059 0.154053 0.157826 0.159144 0.155522 0.145300 0.129107 0.111284 0.100487 0.108311 0.144667 0.201286 0.247768 0.258610 0.162001
0.129777 0.000000 0.000000 0.023850 0.139510 0.207252 0.220845 0.200036 0.167484 0.139679 0.124375 0.121947 0.128380 0.138283 0.147084 0.152139 0.152867 0.150264 0.146120 0.142260 0.139997 0.139876 0.141695 0.144721 0.147998 0.150654 0.152115 0.152208 0.151141 0.149383 0.147500 0.146001 0.145206 0.145202 0.145854 0.146879 0.147952 0.148801 0.149283 0.149399 0.149272 0.149073 0.148954 0.148976 0.149099 0.149201 0.149161 0.148933 0.148611 0.148418 0.148604 0.149278 0.150230 0.150849 0.150272 0.147852 0.143706 0.139296 0.140909 0.152126 0.180519 0.212569 0.220534 0.149100 0.149339 0.097845 0.102177 0.125455 0.146278 0.157078 0.158631 0.154977 0.150150 0.146688 0.145447 0.146062 0.147613 0.149172 0.150138 0.150323 0.149881 0.149148 0.148474 0.148107 0.148130 0.148477 0.148984 0.149459 0.149752 0.149791 0.149596 0.149258 0.148906 0.148657 0.148587 0.148706 0.148967 0.149278 0.149544 0.149689 0.149690 0.149576 0.149420 0.149314 0.149327 0.149479 0.149728 0.149969 0.150075 0.149945 0.149553 0.148982 0.148413 0.148077 0.148142 0.148602 0.149190 0.149393 0.148630 0.146594 0.143728 0.141602 0.142884 0.150426 0.165009 0.181662 0.185442 0.149697 0.149689 0.150947 0.151204 0.152521 0.148841 0.146884 0.146519 0.147098 0.147985 0.148772 0.149301 0.149582 0.149699 0.149733 0.149726 0.149682 0.149585 0.149421 0.149198 0.148951 0.148734 0.148604 0.148604 0.148748 0.149012 0.149343 0.149662 0.149888 0.149955 0.149831 0.149521 0.149075 0.148575 0.148119 0.147803 0.147696 0.147831 0.148193 0.148721 0.149322 0.149889 0.150322 0.150550 0.150545 0.150325 0.149950 0.149506 0.149081 0.148746 0.148541 0.148472 0.148516 0.148647 0.148845 0.149109 0.149438 0.149790 0.150032 0.149911 0.149121 0.147523 0.145584 0.144952 0.148821 0.148506 0.096222 0.101409 0.124598 0.146191 0.156628 0.158134 0.154525 0.150203 0.147292 0.146347 0.146931 0.148203 0.149405 0.150104 0.150222 0.149927 0.149480 0.149104 0.148917 0.148915 0.149019 0.149124 0.149156 0.149097 0.148988 0.148897 0.148889 0.148988 0.149158 0.149308 0.149320 0.149093 0.148579 0.147818 0.146939 0.146137 0.145618 0.145536 0.145930 0.146698 0.147601 0.148328 0.148599 0.148282 0.147493 0.146619 0.146246 0.146958 0.149046 0.152192 0.155263 0.156366 0.153310 0.144551 0.130514 0.114922 0.105420 0.112430 0.145034 0.196120 0.238514 0.248174 0.158394
0.142094 0.049446 0.056361 0.097442 0.141056 0.165629 0.170248 0.162650 0.151332 0.142198 0.137762 0.137807 0.140620 0.144159 0.146852 0.147948 0.147492 0.146070 0.144471 0.143381 0.143196 0.143957 0.145398 0.147076 0.148523 0.149374 0.149454 0.148803 0.147643 0.146301 0.145119 0.144372 0.144205 0.144619 0.145481 0.146577 0.147671 0.148562 0.149136 0.149374 0.149347 0.149176 0.148990 0.148878 0.148872 0.148941 0.149018 0.149043 0.149000 0.148933 0.148927 0.149053 0.149291 0.149483 0.149354 0.148654 0.147376 0.146011 0.146414 0.150037 0.159000 0.169608 0.172545 0.149022 0.149074 0.138168 0.139086 0.144016 0.148425 0.150712 0.151041 0.150266 0.149243 0.148509 0.148246 0.148376 0.148705 0.149037 0.149242 0.149282 0.149188 0.149033 0.148890 0.148811 0.148815 0.148888 0.148995 0.149095 0.149158 0.149167 0.149126 0.149055 0.148980 0.148927 0.148912 0.148936 0.148991 0.149056 0.149111 0.149142 0.149142 0.149118 0.149086 0.149064 0.149067 0.149100 0.149153 0.149204 0.149226 0.149198 0.149114 0.148992 0.148871 0.148800 0.148814 0.148914 0.149042 0.149091 0.148935 0.148509 0.147904 0.147452 0.147715 0.149295 0.152363 0.155871 0.156673 0.149146 0.149144 0.149236 0.149324 0.149708 0.148974 0.148578 0.148499 0.148609 0.148786 0.148946 0.149056 0.149118 0.149145 0.149154 0.149153 0.149143 0.149121 0.149085 0.149038 0.148987 0.148942 0.148916 0.148916 0.148946 0.149001 0.149069 0.149135 0.149182 0.149197 0.149173 0.149111 0.149020 0.148918 0.148823 0.148756 0.148732 0.148758 0.148831 0.148940 0.149066 0.149186 0.149279 0.149330 0.149332 0.149287 0.149207 0.149111 0.149017 0.148943 0.148898 0.148885 0.148899 0.148932 0.148978 0.149031 0.149089 0.149146 0.149184 0.149164 0.149040 0.148786 0.148469 0.148354 0.148961 0.148894 0.118967 0.121802 0.135239 0.147328 0.153380 0.154263 0.152275 0.149776 0.148064 0.147500 0.147833 0.148562 0.149233 0.149591 0.149597 0.149365 0.149066 0.148848 0.148782 0.148856 0.149004 0.149138 0.149192 0.149143 0.149021 0.148886 0.148809 0.148838 0.148975 0.149170 0.149327 0.149335 0.149095 0.148558 0.147748 0.146763 0.145768 0.144951 0.144483 0.144471 0.144920 0.145727 0.146701 0.147605 0.148227 0.148443 0.148258 0.147806 0.147300 0.146928 0.146740 0.146559 0.145990 0.144575 0.142107 0.139051 0.136887 0.138069 0.145181 0.157384 0.168779 0.172152 0.147768
0.157197 0.252389 0.246066 0.206972 0.144301 0.105074 0.096388 0.108273 0.128270 0.146603 0.158020 0.161451 0.158633 0.152530 0.146053 0.141274 0.139154 0.139639 0.141985 0.145148 0.148128 0.150201 0.151022 0.150609 0.149252 0.147383 0.145450 0.143820 0.142726 0.142250 0.142355 0.142920 0.143788 0.144807 0.145850 0.146827 0.147677 0.148364 0.148865 0.149167 0.149276 0.149218 0.149047 0.148844 0.148698 0.148683 0.148827 0.149087 0.149353 0.149473 0.149322 0.148883 0.148321 0.147986 0.148314 0.149581 0.151759 0.154382 0.153260 0.147457 0.130701 0.112805 0.108835 0.148900 0.148675 0.195426 0.191500 0.170367 0.151459 0.141652 0.140247 0.143570 0.147962 0.151111 0.152241 0.151680 0.150267 0.148843 0.147959 0.147786 0.148186 0.148854 0.149471 0.149811 0.149797 0.149487 0.149030 0.148598 0.148329 0.148289 0.148462 0.148765 0.149084 0.149311 0.149380 0.149278 0.149049 0.148773 0.148538 0.148409 0.148409 0.148510 0.148647 0.148738 0.148720 0.148577 0.148350 0.148132 0.148038 0.148162 0.148526 0.149052 0.149572 0.149877 0.149810 0.149374 0.148811 0.148586 0.149235 0.151043 0.153624 0.155571 0.154476 0.147756 0.134680 0.119694 0.116250 0.148380 0.148388 0.148485 0.148011 0.146042 0.149079 0.150737 0.151092 0.150647 0.149920 0.149249 0.148777 0.148508 0.148383 0.148342 0.148348 0.148395 0.148493 0.148647 0.148848 0.149064 0.149251 0.149361 0.149359 0.149234 0.149005 0.148719 0.148441 0.148239 0.148170 0.148266 0.148521 0.148898 0.149329 0.149728 0.150014 0.150122 0.150021 0.149717 0.149259 0.148726 0.148211 0.147805 0.147578 0.147563 0.147751 0.148094 0.148514 0.148926 0.149254 0.149451 0.149503 0.149429 0.149270 0.149065 0.148846 0.148629 0.148433 0.148310 0.148375 0.148786 0.149635 0.150713 0.151156 0.149174 0.149458 0.160378 0.158982 0.154499 0.149429 0.147476 0.147219 0.148131 0.148950 0.149431 0.149568 0.149446 0.149195 0.148926 0.148703 0.148550 0.148473 0.148468 0.148530 0.148650 0.148810 0.148980 0.149121 0.149193 0.149174 0.149065 0.148900 0.148739 0.148654 0.148706 0.148917 0.149252 0.149614 0.149852 0.149795 0.149298 0.148291 0.146828 0.145101 0.143433 0.142219 0.141834 0.142523 0.144282 0.146791 0.149411 0.151284 0.151540 0.149587 0.145435 0.139943 0.134870 0.132615 0.135550 0.144972 0.159847 0.175771 0.184801 0.177033 0.144811 0.096690 0.059443 0.053472 0.134159
0.168078 0.420052 0.403732 0.298838 0.147582 0.055015 0.035138 0.063281 0.109464 0.150753 0.175353 0.181460 0.173722 0.159342 0.145038 0.135294 0.131848 0.134093 0.139958 0.146891 0.152671 0.155899 0.156153 0.153855 0.149975 0.145663 0.141938 0.139473 0.138518 0.138938 0.140338 0.142214 0.144107 0.145700 0.146853 0.147592 0.148036 0.148334 0.148590 0.148838 0.149044 0.149145 0.149098 0.148924 0.148713 0.148597 0.148688 0.149001 0.149416 0.149689 0.149560 0.148915 0.147962 0.147304 0.147793 0.150077 0.154275 0.159636 0.157535 0.145868 0.111116 0.073193 0.064121 0.148791 0.148336 0.242005 0.234141 0.191801 0.153916 0.134269 0.131455 0.138118 0.146924 0.153239 0.155504 0.154380 0.151543 0.148685 0.146907 0.146556 0.147356 0.148697 0.149937 0.150626 0.150603 0.149986 0.149072 0.148205 0.147664 0.147581 0.147924 0.148528 0.149166 0.149623 0.149764 0.149565 0.149113 0.148567 0.148101 0.147845 0.147845 0.148046 0.148316 0.148493 0.148453 0.148162 0.147705 0.147269 0.147085 0.147339 0.148073 0.149133 0.150180 0.150790 0.150648 0.149760 0.148609 0.148129 0.149397 0.152990 0.158148 0.162062 0.159919 0.146546 0.120465 0.090537 0.083626 0.147768 0.147785 0.148653 0.147538 0.143107 0.149096 0.152396 0.153131 0.152281 0.150854 0.149523 0.148575 0.148029 0.147774 0.147690 0.147706 0.147807 0.148008 0.148317 0.148714 0.149140 0.149508 0.149724 0.149721 0.149477 0.149027 0.148464 0.147912 0.147509 0.147365 0.147543 0.148038 0.148775 0.149621 0.150413 0.150985 0.151209 0.151019 0.150426 0.149522 0.148460 0.147427 0.146606 0.146139 0.146096 0.146465 0.147152 0.148003 0.148845 0.149520 0.149923 0.150023 0.149859 0.149516 0.149091 0.148661 0.148267 0.147938 0.147745 0.147851 0.148508 0.149884 0.151675 0.152494 0.149358 0.149926 0.202000 0.196379 0.173763 0.151563 0.141555 0.140152 0.143940 0.148088 0.150775 0.151616 0.151039 0.149815 0.148624 0.147849 0.147573 0.147681 0.147983 0.148320 0.148601 0.148807 0.148957 0.149071 0.149149 0.149168 0.149099 0.148937 0.148720 0.148531 0.148480 0.148665 0.149122 0.149790 0.150492 0.150958 0.150891 0.150050 0.148356 0.145965 0.143293 0.140968 0.139693 0.140040 0.142225 0.145916 0.150160 0.153492 0.154277 0.151252 0.144174 0.134397 0.125102 0.120907 0.126640 0.145230 0.175046 0.207515 0.226425 0.210874 0.143949 0.042155 0.000000 0.000000 0.124175
0.168137 0.435498 0.419301 0.308898 0.148287 0.049746 0.028468 0.058385 0.107603 0.151620 0.177775 0.184103 0.175582 0.159972 0.144532 0.134120 0.130614 0.133334 0.139987 0.147748 0.154149 0.157635 0.157745 0.154973 0.150435 0.145464 0.141242 0.138554 0.137684 0.138456 0.140370 0.142791 0.145126 0.146960 0.148113 0.148627 0.148700 0.148581 0.148486 0.148529 0.148709 0.148941 0.149108 0.149131 0.149012 0.148832 0.148717 0.148768 0.148992 0.149273 0.149412 0.149242 0.148772 0.148302 0.148393 0.149588 0.152333 0.156797 0.155179 0.146795 0.117229 0.085017 0.076823 0.148771 0.148290 0.246568 0.238320 0.193898 0.154148 0.133534 0.130585 0.137581 0.146826 0.153456 0.155835 0.154653 0.151673 0.148668 0.146797 0.146426 0.147264 0.148673 0.149978 0.150706 0.150688 0.150044 0.149086 0.148177 0.147607 0.147516 0.147871 0.148503 0.149171 0.149652 0.149804 0.149601 0.149133 0.148566 0.148081 0.147816 0.147817 0.148026 0.148305 0.148486 0.148439 0.148130 0.147648 0.147191 0.147002 0.147273 0.148050 0.149168 0.150269 0.150909 0.150753 0.149808 0.148579 0.148050 0.149350 0.153095 0.158496 0.162615 0.160411 0.146461 0.119197 0.087879 0.080619 0.147717 0.147735 0.149113 0.147805 0.142773 0.149037 0.152514 0.153314 0.152446 0.150961 0.149564 0.148565 0.147987 0.147718 0.147634 0.147658 0.147770 0.147983 0.148305 0.148716 0.149156 0.149535 0.149760 0.149759 0.149508 0.149046 0.148462 0.147889 0.147466 0.147309 0.147484 0.147988 0.148746 0.149622 0.150445 0.151045 0.151287 0.151098 0.150488 0.149549 0.148440 0.147355 0.146487 0.145986 0.145931 0.146312 0.147033 0.147934 0.148830 0.149551 0.149982 0.150086 0.149902 0.149526 0.149068 0.148621 0.148234 0.147933 0.147766 0.147862 0.148435 0.149652 0.151274 0.152086 0.149385 0.149978 0.219600 0.212244 0.181761 0.152514 0.139053 0.137160 0.142101 0.147661 0.151299 0.152445 0.151678 0.150054 0.148502 0.147541 0.147269 0.147503 0.147962 0.148407 0.148716 0.148878 0.148951 0.149000 0.149056 0.149102 0.149093 0.148990 0.148800 0.148587 0.148468 0.148572 0.148983 0.149686 0.150535 0.151260 0.151525 0.151017 0.149569 0.147256 0.144449 0.141778 0.140011 0.139833 0.141591 0.145065 0.149349 0.152935 0.154054 0.151248 0.144100 0.133897 0.123951 0.119240 0.125108 0.144957 0.177267 0.212831 0.233831 0.216954 0.142987 0.029264 0.000000 0.000000 0.124670
0.154183 0.221195 0.219101 0.193487 0.144159 0.111944 0.104270 0.113891 0.130828 0.146757 0.156872 0.159921 0.157237 0.151445 0.145288 0.140841 0.139135 0.140173 0.143189 0.147031 0.150541 0.152842 0.153500 0.152548 0.150397 0.147680 0.145072 0.143128 0.142184 0.142307 0.143323 0.144892 0.146605 0.148093 0.149104 0.149549 0.149496 0.149135 0.148704 0.148417 0.148396 0.148644 0.149046 0.149418 0.149579 0.149424 0.148987 0.148443 0.148069 0.148135 0.148769 0.149834 0.150887 0.151259 0.150314 0.147849 0.144722 0.143305 0.144140 0.150986 0.158760 0.168117 0.169332 0.148902 0.148704 0.189008 0.185627 0.167410 0.151108 0.142654 0.141445 0.144316 0.148110 0.150830 0.151806 0.151321 0.150098 0.148863 0.148094 0.147940 0.148284 0.148862 0.149399 0.149700 0.149694 0.149432 0.149039 0.148666 0.148431 0.148393 0.148537 0.148795 0.149069 0.149267 0.149330 0.149249 0.149060 0.148829 0.148633 0.148525 0.148525 0.148610 0.148723 0.148795 0.148774 0.148646 0.148448 0.148261 0.148184 0.148298 0.148618 0.149079 0.149532 0.149794 0.149728 0.149335 0.148824 0.148597 0.149121 0.150648 0.152859 0.154553 0.153665 0.147971 0.136825 0.124008 0.121027 0.148477 0.148485 0.149172 0.148590 0.146407 0.148990 0.150432 0.150773 0.150421 0.149811 0.149235 0.148822 0.148584 0.148475 0.148444 0.148457 0.148505 0.148592 0.148723 0.148889 0.149066 0.149220 0.149311 0.149312 0.149212 0.149025 0.148789 0.148556 0.148382 0.148315 0.148383 0.148584 0.148890 0.149245 0.149581 0.149827 0.149928 0.149854 0.149607 0.149226 0.148772 0.148327 0.147968 0.147759 0.147733 0.147888 0.148183 0.148555 0.148927 0.149227 0.149407 0.149449 0.149371 0.149212 0.149021 0.148838 0.148685 0.148573 0.148514 0.148549 0.148753 0.149193 0.149790 0.150111 0.149162 0.149404 0.195267 0.190532 0.170206 0.151401 0.142470 0.141223 0.144347 0.148007 0.150433 0.151200 0.150701 0.149652 0.148679 0.148122 0.148033 0.148266 0.148610 0.148893 0.149034 0.149040 0.148978 0.148922 0.148916 0.148963 0.149025 0.149052 0.149012 0.148913 0.148805 0.148767 0.148874 0.149161 0.149589 0.150039 0.150327 0.150252 0.149660 0.148513 0.146931 0.145202 0.143732 0.142942 0.143129 0.144325 0.146206 0.148088 0.149071 0.148316 0.145416 0.140783 0.135873 0.133084 0.135160 0.144046 0.159326 0.176706 0.187360 0.179353 0.142474 0.083656 0.032346 0.024086 0.139423
0.129217 0.000000 0.000000 0.000000 0.135106 0.234338 0.253854 0.223331 0.176153 0.136220 0.114495 0.111257 0.120597 0.134820 0.147533 0.155123 0.156860 0.154121 0.149285 0.144691 0.141953 0.141667 0.143511 0.146566 0.149732 0.152099 0.153174 0.152940 0.151771 0.150243 0.148921 0.148190 0.148158 0.148671 0.149401 0.149986 0.150168 0.149881 0.149269 0.148622 0.148252 0.148355 0.148914 0.149678 0.150244 0.150226 0.149458 0.148153 0.146917 0.146570 0.147764 0.150498 0.153739 0.155408 0.153030 0.145149 0.132956 0.121690 0.126545 0.157605 0.228802 0.308936 0.326678 0.149184 0.149544 0.076606 0.082725 0.115692 0.145191 0.160490 0.162676 0.157477 0.150609 0.145683 0.143916 0.144795 0.147012 0.149249 0.150644 0.150924 0.150303 0.149255 0.148281 0.147734 0.147741 0.148213 0.148922 0.149598 0.150025 0.150097 0.149838 0.149373 0.148878 0.148519 0.148401 0.148545 0.148884 0.149296 0.149649 0.149842 0.149842 0.149689 0.149488 0.149360 0.149401 0.149635 0.149995 0.150333 0.150470 0.150261 0.149677 0.148840 0.148018 0.147545 0.147668 0.148387 0.149324 0.149749 0.148818 0.146067 0.142072 0.139000 0.140582 0.150842 0.170960 0.194107 0.199507 0.149941 0.149926 0.148549 0.149674 0.153792 0.149061 0.146408 0.145774 0.146406 0.147518 0.148571 0.149324 0.149756 0.149949 0.150000 0.149971 0.149881 0.149722 0.149489 0.149193 0.148877 0.148602 0.148437 0.148434 0.148611 0.148943 0.149366 0.149786 0.150102 0.150227 0.150110 0.149753 0.149207 0.148570 0.147966 0.147521 0.147335 0.147464 0.147905 0.148592 0.149411 0.150218 0.150870 0.151253 0.151304 0.151028 0.150493 0.149817 0.149140 0.148590 0.148260 0.148181 0.148325 0.148618 0.148969 0.149302 0.149572 0.149765 0.149863 0.149804 0.149466 0.148736 0.147727 0.147157 0.148701 0.148265 0.131989 0.133996 0.140564 0.148404 0.151314 0.151736 0.150294 0.149039 0.148305 0.148092 0.148284 0.148682 0.149111 0.149462 0.149691 0.149794 0.149785 0.149680 0.149502 0.149277 0.149044 0.148851 0.148746 0.148760 0.148896 0.149118 0.149351 0.149504 0.149488 0.149249 0.148794 0.148201 0.147612 0.147203 0.147136 0.147503 0.148276 0.149283 0.150219 0.150702 0.150373 0.149019 0.146691 0.143784 0.141025 0.139355 0.139685 0.142563 0.147806 0.154235 0.159638 0.161116 0.155912 0.142680 0.122987 0.102539 0.091318 0.101581 0.142666 0.200560 0.240794 0.249311 0.165810
0.103623 0.000000 0.000000 0.000000 0.124736 0.367674 0.417095 0.342736 0.225331 0.124118 0.067461 0.057419 0.080181 0.116682 0.150404 0.171389 0.176895 0.169798 0.155973 0.141691 0.131717 0.128367 0.131493 0.139132 0.148477 0.156832 0.162318 0.164204 0.162852 0.159388 0.155231 0.151635 0.149368 0.148592 0.148948 0.149786 0.150451 0.150530 0.149981 0.149103 0.148374 0.148213 0.148760 0.149774 0.150694 0.150877 0.149941 0.148064 0.146087 0.145297 0.146838 0.150895 0.155976 0.158781 0.155161 0.142452 0.121919 0.100993 0.109838 0.163822 0.298248 0.449018 0.483527 0.149517 0.150483 0.000000 0.000000 0.059367 0.138764 0.179936 0.185817 0.171818 0.153327 0.140063 0.135303 0.137672 0.143644 0.149674 0.153435 0.154194 0.152523 0.149699 0.147071 0.145591 0.145603 0.146869 0.148775 0.150595 0.151747 0.151947 0.151256 0.150009 0.148678 0.147709 0.147387 0.147764 0.148666 0.149767 0.150710 0.151225 0.151222 0.150815 0.150279 0.149942 0.150061 0.150698 0.151669 0.152578 0.152940 0.152371 0.150789 0.148527 0.146311 0.145037 0.145380 0.147333 0.149884 0.151064 0.148596 0.141223 0.130483 0.122198 0.126397 0.153909 0.207930 0.270130 0.284678 0.151518 0.151479 0.147601 0.150783 0.162205 0.149274 0.142001 0.140236 0.141945 0.144972 0.147840 0.149888 0.151051 0.151557 0.151675 0.151579 0.151327 0.150902 0.150284 0.149502 0.148662 0.147931 0.147487 0.147472 0.147936 0.148818 0.149947 0.151073 0.151925 0.152270 0.151972 0.151028 0.149576 0.147875 0.146255 0.145055 0.144548 0.144886 0.146061 0.147903 0.150103 0.152278 0.154041 0.155081 0.155230 0.154494 0.153055 0.151229 0.149394 0.147902 0.147001 0.146783 0.147171 0.147968 0.148925 0.149827 0.150552 0.151060 0.151313 0.151163 0.150299 0.148422 0.145807 0.144283 0.148181 0.147013 0.064174 0.073607 0.108910 0.145278 0.160634 0.162771 0.156440 0.150050 0.146078 0.144899 0.145827 0.147699 0.149521 0.150742 0.151249 0.151202 0.150848 0.150392 0.149939 0.149519 0.149130 0.148793 0.148568 0.148534 0.148748 0.149192 0.149747 0.150198 0.150289 0.149805 0.148665 0.146993 0.145136 0.143616 0.143002 0.143737 0.145959 0.149367 0.153190 0.156294 0.157449 0.155707 0.150810 0.143514 0.135690 0.130071 0.129587 0.136350 0.150466 0.169034 0.185806 0.192028 0.178830 0.141188 0.082826 0.020502 0.000000 0.015527 0.143026 0.329899 0.473930 0.501527 0.193039
0.093391 0.000000 0.000000 0.000000 0.120537 0.425057 0.487608 0.394542 0.246713 0.118663 0.046502 0.033302 0.061957 0.108459 0.151764 0.178972 0.186305 0.177205 0.159082 0.140021 0.126314 0.121185 0.124679 0.134430 0.146854 0.158381 0.166395 0.169713 0.168586 0.164334 0.158760 0.153571 0.149929 0.148246 0.148235 0.149161 0.150180 0.150663 0.150395 0.149590 0.148738 0.148349 0.148683 0.149594 0.150556 0.150886 0.150110 0.148307 0.146267 0.145306 0.146664 0.150633 0.155752 0.158595 0.154737 0.141234 0.119067 0.095457 0.105677 0.165251 0.319256 0.491693 0.531563 0.149693 0.150923 0.000000 0.000000 0.034238 0.135908 0.188630 0.196157 0.178223 0.154536 0.137544 0.131447 0.134482 0.142137 0.149867 0.154693 0.155670 0.153531 0.149911 0.146538 0.144634 0.144640 0.146256 0.148694 0.151026 0.152506 0.152769 0.151891 0.150299 0.148596 0.147353 0.146933 0.147406 0.148549 0.149947 0.151145 0.151799 0.151794 0.151277 0.150598 0.150177 0.150339 0.151161 0.152409 0.153571 0.154027 0.153290 0.151251 0.148345 0.145501 0.143872 0.144322 0.146845 0.150146 0.151698 0.148579 0.139173 0.125434 0.114804 0.120114 0.155233 0.224271 0.303811 0.322457 0.152210 0.152159 0.147140 0.151381 0.166344 0.149487 0.139980 0.137653 0.139860 0.143791 0.147516 0.150165 0.151654 0.152281 0.152404 0.152260 0.151927 0.151387 0.150608 0.149623 0.148564 0.147635 0.147066 0.147037 0.147617 0.148732 0.150166 0.151604 0.152698 0.153152 0.152788 0.151599 0.149757 0.147592 0.145524 0.143986 0.143330 0.143753 0.145247 0.147597 0.150412 0.153200 0.155466 0.156809 0.157010 0.156075 0.154234 0.151890 0.149528 0.147604 0.146437 0.146147 0.146643 0.147669 0.148904 0.150070 0.151007 0.151661 0.151986 0.151799 0.150710 0.148342 0.145031 0.143072 0.147932 0.146444 0.055524 0.066581 0.104889 0.145213 0.161384 0.163508 0.156434 0.149783 0.145866 0.144822 0.145841 0.147700 0.149428 0.150542 0.150996 0.150982 0.150734 0.150405 0.150045 0.149640 0.149187 0.148740 0.148419 0.148362 0.148660 0.149286 0.150058 0.150666 0.150747 0.150005 0.148340 0.145942 0.143304 0.141151 0.140265 0.141252 0.144297 0.148996 0.154317 0.158750 0.160661 0.158782 0.152758 0.143554 0.133586 0.126381 0.125723 0.134331 0.152339 0.176017 0.197355 0.205150 0.188087 0.139804 0.065142 0.000000 0.000000 0.000000 0.142005 0.378899 0.568301 0.605172 0.203685
0.114326 0.000000 0.000000 0.000000 0.131570 0.311359 0.348698 0.293842 0.206082 0.129601 0.086102 0.077751 0.094623 0.122508 0.148773 0.165529 0.170302 0.164987 0.153954 0.142096 0.133320 0.129738 0.131542 0.137416 0.145231 0.152779 0.158360 0.161105 0.161026 0.158818 0.155540 0.152260 0.149771 0.148439 0.148199 0.148675 0.149370 0.149862 0.149934 0.149622 0.149153 0.148813 0.148801 0.149122 0.149573 0.149828 0.149615 0.148900 0.147986 0.147450 0.147877 0.149433 0.151459 0.152342 0.149966 0.142937 0.131658 0.119359 0.125675 0.157565 0.242100 0.335948 0.357375 0.149446 0.150185 0.000000 0.009802 0.079053 0.141028 0.173166 0.177752 0.166816 0.152372 0.142010 0.138292 0.140144 0.144814 0.149531 0.152477 0.153076 0.151773 0.149564 0.147504 0.146338 0.146337 0.147318 0.148803 0.150226 0.151131 0.151295 0.150764 0.149797 0.148759 0.148000 0.147740 0.148022 0.148712 0.149558 0.150282 0.150678 0.150675 0.150362 0.149952 0.149701 0.149805 0.150310 0.151072 0.151780 0.152055 0.151599 0.150350 0.148573 0.146836 0.145844 0.146125 0.147676 0.149706 0.150675 0.148796 0.143081 0.134713 0.128221 0.131422 0.152770 0.194780 0.243207 0.254582 0.150949 0.150916 0.147900 0.150573 0.159851 0.149375 0.143456 0.141998 0.143359 0.145794 0.148099 0.149730 0.150636 0.151005 0.151063 0.150961 0.150753 0.150426 0.149960 0.149370 0.148733 0.148171 0.147823 0.147800 0.148146 0.148817 0.149685 0.150559 0.151229 0.151512 0.151300 0.150585 0.149471 0.148158 0.146900 0.145962 0.145559 0.145812 0.146718 0.148147 0.149862 0.151563 0.152948 0.153772 0.153900 0.153334 0.152212 0.150781 0.149336 0.148156 0.147437 0.147255 0.147554 0.148179 0.148937 0.149656 0.150237 0.150646 0.150851 0.150739 0.150070 0.148613 0.146576 0.145367 0.148338 0.147436 0.176306 0.175858 0.161085 0.151664 0.143706 0.142174 0.143424 0.146905 0.149962 0.151315 0.151023 0.149755 0.148329 0.147366 0.147134 0.147553 0.148314 0.149048 0.149469 0.149470 0.149131 0.148667 0.148338 0.148340 0.148732 0.149404 0.150099 0.150490 0.150282 0.149318 0.147653 0.145573 0.143557 0.142166 0.141898 0.143027 0.145486 0.148812 0.152198 0.154659 0.155279 0.153508 0.149428 0.143896 0.138500 0.135253 0.136053 0.141967 0.152504 0.165133 0.175307 0.177263 0.165742 0.138497 0.099112 0.059118 0.037896 0.058480 0.137514 0.243195 0.339530 0.362446 0.179869
0.172445 0.751880 0.715061 0.473378 0.163133 0.000000 0.000000 0.000000 0.087050 0.162521 0.204126 0.210602 0.192635 0.164773 0.139505 0.124248 0.120895 0.127076 0.138187 0.149389 0.157064 0.159521 0.156983 0.151066 0.144017 0.137957 0.134337 0.133684 0.135646 0.139262 0.143342 0.146833 0.149087 0.149956 0.149733 0.148969 0.148240 0.147943 0.148176 0.148750 0.149308 0.149504 0.149186 0.148492 0.147818 0.147647 0.148300 0.149683 0.151186 0.151822 0.150638 0.147335 0.142846 0.139510 0.140480 0.148084 0.162084 0.177950 0.173992 0.139281 0.046108 0.000000 0.000000 0.148567 0.147913 0.287028 0.275375 0.212502 0.156231 0.127052 0.122890 0.132822 0.145940 0.155352 0.158728 0.157046 0.152802 0.148515 0.145837 0.145290 0.146473 0.148480 0.150355 0.151418 0.151423 0.150534 0.149187 0.147894 0.147070 0.146918 0.147397 0.148273 0.149214 0.149905 0.150144 0.149893 0.149273 0.148510 0.147857 0.147500 0.147503 0.147786 0.148154 0.148377 0.148279 0.147816 0.147123 0.146481 0.146235 0.146653 0.147792 0.149411 0.150990 0.151890 0.151630 0.150212 0.148353 0.147455 0.149142 0.154316 0.161908 0.167812 0.164935 0.145601 0.107519 0.063595 0.053260 0.147237 0.147267 0.149912 0.147420 0.138890 0.148591 0.154081 0.155441 0.154186 0.151938 0.149814 0.148317 0.147496 0.147174 0.147138 0.147242 0.147435 0.147729 0.148145 0.148671 0.149242 0.149749 0.150066 0.150092 0.149786 0.149183 0.148400 0.147608 0.146997 0.146734 0.146920 0.147560 0.148564 0.149752 0.150892 0.151744 0.152113 0.151887 0.151068 0.149773 0.148216 0.146670 0.145409 0.144657 0.144537 0.145049 0.146066 0.147367 0.148682 0.149759 0.150418 0.150589 0.150322 0.149756 0.149065 0.148404 0.147863 0.147477 0.147278 0.147377 0.147999 0.149357 0.151248 0.152367 0.149610 0.150425 0.457275 0.428610 0.291566 0.166012 0.103499 0.093902 0.114692 0.140955 0.159327 0.165763 0.162441 0.154292 0.146049 0.140665 0.138996 0.140308 0.143120 0.145984 0.147978 0.148844 0.148858 0.148539 0.148359 0.148546 0.149030 0.149527 0.149703 0.149347 0.148489 0.147405 0.146533 0.146292 0.146906 0.148264 0.149900 0.151098 0.151129 0.149532 0.146382 0.142406 0.138901 0.137401 0.139144 0.144473 0.152366 0.160316 0.164772 0.162195 0.150618 0.131316 0.109963 0.096431 0.102500 0.137079 0.199432 0.272260 0.318272 0.285606 0.128361 0.000000 0.000000 0.000000 0.114125
0.252800 1.000000 1.000000 1.000000 0.209158 0.000000 0.000000 0.000000 0.000000 0.210912 0.374977 0.402678 0.334207 0.225521 0.125436 0.063634 0.048477 0.071535 0.115222 0.160513 0.192722 0.204456 0.195830 0.172642 0.143514 0.116970 0.099211 0.092974 0.097530 0.109581 0.124647 0.138494 0.148219 0.152761 0.152809 0.150206 0.147119 0.145244 0.145289 0.146887 0.148922 0.150135 0.149769 0.147991 0.145887 0.144991 0.146474 0.150308 0.154829 0.157083 0.154099 0.144857 0.132196 0.123489 0.128736 0.155247 0.202418 0.256538 0.238443 0.115059 0.000000 0.000000 0.000000 0.147085 0.144594 0.703323 0.656530 0.404019 0.178020 0.060826 0.044115 0.084016 0.136717 0.174527 0.188094 0.181333 0.164277 0.147045 0.136272 0.134069 0.138819 0.146887 0.154427 0.158713 0.158748 0.155190 0.149784 0.144588 0.141269 0.140642 0.142553 0.146062 0.149838 0.152619 0.153593 0.152604 0.150134 0.147094 0.144487 0.143065 0.143079 0.144205 0.145671 0.146551 0.146137 0.144267 0.141475 0.138901 0.137923 0.139621 0.144218 0.150738 0.157090 0.160702 0.159637 0.153900 0.146379 0.142708 0.149413 0.170142 0.200614 0.224360 0.212910 0.135439 0.000000 0.000000 0.000000 0.141945 0.142068 0.152178 0.141930 0.107344 0.147101 0.169619 0.175215 0.170092 0.160908 0.152243 0.146170 0.142885 0.141645 0.141561 0.142027 0.142821 0.143990 0.145629 0.147705 0.149971 0.151993 0.153272 0.153399 0.152195 0.149801 0.146673 0.143496 0.141034 0.139956 0.140672 0.143217 0.147224 0.151979 0.156549 0.159976 0.161466 0.160571 0.157291 0.152094 0.145843 0.139627 0.134553 0.131519 0.131026 0.133073 0.137154 0.142380 0.147672 0.152014 0.154682 0.155397 0.154348 0.152085 0.149304 0.146614 0.144378 0.142744 0.141870 0.142240 0.144808 0.150445 0.158294 0.162909 0.151486 0.154744 0.828679 0.761385 0.463555 0.184529 0.051029 0.031038 0.077713 0.133554 0.171595 0.184461 0.177164 0.160159 0.143192 0.132156 0.128609 0.130964 0.136260 0.141722 0.145664 0.147675 0.148273 0.148321 0.148492 0.148982 0.149512 0.149586 0.148833 0.147301 0.145553 0.144522 0.145168 0.148031 0.152865 0.158491 0.162981 0.164168 0.160397 0.151294 0.138299 0.124707 0.115064 0.113911 0.124108 0.145173 0.172235 0.196225 0.205755 0.190739 0.147212 0.082061 0.015706 0.000000 0.012219 0.135716 0.343693 0.577487 0.719017 0.610106 0.116565 0.000000 0.000000 0.000000 0.022545
0.311785 1.000000 1.000000 1.000000 0.245305 0.000000 0.000000 0.000000 0.000000 0.249111 0.507321 0.551174 0.443478 0.272093 0.113924 0.015956 0.000000 0.027986 0.097289 0.169483 0.221184 0.240448 0.227204 0.190449 0.143780 0.100783 0.071477 0.060446 0.066769 0.085375 0.109207 0.131474 0.147405 0.155113 0.155507 0.151405 0.146248 0.142831 0.142456 0.144721 0.147985 0.150265 0.150248 0.147981 0.144943 0.143384 0.145133 0.150337 0.156733 0.160096 0.156058 0.143014 0.124988 0.112713 0.120896 0.160375 0.230698 0.312625 0.284166 0.098018 0.000000 0.000000 0.000000 0.145439 0.142000 1.000000 0.948578 0.550755 0.194691 0.010047 0.000000 0.046605 0.129656 0.189244 0.210626 0.199968 0.173080 0.145908 0.128914 0.125431 0.132912 0.145634 0.157533 0.164308 0.164386 0.158796 0.150284 0.142092 0.136847 0.135839 0.138830 0.144344 0.150290 0.154679 0.156233 0.154703 0.150846 0.146088 0.142006 0.139780 0.139804 0.141568 0.143856 0.145217 0.144540 0.141574 0.137167 0.133116 0.131593 0.134294 0.141567 0.151865 0.161887 0.167572 0.165864 0.156770 0.144840 0.138958 0.149426 0.182008 0.229988 0.267450 0.249564 0.127761 0.000000 0.000000 0.000000 0.137921 0.138120 0.153070 0.136601 0.081733 0.145622 0.181834 0.190853 0.182646 0.167924 0.154064 0.144402 0.139243 0.137376 0.137343 0.138148 0.139425 0.141247 0.143780 0.146995 0.150522 0.153690 0.155716 0.155946 0.154091 0.150359 0.145456 0.140455 0.136561 0.134832 0.135918 0.139887 0.146167 0.153637 0.160830 0.166232 0.168592 0.167196 0.162040 0.153859 0.144009 0.134208 0.126202 0.121407 0.120615 0.123827 0.130251 0.138483 0.146830 0.153692 0.157929 0.159096 0.157486 0.153948 0.149563 0.145266 0.141622 0.138869 0.137300 0.137760 0.141844 0.150994 0.163799 0.171385 0.152972 0.158081 1.000000 0.975126 0.574231 0.195925 0.017902 0.000000 0.054996 0.129350 0.179465 0.196191 0.186370 0.163872 0.141484 0.126847 0.121924 0.124628 0.131162 0.138031 0.143154 0.146049 0.147339 0.147996 0.148695 0.149499 0.149950 0.149443 0.147696 0.145078 0.142656 0.141903 0.144140 0.149898 0.158441 0.167642 0.174369 0.175331 0.168227 0.152864 0.131873 0.110637 0.096252 0.095541 0.112504 0.145877 0.187705 0.223816 0.236861 0.211895 0.143654 0.043523 0.000000 0.000000 0.000000 0.135742 0.453930 0.808738 1.000000 0.854835 0.109688 0.000000 0.000000 0.000000 0.000000
0.281026 1.000000 1.000000 1.000000 0.228447 0.000000 0.000000 0.000000 0.000000 0.232035 0.446149 0.482487 0.392969 0.250435 0.118777 0.037135 0.016840 0.047138 0.105073 0.165565 0.209040 0.225421 0.214529 0.183796 0.144555 0.108203 0.083213 0.073538 0.078517 0.093973 0.114005 0.132875 0.146491 0.153167 0.153582 0.150067 0.145543 0.142444 0.141984 0.143940 0.146988 0.149437 0.150065 0.148724 0.146454 0.145008 0.145910 0.149434 0.153983 0.156361 0.153170 0.143079 0.129125 0.119626 0.126120 0.157220 0.213000 0.279213 0.256439 0.108601 0.000000 0.000000 0.000000 0.144530 0.143153 0.872858 0.811782 0.482017 0.186856 0.033792 0.011974 0.064108 0.132969 0.182377 0.200109 0.191271 0.168971 0.146429 0.132326 0.129428 0.135628 0.146181 0.156060 0.161695 0.161777 0.157156 0.150104 0.143308 0.138948 0.138097 0.140560 0.145119 0.150043 0.153688 0.154991 0.153746 0.150574 0.146656 0.143292 0.141459 0.141480 0.142933 0.144814 0.145922 0.145341 0.142868 0.139209 0.135854 0.134605 0.136865 0.142917 0.151473 0.159791 0.164499 0.163059 0.155477 0.145527 0.140578 0.149181 0.176131 0.215882 0.246974 0.232263 0.131490 0.000000 0.000000 0.000000 0.139844 0.140012 0.151560 0.137667 0.091935 0.145900 0.176504 0.184137 0.177221 0.164813 0.153158 0.145074 0.140812 0.139333 0.139386 0.140110 0.141189 0.142682 0.144742 0.147363 0.150252 0.152865 0.154553 0.154769 0.153265 0.150202 0.146157 0.142015 0.138775 0.137317 0.138187 0.141445 0.146627 0.152803 0.158760 0.163241 0.165205 0.164058 0.159792 0.153014 0.144847 0.136718 0.130073 0.126089 0.125424 0.128078 0.133396 0.140217 0.147138 0.152836 0.156372 0.157377 0.156087 0.153195 0.149569 0.145953 0.142777 0.140218 0.138526 0.138459 0.141459 0.148884 0.159723 0.166674 0.152339 0.156553 0.817803 0.742166 0.454385 0.181850 0.055772 0.037107 0.083060 0.135753 0.170994 0.182712 0.175740 0.159762 0.143667 0.132773 0.128504 0.129544 0.133435 0.137922 0.141661 0.144299 0.146127 0.147580 0.148853 0.149770 0.149909 0.148910 0.146796 0.144151 0.142063 0.141817 0.144417 0.150086 0.157938 0.165970 0.171448 0.171664 0.164882 0.151214 0.133127 0.115291 0.103636 0.103675 0.118432 0.146512 0.181054 0.210263 0.220002 0.198385 0.141645 0.059635 0.000000 0.000000 0.000000 0.140276 0.398967 0.685559 0.855991 0.720481 0.121301 0.000000 0.000000 0.000000 0.000000
0.092930 0.000000 0.000000 0.000000 0.110690 0.472431 0.546573 0.436034 0.260961 0.110029 0.026000 0.012199 0.047909 0.104272 0.156088 0.188015 0.195711 0.183529 0.160578 0.136746 0.119706 0.113367 0.117745 0.129883 0.145320 0.159596 0.169414 0.173249 0.171370 0.165402 0.157623 0.150239 0.144820 0.142023 0.141621 0.142785 0.144488 0.145902 0.146644 0.146835 0.146929 0.147428 0.148571 0.150142 0.151493 0.151798 0.150478 0.147622 0.144198 0.141853 0.142243 0.146002 0.151756 0.155784 0.153007 0.139738 0.116292 0.089566 0.101001 0.166922 0.344395 0.545166 0.591486 0.145487 0.151294 0.000000 0.000000 0.019235 0.134252 0.193901 0.202405 0.182085 0.155246 0.135987 0.129073 0.132518 0.141212 0.150003 0.155505 0.156638 0.154223 0.150108 0.146252 0.144049 0.144011 0.145807 0.148554 0.151204 0.152908 0.153246 0.152293 0.150521 0.148603 0.147181 0.146667 0.147144 0.148370 0.149888 0.151191 0.151901 0.151892 0.151329 0.150602 0.150178 0.150411 0.151380 0.152808 0.154114 0.154596 0.153708 0.151342 0.148001 0.144756 0.142923 0.143493 0.146463 0.150363 0.152318 0.148992 0.138511 0.123028 0.110899 0.116590 0.155789 0.233240 0.322709 0.343877 0.152557 0.152490 0.148775 0.154227 0.171923 0.150342 0.138111 0.135068 0.137834 0.142780 0.147408 0.150592 0.152242 0.152783 0.152725 0.152417 0.151991 0.151418 0.150634 0.149632 0.148519 0.147504 0.146842 0.146746 0.147319 0.148502 0.150073 0.151687 0.152954 0.153531 0.153203 0.151943 0.149932 0.147530 0.145211 0.143465 0.142699 0.143143 0.144803 0.147441 0.150622 0.153790 0.156382 0.157940 0.158206 0.157179 0.155109 0.152447 0.149740 0.147503 0.146112 0.145720 0.146247 0.147423 0.148886 0.150282 0.151326 0.151782 0.151367 0.149665 0.146210 0.140991 0.135572 0.134734 0.147680 0.146046 0.000000 0.000000 0.000000 0.123511 0.217797 0.231562 0.199207 0.160184 0.133852 0.125314 0.130606 0.141992 0.152472 0.158056 0.158060 0.154147 0.148917 0.144666 0.142661 0.142988 0.144856 0.147119 0.148782 0.149341 0.148858 0.147814 0.146826 0.146346 0.146465 0.146877 0.147028 0.146376 0.144675 0.142180 0.139662 0.138222 0.138912 0.142276 0.147968 0.154587 0.159889 0.161372 0.157182 0.147090 0.133213 0.120098 0.113871 0.120342 0.142324 0.176841 0.213336 0.234254 0.219254 0.153625 0.039970 0.000000 0.000000 0.000000 0.166723 0.609990 0.974356 1.000000 0.205436
0.000000 0.000000 0.000000 0.000000 0.000000 1.000000 1.000000 1.000000 1.000000 0.000000 0.000000 0.000000 0.000000 0.000000 0.232221 0.487086 0.549339 0.452873 0.269803 0.078906 0.000000 0.000000 0.000000 0.021296 0.145535 0.261008 0.340894 0.372513 0.357694 0.309375 0.246027 0.185757 0.141638 0.119289 0.116951 0.127636 0.142421 0.153749 0.157732 0.154826 0.148809 0.144550 0.145453 0.151617 0.159536 0.163624 0.159152 0.145455 0.127839 0.116682 0.123038 0.151502 0.192986 0.221819 0.202166 0.107179 0.000000 0.000000 0.000000 0.275970 1.000000 1.000000 1.000000 0.148947 0.167347 0.000000 0.000000 0.000000 0.031753 0.505942 0.573565 0.412045 0.198663 0.045521 0.000000 0.017904 0.087037 0.156955 0.200741 0.209789 0.190602 0.157872 0.127182 0.109614 0.109252 0.123490 0.145310 0.166391 0.179975 0.182719 0.175196 0.161154 0.145929 0.134612 0.130486 0.134209 0.143877 0.155864 0.166162 0.171773 0.171698 0.167248 0.161516 0.158201 0.160108 0.167848 0.179210 0.189575 0.193366 0.186255 0.167390 0.140792 0.114984 0.100439 0.105032 0.128755 0.159909 0.175637 0.149399 0.066260 0.000000 0.000000 0.000000 0.202706 0.817566 1.000000 1.000000 0.177181 0.176643 0.148492 0.192559 0.334247 0.160415 0.061818 0.037238 0.059474 0.099268 0.136447 0.161937 0.175013 0.179136 0.178464 0.175869 0.172423 0.167919 0.161794 0.153954 0.145205 0.137185 0.131899 0.131072 0.135534 0.144845 0.157264 0.170074 0.180181 0.184832 0.182308 0.172380 0.156466 0.137424 0.119009 0.105126 0.099010 0.102523 0.115699 0.136666 0.161951 0.187139 0.207743 0.220122 0.222236 0.214075 0.197655 0.176555 0.155098 0.137365 0.126273 0.122993 0.126858 0.135796 0.147158 0.158552 0.168360 0.175468 0.178300 0.173707 0.156998 0.125254 0.085604 0.068371 0.138337 0.125414 0.000000 0.000000 0.000000 0.017426 0.514189 0.586996 0.410057 0.203636 0.065524 0.020436 0.048193 0.109377 0.168234 0.204021 0.212304 0.200100 0.179014 0.159379 0.147008 0.142725 0.143876 0.146674 0.148276 0.147857 0.146496 0.146150 0.148258 0.152630 0.157100 0.158134 0.152232 0.137643 0.115774 0.091684 0.073267 0.069140 0.085650 0.123847 0.177457 0.232834 0.271531 0.275390 0.233281 0.147663 0.038625 0.000000 0.000000 0.000000 0.145308 0.407504 0.672571 0.810847 0.678420 0.178055 0.000000 0.000000 0.000000 0.000000 0.250753 1.000000 1.000000 1.000000 0.620302
0.000000 0.000000 0.000000 0.000000 0.000000 1.000000 1.000000 1.000000 1.000000 0.000000 0.000000 0.000000 0.000000 0.000000 0.322503 0.831855 0.955798 0.761975 0.394609 0.011432 0.000000 0.000000 0.000000 0.000000 0.145026 0.377695 0.539050 0.603339 0.573970 0.476786 0.348908 0.226903 0.137333 0.091800 0.086994 0.108912 0.139464 0.163115 0.171630 0.165566 0.152354 0.141909 0.141505 0.151990 0.166977 0.175688 0.168631 0.143934 0.111266 0.090338 0.102522 0.157067 0.236902 0.292738 0.255171 0.071674 0.000000 0.000000 0.000000 0.395842 1.000000 1.000000 1.000000 0.153767 0.185747 0.000000 0.000000 0.000000 0.000000 0.860612 0.995605 0.673615 0.248100 0.000000 0.000000 0.000000 0.025215 0.164706 0.252127 0.270266 0.232059 0.166775 0.105495 0.070339 0.069485 0.097774 0.141244 0.183311 0.210492 0.216098 0.201239 0.173354 0.143059 0.120480 0.112167 0.119456 0.138568 0.162306 0.182714 0.193827 0.193676 0.184855 0.173518 0.167015 0.170908 0.186395 0.209059 0.229686 0.237172 0.222905 0.185219 0.132143 0.080694 0.051761 0.061050 0.108548 0.170931 0.202627 0.150701 0.000000 0.000000 0.000000 0.000000 0.255603 1.000000 1.000000 1.000000 0.204961 0.203874 0.154430 0.243158 0.525484 0.173340 0.000000 0.000000 0.000000 0.049287 0.124301 0.175475 0.201401 0.209193 0.207394 0.201903 0.194946 0.186087 0.174122 0.158765 0.141529 0.125625 0.115042 0.113251 0.121953 0.140333 0.164965 0.190462 0.210650 0.220042 0.215164 0.195539 0.163964 0.126113 0.089466 0.061811 0.049607 0.056575 0.082793 0.124539 0.174893 0.225059 0.266105 0.290771 0.295006 0.278791 0.246142 0.204180 0.161486 0.126149 0.103950 0.097211 0.104632 0.122185 0.144741 0.167736 0.188080 0.203566 0.210819 0.203040 0.170143 0.105691 0.023960 0.000000 0.127271 0.101658 0.000000 0.000000 0.000000 0.000000 0.840109 0.977713 0.640706 0.250359 0.000000 0.000000 0.000000 0.073189 0.185092 0.254144 0.271859 0.251084 0.213149 0.177025 0.153367 0.143755 0.143555 0.146268 0.147240 0.145499 0.143348 0.144321 0.150579 0.160942 0.170459 0.171801 0.158146 0.126531 0.080509 0.030903 0.000000 0.000000 0.022226 0.101240 0.210666 0.322609 0.399910 0.406464 0.320624 0.148121 0.000000 0.000000 0.000000 0.000000 0.148358 0.670759 1.000000 1.000000 1.000000 0.206759 0.000000 0.000000 0.000000 0.000000 0.345794 1.000000 1.000000 1.000000 1.000000
0.000000 0.000000 0.000000 0.000000 0.000000 1.000000 1.000000 1.000000 1.000000 0.000000 0.000000 0.000000 0.000000 0.000000 0.344814 0.907224 1.000000 0.828071 0.420727 0.000000 0.000000 0.000000 0.000000 0.000000 0.144384 0.403129 0.582871 0.654820 0.622534 0.514551 0.372072 0.235820 0.135525 0.084346 0.078821 0.103487 0.138156 0.165337 0.175543 0.169077 0.154009 0.141389 0.139576 0.149972 0.165984 0.175986 0.169459 0.143928 0.109382 0.086821 0.099376 0.157374 0.242898 0.303148 0.263230 0.066017 0.000000 0.000000 0.000000 0.416298 1.000000 1.000000 1.000000 0.155428 0.189662 0.000000 0.000000 0.000000 0.000000 0.935645 1.000000 0.729750 0.258968 0.000000 0.000000 0.000000 0.011256 0.165670 0.262606 0.282921 0.240816 0.168618 0.100700 0.061577 0.060373 0.091460 0.139451 0.186036 0.216293 0.222776 0.206645 0.176064 0.142717 0.117772 0.108480 0.116343 0.137234 0.163249 0.185638 0.197836 0.197664 0.187981 0.175560 0.168472 0.172850 0.189984 0.215000 0.237726 0.245924 0.230106 0.188458 0.129862 0.073119 0.041299 0.051744 0.104438 0.173622 0.208974 0.152020 0.000000 0.000000 0.000000 0.000000 0.266416 1.000000 1.000000 1.000000 0.210431 0.209217 0.162484 0.261064 0.571608 0.177488 0.000000 0.000000 0.000000 0.038532 0.122154 0.178925 0.207331 0.215452 0.212972 0.206584 0.198828 0.189200 0.176286 0.159653 0.140878 0.123442 0.111732 0.109602 0.118987 0.139049 0.166061 0.194109 0.216402 0.226868 0.221658 0.200204 0.165563 0.123969 0.083658 0.053210 0.039756 0.047400 0.076244 0.122185 0.177612 0.232834 0.278016 0.305177 0.309857 0.292049 0.256173 0.210048 0.163097 0.124186 0.099636 0.092001 0.099889 0.118967 0.143745 0.169362 0.192500 0.210639 0.219686 0.211493 0.174210 0.100379 0.006522 0.000000 0.123847 0.095788 0.000000 0.000000 0.000000 0.000000 0.893819 1.000000 0.677246 0.256319 0.000000 0.000000 0.000000 0.065997 0.186767 0.261669 0.281573 0.260173 0.220197 0.181802 0.156289 0.145321 0.144070 0.145822 0.145915 0.143602 0.141504 0.143375 0.151263 0.163479 0.174231 0.175279 0.159134 0.122776 0.070505 0.014648 0.000000 0.000000 0.006104 0.094833 0.217164 0.341907 0.427767 0.434803 0.339263 0.147812 0.000000 0.000000 0.000000 0.000000 0.148499 0.725627 1.000000 1.000000 1.000000 0.213605 0.000000 0.000000 0.000000 0.000000 0.364570 1.000000 1.000000 1.000000 1.000000
0.145100 0.144814 0.144844 0.144974 0.145084 0.145139 0.145147 0.145129 0.145107 0.145093 0.145088 0.145091 0.145097 0.145102 0.145104 0.145104 0.145102 0.145100 0.145098 0.145098 0.145099 0.145100 0.145101 0.145101 0.145101 0.145100 0.145099 0.145099 0.145099 0.145100 0.145100 0.145101 0.145101 0.145100 0.145100 0.145099 0.145099 0.145099 0.145100 0.145102 0.145102 0.145102 0.145100 0.145097 0.145095 0.145095 0.145099 0.145106 0.145115 0.145119 0.145109 0.145081 0.145036 0.145000 0.145023 0.145193 0.145629 0.146451 0.147719 0.149338 0.150915 0.151634 0.150204 0.145100 0.149000 0.044494 0.049655 0.095123 0.138498 0.163115 0.168818 0.162699 0.152714 0.144463 0.140401 0.140437 0.143063 0.146426 0.149072 0.150266 0.149983 0.148693 0.147064 0.145710 0.145020 0.145100 0.145817 0.146886 0.147989 0.148866 0.149378 0.149516 0.149376 0.149109 0.148861 0.148733 0.148756 0.148894 0.149068 0.149194 0.149215 0.149125 0.148967 0.148818 0.148756 0.148822 0.149000 0.149213 0.149350 0.149312 0.149069 0.148694 0.148368 0.148317 0.148713 0.149532 0.150464 0.150912 0.150187 0.147904 0.144532 0.141859 0.143002 0.151365 0.168009 0.187250 0.191512 0.149000 0.149000 0.148967 0.148972 0.148987 0.148998 0.149004 0.149005 0.149003 0.149001 0.148999 0.148999 0.148999 0.149000 0.149000 0.149000 0.149000 0.149000 0.149000 0.149000 0.149000 0.149000 0.149000 0.149000 0.149000 0.149000 0.149000 0.149000 0.149000 0.149000 0.149000 0.149000 0.149000 0.149000 0.149000 0.149000 0.149000 0.149000 0.149000 0.149000 0.149000 0.149000 0.149000 0.149000 0.149000 0.149000 0.149000 0.149000 0.149001 0.149001 0.149002 0.149001 0.148999 0.148995 0.148993 0.148995 0.149005 0.149025 0.149049 0.149051 0.148974 0.148716 0.148116 0.146972 0.145100 0.145100 0.145100 0.145100 0.145100 0.145100 0.145100 0.145100 0.145100 0.145100 0.145100 0.145100 0.145100 0.145100 0.145100 0.145100 0.145100 0.145100 0.145100 0.145100 0.145100 0.145100 0.145100 0.145100 0.145100 0.145100 0.145100 0.145100 0.145100 0.145100 0.145100 0.145100 0.145100 0.145100 0.145100 0.145100 0.145100 0.145100 0.145100 0.145100 0.145100 0.145100 0.145100 0.145100 0.145100 0.145100 0.145100 0.145100 0.145100 0.145100 0.145100 0.145100 0.145100 0.145100 0.145100 0.145100 0.145100 0.145100 0.145100 0.145100 0.145100 0.145100 0.145101 0.145100 0.145100
