256 256
0.207800 0.207800 0.207800 0.207800 0.207800 0.207800 0.207800 0.207800 0.207800 0.207800 0.207800 0.207800 0.207800 0.207800 0.207800 0.207800 0.207800 0.207800 0.207800 0.207800 0.207800 0.207800 0.207800 0.207800 0.207800 0.207800 0.207800 0.207800 0.207800 0.207800 0.207800 0.207800 0.211800 0.211800 0.211800 0.211800 0.211800 0.211800 0.211800 0.211800 0.211800 0.211800 0.211800 0.211800 0.211800 0.211800 0.211800 0.211800 0.211800 0.211800 0.211800 0.211800 0.211800 0.211800 0.211800 0.211800 0.211800 0.211800 0.211800 0.211800 0.211800 0.211800 0.211800 0.211800 0.211800 0.212357 0.212914 0.213471 0.214029 0.214586 0.215143 0.215700 0.211800 0.211800 0.211800 0.211800 0.211800 0.211800 0.211800 0.211800 0.211800 0.211800 0.211800 0.211800 0.211800 0.211800 0.211800 0.211800 0.215700 0.215700 0.215700 0.215700 0.215700 0.215700 0.215700 0.215700 0.215700 0.215700 0.215700 0.215700 0.215700 0.215700 0.215700 0.215700 0.215700 0.215700 0.215700 0.215700 0.215700 0.215700 0.215700 0.215700 0.215700 0.216257 0.216814 0.217371 0.217929 0.218486 0.219043 0.219600 0.215700 0.215700 0.215700 0.215700 0.215700 0.215700 0.215700 0.215700 0.211800 0.212357 0.212914 0.213471 0.214029 0.214586 0.215143 0.215700 0.215700 0.215143 0.214586 0.214029 0.213471 0.212914 0.212357 0.211800 0.211800 0.211800 0.211800 0.211800 0.211800 0.211800 0.211800 0.211800 0.215700 0.215700 0.215700 0.215700 0.215700 0.215700 0.215700 0.215700 0.215700 0.215143 0.214586 0.214029 0.213471 0.212914 0.212357 0.211800 0.215700 0.215143 0.214586 0.214029 0.213471 0.212914 0.212357 0.211800 0.215700 0.215143 0.214586 0.214029 0.213471 0.212914 0.212357 0.211800 0.211800 0.211800 0.211800 0.211800 0.211800 0.211800 0.211800 0.211800 0.215700 0.215143 0.214586 0.214029 0.213471 0.212914 0.212357 0.211800 0.211800 0.211229 0.210657 0.210086 0.209514 0.208943 0.208371 0.207800 0.207800 0.208371 0.208943 0.209514 0.210086 0.210657 0.211229 0.211800 0.211800 0.211800 0.211800 0.211800 0.211800 0.211800 0.211800 0.211800 0.207800 0.208371 0.208943 0.209514 0.210086 0.210657 0.211229 0.211800 0.207800 0.207800 0.207800 0.207800 0.207800 0.207800 0.207800 0.207800 0.211800 0.211229 0.210657 0.210086 0.209514 0.208943 0.208371 0.207800 0.207800 0.207800 0.207800 0.207800 0.207800 0.207800 0.207800 0.207800
0.207800 0.207800 0.207800 0.207800 0.207800 0.207800 0.207800 0.207800 0.208371 0.208290 0.208208 0.208127 0.208045 0.207963 0.207882 0.207800 0.208371 0.208290 0.208208 0.208127 0.208045 0.207963 0.207882 0.207800 0.207243 0.207404 0.207565 0.207727 0.207888 0.208049 0.208210 0.208371 0.211229 0.211310 0.211392 0.211473 0.211555 0.211637 0.211718 0.211800 0.211800 0.211800 0.211800 0.211800 0.211800 0.211800 0.211800 0.211800 0.211800 0.211800 0.211800 0.211800 0.211800 0.211800 0.211800 0.211800 0.211800 0.211800 0.211800 0.211800 0.211800 0.211800 0.211800 0.211800 0.212357 0.212755 0.213153 0.213551 0.213949 0.214347 0.214745 0.215143 0.212357 0.212357 0.212357 0.212357 0.212357 0.212357 0.212357 0.212357 0.211800 0.211880 0.211959 0.212039 0.212118 0.212198 0.212278 0.212357 0.215143 0.215143 0.215143 0.215143 0.215143 0.215143 0.215143 0.215143 0.215700 0.215700 0.215700 0.215700 0.215700 0.215700 0.215700 0.215700 0.215700 0.215700 0.215700 0.215700 0.215700 0.215700 0.215700 0.215700 0.215700 0.216178 0.216655 0.217133 0.217610 0.218088 0.218565 0.219043 0.215700 0.215700 0.215700 0.215700 0.215700 0.215700 0.215700 0.215700 0.212357 0.212914 0.213471 0.214029 0.214586 0.215143 0.215700 0.216257 0.215700 0.215302 0.214904 0.214506 0.214108 0.213710 0.213312 0.212914 0.212357 0.212357 0.212357 0.212357 0.212357 0.212357 0.212357 0.212357 0.215700 0.215620 0.215541 0.215461 0.215382 0.215302 0.215222 0.215143 0.215143 0.214745 0.214347 0.213949 0.213551 0.213153 0.212755 0.212357 0.215700 0.215222 0.214745 0.214267 0.213790 0.213312 0.212835 0.212357 0.215700 0.215222 0.214745 0.214267 0.213790 0.213312 0.212835 0.212357 0.211800 0.211880 0.211959 0.212039 0.212118 0.212198 0.212278 0.212357 0.215700 0.215143 0.214586 0.214029 0.213471 0.212914 0.212357 0.211800 0.211800 0.211310 0.210820 0.210331 0.209841 0.209351 0.208861 0.208371 0.208371 0.208861 0.209351 0.209841 0.210331 0.210820 0.211310 0.211800 0.211800 0.211800 0.211800 0.211800 0.211800 0.211800 0.211800 0.211800 0.208371 0.208780 0.209188 0.209596 0.210004 0.210412 0.210820 0.211229 0.207800 0.207800 0.207800 0.207800 0.207800 0.207800 0.207800 0.207800 0.211800 0.211229 0.210657 0.210086 0.209514 0.208943 0.208371 0.207800 0.207800 0.207800 0.207800 0.207800 0.207800 0.207800 0.207800 0.207800
0.207800 0.207800 0.207800 0.207800 0.207800 0.207800 0.207800 0.207800 0.208943 0.208780 0.208616 0.208453 0.208290 0.208127 0.207963 0.207800 0.208943 0.208780 0.208616 0.208453 0.208290 0.208127 0.207963 0.207800 0.206686 0.207008 0.207331 0.207653 0.207976 0.208298 0.208620 0.208943 0.210657 0.210820 0.210984 0.211147 0.211310 0.211473 0.211637 0.211800 0.211800 0.211800 0.211800 0.211800 0.211800 0.211800 0.211800 0.211800 0.211800 0.211800 0.211800 0.211800 0.211800 0.211800 0.211800 0.211800 0.211800 0.211800 0.211800 0.211800 0.211800 0.211800 0.211800 0.211800 0.212914 0.213153 0.213392 0.213631 0.213869 0.214108 0.214347 0.214586 0.212914 0.212914 0.212914 0.212914 0.212914 0.212914 0.212914 0.212914 0.211800 0.211959 0.212118 0.212278 0.212437 0.212596 0.212755 0.212914 0.214586 0.214586 0.214586 0.214586 0.214586 0.214586 0.214586 0.214586 0.215700 0.215700 0.215700 0.215700 0.215700 0.215700 0.215700 0.215700 0.215700 0.215700 0.215700 0.215700 0.215700 0.215700 0.215700 0.215700 0.215700 0.216098 0.216496 0.216894 0.217292 0.217690 0.218088 0.218486 0.215700 0.215700 0.215700 0.215700 0.215700 0.215700 0.215700 0.215700 0.212914 0.213471 0.214029 0.214586 0.215143 0.215700 0.216257 0.216814 0.215700 0.215461 0.215222 0.214984 0.214745 0.214506 0.214267 0.214029 0.212914 0.212914 0.212914 0.212914 0.212914 0.212914 0.212914 0.212914 0.215700 0.215541 0.215382 0.215222 0.215063 0.214904 0.214745 0.214586 0.214586 0.214347 0.214108 0.213869 0.213631 0.213392 0.213153 0.212914 0.215700 0.215302 0.214904 0.214506 0.214108 0.213710 0.213312 0.212914 0.215700 0.215302 0.214904 0.214506 0.214108 0.213710 0.213312 0.212914 0.211800 0.211959 0.212118 0.212278 0.212437 0.212596 0.212755 0.212914 0.215700 0.215143 0.214586 0.214029 0.213471 0.212914 0.212357 0.211800 0.211800 0.211392 0.210984 0.210576 0.210167 0.209759 0.209351 0.208943 0.208943 0.209351 0.209759 0.210167 0.210576 0.210984 0.211392 0.211800 0.211800 0.211800 0.211800 0.211800 0.211800 0.211800 0.211800 0.211800 0.208943 0.209188 0.209433 0.209678 0.209922 0.210167 0.210412 0.210657 0.207800 0.207800 0.207800 0.207800 0.207800 0.207800 0.207800 0.207800 0.211800 0.211229 0.210657 0.210086 0.209514 0.208943 0.208371 0.207800 0.207800 0.207800 0.207800 0.207800 0.207800 0.207800 0.207800 0.207800
0.207800 0.207800 0.207800 0.207800 0.207800 0.207800 0.207800 0.207800 0.209514 0.209269 0.209024 0.208780 0.208535 0.208290 0.208045 0.207800 0.209514 0.209269 0.209024 0.208780 0.208535 0.208290 0.208045 0.207800 0.206129 0.206612 0.207096 0.207580 0.208063 0.208547 0.209031 0.209514 0.210086 0.210331 0.210576 0.210820 0.211065 0.211310 0.211555 0.211800 0.211800 0.211800 0.211800 0.211800 0.211800 0.211800 0.211800 0.211800 0.211800 0.211800 0.211800 0.211800 0.211800 0.211800 0.211800 0.211800 0.211800 0.211800 0.211800 0.211800 0.211800 0.211800 0.211800 0.211800 0.213471 0.213551 0.213631 0.213710 0.213790 0.213869 0.213949 0.214029 0.213471 0.213471 0.213471 0.213471 0.213471 0.213471 0.213471 0.213471 0.211800 0.212039 0.212278 0.212516 0.212755 0.212994 0.213233 0.213471 0.214029 0.214029 0.214029 0.214029 0.214029 0.214029 0.214029 0.214029 0.215700 0.215700 0.215700 0.215700 0.215700 0.215700 0.215700 0.215700 0.215700 0.215700 0.215700 0.215700 0.215700 0.215700 0.215700 0.215700 0.215700 0.216018 0.216337 0.216655 0.216973 0.217292 0.217610 0.217929 0.215700 0.215700 0.215700 0.215700 0.215700 0.215700 0.215700 0.215700 0.213471 0.214029 0.214586 0.215143 0.215700 0.216257 0.216814 0.217371 0.215700 0.215620 0.215541 0.215461 0.215382 0.215302 0.215222 0.215143 0.213471 0.213471 0.213471 0.213471 0.213471 0.213471 0.213471 0.213471 0.215700 0.215461 0.215222 0.214984 0.214745 0.214506 0.214267 0.214029 0.214029 0.213949 0.213869 0.213790 0.213710 0.213631 0.213551 0.213471 0.215700 0.215382 0.215063 0.214745 0.214427 0.214108 0.213790 0.213471 0.215700 0.215382 0.215063 0.214745 0.214427 0.214108 0.213790 0.213471 0.211800 0.212039 0.212278 0.212516 0.212755 0.212994 0.213233 0.213471 0.215700 0.215143 0.214586 0.214029 0.213471 0.212914 0.212357 0.211800 0.211800 0.211473 0.211147 0.210820 0.210494 0.210167 0.209841 0.209514 0.209514 0.209841 0.210167 0.210494 0.210820 0.211147 0.211473 0.211800 0.211800 0.211800 0.211800 0.211800 0.211800 0.211800 0.211800 0.211800 0.209514 0.209596 0.209678 0.209759 0.209841 0.209922 0.210004 0.210086 0.207800 0.207800 0.207800 0.207800 0.207800 0.207800 0.207800 0.207800 0.211800 0.211229 0.210657 0.210086 0.209514 0.208943 0.208371 0.207800 0.207800 0.207800 0.207800 0.207800 0.207800 0.207800 0.207800 0.207800
0.207800 0.207800 0.207800 0.207800 0.207800 0.207800 0.207800 0.207800 0.210086 0.209759 0.209433 0.209106 0.208780 0.208453 0.208127 0.207800 0.210086 0.209759 0.209433 0.209106 0.208780 0.208453 0.208127 0.207800 0.205571 0.206216 0.206861 0.207506 0.208151 0.208796 0.209441 0.210086 0.209514 0.209841 0.210167 0.210494 0.210820 0.211147 0.211473 0.211800 0.211800 0.211800 0.211800 0.211800 0.211800 0.211800 0.211800 0.211800 0.211800 0.211800 0.211800 0.211800 0.211800 0.211800 0.211800 0.211800 0.211800 0.211800 0.211800 0.211800 0.211800 0.211800 0.211800 0.211800 0.214029 0.213949 0.213869 0.213790 0.213710 0.213631 0.213551 0.213471 0.214029 0.214029 0.214029 0.214029 0.214029 0.214029 0.214029 0.214029 0.211800 0.212118 0.212437 0.212755 0.213073 0.213392 0.213710 0.214029 0.213471 0.213471 0.213471 0.213471 0.213471 0.213471 0.213471 0.213471 0.215700 0.215700 0.215700 0.215700 0.215700 0.215700 0.215700 0.215700 0.215700 0.215700 0.215700 0.215700 0.215700 0.215700 0.215700 0.215700 0.215700 0.215939 0.216178 0.216416 0.216655 0.216894 0.217133 0.217371 0.215700 0.215700 0.215700 0.215700 0.215700 0.215700 0.215700 0.215700 0.214029 0.214586 0.215143 0.215700 0.216257 0.216814 0.217371 0.217929 0.215700 0.215780 0.215859 0.215939 0.216018 0.216098 0.216178 0.216257 0.214029 0.214029 0.214029 0.214029 0.214029 0.214029 0.214029 0.214029 0.215700 0.215382 0.215063 0.214745 0.214427 0.214108 0.213790 0.213471 0.213471 0.213551 0.213631 0.213710 0.213790 0.213869 0.213949 0.214029 0.215700 0.215461 0.215222 0.214984 0.214745 0.214506 0.214267 0.214029 0.215700 0.215461 0.215222 0.214984 0.214745 0.214506 0.214267 0.214029 0.211800 0.212118 0.212437 0.212755 0.213073 0.213392 0.213710 0.214029 0.215700 0.215143 0.214586 0.214029 0.213471 0.212914 0.212357 0.211800 0.211800 0.211555 0.211310 0.211065 0.210820 0.210575 0.210331 0.210086 0.210086 0.210331 0.210576 0.210820 0.211065 0.211310 0.211555 0.211800 0.211800 0.211800 0.211800 0.211800 0.211800 0.211800 0.211800 0.211800 0.210086 0.210004 0.209922 0.209841 0.209759 0.209678 0.209596 0.209514 0.207800 0.207800 0.207800 0.207800 0.207800 0.207800 0.207800 0.207800 0.211800 0.211229 0.210657 0.210086 0.209514 0.208943 0.208371 0.207800 0.207800 0.207800 0.207800 0.207800 0.207800 0.207800 0.207800 0.207800
0.207800 0.207800 0.207800 0.207800 0.207800 0.207800 0.207800 0.207800 0.210657 0.210249 0.209841 0.209433 0.209024 0.208616 0.208208 0.207800 0.210657 0.210249 0.209841 0.209433 0.209024 0.208616 0.208208 0.207800 0.205014 0.205820 0.206627 0.207433 0.208239 0.209045 0.209851 0.210657 0.208943 0.209351 0.209759 0.210167 0.210576 0.210984 0.211392 0.211800 0.211800 0.211800 0.211800 0.211800 0.211800 0.211800 0.211800 0.211800 0.211800 0.211800 0.211800 0.211800 0.211800 0.211800 0.211800 0.211800 0.211800 0.211800 0.211800 0.211800 0.211800 0.211800 0.211800 0.211800 0.214586 0.214347 0.214108 0.213869 0.213631 0.213392 0.213153 0.212914 0.214586 0.214586 0.214586 0.214586 0.214586 0.214586 0.214586 0.214586 0.211800 0.212198 0.212596 0.212994 0.213392 0.213790 0.214188 0.214586 0.212914 0.212914 0.212914 0.212914 0.212914 0.212914 0.212914 0.212914 0.215700 0.215700 0.215700 0.215700 0.215700 0.215700 0.215700 0.215700 0.215700 0.215700 0.215700 0.215700 0.215700 0.215700 0.215700 0.215700 0.215700 0.215859 0.216018 0.216178 0.216337 0.216496 0.216655 0.216814 0.215700 0.215700 0.215700 0.215700 0.215700 0.215700 0.215700 0.215700 0.214586 0.215143 0.215700 0.216257 0.216814 0.217371 0.217929 0.218486 0.215700 0.215939 0.216178 0.216416 0.216655 0.216894 0.217133 0.217371 0.214586 0.214586 0.214586 0.214586 0.214586 0.214586 0.214586 0.214586 0.215700 0.215302 0.214904 0.214506 0.214108 0.213710 0.213312 0.212914 0.212914 0.213153 0.213392 0.213631 0.213869 0.214108 0.214347 0.214586 0.215700 0.215541 0.215382 0.215222 0.215063 0.214904 0.214745 0.214586 0.215700 0.215541 0.215382 0.215222 0.215063 0.214904 0.214745 0.214586 0.211800 0.212198 0.212596 0.212994 0.213392 0.213790 0.214188 0.214586 0.215700 0.215143 0.214586 0.214029 0.213471 0.212914 0.212357 0.211800 0.211800 0.211637 0.211473 0.211310 0.211147 0.210984 0.210820 0.210657 0.210657 0.210820 0.210984 0.211147 0.211310 0.211473 0.211637 0.211800 0.211800 0.211800 0.211800 0.211800 0.211800 0.211800 0.211800 0.211800 0.210657 0.210412 0.210167 0.209922 0.209678 0.209433 0.209188 0.208943 0.207800 0.207800 0.207800 0.207800 0.207800 0.207800 0.207800 0.207800 0.211800 0.211229 0.210657 0.210086 0.209514 0.208943 0.208371 0.207800 0.207800 0.207800 0.207800 0.207800 0.207800 0.207800 0.207800 0.207800
0.207800 0.207800 0.207800 0.207800 0.207800 0.207800 0.207800 0.207800 0.211229 0.210739 0.210249 0.209759 0.209269 0.208780 0.208290 0.207800 0.211229 0.210739 0.210249 0.209759 0.209269 0.208780 0.208290 0.207800 0.204457 0.205424 0.206392 0.207359 0.208327 0.209294 0.210261 0.211229 0.208371 0.208861 0.209351 0.209841 0.210331 0.210820 0.211310 0.211800 0.211800 0.211800 0.211800 0.211800 0.211800 0.211800 0.211800 0.211800 0.211800 0.211800 0.211800 0.211800 0.211800 0.211800 0.211800 0.211800 0.211800 0.211800 0.211800 0.211800 0.211800 0.211800 0.211800 0.211800 0.215143 0.214745 0.214347 0.213949 0.213551 0.213153 0.212755 0.212357 0.215143 0.215143 0.215143 0.215143 0.215143 0.215143 0.215143 0.215143 0.211800 0.212278 0.212755 0.213233 0.213710 0.214188 0.214665 0.215143 0.212357 0.212357 0.212357 0.212357 0.212357 0.212357 0.212357 0.212357 0.215700 0.215700 0.215700 0.215700 0.215700 0.215700 0.215700 0.215700 0.215700 0.215700 0.215700 0.215700 0.215700 0.215700 0.215700 0.215700 0.215700 0.215780 0.215859 0.215939 0.216018 0.216098 0.216178 0.216257 0.215700 0.215700 0.215700 0.215700 0.215700 0.215700 0.215700 0.215700 0.215143 0.215700 0.216257 0.216814 0.217371 0.217929 0.218486 0.219043 0.215700 0.216098 0.216496 0.216894 0.217292 0.217690 0.218088 0.218486 0.215143 0.215143 0.215143 0.215143 0.215143 0.215143 0.215143 0.215143 0.215700 0.215222 0.214745 0.214267 0.213790 0.213312 0.212835 0.212357 0.212357 0.212755 0.213153 0.213551 0.213949 0.214347 0.214745 0.215143 0.215700 0.215620 0.215541 0.215461 0.215382 0.215302 0.215222 0.215143 0.215700 0.215620 0.215541 0.215461 0.215382 0.215302 0.215222 0.215143 0.211800 0.212278 0.212755 0.213233 0.213710 0.214188 0.214665 0.215143 0.215700 0.215143 0.214586 0.214029 0.213471 0.212914 0.212357 0.211800 0.211800 0.211718 0.211637 0.211555 0.211473 0.211392 0.211310 0.211229 0.211229 0.211310 0.211392 0.211473 0.211555 0.211637 0.211718 0.211800 0.211800 0.211800 0.211800 0.211800 0.211800 0.211800 0.211800 0.211800 0.211229 0.210820 0.210412 0.210004 0.209596 0.209188 0.208780 0.208371 0.207800 0.207800 0.207800 0.207800 0.207800 0.207800 0.207800 0.207800 0.211800 0.211229 0.210657 0.210086 0.209514 0.208943 0.208371 0.207800 0.207800 0.207800 0.207800 0.207800 0.207800 0.207800 0.207800 0.207800
0.207800 0.207800 0.207800 0.207800 0.207800 0.207800 0.207800 0.207800 0.211800 0.211229 0.210657 0.210086 0.209514 0.208943 0.208371 0.207800 0.211800 0.211229 0.210657 0.210086 0.209514 0.208943 0.208371 0.207800 0.203900 0.205029 0.206157 0.207286 0.208414 0.209543 0.210671 0.211800 0.207800 0.208371 0.208943 0.209514 0.210086 0.210657 0.211229 0.211800 0.211800 0.211800 0.211800 0.211800 0.211800 0.211800 0.211800 0.211800 0.211800 0.211800 0.211800 0.211800 0.211800 0.211800 0.211800 0.211800 0.211800 0.211800 0.211800 0.211800 0.211800 0.211800 0.211800 0.211800 0.215700 0.215143 0.214586 0.214029 0.213471 0.212914 0.212357 0.211800 0.215700 0.215700 0.215700 0.215700 0.215700 0.215700 0.215700 0.215700 0.211800 0.212357 0.212914 0.213471 0.214029 0.214586 0.215143 0.215700 0.211800 0.211800 0.211800 0.211800 0.211800 0.211800 0.211800 0.211800 0.215700 0.215700 0.215700 0.215700 0.215700 0.215700 0.215700 0.215700 0.215700 0.215700 0.215700 0.215700 0.215700 0.215700 0.215700 0.215700 0.215700 0.215700 0.215700 0.215700 0.215700 0.215700 0.215700 0.215700 0.215700 0.215700 0.215700 0.215700 0.215700 0.215700 0.215700 0.215700 0.215700 0.216257 0.216814 0.217371 0.217929 0.218486 0.219043 0.219600 0.215700 0.216257 0.216814 0.217371 0.217929 0.218486 0.219043 0.219600 0.215700 0.215700 0.215700 0.215700 0.215700 0.215700 0.215700 0.215700 0.215700 0.215143 0.214586 0.214029 0.213471 0.212914 0.212357 0.211800 0.211800 0.212357 0.212914 0.213471 0.214029 0.214586 0.215143 0.215700 0.215700 0.215700 0.215700 0.215700 0.215700 0.215700 0.215700 0.215700 0.215700 0.215700 0.215700 0.215700 0.215700 0.215700 0.215700 0.215700 0.211800 0.212357 0.212914 0.213471 0.214029 0.214586 0.215143 0.215700 0.215700 0.215143 0.214586 0.214029 0.213471 0.212914 0.212357 0.211800 0.211800 0.211800 0.211800 0.211800 0.211800 0.211800 0.211800 0.211800 0.211800 0.211800 0.211800 0.211800 0.211800 0.211800 0.211800 0.211800 0.211800 0.211800 0.211800 0.211800 0.211800 0.211800 0.211800 0.211800 0.211800 0.211229 0.210657 0.210086 0.209514 0.208943 0.208371 0.207800 0.207800 0.207800 0.207800 0.207800 0.207800 0.207800 0.207800 0.207800 0.211800 0.211229 0.210657 0.210086 0.209514 0.208943 0.208371 0.207800 0.207800 0.207800 0.207800 0.207800 0.207800 0.207800 0.207800 0.207800
0.207800 0.207800 0.207800 0.207800 0.207800 0.207800 0.207800 0.207800 0.207800 0.208371 0.208943 0.209514 0.210086 0.210657 0.211229 0.211800 0.211800 0.211229 0.210657 0.210086 0.209514 0.208943 0.208371 0.207800 0.211800 0.211229 0.210657 0.210086 0.209514 0.208943 0.208371 0.207800 0.211800 0.211800 0.211800 0.211800 0.211800 0.211800 0.211800 0.211800 0.211800 0.212357 0.212914 0.213471 0.214029 0.214586 0.215143 0.215700 0.215700 0.215700 0.215700 0.215700 0.215700 0.215700 0.215700 0.215700 0.215700 0.215143 0.214586 0.214029 0.213471 0.212914 0.212357 0.211800 0.215700 0.215700 0.215700 0.215700 0.215700 0.215700 0.215700 0.215700 0.215700 0.215700 0.215700 0.215700 0.215700 0.215700 0.215700 0.215700 0.215700 0.215700 0.215700 0.215700 0.215700 0.215700 0.215700 0.215700 0.215700 0.215700 0.215700 0.215700 0.215700 0.215700 0.215700 0.215700 0.215700 0.216257 0.216814 0.217371 0.217929 0.218486 0.219043 0.219600 0.215700 0.216257 0.216814 0.217371 0.217929 0.218486 0.219043 0.219600 0.219600 0.219043 0.218486 0.217929 0.217371 0.216814 0.216257 0.215700 0.219600 0.219043 0.218486 0.217929 0.217371 0.216814 0.216257 0.215700 0.215700 0.215700 0.215700 0.215700 0.215700 0.215700 0.215700 0.215700 0.219600 0.219043 0.218486 0.217929 0.217371 0.216814 0.216257 0.215700 0.219600 0.219043 0.218486 0.217929 0.217371 0.216814 0.216257 0.215700 0.215700 0.216257 0.216814 0.217371 0.217929 0.218486 0.219043 0.219600 0.219600 0.219043 0.218486 0.217929 0.217371 0.216814 0.216257 0.215700 0.219600 0.219600 0.219600 0.219600 0.219600 0.219600 0.219600 0.219600 0.211800 0.212357 0.212914 0.213471 0.214029 0.214586 0.215143 0.215700 0.215700 0.215700 0.215700 0.215700 0.215700 0.215700 0.215700 0.215700 0.215700 0.215143 0.214586 0.214029 0.213471 0.212914 0.212357 0.211800 0.211800 0.211800 0.211800 0.211800 0.211800 0.211800 0.211800 0.211800 0.211800 0.211800 0.211800 0.211800 0.211800 0.211800 0.211800 0.211800 0.211800 0.211800 0.211800 0.211800 0.211800 0.211800 0.211800 0.211800 0.211800 0.211229 0.210657 0.210086 0.209514 0.208943 0.208371 0.207800 0.207800 0.208371 0.208943 0.209514 0.210086 0.210657 0.211229 0.211800 0.207800 0.207800 0.207800 0.207800 0.207800 0.207800 0.207800 0.207800 0.211800 0.211229 0.210657 0.210086 0.209514 0.208943 0.208371 0.207800
0.207800 0.207800 0.207800 0.207800 0.207800 0.207800 0.207800 0.207800 0.208371 0.208861 0.209351 0.209841 0.210331 0.210820 0.211310 0.211800 0.211800 0.211310 0.210820 0.210331 0.209841 0.209351 0.208861 0.208371 0.211800 0.211310 0.210820 0.210331 0.209841 0.209351 0.208861 0.208371 0.211800 0.211880 0.211959 0.212039 0.212118 0.212198 0.212278 0.212357 0.211800 0.212357 0.212914 0.213471 0.214029 0.214586 0.215143 0.215700 0.215143 0.215222 0.215302 0.215382 0.215461 0.215541 0.215620 0.215700 0.215700 0.215222 0.214745 0.214267 0.213790 0.213312 0.212835 0.212357 0.215700 0.215780 0.215859 0.215939 0.216018 0.216098 0.216178 0.216257 0.216257 0.216257 0.216257 0.216257 0.216257 0.216257 0.216257 0.216257 0.215700 0.215700 0.215700 0.215700 0.215700 0.215700 0.215700 0.215700 0.215700 0.215780 0.215859 0.215939 0.216018 0.216098 0.216178 0.216257 0.215700 0.216257 0.216814 0.217371 0.217929 0.218486 0.219043 0.219600 0.215700 0.216257 0.216814 0.217371 0.217929 0.218486 0.219043 0.219600 0.219043 0.218565 0.218088 0.217610 0.217133 0.216655 0.216178 0.215700 0.219600 0.219043 0.218486 0.217929 0.217371 0.216814 0.216257 0.215700 0.216257 0.216178 0.216098 0.216018 0.215939 0.215859 0.215780 0.215700 0.219043 0.218645 0.218247 0.217849 0.217451 0.217053 0.216655 0.216257 0.219600 0.219043 0.218486 0.217929 0.217371 0.216814 0.216257 0.215700 0.216257 0.216655 0.217053 0.217451 0.217849 0.218247 0.218645 0.219043 0.219043 0.218645 0.218247 0.217849 0.217451 0.217053 0.216655 0.216257 0.219600 0.219520 0.219441 0.219361 0.219282 0.219202 0.219122 0.219043 0.212357 0.212835 0.213312 0.213790 0.214267 0.214745 0.215222 0.215700 0.216257 0.216178 0.216098 0.216018 0.215939 0.215859 0.215780 0.215700 0.215700 0.215222 0.214745 0.214267 0.213790 0.213312 0.212835 0.212357 0.212357 0.212357 0.212357 0.212357 0.212357 0.212357 0.212357 0.212357 0.212357 0.212278 0.212198 0.212118 0.212039 0.211959 0.211880 0.211800 0.211800 0.211800 0.211800 0.211800 0.211800 0.211800 0.211800 0.211800 0.211800 0.211310 0.210820 0.210331 0.209841 0.209351 0.208861 0.208371 0.208371 0.208861 0.209351 0.209841 0.210331 0.210820 0.211310 0.211800 0.208371 0.208290 0.208208 0.208127 0.208045 0.207963 0.207882 0.207800 0.211229 0.210739 0.210249 0.209759 0.209269 0.208780 0.208290 0.207800
0.207800 0.207800 0.207800 0.207800 0.207800 0.207800 0.207800 0.207800 0.208943 0.209351 0.209759 0.210167 0.210576 0.210984 0.211392 0.211800 0.211800 0.211392 0.210984 0.210576 0.210167 0.209759 0.209351 0.208943 0.211800 0.211392 0.210984 0.210576 0.210167 0.209759 0.209351 0.208943 0.211800 0.211959 0.212118 0.212278 0.212437 0.212596 0.212755 0.212914 0.211800 0.212357 0.212914 0.213471 0.214029 0.214586 0.215143 0.215700 0.214586 0.214745 0.214904 0.215063 0.215222 0.215382 0.215541 0.215700 0.215700 0.215302 0.214904 0.214506 0.214108 0.213710 0.213312 0.212914 0.215700 0.215859 0.216018 0.216178 0.216337 0.216496 0.216655 0.216814 0.216814 0.216814 0.216814 0.216814 0.216814 0.216814 0.216814 0.216814 0.215700 0.215700 0.215700 0.215700 0.215700 0.215700 0.215700 0.215700 0.215700 0.215859 0.216018 0.216178 0.216337 0.216496 0.216655 0.216814 0.215700 0.216257 0.216814 0.217371 0.217929 0.218486 0.219043 0.219600 0.215700 0.216257 0.216814 0.217371 0.217929 0.218486 0.219043 0.219600 0.218486 0.218088 0.217690 0.217292 0.216894 0.216496 0.216098 0.215700 0.219600 0.219043 0.218486 0.217929 0.217371 0.216814 0.216257 0.215700 0.216814 0.216655 0.216496 0.216337 0.216178 0.216018 0.215859 0.215700 0.218486 0.218247 0.218008 0.217769 0.217531 0.217292 0.217053 0.216814 0.219600 0.219043 0.218486 0.217929 0.217371 0.216814 0.216257 0.215700 0.216814 0.217053 0.217292 0.217531 0.217769 0.218008 0.218247 0.218486 0.218486 0.218247 0.218008 0.217769 0.217531 0.217292 0.217053 0.216814 0.219600 0.219441 0.219282 0.219122 0.218963 0.218804 0.218645 0.218486 0.212914 0.213312 0.213710 0.214108 0.214506 0.214904 0.215302 0.215700 0.216814 0.216655 0.216496 0.216337 0.216178 0.216018 0.215859 0.215700 0.215700 0.215302 0.214904 0.214506 0.214108 0.213710 0.213312 0.212914 0.212914 0.212914 0.212914 0.212914 0.212914 0.212914 0.212914 0.212914 0.212914 0.212755 0.212596 0.212437 0.212278 0.212118 0.211959 0.211800 0.211800 0.211800 0.211800 0.211800 0.211800 0.211800 0.211800 0.211800 0.211800 0.211392 0.210984 0.210576 0.210167 0.209759 0.209351 0.208943 0.208943 0.209351 0.209759 0.210167 0.210576 0.210984 0.211392 0.211800 0.208943 0.208780 0.208616 0.208453 0.208290 0.208127 0.207963 0.207800 0.210657 0.210249 0.209841 0.209433 0.209024 0.208616 0.208208 0.207800
0.207800 0.207800 0.207800 0.207800 0.207800 0.207800 0.207800 0.207800 0.209514 0.209841 0.210167 0.210494 0.210820 0.211147 0.211473 0.211800 0.211800 0.211473 0.211147 0.210820 0.210494 0.210167 0.209841 0.209514 0.211800 0.211473 0.211147 0.210820 0.210494 0.210167 0.209841 0.209514 0.211800 0.212039 0.212278 0.212516 0.212755 0.212994 0.213233 0.213471 0.211800 0.212357 0.212914 0.213471 0.214029 0.214586 0.215143 0.215700 0.214029 0.214267 0.214506 0.214745 0.214984 0.215222 0.215461 0.215700 0.215700 0.215382 0.215063 0.214745 0.214427 0.214108 0.213790 0.213471 0.215700 0.215939 0.216178 0.216416 0.216655 0.216894 0.217133 0.217371 0.217371 0.217371 0.217371 0.217371 0.217371 0.217371 0.217371 0.217371 0.215700 0.215700 0.215700 0.215700 0.215700 0.215700 0.215700 0.215700 0.215700 0.215939 0.216178 0.216416 0.216655 0.216894 0.217133 0.217371 0.215700 0.216257 0.216814 0.217371 0.217929 0.218486 0.219043 0.219600 0.215700 0.216257 0.216814 0.217371 0.217929 0.218486 0.219043 0.219600 0.217929 0.217610 0.217292 0.216973 0.216655 0.216337 0.216018 0.215700 0.219600 0.219043 0.218486 0.217929 0.217371 0.216814 0.216257 0.215700 0.217371 0.217133 0.216894 0.216655 0.216416 0.216178 0.215939 0.215700 0.217929 0.217849 0.217769 0.217690 0.217610 0.217531 0.217451 0.217371 0.219600 0.219043 0.218486 0.217929 0.217371 0.216814 0.216257 0.215700 0.217371 0.217451 0.217531 0.217610 0.217690 0.217769 0.217849 0.217929 0.217929 0.217849 0.217769 0.217690 0.217610 0.217531 0.217451 0.217371 0.219600 0.219361 0.219122 0.218884 0.218645 0.218406 0.218167 0.217929 0.213471 0.213790 0.214108 0.214427 0.214745 0.215063 0.215382 0.215700 0.217371 0.217133 0.216894 0.216655 0.216416 0.216178 0.215939 0.215700 0.215700 0.215382 0.215063 0.214745 0.214427 0.214108 0.213790 0.213471 0.213471 0.213471 0.213471 0.213471 0.213471 0.213471 0.213471 0.213471 0.213471 0.213233 0.212994 0.212755 0.212516 0.212278 0.212039 0.211800 0.211800 0.211800 0.211800 0.211800 0.211800 0.211800 0.211800 0.211800 0.211800 0.211473 0.211147 0.210820 0.210494 0.210167 0.209841 0.209514 0.209514 0.209841 0.210167 0.210494 0.210820 0.211147 0.211473 0.211800 0.209514 0.209269 0.209024 0.208780 0.208535 0.208290 0.208045 0.207800 0.210086 0.209759 0.209433 0.209106 0.208780 0.208453 0.208127 0.207800
0.207800 0.207800 0.207800 0.207800 0.207800 0.207800 0.207800 0.207800 0.210086 0.210331 0.210576 0.210820 0.211065 0.211310 0.211555 0.211800 0.211800 0.211555 0.211310 0.211065 0.210820 0.210575 0.210331 0.210086 0.211800 0.211555 0.211310 0.211065 0.210820 0.210575 0.210331 0.210086 0.211800 0.212118 0.212437 0.212755 0.213073 0.213392 0.213710 0.214029 0.211800 0.212357 0.212914 0.213471 0.214029 0.214586 0.215143 0.215700 0.213471 0.213790 0.214108 0.214427 0.214745 0.215063 0.215382 0.215700 0.215700 0.215461 0.215222 0.214984 0.214745 0.214506 0.214267 0.214029 0.215700 0.216018 0.216337 0.216655 0.216973 0.217292 0.217610 0.217929 0.217929 0.217929 0.217929 0.217929 0.217929 0.217929 0.217929 0.217929 0.215700 0.215700 0.215700 0.215700 0.215700 0.215700 0.215700 0.215700 0.215700 0.216018 0.216337 0.216655 0.216973 0.217292 0.217610 0.217929 0.215700 0.216257 0.216814 0.217371 0.217929 0.218486 0.219043 0.219600 0.215700 0.216257 0.216814 0.217371 0.217929 0.218486 0.219043 0.219600 0.217371 0.217133 0.216894 0.216655 0.216416 0.216178 0.215939 0.215700 0.219600 0.219043 0.218486 0.217929 0.217371 0.216814 0.216257 0.215700 0.217929 0.217610 0.217292 0.216973 0.216655 0.216337 0.216018 0.215700 0.217371 0.217451 0.217531 0.217610 0.217690 0.217769 0.217849 0.217929 0.219600 0.219043 0.218486 0.217929 0.217371 0.216814 0.216257 0.215700 0.217929 0.217849 0.217769 0.217690 0.217610 0.217531 0.217451 0.217371 0.217371 0.217451 0.217531 0.217610 0.217690 0.217769 0.217849 0.217929 0.219600 0.219282 0.218963 0.218645 0.218327 0.218008 0.217690 0.217371 0.214029 0.214267 0.214506 0.214745 0.214984 0.215222 0.215461 0.215700 0.217929 0.217610 0.217292 0.216973 0.216655 0.216337 0.216018 0.215700 0.215700 0.215461 0.215222 0.214984 0.214745 0.214506 0.214267 0.214029 0.214029 0.214029 0.214029 0.214029 0.214029 0.214029 0.214029 0.214029 0.214029 0.213710 0.213392 0.213073 0.212755 0.212437 0.212118 0.211800 0.211800 0.211800 0.211800 0.211800 0.211800 0.211800 0.211800 0.211800 0.211800 0.211555 0.211310 0.211065 0.210820 0.210575 0.210331 0.210086 0.210086 0.210331 0.210576 0.210820 0.211065 0.211310 0.211555 0.211800 0.210086 0.209759 0.209433 0.209106 0.208780 0.208453 0.208127 0.207800 0.209514 0.209269 0.209024 0.208780 0.208535 0.208290 0.208045 0.207800
0.207800 0.207800 0.207800 0.207800 0.207800 0.207800 0.207800 0.207800 0.210657 0.210820 0.210984 0.211147 0.211310 0.211473 0.211637 0.211800 0.211800 0.211637 0.211473 0.211310 0.211147 0.210984 0.210820 0.210657 0.211800 0.211637 0.211473 0.211310 0.211147 0.210984 0.210820 0.210657 0.211800 0.212198 0.212596 0.212994 0.213392 0.213790 0.214188 0.214586 0.211800 0.212357 0.212914 0.213471 0.214029 0.214586 0.215143 0.215700 0.212914 0.213312 0.213710 0.214108 0.214506 0.214904 0.215302 0.215700 0.215700 0.215541 0.215382 0.215222 0.215063 0.214904 0.214745 0.214586 0.215700 0.216098 0.216496 0.216894 0.217292 0.217690 0.218088 0.218486 0.218486 0.218486 0.218486 0.218486 0.218486 0.218486 0.218486 0.218486 0.215700 0.215700 0.215700 0.215700 0.215700 0.215700 0.215700 0.215700 0.215700 0.216098 0.216496 0.216894 0.217292 0.217690 0.218088 0.218486 0.215700 0.216257 0.216814 0.217371 0.217929 0.218486 0.219043 0.219600 0.215700 0.216257 0.216814 0.217371 0.217929 0.218486 0.219043 0.219600 0.216814 0.216655 0.216496 0.216337 0.216178 0.216018 0.215859 0.215700 0.219600 0.219043 0.218486 0.217929 0.217371 0.216814 0.216257 0.215700 0.218486 0.218088 0.217690 0.217292 0.216894 0.216496 0.216098 0.215700 0.216814 0.217053 0.217292 0.217531 0.217769 0.218008 0.218247 0.218486 0.219600 0.219043 0.218486 0.217929 0.217371 0.216814 0.216257 0.215700 0.218486 0.218247 0.218008 0.217769 0.217531 0.217292 0.217053 0.216814 0.216814 0.217053 0.217292 0.217531 0.217769 0.218008 0.218247 0.218486 0.219600 0.219202 0.218804 0.218406 0.218008 0.217610 0.217212 0.216814 0.214586 0.214745 0.214904 0.215063 0.215222 0.215382 0.215541 0.215700 0.218486 0.218088 0.217690 0.217292 0.216894 0.216496 0.216098 0.215700 0.215700 0.215541 0.215382 0.215222 0.215063 0.214904 0.214745 0.214586 0.214586 0.214586 0.214586 0.214586 0.214586 0.214586 0.214586 0.214586 0.214586 0.214188 0.213790 0.213392 0.212994 0.212596 0.212198 0.211800 0.211800 0.211800 0.211800 0.211800 0.211800 0.211800 0.211800 0.211800 0.211800 0.211637 0.211473 0.211310 0.211147 0.210984 0.210820 0.210657 0.210657 0.210820 0.210984 0.211147 0.211310 0.211473 0.211637 0.211800 0.210657 0.210249 0.209841 0.209433 0.209024 0.208616 0.208208 0.207800 0.208943 0.208780 0.208616 0.208453 0.208290 0.208127 0.207963 0.207800
0.207800 0.207800 0.207800 0.207800 0.207800 0.207800 0.207800 0.207800 0.211229 0.211310 0.211392 0.211473 0.211555 0.211637 0.211718 0.211800 0.211800 0.211718 0.211637 0.211555 0.211473 0.211392 0.211310 0.211229 0.211800 0.211718 0.211637 0.211555 0.211473 0.211392 0.211310 0.211229 0.211800 0.212278 0.212755 0.213233 0.213710 0.214188 0.214665 0.215143 0.211800 0.212357 0.212914 0.213471 0.214029 0.214586 0.215143 0.215700 0.212357 0.212835 0.213312 0.213790 0.214267 0.214745 0.215222 0.215700 0.215700 0.215620 0.215541 0.215461 0.215382 0.215302 0.215222 0.215143 0.215700 0.216178 0.216655 0.217133 0.217610 0.218088 0.218565 0.219043 0.219043 0.219043 0.219043 0.219043 0.219043 0.219043 0.219043 0.219043 0.215700 0.215700 0.215700 0.215700 0.215700 0.215700 0.215700 0.215700 0.215700 0.216178 0.216655 0.217133 0.217610 0.218088 0.218565 0.219043 0.215700 0.216257 0.216814 0.217371 0.217929 0.218486 0.219043 0.219600 0.215700 0.216257 0.216814 0.217371 0.217929 0.218486 0.219043 0.219600 0.216257 0.216178 0.216098 0.216018 0.215939 0.215859 0.215780 0.215700 0.219600 0.219043 0.218486 0.217929 0.217371 0.216814 0.216257 0.215700 0.219043 0.218565 0.218088 0.217610 0.217133 0.216655 0.216178 0.215700 0.216257 0.216655 0.217053 0.217451 0.217849 0.218247 0.218645 0.219043 0.219600 0.219043 0.218486 0.217929 0.217371 0.216814 0.216257 0.215700 0.219043 0.218645 0.218247 0.217849 0.217451 0.217053 0.216655 0.216257 0.216257 0.216655 0.217053 0.217451 0.217849 0.218247 0.218645 0.219043 0.219600 0.219122 0.218645 0.218167 0.217690 0.217212 0.216735 0.216257 0.215143 0.215222 0.215302 0.215382 0.215461 0.215541 0.215620 0.215700 0.219043 0.218565 0.218088 0.217610 0.217133 0.216655 0.216178 0.215700 0.215700 0.215620 0.215541 0.215461 0.215382 0.215302 0.215222 0.215143 0.215143 0.215143 0.215143 0.215143 0.215143 0.215143 0.215143 0.215143 0.215143 0.214665 0.214188 0.213710 0.213233 0.212755 0.212278 0.211800 0.211800 0.211800 0.211800 0.211800 0.211800 0.211800 0.211800 0.211800 0.211800 0.211718 0.211637 0.211555 0.211473 0.211392 0.211310 0.211229 0.211229 0.211310 0.211392 0.211473 0.211555 0.211637 0.211718 0.211800 0.211229 0.210739 0.210249 0.209759 0.209269 0.208780 0.208290 0.207800 0.208371 0.208290 0.208208 0.208127 0.208045 0.207963 0.207882 0.207800
0.207800 0.207800 0.207800 0.207800 0.207800 0.207800 0.207800 0.207800 0.211800 0.211800 0.211800 0.211800 0.211800 0.211800 0.211800 0.211800 0.211800 0.211800 0.211800 0.211800 0.211800 0.211800 0.211800 0.211800 0.211800 0.211800 0.211800 0.211800 0.211800 0.211800 0.211800 0.211800 0.211800 0.212357 0.212914 0.213471 0.214029 0.214586 0.215143 0.215700 0.211800 0.212357 0.212914 0.213471 0.214029 0.214586 0.215143 0.215700 0.211800 0.212357 0.212914 0.213471 0.214029 0.214586 0.215143 0.215700 0.215700 0.215700 0.215700 0.215700 0.215700 0.215700 0.215700 0.215700 0.215700 0.216257 0.216814 0.217371 0.217929 0.218486 0.219043 0.219600 0.219600 0.219600 0.219600 0.219600 0.219600 0.219600 0.219600 0.219600 0.215700 0.215700 0.215700 0.215700 0.215700 0.215700 0.215700 0.215700 0.215700 0.216257 0.216814 0.217371 0.217929 0.218486 0.219043 0.219600 0.215700 0.216257 0.216814 0.217371 0.217929 0.218486 0.219043 0.219600 0.215700 0.216257 0.216814 0.217371 0.217929 0.218486 0.219043 0.219600 0.215700 0.215700 0.215700 0.215700 0.215700 0.215700 0.215700 0.215700 0.219600 0.219043 0.218486 0.217929 0.217371 0.216814 0.216257 0.215700 0.219600 0.219043 0.218486 0.217929 0.217371 0.216814 0.216257 0.215700 0.215700 0.216257 0.216814 0.217371 0.217929 0.218486 0.219043 0.219600 0.219600 0.219043 0.218486 0.217929 0.217371 0.216814 0.216257 0.215700 0.219600 0.219043 0.218486 0.217929 0.217371 0.216814 0.216257 0.215700 0.215700 0.216257 0.216814 0.217371 0.217929 0.218486 0.219043 0.219600 0.219600 0.219043 0.218486 0.217929 0.217371 0.216814 0.216257 0.215700 0.215700 0.215700 0.215700 0.215700 0.215700 0.215700 0.215700 0.215700 0.219600 0.219043 0.218486 0.217929 0.217371 0.216814 0.216257 0.215700 0.215700 0.215700 0.215700 0.215700 0.215700 0.215700 0.215700 0.215700 0.215700 0.215700 0.215700 0.215700 0.215700 0.215700 0.215700 0.215700 0.215700 0.215143 0.214586 0.214029 0.213471 0.212914 0.212357 0.211800 0.211800 0.211800 0.211800 0.211800 0.211800 0.211800 0.211800 0.211800 0.211800 0.211800 0.211800 0.211800 0.211800 0.211800 0.211800 0.211800 0.211800 0.211800 0.211800 0.211800 0.211800 0.211800 0.211800 0.211800 0.211800 0.211229 0.210657 0.210086 0.209514 0.208943 0.208371 0.207800 0.207800 0.207800 0.207800 0.207800 0.207800 0.207800 0.207800 0.207800
0.203900 0.205029 0.206157 0.207286 0.208414 0.209543 0.210671 0.211800 0.207800 0.207800 0.207800 0.207800 0.207800 0.207800 0.207800 0.207800 0.211800 0.211229 0.210657 0.210086 0.209514 0.208943 0.208371 0.207800 0.211800 0.211800 0.211800 0.211800 0.211800 0.211800 0.211800 0.211800 0.211800 0.212357 0.212914 0.213471 0.214029 0.214586 0.215143 0.215700 0.215700 0.215700 0.215700 0.215700 0.215700 0.215700 0.215700 0.215700 0.215700 0.215700 0.215700 0.215700 0.215700 0.215700 0.215700 0.215700 0.219600 0.219600 0.219600 0.219600 0.219600 0.219600 0.219600 0.219600 0.215700 0.216257 0.216814 0.217371 0.217929 0.218486 0.219043 0.219600 0.219600 0.219600 0.219600 0.219600 0.219600 0.219600 0.219600 0.219600 0.219600 0.219600 0.219600 0.219600 0.219600 0.219600 0.219600 0.219600 0.215700 0.216257 0.216814 0.217371 0.217929 0.218486 0.219043 0.219600 0.219600 0.219600 0.219600 0.219600 0.219600 0.219600 0.219600 0.219600 0.219600 0.219600 0.219600 0.219600 0.219600 0.219600 0.219600 0.219600 0.219600 0.219600 0.219600 0.219600 0.219600 0.219600 0.219600 0.219600 0.219600 0.219600 0.219600 0.219600 0.219600 0.219600 0.219600 0.219600 0.219600 0.219600 0.219600 0.219600 0.219600 0.219600 0.219600 0.219600 0.223500 0.222943 0.222386 0.221829 0.221271 0.220714 0.220157 0.219600 0.223500 0.222943 0.222386 0.221829 0.221271 0.220714 0.220157 0.219600 0.219600 0.220157 0.220714 0.221271 0.221829 0.222386 0.222943 0.223500 0.219600 0.219600 0.219600 0.219600 0.219600 0.219600 0.219600 0.219600 0.219600 0.220157 0.220714 0.221271 0.221829 0.222386 0.222943 0.223500 0.219600 0.219043 0.218486 0.217929 0.217371 0.216814 0.216257 0.215700 0.219600 0.219043 0.218486 0.217929 0.217371 0.216814 0.216257 0.215700 0.215700 0.215700 0.215700 0.215700 0.215700 0.215700 0.215700 0.215700 0.215700 0.215700 0.215700 0.215700 0.215700 0.215700 0.215700 0.215700 0.215700 0.215143 0.214586 0.214029 0.213471 0.212914 0.212357 0.211800 0.211800 0.212357 0.212914 0.213471 0.214029 0.214586 0.215143 0.215700 0.211800 0.211800 0.211800 0.211800 0.211800 0.211800 0.211800 0.211800 0.211800 0.211800 0.211800 0.211800 0.211800 0.211800 0.211800 0.211800 0.211800 0.211229 0.210657 0.210086 0.209514 0.208943 0.208371 0.207800 0.211800 0.211229 0.210657 0.210086 0.209514 0.208943 0.208371 0.207800
0.205029 0.205914 0.206800 0.207686 0.208571 0.209457 0.210343 0.211229 0.207800 0.207882 0.207963 0.208045 0.208127 0.208208 0.208290 0.208371 0.211800 0.211390 0.210980 0.210569 0.210159 0.209749 0.209339 0.208929 0.211800 0.211880 0.211959 0.212039 0.212118 0.212198 0.212278 0.212357 0.212914 0.213312 0.213710 0.214108 0.214506 0.214904 0.215302 0.215700 0.215700 0.215700 0.215700 0.215700 0.215700 0.215700 0.215700 0.215700 0.216257 0.216178 0.216098 0.216018 0.215939 0.215859 0.215780 0.215700 0.219043 0.219122 0.219202 0.219282 0.219361 0.219441 0.219520 0.219600 0.216257 0.216814 0.217371 0.217929 0.218486 0.219043 0.219600 0.220157 0.220157 0.220157 0.220157 0.220157 0.220157 0.220157 0.220157 0.220157 0.219600 0.219600 0.219600 0.219600 0.219600 0.219600 0.219600 0.219600 0.216814 0.217292 0.217769 0.218247 0.218724 0.219202 0.219680 0.220157 0.220157 0.220157 0.220157 0.220157 0.220157 0.220157 0.220157 0.220157 0.220157 0.220157 0.220157 0.220157 0.220157 0.220157 0.220157 0.220157 0.220157 0.220078 0.219998 0.219918 0.219839 0.219759 0.219680 0.219600 0.220157 0.220157 0.220157 0.220157 0.220157 0.220157 0.220157 0.220157 0.220729 0.220567 0.220406 0.220245 0.220084 0.219922 0.219761 0.219600 0.223500 0.222943 0.222386 0.221829 0.221271 0.220714 0.220157 0.219600 0.223500 0.223022 0.222545 0.222067 0.221590 0.221112 0.220635 0.220157 0.219600 0.220078 0.220555 0.221033 0.221510 0.221988 0.222465 0.222943 0.220157 0.220157 0.220157 0.220157 0.220157 0.220157 0.220157 0.220157 0.220157 0.220635 0.221112 0.221590 0.222067 0.222545 0.223022 0.223500 0.220157 0.219600 0.219043 0.218486 0.217929 0.217371 0.216814 0.216257 0.219600 0.219122 0.218645 0.218167 0.217690 0.217212 0.216735 0.216257 0.215700 0.215780 0.215859 0.215939 0.216018 0.216098 0.216178 0.216257 0.215700 0.215780 0.215859 0.215939 0.216018 0.216098 0.216178 0.216257 0.215700 0.215302 0.214904 0.214506 0.214108 0.213710 0.213312 0.212914 0.212357 0.212835 0.213312 0.213790 0.214267 0.214745 0.215222 0.215700 0.211800 0.211880 0.211959 0.212039 0.212118 0.212198 0.212278 0.212357 0.211800 0.211800 0.211800 0.211800 0.211800 0.211800 0.211800 0.211800 0.211800 0.211310 0.210820 0.210331 0.209841 0.209351 0.208861 0.208371 0.211800 0.211310 0.210820 0.210331 0.209841 0.209351 0.208861 0.208371
0.206157 0.206800 0.207443 0.208086 0.208729 0.209371 0.210014 0.210657 0.207800 0.207963 0.208127 0.208290 0.208453 0.208616 0.208780 0.208943 0.211800 0.211551 0.211302 0.211053 0.210804 0.210555 0.210306 0.210057 0.211800 0.211959 0.212118 0.212278 0.212437 0.212596 0.212755 0.212914 0.214029 0.214267 0.214506 0.214745 0.214984 0.215222 0.215461 0.215700 0.215700 0.215700 0.215700 0.215700 0.215700 0.215700 0.215700 0.215700 0.216814 0.216655 0.216496 0.216337 0.216178 0.216018 0.215859 0.215700 0.218486 0.218645 0.218804 0.218963 0.219122 0.219282 0.219441 0.219600 0.216814 0.217371 0.217929 0.218486 0.219043 0.219600 0.220157 0.220714 0.220714 0.220714 0.220714 0.220714 0.220714 0.220714 0.220714 0.220714 0.219600 0.219600 0.219600 0.219600 0.219600 0.219600 0.219600 0.219600 0.217929 0.218327 0.218725 0.219122 0.219520 0.219918 0.220316 0.220714 0.220714 0.220714 0.220714 0.220714 0.220714 0.220714 0.220714 0.220714 0.220714 0.220714 0.220714 0.220714 0.220714 0.220714 0.220714 0.220714 0.220714 0.220555 0.220396 0.220237 0.220078 0.219918 0.219759 0.219600 0.220714 0.220714 0.220714 0.220714 0.220714 0.220714 0.220714 0.220714 0.221857 0.221535 0.221212 0.220890 0.220567 0.220245 0.219922 0.219600 0.223500 0.222943 0.222386 0.221829 0.221271 0.220714 0.220157 0.219600 0.223500 0.223102 0.222704 0.222306 0.221908 0.221510 0.221112 0.220714 0.219600 0.219998 0.220396 0.220794 0.221192 0.221590 0.221988 0.222386 0.220714 0.220714 0.220714 0.220714 0.220714 0.220714 0.220714 0.220714 0.220714 0.221112 0.221510 0.221908 0.222306 0.222704 0.223102 0.223500 0.220714 0.220157 0.219600 0.219043 0.218486 0.217929 0.217371 0.216814 0.219600 0.219202 0.218804 0.218406 0.218008 0.217610 0.217212 0.216814 0.215700 0.215859 0.216018 0.216178 0.216337 0.216496 0.216655 0.216814 0.215700 0.215859 0.216018 0.216178 0.216337 0.216496 0.216655 0.216814 0.215700 0.215461 0.215222 0.214984 0.214745 0.214506 0.214267 0.214029 0.212914 0.213312 0.213710 0.214108 0.214506 0.214904 0.215302 0.215700 0.211800 0.211959 0.212118 0.212278 0.212437 0.212596 0.212755 0.212914 0.211800 0.211800 0.211800 0.211800 0.211800 0.211800 0.211800 0.211800 0.211800 0.211392 0.210984 0.210576 0.210167 0.209759 0.209351 0.208943 0.211800 0.211392 0.210984 0.210576 0.210167 0.209759 0.209351 0.208943
0.207286 0.207686 0.208086 0.208486 0.208886 0.209286 0.209686 0.210086 0.207800 0.208045 0.208290 0.208535 0.208780 0.209024 0.209269 0.209514 0.211800 0.211712 0.211624 0.211537 0.211449 0.211361 0.211273 0.211186 0.211800 0.212039 0.212278 0.212516 0.212755 0.212994 0.213233 0.213471 0.215143 0.215222 0.215302 0.215382 0.215461 0.215541 0.215620 0.215700 0.215700 0.215700 0.215700 0.215700 0.215700 0.215700 0.215700 0.215700 0.217371 0.217133 0.216894 0.216655 0.216416 0.216178 0.215939 0.215700 0.217929 0.218167 0.218406 0.218645 0.218884 0.219122 0.219361 0.219600 0.217371 0.217929 0.218486 0.219043 0.219600 0.220157 0.220714 0.221271 0.221271 0.221271 0.221271 0.221271 0.221271 0.221271 0.221271 0.221271 0.219600 0.219600 0.219600 0.219600 0.219600 0.219600 0.219600 0.219600 0.219043 0.219361 0.219680 0.219998 0.220316 0.220635 0.220953 0.221271 0.221271 0.221271 0.221271 0.221271 0.221271 0.221271 0.221271 0.221271 0.221271 0.221271 0.221271 0.221271 0.221271 0.221271 0.221271 0.221271 0.221271 0.221033 0.220794 0.220555 0.220316 0.220078 0.219839 0.219600 0.221271 0.221271 0.221271 0.221271 0.221271 0.221271 0.221271 0.221271 0.222986 0.222502 0.222018 0.221535 0.221051 0.220567 0.220084 0.219600 0.223500 0.222943 0.222386 0.221829 0.221271 0.220714 0.220157 0.219600 0.223500 0.223182 0.222863 0.222545 0.222227 0.221908 0.221590 0.221271 0.219600 0.219918 0.220237 0.220555 0.220873 0.221192 0.221510 0.221829 0.221271 0.221271 0.221271 0.221271 0.221271 0.221271 0.221271 0.221271 0.221271 0.221590 0.221908 0.222227 0.222545 0.222863 0.223182 0.223500 0.221271 0.220714 0.220157 0.219600 0.219043 0.218486 0.217929 0.217371 0.219600 0.219282 0.218963 0.218645 0.218327 0.218008 0.217690 0.217371 0.215700 0.215939 0.216178 0.216416 0.216655 0.216894 0.217133 0.217371 0.215700 0.215939 0.216178 0.216416 0.216655 0.216894 0.217133 0.217371 0.215700 0.215620 0.215541 0.215461 0.215382 0.215302 0.215222 0.215143 0.213471 0.213790 0.214108 0.214427 0.214745 0.215063 0.215382 0.215700 0.211800 0.212039 0.212278 0.212516 0.212755 0.212994 0.213233 0.213471 0.211800 0.211800 0.211800 0.211800 0.211800 0.211800 0.211800 0.211800 0.211800 0.211473 0.211147 0.210820 0.210494 0.210167 0.209841 0.209514 0.211800 0.211473 0.211147 0.210820 0.210494 0.210167 0.209841 0.209514
0.208414 0.208571 0.208729 0.208886 0.209043 0.209200 0.209357 0.209514 0.207800 0.208127 0.208453 0.208780 0.209106 0.209433 0.209759 0.210086 0.211800 0.211873 0.211947 0.212020 0.212094 0.212167 0.212241 0.212314 0.211800 0.212118 0.212437 0.212755 0.213073 0.213392 0.213710 0.214029 0.216257 0.216178 0.216098 0.216018 0.215939 0.215859 0.215780 0.215700 0.215700 0.215700 0.215700 0.215700 0.215700 0.215700 0.215700 0.215700 0.217929 0.217610 0.217292 0.216973 0.216655 0.216337 0.216018 0.215700 0.217371 0.217690 0.218008 0.218327 0.218645 0.218963 0.219282 0.219600 0.217929 0.218486 0.219043 0.219600 0.220157 0.220714 0.221271 0.221829 0.221829 0.221829 0.221829 0.221829 0.221829 0.221829 0.221829 0.221829 0.219600 0.219600 0.219600 0.219600 0.219600 0.219600 0.219600 0.219600 0.220157 0.220396 0.220635 0.220873 0.221112 0.221351 0.221590 0.221829 0.221829 0.221829 0.221829 0.221829 0.221829 0.221829 0.221829 0.221829 0.221829 0.221829 0.221829 0.221829 0.221829 0.221829 0.221829 0.221829 0.221829 0.221510 0.221192 0.220873 0.220555 0.220237 0.219918 0.219600 0.221829 0.221829 0.221829 0.221829 0.221829 0.221829 0.221829 0.221829 0.224114 0.223469 0.222824 0.222180 0.221535 0.220890 0.220245 0.219600 0.223500 0.222943 0.222386 0.221829 0.221271 0.220714 0.220157 0.219600 0.223500 0.223261 0.223022 0.222784 0.222545 0.222306 0.222067 0.221829 0.219600 0.219839 0.220078 0.220316 0.220555 0.220794 0.221033 0.221271 0.221829 0.221829 0.221829 0.221829 0.221829 0.221829 0.221829 0.221829 0.221829 0.222067 0.222306 0.222545 0.222784 0.223022 0.223261 0.223500 0.221829 0.221271 0.220714 0.220157 0.219600 0.219043 0.218486 0.217929 0.219600 0.219361 0.219122 0.218884 0.218645 0.218406 0.218167 0.217929 0.215700 0.216018 0.216337 0.216655 0.216973 0.217292 0.217610 0.217929 0.215700 0.216018 0.216337 0.216655 0.216973 0.217292 0.217610 0.217929 0.215700 0.215780 0.215859 0.215939 0.216018 0.216098 0.216178 0.216257 0.214029 0.214267 0.214506 0.214745 0.214984 0.215222 0.215461 0.215700 0.211800 0.212118 0.212437 0.212755 0.213073 0.213392 0.213710 0.214029 0.211800 0.211800 0.211800 0.211800 0.211800 0.211800 0.211800 0.211800 0.211800 0.211555 0.211310 0.211065 0.210820 0.210575 0.210331 0.210086 0.211800 0.211555 0.211310 0.211065 0.210820 0.210575 0.210331 0.210086
0.209543 0.209457 0.209371 0.209286 0.209200 0.209114 0.209029 0.208943 0.207800 0.208208 0.208616 0.209024 0.209433 0.209841 0.210249 0.210657 0.211800 0.212035 0.212269 0.212504 0.212739 0.212973 0.213208 0.213443 0.211800 0.212198 0.212596 0.212994 0.213392 0.213790 0.214188 0.214586 0.217371 0.217133 0.216894 0.216655 0.216416 0.216178 0.215939 0.215700 0.215700 0.215700 0.215700 0.215700 0.215700 0.215700 0.215700 0.215700 0.218486 0.218088 0.217690 0.217292 0.216894 0.216496 0.216098 0.215700 0.216814 0.217212 0.217610 0.218008 0.218406 0.218804 0.219202 0.219600 0.218486 0.219043 0.219600 0.220157 0.220714 0.221271 0.221829 0.222386 0.222386 0.222386 0.222386 0.222386 0.222386 0.222386 0.222386 0.222386 0.219600 0.219600 0.219600 0.219600 0.219600 0.219600 0.219600 0.219600 0.221271 0.221431 0.221590 0.221749 0.221908 0.222067 0.222227 0.222386 0.222386 0.222386 0.222386 0.222386 0.222386 0.222386 0.222386 0.222386 0.222386 0.222386 0.222386 0.222386 0.222386 0.222386 0.222386 0.222386 0.222386 0.221988 0.221590 0.221192 0.220794 0.220396 0.219998 0.219600 0.222386 0.222386 0.222386 0.222386 0.222386 0.222386 0.222386 0.222386 0.225243 0.224437 0.223631 0.222824 0.222018 0.221212 0.220406 0.219600 0.223500 0.222943 0.222386 0.221829 0.221271 0.220714 0.220157 0.219600 0.223500 0.223341 0.223182 0.223022 0.222863 0.222704 0.222545 0.222386 0.219600 0.219759 0.219918 0.220078 0.220237 0.220396 0.220555 0.220714 0.222386 0.222386 0.222386 0.222386 0.222386 0.222386 0.222386 0.222386 0.222386 0.222545 0.222704 0.222863 0.223022 0.223182 0.223341 0.223500 0.222386 0.221829 0.221271 0.220714 0.220157 0.219600 0.219043 0.218486 0.219600 0.219441 0.219282 0.219122 0.218963 0.218804 0.218645 0.218486 0.215700 0.216098 0.216496 0.216894 0.217292 0.217690 0.218088 0.218486 0.215700 0.216098 0.216496 0.216894 0.217292 0.217690 0.218088 0.218486 0.215700 0.215939 0.216178 0.216416 0.216655 0.216894 0.217133 0.217371 0.214586 0.214745 0.214904 0.215063 0.215222 0.215382 0.215541 0.215700 0.211800 0.212198 0.212596 0.212994 0.213392 0.213790 0.214188 0.214586 0.211800 0.211800 0.211800 0.211800 0.211800 0.211800 0.211800 0.211800 0.211800 0.211637 0.211473 0.211310 0.211147 0.210984 0.210820 0.210657 0.211800 0.211637 0.211473 0.211310 0.211147 0.210984 0.210820 0.210657
0.210671 0.210343 0.210014 0.209686 0.209357 0.209029 0.208700 0.208371 0.207800 0.208290 0.208780 0.209269 0.209759 0.210249 0.210739 0.211229 0.211800 0.212196 0.212592 0.212988 0.213384 0.213780 0.214176 0.214571 0.211800 0.212278 0.212755 0.213233 0.213710 0.214188 0.214665 0.215143 0.218486 0.218088 0.217690 0.217292 0.216894 0.216496 0.216098 0.215700 0.215700 0.215700 0.215700 0.215700 0.215700 0.215700 0.215700 0.215700 0.219043 0.218565 0.218088 0.217610 0.217133 0.216655 0.216178 0.215700 0.216257 0.216735 0.217212 0.217690 0.218167 0.218645 0.219122 0.219600 0.219043 0.219600 0.220157 0.220714 0.221271 0.221829 0.222386 0.222943 0.222943 0.222943 0.222943 0.222943 0.222943 0.222943 0.222943 0.222943 0.219600 0.219600 0.219600 0.219600 0.219600 0.219600 0.219600 0.219600 0.222386 0.222465 0.222545 0.222624 0.222704 0.222784 0.222863 0.222943 0.222943 0.222943 0.222943 0.222943 0.222943 0.222943 0.222943 0.222943 0.222943 0.222943 0.222943 0.222943 0.222943 0.222943 0.222943 0.222943 0.222943 0.222465 0.221988 0.221510 0.221033 0.220555 0.220078 0.219600 0.222943 0.222943 0.222943 0.222943 0.222943 0.222943 0.222943 0.222943 0.226371 0.225404 0.224437 0.223469 0.222502 0.221535 0.220567 0.219600 0.223500 0.222943 0.222386 0.221829 0.221271 0.220714 0.220157 0.219600 0.223500 0.223420 0.223341 0.223261 0.223182 0.223102 0.223022 0.222943 0.219600 0.219680 0.219759 0.219839 0.219918 0.219998 0.220078 0.220157 0.222943 0.222943 0.222943 0.222943 0.222943 0.222943 0.222943 0.222943 0.222943 0.223022 0.223102 0.223182 0.223261 0.223341 0.223420 0.223500 0.222943 0.222386 0.221829 0.221271 0.220714 0.220157 0.219600 0.219043 0.219600 0.219520 0.219441 0.219361 0.219282 0.219202 0.219122 0.219043 0.215700 0.216178 0.216655 0.217133 0.217610 0.218088 0.218565 0.219043 0.215700 0.216178 0.216655 0.217133 0.217610 0.218088 0.218565 0.219043 0.215700 0.216098 0.216496 0.216894 0.217292 0.217690 0.218088 0.218486 0.215143 0.215222 0.215302 0.215382 0.215461 0.215541 0.215620 0.215700 0.211800 0.212278 0.212755 0.213233 0.213710 0.214188 0.214665 0.215143 0.211800 0.211800 0.211800 0.211800 0.211800 0.211800 0.211800 0.211800 0.211800 0.211718 0.211637 0.211555 0.211473 0.211392 0.211310 0.211229 0.211800 0.211718 0.211637 0.211555 0.211473 0.211392 0.211310 0.211229
0.211800 0.211229 0.210657 0.210086 0.209514 0.208943 0.208371 0.207800 0.207800 0.208371 0.208943 0.209514 0.210086 0.210657 0.211229 0.211800 0.211800 0.212357 0.212914 0.213471 0.214029 0.214586 0.215143 0.215700 0.211800 0.212357 0.212914 0.213471 0.214029 0.214586 0.215143 0.215700 0.219600 0.219043 0.218486 0.217929 0.217371 0.216814 0.216257 0.215700 0.215700 0.215700 0.215700 0.215700 0.215700 0.215700 0.215700 0.215700 0.219600 0.219043 0.218486 0.217929 0.217371 0.216814 0.216257 0.215700 0.215700 0.216257 0.216814 0.217371 0.217929 0.218486 0.219043 0.219600 0.219600 0.220157 0.220714 0.221271 0.221829 0.222386 0.222943 0.223500 0.223500 0.223500 0.223500 0.223500 0.223500 0.223500 0.223500 0.223500 0.219600 0.219600 0.219600 0.219600 0.219600 0.219600 0.219600 0.219600 0.223500 0.223500 0.223500 0.223500 0.223500 0.223500 0.223500 0.223500 0.223500 0.223500 0.223500 0.223500 0.223500 0.223500 0.223500 0.223500 0.223500 0.223500 0.223500 0.223500 0.223500 0.223500 0.223500 0.223500 0.223500 0.222943 0.222386 0.221829 0.221271 0.220714 0.220157 0.219600 0.223500 0.223500 0.223500 0.223500 0.223500 0.223500 0.223500 0.223500 0.227500 0.226371 0.225243 0.224114 0.222986 0.221857 0.220729 0.219600 0.223500 0.222943 0.222386 0.221829 0.221271 0.220714 0.220157 0.219600 0.223500 0.223500 0.223500 0.223500 0.223500 0.223500 0.223500 0.223500 0.219600 0.219600 0.219600 0.219600 0.219600 0.219600 0.219600 0.219600 0.223500 0.223500 0.223500 0.223500 0.223500 0.223500 0.223500 0.223500 0.223500 0.223500 0.223500 0.223500 0.223500 0.223500 0.223500 0.223500 0.223500 0.222943 0.222386 0.221829 0.221271 0.220714 0.220157 0.219600 0.219600 0.219600 0.219600 0.219600 0.219600 0.219600 0.219600 0.219600 0.215700 0.216257 0.216814 0.217371 0.217929 0.218486 0.219043 0.219600 0.215700 0.216257 0.216814 0.217371 0.217929 0.218486 0.219043 0.219600 0.215700 0.216257 0.216814 0.217371 0.217929 0.218486 0.219043 0.219600 0.215700 0.215700 0.215700 0.215700 0.215700 0.215700 0.215700 0.215700 0.211800 0.212357 0.212914 0.213471 0.214029 0.214586 0.215143 0.215700 0.211800 0.211800 0.211800 0.211800 0.211800 0.211800 0.211800 0.211800 0.211800 0.211800 0.211800 0.211800 0.211800 0.211800 0.211800 0.211800 0.211800 0.211800 0.211800 0.211800 0.211800 0.211800 0.211800 0.211800
0.207800 0.208371 0.208943 0.209514 0.210086 0.210657 0.211229 0.211800 0.211800 0.211800 0.211800 0.211800 0.211800 0.211800 0.211800 0.211800 0.211800 0.211800 0.211800 0.211800 0.211800 0.211800 0.211800 0.211800 0.211800 0.212357 0.212914 0.213471 0.214029 0.214586 0.215143 0.215700 0.215700 0.215143 0.214586 0.214029 0.213471 0.212914 0.212357 0.211800 0.219600 0.219600 0.219600 0.219600 0.219600 0.219600 0.219600 0.219600 0.219600 0.219600 0.219600 0.219600 0.219600 0.219600 0.219600 0.219600 0.219600 0.219600 0.219600 0.219600 0.219600 0.219600 0.219600 0.219600 0.219600 0.220157 0.220714 0.221271 0.221829 0.222386 0.222943 0.223500 0.219600 0.220157 0.220714 0.221271 0.221829 0.222386 0.222943 0.223500 0.223500 0.223500 0.223500 0.223500 0.223500 0.223500 0.223500 0.223500 0.223500 0.222943 0.222386 0.221829 0.221271 0.220714 0.220157 0.219600 0.227500 0.226371 0.225243 0.224114 0.222986 0.221857 0.220729 0.219600 0.223500 0.223500 0.223500 0.223500 0.223500 0.223500 0.223500 0.223500 0.227500 0.226929 0.226357 0.225786 0.225214 0.224643 0.224071 0.223500 0.223500 0.223500 0.223500 0.223500 0.223500 0.223500 0.223500 0.223500 0.223500 0.224071 0.224643 0.225214 0.225786 0.226357 0.226929 0.227500 0.223500 0.223500 0.223500 0.223500 0.223500 0.223500 0.223500 0.223500 0.219600 0.220157 0.220714 0.221271 0.221829 0.222386 0.222943 0.223500 0.223500 0.224071 0.224643 0.225214 0.225786 0.226357 0.226929 0.227500 0.223500 0.223500 0.223500 0.223500 0.223500 0.223500 0.223500 0.223500 0.223500 0.222943 0.222386 0.221829 0.221271 0.220714 0.220157 0.219600 0.219600 0.219600 0.219600 0.219600 0.219600 0.219600 0.219600 0.219600 0.223500 0.223500 0.223500 0.223500 0.223500 0.223500 0.223500 0.223500 0.219600 0.219600 0.219600 0.219600 0.219600 0.219600 0.219600 0.219600 0.223500 0.222943 0.222386 0.221829 0.221271 0.220714 0.220157 0.219600 0.219600 0.219043 0.218486 0.217929 0.217371 0.216814 0.216257 0.215700 0.219600 0.219043 0.218486 0.217929 0.217371 0.216814 0.216257 0.215700 0.215700 0.215700 0.215700 0.215700 0.215700 0.215700 0.215700 0.215700 0.215700 0.215143 0.214586 0.214029 0.213471 0.212914 0.212357 0.211800 0.211800 0.211800 0.211800 0.211800 0.211800 0.211800 0.211800 0.211800 0.211800 0.212357 0.212914 0.213471 0.214029 0.214586 0.215143 0.215700
0.205000 0.205971 0.206943 0.207914 0.208886 0.209857 0.210829 0.211800 0.211800 0.211800 0.211800 0.211800 0.211800 0.211800 0.211800 0.211800 0.212357 0.212357 0.212357 0.212357 0.212357 0.212357 0.212357 0.212357 0.212357 0.212835 0.213312 0.213790 0.214267 0.214745 0.215222 0.215700 0.215700 0.215302 0.214904 0.214506 0.214108 0.213710 0.213312 0.212914 0.219600 0.219600 0.219600 0.219600 0.219600 0.219600 0.219600 0.219600 0.219600 0.219600 0.219600 0.219600 0.219600 0.219600 0.219600 0.219600 0.220157 0.220157 0.220157 0.220157 0.220157 0.220157 0.220157 0.220157 0.220157 0.220635 0.221112 0.221590 0.222067 0.222545 0.223022 0.223500 0.220157 0.220716 0.221276 0.221835 0.222394 0.222953 0.223512 0.224071 0.223500 0.223500 0.223500 0.223500 0.223500 0.223500 0.223500 0.223500 0.223500 0.223104 0.222708 0.222312 0.221916 0.221520 0.221125 0.220729 0.227500 0.226533 0.225565 0.224598 0.223631 0.222663 0.221696 0.220729 0.224071 0.224071 0.224071 0.224071 0.224071 0.224071 0.224071 0.224071 0.227500 0.227010 0.226520 0.226031 0.225541 0.225051 0.224561 0.224071 0.224629 0.224549 0.224469 0.224390 0.224310 0.224231 0.224151 0.224071 0.223500 0.223990 0.224480 0.224969 0.225459 0.225949 0.226439 0.226929 0.223500 0.223661 0.223822 0.223984 0.224145 0.224306 0.224467 0.224629 0.220729 0.221206 0.221684 0.222161 0.222639 0.223116 0.223594 0.224071 0.223500 0.224071 0.224643 0.225214 0.225786 0.226357 0.226929 0.227500 0.224071 0.224071 0.224071 0.224071 0.224071 0.224071 0.224071 0.224071 0.224071 0.223594 0.223116 0.222639 0.222161 0.221684 0.221206 0.220729 0.220729 0.220647 0.220565 0.220484 0.220402 0.220320 0.220239 0.220157 0.223500 0.223500 0.223500 0.223500 0.223500 0.223500 0.223500 0.223500 0.219600 0.219680 0.219759 0.219839 0.219918 0.219998 0.220078 0.220157 0.223500 0.222943 0.222386 0.221829 0.221271 0.220714 0.220157 0.219600 0.219600 0.219043 0.218486 0.217929 0.217371 0.216814 0.216257 0.215700 0.219600 0.219122 0.218645 0.218167 0.217690 0.217212 0.216735 0.216257 0.215700 0.215780 0.215859 0.215939 0.216018 0.216098 0.216178 0.216257 0.215700 0.215222 0.214745 0.214267 0.213790 0.213312 0.212835 0.212357 0.212357 0.212357 0.212357 0.212357 0.212357 0.212357 0.212357 0.212357 0.211800 0.212278 0.212755 0.213233 0.213710 0.214188 0.214665 0.215143
0.202200 0.203571 0.204943 0.206314 0.207686 0.209057 0.210429 0.211800 0.211800 0.211800 0.211800 0.211800 0.211800 0.211800 0.211800 0.211800 0.212914 0.212914 0.212914 0.212914 0.212914 0.212914 0.212914 0.212914 0.212914 0.213312 0.213710 0.214108 0.214506 0.214904 0.215302 0.215700 0.215700 0.215461 0.215222 0.214984 0.214745 0.214506 0.214267 0.214029 0.219600 0.219600 0.219600 0.219600 0.219600 0.219600 0.219600 0.219600 0.219600 0.219600 0.219600 0.219600 0.219600 0.219600 0.219600 0.219600 0.220714 0.220714 0.220714 0.220714 0.220714 0.220714 0.220714 0.220714 0.220714 0.221112 0.221510 0.221908 0.222306 0.222704 0.223102 0.223500 0.220714 0.221276 0.221837 0.222398 0.222959 0.223520 0.224082 0.224643 0.223500 0.223500 0.223500 0.223500 0.223500 0.223500 0.223500 0.223500 0.223500 0.223265 0.223031 0.222796 0.222561 0.222327 0.222092 0.221857 0.227500 0.226694 0.225888 0.225082 0.224276 0.223469 0.222663 0.221857 0.224643 0.224643 0.224643 0.224643 0.224643 0.224643 0.224643 0.224643 0.227500 0.227092 0.226684 0.226276 0.225867 0.225459 0.225051 0.224643 0.225757 0.225598 0.225439 0.225280 0.225120 0.224961 0.224802 0.224643 0.223500 0.223908 0.224316 0.224725 0.225133 0.225541 0.225949 0.226357 0.223500 0.223822 0.224145 0.224467 0.224790 0.225112 0.225435 0.225757 0.221857 0.222255 0.222653 0.223051 0.223449 0.223847 0.224245 0.224643 0.223500 0.224071 0.224643 0.225214 0.225786 0.226357 0.226929 0.227500 0.224643 0.224643 0.224643 0.224643 0.224643 0.224643 0.224643 0.224643 0.224643 0.224245 0.223847 0.223449 0.223051 0.222653 0.222255 0.221857 0.221857 0.221694 0.221531 0.221367 0.221204 0.221041 0.220878 0.220714 0.223500 0.223500 0.223500 0.223500 0.223500 0.223500 0.223500 0.223500 0.219600 0.219759 0.219918 0.220078 0.220237 0.220396 0.220555 0.220714 0.223500 0.222943 0.222386 0.221829 0.221271 0.220714 0.220157 0.219600 0.219600 0.219043 0.218486 0.217929 0.217371 0.216814 0.216257 0.215700 0.219600 0.219202 0.218804 0.218406 0.218008 0.217610 0.217212 0.216814 0.215700 0.215859 0.216018 0.216178 0.216337 0.216496 0.216655 0.216814 0.215700 0.215302 0.214904 0.214506 0.214108 0.213710 0.213312 0.212914 0.212914 0.212914 0.212914 0.212914 0.212914 0.212914 0.212914 0.212914 0.211800 0.212198 0.212596 0.212994 0.213392 0.213790 0.214188 0.214586
0.199400 0.201171 0.202943 0.204714 0.206486 0.208257 0.210029 0.211800 0.211800 0.211800 0.211800 0.211800 0.211800 0.211800 0.211800 0.211800 0.213471 0.213471 0.213471 0.213471 0.213471 0.213471 0.213471 0.213471 0.213471 0.213790 0.214108 0.214427 0.214745 0.215063 0.215382 0.215700 0.215700 0.215620 0.215541 0.215461 0.215382 0.215302 0.215222 0.215143 0.219600 0.219600 0.219600 0.219600 0.219600 0.219600 0.219600 0.219600 0.219600 0.219600 0.219600 0.219600 0.219600 0.219600 0.219600 0.219600 0.221271 0.221271 0.221271 0.221271 0.221271 0.221271 0.221271 0.221271 0.221271 0.221590 0.221908 0.222227 0.222545 0.222863 0.223182 0.223500 0.221271 0.221835 0.222398 0.222961 0.223525 0.224088 0.224651 0.225214 0.223500 0.223500 0.223500 0.223500 0.223500 0.223500 0.223500 0.223500 0.223500 0.223427 0.223353 0.223280 0.223206 0.223133 0.223059 0.222986 0.227500 0.226855 0.226210 0.225565 0.224920 0.224276 0.223631 0.222986 0.225214 0.225214 0.225214 0.225214 0.225214 0.225214 0.225214 0.225214 0.227500 0.227173 0.226847 0.226520 0.226194 0.225867 0.225541 0.225214 0.226886 0.226647 0.226408 0.226169 0.225931 0.225692 0.225453 0.225214 0.223500 0.223827 0.224153 0.224480 0.224806 0.225133 0.225459 0.225786 0.223500 0.223984 0.224467 0.224951 0.225435 0.225918 0.226402 0.226886 0.222986 0.223304 0.223622 0.223941 0.224259 0.224578 0.224896 0.225214 0.223500 0.224071 0.224643 0.225214 0.225786 0.226357 0.226929 0.227500 0.225214 0.225214 0.225214 0.225214 0.225214 0.225214 0.225214 0.225214 0.225214 0.224896 0.224578 0.224259 0.223941 0.223622 0.223304 0.222986 0.222986 0.222741 0.222496 0.222251 0.222006 0.221761 0.221516 0.221271 0.223500 0.223500 0.223500 0.223500 0.223500 0.223500 0.223500 0.223500 0.219600 0.219839 0.220078 0.220316 0.220555 0.220794 0.221033 0.221271 0.223500 0.222943 0.222386 0.221829 0.221271 0.220714 0.220157 0.219600 0.219600 0.219043 0.218486 0.217929 0.217371 0.216814 0.216257 0.215700 0.219600 0.219282 0.218963 0.218645 0.218327 0.218008 0.217690 0.217371 0.215700 0.215939 0.216178 0.216416 0.216655 0.216894 0.217133 0.217371 0.215700 0.215382 0.215063 0.214745 0.214427 0.214108 0.213790 0.213471 0.213471 0.213471 0.213471 0.213471 0.213471 0.213471 0.213471 0.213471 0.211800 0.212118 0.212437 0.212755 0.213073 0.213392 0.213710 0.214029
0.196600 0.198771 0.200943 0.203114 0.205286 0.207457 0.209629 0.211800 0.211800 0.211800 0.211800 0.211800 0.211800 0.211800 0.211800 0.211800 0.214029 0.214029 0.214029 0.214029 0.214029 0.214029 0.214029 0.214029 0.214029 0.214267 0.214506 0.214745 0.214984 0.215222 0.215461 0.215700 0.215700 0.215780 0.215859 0.215939 0.216018 0.216098 0.216178 0.216257 0.219600 0.219600 0.219600 0.219600 0.219600 0.219600 0.219600 0.219600 0.219600 0.219600 0.219600 0.219600 0.219600 0.219600 0.219600 0.219600 0.221829 0.221829 0.221829 0.221829 0.221829 0.221829 0.221829 0.221829 0.221829 0.222067 0.222306 0.222545 0.222784 0.223022 0.223261 0.223500 0.221829 0.222394 0.222959 0.223524 0.224090 0.224655 0.225220 0.225786 0.223500 0.223500 0.223500 0.223500 0.223500 0.223500 0.223500 0.223500 0.223500 0.223588 0.223676 0.223763 0.223851 0.223939 0.224027 0.224114 0.227500 0.227016 0.226533 0.226049 0.225565 0.225082 0.224598 0.224114 0.225786 0.225786 0.225786 0.225786 0.225786 0.225786 0.225786 0.225786 0.227500 0.227255 0.227010 0.226765 0.226520 0.226276 0.226031 0.225786 0.228014 0.227696 0.227378 0.227059 0.226741 0.226422 0.226104 0.225786 0.223500 0.223745 0.223990 0.224235 0.224480 0.224725 0.224969 0.225214 0.223500 0.224145 0.224790 0.225435 0.226080 0.226724 0.227369 0.228014 0.224114 0.224353 0.224592 0.224831 0.225069 0.225308 0.225547 0.225786 0.223500 0.224071 0.224643 0.225214 0.225786 0.226357 0.226929 0.227500 0.225786 0.225786 0.225786 0.225786 0.225786 0.225786 0.225786 0.225786 0.225786 0.225547 0.225308 0.225069 0.224831 0.224592 0.224353 0.224114 0.224114 0.223788 0.223461 0.223135 0.222808 0.222482 0.222155 0.221829 0.223500 0.223500 0.223500 0.223500 0.223500 0.223500 0.223500 0.223500 0.219600 0.219918 0.220237 0.220555 0.220873 0.221192 0.221510 0.221829 0.223500 0.222943 0.222386 0.221829 0.221271 0.220714 0.220157 0.219600 0.219600 0.219043 0.218486 0.217929 0.217371 0.216814 0.216257 0.215700 0.219600 0.219361 0.219122 0.218884 0.218645 0.218406 0.218167 0.217929 0.215700 0.216018 0.216337 0.216655 0.216973 0.217292 0.217610 0.217929 0.215700 0.215461 0.215222 0.214984 0.214745 0.214506 0.214267 0.214029 0.214029 0.214029 0.214029 0.214029 0.214029 0.214029 0.214029 0.214029 0.211800 0.212039 0.212278 0.212516 0.212755 0.212994 0.213233 0.213471
0.193800 0.196371 0.198943 0.201514 0.204086 0.206657 0.209229 0.211800 0.211800 0.211800 0.211800 0.211800 0.211800 0.211800 0.211800 0.211800 0.214586 0.214586 0.214586 0.214586 0.214586 0.214586 0.214586 0.214586 0.214586 0.214745 0.214904 0.215063 0.215222 0.215382 0.215541 0.215700 0.215700 0.215939 0.216178 0.216416 0.216655 0.216894 0.217133 0.217371 0.219600 0.219600 0.219600 0.219600 0.219600 0.219600 0.219600 0.219600 0.219600 0.219600 0.219600 0.219600 0.219600 0.219600 0.219600 0.219600 0.222386 0.222386 0.222386 0.222386 0.222386 0.222386 0.222386 0.222386 0.222386 0.222545 0.222704 0.222863 0.223022 0.223182 0.223341 0.223500 0.222386 0.222953 0.223520 0.224088 0.224655 0.225222 0.225790 0.226357 0.223500 0.223500 0.223500 0.223500 0.223500 0.223500 0.223500 0.223500 0.223500 0.223749 0.223998 0.224247 0.224496 0.224745 0.224994 0.225243 0.227500 0.227178 0.226855 0.226533 0.226210 0.225888 0.225565 0.225243 0.226357 0.226357 0.226357 0.226357 0.226357 0.226357 0.226357 0.226357 0.227500 0.227337 0.227173 0.227010 0.226847 0.226684 0.226520 0.226357 0.229143 0.228745 0.228347 0.227949 0.227551 0.227153 0.226755 0.226357 0.223500 0.223663 0.223827 0.223990 0.224153 0.224316 0.224480 0.224643 0.223500 0.224306 0.225112 0.225918 0.226724 0.227531 0.228337 0.229143 0.225243 0.225402 0.225561 0.225720 0.225880 0.226039 0.226198 0.226357 0.223500 0.224071 0.224643 0.225214 0.225786 0.226357 0.226929 0.227500 0.226357 0.226357 0.226357 0.226357 0.226357 0.226357 0.226357 0.226357 0.226357 0.226198 0.226039 0.225880 0.225720 0.225561 0.225402 0.225243 0.225243 0.224835 0.224427 0.224018 0.223610 0.223202 0.222794 0.222386 0.223500 0.223500 0.223500 0.223500 0.223500 0.223500 0.223500 0.223500 0.219600 0.219998 0.220396 0.220794 0.221192 0.221590 0.221988 0.222386 0.223500 0.222943 0.222386 0.221829 0.221271 0.220714 0.220157 0.219600 0.219600 0.219043 0.218486 0.217929 0.217371 0.216814 0.216257 0.215700 0.219600 0.219441 0.219282 0.219122 0.218963 0.218804 0.218645 0.218486 0.215700 0.216098 0.216496 0.216894 0.217292 0.217690 0.218088 0.218486 0.215700 0.215541 0.215382 0.215222 0.215063 0.214904 0.214745 0.214586 0.214586 0.214586 0.214586 0.214586 0.214586 0.214586 0.214586 0.214586 0.211800 0.211959 0.212118 0.212278 0.212437 0.212596 0.212755 0.212914
0.191000 0.193971 0.196943 0.199914 0.202886 0.205857 0.208829 0.211800 0.211800 0.211800 0.211800 0.211800 0.211800 0.211800 0.211800 0.211800 0.215143 0.215143 0.215143 0.215143 0.215143 0.215143 0.215143 0.215143 0.215143 0.215222 0.215302 0.215382 0.215461 0.215541 0.215620 0.215700 0.215700 0.216098 0.216496 0.216894 0.217292 0.217690 0.218088 0.218486 0.219600 0.219600 0.219600 0.219600 0.219600 0.219600 0.219600 0.219600 0.219600 0.219600 0.219600 0.219600 0.219600 0.219600 0.219600 0.219600 0.222943 0.222943 0.222943 0.222943 0.222943 0.222943 0.222943 0.222943 0.222943 0.223022 0.223102 0.223182 0.223261 0.223341 0.223420 0.223500 0.222943 0.223512 0.224082 0.224651 0.225220 0.225790 0.226359 0.226929 0.223500 0.223500 0.223500 0.223500 0.223500 0.223500 0.223500 0.223500 0.223500 0.223910 0.224320 0.224731 0.225141 0.225551 0.225961 0.226371 0.227500 0.227339 0.227178 0.227016 0.226855 0.226694 0.226533 0.226371 0.226929 0.226929 0.226929 0.226929 0.226929 0.226929 0.226929 0.226929 0.227500 0.227418 0.227337 0.227255 0.227173 0.227092 0.227010 0.226929 0.230271 0.229794 0.229316 0.228839 0.228361 0.227884 0.227406 0.226929 0.223500 0.223582 0.223663 0.223745 0.223827 0.223908 0.223990 0.224071 0.223500 0.224467 0.225435 0.226402 0.227369 0.228337 0.229304 0.230271 0.226371 0.226451 0.226531 0.226610 0.226690 0.226769 0.226849 0.226929 0.223500 0.224071 0.224643 0.225214 0.225786 0.226357 0.226929 0.227500 0.226929 0.226929 0.226929 0.226929 0.226929 0.226929 0.226929 0.226929 0.226929 0.226849 0.226769 0.226690 0.226610 0.226531 0.226451 0.226371 0.226371 0.225882 0.225392 0.224902 0.224412 0.223922 0.223433 0.222943 0.223500 0.223500 0.223500 0.223500 0.223500 0.223500 0.223500 0.223500 0.219600 0.220078 0.220555 0.221033 0.221510 0.221988 0.222465 0.222943 0.223500 0.222943 0.222386 0.221829 0.221271 0.220714 0.220157 0.219600 0.219600 0.219043 0.218486 0.217929 0.217371 0.216814 0.216257 0.215700 0.219600 0.219520 0.219441 0.219361 0.219282 0.219202 0.219122 0.219043 0.215700 0.216178 0.216655 0.217133 0.217610 0.218088 0.218565 0.219043 0.215700 0.215620 0.215541 0.215461 0.215382 0.215302 0.215222 0.215143 0.215143 0.215143 0.215143 0.215143 0.215143 0.215143 0.215143 0.215143 0.211800 0.211880 0.211959 0.212039 0.212118 0.212198 0.212278 0.212357
0.188200 0.191571 0.194943 0.198314 0.201686 0.205057 0.208429 0.211800 0.211800 0.211800 0.211800 0.211800 0.211800 0.211800 0.211800 0.211800 0.215700 0.215700 0.215700 0.215700 0.215700 0.215700 0.215700 0.215700 0.215700 0.215700 0.215700 0.215700 0.215700 0.215700 0.215700 0.215700 0.215700 0.216257 0.216814 0.217371 0.217929 0.218486 0.219043 0.219600 0.219600 0.219600 0.219600 0.219600 0.219600 0.219600 0.219600 0.219600 0.219600 0.219600 0.219600 0.219600 0.219600 0.219600 0.219600 0.219600 0.223500 0.223500 0.223500 0.223500 0.223500 0.223500 0.223500 0.223500 0.223500 0.223500 0.223500 0.223500 0.223500 0.223500 0.223500 0.223500 0.223500 0.224071 0.224643 0.225214 0.225786 0.226357 0.226929 0.227500 0.223500 0.223500 0.223500 0.223500 0.223500 0.223500 0.223500 0.223500 0.223500 0.224071 0.224643 0.225214 0.225786 0.226357 0.226929 0.227500 0.227500 0.227500 0.227500 0.227500 0.227500 0.227500 0.227500 0.227500 0.227500 0.227500 0.227500 0.227500 0.227500 0.227500 0.227500 0.227500 0.227500 0.227500 0.227500 0.227500 0.227500 0.227500 0.227500 0.227500 0.231400 0.230843 0.230286 0.229729 0.229171 0.228614 0.228057 0.227500 0.223500 0.223500 0.223500 0.223500 0.223500 0.223500 0.223500 0.223500 0.223500 0.224629 0.225757 0.226886 0.228014 0.229143 0.230271 0.231400 0.227500 0.227500 0.227500 0.227500 0.227500 0.227500 0.227500 0.227500 0.223500 0.224071 0.224643 0.225214 0.225786 0.226357 0.226929 0.227500 0.227500 0.227500 0.227500 0.227500 0.227500 0.227500 0.227500 0.227500 0.227500 0.227500 0.227500 0.227500 0.227500 0.227500 0.227500 0.227500 0.227500 0.226929 0.226357 0.225786 0.225214 0.224643 0.224071 0.223500 0.223500 0.223500 0.223500 0.223500 0.223500 0.223500 0.223500 0.223500 0.219600 0.220157 0.220714 0.221271 0.221829 0.222386 0.222943 0.223500 0.223500 0.222943 0.222386 0.221829 0.221271 0.220714 0.220157 0.219600 0.219600 0.219043 0.218486 0.217929 0.217371 0.216814 0.216257 0.215700 0.219600 0.219600 0.219600 0.219600 0.219600 0.219600 0.219600 0.219600 0.215700 0.216257 0.216814 0.217371 0.217929 0.218486 0.219043 0.219600 0.215700 0.215700 0.215700 0.215700 0.215700 0.215700 0.215700 0.215700 0.215700 0.215700 0.215700 0.215700 0.215700 0.215700 0.215700 0.215700 0.211800 0.211800 0.211800 0.211800 0.211800 0.211800 0.211800 0.211800
0.188200 0.188200 0.188200 0.188200 0.188200 0.188200 0.188200 0.188200 0.211800 0.211800 0.211800 0.211800 0.211800 0.211800 0.211800 0.211800 0.215700 0.215700 0.215700 0.215700 0.215700 0.215700 0.215700 0.215700 0.211800 0.212914 0.214029 0.215143 0.216257 0.217371 0.218486 0.219600 0.219600 0.219600 0.219600 0.219600 0.219600 0.219600 0.219600 0.219600 0.215700 0.216257 0.216814 0.217371 0.217929 0.218486 0.219043 0.219600 0.219600 0.220157 0.220714 0.221271 0.221829 0.222386 0.222943 0.223500 0.223500 0.223500 0.223500 0.223500 0.223500 0.223500 0.223500 0.223500 0.219600 0.220729 0.221857 0.222986 0.224114 0.225243 0.226371 0.227500 0.223500 0.224071 0.224643 0.225214 0.225786 0.226357 0.226929 0.227500 0.227500 0.227500 0.227500 0.227500 0.227500 0.227500 0.227500 0.227500 0.231400 0.231400 0.231400 0.231400 0.231400 0.231400 0.231400 0.231400 0.227500 0.228057 0.228614 0.229171 0.229729 0.230286 0.230843 0.231400 0.227500 0.228057 0.228614 0.229171 0.229729 0.230286 0.230843 0.231400 0.231400 0.231400 0.231400 0.231400 0.231400 0.231400 0.231400 0.231400 0.227500 0.228057 0.228614 0.229171 0.229729 0.230286 0.230843 0.231400 0.231400 0.231400 0.231400 0.231400 0.231400 0.231400 0.231400 0.231400 0.235300 0.234186 0.233071 0.231957 0.230843 0.229729 0.228614 0.227500 0.227500 0.228057 0.228614 0.229171 0.229729 0.230286 0.230843 0.231400 0.231400 0.230843 0.230286 0.229729 0.229171 0.228614 0.228057 0.227500 0.227500 0.227500 0.227500 0.227500 0.227500 0.227500 0.227500 0.227500 0.227500 0.226929 0.226357 0.225786 0.225214 0.224643 0.224071 0.223500 0.227500 0.226929 0.226357 0.225786 0.225214 0.224643 0.224071 0.223500 0.223500 0.224071 0.224643 0.225214 0.225786 0.226357 0.226929 0.227500 0.227500 0.226929 0.226357 0.225786 0.225214 0.224643 0.224071 0.223500 0.223500 0.223500 0.223500 0.223500 0.223500 0.223500 0.223500 0.223500 0.223500 0.222943 0.222386 0.221829 0.221271 0.220714 0.220157 0.219600 0.223500 0.222943 0.222386 0.221829 0.221271 0.220714 0.220157 0.219600 0.219600 0.219600 0.219600 0.219600 0.219600 0.219600 0.219600 0.219600 0.215700 0.215700 0.215700 0.215700 0.215700 0.215700 0.215700 0.215700 0.215700 0.215700 0.215700 0.215700 0.215700 0.215700 0.215700 0.215700 0.188200 0.188200 0.188200 0.188200 0.188200 0.188200 0.188200 0.188200
0.188771 0.188690 0.188608 0.188527 0.188445 0.188363 0.188282 0.188200 0.209000 0.208918 0.208837 0.208755 0.208673 0.208592 0.208510 0.208429 0.215700 0.215700 0.215700 0.215700 0.215700 0.215700 0.215700 0.215700 0.212914 0.213790 0.214665 0.215541 0.216416 0.217292 0.218167 0.219043 0.220157 0.220078 0.219998 0.219918 0.219839 0.219759 0.219680 0.219600 0.216814 0.217292 0.217769 0.218247 0.218724 0.219202 0.219680 0.220157 0.220157 0.220635 0.221112 0.221590 0.222067 0.222545 0.223022 0.223500 0.223500 0.223500 0.223500 0.223500 0.223500 0.223500 0.223500 0.223500 0.220729 0.221614 0.222500 0.223386 0.224271 0.225157 0.226043 0.226929 0.224071 0.224561 0.225051 0.225541 0.226031 0.226520 0.227010 0.227500 0.227500 0.227580 0.227659 0.227739 0.227818 0.227898 0.227978 0.228057 0.231400 0.231400 0.231400 0.231400 0.231400 0.231400 0.231400 0.231400 0.228057 0.228535 0.229012 0.229490 0.229967 0.230445 0.230922 0.231400 0.228614 0.229012 0.229410 0.229808 0.230206 0.230604 0.231002 0.231400 0.231957 0.231878 0.231798 0.231718 0.231639 0.231559 0.231480 0.231400 0.228057 0.228535 0.229012 0.229490 0.229967 0.230445 0.230922 0.231400 0.231400 0.231480 0.231559 0.231639 0.231718 0.231798 0.231878 0.231957 0.235300 0.234265 0.233231 0.232196 0.231161 0.230127 0.229092 0.228057 0.228057 0.228455 0.228853 0.229251 0.229649 0.230047 0.230445 0.230843 0.231957 0.231480 0.231002 0.230525 0.230047 0.229569 0.229092 0.228614 0.228057 0.227978 0.227898 0.227818 0.227739 0.227659 0.227580 0.227500 0.228057 0.227488 0.226918 0.226349 0.225780 0.225210 0.224641 0.224071 0.227500 0.227010 0.226520 0.226031 0.225541 0.225051 0.224561 0.224071 0.224071 0.224561 0.225051 0.225541 0.226031 0.226520 0.227010 0.227500 0.226929 0.226520 0.226112 0.225704 0.225296 0.224888 0.224480 0.224071 0.223500 0.223420 0.223341 0.223261 0.223182 0.223102 0.223022 0.222943 0.223500 0.222943 0.222386 0.221829 0.221271 0.220714 0.220157 0.219600 0.223500 0.222943 0.222386 0.221829 0.221271 0.220714 0.220157 0.219600 0.219600 0.219600 0.219600 0.219600 0.219600 0.219600 0.219600 0.219600 0.215700 0.215700 0.215700 0.215700 0.215700 0.215700 0.215700 0.215700 0.215700 0.215220 0.214741 0.214261 0.213782 0.213302 0.212822 0.212343 0.188200 0.188200 0.188200 0.188200 0.188200 0.188200 0.188200 0.188200
0.189343 0.189180 0.189016 0.188853 0.188690 0.188527 0.188363 0.188200 0.206200 0.206037 0.205873 0.205710 0.205547 0.205384 0.205220 0.205057 0.215700 0.215700 0.215700 0.215700 0.215700 0.215700 0.215700 0.215700 0.214029 0.214665 0.215302 0.215939 0.216576 0.217212 0.217849 0.218486 0.220714 0.220555 0.220396 0.220237 0.220078 0.219918 0.219759 0.219600 0.217929 0.218327 0.218725 0.219122 0.219520 0.219918 0.220316 0.220714 0.220714 0.221112 0.221510 0.221908 0.222306 0.222704 0.223102 0.223500 0.223500 0.223500 0.223500 0.223500 0.223500 0.223500 0.223500 0.223500 0.221857 0.222500 0.223143 0.223786 0.224429 0.225071 0.225714 0.226357 0.224643 0.225051 0.225459 0.225867 0.226276 0.226684 0.227092 0.227500 0.227500 0.227659 0.227818 0.227978 0.228137 0.228296 0.228455 0.228614 0.231400 0.231400 0.231400 0.231400 0.231400 0.231400 0.231400 0.231400 0.228614 0.229012 0.229410 0.229808 0.230206 0.230604 0.231002 0.231400 0.229729 0.229967 0.230206 0.230445 0.230684 0.230922 0.231161 0.231400 0.232514 0.232355 0.232196 0.232037 0.231878 0.231718 0.231559 0.231400 0.228614 0.229012 0.229410 0.229808 0.230206 0.230604 0.231002 0.231400 0.231400 0.231559 0.231718 0.231878 0.232037 0.232196 0.232355 0.232514 0.235300 0.234345 0.233390 0.232435 0.231480 0.230524 0.229569 0.228614 0.228614 0.228853 0.229092 0.229331 0.229569 0.229808 0.230047 0.230286 0.232514 0.232116 0.231718 0.231320 0.230922 0.230525 0.230127 0.229729 0.228614 0.228455 0.228296 0.228137 0.227978 0.227818 0.227659 0.227500 0.228614 0.228047 0.227480 0.226912 0.226345 0.225778 0.225210 0.224643 0.227500 0.227092 0.226684 0.226276 0.225867 0.225459 0.225051 0.224643 0.224643 0.225051 0.225459 0.225867 0.226276 0.226684 0.227092 0.227500 0.226357 0.226112 0.225867 0.225622 0.225378 0.225133 0.224888 0.224643 0.223500 0.223341 0.223182 0.223022 0.222863 0.222704 0.222545 0.222386 0.223500 0.222943 0.222386 0.221829 0.221271 0.220714 0.220157 0.219600 0.223500 0.222943 0.222386 0.221829 0.221271 0.220714 0.220157 0.219600 0.219600 0.219600 0.219600 0.219600 0.219600 0.219600 0.219600 0.219600 0.215700 0.215700 0.215700 0.215700 0.215700 0.215700 0.215700 0.215700 0.215700 0.214741 0.213782 0.212822 0.211863 0.210904 0.209945 0.208986 0.188200 0.188200 0.188200 0.188200 0.188200 0.188200 0.188200 0.188200
0.189914 0.189669 0.189424 0.189180 0.188935 0.188690 0.188445 0.188200 0.203400 0.203155 0.202910 0.202665 0.202420 0.202175 0.201931 0.201686 0.215700 0.215700 0.215700 0.215700 0.215700 0.215700 0.215700 0.215700 0.215143 0.215541 0.215939 0.216337 0.216735 0.217133 0.217531 0.217929 0.221271 0.221033 0.220794 0.220555 0.220316 0.220078 0.219839 0.219600 0.219043 0.219361 0.219680 0.219998 0.220316 0.220635 0.220953 0.221271 0.221271 0.221590 0.221908 0.222227 0.222545 0.222863 0.223182 0.223500 0.223500 0.223500 0.223500 0.223500 0.223500 0.223500 0.223500 0.223500 0.222986 0.223386 0.223786 0.224186 0.224586 0.224986 0.225386 0.225786 0.225214 0.225541 0.225867 0.226194 0.226520 0.226847 0.227173 0.227500 0.227500 0.227739 0.227978 0.228216 0.228455 0.228694 0.228933 0.229171 0.231400 0.231400 0.231400 0.231400 0.231400 0.231400 0.231400 0.231400 0.229171 0.229490 0.229808 0.230127 0.230445 0.230763 0.231082 0.231400 0.230843 0.230922 0.231002 0.231082 0.231161 0.231241 0.231320 0.231400 0.233071 0.232833 0.232594 0.232355 0.232116 0.231878 0.231639 0.231400 0.229171 0.229490 0.229808 0.230127 0.230445 0.230763 0.231082 0.231400 0.231400 0.231639 0.231878 0.232116 0.232355 0.232594 0.232833 0.233071 0.235300 0.234425 0.233549 0.232673 0.231798 0.230922 0.230047 0.229171 0.229171 0.229251 0.229331 0.229410 0.229490 0.229569 0.229649 0.229729 0.233071 0.232753 0.232435 0.232116 0.231798 0.231480 0.231161 0.230843 0.229171 0.228933 0.228694 0.228455 0.228216 0.227978 0.227739 0.227500 0.229171 0.228606 0.228041 0.227476 0.226910 0.226345 0.225780 0.225214 0.227500 0.227173 0.226847 0.226520 0.226194 0.225867 0.225541 0.225214 0.225214 0.225541 0.225867 0.226194 0.226520 0.226847 0.227173 0.227500 0.225786 0.225704 0.225622 0.225541 0.225459 0.225378 0.225296 0.225214 0.223500 0.223261 0.223022 0.222784 0.222545 0.222306 0.222067 0.221829 0.223500 0.222943 0.222386 0.221829 0.221271 0.220714 0.220157 0.219600 0.223500 0.222943 0.222386 0.221829 0.221271 0.220714 0.220157 0.219600 0.219600 0.219600 0.219600 0.219600 0.219600 0.219600 0.219600 0.219600 0.215700 0.215700 0.215700 0.215700 0.215700 0.215700 0.215700 0.215700 0.215700 0.214261 0.212822 0.211384 0.209945 0.208506 0.207067 0.205629 0.188200 0.188200 0.188200 0.188200 0.188200 0.188200 0.188200 0.188200
0.190486 0.190159 0.189833 0.189506 0.189180 0.188853 0.188527 0.188200 0.200600 0.200273 0.199947 0.199620 0.199294 0.198967 0.198641 0.198314 0.215700 0.215700 0.215700 0.215700 0.215700 0.215700 0.215700 0.215700 0.216257 0.216416 0.216576 0.216735 0.216894 0.217053 0.217212 0.217371 0.221829 0.221510 0.221192 0.220873 0.220555 0.220237 0.219918 0.219600 0.220157 0.220396 0.220635 0.220873 0.221112 0.221351 0.221590 0.221829 0.221829 0.222067 0.222306 0.222545 0.222784 0.223022 0.223261 0.223500 0.223500 0.223500 0.223500 0.223500 0.223500 0.223500 0.223500 0.223500 0.224114 0.224271 0.224429 0.224586 0.224743 0.224900 0.225057 0.225214 0.225786 0.226031 0.226276 0.226520 0.226765 0.227010 0.227255 0.227500 0.227500 0.227818 0.228137 0.228455 0.228773 0.229092 0.229410 0.229729 0.231400 0.231400 0.231400 0.231400 0.231400 0.231400 0.231400 0.231400 0.229729 0.229967 0.230206 0.230445 0.230684 0.230922 0.231161 0.231400 0.231957 0.231878 0.231798 0.231718 0.231639 0.231559 0.231480 0.231400 0.233629 0.233310 0.232992 0.232673 0.232355 0.232037 0.231718 0.231400 0.229729 0.229967 0.230206 0.230445 0.230684 0.230922 0.231161 0.231400 0.231400 0.231718 0.232037 0.232355 0.232673 0.232992 0.233310 0.233629 0.235300 0.234504 0.233708 0.232912 0.232116 0.231320 0.230524 0.229729 0.229729 0.229649 0.229569 0.229490 0.229410 0.229331 0.229251 0.229171 0.233629 0.233390 0.233151 0.232912 0.232673 0.232435 0.232196 0.231957 0.229729 0.229410 0.229092 0.228773 0.228455 0.228137 0.227818 0.227500 0.229729 0.229165 0.228602 0.228039 0.227475 0.226912 0.226349 0.225786 0.227500 0.227255 0.227010 0.226765 0.226520 0.226276 0.226031 0.225786 0.225786 0.226031 0.226276 0.226520 0.226765 0.227010 0.227255 0.227500 0.225214 0.225296 0.225378 0.225459 0.225541 0.225622 0.225704 0.225786 0.223500 0.223182 0.222863 0.222545 0.222227 0.221908 0.221590 0.221271 0.223500 0.222943 0.222386 0.221829 0.221271 0.220714 0.220157 0.219600 0.223500 0.222943 0.222386 0.221829 0.221271 0.220714 0.220157 0.219600 0.219600 0.219600 0.219600 0.219600 0.219600 0.219600 0.219600 0.219600 0.215700 0.215700 0.215700 0.215700 0.215700 0.215700 0.215700 0.215700 0.215700 0.213782 0.211863 0.209945 0.208027 0.206108 0.204190 0.202271 0.188200 0.188200 0.188200 0.188200 0.188200 0.188200 0.188200 0.188200
0.191057 0.190649 0.190241 0.189833 0.189424 0.189016 0.188608 0.188200 0.197800 0.197392 0.196984 0.196576 0.196167 0.195759 0.195351 0.194943 0.215700 0.215700 0.215700 0.215700 0.215700 0.215700 0.215700 0.215700 0.217371 0.217292 0.217212 0.217133 0.217053 0.216973 0.216894 0.216814 0.222386 0.221988 0.221590 0.221192 0.220794 0.220396 0.219998 0.219600 0.221271 0.221431 0.221590 0.221749 0.221908 0.222067 0.222227 0.222386 0.222386 0.222545 0.222704 0.222863 0.223022 0.223182 0.223341 0.223500 0.223500 0.223500 0.223500 0.223500 0.223500 0.223500 0.223500 0.223500 0.225243 0.225157 0.225071 0.224986 0.224900 0.224814 0.224729 0.224643 0.226357 0.226520 0.226684 0.226847 0.227010 0.227173 0.227337 0.227500 0.227500 0.227898 0.228296 0.228694 0.229092 0.229490 0.229888 0.230286 0.231400 0.231400 0.231400 0.231400 0.231400 0.231400 0.231400 0.231400 0.230286 0.230445 0.230604 0.230763 0.230922 0.231082 0.231241 0.231400 0.233071 0.232833 0.232594 0.232355 0.232116 0.231878 0.231639 0.231400 0.234186 0.233788 0.233390 0.232992 0.232594 0.232196 0.231798 0.231400 0.230286 0.230445 0.230604 0.230763 0.230922 0.231082 0.231241 0.231400 0.231400 0.231798 0.232196 0.232594 0.232992 0.233390 0.233788 0.234186 0.235300 0.234584 0.233867 0.233151 0.232435 0.231718 0.231002 0.230286 0.230286 0.230047 0.229808 0.229569 0.229331 0.229092 0.228853 0.228614 0.234186 0.234027 0.233867 0.233708 0.233549 0.233390 0.233231 0.233071 0.230286 0.229888 0.229490 0.229092 0.228694 0.228296 0.227898 0.227500 0.230286 0.229724 0.229163 0.228602 0.228041 0.227480 0.226918 0.226357 0.227500 0.227337 0.227173 0.227010 0.226847 0.226684 0.226520 0.226357 0.226357 0.226520 0.226684 0.226847 0.227010 0.227173 0.227337 0.227500 0.224643 0.224888 0.225133 0.225378 0.225622 0.225867 0.226112 0.226357 0.223500 0.223102 0.222704 0.222306 0.221908 0.221510 0.221112 0.220714 0.223500 0.222943 0.222386 0.221829 0.221271 0.220714 0.220157 0.219600 0.223500 0.222943 0.222386 0.221829 0.221271 0.220714 0.220157 0.219600 0.219600 0.219600 0.219600 0.219600 0.219600 0.219600 0.219600 0.219600 0.215700 0.215700 0.215700 0.215700 0.215700 0.215700 0.215700 0.215700 0.215700 0.213302 0.210904 0.208506 0.206108 0.203710 0.201312 0.198914 0.188200 0.188200 0.188200 0.188200 0.188200 0.188200 0.188200 0.188200
0.191629 0.191139 0.190649 0.190159 0.189669 0.189180 0.188690 0.188200 0.195000 0.194510 0.194020 0.193531 0.193041 0.192551 0.192061 0.191571 0.215700 0.215700 0.215700 0.215700 0.215700 0.215700 0.215700 0.215700 0.218486 0.218167 0.217849 0.217531 0.217212 0.216894 0.216576 0.216257 0.222943 0.222465 0.221988 0.221510 0.221033 0.220555 0.220078 0.219600 0.222386 0.222465 0.222545 0.222624 0.222704 0.222784 0.222863 0.222943 0.222943 0.223022 0.223102 0.223182 0.223261 0.223341 0.223420 0.223500 0.223500 0.223500 0.223500 0.223500 0.223500 0.223500 0.223500 0.223500 0.226371 0.226043 0.225714 0.225386 0.225057 0.224729 0.224400 0.224071 0.226929 0.227010 0.227092 0.227173 0.227255 0.227337 0.227418 0.227500 0.227500 0.227978 0.228455 0.228933 0.229410 0.229888 0.230365 0.230843 0.231400 0.231400 0.231400 0.231400 0.231400 0.231400 0.231400 0.231400 0.230843 0.230922 0.231002 0.231082 0.231161 0.231241 0.231320 0.231400 0.234186 0.233788 0.233390 0.232992 0.232594 0.232196 0.231798 0.231400 0.234743 0.234265 0.233788 0.233310 0.232833 0.232355 0.231878 0.231400 0.230843 0.230922 0.231002 0.231082 0.231161 0.231241 0.231320 0.231400 0.231400 0.231878 0.232355 0.232833 0.233310 0.233788 0.234265 0.234743 0.235300 0.234663 0.234027 0.233390 0.232753 0.232116 0.231480 0.230843 0.230843 0.230445 0.230047 0.229649 0.229251 0.228853 0.228455 0.228057 0.234743 0.234663 0.234584 0.234504 0.234425 0.234345 0.234265 0.234186 0.230843 0.230365 0.229888 0.229410 0.228933 0.228455 0.227978 0.227500 0.230843 0.230284 0.229725 0.229165 0.228606 0.228047 0.227488 0.226929 0.227500 0.227418 0.227337 0.227255 0.227173 0.227092 0.227010 0.226929 0.226929 0.227010 0.227092 0.227173 0.227255 0.227337 0.227418 0.227500 0.224071 0.224480 0.224888 0.225296 0.225704 0.226112 0.226520 0.226929 0.223500 0.223022 0.222545 0.222067 0.221590 0.221112 0.220635 0.220157 0.223500 0.222943 0.222386 0.221829 0.221271 0.220714 0.220157 0.219600 0.223500 0.222943 0.222386 0.221829 0.221271 0.220714 0.220157 0.219600 0.219600 0.219600 0.219600 0.219600 0.219600 0.219600 0.219600 0.219600 0.215700 0.215700 0.215700 0.215700 0.215700 0.215700 0.215700 0.215700 0.215700 0.212822 0.209945 0.207067 0.204190 0.201312 0.198435 0.195557 0.188200 0.188200 0.188200 0.188200 0.188200 0.188200 0.188200 0.188200
0.192200 0.191629 0.191057 0.190486 0.189914 0.189343 0.188771 0.188200 0.192200 0.191629 0.191057 0.190486 0.189914 0.189343 0.188771 0.188200 0.215700 0.215700 0.215700 0.215700 0.215700 0.215700 0.215700 0.215700 0.219600 0.219043 0.218486 0.217929 0.217371 0.216814 0.216257 0.215700 0.223500 0.222943 0.222386 0.221829 0.221271 0.220714 0.220157 0.219600 0.223500 0.223500 0.223500 0.223500 0.223500 0.223500 0.223500 0.223500 0.223500 0.223500 0.223500 0.223500 0.223500 0.223500 0.223500 0.223500 0.223500 0.223500 0.223500 0.223500 0.223500 0.223500 0.223500 0.223500 0.227500 0.226929 0.226357 0.225786 0.225214 0.224643 0.224071 0.223500 0.227500 0.227500 0.227500 0.227500 0.227500 0.227500 0.227500 0.227500 0.227500 0.228057 0.228614 0.229171 0.229729 0.230286 0.230843 0.231400 0.231400 0.231400 0.231400 0.231400 0.231400 0.231400 0.231400 0.231400 0.231400 0.231400 0.231400 0.231400 0.231400 0.231400 0.231400 0.231400 0.235300 0.234743 0.234186 0.233629 0.233071 0.232514 0.231957 0.231400 0.235300 0.234743 0.234186 0.233629 0.233071 0.232514 0.231957 0.231400 0.231400 0.231400 0.231400 0.231400 0.231400 0.231400 0.231400 0.231400 0.231400 0.231957 0.232514 0.233071 0.233629 0.234186 0.234743 0.235300 0.235300 0.234743 0.234186 0.233629 0.233071 0.232514 0.231957 0.231400 0.231400 0.230843 0.230286 0.229729 0.229171 0.228614 0.228057 0.227500 0.235300 0.235300 0.235300 0.235300 0.235300 0.235300 0.235300 0.235300 0.231400 0.230843 0.230286 0.229729 0.229171 0.228614 0.228057 0.227500 0.231400 0.230843 0.230286 0.229729 0.229171 0.228614 0.228057 0.227500 0.227500 0.227500 0.227500 0.227500 0.227500 0.227500 0.227500 0.227500 0.227500 0.227500 0.227500 0.227500 0.227500 0.227500 0.227500 0.227500 0.223500 0.224071 0.224643 0.225214 0.225786 0.226357 0.226929 0.227500 0.223500 0.222943 0.222386 0.221829 0.221271 0.220714 0.220157 0.219600 0.223500 0.222943 0.222386 0.221829 0.221271 0.220714 0.220157 0.219600 0.223500 0.222943 0.222386 0.221829 0.221271 0.220714 0.220157 0.219600 0.219600 0.219600 0.219600 0.219600 0.219600 0.219600 0.219600 0.219600 0.215700 0.215700 0.215700 0.215700 0.215700 0.215700 0.215700 0.215700 0.215700 0.212343 0.208986 0.205629 0.202271 0.198914 0.195557 0.192200 0.188200 0.188200 0.188200 0.188200 0.188200 0.188200 0.188200 0.188200
0.188200 0.188200 0.188200 0.188200 0.188200 0.188200 0.188200 0.188200 0.188200 0.188200 0.188200 0.188200 0.188200 0.188200 0.188200 0.188200 0.188200 0.192686 0.197171 0.201657 0.206143 0.210629 0.215114 0.219600 0.223500 0.222943 0.222386 0.221829 0.221271 0.220714 0.220157 0.219600 0.219600 0.220157 0.220714 0.221271 0.221829 0.222386 0.222943 0.223500 0.223500 0.223500 0.223500 0.223500 0.223500 0.223500 0.223500 0.223500 0.227500 0.227500 0.227500 0.227500 0.227500 0.227500 0.227500 0.227500 0.227500 0.227500 0.227500 0.227500 0.227500 0.227500 0.227500 0.227500 0.227500 0.227500 0.227500 0.227500 0.227500 0.227500 0.227500 0.227500 0.231400 0.231957 0.232514 0.233071 0.233629 0.234186 0.234743 0.235300 0.231400 0.231400 0.231400 0.231400 0.231400 0.231400 0.231400 0.231400 0.231400 0.231957 0.232514 0.233071 0.233629 0.234186 0.234743 0.235300 0.235300 0.235300 0.235300 0.235300 0.235300 0.235300 0.235300 0.235300 0.231400 0.231957 0.232514 0.233071 0.233629 0.234186 0.234743 0.235300 0.239200 0.238086 0.236971 0.235857 0.234743 0.233629 0.232514 0.231400 0.231400 0.231957 0.232514 0.233071 0.233629 0.234186 0.234743 0.235300 0.235300 0.235857 0.236414 0.236971 0.237529 0.238086 0.238643 0.239200 0.235300 0.235300 0.235300 0.235300 0.235300 0.235300 0.235300 0.235300 0.235300 0.235300 0.235300 0.235300 0.235300 0.235300 0.235300 0.235300 0.235300 0.235300 0.235300 0.235300 0.235300 0.235300 0.235300 0.235300 0.235300 0.235300 0.235300 0.235300 0.235300 0.235300 0.235300 0.235300 0.231400 0.231400 0.231400 0.231400 0.231400 0.231400 0.231400 0.231400 0.235300 0.234186 0.233071 0.231957 0.230843 0.229729 0.228614 0.227500 0.227500 0.228057 0.228614 0.229171 0.229729 0.230286 0.230843 0.231400 0.227500 0.227500 0.227500 0.227500 0.227500 0.227500 0.227500 0.227500 0.227500 0.227500 0.227500 0.227500 0.227500 0.227500 0.227500 0.227500 0.227500 0.226929 0.226357 0.225786 0.225214 0.224643 0.224071 0.223500 0.223500 0.222943 0.222386 0.221829 0.221271 0.220714 0.220157 0.219600 0.219600 0.219600 0.219600 0.219600 0.219600 0.219600 0.219600 0.219600 0.219600 0.219043 0.218486 0.217929 0.217371 0.216814 0.216257 0.215700 0.192200 0.192200 0.192200 0.192200 0.192200 0.192200 0.192200 0.192200 0.188200 0.188200 0.188200 0.188200 0.188200 0.188200 0.188200 0.188200
0.188200 0.188200 0.188200 0.188200 0.188200 0.188200 0.188200 0.188200 0.188200 0.188200 0.188200 0.188200 0.188200 0.188200 0.188200 0.188200 0.188771 0.192616 0.196461 0.200306 0.204151 0.207996 0.211841 0.215686 0.222943 0.222465 0.221988 0.221510 0.221033 0.220555 0.220078 0.219600 0.220157 0.220635 0.221112 0.221590 0.222067 0.222545 0.223022 0.223500 0.224071 0.224071 0.224071 0.224071 0.224071 0.224071 0.224071 0.224071 0.226929 0.227090 0.227251 0.227412 0.227573 0.227735 0.227896 0.228057 0.227500 0.227500 0.227500 0.227500 0.227500 0.227500 0.227500 0.227500 0.228057 0.228057 0.228057 0.228057 0.228057 0.228057 0.228057 0.228057 0.231400 0.231957 0.232514 0.233071 0.233629 0.234186 0.234743 0.235300 0.231957 0.231957 0.231957 0.231957 0.231957 0.231957 0.231957 0.231957 0.232514 0.232992 0.233469 0.233947 0.234425 0.234902 0.235380 0.235857 0.235300 0.235380 0.235459 0.235539 0.235618 0.235698 0.235778 0.235857 0.233071 0.233469 0.233867 0.234265 0.234663 0.235061 0.235459 0.235857 0.239200 0.238245 0.237290 0.236335 0.235380 0.234425 0.233469 0.232514 0.232514 0.233071 0.233629 0.234186 0.234743 0.235300 0.235857 0.236414 0.235857 0.236255 0.236653 0.237051 0.237449 0.237847 0.238245 0.238643 0.235857 0.235778 0.235698 0.235618 0.235539 0.235459 0.235380 0.235300 0.235300 0.235380 0.235459 0.235539 0.235618 0.235698 0.235778 0.235857 0.235857 0.235778 0.235698 0.235618 0.235539 0.235459 0.235380 0.235300 0.235857 0.235778 0.235698 0.235618 0.235539 0.235459 0.235380 0.235300 0.231957 0.231957 0.231957 0.231957 0.231957 0.231957 0.231957 0.231957 0.235300 0.234265 0.233231 0.232196 0.231161 0.230127 0.229092 0.228057 0.228614 0.229012 0.229410 0.229808 0.230206 0.230604 0.231002 0.231400 0.227500 0.227580 0.227659 0.227739 0.227818 0.227898 0.227978 0.228057 0.228057 0.227978 0.227898 0.227818 0.227739 0.227659 0.227580 0.227500 0.226929 0.226439 0.225949 0.225459 0.224969 0.224480 0.223990 0.223500 0.223500 0.223022 0.222545 0.222067 0.221590 0.221112 0.220635 0.220157 0.220157 0.220078 0.219998 0.219918 0.219839 0.219759 0.219680 0.219600 0.219600 0.218563 0.217527 0.216490 0.215453 0.214416 0.213380 0.212343 0.192200 0.192200 0.192200 0.192200 0.192200 0.192200 0.192200 0.192200 0.188771 0.188771 0.188771 0.188771 0.188771 0.188771 0.188771 0.188771
0.188200 0.188200 0.188200 0.188200 0.188200 0.188200 0.188200 0.188200 0.188200 0.188200 0.188200 0.188200 0.188200 0.188200 0.188200 0.188200 0.189343 0.192547 0.195751 0.198955 0.202159 0.205363 0.208567 0.211771 0.222386 0.221988 0.221590 0.221192 0.220794 0.220396 0.219998 0.219600 0.220714 0.221112 0.221510 0.221908 0.222306 0.222704 0.223102 0.223500 0.224643 0.224643 0.224643 0.224643 0.224643 0.224643 0.224643 0.224643 0.226357 0.226680 0.227002 0.227325 0.227647 0.227969 0.228292 0.228614 0.227500 0.227500 0.227500 0.227500 0.227500 0.227500 0.227500 0.227500 0.228614 0.228614 0.228614 0.228614 0.228614 0.228614 0.228614 0.228614 0.231400 0.231957 0.232514 0.233071 0.233629 0.234186 0.234743 0.235300 0.232514 0.232514 0.232514 0.232514 0.232514 0.232514 0.232514 0.232514 0.233629 0.234027 0.234425 0.234822 0.235220 0.235618 0.236016 0.236414 0.235300 0.235459 0.235618 0.235778 0.235937 0.236096 0.236255 0.236414 0.234743 0.234982 0.235220 0.235459 0.235698 0.235937 0.236176 0.236414 0.239200 0.238404 0.237608 0.236812 0.236016 0.235220 0.234425 0.233629 0.233629 0.234186 0.234743 0.235300 0.235857 0.236414 0.236971 0.237529 0.236414 0.236653 0.236892 0.237131 0.237369 0.237608 0.237847 0.238086 0.236414 0.236255 0.236096 0.235937 0.235778 0.235618 0.235459 0.235300 0.235300 0.235459 0.235618 0.235778 0.235937 0.236096 0.236255 0.236414 0.236414 0.236255 0.236096 0.235937 0.235778 0.235618 0.235459 0.235300 0.236414 0.236255 0.236096 0.235937 0.235778 0.235618 0.235459 0.235300 0.232514 0.232514 0.232514 0.232514 0.232514 0.232514 0.232514 0.232514 0.235300 0.234345 0.233390 0.232435 0.231480 0.230524 0.229569 0.228614 0.229729 0.229967 0.230206 0.230445 0.230684 0.230922 0.231161 0.231400 0.227500 0.227659 0.227818 0.227978 0.228137 0.228296 0.228455 0.228614 0.228614 0.228455 0.228296 0.228137 0.227978 0.227818 0.227659 0.227500 0.226357 0.225949 0.225541 0.225133 0.224725 0.224316 0.223908 0.223500 0.223500 0.223102 0.222704 0.222306 0.221908 0.221510 0.221112 0.220714 0.220714 0.220555 0.220396 0.220237 0.220078 0.219918 0.219759 0.219600 0.219600 0.218084 0.216567 0.215051 0.213535 0.212018 0.210502 0.208986 0.192200 0.192200 0.192200 0.192200 0.192200 0.192200 0.192200 0.192200 0.189343 0.189343 0.189343 0.189343 0.189343 0.189343 0.189343 0.189343
0.188200 0.188200 0.188200 0.188200 0.188200 0.188200 0.188200 0.188200 0.188200 0.188200 0.188200 0.188200 0.188200 0.188200 0.188200 0.188200 0.189914 0.192478 0.195041 0.197604 0.200167 0.202731 0.205294 0.207857 0.221829 0.221510 0.221192 0.220873 0.220555 0.220237 0.219918 0.219600 0.221271 0.221590 0.221908 0.222227 0.222545 0.222863 0.223182 0.223500 0.225214 0.225214 0.225214 0.225214 0.225214 0.225214 0.225214 0.225214 0.225786 0.226269 0.226753 0.227237 0.227720 0.228204 0.228688 0.229171 0.227500 0.227500 0.227500 0.227500 0.227500 0.227500 0.227500 0.227500 0.229171 0.229171 0.229171 0.229171 0.229171 0.229171 0.229171 0.229171 0.231400 0.231957 0.232514 0.233071 0.233629 0.234186 0.234743 0.235300 0.233071 0.233071 0.233071 0.233071 0.233071 0.233071 0.233071 0.233071 0.234743 0.235061 0.235380 0.235698 0.236016 0.236335 0.236653 0.236971 0.235300 0.235539 0.235778 0.236016 0.236255 0.236494 0.236733 0.236971 0.236414 0.236494 0.236573 0.236653 0.236733 0.236812 0.236892 0.236971 0.239200 0.238563 0.237927 0.237290 0.236653 0.236016 0.235380 0.234743 0.234743 0.235300 0.235857 0.236414 0.236971 0.237529 0.238086 0.238643 0.236971 0.237051 0.237131 0.237210 0.237290 0.237369 0.237449 0.237529 0.236971 0.236733 0.236494 0.236255 0.236016 0.235778 0.235539 0.235300 0.235300 0.235539 0.235778 0.236016 0.236255 0.236494 0.236733 0.236971 0.236971 0.236733 0.236494 0.236255 0.236016 0.235778 0.235539 0.235300 0.236971 0.236733 0.236494 0.236255 0.236016 0.235778 0.235539 0.235300 0.233071 0.233071 0.233071 0.233071 0.233071 0.233071 0.233071 0.233071 0.235300 0.234425 0.233549 0.232673 0.231798 0.230922 0.230047 0.229171 0.230843 0.230922 0.231002 0.231082 0.231161 0.231241 0.231320 0.231400 0.227500 0.227739 0.227978 0.228216 0.228455 0.228694 0.228933 0.229171 0.229171 0.228933 0.228694 0.228455 0.228216 0.227978 0.227739 0.227500 0.225786 0.225459 0.225133 0.224806 0.224480 0.224153 0.223827 0.223500 0.223500 0.223182 0.222863 0.222545 0.222227 0.221908 0.221590 0.221271 0.221271 0.221033 0.220794 0.220555 0.220316 0.220078 0.219839 0.219600 0.219600 0.217604 0.215608 0.213612 0.211616 0.209620 0.207624 0.205629 0.192200 0.192200 0.192200 0.192200 0.192200 0.192200 0.192200 0.192200 0.189914 0.189914 0.189914 0.189914 0.189914 0.189914 0.189914 0.189914
0.188200 0.188200 0.188200 0.188200 0.188200 0.188200 0.188200 0.188200 0.188200 0.188200 0.188200 0.188200 0.188200 0.188200 0.188200 0.188200 0.190486 0.192408 0.194331 0.196253 0.198176 0.200098 0.202020 0.203943 0.221271 0.221033 0.220794 0.220555 0.220316 0.220078 0.219839 0.219600 0.221829 0.222067 0.222306 0.222545 0.222784 0.223022 0.223261 0.223500 0.225786 0.225786 0.225786 0.225786 0.225786 0.225786 0.225786 0.225786 0.225214 0.225859 0.226504 0.227149 0.227794 0.228439 0.229084 0.229729 0.227500 0.227500 0.227500 0.227500 0.227500 0.227500 0.227500 0.227500 0.229729 0.229729 0.229729 0.229729 0.229729 0.229729 0.229729 0.229729 0.231400 0.231957 0.232514 0.233071 0.233629 0.234186 0.234743 0.235300 0.233629 0.233629 0.233629 0.233629 0.233629 0.233629 0.233629 0.233629 0.235857 0.236096 0.236335 0.236573 0.236812 0.237051 0.237290 0.237529 0.235300 0.235618 0.235937 0.236255 0.236573 0.236892 0.237210 0.237529 0.238086 0.238006 0.237927 0.237847 0.237767 0.237688 0.237608 0.237529 0.239200 0.238722 0.238245 0.237767 0.237290 0.236812 0.236335 0.235857 0.235857 0.236414 0.236971 0.237529 0.238086 0.238643 0.239200 0.239757 0.237529 0.237449 0.237369 0.237290 0.237210 0.237131 0.237051 0.236971 0.237529 0.237210 0.236892 0.236573 0.236255 0.235937 0.235618 0.235300 0.235300 0.235618 0.235937 0.236255 0.236573 0.236892 0.237210 0.237529 0.237529 0.237210 0.236892 0.236573 0.236255 0.235937 0.235618 0.235300 0.237529 0.237210 0.236892 0.236573 0.236255 0.235937 0.235618 0.235300 0.233629 0.233629 0.233629 0.233629 0.233629 0.233629 0.233629 0.233629 0.235300 0.234504 0.233708 0.232912 0.232116 0.231320 0.230524 0.229729 0.231957 0.231878 0.231798 0.231718 0.231639 0.231559 0.231480 0.231400 0.227500 0.227818 0.228137 0.228455 0.228773 0.229092 0.229410 0.229729 0.229729 0.229410 0.229092 0.228773 0.228455 0.228137 0.227818 0.227500 0.225214 0.224969 0.224725 0.224480 0.224235 0.223990 0.223745 0.223500 0.223500 0.223261 0.223022 0.222784 0.222545 0.222306 0.222067 0.221829 0.221829 0.221510 0.221192 0.220873 0.220555 0.220237 0.219918 0.219600 0.219600 0.217125 0.214649 0.212173 0.209698 0.207222 0.204747 0.202271 0.192200 0.192200 0.192200 0.192200 0.192200 0.192200 0.192200 0.192200 0.190486 0.190486 0.190486 0.190486 0.190486 0.190486 0.190486 0.190486
0.188200 0.188200 0.188200 0.188200 0.188200 0.188200 0.188200 0.188200 0.188200 0.188200 0.188200 0.188200 0.188200 0.188200 0.188200 0.188200 0.191057 0.192339 0.193620 0.194902 0.196184 0.197465 0.198747 0.200029 0.220714 0.220555 0.220396 0.220237 0.220078 0.219918 0.219759 0.219600 0.222386 0.222545 0.222704 0.222863 0.223022 0.223182 0.223341 0.223500 0.226357 0.226357 0.226357 0.226357 0.226357 0.226357 0.226357 0.226357 0.224643 0.225449 0.226255 0.227061 0.227867 0.228673 0.229480 0.230286 0.227500 0.227500 0.227500 0.227500 0.227500 0.227500 0.227500 0.227500 0.230286 0.230286 0.230286 0.230286 0.230286 0.230286 0.230286 0.230286 0.231400 0.231957 0.232514 0.233071 0.233629 0.234186 0.234743 0.235300 0.234186 0.234186 0.234186 0.234186 0.234186 0.234186 0.234186 0.234186 0.236971 0.237131 0.237290 0.237449 0.237608 0.237767 0.237927 0.238086 0.235300 0.235698 0.236096 0.236494 0.236892 0.237290 0.237688 0.238086 0.239757 0.239518 0.239280 0.239041 0.238802 0.238563 0.238324 0.238086 0.239200 0.238882 0.238563 0.238245 0.237927 0.237608 0.237290 0.236971 0.236971 0.237529 0.238086 0.238643 0.239200 0.239757 0.240314 0.240871 0.238086 0.237847 0.237608 0.237369 0.237131 0.236892 0.236653 0.236414 0.238086 0.237688 0.237290 0.236892 0.236494 0.236096 0.235698 0.235300 0.235300 0.235698 0.236096 0.236494 0.236892 0.237290 0.237688 0.238086 0.238086 0.237688 0.237290 0.236892 0.236494 0.236096 0.235698 0.235300 0.238086 0.237688 0.237290 0.236892 0.236494 0.236096 0.235698 0.235300 0.234186 0.234186 0.234186 0.234186 0.234186 0.234186 0.234186 0.234186 0.235300 0.234584 0.233867 0.233151 0.232435 0.231718 0.231002 0.230286 0.233071 0.232833 0.232594 0.232355 0.232116 0.231878 0.231639 0.231400 0.227500 0.227898 0.228296 0.228694 0.229092 0.229490 0.229888 0.230286 0.230286 0.229888 0.229490 0.229092 0.228694 0.228296 0.227898 0.227500 0.224643 0.224480 0.224316 0.224153 0.223990 0.223827 0.223663 0.223500 0.223500 0.223341 0.223182 0.223022 0.222863 0.222704 0.222545 0.222386 0.222386 0.221988 0.221590 0.221192 0.220794 0.220396 0.219998 0.219600 0.219600 0.216645 0.213690 0.210735 0.207780 0.204824 0.201869 0.198914 0.192200 0.192200 0.192200 0.192200 0.192200 0.192200 0.192200 0.192200 0.191057 0.191057 0.191057 0.191057 0.191057 0.191057 0.191057 0.191057
0.188200 0.188200 0.188200 0.188200 0.188200 0.188200 0.188200 0.188200 0.188200 0.188200 0.188200 0.188200 0.188200 0.188200 0.188200 0.188200 0.191629 0.192269 0.192910 0.193551 0.194192 0.194833 0.195473 0.196114 0.220157 0.220078 0.219998 0.219918 0.219839 0.219759 0.219680 0.219600 0.222943 0.223022 0.223102 0.223182 0.223261 0.223341 0.223420 0.223500 0.226929 0.226929 0.226929 0.226929 0.226929 0.226929 0.226929 0.226929 0.224071 0.225039 0.226006 0.226973 0.227941 0.228908 0.229876 0.230843 0.227500 0.227500 0.227500 0.227500 0.227500 0.227500 0.227500 0.227500 0.230843 0.230843 0.230843 0.230843 0.230843 0.230843 0.230843 0.230843 0.231400 0.231957 0.232514 0.233071 0.233629 0.234186 0.234743 0.235300 0.234743 0.234743 0.234743 0.234743 0.234743 0.234743 0.234743 0.234743 0.238086 0.238165 0.238245 0.238324 0.238404 0.238484 0.238563 0.238643 0.235300 0.235778 0.236255 0.236733 0.237210 0.237688 0.238165 0.238643 0.241429 0.241031 0.240633 0.240235 0.239837 0.239439 0.239041 0.238643 0.239200 0.239041 0.238882 0.238722 0.238563 0.238404 0.238245 0.238086 0.238086 0.238643 0.239200 0.239757 0.240314 0.240871 0.241429 0.241986 0.238643 0.238245 0.237847 0.237449 0.237051 0.236653 0.236255 0.235857 0.238643 0.238165 0.237688 0.237210 0.236733 0.236255 0.235778 0.235300 0.235300 0.235778 0.236255 0.236733 0.237210 0.237688 0.238165 0.238643 0.238643 0.238165 0.237688 0.237210 0.236733 0.236255 0.235778 0.235300 0.238643 0.238165 0.237688 0.237210 0.236733 0.236255 0.235778 0.235300 0.234743 0.234743 0.234743 0.234743 0.234743 0.234743 0.234743 0.234743 0.235300 0.234663 0.234027 0.233390 0.232753 0.232116 0.231480 0.230843 0.234186 0.233788 0.233390 0.232992 0.232594 0.232196 0.231798 0.231400 0.227500 0.227978 0.228455 0.228933 0.229410 0.229888 0.230365 0.230843 0.230843 0.230365 0.229888 0.229410 0.228933 0.228455 0.227978 0.227500 0.224071 0.223990 0.223908 0.223827 0.223745 0.223663 0.223582 0.223500 0.223500 0.223420 0.223341 0.223261 0.223182 0.223102 0.223022 0.222943 0.222943 0.222465 0.221988 0.221510 0.221033 0.220555 0.220078 0.219600 0.219600 0.216165 0.212731 0.209296 0.205861 0.202427 0.198992 0.195557 0.192200 0.192200 0.192200 0.192200 0.192200 0.192200 0.192200 0.192200 0.191629 0.191629 0.191629 0.191629 0.191629 0.191629 0.191629 0.191629
0.188200 0.188200 0.188200 0.188200 0.188200 0.188200 0.188200 0.188200 0.188200 0.188200 0.188200 0.188200 0.188200 0.188200 0.188200 0.188200 0.192200 0.192200 0.192200 0.192200 0.192200 0.192200 0.192200 0.192200 0.219600 0.219600 0.219600 0.219600 0.219600 0.219600 0.219600 0.219600 0.223500 0.223500 0.223500 0.223500 0.223500 0.223500 0.223500 0.223500 0.227500 0.227500 0.227500 0.227500 0.227500 0.227500 0.227500 0.227500 0.223500 0.224629 0.225757 0.226886 0.228014 0.229143 0.230271 0.231400 0.227500 0.227500 0.227500 0.227500 0.227500 0.227500 0.227500 0.227500 0.231400 0.231400 0.231400 0.231400 0.231400 0.231400 0.231400 0.231400 0.231400 0.231957 0.232514 0.233071 0.233629 0.234186 0.234743 0.235300 0.235300 0.235300 0.235300 0.235300 0.235300 0.235300 0.235300 0.235300 0.239200 0.239200 0.239200 0.239200 0.239200 0.239200 0.239200 0.239200 0.235300 0.235857 0.236414 0.236971 0.237529 0.238086 0.238643 0.239200 0.243100 0.242543 0.241986 0.241429 0.240871 0.240314 0.239757 0.239200 0.239200 0.239200 0.239200 0.239200 0.239200 0.239200 0.239200 0.239200 0.239200 0.239757 0.240314 0.240871 0.241429 0.241986 0.242543 0.243100 0.239200 0.238643 0.238086 0.237529 0.236971 0.236414 0.235857 0.235300 0.239200 0.238643 0.238086 0.237529 0.236971 0.236414 0.235857 0.235300 0.235300 0.235857 0.236414 0.236971 0.237529 0.238086 0.238643 0.239200 0.239200 0.238643 0.238086 0.237529 0.236971 0.236414 0.235857 0.235300 0.239200 0.238643 0.238086 0.237529 0.236971 0.236414 0.235857 0.235300 0.235300 0.235300 0.235300 0.235300 0.235300 0.235300 0.235300 0.235300 0.235300 0.234743 0.234186 0.233629 0.233071 0.232514 0.231957 0.231400 0.235300 0.234743 0.234186 0.233629 0.233071 0.232514 0.231957 0.231400 0.227500 0.228057 0.228614 0.229171 0.229729 0.230286 0.230843 0.231400 0.231400 0.230843 0.230286 0.229729 0.229171 0.228614 0.228057 0.227500 0.223500 0.223500 0.223500 0.223500 0.223500 0.223500 0.223500 0.223500 0.223500 0.223500 0.223500 0.223500 0.223500 0.223500 0.223500 0.223500 0.223500 0.222943 0.222386 0.221829 0.221271 0.220714 0.220157 0.219600 0.219600 0.215686 0.211771 0.207857 0.203943 0.200029 0.196114 0.192200 0.192200 0.192200 0.192200 0.192200 0.192200 0.192200 0.192200 0.192200 0.192200 0.192200 0.192200 0.192200 0.192200 0.192200 0.192200 0.192200
0.192200 0.192200 0.192200 0.192200 0.192200 0.192200 0.192200 0.192200 0.192200 0.192200 0.192200 0.192200 0.192200 0.192200 0.192200 0.192200 0.196100 0.195543 0.194986 0.194429 0.193871 0.193314 0.192757 0.192200 0.196100 0.200014 0.203929 0.207843 0.211757 0.215671 0.219586 0.223500 0.219600 0.220729 0.221857 0.222986 0.224114 0.225243 0.226371 0.227500 0.227500 0.227500 0.227500 0.227500 0.227500 0.227500 0.227500 0.227500 0.227500 0.228057 0.228614 0.229171 0.229729 0.230286 0.230843 0.231400 0.231400 0.231400 0.231400 0.231400 0.231400 0.231400 0.231400 0.231400 0.231400 0.231957 0.232514 0.233071 0.233629 0.234186 0.234743 0.235300 0.231400 0.232514 0.233629 0.234743 0.235857 0.236971 0.238086 0.239200 0.239200 0.239200 0.239200 0.239200 0.239200 0.239200 0.239200 0.239200 0.239200 0.239200 0.239200 0.239200 0.239200 0.239200 0.239200 0.239200 0.239200 0.239200 0.239200 0.239200 0.239200 0.239200 0.239200 0.239200 0.239200 0.239200 0.239200 0.239200 0.239200 0.239200 0.239200 0.239200 0.239200 0.239757 0.240314 0.240871 0.241429 0.241986 0.242543 0.243100 0.243100 0.243100 0.243100 0.243100 0.243100 0.243100 0.243100 0.243100 0.243100 0.243100 0.243100 0.243100 0.243100 0.243100 0.243100 0.243100 0.243100 0.243100 0.243100 0.243100 0.243100 0.243100 0.243100 0.243100 0.243100 0.243100 0.243100 0.243100 0.243100 0.243100 0.243100 0.243100 0.243100 0.242543 0.241986 0.241429 0.240871 0.240314 0.239757 0.239200 0.243100 0.242543 0.241986 0.241429 0.240871 0.240314 0.239757 0.239200 0.243100 0.242543 0.241986 0.241429 0.240871 0.240314 0.239757 0.239200 0.231400 0.232514 0.233629 0.234743 0.235857 0.236971 0.238086 0.239200 0.239200 0.238643 0.238086 0.237529 0.236971 0.236414 0.235857 0.235300 0.231400 0.231400 0.231400 0.231400 0.231400 0.231400 0.231400 0.231400 0.227500 0.228057 0.228614 0.229171 0.229729 0.230286 0.230843 0.231400 0.231400 0.230271 0.229143 0.228014 0.226886 0.225757 0.224629 0.223500 0.227500 0.226929 0.226357 0.225786 0.225214 0.224643 0.224071 0.223500 0.223500 0.219586 0.215671 0.211757 0.207843 0.203929 0.200014 0.196100 0.196100 0.196100 0.196100 0.196100 0.196100 0.196100 0.196100 0.196100 0.192200 0.192200 0.192200 0.192200 0.192200 0.192200 0.192200 0.192200 0.196100 0.195543 0.194986 0.194429 0.193871 0.193314 0.192757 0.192200
0.192200 0.192200 0.192200 0.192200 0.192200 0.192200 0.192200 0.192200 0.192200 0.192200 0.192200 0.192200 0.192200 0.192200 0.192200 0.192200 0.195543 0.195065 0.194588 0.194110 0.193633 0.193155 0.192678 0.192200 0.196100 0.199455 0.202810 0.206165 0.209520 0.212876 0.216231 0.219586 0.216243 0.217851 0.219459 0.221067 0.222676 0.224284 0.225892 0.227500 0.228057 0.228057 0.228057 0.228057 0.228057 0.228057 0.228057 0.228057 0.228057 0.228535 0.229012 0.229490 0.229967 0.230445 0.230922 0.231400 0.231957 0.232037 0.232116 0.232196 0.232276 0.232355 0.232435 0.232514 0.232514 0.232992 0.233469 0.233947 0.234425 0.234902 0.235380 0.235857 0.231957 0.233071 0.234186 0.235300 0.236414 0.237529 0.238643 0.239757 0.240329 0.240247 0.240165 0.240084 0.240002 0.239920 0.239839 0.239757 0.240329 0.240247 0.240165 0.240084 0.240002 0.239920 0.239839 0.239757 0.239757 0.239918 0.240080 0.240241 0.240402 0.240563 0.240724 0.240886 0.240329 0.240408 0.240488 0.240567 0.240647 0.240727 0.240806 0.240886 0.240886 0.241284 0.241682 0.242080 0.242478 0.242876 0.243273 0.243671 0.244229 0.244149 0.244069 0.243990 0.243910 0.243831 0.243751 0.243671 0.244229 0.244229 0.244229 0.244229 0.244229 0.244229 0.244229 0.244229 0.243671 0.243671 0.243671 0.243671 0.243671 0.243671 0.243671 0.243671 0.244229 0.244229 0.244229 0.244229 0.244229 0.244229 0.244229 0.244229 0.243671 0.243194 0.242716 0.242239 0.241761 0.241284 0.240806 0.240329 0.243100 0.242622 0.242145 0.241667 0.241190 0.240712 0.240235 0.239757 0.243100 0.242543 0.241986 0.241429 0.240871 0.240314 0.239757 0.239200 0.233071 0.233947 0.234822 0.235698 0.236573 0.237449 0.238324 0.239200 0.239200 0.238722 0.238245 0.237767 0.237290 0.236812 0.236335 0.235857 0.231957 0.231957 0.231957 0.231957 0.231957 0.231957 0.231957 0.231957 0.228614 0.229012 0.229410 0.229808 0.230206 0.230604 0.231002 0.231400 0.231400 0.230353 0.229306 0.228259 0.227212 0.226165 0.225118 0.224071 0.227500 0.226929 0.226357 0.225786 0.225214 0.224643 0.224071 0.223500 0.219586 0.216231 0.212876 0.209520 0.206165 0.202810 0.199455 0.196100 0.196657 0.196498 0.196339 0.196180 0.196020 0.195861 0.195702 0.195543 0.192200 0.192200 0.192200 0.192200 0.192200 0.192200 0.192200 0.192200 0.195543 0.195065 0.194588 0.194110 0.193633 0.193155 0.192678 0.192200
0.192200 0.192200 0.192200 0.192200 0.192200 0.192200 0.192200 0.192200 0.192200 0.192200 0.192200 0.192200 0.192200 0.192200 0.192200 0.192200 0.194986 0.194588 0.194190 0.193792 0.193394 0.192996 0.192598 0.192200 0.196100 0.198896 0.201692 0.204488 0.207284 0.210080 0.212876 0.215671 0.212886 0.214973 0.217061 0.219149 0.221237 0.223325 0.225412 0.227500 0.228614 0.228614 0.228614 0.228614 0.228614 0.228614 0.228614 0.228614 0.228614 0.229012 0.229410 0.229808 0.230206 0.230604 0.231002 0.231400 0.232514 0.232673 0.232833 0.232992 0.233151 0.233310 0.233469 0.233629 0.233629 0.234027 0.234425 0.234822 0.235220 0.235618 0.236016 0.236414 0.232514 0.233629 0.234743 0.235857 0.236971 0.238086 0.239200 0.240314 0.241457 0.241294 0.241131 0.240967 0.240804 0.240641 0.240478 0.240314 0.241457 0.241294 0.241131 0.240967 0.240804 0.240641 0.240478 0.240314 0.240314 0.240637 0.240959 0.241282 0.241604 0.241927 0.242249 0.242571 0.241457 0.241616 0.241776 0.241935 0.242094 0.242253 0.242412 0.242571 0.242571 0.242810 0.243049 0.243288 0.243527 0.243765 0.244004 0.244243 0.245357 0.245198 0.245039 0.244880 0.244720 0.244561 0.244402 0.244243 0.245357 0.245357 0.245357 0.245357 0.245357 0.245357 0.245357 0.245357 0.244243 0.244243 0.244243 0.244243 0.244243 0.244243 0.244243 0.244243 0.245357 0.245357 0.245357 0.245357 0.245357 0.245357 0.245357 0.245357 0.244243 0.243845 0.243447 0.243049 0.242651 0.242253 0.241855 0.241457 0.243100 0.242702 0.242304 0.241906 0.241508 0.241110 0.240712 0.240314 0.243100 0.242543 0.241986 0.241429 0.240871 0.240314 0.239757 0.239200 0.234743 0.235380 0.236016 0.236653 0.237290 0.237927 0.238563 0.239200 0.239200 0.238802 0.238404 0.238006 0.237608 0.237210 0.236812 0.236414 0.232514 0.232514 0.232514 0.232514 0.232514 0.232514 0.232514 0.232514 0.229729 0.229967 0.230206 0.230445 0.230684 0.230922 0.231161 0.231400 0.231400 0.230435 0.229469 0.228504 0.227539 0.226573 0.225608 0.224643 0.227500 0.226929 0.226357 0.225786 0.225214 0.224643 0.224071 0.223500 0.215671 0.212876 0.210080 0.207284 0.204488 0.201692 0.198896 0.196100 0.197214 0.196896 0.196578 0.196259 0.195941 0.195622 0.195304 0.194986 0.192200 0.192200 0.192200 0.192200 0.192200 0.192200 0.192200 0.192200 0.194986 0.194588 0.194190 0.193792 0.193394 0.192996 0.192598 0.192200
0.192200 0.192200 0.192200 0.192200 0.192200 0.192200 0.192200 0.192200 0.192200 0.192200 0.192200 0.192200 0.192200 0.192200 0.192200 0.192200 0.194429 0.194110 0.193792 0.193473 0.193155 0.192837 0.192518 0.192200 0.196100 0.198337 0.200573 0.202810 0.205047 0.207284 0.209520 0.211757 0.209529 0.212096 0.214663 0.217231 0.219798 0.222365 0.224933 0.227500 0.229171 0.229171 0.229171 0.229171 0.229171 0.229171 0.229171 0.229171 0.229171 0.229490 0.229808 0.230127 0.230445 0.230763 0.231082 0.231400 0.233071 0.233310 0.233549 0.233788 0.234027 0.234265 0.234504 0.234743 0.234743 0.235061 0.235380 0.235698 0.236016 0.236335 0.236653 0.236971 0.233071 0.234186 0.235300 0.236414 0.237529 0.238643 0.239757 0.240871 0.242586 0.242341 0.242096 0.241851 0.241606 0.241361 0.241116 0.240871 0.242586 0.242341 0.242096 0.241851 0.241606 0.241361 0.241116 0.240871 0.240871 0.241355 0.241839 0.242322 0.242806 0.243290 0.243773 0.244257 0.242586 0.242824 0.243063 0.243302 0.243541 0.243780 0.244018 0.244257 0.244257 0.244337 0.244416 0.244496 0.244576 0.244655 0.244735 0.244814 0.246486 0.246247 0.246008 0.245769 0.245531 0.245292 0.245053 0.244814 0.246486 0.246486 0.246486 0.246486 0.246486 0.246486 0.246486 0.246486 0.244814 0.244814 0.244814 0.244814 0.244814 0.244814 0.244814 0.244814 0.246486 0.246486 0.246486 0.246486 0.246486 0.246486 0.246486 0.246486 0.244814 0.244496 0.244178 0.243859 0.243541 0.243222 0.242904 0.242586 0.243100 0.242782 0.242463 0.242145 0.241827 0.241508 0.241190 0.240871 0.243100 0.242543 0.241986 0.241429 0.240871 0.240314 0.239757 0.239200 0.236414 0.236812 0.237210 0.237608 0.238006 0.238404 0.238802 0.239200 0.239200 0.238882 0.238563 0.238245 0.237927 0.237608 0.237290 0.236971 0.233071 0.233071 0.233071 0.233071 0.233071 0.233071 0.233071 0.233071 0.230843 0.230922 0.231002 0.231082 0.231161 0.231241 0.231320 0.231400 0.231400 0.230516 0.229633 0.228749 0.227865 0.226982 0.226098 0.225214 0.227500 0.226929 0.226357 0.225786 0.225214 0.224643 0.224071 0.223500 0.211757 0.209520 0.207284 0.205047 0.202810 0.200573 0.198337 0.196100 0.197771 0.197294 0.196816 0.196339 0.195861 0.195384 0.194906 0.194429 0.192200 0.192200 0.192200 0.192200 0.192200 0.192200 0.192200 0.192200 0.194429 0.194110 0.193792 0.193473 0.193155 0.192837 0.192518 0.192200
0.192200 0.192200 0.192200 0.192200 0.192200 0.192200 0.192200 0.192200 0.192200 0.192200 0.192200 0.192200 0.192200 0.192200 0.192200 0.192200 0.193871 0.193633 0.193394 0.193155 0.192916 0.192678 0.192439 0.192200 0.196100 0.197778 0.199455 0.201133 0.202810 0.204488 0.206165 0.207843 0.206171 0.209218 0.212265 0.215312 0.218359 0.221406 0.224453 0.227500 0.229729 0.229729 0.229729 0.229729 0.229729 0.229729 0.229729 0.229729 0.229729 0.229967 0.230206 0.230445 0.230684 0.230922 0.231161 0.231400 0.233629 0.233947 0.234265 0.234584 0.234902 0.235220 0.235539 0.235857 0.235857 0.236096 0.236335 0.236573 0.236812 0.237051 0.237290 0.237529 0.233629 0.234743 0.235857 0.236971 0.238086 0.239200 0.240314 0.241429 0.243714 0.243388 0.243061 0.242735 0.242408 0.242082 0.241755 0.241429 0.243714 0.243388 0.243061 0.242735 0.242408 0.242082 0.241755 0.241429 0.241429 0.242073 0.242718 0.243363 0.244008 0.244653 0.245298 0.245943 0.243714 0.244033 0.244351 0.244669 0.244988 0.245306 0.245624 0.245943 0.245943 0.245863 0.245784 0.245704 0.245624 0.245545 0.245465 0.245386 0.247614 0.247296 0.246978 0.246659 0.246341 0.246022 0.245704 0.245386 0.247614 0.247614 0.247614 0.247614 0.247614 0.247614 0.247614 0.247614 0.245386 0.245386 0.245386 0.245386 0.245386 0.245386 0.245386 0.245386 0.247614 0.247614 0.247614 0.247614 0.247614 0.247614 0.247614 0.247614 0.245386 0.245147 0.244908 0.244669 0.244431 0.244192 0.243953 0.243714 0.243100 0.242861 0.242622 0.242384 0.242145 0.241906 0.241667 0.241429 0.243100 0.242543 0.241986 0.241429 0.240871 0.240314 0.239757 0.239200 0.238086 0.238245 0.238404 0.238563 0.238722 0.238882 0.239041 0.239200 0.239200 0.238961 0.238722 0.238484 0.238245 0.238006 0.237767 0.237529 0.233629 0.233629 0.233629 0.233629 0.233629 0.233629 0.233629 0.233629 0.231957 0.231878 0.231798 0.231718 0.231639 0.231559 0.231480 0.231400 0.231400 0.230598 0.229796 0.228994 0.228192 0.227390 0.226588 0.225786 0.227500 0.226929 0.226357 0.225786 0.225214 0.224643 0.224071 0.223500 0.207843 0.206165 0.204488 0.202810 0.201133 0.199455 0.197778 0.196100 0.198329 0.197692 0.197055 0.196418 0.195782 0.195145 0.194508 0.193871 0.192200 0.192200 0.192200 0.192200 0.192200 0.192200 0.192200 0.192200 0.193871 0.193633 0.193394 0.193155 0.192916 0.192678 0.192439 0.192200
0.192200 0.192200 0.192200 0.192200 0.192200 0.192200 0.192200 0.192200 0.192200 0.192200 0.192200 0.192200 0.192200 0.192200 0.192200 0.192200 0.193314 0.193155 0.192996 0.192837 0.192678 0.192518 0.192359 0.192200 0.196100 0.197218 0.198337 0.199455 0.200573 0.201692 0.202810 0.203929 0.202814 0.206341 0.209867 0.213394 0.216920 0.220447 0.223973 0.227500 0.230286 0.230286 0.230286 0.230286 0.230286 0.230286 0.230286 0.230286 0.230286 0.230445 0.230604 0.230763 0.230922 0.231082 0.231241 0.231400 0.234186 0.234584 0.234982 0.235380 0.235778 0.236176 0.236573 0.236971 0.236971 0.237131 0.237290 0.237449 0.237608 0.237767 0.237927 0.238086 0.234186 0.235300 0.236414 0.237529 0.238643 0.239757 0.240871 0.241986 0.244843 0.244435 0.244027 0.243618 0.243210 0.242802 0.242394 0.241986 0.244843 0.244435 0.244027 0.243618 0.243210 0.242802 0.242394 0.241986 0.241986 0.242792 0.243598 0.244404 0.245210 0.246016 0.246822 0.247629 0.244843 0.245241 0.245639 0.246037 0.246435 0.246833 0.247231 0.247629 0.247629 0.247390 0.247151 0.246912 0.246673 0.246435 0.246196 0.245957 0.248743 0.248345 0.247947 0.247549 0.247151 0.246753 0.246355 0.245957 0.248743 0.248743 0.248743 0.248743 0.248743 0.248743 0.248743 0.248743 0.245957 0.245957 0.245957 0.245957 0.245957 0.245957 0.245957 0.245957 0.248743 0.248743 0.248743 0.248743 0.248743 0.248743 0.248743 0.248743 0.245957 0.245798 0.245639 0.245480 0.245320 0.245161 0.245002 0.244843 0.243100 0.242941 0.242782 0.242622 0.242463 0.242304 0.242145 0.241986 0.243100 0.242543 0.241986 0.241429 0.240871 0.240314 0.239757 0.239200 0.239757 0.239678 0.239598 0.239518 0.239439 0.239359 0.239280 0.239200 0.239200 0.239041 0.238882 0.238722 0.238563 0.238404 0.238245 0.238086 0.234186 0.234186 0.234186 0.234186 0.234186 0.234186 0.234186 0.234186 0.233071 0.232833 0.232594 0.232355 0.232116 0.231878 0.231639 0.231400 0.231400 0.230680 0.229959 0.229239 0.228518 0.227798 0.227078 0.226357 0.227500 0.226929 0.226357 0.225786 0.225214 0.224643 0.224071 0.223500 0.203929 0.202810 0.201692 0.200573 0.199455 0.198337 0.197218 0.196100 0.198886 0.198090 0.197294 0.196498 0.195702 0.194906 0.194110 0.193314 0.192200 0.192200 0.192200 0.192200 0.192200 0.192200 0.192200 0.192200 0.193314 0.193155 0.192996 0.192837 0.192678 0.192518 0.192359 0.192200
0.192200 0.192200 0.192200 0.192200 0.192200 0.192200 0.192200 0.192200 0.192200 0.192200 0.192200 0.192200 0.192200 0.192200 0.192200 0.192200 0.192757 0.192678 0.192598 0.192518 0.192439 0.192359 0.192280 0.192200 0.196100 0.196659 0.197218 0.197778 0.198337 0.198896 0.199455 0.200014 0.199457 0.203463 0.207469 0.211476 0.215482 0.219488 0.223494 0.227500 0.230843 0.230843 0.230843 0.230843 0.230843 0.230843 0.230843 0.230843 0.230843 0.230922 0.231002 0.231082 0.231161 0.231241 0.231320 0.231400 0.234743 0.235220 0.235698 0.236176 0.236653 0.237131 0.237608 0.238086 0.238086 0.238165 0.238245 0.238324 0.238404 0.238484 0.238563 0.238643 0.234743 0.235857 0.236971 0.238086 0.239200 0.240314 0.241429 0.242543 0.245971 0.245482 0.244992 0.244502 0.244012 0.243522 0.243033 0.242543 0.245971 0.245482 0.244992 0.244502 0.244012 0.243522 0.243033 0.242543 0.242543 0.243510 0.244478 0.245445 0.246412 0.247380 0.248347 0.249314 0.245971 0.246449 0.246927 0.247404 0.247882 0.248359 0.248837 0.249314 0.249314 0.248916 0.248518 0.248120 0.247722 0.247324 0.246927 0.246529 0.249871 0.249394 0.248916 0.248439 0.247961 0.247484 0.247006 0.246529 0.249871 0.249871 0.249871 0.249871 0.249871 0.249871 0.249871 0.249871 0.246529 0.246529 0.246529 0.246529 0.246529 0.246529 0.246529 0.246529 0.249871 0.249871 0.249871 0.249871 0.249871 0.249871 0.249871 0.249871 0.246529 0.246449 0.246369 0.246290 0.246210 0.246131 0.246051 0.245971 0.243100 0.243020 0.242941 0.242861 0.242782 0.242702 0.242622 0.242543 0.243100 0.242543 0.241986 0.241429 0.240871 0.240314 0.239757 0.239200 0.241429 0.241110 0.240792 0.240473 0.240155 0.239837 0.239518 0.239200 0.239200 0.239120 0.239041 0.238961 0.238882 0.238802 0.238722 0.238643 0.234743 0.234743 0.234743 0.234743 0.234743 0.234743 0.234743 0.234743 0.234186 0.233788 0.233390 0.232992 0.232594 0.232196 0.231798 0.231400 0.231400 0.230761 0.230122 0.229484 0.228845 0.228206 0.227567 0.226929 0.227500 0.226929 0.226357 0.225786 0.225214 0.224643 0.224071 0.223500 0.200014 0.199455 0.198896 0.198337 0.197778 0.197218 0.196659 0.196100 0.199443 0.198488 0.197533 0.196578 0.195622 0.194667 0.193712 0.192757 0.192200 0.192200 0.192200 0.192200 0.192200 0.192200 0.192200 0.192200 0.192757 0.192678 0.192598 0.192518 0.192439 0.192359 0.192280 0.192200
0.192200 0.192200 0.192200 0.192200 0.192200 0.192200 0.192200 0.192200 0.192200 0.192200 0.192200 0.192200 0.192200 0.192200 0.192200 0.192200 0.192200 0.192200 0.192200 0.192200 0.192200 0.192200 0.192200 0.192200 0.196100 0.196100 0.196100 0.196100 0.196100 0.196100 0.196100 0.196100 0.196100 0.200586 0.205071 0.209557 0.214043 0.218529 0.223014 0.227500 0.231400 0.231400 0.231400 0.231400 0.231400 0.231400 0.231400 0.231400 0.231400 0.231400 0.231400 0.231400 0.231400 0.231400 0.231400 0.231400 0.235300 0.235857 0.236414 0.236971 0.237529 0.238086 0.238643 0.239200 0.239200 0.239200 0.239200 0.239200 0.239200 0.239200 0.239200 0.239200 0.235300 0.236414 0.237529 0.238643 0.239757 0.240871 0.241986 0.243100 0.247100 0.246529 0.245957 0.245386 0.244814 0.244243 0.243671 0.243100 0.247100 0.246529 0.245957 0.245386 0.244814 0.244243 0.243671 0.243100 0.243100 0.244229 0.245357 0.246486 0.247614 0.248743 0.249871 0.251000 0.247100 0.247657 0.248214 0.248771 0.249329 0.249886 0.250443 0.251000 0.251000 0.250443 0.249886 0.249329 0.248771 0.248214 0.247657 0.247100 0.251000 0.250443 0.249886 0.249329 0.248771 0.248214 0.247657 0.247100 0.251000 0.251000 0.251000 0.251000 0.251000 0.251000 0.251000 0.251000 0.247100 0.247100 0.247100 0.247100 0.247100 0.247100 0.247100 0.247100 0.251000 0.251000 0.251000 0.251000 0.251000 0.251000 0.251000 0.251000 0.247100 0.247100 0.247100 0.247100 0.247100 0.247100 0.247100 0.247100 0.243100 0.243100 0.243100 0.243100 0.243100 0.243100 0.243100 0.243100 0.243100 0.242543 0.241986 0.241429 0.240871 0.240314 0.239757 0.239200 0.243100 0.242543 0.241986 0.241429 0.240871 0.240314 0.239757 0.239200 0.239200 0.239200 0.239200 0.239200 0.239200 0.239200 0.239200 0.239200 0.235300 0.235300 0.235300 0.235300 0.235300 0.235300 0.235300 0.235300 0.235300 0.234743 0.234186 0.233629 0.233071 0.232514 0.231957 0.231400 0.231400 0.230843 0.230286 0.229729 0.229171 0.228614 0.228057 0.227500 0.227500 0.226929 0.226357 0.225786 0.225214 0.224643 0.224071 0.223500 0.196100 0.196100 0.196100 0.196100 0.196100 0.196100 0.196100 0.196100 0.200000 0.198886 0.197771 0.196657 0.195543 0.194429 0.193314 0.192200 0.192200 0.192200 0.192200 0.192200 0.192200 0.192200 0.192200 0.192200 0.192200 0.192200 0.192200 0.192200 0.192200 0.192200 0.192200 0.192200
0.192200 0.192200 0.192200 0.192200 0.192200 0.192200 0.192200 0.192200 0.192200 0.192200 0.192200 0.192200 0.192200 0.192200 0.192200 0.192200 0.196100 0.196100 0.196100 0.196100 0.196100 0.196100 0.196100 0.196100 0.196100 0.196100 0.196100 0.196100 0.196100 0.196100 0.196100 0.196100 0.196100 0.196100 0.196100 0.196100 0.196100 0.196100 0.196100 0.196100 0.227500 0.228057 0.228614 0.229171 0.229729 0.230286 0.230843 0.231400 0.235300 0.235300 0.235300 0.235300 0.235300 0.235300 0.235300 0.235300 0.235300 0.235857 0.236414 0.236971 0.237529 0.238086 0.238643 0.239200 0.243100 0.243100 0.243100 0.243100 0.243100 0.243100 0.243100 0.243100 0.243100 0.243100 0.243100 0.243100 0.243100 0.243100 0.243100 0.243100 0.247100 0.247100 0.247100 0.247100 0.247100 0.247100 0.247100 0.247100 0.251000 0.250443 0.249886 0.249329 0.248771 0.248214 0.247657 0.247100 0.254900 0.254900 0.254900 0.254900 0.254900 0.254900 0.254900 0.254900 0.251000 0.251000 0.251000 0.251000 0.251000 0.251000 0.251000 0.251000 0.258800 0.257129 0.255457 0.253786 0.252114 0.250443 0.248771 0.247100 0.254900 0.254900 0.254900 0.254900 0.254900 0.254900 0.254900 0.254900 0.258800 0.258243 0.257686 0.257129 0.256571 0.256014 0.255457 0.254900 0.251000 0.251557 0.252114 0.252671 0.253229 0.253786 0.254343 0.254900 0.254900 0.254343 0.253786 0.253229 0.252671 0.252114 0.251557 0.251000 0.251000 0.251000 0.251000 0.251000 0.251000 0.251000 0.251000 0.251000 0.251000 0.251000 0.251000 0.251000 0.251000 0.251000 0.251000 0.251000 0.251000 0.250443 0.249886 0.249329 0.248771 0.248214 0.247657 0.247100 0.251000 0.250443 0.249886 0.249329 0.248771 0.248214 0.247657 0.247100 0.243100 0.243100 0.243100 0.243100 0.243100 0.243100 0.243100 0.243100 0.239200 0.239200 0.239200 0.239200 0.239200 0.239200 0.239200 0.239200 0.235300 0.235300 0.235300 0.235300 0.235300 0.235300 0.235300 0.235300 0.235300 0.234743 0.234186 0.233629 0.233071 0.232514 0.231957 0.231400 0.231400 0.226914 0.222429 0.217943 0.213457 0.208971 0.204486 0.200000 0.192200 0.192757 0.193314 0.193871 0.194429 0.194986 0.195543 0.196100 0.196100 0.195543 0.194986 0.194429 0.193871 0.193314 0.192757 0.192200 0.196100 0.196100 0.196100 0.196100 0.196100 0.196100 0.196100 0.196100 0.196100 0.195543 0.194986 0.194429 0.193871 0.193314 0.192757 0.192200
0.192200 0.192118 0.192037 0.191955 0.191873 0.191792 0.191710 0.191629 0.192200 0.192280 0.192359 0.192439 0.192518 0.192598 0.192678 0.192757 0.196100 0.196100 0.196100 0.196100 0.196100 0.196100 0.196100 0.196100 0.196657 0.196578 0.196498 0.196418 0.196339 0.196259 0.196180 0.196100 0.196657 0.196657 0.196657 0.196657 0.196657 0.196657 0.196657 0.196657 0.223571 0.224690 0.225808 0.226927 0.228045 0.229163 0.230282 0.231400 0.235300 0.235459 0.235618 0.235778 0.235937 0.236096 0.236255 0.236414 0.235857 0.236414 0.236971 0.237529 0.238086 0.238643 0.239200 0.239757 0.243671 0.243590 0.243508 0.243427 0.243345 0.243263 0.243182 0.243100 0.243671 0.243751 0.243831 0.243910 0.243990 0.244069 0.244149 0.244229 0.247657 0.247737 0.247816 0.247896 0.247975 0.248055 0.248135 0.248214 0.251557 0.251159 0.250761 0.250363 0.249965 0.249567 0.249169 0.248771 0.254900 0.254900 0.254900 0.254900 0.254900 0.254900 0.254900 0.254900 0.252114 0.252114 0.252114 0.252114 0.252114 0.252114 0.252114 0.252114 0.258800 0.257447 0.256094 0.254741 0.253388 0.252035 0.250682 0.249329 0.255457 0.255457 0.255457 0.255457 0.255457 0.255457 0.255457 0.255457 0.259357 0.258800 0.258243 0.257686 0.257129 0.256571 0.256014 0.255457 0.252671 0.253069 0.253467 0.253865 0.254263 0.254661 0.255059 0.255457 0.255457 0.255059 0.254661 0.254263 0.253865 0.253467 0.253069 0.252671 0.252114 0.251555 0.250996 0.250437 0.249878 0.249318 0.248759 0.248200 0.252114 0.251314 0.250514 0.249714 0.248914 0.248114 0.247314 0.246514 0.243157 0.242680 0.242202 0.241724 0.241247 0.240769 0.240292 0.239814 0.246514 0.245716 0.244918 0.244120 0.243322 0.242524 0.241727 0.240929 0.237500 0.238382 0.239263 0.240145 0.241027 0.241908 0.242790 0.243671 0.236957 0.237357 0.237757 0.238157 0.238557 0.238957 0.239357 0.239757 0.235857 0.235857 0.235857 0.235857 0.235857 0.235857 0.235857 0.235857 0.235857 0.235220 0.234584 0.233947 0.233310 0.232673 0.232037 0.231400 0.226914 0.222990 0.219065 0.215141 0.211216 0.207292 0.203367 0.199443 0.193314 0.193792 0.194269 0.194747 0.195224 0.195702 0.196180 0.196657 0.196657 0.196100 0.195543 0.194986 0.194429 0.193871 0.193314 0.192757 0.196100 0.196100 0.196100 0.196100 0.196100 0.196100 0.196100 0.196100 0.195543 0.195145 0.194747 0.194349 0.193951 0.193553 0.193155 0.192757
0.192200 0.192037 0.191873 0.191710 0.191547 0.191384 0.191220 0.191057 0.192200 0.192359 0.192518 0.192678 0.192837 0.192996 0.193155 0.193314 0.196100 0.196100 0.196100 0.196100 0.196100 0.196100 0.196100 0.196100 0.197214 0.197055 0.196896 0.196737 0.196578 0.196418 0.196259 0.196100 0.197214 0.197214 0.197214 0.197214 0.197214 0.197214 0.197214 0.197214 0.219643 0.221322 0.223002 0.224682 0.226361 0.228041 0.229720 0.231400 0.235300 0.235618 0.235937 0.236255 0.236573 0.236892 0.237210 0.237529 0.236414 0.236971 0.237529 0.238086 0.238643 0.239200 0.239757 0.240314 0.244243 0.244080 0.243916 0.243753 0.243590 0.243427 0.243263 0.243100 0.244243 0.244402 0.244561 0.244720 0.244880 0.245039 0.245198 0.245357 0.248214 0.248373 0.248533 0.248692 0.248851 0.249010 0.249169 0.249329 0.252114 0.251876 0.251637 0.251398 0.251159 0.250920 0.250682 0.250443 0.254900 0.254900 0.254900 0.254900 0.254900 0.254900 0.254900 0.254900 0.253229 0.253229 0.253229 0.253229 0.253229 0.253229 0.253229 0.253229 0.258800 0.257765 0.256731 0.255696 0.254661 0.253627 0.252592 0.251557 0.256014 0.256014 0.256014 0.256014 0.256014 0.256014 0.256014 0.256014 0.259914 0.259357 0.258800 0.258243 0.257686 0.257129 0.256571 0.256014 0.254343 0.254582 0.254820 0.255059 0.255298 0.255537 0.255776 0.256014 0.256014 0.255776 0.255537 0.255298 0.255059 0.254820 0.254582 0.254343 0.253229 0.252110 0.250992 0.249873 0.248755 0.247637 0.246518 0.245400 0.253229 0.251629 0.250029 0.248429 0.246829 0.245229 0.243629 0.242029 0.235314 0.234916 0.234518 0.234120 0.233722 0.233324 0.232927 0.232529 0.242029 0.240990 0.239951 0.238912 0.237873 0.236835 0.235796 0.234757 0.231900 0.233663 0.235427 0.237190 0.238953 0.240716 0.242480 0.244243 0.234714 0.235514 0.236314 0.237114 0.237914 0.238714 0.239514 0.240314 0.236414 0.236414 0.236414 0.236414 0.236414 0.236414 0.236414 0.236414 0.236414 0.235698 0.234982 0.234265 0.233549 0.232833 0.232116 0.231400 0.222429 0.219065 0.215702 0.212339 0.208976 0.205612 0.202249 0.198886 0.194429 0.194827 0.195225 0.195622 0.196020 0.196418 0.196816 0.197214 0.197214 0.196657 0.196100 0.195543 0.194986 0.194429 0.193871 0.193314 0.196100 0.196100 0.196100 0.196100 0.196100 0.196100 0.196100 0.196100 0.194986 0.194747 0.194508 0.194269 0.194031 0.193792 0.193553 0.193314
0.192200 0.191955 0.191710 0.191465 0.191220 0.190976 0.190731 0.190486 0.192200 0.192439 0.192678 0.192916 0.193155 0.193394 0.193633 0.193871 0.196100 0.196100 0.196100 0.196100 0.196100 0.196100 0.196100 0.196100 0.197771 0.197533 0.197294 0.197055 0.196816 0.196578 0.196339 0.196100 0.197771 0.197771 0.197771 0.197771 0.197771 0.197771 0.197771 0.197771 0.215714 0.217955 0.220196 0.222437 0.224678 0.226918 0.229159 0.231400 0.235300 0.235778 0.236255 0.236733 0.237210 0.237688 0.238165 0.238643 0.236971 0.237529 0.238086 0.238643 0.239200 0.239757 0.240314 0.240871 0.244814 0.244569 0.244324 0.244080 0.243835 0.243590 0.243345 0.243100 0.244814 0.245053 0.245292 0.245531 0.245769 0.246008 0.246247 0.246486 0.248771 0.249010 0.249249 0.249488 0.249727 0.249965 0.250204 0.250443 0.252671 0.252592 0.252512 0.252433 0.252353 0.252273 0.252194 0.252114 0.254900 0.254900 0.254900 0.254900 0.254900 0.254900 0.254900 0.254900 0.254343 0.254343 0.254343 0.254343 0.254343 0.254343 0.254343 0.254343 0.258800 0.258084 0.257367 0.256651 0.255935 0.255218 0.254502 0.253786 0.256571 0.256571 0.256571 0.256571 0.256571 0.256571 0.256571 0.256571 0.260471 0.259914 0.259357 0.258800 0.258243 0.257686 0.257129 0.256571 0.256014 0.256094 0.256173 0.256253 0.256333 0.256412 0.256492 0.256571 0.256571 0.256492 0.256412 0.256333 0.256253 0.256173 0.256094 0.256014 0.254343 0.252665 0.250988 0.249310 0.247633 0.245955 0.244278 0.242600 0.254343 0.251943 0.249543 0.247143 0.244743 0.242343 0.239943 0.237543 0.227471 0.227153 0.226835 0.226516 0.226198 0.225880 0.225561 0.225243 0.237543 0.236263 0.234984 0.233704 0.232424 0.231145 0.229865 0.228586 0.226300 0.228945 0.231590 0.234235 0.236880 0.239524 0.242169 0.244814 0.232471 0.233671 0.234871 0.236071 0.237271 0.238471 0.239671 0.240871 0.236971 0.236971 0.236971 0.236971 0.236971 0.236971 0.236971 0.236971 0.236971 0.236176 0.235380 0.234584 0.233788 0.232992 0.232196 0.231400 0.217943 0.215141 0.212339 0.209537 0.206735 0.203933 0.201131 0.198329 0.195543 0.195861 0.196180 0.196498 0.196816 0.197135 0.197453 0.197771 0.197771 0.197214 0.196657 0.196100 0.195543 0.194986 0.194429 0.193871 0.196100 0.196100 0.196100 0.196100 0.196100 0.196100 0.196100 0.196100 0.194429 0.194349 0.194269 0.194190 0.194110 0.194031 0.193951 0.193871
0.192200 0.191873 0.191547 0.191220 0.190894 0.190567 0.190241 0.189914 0.192200 0.192518 0.192837 0.193155 0.193473 0.193792 0.194110 0.194429 0.196100 0.196100 0.196100 0.196100 0.196100 0.196100 0.196100 0.196100 0.198329 0.198010 0.197692 0.197373 0.197055 0.196737 0.196418 0.196100 0.198329 0.198329 0.198329 0.198329 0.198329 0.198329 0.198329 0.198329 0.211786 0.214588 0.217390 0.220192 0.222994 0.225796 0.228598 0.231400 0.235300 0.235937 0.236573 0.237210 0.237847 0.238484 0.239120 0.239757 0.237529 0.238086 0.238643 0.239200 0.239757 0.240314 0.240871 0.241429 0.245386 0.245059 0.244733 0.244406 0.244080 0.243753 0.243427 0.243100 0.245386 0.245704 0.246022 0.246341 0.246659 0.246978 0.247296 0.247614 0.249329 0.249647 0.249965 0.250284 0.250602 0.250920 0.251239 0.251557 0.253229 0.253308 0.253388 0.253467 0.253547 0.253627 0.253706 0.253786 0.254900 0.254900 0.254900 0.254900 0.254900 0.254900 0.254900 0.254900 0.255457 0.255457 0.255457 0.255457 0.255457 0.255457 0.255457 0.255457 0.258800 0.258402 0.258004 0.257606 0.257208 0.256810 0.256412 0.256014 0.257129 0.257129 0.257129 0.257129 0.257129 0.257129 0.257129 0.257129 0.261029 0.260471 0.259914 0.259357 0.258800 0.258243 0.257686 0.257129 0.257686 0.257606 0.257527 0.257447 0.257367 0.257288 0.257208 0.257129 0.257129 0.257208 0.257288 0.257367 0.257447 0.257527 0.257606 0.257686 0.255457 0.253220 0.250984 0.248747 0.246510 0.244273 0.242037 0.239800 0.255457 0.252257 0.249057 0.245857 0.242657 0.239457 0.236257 0.233057 0.219629 0.219390 0.219151 0.218912 0.218673 0.218435 0.218196 0.217957 0.233057 0.231537 0.230016 0.228496 0.226976 0.225455 0.223935 0.222414 0.220700 0.224227 0.227753 0.231280 0.234806 0.238333 0.241859 0.245386 0.230229 0.231829 0.233429 0.235029 0.236629 0.238229 0.239829 0.241429 0.237529 0.237529 0.237529 0.237529 0.237529 0.237529 0.237529 0.237529 0.237529 0.236653 0.235778 0.234902 0.234027 0.233151 0.232276 0.231400 0.213457 0.211216 0.208976 0.206735 0.204494 0.202253 0.200012 0.197771 0.196657 0.196896 0.197135 0.197373 0.197612 0.197851 0.198090 0.198329 0.198329 0.197771 0.197214 0.196657 0.196100 0.195543 0.194986 0.194429 0.196100 0.196100 0.196100 0.196100 0.196100 0.196100 0.196100 0.196100 0.193871 0.193951 0.194031 0.194110 0.194190 0.194269 0.194349 0.194429
0.192200 0.191792 0.191384 0.190976 0.190567 0.190159 0.189751 0.189343 0.192200 0.192598 0.192996 0.193394 0.193792 0.194190 0.194588 0.194986 0.196100 0.196100 0.196100 0.196100 0.196100 0.196100 0.196100 0.196100 0.198886 0.198488 0.198090 0.197692 0.197294 0.196896 0.196498 0.196100 0.198886 0.198886 0.198886 0.198886 0.198886 0.198886 0.198886 0.198886 0.207857 0.211220 0.214584 0.217947 0.221310 0.224673 0.228037 0.231400 0.235300 0.236096 0.236892 0.237688 0.238484 0.239280 0.240076 0.240871 0.238086 0.238643 0.239200 0.239757 0.240314 0.240871 0.241429 0.241986 0.245957 0.245549 0.245141 0.244733 0.244324 0.243916 0.243508 0.243100 0.245957 0.246355 0.246753 0.247151 0.247549 0.247947 0.248345 0.248743 0.249886 0.250284 0.250682 0.251080 0.251478 0.251875 0.252273 0.252671 0.253786 0.254025 0.254263 0.254502 0.254741 0.254980 0.255218 0.255457 0.254900 0.254900 0.254900 0.254900 0.254900 0.254900 0.254900 0.254900 0.256571 0.256571 0.256571 0.256571 0.256571 0.256571 0.256571 0.256571 0.258800 0.258720 0.258641 0.258561 0.258482 0.258402 0.258322 0.258243 0.257686 0.257686 0.257686 0.257686 0.257686 0.257686 0.257686 0.257686 0.261586 0.261029 0.260471 0.259914 0.259357 0.258800 0.258243 0.257686 0.259357 0.259118 0.258880 0.258641 0.258402 0.258163 0.257924 0.257686 0.257686 0.257924 0.258163 0.258402 0.258641 0.258880 0.259118 0.259357 0.256571 0.253776 0.250980 0.248184 0.245388 0.242592 0.239796 0.237000 0.256571 0.252571 0.248571 0.244571 0.240571 0.236571 0.232571 0.228571 0.211786 0.211627 0.211467 0.211308 0.211149 0.210990 0.210831 0.210671 0.228571 0.226810 0.225049 0.223288 0.221527 0.219765 0.218004 0.216243 0.215100 0.219508 0.223916 0.228324 0.232733 0.237141 0.241549 0.245957 0.227986 0.229986 0.231986 0.233986 0.235986 0.237986 0.239986 0.241986 0.238086 0.238086 0.238086 0.238086 0.238086 0.238086 0.238086 0.238086 0.238086 0.237131 0.236176 0.235220 0.234265 0.233310 0.232355 0.231400 0.208971 0.207292 0.205612 0.203933 0.202253 0.200573 0.198894 0.197214 0.197771 0.197931 0.198090 0.198249 0.198408 0.198567 0.198727 0.198886 0.198886 0.198329 0.197771 0.197214 0.196657 0.196100 0.195543 0.194986 0.196100 0.196100 0.196100 0.196100 0.196100 0.196100 0.196100 0.196100 0.193314 0.193553 0.193792 0.194031 0.194269 0.194508 0.194747 0.194986
0.192200 0.191710 0.191220 0.190731 0.190241 0.189751 0.189261 0.188771 0.192200 0.192678 0.193155 0.193633 0.194110 0.194588 0.195065 0.195543 0.196100 0.196100 0.196100 0.196100 0.196100 0.196100 0.196100 0.196100 0.199443 0.198965 0.198488 0.198010 0.197533 0.197055 0.196578 0.196100 0.199443 0.199443 0.199443 0.199443 0.199443 0.199443 0.199443 0.199443 0.203929 0.207853 0.211778 0.215702 0.219627 0.223551 0.227476 0.231400 0.235300 0.236255 0.237210 0.238165 0.239120 0.240075 0.241031 0.241986 0.238643 0.239200 0.239757 0.240314 0.240871 0.241429 0.241986 0.242543 0.246529 0.246039 0.245549 0.245059 0.244569 0.244080 0.243590 0.243100 0.246529 0.247006 0.247484 0.247961 0.248439 0.248916 0.249394 0.249871 0.250443 0.250920 0.251398 0.251875 0.252353 0.252831 0.253308 0.253786 0.254343 0.254741 0.255139 0.255537 0.255935 0.256333 0.256731 0.257129 0.254900 0.254900 0.254900 0.254900 0.254900 0.254900 0.254900 0.254900 0.257686 0.257686 0.257686 0.257686 0.257686 0.257686 0.257686 0.257686 0.258800 0.259039 0.259278 0.259516 0.259755 0.259994 0.260233 0.260471 0.258243 0.258243 0.258243 0.258243 0.258243 0.258243 0.258243 0.258243 0.262143 0.261586 0.261029 0.260471 0.259914 0.259357 0.258800 0.258243 0.261029 0.260631 0.260233 0.259835 0.259437 0.259039 0.258641 0.258243 0.258243 0.258641 0.259039 0.259437 0.259835 0.260233 0.260631 0.261029 0.257686 0.254331 0.250976 0.247620 0.244265 0.240910 0.237555 0.234200 0.257686 0.252886 0.248086 0.243286 0.238486 0.233686 0.228886 0.224086 0.203943 0.203863 0.203784 0.203704 0.203624 0.203545 0.203465 0.203386 0.224086 0.222084 0.220082 0.218080 0.216078 0.214075 0.212073 0.210071 0.209500 0.214790 0.220080 0.225369 0.230659 0.235949 0.241239 0.246529 0.225743 0.228143 0.230543 0.232943 0.235343 0.237743 0.240143 0.242543 0.238643 0.238643 0.238643 0.238643 0.238643 0.238643 0.238643 0.238643 0.238643 0.237608 0.236573 0.235539 0.234504 0.233469 0.232435 0.231400 0.204486 0.203367 0.202249 0.201131 0.200012 0.198894 0.197776 0.196657 0.198886 0.198965 0.199045 0.199125 0.199204 0.199284 0.199363 0.199443 0.199443 0.198886 0.198329 0.197771 0.197214 0.196657 0.196100 0.195543 0.196100 0.196100 0.196100 0.196100 0.196100 0.196100 0.196100 0.196100 0.192757 0.193155 0.193553 0.193951 0.194349 0.194747 0.195145 0.195543
0.192200 0.191629 0.191057 0.190486 0.189914 0.189343 0.188771 0.188200 0.192200 0.192757 0.193314 0.193871 0.194429 0.194986 0.195543 0.196100 0.196100 0.196100 0.196100 0.196100 0.196100 0.196100 0.196100 0.196100 0.200000 0.199443 0.198886 0.198329 0.197771 0.197214 0.196657 0.196100 0.200000 0.200000 0.200000 0.200000 0.200000 0.200000 0.200000 0.200000 0.200000 0.204486 0.208971 0.213457 0.217943 0.222429 0.226914 0.231400 0.235300 0.236414 0.237529 0.238643 0.239757 0.240871 0.241986 0.243100 0.239200 0.239757 0.240314 0.240871 0.241429 0.241986 0.242543 0.243100 0.247100 0.246529 0.245957 0.245386 0.244814 0.244243 0.243671 0.243100 0.247100 0.247657 0.248214 0.248771 0.249329 0.249886 0.250443 0.251000 0.251000 0.251557 0.252114 0.252671 0.253229 0.253786 0.254343 0.254900 0.254900 0.255457 0.256014 0.256571 0.257129 0.257686 0.258243 0.258800 0.254900 0.254900 0.254900 0.254900 0.254900 0.254900 0.254900 0.254900 0.258800 0.258800 0.258800 0.258800 0.258800 0.258800 0.258800 0.258800 0.258800 0.259357 0.259914 0.260471 0.261029 0.261586 0.262143 0.262700 0.258800 0.258800 0.258800 0.258800 0.258800 0.258800 0.258800 0.258800 0.262700 0.262143 0.261586 0.261029 0.260471 0.259914 0.259357 0.258800 0.262700 0.262143 0.261586 0.261029 0.260471 0.259914 0.259357 0.258800 0.258800 0.259357 0.259914 0.260471 0.261029 0.261586 0.262143 0.262700 0.258800 0.254886 0.250971 0.247057 0.243143 0.239229 0.235314 0.231400 0.258800 0.253200 0.247600 0.242000 0.236400 0.230800 0.225200 0.219600 0.196100 0.196100 0.196100 0.196100 0.196100 0.196100 0.196100 0.196100 0.219600 0.217357 0.215114 0.212871 0.210629 0.208386 0.206143 0.203900 0.203900 0.210071 0.216243 0.222414 0.228586 0.234757 0.240929 0.247100 0.223500 0.226300 0.229100 0.231900 0.234700 0.237500 0.240300 0.243100 0.239200 0.239200 0.239200 0.239200 0.239200 0.239200 0.239200 0.239200 0.239200 0.238086 0.236971 0.235857 0.234743 0.233629 0.232514 0.231400 0.200000 0.199443 0.198886 0.198329 0.197771 0.197214 0.196657 0.196100 0.200000 0.200000 0.200000 0.200000 0.200000 0.200000 0.200000 0.200000 0.200000 0.199443 0.198886 0.198329 0.197771 0.197214 0.196657 0.196100 0.196100 0.196100 0.196100 0.196100 0.196100 0.196100 0.196100 0.196100 0.192200 0.192757 0.193314 0.193871 0.194429 0.194986 0.195543 0.196100
0.192200 0.192200 0.192200 0.192200 0.192200 0.192200 0.192200 0.192200 0.192200 0.192757 0.193314 0.193871 0.194429 0.194986 0.195543 0.196100 0.200000 0.200000 0.200000 0.200000 0.200000 0.200000 0.200000 0.200000 0.200000 0.200000 0.200000 0.200000 0.200000 0.200000 0.200000 0.200000 0.200000 0.200557 0.201114 0.201671 0.202229 0.202786 0.203343 0.203900 0.203900 0.203900 0.203900 0.203900 0.203900 0.203900 0.203900 0.203900 0.235300 0.235857 0.236414 0.236971 0.237529 0.238086 0.238643 0.239200 0.247100 0.246529 0.245957 0.245386 0.244814 0.244243 0.243671 0.243100 0.251000 0.250443 0.249886 0.249329 0.248771 0.248214 0.247657 0.247100 0.254900 0.254900 0.254900 0.254900 0.254900 0.254900 0.254900 0.254900 0.254900 0.254900 0.254900 0.254900 0.254900 0.254900 0.254900 0.254900 0.258800 0.259357 0.259914 0.260471 0.261029 0.261586 0.262143 0.262700 0.262700 0.262700 0.262700 0.262700 0.262700 0.262700 0.262700 0.262700 0.258800 0.259929 0.261057 0.262186 0.263314 0.264443 0.265571 0.266700 0.266700 0.266700 0.266700 0.266700 0.266700 0.266700 0.266700 0.266700 0.266700 0.267257 0.267814 0.268371 0.268929 0.269486 0.270043 0.270600 0.270600 0.270043 0.269486 0.268929 0.268371 0.267814 0.267257 0.266700 0.270600 0.268914 0.267229 0.265543 0.263857 0.262171 0.260486 0.258800 0.247100 0.244300 0.241500 0.238700 0.235900 0.233100 0.230300 0.227500 0.215700 0.212343 0.208986 0.205629 0.202271 0.198914 0.195557 0.192200 0.164700 0.164143 0.163586 0.163029 0.162471 0.161914 0.161357 0.160800 0.203900 0.197743 0.191586 0.185429 0.179271 0.173114 0.166957 0.160800 0.184300 0.184300 0.184300 0.184300 0.184300 0.184300 0.184300 0.184300 0.196100 0.196100 0.196100 0.196100 0.196100 0.196100 0.196100 0.196100 0.215700 0.218500 0.221300 0.224100 0.226900 0.229700 0.232500 0.235300 0.231400 0.233071 0.234743 0.236414 0.238086 0.239757 0.241429 0.243100 0.239200 0.234157 0.229114 0.224071 0.219029 0.213986 0.208943 0.203900 0.203900 0.203343 0.202786 0.202229 0.201671 0.201114 0.200557 0.200000 0.200000 0.200000 0.200000 0.200000 0.200000 0.200000 0.200000 0.200000 0.196100 0.196657 0.197214 0.197771 0.198329 0.198886 0.199443 0.200000 0.200000 0.199443 0.198886 0.198329 0.197771 0.197214 0.196657 0.196100 0.196100 0.196100 0.196100 0.196100 0.196100 0.196100 0.196100 0.196100
0.192757 0.192757 0.192757 0.192757 0.192757 0.192757 0.192757 0.192757 0.192757 0.193314 0.193871 0.194429 0.194986 0.195543 0.196100 0.196657 0.200557 0.200478 0.200398 0.200318 0.200239 0.200159 0.200080 0.200000 0.200000 0.200000 0.200000 0.200000 0.200000 0.200000 0.200000 0.200000 0.200000 0.200557 0.201114 0.201671 0.202229 0.202786 0.203343 0.203900 0.203900 0.203980 0.204059 0.204139 0.204218 0.204298 0.204378 0.204457 0.231371 0.231849 0.232327 0.232804 0.233282 0.233759 0.234237 0.234714 0.246529 0.246120 0.245712 0.245304 0.244896 0.244488 0.244080 0.243671 0.251000 0.250682 0.250363 0.250045 0.249727 0.249408 0.249090 0.248771 0.254900 0.254900 0.254900 0.254900 0.254900 0.254900 0.254900 0.254900 0.255457 0.255537 0.255616 0.255696 0.255776 0.255855 0.255935 0.256014 0.259929 0.260325 0.260720 0.261116 0.261512 0.261908 0.262304 0.262700 0.263829 0.263829 0.263829 0.263829 0.263829 0.263829 0.263829 0.263829 0.261043 0.262010 0.262978 0.263945 0.264912 0.265880 0.266847 0.267814 0.268371 0.268292 0.268212 0.268133 0.268053 0.267973 0.267894 0.267814 0.268371 0.268690 0.269008 0.269327 0.269645 0.269963 0.270282 0.270600 0.271714 0.270916 0.270118 0.269320 0.268522 0.267724 0.266927 0.266129 0.266114 0.263469 0.260825 0.258180 0.255535 0.252890 0.250245 0.247600 0.233086 0.231006 0.228927 0.226847 0.224767 0.222688 0.220608 0.218529 0.204500 0.201622 0.198745 0.195867 0.192990 0.190112 0.187235 0.184357 0.160786 0.160308 0.159831 0.159353 0.158876 0.158398 0.157920 0.157443 0.194386 0.189108 0.183831 0.178553 0.173276 0.167998 0.162720 0.157443 0.177586 0.177586 0.177586 0.177586 0.177586 0.177586 0.177586 0.177586 0.187700 0.187939 0.188178 0.188416 0.188655 0.188894 0.189133 0.189371 0.211214 0.214014 0.216814 0.219614 0.222414 0.225214 0.228014 0.230814 0.231957 0.232749 0.233541 0.234333 0.235124 0.235916 0.236708 0.237500 0.234714 0.230312 0.225910 0.221508 0.217106 0.212704 0.208302 0.203900 0.203900 0.203422 0.202945 0.202467 0.201990 0.201512 0.201035 0.200557 0.201114 0.201035 0.200955 0.200876 0.200796 0.200716 0.200637 0.200557 0.196657 0.197135 0.197612 0.198090 0.198567 0.199045 0.199522 0.200000 0.200000 0.199443 0.198886 0.198329 0.197771 0.197214 0.196657 0.196100 0.196100 0.196100 0.196100 0.196100 0.196100 0.196100 0.196100 0.196100
0.193314 0.193314 0.193314 0.193314 0.193314 0.193314 0.193314 0.193314 0.193314 0.193871 0.194429 0.194986 0.195543 0.196100 0.196657 0.197214 0.201114 0.200955 0.200796 0.200637 0.200478 0.200318 0.200159 0.200000 0.200000 0.200000 0.200000 0.200000 0.200000 0.200000 0.200000 0.200000 0.200000 0.200557 0.201114 0.201671 0.202229 0.202786 0.203343 0.203900 0.203900 0.204059 0.204218 0.204378 0.204537 0.204696 0.204855 0.205014 0.227443 0.227841 0.228239 0.228637 0.229035 0.229433 0.229831 0.230229 0.245957 0.245712 0.245467 0.245222 0.244978 0.244733 0.244488 0.244243 0.251000 0.250920 0.250841 0.250761 0.250682 0.250602 0.250522 0.250443 0.254900 0.254900 0.254900 0.254900 0.254900 0.254900 0.254900 0.254900 0.256014 0.256173 0.256333 0.256492 0.256651 0.256810 0.256969 0.257129 0.261057 0.261292 0.261527 0.261761 0.261996 0.262231 0.262465 0.262700 0.264957 0.264957 0.264957 0.264957 0.264957 0.264957 0.264957 0.264957 0.263286 0.264092 0.264898 0.265704 0.266510 0.267316 0.268122 0.268929 0.270043 0.269884 0.269724 0.269565 0.269406 0.269247 0.269088 0.268929 0.270043 0.270122 0.270202 0.270282 0.270361 0.270441 0.270520 0.270600 0.272829 0.271790 0.270751 0.269712 0.268673 0.267635 0.266596 0.265557 0.261629 0.258024 0.254420 0.250816 0.247212 0.243608 0.240004 0.236400 0.219071 0.217712 0.216353 0.214994 0.213635 0.212276 0.210916 0.209557 0.193300 0.190902 0.188504 0.186106 0.183708 0.181310 0.178912 0.176514 0.156871 0.156473 0.156076 0.155678 0.155280 0.154882 0.154484 0.154086 0.184871 0.180473 0.176076 0.171678 0.167280 0.162882 0.158484 0.154086 0.170871 0.170871 0.170871 0.170871 0.170871 0.170871 0.170871 0.170871 0.179300 0.179778 0.180255 0.180733 0.181210 0.181688 0.182165 0.182643 0.206729 0.209529 0.212329 0.215129 0.217929 0.220729 0.223529 0.226329 0.232514 0.232427 0.232339 0.232251 0.232163 0.232076 0.231988 0.231900 0.230229 0.226467 0.222706 0.218945 0.215184 0.211422 0.207661 0.203900 0.203900 0.203502 0.203104 0.202706 0.202308 0.201910 0.201512 0.201114 0.202229 0.202069 0.201910 0.201751 0.201592 0.201433 0.201273 0.201114 0.197214 0.197612 0.198010 0.198408 0.198806 0.199204 0.199602 0.200000 0.200000 0.199443 0.198886 0.198329 0.197771 0.197214 0.196657 0.196100 0.196100 0.196100 0.196100 0.196100 0.196100 0.196100 0.196100 0.196100
0.193871 0.193871 0.193871 0.193871 0.193871 0.193871 0.193871 0.193871 0.193871 0.194429 0.194986 0.195543 0.196100 0.196657 0.197214 0.197771 0.201671 0.201433 0.201194 0.200955 0.200716 0.200478 0.200239 0.200000 0.200000 0.200000 0.200000 0.200000 0.200000 0.200000 0.200000 0.200000 0.200000 0.200557 0.201114 0.201671 0.202229 0.202786 0.203343 0.203900 0.203900 0.204139 0.204378 0.204616 0.204855 0.205094 0.205333 0.205571 0.223514 0.223833 0.224151 0.224469 0.224788 0.225106 0.225424 0.225743 0.245386 0.245304 0.245222 0.245141 0.245059 0.244978 0.244896 0.244814 0.251000 0.251159 0.251318 0.251478 0.251637 0.251796 0.251955 0.252114 0.254900 0.254900 0.254900 0.254900 0.254900 0.254900 0.254900 0.254900 0.256571 0.256810 0.257049 0.257288 0.257527 0.257765 0.258004 0.258243 0.262186 0.262259 0.262333 0.262406 0.262480 0.262553 0.262627 0.262700 0.266086 0.266086 0.266086 0.266086 0.266086 0.266086 0.266086 0.266086 0.265529 0.266173 0.266818 0.267463 0.268108 0.268753 0.269398 0.270043 0.271714 0.271476 0.271237 0.270998 0.270759 0.270520 0.270282 0.270043 0.271714 0.271555 0.271396 0.271237 0.271078 0.270918 0.270759 0.270600 0.273943 0.272663 0.271384 0.270104 0.268824 0.267545 0.266265 0.264986 0.257143 0.252580 0.248016 0.243453 0.238890 0.234327 0.229763 0.225200 0.205057 0.204418 0.203780 0.203141 0.202502 0.201863 0.201224 0.200586 0.182100 0.180182 0.178263 0.176345 0.174427 0.172508 0.170590 0.168671 0.152957 0.152639 0.152320 0.152002 0.151684 0.151365 0.151047 0.150729 0.175357 0.171839 0.168320 0.164802 0.161284 0.157765 0.154247 0.150729 0.164157 0.164157 0.164157 0.164157 0.164157 0.164157 0.164157 0.164157 0.170900 0.171616 0.172333 0.173049 0.173765 0.174482 0.175198 0.175914 0.202243 0.205043 0.207843 0.210643 0.213443 0.216243 0.219043 0.221843 0.233071 0.232104 0.231137 0.230169 0.229202 0.228235 0.227267 0.226300 0.225743 0.222622 0.219502 0.216382 0.213261 0.210141 0.207020 0.203900 0.203900 0.203582 0.203263 0.202945 0.202627 0.202308 0.201990 0.201671 0.203343 0.203104 0.202865 0.202627 0.202388 0.202149 0.201910 0.201671 0.197771 0.198090 0.198408 0.198727 0.199045 0.199363 0.199682 0.200000 0.200000 0.199443 0.198886 0.198329 0.197771 0.197214 0.196657 0.196100 0.196100 0.196100 0.196100 0.196100 0.196100 0.196100 0.196100 0.196100
0.194429 0.194429 0.194429 0.194429 0.194429 0.194429 0.194429 0.194429 0.194429 0.194986 0.195543 0.196100 0.196657 0.197214 0.197771 0.198329 0.202229 0.201910 0.201592 0.201273 0.200955 0.200637 0.200318 0.200000 0.200000 0.200000 0.200000 0.200000 0.200000 0.200000 0.200000 0.200000 0.200000 0.200557 0.201114 0.201671 0.202229 0.202786 0.203343 0.203900 0.203900 0.204218 0.204537 0.204855 0.205173 0.205492 0.205810 0.206129 0.219586 0.219824 0.220063 0.220302 0.220541 0.220780 0.221018 0.221257 0.244814 0.244896 0.244978 0.245059 0.245141 0.245222 0.245304 0.245386 0.251000 0.251398 0.251796 0.252194 0.252592 0.252990 0.253388 0.253786 0.254900 0.254900 0.254900 0.254900 0.254900 0.254900 0.254900 0.254900 0.257129 0.257447 0.257765 0.258084 0.258402 0.258720 0.259039 0.259357 0.263314 0.263227 0.263139 0.263051 0.262963 0.262875 0.262788 0.262700 0.267214 0.267214 0.267214 0.267214 0.267214 0.267214 0.267214 0.267214 0.267771 0.268255 0.268739 0.269222 0.269706 0.270190 0.270673 0.271157 0.273386 0.273067 0.272749 0.272431 0.272112 0.271794 0.271476 0.271157 0.273386 0.272988 0.272590 0.272192 0.271794 0.271396 0.270998 0.270600 0.275057 0.273537 0.272016 0.270496 0.268975 0.267455 0.265935 0.264414 0.252657 0.247135 0.241612 0.236090 0.230567 0.225045 0.219522 0.214000 0.191043 0.191124 0.191206 0.191288 0.191369 0.191451 0.191533 0.191614 0.170900 0.169461 0.168022 0.166584 0.165145 0.163706 0.162267 0.160829 0.149043 0.148804 0.148565 0.148327 0.148088 0.147849 0.147610 0.147371 0.165843 0.163204 0.160565 0.157927 0.155288 0.152649 0.150010 0.147371 0.157443 0.157443 0.157443 0.157443 0.157443 0.157443 0.157443 0.157443 0.162500 0.163455 0.164410 0.165365 0.166320 0.167276 0.168231 0.169186 0.197757 0.200557 0.203357 0.206157 0.208957 0.211757 0.214557 0.217357 0.233629 0.231782 0.229935 0.228088 0.226241 0.224394 0.222547 0.220700 0.221257 0.218778 0.216298 0.213818 0.211339 0.208859 0.206380 0.203900 0.203900 0.203661 0.203422 0.203184 0.202945 0.202706 0.202467 0.202229 0.204457 0.204139 0.203820 0.203502 0.203184 0.202865 0.202547 0.202229 0.198329 0.198567 0.198806 0.199045 0.199284 0.199522 0.199761 0.200000 0.200000 0.199443 0.198886 0.198329 0.197771 0.197214 0.196657 0.196100 0.196100 0.196100 0.196100 0.196100 0.196100 0.196100 0.196100 0.196100
0.194986 0.194986 0.194986 0.194986 0.194986 0.194986 0.194986 0.194986 0.194986 0.195543 0.196100 0.196657 0.197214 0.197771 0.198329 0.198886 0.202786 0.202388 0.201990 0.201592 0.201194 0.200796 0.200398 0.200000 0.200000 0.200000 0.200000 0.200000 0.200000 0.200000 0.200000 0.200000 0.200000 0.200557 0.201114 0.201671 0.202229 0.202786 0.203343 0.203900 0.203900 0.204298 0.204696 0.205094 0.205492 0.205890 0.206288 0.206686 0.215657 0.215816 0.215976 0.216135 0.216294 0.216453 0.216612 0.216771 0.244243 0.244488 0.244733 0.244978 0.245222 0.245467 0.245712 0.245957 0.251000 0.251637 0.252273 0.252910 0.253547 0.254184 0.254820 0.255457 0.254900 0.254900 0.254900 0.254900 0.254900 0.254900 0.254900 0.254900 0.257686 0.258084 0.258482 0.258880 0.259278 0.259676 0.260073 0.260471 0.264443 0.264194 0.263945 0.263696 0.263447 0.263198 0.262949 0.262700 0.268343 0.268343 0.268343 0.268343 0.268343 0.268343 0.268343 0.268343 0.270014 0.270337 0.270659 0.270982 0.271304 0.271627 0.271949 0.272271 0.275057 0.274659 0.274261 0.273863 0.273465 0.273067 0.272669 0.272271 0.275057 0.274420 0.273784 0.273147 0.272510 0.271873 0.271237 0.270600 0.276171 0.274410 0.272649 0.270888 0.269127 0.267365 0.265604 0.263843 0.248171 0.241690 0.235208 0.228727 0.222245 0.215763 0.209282 0.202800 0.177029 0.177831 0.178633 0.179435 0.180237 0.181039 0.181841 0.182643 0.159700 0.158741 0.157782 0.156822 0.155863 0.154904 0.153945 0.152986 0.145129 0.144969 0.144810 0.144651 0.144492 0.144333 0.144173 0.144014 0.156329 0.154569 0.152810 0.151051 0.149292 0.147533 0.145773 0.144014 0.150729 0.150729 0.150729 0.150729 0.150729 0.150729 0.150729 0.150729 0.154100 0.155294 0.156488 0.157682 0.158876 0.160069 0.161263 0.162457 0.193271 0.196071 0.198871 0.201671 0.204471 0.207271 0.210071 0.212871 0.234186 0.231459 0.228733 0.226006 0.223280 0.220553 0.217827 0.215100 0.216771 0.214933 0.213094 0.211255 0.209416 0.207578 0.205739 0.203900 0.203900 0.203741 0.203582 0.203422 0.203263 0.203104 0.202945 0.202786 0.205571 0.205173 0.204776 0.204378 0.203980 0.203582 0.203184 0.202786 0.198886 0.199045 0.199204 0.199363 0.199522 0.199682 0.199841 0.200000 0.200000 0.199443 0.198886 0.198329 0.197771 0.197214 0.196657 0.196100 0.196100 0.196100 0.196100 0.196100 0.196100 0.196100 0.196100 0.196100
0.195543 0.195543 0.195543 0.195543 0.195543 0.195543 0.195543 0.195543 0.195543 0.196100 0.196657 0.197214 0.197771 0.198329 0.198886 0.199443 0.203343 0.202865 0.202388 0.201910 0.201433 0.200955 0.200478 0.200000 0.200000 0.200000 0.200000 0.200000 0.200000 0.200000 0.200000 0.200000 0.200000 0.200557 0.201114 0.201671 0.202229 0.202786 0.203343 0.203900 0.203900 0.204378 0.204855 0.205333 0.205810 0.206288 0.206765 0.207243 0.211729 0.211808 0.211888 0.211967 0.212047 0.212127 0.212206 0.212286 0.243671 0.244080 0.244488 0.244896 0.245304 0.245712 0.246120 0.246529 0.251000 0.251875 0.252751 0.253627 0.254502 0.255378 0.256253 0.257129 0.254900 0.254900 0.254900 0.254900 0.254900 0.254900 0.254900 0.254900 0.258243 0.258720 0.259198 0.259676 0.260153 0.260631 0.261108 0.261586 0.265571 0.265161 0.264751 0.264341 0.263931 0.263520 0.263110 0.262700 0.269471 0.269471 0.269471 0.269471 0.269471 0.269471 0.269471 0.269471 0.272257 0.272418 0.272580 0.272741 0.272902 0.273063 0.273225 0.273386 0.276729 0.276251 0.275773 0.275296 0.274818 0.274341 0.273863 0.273386 0.276729 0.275853 0.274978 0.274102 0.273227 0.272351 0.271475 0.270600 0.277286 0.275284 0.273282 0.271280 0.269278 0.267276 0.265273 0.263271 0.243686 0.236245 0.228804 0.221363 0.213922 0.206482 0.199041 0.191600 0.163014 0.164537 0.166059 0.167582 0.169104 0.170627 0.172149 0.173671 0.148500 0.148020 0.147541 0.147061 0.146582 0.146102 0.145622 0.145143 0.141214 0.141135 0.141055 0.140976 0.140896 0.140816 0.140737 0.140657 0.146814 0.145935 0.145055 0.144175 0.143296 0.142416 0.141537 0.140657 0.144014 0.144014 0.144014 0.144014 0.144014 0.144014 0.144014 0.144014 0.145700 0.147133 0.148565 0.149998 0.151431 0.152863 0.154296 0.155729 0.188786 0.191586 0.194386 0.197186 0.199986 0.202786 0.205586 0.208386 0.234743 0.231137 0.227531 0.223924 0.220318 0.216712 0.213106 0.209500 0.212286 0.211088 0.209890 0.208692 0.207494 0.206296 0.205098 0.203900 0.203900 0.203820 0.203741 0.203661 0.203582 0.203502 0.203422 0.203343 0.206686 0.206208 0.205731 0.205253 0.204776 0.204298 0.203820 0.203343 0.199443 0.199522 0.199602 0.199682 0.199761 0.199841 0.199920 0.200000 0.200000 0.199443 0.198886 0.198329 0.197771 0.197214 0.196657 0.196100 0.196100 0.196100 0.196100 0.196100 0.196100 0.196100 0.196100 0.196100
0.196100 0.196100 0.196100 0.196100 0.196100 0.196100 0.196100 0.196100 0.196100 0.196657 0.197214 0.197771 0.198329 0.198886 0.199443 0.200000 0.203900 0.203343 0.202786 0.202229 0.201671 0.201114 0.200557 0.200000 0.200000 0.200000 0.200000 0.200000 0.200000 0.200000 0.200000 0.200000 0.200000 0.200557 0.201114 0.201671 0.202229 0.202786 0.203343 0.203900 0.203900 0.204457 0.205014 0.205571 0.206129 0.206686 0.207243 0.207800 0.207800 0.207800 0.207800 0.207800 0.207800 0.207800 0.207800 0.207800 0.243100 0.243671 0.244243 0.244814 0.245386 0.245957 0.246529 0.247100 0.251000 0.252114 0.253229 0.254343 0.255457 0.256571 0.257686 0.258800 0.254900 0.254900 0.254900 0.254900 0.254900 0.254900 0.254900 0.254900 0.258800 0.259357 0.259914 0.260471 0.261029 0.261586 0.262143 0.262700 0.266700 0.266129 0.265557 0.264986 0.264414 0.263843 0.263271 0.262700 0.270600 0.270600 0.270600 0.270600 0.270600 0.270600 0.270600 0.270600 0.274500 0.274500 0.274500 0.274500 0.274500 0.274500 0.274500 0.274500 0.278400 0.277843 0.277286 0.276729 0.276171 0.275614 0.275057 0.274500 0.278400 0.277286 0.276171 0.275057 0.273943 0.272829 0.271714 0.270600 0.278400 0.276157 0.273914 0.271671 0.269429 0.267186 0.264943 0.262700 0.239200 0.230800 0.222400 0.214000 0.205600 0.197200 0.188800 0.180400 0.149000 0.151243 0.153486 0.155729 0.157971 0.160214 0.162457 0.164700 0.137300 0.137300 0.137300 0.137300 0.137300 0.137300 0.137300 0.137300 0.137300 0.137300 0.137300 0.137300 0.137300 0.137300 0.137300 0.137300 0.137300 0.137300 0.137300 0.137300 0.137300 0.137300 0.137300 0.137300 0.137300 0.137300 0.137300 0.137300 0.137300 0.137300 0.137300 0.137300 0.137300 0.138971 0.140643 0.142314 0.143986 0.145657 0.147329 0.149000 0.184300 0.187100 0.189900 0.192700 0.195500 0.198300 0.201100 0.203900 0.235300 0.230814 0.226329 0.221843 0.217357 0.212871 0.208386 0.203900 0.207800 0.207243 0.206686 0.206129 0.205571 0.205014 0.204457 0.203900 0.203900 0.203900 0.203900 0.203900 0.203900 0.203900 0.203900 0.203900 0.207800 0.207243 0.206686 0.206129 0.205571 0.205014 0.204457 0.203900 0.200000 0.200000 0.200000 0.200000 0.200000 0.200000 0.200000 0.200000 0.200000 0.199443 0.198886 0.198329 0.197771 0.197214 0.196657 0.196100 0.196100 0.196100 0.196100 0.196100 0.196100 0.196100 0.196100 0.196100
0.196100 0.196100 0.196100 0.196100 0.196100 0.196100 0.196100 0.196100 0.196100 0.196100 0.196100 0.196100 0.196100 0.196100 0.196100 0.196100 0.196100 0.196657 0.197214 0.197771 0.198329 0.198886 0.199443 0.200000 0.203900 0.203900 0.203900 0.203900 0.203900 0.203900 0.203900 0.203900 0.203900 0.204457 0.205014 0.205571 0.206129 0.206686 0.207243 0.207800 0.207800 0.207243 0.206686 0.206129 0.205571 0.205014 0.204457 0.203900 0.211800 0.211800 0.211800 0.211800 0.211800 0.211800 0.211800 0.211800 0.211800 0.216843 0.221886 0.226929 0.231971 0.237014 0.242057 0.247100 0.251000 0.252114 0.253229 0.254343 0.255457 0.256571 0.257686 0.258800 0.258800 0.258800 0.258800 0.258800 0.258800 0.258800 0.258800 0.258800 0.266700 0.266700 0.266700 0.266700 0.266700 0.266700 0.266700 0.266700 0.274500 0.275057 0.275614 0.276171 0.276729 0.277286 0.277843 0.278400 0.278400 0.278400 0.278400 0.278400 0.278400 0.278400 0.278400 0.278400 0.282400 0.282400 0.282400 0.282400 0.282400 0.282400 0.282400 0.282400 0.286300 0.286300 0.286300 0.286300 0.286300 0.286300 0.286300 0.286300 0.286300 0.286300 0.286300 0.286300 0.286300 0.286300 0.286300 0.286300 0.254900 0.253786 0.252671 0.251557 0.250443 0.249329 0.248214 0.247100 0.152900 0.150671 0.148443 0.146214 0.143986 0.141757 0.139529 0.137300 0.137300 0.137300 0.137300 0.137300 0.137300 0.137300 0.137300 0.137300 0.137300 0.137300 0.137300 0.137300 0.137300 0.137300 0.137300 0.137300 0.137300 0.137300 0.137300 0.137300 0.137300 0.137300 0.137300 0.137300 0.137300 0.137300 0.137300 0.137300 0.137300 0.137300 0.137300 0.137300 0.137300 0.137300 0.137300 0.137300 0.137300 0.137300 0.137300 0.137300 0.149000 0.147329 0.145657 0.143986 0.142314 0.140643 0.138971 0.137300 0.184300 0.189343 0.194386 0.199429 0.204471 0.209514 0.214557 0.219600 0.203900 0.205029 0.206157 0.207286 0.208414 0.209543 0.210671 0.211800 0.211800 0.211229 0.210657 0.210086 0.209514 0.208943 0.208371 0.207800 0.203900 0.203900 0.203900 0.203900 0.203900 0.203900 0.203900 0.203900 0.203900 0.203343 0.202786 0.202229 0.201671 0.201114 0.200557 0.200000 0.200000 0.200000 0.200000 0.200000 0.200000 0.200000 0.200000 0.200000 0.200000 0.199443 0.198886 0.198329 0.197771 0.197214 0.196657 0.196100 0.200000 0.199443 0.198886 0.198329 0.197771 0.197214 0.196657 0.196100
0.196100 0.196180 0.196259 0.196339 0.196418 0.196498 0.196578 0.196657 0.196657 0.196657 0.196657 0.196657 0.196657 0.196657 0.196657 0.196657 0.196657 0.197135 0.197612 0.198090 0.198567 0.199045 0.199522 0.200000 0.203343 0.203502 0.203661 0.203820 0.203980 0.204139 0.204298 0.204457 0.203900 0.204457 0.205014 0.205571 0.206129 0.206686 0.207243 0.207800 0.207800 0.207322 0.206845 0.206367 0.205890 0.205412 0.204935 0.204457 0.211800 0.211880 0.211959 0.212039 0.212118 0.212198 0.212278 0.212357 0.211800 0.216202 0.220604 0.225006 0.229408 0.233810 0.238212 0.242614 0.251557 0.252592 0.253627 0.254661 0.255696 0.256731 0.257765 0.258800 0.259357 0.259518 0.259680 0.259841 0.260002 0.260163 0.260325 0.260486 0.267257 0.267337 0.267416 0.267496 0.267576 0.267655 0.267735 0.267814 0.275057 0.275535 0.276012 0.276490 0.276967 0.277445 0.277922 0.278400 0.278971 0.278890 0.278808 0.278727 0.278645 0.278563 0.278482 0.278400 0.284071 0.284151 0.284231 0.284310 0.284390 0.284469 0.284549 0.284629 0.287414 0.287414 0.287414 0.287414 0.287414 0.287414 0.287414 0.287414 0.287414 0.287576 0.287737 0.287898 0.288059 0.288220 0.288382 0.288543 0.245371 0.243378 0.241384 0.239390 0.237396 0.235402 0.233408 0.231414 0.150671 0.148761 0.146851 0.144941 0.143031 0.141120 0.139210 0.137300 0.137300 0.137300 0.137300 0.137300 0.137300 0.137300 0.137300 0.137300 0.137300 0.137300 0.137300 0.137300 0.137300 0.137300 0.137300 0.137300 0.137300 0.137300 0.137300 0.137300 0.137300 0.137300 0.137300 0.137300 0.137300 0.137300 0.137300 0.137300 0.137300 0.137300 0.137300 0.137300 0.137300 0.137300 0.137300 0.137300 0.137300 0.137300 0.137300 0.137300 0.149000 0.147567 0.146135 0.144702 0.143269 0.141837 0.140404 0.138971 0.182614 0.187498 0.192382 0.197265 0.202149 0.207033 0.211916 0.216800 0.205586 0.206473 0.207361 0.208249 0.209137 0.210024 0.210912 0.211800 0.211229 0.210739 0.210249 0.209759 0.209269 0.208780 0.208290 0.207800 0.204457 0.204457 0.204457 0.204457 0.204457 0.204457 0.204457 0.204457 0.203900 0.203422 0.202945 0.202467 0.201990 0.201512 0.201035 0.200557 0.200557 0.200557 0.200557 0.200557 0.200557 0.200557 0.200557 0.200557 0.200557 0.200000 0.199443 0.198886 0.198329 0.197771 0.197214 0.196657 0.200000 0.199443 0.198886 0.198329 0.197771 0.197214 0.196657 0.196100
0.196100 0.196259 0.196418 0.196578 0.196737 0.196896 0.197055 0.197214 0.197214 0.197214 0.197214 0.197214 0.197214 0.197214 0.197214 0.197214 0.197214 0.197612 0.198010 0.198408 0.198806 0.199204 0.199602 0.200000 0.202786 0.203104 0.203422 0.203741 0.204059 0.204378 0.204696 0.205014 0.203900 0.204457 0.205014 0.205571 0.206129 0.206686 0.207243 0.207800 0.207800 0.207402 0.207004 0.206606 0.206208 0.205810 0.205412 0.205014 0.211800 0.211959 0.212118 0.212278 0.212437 0.212596 0.212755 0.212914 0.211800 0.215561 0.219322 0.223084 0.226845 0.230606 0.234367 0.238129 0.252114 0.253069 0.254025 0.254980 0.255935 0.256890 0.257845 0.258800 0.259914 0.260237 0.260559 0.260882 0.261204 0.261527 0.261849 0.262171 0.267814 0.267973 0.268133 0.268292 0.268451 0.268610 0.268769 0.268929 0.275614 0.276012 0.276410 0.276808 0.277206 0.277604 0.278002 0.278400 0.279543 0.279380 0.279216 0.279053 0.278890 0.278727 0.278563 0.278400 0.285743 0.285902 0.286061 0.286220 0.286380 0.286539 0.286698 0.286857 0.288529 0.288529 0.288529 0.288529 0.288529 0.288529 0.288529 0.288529 0.288529 0.288851 0.289173 0.289496 0.289818 0.290141 0.290463 0.290786 0.235843 0.232969 0.230096 0.227222 0.224349 0.221476 0.218602 0.215729 0.148443 0.146851 0.145259 0.143667 0.142076 0.140484 0.138892 0.137300 0.137300 0.137300 0.137300 0.137300 0.137300 0.137300 0.137300 0.137300 0.137300 0.137300 0.137300 0.137300 0.137300 0.137300 0.137300 0.137300 0.137300 0.137300 0.137300 0.137300 0.137300 0.137300 0.137300 0.137300 0.137300 0.137300 0.137300 0.137300 0.137300 0.137300 0.137300 0.137300 0.137300 0.137300 0.137300 0.137300 0.137300 0.137300 0.137300 0.137300 0.149000 0.147806 0.146612 0.145418 0.144224 0.143031 0.141837 0.140643 0.180929 0.185653 0.190378 0.195102 0.199827 0.204551 0.209276 0.214000 0.207271 0.207918 0.208565 0.209212 0.209859 0.210506 0.211153 0.211800 0.210657 0.210249 0.209841 0.209433 0.209024 0.208616 0.208208 0.207800 0.205014 0.205014 0.205014 0.205014 0.205014 0.205014 0.205014 0.205014 0.203900 0.203502 0.203104 0.202706 0.202308 0.201910 0.201512 0.201114 0.201114 0.201114 0.201114 0.201114 0.201114 0.201114 0.201114 0.201114 0.201114 0.200557 0.200000 0.199443 0.198886 0.198329 0.197771 0.197214 0.200000 0.199443 0.198886 0.198329 0.197771 0.197214 0.196657 0.196100
0.196100 0.196339 0.196578 0.196816 0.197055 0.197294 0.197533 0.197771 0.197771 0.197771 0.197771 0.197771 0.197771 0.197771 0.197771 0.197771 0.197771 0.198090 0.198408 0.198727 0.199045 0.199363 0.199682 0.200000 0.202229 0.202706 0.203184 0.203661 0.204139 0.204616 0.205094 0.205571 0.203900 0.204457 0.205014 0.205571 0.206129 0.206686 0.207243 0.207800 0.207800 0.207482 0.207163 0.206845 0.206527 0.206208 0.205890 0.205571 0.211800 0.212039 0.212278 0.212516 0.212755 0.212994 0.213233 0.213471 0.211800 0.214920 0.218041 0.221161 0.224282 0.227402 0.230522 0.233643 0.252671 0.253547 0.254422 0.255298 0.256173 0.257049 0.257924 0.258800 0.260471 0.260955 0.261439 0.261922 0.262406 0.262890 0.263373 0.263857 0.268371 0.268610 0.268849 0.269088 0.269327 0.269565 0.269804 0.270043 0.276171 0.276490 0.276808 0.277127 0.277445 0.277763 0.278082 0.278400 0.280114 0.279869 0.279624 0.279380 0.279135 0.278890 0.278645 0.278400 0.287414 0.287653 0.287892 0.288131 0.288369 0.288608 0.288847 0.289086 0.289643 0.289643 0.289643 0.289643 0.289643 0.289643 0.289643 0.289643 0.289643 0.290127 0.290610 0.291094 0.291578 0.292061 0.292545 0.293029 0.226314 0.222561 0.218808 0.215055 0.211302 0.207549 0.203796 0.200043 0.146214 0.144941 0.143667 0.142394 0.141120 0.139847 0.138573 0.137300 0.137300 0.137300 0.137300 0.137300 0.137300 0.137300 0.137300 0.137300 0.137300 0.137300 0.137300 0.137300 0.137300 0.137300 0.137300 0.137300 0.137300 0.137300 0.137300 0.137300 0.137300 0.137300 0.137300 0.137300 0.137300 0.137300 0.137300 0.137300 0.137300 0.137300 0.137300 0.137300 0.137300 0.137300 0.137300 0.137300 0.137300 0.137300 0.137300 0.137300 0.149000 0.148045 0.147090 0.146135 0.145180 0.144224 0.143269 0.142314 0.179243 0.183808 0.188373 0.192939 0.197504 0.202069 0.206635 0.211200 0.208957 0.209363 0.209769 0.210175 0.210582 0.210988 0.211394 0.211800 0.210086 0.209759 0.209433 0.209106 0.208780 0.208453 0.208127 0.207800 0.205571 0.205571 0.205571 0.205571 0.205571 0.205571 0.205571 0.205571 0.203900 0.203582 0.203263 0.202945 0.202627 0.202308 0.201990 0.201671 0.201671 0.201671 0.201671 0.201671 0.201671 0.201671 0.201671 0.201671 0.201671 0.201114 0.200557 0.200000 0.199443 0.198886 0.198329 0.197771 0.200000 0.199443 0.198886 0.198329 0.197771 0.197214 0.196657 0.196100
0.196100 0.196418 0.196737 0.197055 0.197373 0.197692 0.198010 0.198329 0.198329 0.198329 0.198329 0.198329 0.198329 0.198329 0.198329 0.198329 0.198329 0.198567 0.198806 0.199045 0.199284 0.199522 0.199761 0.200000 0.201671 0.202308 0.202945 0.203582 0.204218 0.204855 0.205492 0.206129 0.203900 0.204457 0.205014 0.205571 0.206129 0.206686 0.207243 0.207800 0.207800 0.207561 0.207322 0.207084 0.206845 0.206606 0.206367 0.206129 0.211800 0.212118 0.212437 0.212755 0.213073 0.213392 0.213710 0.214029 0.211800 0.214280 0.216759 0.219239 0.221718 0.224198 0.226678 0.229157 0.253229 0.254025 0.254820 0.255616 0.256412 0.257208 0.258004 0.258800 0.261029 0.261673 0.262318 0.262963 0.263608 0.264253 0.264898 0.265543 0.268929 0.269247 0.269565 0.269884 0.270202 0.270520 0.270839 0.271157 0.276729 0.276967 0.277206 0.277445 0.277684 0.277922 0.278161 0.278400 0.280686 0.280359 0.280033 0.279706 0.279380 0.279053 0.278727 0.278400 0.289086 0.289404 0.289722 0.290041 0.290359 0.290678 0.290996 0.291314 0.290757 0.290757 0.290757 0.290757 0.290757 0.290757 0.290757 0.290757 0.290757 0.291402 0.292047 0.292692 0.293337 0.293982 0.294627 0.295271 0.216786 0.212153 0.207520 0.202888 0.198255 0.193622 0.188990 0.184357 0.143986 0.143031 0.142076 0.141120 0.140165 0.139210 0.138255 0.137300 0.137300 0.137300 0.137300 0.137300 0.137300 0.137300 0.137300 0.137300 0.137300 0.137300 0.137300 0.137300 0.137300 0.137300 0.137300 0.137300 0.137300 0.137300 0.137300 0.137300 0.137300 0.137300 0.137300 0.137300 0.137300 0.137300 0.137300 0.137300 0.137300 0.137300 0.137300 0.137300 0.137300 0.137300 0.137300 0.137300 0.137300 0.137300 0.137300 0.137300 0.149000 0.148284 0.147567 0.146851 0.146135 0.145418 0.144702 0.143986 0.177557 0.181963 0.186369 0.190776 0.195182 0.199588 0.203994 0.208400 0.210643 0.210808 0.210973 0.211139 0.211304 0.211469 0.211635 0.211800 0.209514 0.209269 0.209024 0.208780 0.208535 0.208290 0.208045 0.207800 0.206129 0.206129 0.206129 0.206129 0.206129 0.206129 0.206129 0.206129 0.203900 0.203661 0.203422 0.203184 0.202945 0.202706 0.202467 0.202229 0.202229 0.202229 0.202229 0.202229 0.202229 0.202229 0.202229 0.202229 0.202229 0.201671 0.201114 0.200557 0.200000 0.199443 0.198886 0.198329 0.200000 0.199443 0.198886 0.198329 0.197771 0.197214 0.196657 0.196100
0.196100 0.196498 0.196896 0.197294 0.197692 0.198090 0.198488 0.198886 0.198886 0.198886 0.198886 0.198886 0.198886 0.198886 0.198886 0.198886 0.198886 0.199045 0.199204 0.199363 0.199522 0.199682 0.199841 0.200000 0.201114 0.201910 0.202706 0.203502 0.204298 0.205094 0.205890 0.206686 0.203900 0.204457 0.205014 0.205571 0.206129 0.206686 0.207243 0.207800 0.207800 0.207641 0.207482 0.207322 0.207163 0.207004 0.206845 0.206686 0.211800 0.212198 0.212596 0.212994 0.213392 0.213790 0.214188 0.214586 0.211800 0.213639 0.215478 0.217316 0.219155 0.220994 0.222833 0.224671 0.253786 0.254502 0.255218 0.255935 0.256651 0.257367 0.258084 0.258800 0.261586 0.262392 0.263198 0.264004 0.264810 0.265616 0.266422 0.267229 0.269486 0.269884 0.270282 0.270680 0.271078 0.271476 0.271873 0.272271 0.277286 0.277445 0.277604 0.277763 0.277922 0.278082 0.278241 0.278400 0.281257 0.280849 0.280441 0.280033 0.279624 0.279216 0.278808 0.278400 0.290757 0.291155 0.291553 0.291951 0.292349 0.292747 0.293145 0.293543 0.291871 0.291871 0.291871 0.291871 0.291871 0.291871 0.291871 0.291871 0.291871 0.292678 0.293484 0.294290 0.295096 0.295902 0.296708 0.297514 0.207257 0.201745 0.196233 0.190720 0.185208 0.179696 0.174184 0.168671 0.141757 0.141120 0.140484 0.139847 0.139210 0.138573 0.137937 0.137300 0.137300 0.137300 0.137300 0.137300 0.137300 0.137300 0.137300 0.137300 0.137300 0.137300 0.137300 0.137300 0.137300 0.137300 0.137300 0.137300 0.137300 0.137300 0.137300 0.137300 0.137300 0.137300 0.137300 0.137300 0.137300 0.137300 0.137300 0.137300 0.137300 0.137300 0.137300 0.137300 0.137300 0.137300 0.137300 0.137300 0.137300 0.137300 0.137300 0.137300 0.149000 0.148522 0.148045 0.147567 0.147090 0.146612 0.146135 0.145657 0.175871 0.180118 0.184365 0.188612 0.192859 0.197106 0.201353 0.205600 0.212329 0.212253 0.212178 0.212102 0.212027 0.211951 0.211876 0.211800 0.208943 0.208780 0.208616 0.208453 0.208290 0.208127 0.207963 0.207800 0.206686 0.206686 0.206686 0.206686 0.206686 0.206686 0.206686 0.206686 0.203900 0.203741 0.203582 0.203422 0.203263 0.203104 0.202945 0.202786 0.202786 0.202786 0.202786 0.202786 0.202786 0.202786 0.202786 0.202786 0.202786 0.202229 0.201671 0.201114 0.200557 0.200000 0.199443 0.198886 0.200000 0.199443 0.198886 0.198329 0.197771 0.197214 0.196657 0.196100
0.196100 0.196578 0.197055 0.197533 0.198010 0.198488 0.198965 0.199443 0.199443 0.199443 0.199443 0.199443 0.199443 0.199443 0.199443 0.199443 0.199443 0.199522 0.199602 0.199682 0.199761 0.199841 0.199920 0.200000 0.200557 0.201512 0.202467 0.203422 0.204378 0.205333 0.206288 0.207243 0.203900 0.204457 0.205014 0.205571 0.206129 0.206686 0.207243 0.207800 0.207800 0.207720 0.207641 0.207561 0.207482 0.207402 0.207322 0.207243 0.211800 0.212278 0.212755 0.213233 0.213710 0.214188 0.214665 0.215143 0.211800 0.212998 0.214196 0.215394 0.216592 0.217790 0.218988 0.220186 0.254343 0.254980 0.255616 0.256253 0.256890 0.257527 0.258163 0.258800 0.262143 0.263110 0.264078 0.265045 0.266012 0.266980 0.267947 0.268914 0.270043 0.270520 0.270998 0.271475 0.271953 0.272431 0.272908 0.273386 0.277843 0.277922 0.278002 0.278082 0.278161 0.278241 0.278320 0.278400 0.281829 0.281339 0.280849 0.280359 0.279869 0.279380 0.278890 0.278400 0.292429 0.292906 0.293384 0.293861 0.294339 0.294816 0.295294 0.295771 0.292986 0.292986 0.292986 0.292986 0.292986 0.292986 0.292986 0.292986 0.292986 0.293953 0.294920 0.295888 0.296855 0.297822 0.298790 0.299757 0.197729 0.191337 0.184945 0.178553 0.172161 0.165769 0.159378 0.152986 0.139529 0.139210 0.138892 0.138573 0.138255 0.137937 0.137618 0.137300 0.137300 0.137300 0.137300 0.137300 0.137300 0.137300 0.137300 0.137300 0.137300 0.137300 0.137300 0.137300 0.137300 0.137300 0.137300 0.137300 0.137300 0.137300 0.137300 0.137300 0.137300 0.137300 0.137300 0.137300 0.137300 0.137300 0.137300 0.137300 0.137300 0.137300 0.137300 0.137300 0.137300 0.137300 0.137300 0.137300 0.137300 0.137300 0.137300 0.137300 0.149000 0.148761 0.148522 0.148284 0.148045 0.147806 0.147567 0.147329 0.174186 0.178273 0.182361 0.186449 0.190537 0.194624 0.198712 0.202800 0.214014 0.213698 0.213382 0.213065 0.212749 0.212433 0.212116 0.211800 0.208371 0.208290 0.208208 0.208127 0.208045 0.207963 0.207882 0.207800 0.207243 0.207243 0.207243 0.207243 0.207243 0.207243 0.207243 0.207243 0.203900 0.203820 0.203741 0.203661 0.203582 0.203502 0.203422 0.203343 0.203343 0.203343 0.203343 0.203343 0.203343 0.203343 0.203343 0.203343 0.203343 0.202786 0.202229 0.201671 0.201114 0.200557 0.200000 0.199443 0.200000 0.199443 0.198886 0.198329 0.197771 0.197214 0.196657 0.196100
0.196100 0.196657 0.197214 0.197771 0.198329 0.198886 0.199443 0.200000 0.200000 0.200000 0.200000 0.200000 0.200000 0.200000 0.200000 0.200000 0.200000 0.200000 0.200000 0.200000 0.200000 0.200000 0.200000 0.200000 0.200000 0.201114 0.202229 0.203343 0.204457 0.205571 0.206686 0.207800 0.203900 0.204457 0.205014 0.205571 0.206129 0.206686 0.207243 0.207800 0.207800 0.207800 0.207800 0.207800 0.207800 0.207800 0.207800 0.207800 0.211800 0.212357 0.212914 0.213471 0.214029 0.214586 0.215143 0.215700 0.211800 0.212357 0.212914 0.213471 0.214029 0.214586 0.215143 0.215700 0.254900 0.255457 0.256014 0.256571 0.257129 0.257686 0.258243 0.258800 0.262700 0.263829 0.264957 0.266086 0.267214 0.268343 0.269471 0.270600 0.270600 0.271157 0.271714 0.272271 0.272829 0.273386 0.273943 0.274500 0.278400 0.278400 0.278400 0.278400 0.278400 0.278400 0.278400 0.278400 0.282400 0.281829 0.281257 0.280686 0.280114 0.279543 0.278971 0.278400 0.294100 0.294657 0.295214 0.295771 0.296329 0.296886 0.297443 0.298000 0.294100 0.294100 0.294100 0.294100 0.294100 0.294100 0.294100 0.294100 0.294100 0.295229 0.296357 0.297486 0.298614 0.299743 0.300871 0.302000 0.188200 0.180929 0.173657 0.166386 0.159114 0.151843 0.144571 0.137300 0.137300 0.137300 0.137300 0.137300 0.137300 0.137300 0.137300 0.137300 0.137300 0.137300 0.137300 0.137300 0.137300 0.137300 0.137300 0.137300 0.137300 0.137300 0.137300 0.137300 0.137300 0.137300 0.137300 0.137300 0.137300 0.137300 0.137300 0.137300 0.137300 0.137300 0.137300 0.137300 0.137300 0.137300 0.137300 0.137300 0.137300 0.137300 0.137300 0.137300 0.137300 0.137300 0.137300 0.137300 0.137300 0.137300 0.137300 0.137300 0.149000 0.149000 0.149000 0.149000 0.149000 0.149000 0.149000 0.149000 0.172500 0.176429 0.180357 0.184286 0.188214 0.192143 0.196071 0.200000 0.215700 0.215143 0.214586 0.214029 0.213471 0.212914 0.212357 0.211800 0.207800 0.207800 0.207800 0.207800 0.207800 0.207800 0.207800 0.207800 0.207800 0.207800 0.207800 0.207800 0.207800 0.207800 0.207800 0.207800 0.203900 0.203900 0.203900 0.203900 0.203900 0.203900 0.203900 0.203900 0.203900 0.203900 0.203900 0.203900 0.203900 0.203900 0.203900 0.203900 0.203900 0.203343 0.202786 0.202229 0.201671 0.201114 0.200557 0.200000 0.200000 0.199443 0.198886 0.198329 0.197771 0.197214 0.196657 0.196100
0.196100 0.197214 0.198329 0.199443 0.200557 0.201671 0.202786 0.203900 0.200000 0.200000 0.200000 0.200000 0.200000 0.200000 0.200000 0.200000 0.203900 0.203343 0.202786 0.202229 0.201671 0.201114 0.200557 0.200000 0.207800 0.207800 0.207800 0.207800 0.207800 0.207800 0.207800 0.207800 0.211800 0.211800 0.211800 0.211800 0.211800 0.211800 0.211800 0.211800 0.207800 0.208929 0.210057 0.211186 0.212314 0.213443 0.214571 0.215700 0.215700 0.215700 0.215700 0.215700 0.215700 0.215700 0.215700 0.215700 0.215700 0.216257 0.216814 0.217371 0.217929 0.218486 0.219043 0.219600 0.219600 0.226329 0.233057 0.239786 0.246514 0.253243 0.259971 0.266700 0.262700 0.264386 0.266071 0.267757 0.269443 0.271129 0.272814 0.274500 0.274500 0.275057 0.275614 0.276171 0.276729 0.277286 0.277843 0.278400 0.286300 0.286857 0.287414 0.287971 0.288529 0.289086 0.289643 0.290200 0.290200 0.290757 0.291314 0.291871 0.292429 0.292986 0.293543 0.294100 0.298000 0.298571 0.299143 0.299714 0.300286 0.300857 0.301429 0.302000 0.305900 0.305900 0.305900 0.305900 0.305900 0.305900 0.305900 0.305900 0.305900 0.307014 0.308129 0.309243 0.310357 0.311471 0.312586 0.313700 0.203900 0.194386 0.184871 0.175357 0.165843 0.156329 0.146814 0.137300 0.137300 0.137300 0.137300 0.137300 0.137300 0.137300 0.137300 0.137300 0.137300 0.137300 0.137300 0.137300 0.137300 0.137300 0.137300 0.137300 0.137300 0.137300 0.137300 0.137300 0.137300 0.137300 0.137300 0.137300 0.137300 0.137300 0.137300 0.137300 0.137300 0.137300 0.137300 0.137300 0.137300 0.137300 0.137300 0.137300 0.137300 0.137300 0.137300 0.137300 0.137300 0.138971 0.140643 0.142314 0.143986 0.145657 0.147329 0.149000 0.188200 0.191000 0.193800 0.196600 0.199400 0.202200 0.205000 0.207800 0.219600 0.219600 0.219600 0.219600 0.219600 0.219600 0.219600 0.219600 0.219600 0.219043 0.218486 0.217929 0.217371 0.216814 0.216257 0.215700 0.215700 0.214571 0.213443 0.212314 0.211186 0.210057 0.208929 0.207800 0.211800 0.211800 0.211800 0.211800 0.211800 0.211800 0.211800 0.211800 0.211800 0.211229 0.210657 0.210086 0.209514 0.208943 0.208371 0.207800 0.203900 0.203900 0.203900 0.203900 0.203900 0.203900 0.203900 0.203900 0.203900 0.203343 0.202786 0.202229 0.201671 0.201114 0.200557 0.200000 0.200000 0.200000 0.200000 0.200000 0.200000 0.200000 0.200000 0.200000
0.196100 0.197135 0.198169 0.199204 0.200239 0.201273 0.202308 0.203343 0.200000 0.200080 0.200159 0.200239 0.200318 0.200398 0.200478 0.200557 0.203900 0.203343 0.202786 0.202229 0.201671 0.201114 0.200557 0.200000 0.207243 0.207322 0.207402 0.207482 0.207561 0.207641 0.207720 0.207800 0.211229 0.211310 0.211392 0.211473 0.211555 0.211637 0.211718 0.211800 0.208371 0.209339 0.210306 0.211273 0.212241 0.213208 0.214176 0.215143 0.215700 0.215780 0.215859 0.215939 0.216018 0.216098 0.216178 0.216257 0.216814 0.217292 0.217769 0.218247 0.218724 0.219202 0.219680 0.220157 0.220157 0.226006 0.231855 0.237704 0.243553 0.249402 0.255251 0.261100 0.257100 0.259427 0.261753 0.264080 0.266406 0.268733 0.271059 0.273386 0.274500 0.275057 0.275614 0.276171 0.276729 0.277286 0.277843 0.278400 0.286300 0.286937 0.287573 0.288210 0.288847 0.289484 0.290120 0.290757 0.291886 0.292363 0.292841 0.293318 0.293796 0.294273 0.294751 0.295229 0.299129 0.299778 0.300427 0.301076 0.301724 0.302373 0.303022 0.303671 0.306457 0.306616 0.306776 0.306935 0.307094 0.307253 0.307412 0.307571 0.307571 0.308608 0.309645 0.310682 0.311718 0.312755 0.313792 0.314829 0.220714 0.212078 0.203441 0.194804 0.186167 0.177531 0.168894 0.160257 0.139529 0.139210 0.138892 0.138573 0.138255 0.137937 0.137618 0.137300 0.137300 0.137300 0.137300 0.137300 0.137300 0.137300 0.137300 0.137300 0.137300 0.137300 0.137300 0.137300 0.137300 0.137300 0.137300 0.137300 0.137300 0.137300 0.137300 0.137300 0.137300 0.137300 0.137300 0.137300 0.138971 0.139612 0.140253 0.140894 0.141535 0.142176 0.142816 0.143457 0.156343 0.157776 0.159208 0.160641 0.162073 0.163506 0.164939 0.166371 0.192686 0.195247 0.197808 0.200369 0.202931 0.205492 0.208053 0.210614 0.220157 0.220157 0.220157 0.220157 0.220157 0.220157 0.220157 0.220157 0.219600 0.219122 0.218645 0.218167 0.217690 0.217212 0.216735 0.216257 0.215700 0.214733 0.213765 0.212798 0.211831 0.210863 0.209896 0.208929 0.211800 0.211800 0.211800 0.211800 0.211800 0.211800 0.211800 0.211800 0.211800 0.211229 0.210657 0.210086 0.209514 0.208943 0.208371 0.207800 0.203900 0.203900 0.203900 0.203900 0.203900 0.203900 0.203900 0.203900 0.204457 0.203820 0.203184 0.202547 0.201910 0.201273 0.200637 0.200000 0.200000 0.200000 0.200000 0.200000 0.200000 0.200000 0.200000 0.200000
0.196100 0.197055 0.198010 0.198965 0.199920 0.200876 0.201831 0.202786 0.200000 0.200159 0.200318 0.200478 0.200637 0.200796 0.200955 0.201114 0.203900 0.203343 0.202786 0.202229 0.201671 0.201114 0.200557 0.200000 0.206686 0.206845 0.207004 0.207163 0.207322 0.207482 0.207641 0.207800 0.210657 0.210820 0.210984 0.211147 0.211310 0.211473 0.211637 0.211800 0.208943 0.209749 0.210555 0.211361 0.212167 0.212973 0.213780 0.214586 0.215700 0.215859 0.216018 0.216178 0.216337 0.216496 0.216655 0.216814 0.217929 0.218327 0.218725 0.219122 0.219520 0.219918 0.220316 0.220714 0.220714 0.225684 0.230653 0.235622 0.240592 0.245561 0.250531 0.255500 0.251500 0.254467 0.257435 0.260402 0.263369 0.266337 0.269304 0.272271 0.274500 0.275057 0.275614 0.276171 0.276729 0.277286 0.277843 0.278400 0.286300 0.287016 0.287733 0.288449 0.289165 0.289882 0.290598 0.291314 0.293571 0.293969 0.294367 0.294765 0.295163 0.295561 0.295959 0.296357 0.300257 0.300984 0.301710 0.302437 0.303163 0.303890 0.304616 0.305343 0.307014 0.307333 0.307651 0.307969 0.308288 0.308606 0.308924 0.309243 0.309243 0.310202 0.311161 0.312120 0.313080 0.314039 0.314998 0.315957 0.237529 0.229769 0.222010 0.214251 0.206492 0.198733 0.190973 0.183214 0.141757 0.141120 0.140484 0.139847 0.139210 0.138573 0.137937 0.137300 0.137300 0.137300 0.137300 0.137300 0.137300 0.137300 0.137300 0.137300 0.137300 0.137300 0.137300 0.137300 0.137300 0.137300 0.137300 0.137300 0.137300 0.137300 0.137300 0.137300 0.137300 0.137300 0.137300 0.137300 0.140643 0.141925 0.143206 0.144488 0.145769 0.147051 0.148333 0.149614 0.175386 0.176580 0.177773 0.178967 0.180161 0.181355 0.182549 0.183743 0.197171 0.199494 0.201816 0.204139 0.206461 0.208784 0.211106 0.213429 0.220714 0.220714 0.220714 0.220714 0.220714 0.220714 0.220714 0.220714 0.219600 0.219202 0.218804 0.218406 0.218008 0.217610 0.217212 0.216814 0.215700 0.214894 0.214088 0.213282 0.212476 0.211669 0.210863 0.210057 0.211800 0.211800 0.211800 0.211800 0.211800 0.211800 0.211800 0.211800 0.211800 0.211229 0.210657 0.210086 0.209514 0.208943 0.208371 0.207800 0.203900 0.203900 0.203900 0.203900 0.203900 0.203900 0.203900 0.203900 0.205014 0.204298 0.203582 0.202865 0.202149 0.201433 0.200716 0.200000 0.200000 0.200000 0.200000 0.200000 0.200000 0.200000 0.200000 0.200000
0.196100 0.196975 0.197851 0.198727 0.199602 0.200478 0.201353 0.202229 0.200000 0.200239 0.200478 0.200716 0.200955 0.201194 0.201433 0.201671 0.203900 0.203343 0.202786 0.202229 0.201671 0.201114 0.200557 0.200000 0.206129 0.206367 0.206606 0.206845 0.207084 0.207322 0.207561 0.207800 0.210086 0.210331 0.210576 0.210820 0.211065 0.211310 0.211555 0.211800 0.209514 0.210159 0.210804 0.211449 0.212094 0.212739 0.213384 0.214029 0.215700 0.215939 0.216178 0.216416 0.216655 0.216894 0.217133 0.217371 0.219043 0.219361 0.219680 0.219998 0.220316 0.220635 0.220953 0.221271 0.221271 0.225361 0.229451 0.233541 0.237631 0.241720 0.245810 0.249900 0.245900 0.249508 0.253116 0.256725 0.260333 0.263941 0.267549 0.271157 0.274500 0.275057 0.275614 0.276171 0.276729 0.277286 0.277843 0.278400 0.286300 0.287096 0.287892 0.288688 0.289484 0.290280 0.291076 0.291871 0.295257 0.295575 0.295894 0.296212 0.296531 0.296849 0.297167 0.297486 0.301386 0.302190 0.302994 0.303798 0.304602 0.305406 0.306210 0.307014 0.307571 0.308049 0.308527 0.309004 0.309482 0.309959 0.310437 0.310914 0.310914 0.311796 0.312678 0.313559 0.314441 0.315322 0.316204 0.317086 0.254343 0.247461 0.240580 0.233698 0.226816 0.219935 0.213053 0.206171 0.143986 0.143031 0.142076 0.141120 0.140165 0.139210 0.138255 0.137300 0.137300 0.137300 0.137300 0.137300 0.137300 0.137300 0.137300 0.137300 0.137300 0.137300 0.137300 0.137300 0.137300 0.137300 0.137300 0.137300 0.137300 0.137300 0.137300 0.137300 0.137300 0.137300 0.137300 0.137300 0.142314 0.144237 0.146159 0.148082 0.150004 0.151927 0.153849 0.155771 0.194429 0.195384 0.196339 0.197294 0.198249 0.199204 0.200159 0.201114 0.201657 0.203741 0.205824 0.207908 0.209992 0.212076 0.214159 0.216243 0.221271 0.221271 0.221271 0.221271 0.221271 0.221271 0.221271 0.221271 0.219600 0.219282 0.218963 0.218645 0.218327 0.218008 0.217690 0.217371 0.215700 0.215055 0.214410 0.213765 0.213120 0.212476 0.211831 0.211186 0.211800 0.211800 0.211800 0.211800 0.211800 0.211800 0.211800 0.211800 0.211800 0.211229 0.210657 0.210086 0.209514 0.208943 0.208371 0.207800 0.203900 0.203900 0.203900 0.203900 0.203900 0.203900 0.203900 0.203900 0.205571 0.204776 0.203980 0.203184 0.202388 0.201592 0.200796 0.200000 0.200000 0.200000 0.200000 0.200000 0.200000 0.200000 0.200000 0.200000
0.196100 0.196896 0.197692 0.198488 0.199284 0.200080 0.200876 0.201671 0.200000 0.200318 0.200637 0.200955 0.201273 0.201592 0.201910 0.202229 0.203900 0.203343 0.202786 0.202229 0.201671 0.201114 0.200557 0.200000 0.205571 0.205890 0.206208 0.206527 0.206845 0.207163 0.207482 0.207800 0.209514 0.209841 0.210167 0.210494 0.210820 0.211147 0.211473 0.211800 0.210086 0.210569 0.211053 0.211537 0.212020 0.212504 0.212988 0.213471 0.215700 0.216018 0.216337 0.216655 0.216973 0.217292 0.217610 0.217929 0.220157 0.220396 0.220635 0.220873 0.221112 0.221351 0.221590 0.221829 0.221829 0.225039 0.228249 0.231459 0.234669 0.237880 0.241090 0.244300 0.240300 0.244549 0.248798 0.253047 0.257296 0.261545 0.265794 0.270043 0.274500 0.275057 0.275614 0.276171 0.276729 0.277286 0.277843 0.278400 0.286300 0.287176 0.288051 0.288927 0.289802 0.290678 0.291553 0.292429 0.296943 0.297182 0.297420 0.297659 0.297898 0.298137 0.298375 0.298614 0.302514 0.303396 0.304278 0.305159 0.306041 0.306922 0.307804 0.308686 0.308129 0.308765 0.309402 0.310039 0.310676 0.311312 0.311949 0.312586 0.312586 0.313390 0.314194 0.314998 0.315802 0.316606 0.317410 0.318214 0.271157 0.265153 0.259149 0.253145 0.247141 0.241137 0.235133 0.229129 0.146214 0.144941 0.143667 0.142394 0.141120 0.139847 0.138573 0.137300 0.137300 0.137300 0.137300 0.137300 0.137300 0.137300 0.137300 0.137300 0.137300 0.137300 0.137300 0.137300 0.137300 0.137300 0.137300 0.137300 0.137300 0.137300 0.137300 0.137300 0.137300 0.137300 0.137300 0.137300 0.143986 0.146549 0.149112 0.151676 0.154239 0.156802 0.159365 0.161929 0.213471 0.214188 0.214904 0.215620 0.216337 0.217053 0.217769 0.218486 0.206143 0.207988 0.209833 0.211678 0.213522 0.215367 0.217212 0.219057 0.221829 0.221829 0.221829 0.221829 0.221829 0.221829 0.221829 0.221829 0.219600 0.219361 0.219122 0.218884 0.218645 0.218406 0.218167 0.217929 0.215700 0.215216 0.214733 0.214249 0.213765 0.213282 0.212798 0.212314 0.211800 0.211800 0.211800 0.211800 0.211800 0.211800 0.211800 0.211800 0.211800 0.211229 0.210657 0.210086 0.209514 0.208943 0.208371 0.207800 0.203900 0.203900 0.203900 0.203900 0.203900 0.203900 0.203900 0.203900 0.206129 0.205253 0.204378 0.203502 0.202627 0.201751 0.200876 0.200000 0.200000 0.200000 0.200000 0.200000 0.200000 0.200000 0.200000 0.200000
0.196100 0.196816 0.197533 0.198249 0.198965 0.199682 0.200398 0.201114 0.200000 0.200398 0.200796 0.201194 0.201592 0.201990 0.202388 0.202786 0.203900 0.203343 0.202786 0.202229 0.201671 0.201114 0.200557 0.200000 0.205014 0.205412 0.205810 0.206208 0.206606 0.207004 0.207402 0.207800 0.208943 0.209351 0.209759 0.210167 0.210576 0.210984 0.211392 0.211800 0.210657 0.210980 0.211302 0.211624 0.211947 0.212269 0.212592 0.212914 0.215700 0.216098 0.216496 0.216894 0.217292 0.217690 0.218088 0.218486 0.221271 0.221431 0.221590 0.221749 0.221908 0.222067 0.222227 0.222386 0.222386 0.224716 0.227047 0.229378 0.231708 0.234039 0.236369 0.238700 0.234700 0.239590 0.244480 0.249369 0.254259 0.259149 0.264039 0.268929 0.274500 0.275057 0.275614 0.276171 0.276729 0.277286 0.277843 0.278400 0.286300 0.287255 0.288210 0.289165 0.290120 0.291076 0.292031 0.292986 0.298629 0.298788 0.298947 0.299106 0.299265 0.299424 0.299584 0.299743 0.303643 0.304602 0.305561 0.306520 0.307480 0.308439 0.309398 0.310357 0.308686 0.309482 0.310278 0.311073 0.311869 0.312665 0.313461 0.314257 0.314257 0.314984 0.315710 0.316437 0.317163 0.317890 0.318616 0.319343 0.287971 0.282845 0.277718 0.272592 0.267465 0.262339 0.257212 0.252086 0.148443 0.146851 0.145259 0.143667 0.142076 0.140484 0.138892 0.137300 0.137300 0.137300 0.137300 0.137300 0.137300 0.137300 0.137300 0.137300 0.137300 0.137300 0.137300 0.137300 0.137300 0.137300 0.137300 0.137300 0.137300 0.137300 0.137300 0.137300 0.137300 0.137300 0.137300 0.137300 0.145657 0.148861 0.152065 0.155269 0.158473 0.161678 0.164882 0.168086 0.232514 0.232992 0.233469 0.233947 0.234425 0.234902 0.235380 0.235857 0.210629 0.212235 0.213841 0.215447 0.217053 0.218659 0.220265 0.221871 0.222386 0.222386 0.222386 0.222386 0.222386 0.222386 0.222386 0.222386 0.219600 0.219441 0.219282 0.219122 0.218963 0.218804 0.218645 0.218486 0.215700 0.215378 0.215055 0.214733 0.214410 0.214088 0.213765 0.213443 0.211800 0.211800 0.211800 0.211800 0.211800 0.211800 0.211800 0.211800 0.211800 0.211229 0.210657 0.210086 0.209514 0.208943 0.208371 0.207800 0.203900 0.203900 0.203900 0.203900 0.203900 0.203900 0.203900 0.203900 0.206686 0.205731 0.204776 0.203820 0.202865 0.201910 0.200955 0.200000 0.200000 0.200000 0.200000 0.200000 0.200000 0.200000 0.200000 0.200000
0.196100 0.196737 0.197373 0.198010 0.198647 0.199284 0.199920 0.200557 0.200000 0.200478 0.200955 0.201433 0.201910 0.202388 0.202865 0.203343 0.203900 0.203343 0.202786 0.202229 0.201671 0.201114 0.200557 0.200000 0.204457 0.204935 0.205412 0.205890 0.206367 0.206845 0.207322 0.207800 0.208371 0.208861 0.209351 0.209841 0.210331 0.210820 0.211310 0.211800 0.211229 0.211390 0.211551 0.211712 0.211873 0.212035 0.212196 0.212357 0.215700 0.216178 0.216655 0.217133 0.217610 0.218088 0.218565 0.219043 0.222386 0.222465 0.222545 0.222624 0.222704 0.222784 0.222863 0.222943 0.222943 0.224394 0.225845 0.227296 0.228747 0.230198 0.231649 0.233100 0.229100 0.234631 0.240161 0.245692 0.251222 0.256753 0.262284 0.267814 0.274500 0.275057 0.275614 0.276171 0.276729 0.277286 0.277843 0.278400 0.286300 0.287335 0.288369 0.289404 0.290439 0.291473 0.292508 0.293543 0.300314 0.300394 0.300473 0.300553 0.300633 0.300712 0.300792 0.300871 0.304771 0.305808 0.306845 0.307882 0.308918 0.309955 0.310992 0.312029 0.309243 0.310198 0.311153 0.312108 0.313063 0.314018 0.314973 0.315929 0.315929 0.316578 0.317227 0.317876 0.318525 0.319173 0.319822 0.320471 0.304786 0.300537 0.296288 0.292039 0.287790 0.283541 0.279292 0.275043 0.150671 0.148761 0.146851 0.144941 0.143031 0.141120 0.139210 0.137300 0.137300 0.137300 0.137300 0.137300 0.137300 0.137300 0.137300 0.137300 0.137300 0.137300 0.137300 0.137300 0.137300 0.137300 0.137300 0.137300 0.137300 0.137300 0.137300 0.137300 0.137300 0.137300 0.137300 0.137300 0.147329 0.151173 0.155018 0.158863 0.162708 0.166553 0.170398 0.174243 0.251557 0.251796 0.252035 0.252273 0.252512 0.252751 0.252990 0.253229 0.215114 0.216482 0.217849 0.219216 0.220584 0.221951 0.223318 0.224686 0.222943 0.222943 0.222943 0.222943 0.222943 0.222943 0.222943 0.222943 0.219600 0.219520 0.219441 0.219361 0.219282 0.219202 0.219122 0.219043 0.215700 0.215539 0.215378 0.215216 0.215055 0.214894 0.214733 0.214571 0.211800 0.211800 0.211800 0.211800 0.211800 0.211800 0.211800 0.211800 0.211800 0.211229 0.210657 0.210086 0.209514 0.208943 0.208371 0.207800 0.203900 0.203900 0.203900 0.203900 0.203900 0.203900 0.203900 0.203900 0.207243 0.206208 0.205173 0.204139 0.203104 0.202069 0.201035 0.200000 0.200000 0.200000 0.200000 0.200000 0.200000 0.200000 0.200000 0.200000
0.196100 0.196657 0.197214 0.197771 0.198329 0.198886 0.199443 0.200000 0.200000 0.200557 0.201114 0.201671 0.202229 0.202786 0.203343 0.203900 0.203900 0.203343 0.202786 0.202229 0.201671 0.201114 0.200557 0.200000 0.203900 0.204457 0.205014 0.205571 0.206129 0.206686 0.207243 0.207800 0.207800 0.208371 0.208943 0.209514 0.210086 0.210657 0.211229 0.211800 0.211800 0.211800 0.211800 0.211800 0.211800 0.211800 0.211800 0.211800 0.215700 0.216257 0.216814 0.217371 0.217929 0.218486 0.219043 0.219600 0.223500 0.223500 0.223500 0.223500 0.223500 0.223500 0.223500 0.223500 0.223500 0.224071 0.224643 0.225214 0.225786 0.226357 0.226929 0.227500 0.223500 0.229671 0.235843 0.242014 0.248186 0.254357 0.260529 0.266700 0.274500 0.275057 0.275614 0.276171 0.276729 0.277286 0.277843 0.278400 0.286300 0.287414 0.288529 0.289643 0.290757 0.291871 0.292986 0.294100 0.302000 0.302000 0.302000 0.302000 0.302000 0.302000 0.302000 0.302000 0.305900 0.307014 0.308129 0.309243 0.310357 0.311471 0.312586 0.313700 0.309800 0.310914 0.312029 0.313143 0.314257 0.315371 0.316486 0.317600 0.317600 0.318171 0.318743 0.319314 0.319886 0.320457 0.321029 0.321600 0.321600 0.318229 0.314857 0.311486 0.308114 0.304743 0.301371 0.298000 0.152900 0.150671 0.148443 0.146214 0.143986 0.141757 0.139529 0.137300 0.137300 0.137300 0.137300 0.137300 0.137300 0.137300 0.137300 0.137300 0.137300 0.137300 0.137300 0.137300 0.137300 0.137300 0.137300 0.137300 0.137300 0.137300 0.137300 0.137300 0.137300 0.137300 0.137300 0.137300 0.149000 0.153486 0.157971 0.162457 0.166943 0.171429 0.175914 0.180400 0.270600 0.270600 0.270600 0.270600 0.270600 0.270600 0.270600 0.270600 0.219600 0.220729 0.221857 0.222986 0.224114 0.225243 0.226371 0.227500 0.223500 0.223500 0.223500 0.223500 0.223500 0.223500 0.223500 0.223500 0.219600 0.219600 0.219600 0.219600 0.219600 0.219600 0.219600 0.219600 0.215700 0.215700 0.215700 0.215700 0.215700 0.215700 0.215700 0.215700 0.211800 0.211800 0.211800 0.211800 0.211800 0.211800 0.211800 0.211800 0.211800 0.211229 0.210657 0.210086 0.209514 0.208943 0.208371 0.207800 0.203900 0.203900 0.203900 0.203900 0.203900 0.203900 0.203900 0.203900 0.207800 0.206686 0.205571 0.204457 0.203343 0.202229 0.201114 0.200000 0.200000 0.200000 0.200000 0.200000 0.200000 0.200000 0.200000 0.200000
0.200000 0.200000 0.200000 0.200000 0.200000 0.200000 0.200000 0.200000 0.203900 0.203900 0.203900 0.203900 0.203900 0.203900 0.203900 0.203900 0.207800 0.207800 0.207800 0.207800 0.207800 0.207800 0.207800 0.207800 0.207800 0.207800 0.207800 0.207800 0.207800 0.207800 0.207800 0.207800 0.211800 0.211800 0.211800 0.211800 0.211800 0.211800 0.211800 0.211800 0.215700 0.215700 0.215700 0.215700 0.215700 0.215700 0.215700 0.215700 0.219600 0.220157 0.220714 0.221271 0.221829 0.222386 0.222943 0.223500 0.223500 0.224071 0.224643 0.225214 0.225786 0.226357 0.226929 0.227500 0.227500 0.228057 0.228614 0.229171 0.229729 0.230286 0.230843 0.231400 0.227500 0.227500 0.227500 0.227500 0.227500 0.227500 0.227500 0.227500 0.266700 0.267257 0.267814 0.268371 0.268929 0.269486 0.270043 0.270600 0.282400 0.282957 0.283514 0.284071 0.284629 0.285186 0.285743 0.286300 0.294100 0.295229 0.296357 0.297486 0.298614 0.299743 0.300871 0.302000 0.309800 0.310357 0.310914 0.311471 0.312029 0.312586 0.313143 0.313700 0.313700 0.314829 0.315957 0.317086 0.318214 0.319343 0.320471 0.321600 0.321600 0.321600 0.321600 0.321600 0.321600 0.321600 0.321600 0.321600 0.325500 0.325500 0.325500 0.325500 0.325500 0.325500 0.325500 0.325500 0.321600 0.314314 0.307029 0.299743 0.292457 0.285171 0.277886 0.270600 0.298000 0.300800 0.303600 0.306400 0.309200 0.312000 0.314800 0.317600 0.352900 0.359071 0.365243 0.371414 0.377586 0.383757 0.389929 0.396100 0.294100 0.292986 0.291871 0.290757 0.289643 0.288529 0.287414 0.286300 0.286300 0.285171 0.284043 0.282914 0.281786 0.280657 0.279529 0.278400 0.266700 0.261100 0.255500 0.249900 0.244300 0.238700 0.233100 0.227500 0.227500 0.228057 0.228614 0.229171 0.229729 0.230286 0.230843 0.231400 0.231400 0.230271 0.229143 0.228014 0.226886 0.225757 0.224629 0.223500 0.223500 0.222943 0.222386 0.221829 0.221271 0.220714 0.220157 0.219600 0.219600 0.219600 0.219600 0.219600 0.219600 0.219600 0.219600 0.219600 0.215700 0.215700 0.215700 0.215700 0.215700 0.215700 0.215700 0.215700 0.207800 0.207800 0.207800 0.207800 0.207800 0.207800 0.207800 0.207800 0.211800 0.210671 0.209543 0.208414 0.207286 0.206157 0.205029 0.203900 0.207800 0.207243 0.206686 0.206129 0.205571 0.205014 0.204457 0.203900 0.203900 0.203343 0.202786 0.202229 0.201671 0.201114 0.200557 0.200000
0.200557 0.200478 0.200398 0.200318 0.200239 0.200159 0.200080 0.200000 0.203900 0.203820 0.203741 0.203661 0.203582 0.203502 0.203422 0.203343 0.207243 0.207243 0.207243 0.207243 0.207243 0.207243 0.207243 0.207243 0.207800 0.207882 0.207963 0.208045 0.208127 0.208208 0.208290 0.208371 0.211800 0.211959 0.212118 0.212278 0.212437 0.212596 0.212755 0.212914 0.215143 0.215302 0.215461 0.215620 0.215780 0.215939 0.216098 0.216257 0.220157 0.220716 0.221276 0.221835 0.222394 0.222953 0.223512 0.224071 0.224071 0.224641 0.225210 0.225780 0.226349 0.226918 0.227488 0.228057 0.228614 0.229092 0.229569 0.230047 0.230525 0.231002 0.231480 0.231957 0.228614 0.228614 0.228614 0.228614 0.228614 0.228614 0.228614 0.228614 0.261100 0.260776 0.260451 0.260127 0.259802 0.259478 0.259153 0.258829 0.268943 0.269741 0.270539 0.271337 0.272135 0.272933 0.273731 0.274529 0.271700 0.272667 0.273635 0.274602 0.275569 0.276537 0.277504 0.278471 0.285157 0.289235 0.293312 0.297390 0.301467 0.305545 0.309622 0.313700 0.313143 0.314190 0.315237 0.316284 0.317331 0.318378 0.319424 0.320471 0.320471 0.320551 0.320631 0.320710 0.320790 0.320869 0.320949 0.321029 0.324371 0.324371 0.324371 0.324371 0.324371 0.324371 0.324371 0.324371 0.313186 0.306861 0.300537 0.294212 0.287888 0.281563 0.275239 0.268914 0.292957 0.295518 0.298080 0.300641 0.303202 0.305763 0.308325 0.310886 0.342257 0.347947 0.353637 0.359327 0.365016 0.370706 0.376396 0.382086 0.300271 0.298196 0.296120 0.294045 0.291969 0.289894 0.287818 0.285743 0.284057 0.282929 0.281800 0.280671 0.279543 0.278414 0.277286 0.276157 0.260529 0.255969 0.251410 0.246851 0.242292 0.237733 0.233173 0.228614 0.228614 0.229092 0.229569 0.230047 0.230525 0.231002 0.231480 0.231957 0.231400 0.230433 0.229465 0.228498 0.227531 0.226563 0.225596 0.224629 0.224071 0.223594 0.223116 0.222639 0.222161 0.221684 0.221206 0.220729 0.219600 0.219600 0.219600 0.219600 0.219600 0.219600 0.219600 0.219600 0.215700 0.215700 0.215700 0.215700 0.215700 0.215700 0.215700 0.215700 0.208929 0.208849 0.208769 0.208690 0.208610 0.208531 0.208451 0.208371 0.211229 0.210261 0.209294 0.208327 0.207359 0.206392 0.205424 0.204457 0.207243 0.206845 0.206447 0.206049 0.205651 0.205253 0.204855 0.204457 0.203900 0.203343 0.202786 0.202229 0.201671 0.201114 0.200557 0.200000
0.201114 0.200955 0.200796 0.200637 0.200478 0.200318 0.200159 0.200000 0.203900 0.203741 0.203582 0.203422 0.203263 0.203104 0.202945 0.202786 0.206686 0.206686 0.206686 0.206686 0.206686 0.206686 0.206686 0.206686 0.207800 0.207963 0.208127 0.208290 0.208453 0.208616 0.208780 0.208943 0.211800 0.212118 0.212437 0.212755 0.213073 0.213392 0.213710 0.214029 0.214586 0.214904 0.215222 0.215541 0.215859 0.216178 0.216496 0.216814 0.220714 0.221276 0.221837 0.222398 0.222959 0.223520 0.224082 0.224643 0.224643 0.225210 0.225778 0.226345 0.226912 0.227480 0.228047 0.228614 0.229729 0.230127 0.230525 0.230922 0.231320 0.231718 0.232116 0.232514 0.229729 0.229729 0.229729 0.229729 0.229729 0.229729 0.229729 0.229729 0.255500 0.254294 0.253088 0.251882 0.250675 0.249469 0.248263 0.247057 0.255486 0.256525 0.257563 0.258602 0.259641 0.260680 0.261718 0.262757 0.249300 0.250106 0.250912 0.251718 0.252524 0.253331 0.254137 0.254943 0.260514 0.268112 0.275710 0.283308 0.290906 0.298504 0.306102 0.313700 0.312586 0.313551 0.314516 0.315482 0.316447 0.317412 0.318378 0.319343 0.319343 0.319502 0.319661 0.319820 0.319980 0.320139 0.320298 0.320457 0.323243 0.323243 0.323243 0.323243 0.323243 0.323243 0.323243 0.323243 0.304771 0.299408 0.294045 0.288682 0.283318 0.277955 0.272592 0.267229 0.287914 0.290237 0.292559 0.294882 0.297204 0.299527 0.301849 0.304171 0.331614 0.336822 0.342031 0.347239 0.352447 0.357655 0.362863 0.368071 0.306443 0.303406 0.300369 0.297333 0.294296 0.291259 0.288222 0.285186 0.281814 0.280686 0.279557 0.278429 0.277300 0.276171 0.275043 0.273914 0.254357 0.250839 0.247320 0.243802 0.240284 0.236765 0.233247 0.229729 0.229729 0.230127 0.230525 0.230922 0.231320 0.231718 0.232116 0.232514 0.231400 0.230594 0.229788 0.228982 0.228176 0.227369 0.226563 0.225757 0.224643 0.224245 0.223847 0.223449 0.223051 0.222653 0.222255 0.221857 0.219600 0.219600 0.219600 0.219600 0.219600 0.219600 0.219600 0.219600 0.215700 0.215700 0.215700 0.215700 0.215700 0.215700 0.215700 0.215700 0.210057 0.209898 0.209739 0.209580 0.209420 0.209261 0.209102 0.208943 0.210657 0.209851 0.209045 0.208239 0.207433 0.206627 0.205820 0.205014 0.206686 0.206447 0.206208 0.205969 0.205731 0.205492 0.205253 0.205014 0.203900 0.203343 0.202786 0.202229 0.201671 0.201114 0.200557 0.200000
0.201671 0.201433 0.201194 0.200955 0.200716 0.200478 0.200239 0.200000 0.203900 0.203661 0.203422 0.203184 0.202945 0.202706 0.202467 0.202229 0.206129 0.206129 0.206129 0.206129 0.206129 0.206129 0.206129 0.206129 0.207800 0.208045 0.208290 0.208535 0.208780 0.209024 0.209269 0.209514 0.211800 0.212278 0.212755 0.213233 0.213710 0.214188 0.214665 0.215143 0.214029 0.214506 0.214984 0.215461 0.215939 0.216416 0.216894 0.217371 0.221271 0.221835 0.222398 0.222961 0.223525 0.224088 0.224651 0.225214 0.225214 0.225780 0.226345 0.226910 0.227476 0.228041 0.228606 0.229171 0.230843 0.231161 0.231480 0.231798 0.232116 0.232435 0.232753 0.233071 0.230843 0.230843 0.230843 0.230843 0.230843 0.230843 0.230843 0.230843 0.249900 0.247812 0.245724 0.243637 0.241549 0.239461 0.237373 0.235286 0.242029 0.243308 0.244588 0.245867 0.247147 0.248427 0.249706 0.250986 0.226900 0.227545 0.228190 0.228835 0.229480 0.230124 0.230769 0.231414 0.235871 0.246990 0.258108 0.269227 0.280345 0.291463 0.302582 0.313700 0.312029 0.312912 0.313796 0.314680 0.315563 0.316447 0.317331 0.318214 0.318214 0.318453 0.318692 0.318931 0.319169 0.319408 0.319647 0.319886 0.322114 0.322114 0.322114 0.322114 0.322114 0.322114 0.322114 0.322114 0.296357 0.291955 0.287553 0.283151 0.278749 0.274347 0.269945 0.265543 0.282871 0.284955 0.287039 0.289122 0.291206 0.293290 0.295373 0.297457 0.320971 0.325698 0.330424 0.335151 0.339878 0.344604 0.349331 0.354057 0.312614 0.308616 0.304618 0.300620 0.296622 0.292624 0.288627 0.284629 0.279571 0.278443 0.277314 0.276186 0.275057 0.273929 0.272800 0.271671 0.248186 0.245708 0.243231 0.240753 0.238276 0.235798 0.233320 0.230843 0.230843 0.231161 0.231480 0.231798 0.232116 0.232435 0.232753 0.233071 0.231400 0.230755 0.230110 0.229465 0.228820 0.228176 0.227531 0.226886 0.225214 0.224896 0.224578 0.224259 0.223941 0.223622 0.223304 0.222986 0.219600 0.219600 0.219600 0.219600 0.219600 0.219600 0.219600 0.219600 0.215700 0.215700 0.215700 0.215700 0.215700 0.215700 0.215700 0.215700 0.211186 0.210947 0.210708 0.210469 0.210231 0.209992 0.209753 0.209514 0.210086 0.209441 0.208796 0.208151 0.207506 0.206861 0.206216 0.205571 0.206129 0.206049 0.205969 0.205890 0.205810 0.205731 0.205651 0.205571 0.203900 0.203343 0.202786 0.202229 0.201671 0.201114 0.200557 0.200000
0.202229 0.201910 0.201592 0.201273 0.200955 0.200637 0.200318 0.200000 0.203900 0.203582 0.203263 0.202945 0.202627 0.202308 0.201990 0.201671 0.205571 0.205571 0.205571 0.205571 0.205571 0.205571 0.205571 0.205571 0.207800 0.208127 0.208453 0.208780 0.209106 0.209433 0.209759 0.210086 0.211800 0.212437 0.213073 0.213710 0.214347 0.214984 0.215620 0.216257 0.213471 0.214108 0.214745 0.215382 0.216018 0.216655 0.217292 0.217929 0.221829 0.222394 0.222959 0.223524 0.224090 0.224655 0.225220 0.225786 0.225786 0.226349 0.226912 0.227475 0.228039 0.228602 0.229165 0.229729 0.231957 0.232196 0.232435 0.232673 0.232912 0.233151 0.233390 0.233629 0.231957 0.231957 0.231957 0.231957 0.231957 0.231957 0.231957 0.231957 0.244300 0.241331 0.238361 0.235392 0.232422 0.229453 0.226484 0.223514 0.228571 0.230092 0.231612 0.233133 0.234653 0.236173 0.237694 0.239214 0.204500 0.204984 0.205467 0.205951 0.206435 0.206918 0.207402 0.207886 0.211229 0.225867 0.240506 0.255145 0.269784 0.284422 0.299061 0.313700 0.311471 0.312274 0.313075 0.313878 0.314680 0.315482 0.316284 0.317086 0.317086 0.317404 0.317722 0.318041 0.318359 0.318678 0.318996 0.319314 0.320986 0.320986 0.320986 0.320986 0.320986 0.320986 0.320986 0.320986 0.287943 0.284502 0.281061 0.277620 0.274180 0.270739 0.267298 0.263857 0.277829 0.279673 0.281518 0.283363 0.285208 0.287053 0.288898 0.290743 0.310329 0.314573 0.318818 0.323063 0.327308 0.331553 0.335798 0.340043 0.318786 0.313827 0.308867 0.303908 0.298949 0.293990 0.289031 0.284071 0.277329 0.276200 0.275071 0.273943 0.272814 0.271686 0.270557 0.269429 0.242014 0.240578 0.239141 0.237704 0.236267 0.234831 0.233394 0.231957 0.231957 0.232196 0.232435 0.232673 0.232912 0.233151 0.233390 0.233629 0.231400 0.230916 0.230433 0.229949 0.229465 0.228982 0.228498 0.228014 0.225786 0.225547 0.225308 0.225069 0.224831 0.224592 0.224353 0.224114 0.219600 0.219600 0.219600 0.219600 0.219600 0.219600 0.219600 0.219600 0.215700 0.215700 0.215700 0.215700 0.215700 0.215700 0.215700 0.215700 0.212314 0.211996 0.211678 0.211359 0.211041 0.210722 0.210404 0.210086 0.209514 0.209031 0.208547 0.208063 0.207580 0.207096 0.206612 0.206129 0.205571 0.205651 0.205731 0.205810 0.205890 0.205969 0.206049 0.206129 0.203900 0.203343 0.202786 0.202229 0.201671 0.201114 0.200557 0.200000
0.202786 0.202388 0.201990 0.201592 0.201194 0.200796 0.200398 0.200000 0.203900 0.203502 0.203104 0.202706 0.202308 0.201910 0.201512 0.201114 0.205014 0.205014 0.205014 0.205014 0.205014 0.205014 0.205014 0.205014 0.207800 0.208208 0.208616 0.209024 0.209433 0.209841 0.210249 0.210657 0.211800 0.212596 0.213392 0.214188 0.214984 0.215780 0.216576 0.217371 0.212914 0.213710 0.214506 0.215302 0.216098 0.216894 0.217690 0.218486 0.222386 0.222953 0.223520 0.224088 0.224655 0.225222 0.225790 0.226357 0.226357 0.226918 0.227480 0.228041 0.228602 0.229163 0.229724 0.230286 0.233071 0.233231 0.233390 0.233549 0.233708 0.233867 0.234027 0.234186 0.233071 0.233071 0.233071 0.233071 0.233071 0.233071 0.233071 0.233071 0.238700 0.234849 0.230998 0.227147 0.223296 0.219445 0.215594 0.211743 0.215114 0.216876 0.218637 0.220398 0.222159 0.223920 0.225682 0.227443 0.182100 0.182422 0.182745 0.183067 0.183390 0.183712 0.184035 0.184357 0.186586 0.204745 0.222904 0.241063 0.259222 0.277382 0.295541 0.313700 0.310914 0.311635 0.312355 0.313075 0.313796 0.314516 0.315237 0.315957 0.315957 0.316355 0.316753 0.317151 0.317549 0.317947 0.318345 0.318743 0.319857 0.319857 0.319857 0.319857 0.319857 0.319857 0.319857 0.319857 0.279529 0.277049 0.274569 0.272090 0.269610 0.267131 0.264651 0.262171 0.272786 0.274392 0.275998 0.277604 0.279210 0.280816 0.282422 0.284029 0.299686 0.303449 0.307212 0.310976 0.314739 0.318502 0.322265 0.326029 0.324957 0.319037 0.313116 0.307196 0.301276 0.295355 0.289435 0.283514 0.275086 0.273957 0.272829 0.271700 0.270571 0.269443 0.268314 0.267186 0.235843 0.235447 0.235051 0.234655 0.234259 0.233863 0.233467 0.233071 0.233071 0.233231 0.233390 0.233549 0.233708 0.233867 0.234027 0.234186 0.231400 0.231078 0.230755 0.230433 0.230110 0.229788 0.229465 0.229143 0.226357 0.226198 0.226039 0.225880 0.225720 0.225561 0.225402 0.225243 0.219600 0.219600 0.219600 0.219600 0.219600 0.219600 0.219600 0.219600 0.215700 0.215700 0.215700 0.215700 0.215700 0.215700 0.215700 0.215700 0.213443 0.213045 0.212647 0.212249 0.211851 0.211453 0.211055 0.210657 0.208943 0.208620 0.208298 0.207976 0.207653 0.207331 0.207008 0.206686 0.205014 0.205253 0.205492 0.205731 0.205969 0.206208 0.206447 0.206686 0.203900 0.203343 0.202786 0.202229 0.201671 0.201114 0.200557 0.200000
0.203343 0.202865 0.202388 0.201910 0.201433 0.200955 0.200478 0.200000 0.203900 0.203422 0.202945 0.202467 0.201990 0.201512 0.201035 0.200557 0.204457 0.204457 0.204457 0.204457 0.204457 0.204457 0.204457 0.204457 0.207800 0.208290 0.208780 0.209269 0.209759 0.210249 0.210739 0.211229 0.211800 0.212755 0.213710 0.214665 0.215620 0.216576 0.217531 0.218486 0.212357 0.213312 0.214267 0.215222 0.216178 0.217133 0.218088 0.219043 0.222943 0.223512 0.224082 0.224651 0.225220 0.225790 0.226359 0.226929 0.226929 0.227488 0.228047 0.228606 0.229165 0.229724 0.230284 0.230843 0.234186 0.234265 0.234345 0.234425 0.234504 0.234584 0.234663 0.234743 0.234186 0.234186 0.234186 0.234186 0.234186 0.234186 0.234186 0.234186 0.233100 0.228367 0.223635 0.218902 0.214169 0.209437 0.204704 0.199971 0.201657 0.203659 0.205661 0.207663 0.209665 0.211667 0.213669 0.215671 0.159700 0.159861 0.160022 0.160184 0.160345 0.160506 0.160667 0.160829 0.161943 0.183622 0.205302 0.226982 0.248661 0.270341 0.292020 0.313700 0.310357 0.310996 0.311635 0.312273 0.312912 0.313551 0.314190 0.314829 0.314829 0.315306 0.315784 0.316261 0.316739 0.317216 0.317694 0.318171 0.318729 0.318729 0.318729 0.318729 0.318729 0.318729 0.318729 0.318729 0.271114 0.269596 0.268078 0.266559 0.265041 0.263522 0.262004 0.260486 0.267743 0.269110 0.270478 0.271845 0.273212 0.274580 0.275947 0.277314 0.289043 0.292325 0.295606 0.298888 0.302169 0.305451 0.308733 0.312014 0.331129 0.324247 0.317365 0.310484 0.303602 0.296720 0.289839 0.282957 0.272843 0.271714 0.270586 0.269457 0.268329 0.267200 0.266071 0.264943 0.229671 0.230316 0.230961 0.231606 0.232251 0.232896 0.233541 0.234186 0.234186 0.234265 0.234345 0.234425 0.234504 0.234584 0.234663 0.234743 0.231400 0.231239 0.231078 0.230916 0.230755 0.230594 0.230433 0.230271 0.226929 0.226849 0.226769 0.226690 0.226610 0.226531 0.226451 0.226371 0.219600 0.219600 0.219600 0.219600 0.219600 0.219600 0.219600 0.219600 0.215700 0.215700 0.215700 0.215700 0.215700 0.215700 0.215700 0.215700 0.214571 0.214094 0.213616 0.213139 0.212661 0.212184 0.211706 0.211229 0.208371 0.208210 0.208049 0.207888 0.207727 0.207565 0.207404 0.207243 0.204457 0.204855 0.205253 0.205651 0.206049 0.206447 0.206845 0.207243 0.203900 0.203343 0.202786 0.202229 0.201671 0.201114 0.200557 0.200000
0.203900 0.203343 0.202786 0.202229 0.201671 0.201114 0.200557 0.200000 0.203900 0.203343 0.202786 0.202229 0.201671 0.201114 0.200557 0.200000 0.203900 0.203900 0.203900 0.203900 0.203900 0.203900 0.203900 0.203900 0.207800 0.208371 0.208943 0.209514 0.210086 0.210657 0.211229 0.211800 0.211800 0.212914 0.214029 0.215143 0.216257 0.217371 0.218486 0.219600 0.211800 0.212914 0.214029 0.215143 0.216257 0.217371 0.218486 0.219600 0.223500 0.224071 0.224643 0.225214 0.225786 0.226357 0.226929 0.227500 0.227500 0.228057 0.228614 0.229171 0.229729 0.230286 0.230843 0.231400 0.235300 0.235300 0.235300 0.235300 0.235300 0.235300 0.235300 0.235300 0.235300 0.235300 0.235300 0.235300 0.235300 0.235300 0.235300 0.235300 0.227500 0.221886 0.216271 0.210657 0.205043 0.199429 0.193814 0.188200 0.188200 0.190443 0.192686 0.194929 0.197171 0.199414 0.201657 0.203900 0.137300 0.137300 0.137300 0.137300 0.137300 0.137300 0.137300 0.137300 0.137300 0.162500 0.187700 0.212900 0.238100 0.263300 0.288500 0.313700 0.309800 0.310357 0.310914 0.311471 0.312029 0.312586 0.313143 0.313700 0.313700 0.314257 0.314814 0.315371 0.315929 0.316486 0.317043 0.317600 0.317600 0.317600 0.317600 0.317600 0.317600 0.317600 0.317600 0.317600 0.262700 0.262143 0.261586 0.261029 0.260471 0.259914 0.259357 0.258800 0.262700 0.263829 0.264957 0.266086 0.267214 0.268343 0.269471 0.270600 0.278400 0.281200 0.284000 0.286800 0.289600 0.292400 0.295200 0.298000 0.337300 0.329457 0.321614 0.313771 0.305929 0.298086 0.290243 0.282400 0.270600 0.269471 0.268343 0.267214 0.266086 0.264957 0.263829 0.262700 0.223500 0.225186 0.226871 0.228557 0.230243 0.231929 0.233614 0.235300 0.235300 0.235300 0.235300 0.235300 0.235300 0.235300 0.235300 0.235300 0.231400 0.231400 0.231400 0.231400 0.231400 0.231400 0.231400 0.231400 0.227500 0.227500 0.227500 0.227500 0.227500 0.227500 0.227500 0.227500 0.219600 0.219600 0.219600 0.219600 0.219600 0.219600 0.219600 0.219600 0.215700 0.215700 0.215700 0.215700 0.215700 0.215700 0.215700 0.215700 0.215700 0.215143 0.214586 0.214029 0.213471 0.212914 0.212357 0.211800 0.207800 0.207800 0.207800 0.207800 0.207800 0.207800 0.207800 0.207800 0.203900 0.204457 0.205014 0.205571 0.206129 0.206686 0.207243 0.207800 0.203900 0.203343 0.202786 0.202229 0.201671 0.201114 0.200557 0.200000
0.200000 0.200000 0.200000 0.200000 0.200000 0.200000 0.200000 0.200000 0.207800 0.207800 0.207800 0.207800 0.207800 0.207800 0.207800 0.207800 0.207800 0.207800 0.207800 0.207800 0.207800 0.207800 0.207800 0.207800 0.211800 0.211800 0.211800 0.211800 0.211800 0.211800 0.211800 0.211800 0.215700 0.215700 0.215700 0.215700 0.215700 0.215700 0.215700 0.215700 0.223500 0.223500 0.223500 0.223500 0.223500 0.223500 0.223500 0.223500 0.227500 0.228057 0.228614 0.229171 0.229729 0.230286 0.230843 0.231400 0.235300 0.235300 0.235300 0.235300 0.235300 0.235300 0.235300 0.235300 0.239200 0.239200 0.239200 0.239200 0.239200 0.239200 0.239200 0.239200 0.243100 0.242543 0.241986 0.241429 0.240871 0.240314 0.239757 0.239200 0.235300 0.224657 0.214014 0.203371 0.192729 0.182086 0.171443 0.160800 0.137300 0.137300 0.137300 0.137300 0.137300 0.137300 0.137300 0.137300 0.137300 0.137300 0.137300 0.137300 0.137300 0.137300 0.137300 0.137300 0.137300 0.163629 0.189957 0.216286 0.242614 0.268943 0.295271 0.321600 0.325500 0.325500 0.325500 0.325500 0.325500 0.325500 0.325500 0.325500 0.321600 0.321029 0.320457 0.319886 0.319314 0.318743 0.318171 0.317600 0.294100 0.290743 0.287386 0.284029 0.280671 0.277314 0.273957 0.270600 0.231400 0.233071 0.234743 0.236414 0.238086 0.239757 0.241429 0.243100 0.243100 0.244229 0.245357 0.246486 0.247614 0.248743 0.249871 0.251000 0.258800 0.259929 0.261057 0.262186 0.263314 0.264443 0.265571 0.266700 0.278400 0.238629 0.198857 0.159086 0.119314 0.079543 0.039771 0.000000 0.211800 0.213471 0.215143 0.216814 0.218486 0.220157 0.221829 0.223500 0.235300 0.235857 0.236414 0.236971 0.237529 0.238086 0.238643 0.239200 0.239200 0.239757 0.240314 0.240871 0.241429 0.241986 0.242543 0.243100 0.239200 0.238643 0.238086 0.237529 0.236971 0.236414 0.235857 0.235300 0.231400 0.231400 0.231400 0.231400 0.231400 0.231400 0.231400 0.231400 0.223500 0.223500 0.223500 0.223500 0.223500 0.223500 0.223500 0.223500 0.223500 0.222386 0.221271 0.220157 0.219043 0.217929 0.216814 0.215700 0.211800 0.212357 0.212914 0.213471 0.214029 0.214586 0.215143 0.215700 0.215700 0.215143 0.214586 0.214029 0.213471 0.212914 0.212357 0.211800 0.211800 0.210671 0.209543 0.208414 0.207286 0.206157 0.205029 0.203900 0.200000 0.200000 0.200000 0.200000 0.200000 0.200000 0.200000 0.200000
0.200557 0.200557 0.200557 0.200557 0.200557 0.200557 0.200557 0.200557 0.207243 0.207322 0.207402 0.207482 0.207561 0.207641 0.207720 0.207800 0.207800 0.207961 0.208122 0.208284 0.208445 0.208606 0.208767 0.208929 0.211800 0.211880 0.211959 0.212039 0.212118 0.212198 0.212278 0.212357 0.216257 0.216257 0.216257 0.216257 0.216257 0.216257 0.216257 0.216257 0.223500 0.223582 0.223663 0.223745 0.223827 0.223908 0.223990 0.224071 0.227500 0.228057 0.228614 0.229171 0.229729 0.230286 0.230843 0.231400 0.235857 0.235857 0.235857 0.235857 0.235857 0.235857 0.235857 0.235857 0.240329 0.240329 0.240329 0.240329 0.240329 0.240329 0.240329 0.240329 0.243671 0.243194 0.242716 0.242239 0.241761 0.241284 0.240806 0.240329 0.236414 0.226092 0.215769 0.205447 0.195125 0.184802 0.174480 0.164157 0.137300 0.137300 0.137300 0.137300 0.137300 0.137300 0.137300 0.137300 0.137300 0.137300 0.137300 0.137300 0.137300 0.137300 0.137300 0.137300 0.137300 0.159867 0.182435 0.205002 0.227569 0.250137 0.272704 0.295271 0.298614 0.298614 0.298614 0.298614 0.298614 0.298614 0.298614 0.298614 0.304786 0.306298 0.307810 0.309322 0.310835 0.312347 0.313859 0.315371 0.284586 0.281947 0.279308 0.276669 0.274031 0.271392 0.268753 0.266114 0.230843 0.232355 0.233867 0.235380 0.236892 0.238404 0.239916 0.241429 0.241986 0.243033 0.244080 0.245127 0.246173 0.247220 0.248267 0.249314 0.256000 0.257129 0.258257 0.259386 0.260514 0.261643 0.262771 0.263900 0.275043 0.235751 0.196459 0.157167 0.117876 0.078584 0.039292 0.000000 0.212914 0.214588 0.216261 0.217935 0.219608 0.221282 0.222955 0.224629 0.236414 0.236973 0.237533 0.238092 0.238651 0.239210 0.239769 0.240329 0.240886 0.241284 0.241682 0.242080 0.242478 0.242876 0.243273 0.243671 0.239757 0.239200 0.238643 0.238086 0.237529 0.236971 0.236414 0.235857 0.232514 0.232355 0.232196 0.232037 0.231878 0.231718 0.231559 0.231400 0.224629 0.224629 0.224629 0.224629 0.224629 0.224629 0.224629 0.224629 0.223500 0.222465 0.221431 0.220396 0.219361 0.218327 0.217292 0.216257 0.212914 0.213312 0.213710 0.214108 0.214506 0.214904 0.215302 0.215700 0.215143 0.214584 0.214024 0.213465 0.212906 0.212347 0.211788 0.211229 0.210671 0.209784 0.208896 0.208008 0.207120 0.206233 0.205345 0.204457 0.200557 0.200557 0.200557 0.200557 0.200557 0.200557 0.200557 0.200557
0.201114 0.201114 0.201114 0.201114 0.201114 0.201114 0.201114 0.201114 0.206686 0.206845 0.207004 0.207163 0.207322 0.207482 0.207641 0.207800 0.207800 0.208122 0.208445 0.208767 0.209090 0.209412 0.209735 0.210057 0.211800 0.211959 0.212118 0.212278 0.212437 0.212596 0.212755 0.212914 0.216814 0.216814 0.216814 0.216814 0.216814 0.216814 0.216814 0.216814 0.223500 0.223663 0.223827 0.223990 0.224153 0.224316 0.224480 0.224643 0.227500 0.228057 0.228614 0.229171 0.229729 0.230286 0.230843 0.231400 0.236414 0.236414 0.236414 0.236414 0.236414 0.236414 0.236414 0.236414 0.241457 0.241457 0.241457 0.241457 0.241457 0.241457 0.241457 0.241457 0.244243 0.243845 0.243447 0.243049 0.242651 0.242253 0.241855 0.241457 0.237529 0.227527 0.217524 0.207522 0.197520 0.187518 0.177516 0.167514 0.137300 0.137300 0.137300 0.137300 0.137300 0.137300 0.137300 0.137300 0.137300 0.137300 0.137300 0.137300 0.137300 0.137300 0.137300 0.137300 0.137300 0.156106 0.174912 0.193718 0.212524 0.231331 0.250137 0.268943 0.271729 0.271729 0.271729 0.271729 0.271729 0.271729 0.271729 0.271729 0.287971 0.291567 0.295163 0.298759 0.302355 0.305951 0.309547 0.313143 0.275071 0.273151 0.271231 0.269310 0.267390 0.265469 0.263549 0.261629 0.230286 0.231639 0.232992 0.234345 0.235698 0.237051 0.238404 0.239757 0.240871 0.241837 0.242802 0.243767 0.244733 0.245698 0.246663 0.247629 0.253200 0.254329 0.255457 0.256586 0.257714 0.258843 0.259971 0.261100 0.271686 0.232873 0.194061 0.155249 0.116437 0.077624 0.038812 0.000000 0.214029 0.215704 0.217380 0.219055 0.220731 0.222406 0.224082 0.225757 0.237529 0.238090 0.238651 0.239212 0.239773 0.240335 0.240896 0.241457 0.242571 0.242810 0.243049 0.243288 0.243527 0.243765 0.244004 0.244243 0.240314 0.239757 0.239200 0.238643 0.238086 0.237529 0.236971 0.236414 0.233629 0.233310 0.232992 0.232673 0.232355 0.232037 0.231718 0.231400 0.225757 0.225757 0.225757 0.225757 0.225757 0.225757 0.225757 0.225757 0.223500 0.222545 0.221590 0.220635 0.219680 0.218724 0.217769 0.216814 0.214029 0.214267 0.214506 0.214745 0.214984 0.215222 0.215461 0.215700 0.214586 0.214024 0.213463 0.212902 0.212341 0.211780 0.211218 0.210657 0.209543 0.208896 0.208249 0.207602 0.206955 0.206308 0.205661 0.205014 0.201114 0.201114 0.201114 0.201114 0.201114 0.201114 0.201114 0.201114
0.201671 0.201671 0.201671 0.201671 0.201671 0.201671 0.201671 0.201671 0.206129 0.206367 0.206606 0.206845 0.207084 0.207322 0.207561 0.207800 0.207800 0.208284 0.208767 0.209251 0.209735 0.210218 0.210702 0.211186 0.211800 0.212039 0.212278 0.212516 0.212755 0.212994 0.213233 0.213471 0.217371 0.217371 0.217371 0.217371 0.217371 0.217371 0.217371 0.217371 0.223500 0.223745 0.223990 0.224235 0.224480 0.224724 0.224969 0.225214 0.227500 0.228057 0.228614 0.229171 0.229729 0.230286 0.230843 0.231400 0.236971 0.236971 0.236971 0.236971 0.236971 0.236971 0.236971 0.236971 0.242586 0.242586 0.242586 0.242586 0.242586 0.242586 0.242586 0.242586 0.244814 0.244496 0.244178 0.243859 0.243541 0.243222 0.242904 0.242586 0.238643 0.228961 0.219280 0.209598 0.199916 0.190235 0.180553 0.170871 0.137300 0.137300 0.137300 0.137300 0.137300 0.137300 0.137300 0.137300 0.137300 0.137300 0.137300 0.137300 0.137300 0.137300 0.137300 0.137300 0.137300 0.152345 0.167390 0.182435 0.197480 0.212524 0.227569 0.242614 0.244843 0.244843 0.244843 0.244843 0.244843 0.244843 0.244843 0.244843 0.271157 0.276837 0.282516 0.288196 0.293876 0.299555 0.305235 0.310914 0.265557 0.264355 0.263153 0.261951 0.260749 0.259547 0.258345 0.257143 0.229729 0.230922 0.232116 0.233310 0.234504 0.235698 0.236892 0.238086 0.239757 0.240641 0.241524 0.242408 0.243292 0.244176 0.245059 0.245943 0.250400 0.251529 0.252657 0.253786 0.254914 0.256043 0.257171 0.258300 0.268329 0.229996 0.191663 0.153331 0.114998 0.076665 0.038333 0.000000 0.215143 0.216820 0.218498 0.220176 0.221853 0.223531 0.225208 0.226886 0.238643 0.239206 0.239769 0.240333 0.240896 0.241459 0.242022 0.242586 0.244257 0.244337 0.244416 0.244496 0.244576 0.244655 0.244735 0.244814 0.240871 0.240314 0.239757 0.239200 0.238643 0.238086 0.237529 0.236971 0.234743 0.234265 0.233788 0.233310 0.232833 0.232355 0.231878 0.231400 0.226886 0.226886 0.226886 0.226886 0.226886 0.226886 0.226886 0.226886 0.223500 0.222624 0.221749 0.220873 0.219998 0.219122 0.218247 0.217371 0.215143 0.215222 0.215302 0.215382 0.215461 0.215541 0.215620 0.215700 0.214029 0.213465 0.212902 0.212339 0.211776 0.211212 0.210649 0.210086 0.208414 0.208008 0.207602 0.207196 0.206790 0.206384 0.205978 0.205571 0.201671 0.201671 0.201671 0.201671 0.201671 0.201671 0.201671 0.201671
0.202229 0.202229 0.202229 0.202229 0.202229 0.202229 0.202229 0.202229 0.205571 0.205890 0.206208 0.206527 0.206845 0.207163 0.207482 0.207800 0.207800 0.208445 0.209090 0.209735 0.210380 0.211024 0.211669 0.212314 0.211800 0.212118 0.212437 0.212755 0.213073 0.213392 0.213710 0.214029 0.217929 0.217929 0.217929 0.217929 0.217929 0.217929 0.217929 0.217929 0.223500 0.223827 0.224153 0.224480 0.224806 0.225133 0.225459 0.225786 0.227500 0.228057 0.228614 0.229171 0.229729 0.230286 0.230843 0.231400 0.237529 0.237529 0.237529 0.237529 0.237529 0.237529 0.237529 0.237529 0.243714 0.243714 0.243714 0.243714 0.243714 0.243714 0.243714 0.243714 0.245386 0.245147 0.244908 0.244669 0.244431 0.244192 0.243953 0.243714 0.239757 0.230396 0.221035 0.211673 0.202312 0.192951 0.183590 0.174229 0.137300 0.137300 0.137300 0.137300 0.137300 0.137300 0.137300 0.137300 0.137300 0.137300 0.137300 0.137300 0.137300 0.137300 0.137300 0.137300 0.137300 0.148584 0.159867 0.171151 0.182435 0.193718 0.205002 0.216286 0.217957 0.217957 0.217957 0.217957 0.217957 0.217957 0.217957 0.217957 0.254343 0.262106 0.269869 0.277633 0.285396 0.293159 0.300922 0.308686 0.256043 0.255559 0.255076 0.254592 0.254108 0.253624 0.253141 0.252657 0.229171 0.230206 0.231241 0.232276 0.233310 0.234345 0.235380 0.236414 0.238643 0.239445 0.240247 0.241049 0.241851 0.242653 0.243455 0.244257 0.247600 0.248729 0.249857 0.250986 0.252114 0.253243 0.254371 0.255500 0.264971 0.227118 0.189265 0.151412 0.113559 0.075706 0.037853 0.000000 0.216257 0.217937 0.219616 0.221296 0.222976 0.224655 0.226335 0.228014 0.239757 0.240322 0.240888 0.241453 0.242018 0.242584 0.243149 0.243714 0.245943 0.245863 0.245784 0.245704 0.245624 0.245545 0.245465 0.245386 0.241429 0.240871 0.240314 0.239757 0.239200 0.238643 0.238086 0.237529 0.235857 0.235220 0.234584 0.233947 0.233310 0.232673 0.232037 0.231400 0.228014 0.228014 0.228014 0.228014 0.228014 0.228014 0.228014 0.228014 0.223500 0.222704 0.221908 0.221112 0.220316 0.219520 0.218724 0.217929 0.216257 0.216178 0.216098 0.216018 0.215939 0.215859 0.215780 0.215700 0.213471 0.212906 0.212341 0.211776 0.211210 0.210645 0.210080 0.209514 0.207286 0.207120 0.206955 0.206790 0.206624 0.206459 0.206294 0.206129 0.202229 0.202229 0.202229 0.202229 0.202229 0.202229 0.202229 0.202229
0.202786 0.202786 0.202786 0.202786 0.202786 0.202786 0.202786 0.202786 0.205014 0.205412 0.205810 0.206208 0.206606 0.207004 0.207402 0.207800 0.207800 0.208606 0.209412 0.210218 0.211024 0.211831 0.212637 0.213443 0.211800 0.212198 0.212596 0.212994 0.213392 0.213790 0.214188 0.214586 0.218486 0.218486 0.218486 0.218486 0.218486 0.218486 0.218486 0.218486 0.223500 0.223908 0.224316 0.224724 0.225133 0.225541 0.225949 0.226357 0.227500 0.228057 0.228614 0.229171 0.229729 0.230286 0.230843 0.231400 0.238086 0.238086 0.238086 0.238086 0.238086 0.238086 0.238086 0.238086 0.244843 0.244843 0.244843 0.244843 0.244843 0.244843 0.244843 0.244843 0.245957 0.245798 0.245639 0.245480 0.245320 0.245161 0.245002 0.244843 0.240871 0.231831 0.222790 0.213749 0.204708 0.195667 0.186627 0.177586 0.137300 0.137300 0.137300 0.137300 0.137300 0.137300 0.137300 0.137300 0.137300 0.137300 0.137300 0.137300 0.137300 0.137300 0.137300 0.137300 0.137300 0.144822 0.152345 0.159867 0.167390 0.174912 0.182435 0.189957 0.191071 0.191071 0.191071 0.191071 0.191071 0.191071 0.191071 0.191071 0.237529 0.247376 0.257222 0.267069 0.276916 0.286763 0.296610 0.306457 0.246529 0.246763 0.246998 0.247233 0.247467 0.247702 0.247937 0.248171 0.228614 0.229490 0.230365 0.231241 0.232116 0.232992 0.233867 0.234743 0.237529 0.238249 0.238969 0.239690 0.240410 0.241131 0.241851 0.242571 0.244800 0.245929 0.247057 0.248186 0.249314 0.250443 0.251571 0.252700 0.261614 0.224241 0.186867 0.149494 0.112120 0.074747 0.037373 0.000000 0.217371 0.219053 0.220735 0.222416 0.224098 0.225780 0.227461 0.229143 0.240871 0.241439 0.242006 0.242573 0.243141 0.243708 0.244276 0.244843 0.247629 0.247390 0.247151 0.246912 0.246673 0.246435 0.246196 0.245957 0.241986 0.241429 0.240871 0.240314 0.239757 0.239200 0.238643 0.238086 0.236971 0.236176 0.235380 0.234584 0.233788 0.232992 0.232196 0.231400 0.229143 0.229143 0.229143 0.229143 0.229143 0.229143 0.229143 0.229143 0.223500 0.222784 0.222067 0.221351 0.220635 0.219918 0.219202 0.218486 0.217371 0.217133 0.216894 0.216655 0.216416 0.216178 0.215939 0.215700 0.212914 0.212347 0.211780 0.211212 0.210645 0.210078 0.209510 0.208943 0.206157 0.206233 0.206308 0.206384 0.206459 0.206535 0.206610 0.206686 0.202786 0.202786 0.202786 0.202786 0.202786 0.202786 0.202786 0.202786
0.203343 0.203343 0.203343 0.203343 0.203343 0.203343 0.203343 0.203343 0.204457 0.204935 0.205412 0.205890 0.206367 0.206845 0.207322 0.207800 0.207800 0.208767 0.209735 0.210702 0.211669 0.212637 0.213604 0.214571 0.211800 0.212278 0.212755 0.213233 0.213710 0.214188 0.214665 0.215143 0.219043 0.219043 0.219043 0.219043 0.219043 0.219043 0.219043 0.219043 0.223500 0.223990 0.224480 0.224969 0.225459 0.225949 0.226439 0.226929 0.227500 0.228057 0.228614 0.229171 0.229729 0.230286 0.230843 0.231400 0.238643 0.238643 0.238643 0.238643 0.238643 0.238643 0.238643 0.238643 0.245971 0.245971 0.245971 0.245971 0.245971 0.245971 0.245971 0.245971 0.246529 0.246449 0.246369 0.246290 0.246210 0.246131 0.246051 0.245971 0.241986 0.233265 0.224545 0.215824 0.207104 0.198384 0.189663 0.180943 0.137300 0.137300 0.137300 0.137300 0.137300 0.137300 0.137300 0.137300 0.137300 0.137300 0.137300 0.137300 0.137300 0.137300 0.137300 0.137300 0.137300 0.141061 0.144822 0.148584 0.152345 0.156106 0.159867 0.163629 0.164186 0.164186 0.164186 0.164186 0.164186 0.164186 0.164186 0.164186 0.220714 0.232645 0.244576 0.256506 0.268437 0.280367 0.292298 0.304229 0.237014 0.237967 0.238920 0.239873 0.240827 0.241780 0.242733 0.243686 0.228057 0.228773 0.229490 0.230206 0.230922 0.231639 0.232355 0.233071 0.236414 0.237053 0.237692 0.238331 0.238969 0.239608 0.240247 0.240886 0.242000 0.243129 0.244257 0.245386 0.246514 0.247643 0.248771 0.249900 0.258257 0.221363 0.184469 0.147575 0.110682 0.073788 0.036894 0.000000 0.218486 0.220169 0.221853 0.223537 0.225220 0.226904 0.228588 0.230271 0.241986 0.242555 0.243124 0.243694 0.244263 0.244833 0.245402 0.245971 0.249314 0.248916 0.248518 0.248120 0.247722 0.247324 0.246927 0.246529 0.242543 0.241986 0.241429 0.240871 0.240314 0.239757 0.239200 0.238643 0.238086 0.237131 0.236176 0.235220 0.234265 0.233310 0.232355 0.231400 0.230271 0.230271 0.230271 0.230271 0.230271 0.230271 0.230271 0.230271 0.223500 0.222863 0.222227 0.221590 0.220953 0.220316 0.219680 0.219043 0.218486 0.218088 0.217690 0.217292 0.216894 0.216496 0.216098 0.215700 0.212357 0.211788 0.211218 0.210649 0.210080 0.209510 0.208941 0.208371 0.205029 0.205345 0.205661 0.205978 0.206294 0.206610 0.206927 0.207243 0.203343 0.203343 0.203343 0.203343 0.203343 0.203343 0.203343 0.203343
0.203900 0.203900 0.203900 0.203900 0.203900 0.203900 0.203900 0.203900 0.203900 0.204457 0.205014 0.205571 0.206129 0.206686 0.207243 0.207800 0.207800 0.208929 0.210057 0.211186 0.212314 0.213443 0.214571 0.215700 0.211800 0.212357 0.212914 0.213471 0.214029 0.214586 0.215143 0.215700 0.219600 0.219600 0.219600 0.219600 0.219600 0.219600 0.219600 0.219600 0.223500 0.224071 0.224643 0.225214 0.225786 0.226357 0.226929 0.227500 0.227500 0.228057 0.228614 0.229171 0.229729 0.230286 0.230843 0.231400 0.239200 0.239200 0.239200 0.239200 0.239200 0.239200 0.239200 0.239200 0.247100 0.247100 0.247100 0.247100 0.247100 0.247100 0.247100 0.247100 0.247100 0.247100 0.247100 0.247100 0.247100 0.247100 0.247100 0.247100 0.243100 0.234700 0.226300 0.217900 0.209500 0.201100 0.192700 0.184300 0.137300 0.137300 0.137300 0.137300 0.137300 0.137300 0.137300 0.137300 0.137300 0.137300 0.137300 0.137300 0.137300 0.137300 0.137300 0.137300 0.137300 0.137300 0.137300 0.137300 0.137300 0.137300 0.137300 0.137300 0.137300 0.137300 0.137300 0.137300 0.137300 0.137300 0.137300 0.137300 0.203900 0.217914 0.231929 0.245943 0.259957 0.273971 0.287986 0.302000 0.227500 0.229171 0.230843 0.232514 0.234186 0.235857 0.237529 0.239200 0.227500 0.228057 0.228614 0.229171 0.229729 0.230286 0.230843 0.231400 0.235300 0.235857 0.236414 0.236971 0.237529 0.238086 0.238643 0.239200 0.239200 0.240329 0.241457 0.242586 0.243714 0.244843 0.245971 0.247100 0.254900 0.218486 0.182071 0.145657 0.109243 0.072829 0.036414 0.000000 0.219600 0.221286 0.222971 0.224657 0.226343 0.228029 0.229714 0.231400 0.243100 0.243671 0.244243 0.244814 0.245386 0.245957 0.246529 0.247100 0.251000 0.250443 0.249886 0.249329 0.248771 0.248214 0.247657 0.247100 0.243100 0.242543 0.241986 0.241429 0.240871 0.240314 0.239757 0.239200 0.239200 0.238086 0.236971 0.235857 0.234743 0.233629 0.232514 0.231400 0.231400 0.231400 0.231400 0.231400 0.231400 0.231400 0.231400 0.231400 0.223500 0.222943 0.222386 0.221829 0.221271 0.220714 0.220157 0.219600 0.219600 0.219043 0.218486 0.217929 0.217371 0.216814 0.216257 0.215700 0.211800 0.211229 0.210657 0.210086 0.209514 0.208943 0.208371 0.207800 0.203900 0.204457 0.205014 0.205571 0.206129 0.206686 0.207243 0.207800 0.203900 0.203900 0.203900 0.203900 0.203900 0.203900 0.203900 0.203900
0.203900 0.203900 0.203900 0.203900 0.203900 0.203900 0.203900 0.203900 0.203900 0.204457 0.205014 0.205571 0.206129 0.206686 0.207243 0.207800 0.211800 0.211800 0.211800 0.211800 0.211800 0.211800 0.211800 0.211800 0.211800 0.212914 0.214029 0.215143 0.216257 0.217371 0.218486 0.219600 0.215700 0.216257 0.216814 0.217371 0.217929 0.218486 0.219043 0.219600 0.227500 0.228057 0.228614 0.229171 0.229729 0.230286 0.230843 0.231400 0.227500 0.229171 0.230843 0.232514 0.234186 0.235857 0.237529 0.239200 0.243100 0.243671 0.244243 0.244814 0.245386 0.245957 0.246529 0.247100 0.251000 0.251557 0.252114 0.252671 0.253229 0.253786 0.254343 0.254900 0.254900 0.254900 0.254900 0.254900 0.254900 0.254900 0.254900 0.254900 0.251000 0.240357 0.229714 0.219071 0.208429 0.197786 0.187143 0.176500 0.137300 0.137300 0.137300 0.137300 0.137300 0.137300 0.137300 0.137300 0.137300 0.137300 0.137300 0.137300 0.137300 0.137300 0.137300 0.137300 0.137300 0.155214 0.173129 0.191043 0.208957 0.226871 0.244786 0.262700 0.239200 0.224643 0.210086 0.195529 0.180971 0.166414 0.151857 0.137300 0.247100 0.243729 0.240357 0.236986 0.233614 0.230243 0.226871 0.223500 0.227500 0.227500 0.227500 0.227500 0.227500 0.227500 0.227500 0.227500 0.215700 0.216814 0.217929 0.219043 0.220157 0.221271 0.222386 0.223500 0.227500 0.228057 0.228614 0.229171 0.229729 0.230286 0.230843 0.231400 0.235300 0.235857 0.236414 0.236971 0.237529 0.238086 0.238643 0.239200 0.239200 0.224643 0.210086 0.195529 0.180971 0.166414 0.151857 0.137300 0.227500 0.229729 0.231957 0.234186 0.236414 0.238643 0.240871 0.243100 0.251000 0.251557 0.252114 0.252671 0.253229 0.253786 0.254343 0.254900 0.254900 0.254900 0.254900 0.254900 0.254900 0.254900 0.254900 0.254900 0.251000 0.250443 0.249886 0.249329 0.248771 0.248214 0.247657 0.247100 0.243100 0.241986 0.240871 0.239757 0.238643 0.237529 0.236414 0.235300 0.231400 0.230843 0.230286 0.229729 0.229171 0.228614 0.228057 0.227500 0.227500 0.226929 0.226357 0.225786 0.225214 0.224643 0.224071 0.223500 0.223500 0.222386 0.221271 0.220157 0.219043 0.217929 0.216814 0.215700 0.215700 0.215143 0.214586 0.214029 0.213471 0.212914 0.212357 0.211800 0.207800 0.207243 0.206686 0.206129 0.205571 0.205014 0.204457 0.203900 0.207800 0.207243 0.206686 0.206129 0.205571 0.205014 0.204457 0.203900
0.203900 0.203900 0.203900 0.203900 0.203900 0.203900 0.203900 0.203900 0.204457 0.204935 0.205412 0.205890 0.206367 0.206845 0.207322 0.207800 0.211800 0.211800 0.211800 0.211800 0.211800 0.211800 0.211800 0.211800 0.211800 0.212914 0.214029 0.215143 0.216257 0.217371 0.218486 0.219600 0.216257 0.216814 0.217371 0.217929 0.218486 0.219043 0.219600 0.220157 0.227500 0.228057 0.228614 0.229171 0.229729 0.230286 0.230843 0.231400 0.228614 0.230206 0.231798 0.233390 0.234982 0.236573 0.238165 0.239757 0.243671 0.244241 0.244810 0.245380 0.245949 0.246518 0.247088 0.247657 0.252114 0.252671 0.253229 0.253786 0.254343 0.254900 0.255457 0.256014 0.256586 0.256586 0.256586 0.256586 0.256586 0.256586 0.256586 0.256586 0.252671 0.242110 0.231549 0.220988 0.210427 0.199865 0.189304 0.178743 0.137300 0.137300 0.137300 0.137300 0.137300 0.137300 0.137300 0.137300 0.137300 0.137300 0.137300 0.137300 0.137300 0.137300 0.137300 0.137300 0.138414 0.155610 0.172806 0.190002 0.207198 0.224394 0.241590 0.258786 0.237529 0.224410 0.211292 0.198173 0.185055 0.171937 0.158818 0.145700 0.244857 0.242047 0.239237 0.236427 0.233616 0.230806 0.227996 0.225186 0.228614 0.228294 0.227973 0.227653 0.227333 0.227012 0.226692 0.226371 0.214571 0.215688 0.216804 0.217920 0.219037 0.220153 0.221269 0.222386 0.226371 0.226929 0.227486 0.228043 0.228600 0.229157 0.229714 0.230271 0.234186 0.234663 0.235141 0.235618 0.236096 0.236573 0.237051 0.237529 0.235843 0.218963 0.202084 0.185204 0.168324 0.151445 0.134565 0.117686 0.229171 0.231322 0.233473 0.235624 0.237776 0.239927 0.242078 0.244229 0.252671 0.253231 0.253790 0.254349 0.254908 0.255467 0.256027 0.256586 0.256014 0.255935 0.255855 0.255776 0.255696 0.255616 0.255537 0.255457 0.252114 0.251557 0.251000 0.250443 0.249886 0.249329 0.248771 0.248214 0.243100 0.242145 0.241190 0.240235 0.239280 0.238324 0.237369 0.236414 0.231957 0.231400 0.230843 0.230286 0.229729 0.229171 0.228614 0.228057 0.228057 0.227406 0.226755 0.226104 0.225453 0.224802 0.224151 0.223500 0.222943 0.221988 0.221033 0.220078 0.219122 0.218167 0.217212 0.216257 0.215700 0.215143 0.214586 0.214029 0.213471 0.212914 0.212357 0.211800 0.208371 0.207812 0.207253 0.206694 0.206135 0.205576 0.205016 0.204457 0.207243 0.206765 0.206288 0.205810 0.205333 0.204855 0.204378 0.203900
0.203900 0.203900 0.203900 0.203900 0.203900 0.203900 0.203900 0.203900 0.205014 0.205412 0.205810 0.206208 0.206606 0.207004 0.207402 0.207800 0.211800 0.211800 0.211800 0.211800 0.211800 0.211800 0.211800 0.211800 0.211800 0.212914 0.214029 0.215143 0.216257 0.217371 0.218486 0.219600 0.216814 0.217371 0.217929 0.218486 0.219043 0.219600 0.220157 0.220714 0.227500 0.228057 0.228614 0.229171 0.229729 0.230286 0.230843 0.231400 0.229729 0.231241 0.232753 0.234265 0.235778 0.237290 0.238802 0.240314 0.244243 0.244810 0.245378 0.245945 0.246512 0.247080 0.247647 0.248214 0.253229 0.253786 0.254343 0.254900 0.255457 0.256014 0.256571 0.257129 0.258271 0.258271 0.258271 0.258271 0.258271 0.258271 0.258271 0.258271 0.254343 0.243863 0.233384 0.222904 0.212424 0.201945 0.191465 0.180986 0.137300 0.137300 0.137300 0.137300 0.137300 0.137300 0.137300 0.137300 0.137300 0.137300 0.137300 0.137300 0.137300 0.137300 0.137300 0.137300 0.139529 0.156006 0.172484 0.188961 0.205439 0.221916 0.238394 0.254871 0.235857 0.224178 0.212498 0.200818 0.189139 0.177459 0.165780 0.154100 0.242614 0.240365 0.238116 0.235867 0.233618 0.231369 0.229120 0.226871 0.229729 0.229088 0.228447 0.227806 0.227165 0.226525 0.225884 0.225243 0.213443 0.214561 0.215680 0.216798 0.217916 0.219035 0.220153 0.221271 0.225243 0.225800 0.226357 0.226914 0.227471 0.228029 0.228586 0.229143 0.233071 0.233469 0.233867 0.234265 0.234663 0.235061 0.235459 0.235857 0.232486 0.213284 0.194082 0.174880 0.155678 0.136476 0.117273 0.098071 0.230843 0.232916 0.234990 0.237063 0.239137 0.241210 0.243284 0.245357 0.254343 0.254904 0.255465 0.256027 0.256588 0.257149 0.257710 0.258271 0.257129 0.256969 0.256810 0.256651 0.256492 0.256333 0.256173 0.256014 0.253229 0.252671 0.252114 0.251557 0.251000 0.250443 0.249886 0.249329 0.243100 0.242304 0.241508 0.240712 0.239916 0.239120 0.238325 0.237529 0.232514 0.231957 0.231400 0.230843 0.230286 0.229729 0.229171 0.228614 0.228614 0.227884 0.227153 0.226422 0.225692 0.224961 0.224231 0.223500 0.222386 0.221590 0.220794 0.219998 0.219202 0.218406 0.217610 0.216814 0.215700 0.215143 0.214586 0.214029 0.213471 0.212914 0.212357 0.211800 0.208943 0.208382 0.207820 0.207259 0.206698 0.206137 0.205576 0.205014 0.206686 0.206288 0.205890 0.205492 0.205094 0.204696 0.204298 0.203900
0.203900 0.203900 0.203900 0.203900 0.203900 0.203900 0.203900 0.203900 0.205571 0.205890 0.206208 0.206527 0.206845 0.207163 0.207482 0.207800 0.211800 0.211800 0.211800 0.211800 0.211800 0.211800 0.211800 0.211800 0.211800 0.212914 0.214029 0.215143 0.216257 0.217371 0.218486 0.219600 0.217371 0.217929 0.218486 0.219043 0.219600 0.220157 0.220714 0.221271 0.227500 0.228057 0.228614 0.229171 0.229729 0.230286 0.230843 0.231400 0.230843 0.232276 0.233708 0.235141 0.236573 0.238006 0.239439 0.240871 0.244814 0.245380 0.245945 0.246510 0.247075 0.247641 0.248206 0.248771 0.254343 0.254900 0.255457 0.256014 0.256571 0.257129 0.257686 0.258243 0.259957 0.259957 0.259957 0.259957 0.259957 0.259957 0.259957 0.259957 0.256014 0.245616 0.235218 0.224820 0.214422 0.204024 0.193627 0.183229 0.137300 0.137300 0.137300 0.137300 0.137300 0.137300 0.137300 0.137300 0.137300 0.137300 0.137300 0.137300 0.137300 0.137300 0.137300 0.137300 0.140643 0.156402 0.172161 0.187920 0.203680 0.219439 0.235198 0.250957 0.234186 0.223945 0.213704 0.203463 0.193222 0.182982 0.172741 0.162500 0.240371 0.238684 0.236996 0.235308 0.233620 0.231933 0.230245 0.228557 0.230843 0.229882 0.228920 0.227959 0.226998 0.226037 0.225076 0.224114 0.212314 0.213435 0.214555 0.215676 0.216796 0.217916 0.219037 0.220157 0.224114 0.224671 0.225229 0.225786 0.226343 0.226900 0.227457 0.228014 0.231957 0.232276 0.232594 0.232912 0.233231 0.233549 0.233867 0.234186 0.229129 0.207604 0.186080 0.164555 0.143031 0.121506 0.099982 0.078457 0.232514 0.234510 0.236506 0.238502 0.240498 0.242494 0.244490 0.246486 0.256014 0.256578 0.257141 0.257704 0.258267 0.258831 0.259394 0.259957 0.258243 0.258004 0.257765 0.257527 0.257288 0.257049 0.256810 0.256571 0.254343 0.253786 0.253229 0.252671 0.252114 0.251557 0.251000 0.250443 0.243100 0.242463 0.241827 0.241190 0.240553 0.239916 0.239280 0.238643 0.233071 0.232514 0.231957 0.231400 0.230843 0.230286 0.229729 0.229171 0.229171 0.228361 0.227551 0.226741 0.225931 0.225120 0.224310 0.223500 0.221829 0.221192 0.220555 0.219918 0.219282 0.218645 0.218008 0.217371 0.215700 0.215143 0.214586 0.214029 0.213471 0.212914 0.212357 0.211800 0.209514 0.208951 0.208388 0.207824 0.207261 0.206698 0.206135 0.205571 0.206129 0.205810 0.205492 0.205173 0.204855 0.204537 0.204218 0.203900
0.203900 0.203900 0.203900 0.203900 0.203900 0.203900 0.203900 0.203900 0.206129 0.206367 0.206606 0.206845 0.207084 0.207322 0.207561 0.207800 0.211800 0.211800 0.211800 0.211800 0.211800 0.211800 0.211800 0.211800 0.211800 0.212914 0.214029 0.215143 0.216257 0.217371 0.218486 0.219600 0.217929 0.218486 0.219043 0.219600 0.220157 0.220714 0.221271 0.221829 0.227500 0.228057 0.228614 0.229171 0.229729 0.230286 0.230843 0.231400 0.231957 0.233310 0.234663 0.236016 0.237369 0.238722 0.240075 0.241429 0.245386 0.245949 0.246512 0.247075 0.247639 0.248202 0.248765 0.249329 0.255457 0.256014 0.256571 0.257129 0.257686 0.258243 0.258800 0.259357 0.261643 0.261643 0.261643 0.261643 0.261643 0.261643 0.261643 0.261643 0.257686 0.247369 0.237053 0.226737 0.216420 0.206104 0.195788 0.185471 0.137300 0.137300 0.137300 0.137300 0.137300 0.137300 0.137300 0.137300 0.137300 0.137300 0.137300 0.137300 0.137300 0.137300 0.137300 0.137300 0.141757 0.156798 0.171839 0.186880 0.201920 0.216961 0.232002 0.247043 0.232514 0.223712 0.214910 0.206108 0.197306 0.188504 0.179702 0.170900 0.238129 0.237002 0.235876 0.234749 0.233622 0.232496 0.231369 0.230243 0.231957 0.230676 0.229394 0.228112 0.226831 0.225549 0.224267 0.222986 0.211186 0.212308 0.213431 0.214553 0.215676 0.216798 0.217920 0.219043 0.222986 0.223543 0.224100 0.224657 0.225214 0.225771 0.226329 0.226886 0.230843 0.231082 0.231320 0.231559 0.231798 0.232037 0.232276 0.232514 0.225771 0.201924 0.178078 0.154231 0.130384 0.106537 0.082690 0.058843 0.234186 0.236104 0.238022 0.239941 0.241859 0.243778 0.245696 0.247614 0.257686 0.258251 0.258816 0.259382 0.259947 0.260512 0.261078 0.261643 0.259357 0.259039 0.258720 0.258402 0.258084 0.257765 0.257447 0.257129 0.255457 0.254900 0.254343 0.253786 0.253229 0.252671 0.252114 0.251557 0.243100 0.242622 0.242145 0.241667 0.241190 0.240712 0.240235 0.239757 0.233629 0.233071 0.232514 0.231957 0.231400 0.230843 0.230286 0.229729 0.229729 0.228839 0.227949 0.227059 0.226169 0.225280 0.224390 0.223500 0.221271 0.220794 0.220316 0.219839 0.219361 0.218884 0.218406 0.217929 0.215700 0.215143 0.214586 0.214029 0.213471 0.212914 0.212357 0.211800 0.210086 0.209520 0.208955 0.208390 0.207824 0.207259 0.206694 0.206129 0.205571 0.205333 0.205094 0.204855 0.204616 0.204378 0.204139 0.203900
0.203900 0.203900 0.203900 0.203900 0.203900 0.203900 0.203900 0.203900 0.206686 0.206845 0.207004 0.207163 0.207322 0.207482 0.207641 0.207800 0.211800 0.211800 0.211800 0.211800 0.211800 0.211800 0.211800 0.211800 0.211800 0.212914 0.214029 0.215143 0.216257 0.217371 0.218486 0.219600 0.218486 0.219043 0.219600 0.220157 0.220714 0.221271 0.221829 0.222386 0.227500 0.228057 0.228614 0.229171 0.229729 0.230286 0.230843 0.231400 0.233071 0.234345 0.235618 0.236892 0.238165 0.239439 0.240712 0.241986 0.245957 0.246518 0.247080 0.247641 0.248202 0.248763 0.249324 0.249886 0.256571 0.257129 0.257686 0.258243 0.258800 0.259357 0.259914 0.260471 0.263329 0.263329 0.263329 0.263329 0.263329 0.263329 0.263329 0.263329 0.259357 0.249122 0.238888 0.228653 0.218418 0.208184 0.197949 0.187714 0.137300 0.137300 0.137300 0.137300 0.137300 0.137300 0.137300 0.137300 0.137300 0.137300 0.137300 0.137300 0.137300 0.137300 0.137300 0.137300 0.142871 0.157194 0.171516 0.185839 0.200161 0.214484 0.228806 0.243129 0.230843 0.223480 0.216116 0.208753 0.201390 0.194027 0.186663 0.179300 0.235886 0.235320 0.234755 0.234190 0.233624 0.233059 0.232494 0.231929 0.233071 0.231469 0.229867 0.228265 0.226663 0.225061 0.223459 0.221857 0.210057 0.211182 0.212306 0.213431 0.214555 0.215680 0.216804 0.217929 0.221857 0.222414 0.222971 0.223529 0.224086 0.224643 0.225200 0.225757 0.229729 0.229888 0.230047 0.230206 0.230365 0.230524 0.230684 0.230843 0.222414 0.196245 0.170076 0.143906 0.117737 0.091567 0.065398 0.039229 0.235857 0.237698 0.239539 0.241380 0.243220 0.245061 0.246902 0.248743 0.259357 0.259924 0.260492 0.261059 0.261627 0.262194 0.262761 0.263329 0.260471 0.260073 0.259676 0.259278 0.258880 0.258482 0.258084 0.257686 0.256571 0.256014 0.255457 0.254900 0.254343 0.253786 0.253229 0.252671 0.243100 0.242782 0.242463 0.242145 0.241827 0.241508 0.241190 0.240871 0.234186 0.233629 0.233071 0.232514 0.231957 0.231400 0.230843 0.230286 0.230286 0.229316 0.228347 0.227378 0.226408 0.225439 0.224469 0.223500 0.220714 0.220396 0.220078 0.219759 0.219441 0.219122 0.218804 0.218486 0.215700 0.215143 0.214586 0.214029 0.213471 0.212914 0.212357 0.211800 0.210657 0.210090 0.209522 0.208955 0.208388 0.207820 0.207253 0.206686 0.205014 0.204855 0.204696 0.204537 0.204378 0.204218 0.204059 0.203900
0.203900 0.203900 0.203900 0.203900 0.203900 0.203900 0.203900 0.203900 0.207243 0.207322 0.207402 0.207482 0.207561 0.207641 0.207720 0.207800 0.211800 0.211800 0.211800 0.211800 0.211800 0.211800 0.211800 0.211800 0.211800 0.212914 0.214029 0.215143 0.216257 0.217371 0.218486 0.219600 0.219043 0.219600 0.220157 0.220714 0.221271 0.221829 0.222386 0.222943 0.227500 0.228057 0.228614 0.229171 0.229729 0.230286 0.230843 0.231400 0.234186 0.235380 0.236573 0.237767 0.238961 0.240155 0.241349 0.242543 0.246529 0.247088 0.247647 0.248206 0.248765 0.249324 0.249884 0.250443 0.257686 0.258243 0.258800 0.259357 0.259914 0.260471 0.261029 0.261586 0.265014 0.265014 0.265014 0.265014 0.265014 0.265014 0.265014 0.265014 0.261029 0.250876 0.240722 0.230569 0.220416 0.210263 0.200110 0.189957 0.137300 0.137300 0.137300 0.137300 0.137300 0.137300 0.137300 0.137300 0.137300 0.137300 0.137300 0.137300 0.137300 0.137300 0.137300 0.137300 0.143986 0.157590 0.171194 0.184798 0.198402 0.212006 0.225610 0.239214 0.229171 0.223247 0.217322 0.211398 0.205473 0.199549 0.193624 0.187700 0.233643 0.233639 0.233635 0.233631 0.233627 0.233622 0.233618 0.233614 0.234186 0.232263 0.230341 0.228418 0.226496 0.224573 0.222651 0.220729 0.208929 0.210055 0.211182 0.212308 0.213435 0.214561 0.215688 0.216814 0.220729 0.221286 0.221843 0.222400 0.222957 0.223514 0.224071 0.224629 0.228614 0.228694 0.228773 0.228853 0.228933 0.229012 0.229092 0.229171 0.219057 0.190565 0.162073 0.133582 0.105090 0.076598 0.048106 0.019614 0.237529 0.239292 0.241055 0.242818 0.244582 0.246345 0.248108 0.249871 0.261029 0.261598 0.262167 0.262737 0.263306 0.263876 0.264445 0.265014 0.261586 0.261108 0.260631 0.260153 0.259676 0.259198 0.258720 0.258243 0.257686 0.257129 0.256571 0.256014 0.255457 0.254900 0.254343 0.253786 0.243100 0.242941 0.242782 0.242622 0.242463 0.242304 0.242145 0.241986 0.234743 0.234186 0.233629 0.233071 0.232514 0.231957 0.231400 0.230843 0.230843 0.229794 0.228745 0.227696 0.226647 0.225598 0.224549 0.223500 0.220157 0.219998 0.219839 0.219680 0.219520 0.219361 0.219202 0.219043 0.215700 0.215143 0.214586 0.214029 0.213471 0.212914 0.212357 0.211800 0.211229 0.210659 0.210090 0.209520 0.208951 0.208382 0.207812 0.207243 0.204457 0.204378 0.204298 0.204218 0.204139 0.204059 0.203980 0.203900
0.203900 0.203900 0.203900 0.203900 0.203900 0.203900 0.203900 0.203900 0.207800 0.207800 0.207800 0.207800 0.207800 0.207800 0.207800 0.207800 0.211800 0.211800 0.211800 0.211800 0.211800 0.211800 0.211800 0.211800 0.211800 0.212914 0.214029 0.215143 0.216257 0.217371 0.218486 0.219600 0.219600 0.220157 0.220714 0.221271 0.221829 0.222386 0.222943 0.223500 0.227500 0.228057 0.228614 0.229171 0.229729 0.230286 0.230843 0.231400 0.235300 0.236414 0.237529 0.238643 0.239757 0.240871 0.241986 0.243100 0.247100 0.247657 0.248214 0.248771 0.249329 0.249886 0.250443 0.251000 0.258800 0.259357 0.259914 0.260471 0.261029 0.261586 0.262143 0.262700 0.266700 0.266700 0.266700 0.266700 0.266700 0.266700 0.266700 0.266700 0.262700 0.252629 0.242557 0.232486 0.222414 0.212343 0.202271 0.192200 0.137300 0.137300 0.137300 0.137300 0.137300 0.137300 0.137300 0.137300 0.137300 0.137300 0.137300 0.137300 0.137300 0.137300 0.137300 0.137300 0.145100 0.157986 0.170871 0.183757 0.196643 0.209529 0.222414 0.235300 0.227500 0.223014 0.218529 0.214043 0.209557 0.205071 0.200586 0.196100 0.231400 0.231957 0.232514 0.233071 0.233629 0.234186 0.234743 0.235300 0.235300 0.233057 0.230814 0.228571 0.226329 0.224086 0.221843 0.219600 0.207800 0.208929 0.210057 0.211186 0.212314 0.213443 0.214571 0.215700 0.219600 0.220157 0.220714 0.221271 0.221829 0.222386 0.222943 0.223500 0.227500 0.227500 0.227500 0.227500 0.227500 0.227500 0.227500 0.227500 0.215700 0.184886 0.154071 0.123257 0.092443 0.061629 0.030814 0.000000 0.239200 0.240886 0.242571 0.244257 0.245943 0.247629 0.249314 0.251000 0.262700 0.263271 0.263843 0.264414 0.264986 0.265557 0.266129 0.266700 0.262700 0.262143 0.261586 0.261029 0.260471 0.259914 0.259357 0.258800 0.258800 0.258243 0.257686 0.257129 0.256571 0.256014 0.255457 0.254900 0.243100 0.243100 0.243100 0.243100 0.243100 0.243100 0.243100 0.243100 0.235300 0.234743 0.234186 0.233629 0.233071 0.232514 0.231957 0.231400 0.231400 0.230271 0.229143 0.228014 0.226886 0.225757 0.224629 0.223500 0.219600 0.219600 0.219600 0.219600 0.219600 0.219600 0.219600 0.219600 0.215700 0.215143 0.214586 0.214029 0.213471 0.212914 0.212357 0.211800 0.211800 0.211229 0.210657 0.210086 0.209514 0.208943 0.208371 0.207800 0.203900 0.203900 0.203900 0.203900 0.203900 0.203900 0.203900 0.203900
0.203900 0.203900 0.203900 0.203900 0.203900 0.203900 0.203900 0.203900 0.207800 0.208929 0.210057 0.211186 0.212314 0.213443 0.214571 0.215700 0.211800 0.211800 0.211800 0.211800 0.211800 0.211800 0.211800 0.211800 0.219600 0.220157 0.220714 0.221271 0.221829 0.222386 0.222943 0.223500 0.219600 0.220729 0.221857 0.222986 0.224114 0.225243 0.226371 0.227500 0.227500 0.228057 0.228614 0.229171 0.229729 0.230286 0.230843 0.231400 0.239200 0.239757 0.240314 0.240871 0.241429 0.241986 0.242543 0.243100 0.251000 0.251557 0.252114 0.252671 0.253229 0.253786 0.254343 0.254900 0.262700 0.263271 0.263843 0.264414 0.264986 0.265557 0.266129 0.266700 0.274500 0.274500 0.274500 0.274500 0.274500 0.274500 0.274500 0.274500 0.270600 0.263314 0.256029 0.248743 0.241457 0.234171 0.226886 0.219600 0.137300 0.137300 0.137300 0.137300 0.137300 0.137300 0.137300 0.137300 0.137300 0.137300 0.137300 0.137300 0.137300 0.137300 0.137300 0.137300 0.145100 0.156871 0.168643 0.180414 0.192186 0.203957 0.215729 0.227500 0.227500 0.224686 0.221871 0.219057 0.216243 0.213429 0.210614 0.207800 0.243100 0.243671 0.244243 0.244814 0.245386 0.245957 0.246529 0.247100 0.258800 0.258800 0.258800 0.258800 0.258800 0.258800 0.258800 0.258800 0.258800 0.259357 0.259914 0.260471 0.261029 0.261586 0.262143 0.262700 0.266700 0.266700 0.266700 0.266700 0.266700 0.266700 0.266700 0.266700 0.270600 0.271714 0.272829 0.273943 0.275057 0.276171 0.277286 0.278400 0.294100 0.252086 0.210071 0.168057 0.126043 0.084029 0.042014 0.000000 0.243100 0.245900 0.248700 0.251500 0.254300 0.257100 0.259900 0.262700 0.270600 0.271157 0.271714 0.272271 0.272829 0.273386 0.273943 0.274500 0.274500 0.273943 0.273386 0.272829 0.272271 0.271714 0.271157 0.270600 0.262700 0.261586 0.260471 0.259357 0.258243 0.257129 0.256014 0.254900 0.254900 0.253786 0.252671 0.251557 0.250443 0.249329 0.248214 0.247100 0.239200 0.238643 0.238086 0.237529 0.236971 0.236414 0.235857 0.235300 0.231400 0.230843 0.230286 0.229729 0.229171 0.228614 0.228057 0.227500 0.219600 0.219600 0.219600 0.219600 0.219600 0.219600 0.219600 0.219600 0.219600 0.218486 0.217371 0.216257 0.215143 0.214029 0.212914 0.211800 0.211800 0.211800 0.211800 0.211800 0.211800 0.211800 0.211800 0.211800 0.207800 0.207243 0.206686 0.206129 0.205571 0.205014 0.204457 0.203900
0.204457 0.204457 0.204457 0.204457 0.204457 0.204457 0.204457 0.204457 0.207800 0.208767 0.209735 0.210702 0.211669 0.212637 0.213604 0.214571 0.212357 0.212357 0.212357 0.212357 0.212357 0.212357 0.212357 0.212357 0.219600 0.220078 0.220555 0.221033 0.221510 0.221988 0.222465 0.222943 0.220157 0.221206 0.222255 0.223304 0.224353 0.225402 0.226451 0.227500 0.228614 0.229092 0.229569 0.230047 0.230525 0.231002 0.231480 0.231957 0.239757 0.240396 0.241035 0.241673 0.242312 0.242951 0.243590 0.244229 0.252114 0.252671 0.253229 0.253786 0.254343 0.254900 0.255457 0.256014 0.263271 0.264082 0.264892 0.265702 0.266512 0.267322 0.268133 0.268943 0.275629 0.275708 0.275788 0.275867 0.275947 0.276027 0.276106 0.276186 0.272286 0.265000 0.257714 0.250429 0.243143 0.235857 0.228571 0.221286 0.137300 0.137300 0.137300 0.137300 0.137300 0.137300 0.137300 0.137300 0.137300 0.137459 0.137618 0.137778 0.137937 0.138096 0.138255 0.138414 0.145100 0.156790 0.168480 0.180169 0.191859 0.203549 0.215239 0.226929 0.225814 0.223082 0.220349 0.217616 0.214884 0.212151 0.209418 0.206686 0.244786 0.245435 0.246084 0.246733 0.247382 0.248031 0.248680 0.249329 0.261043 0.261204 0.261365 0.261527 0.261688 0.261849 0.262010 0.262171 0.262729 0.263045 0.263361 0.263678 0.263994 0.264310 0.264627 0.264943 0.268943 0.269022 0.269102 0.269182 0.269261 0.269341 0.269420 0.269500 0.272843 0.274118 0.275394 0.276669 0.277945 0.279220 0.280496 0.281771 0.297457 0.259686 0.221914 0.184143 0.146371 0.108600 0.070829 0.033057 0.244786 0.247586 0.250386 0.253186 0.255986 0.258786 0.261586 0.264386 0.272286 0.272843 0.273400 0.273957 0.274514 0.275071 0.275629 0.276186 0.276186 0.275547 0.274908 0.274269 0.273631 0.272992 0.272353 0.271714 0.263829 0.262712 0.261596 0.260480 0.259363 0.258247 0.257131 0.256014 0.254900 0.253786 0.252671 0.251557 0.250443 0.249329 0.248214 0.247100 0.239757 0.239200 0.238643 0.238086 0.237529 0.236971 0.236414 0.235857 0.231400 0.230843 0.230286 0.229729 0.229171 0.228614 0.228057 0.227500 0.220729 0.220647 0.220565 0.220484 0.220402 0.220320 0.220239 0.220157 0.219600 0.218565 0.217531 0.216496 0.215461 0.214427 0.213392 0.212357 0.211229 0.211229 0.211229 0.211229 0.211229 0.211229 0.211229 0.211229 0.208371 0.207812 0.207253 0.206694 0.206135 0.205576 0.205016 0.204457
0.205014 0.205014 0.205014 0.205014 0.205014 0.205014 0.205014 0.205014 0.207800 0.208606 0.209412 0.210218 0.211024 0.211831 0.212637 0.213443 0.212914 0.212914 0.212914 0.212914 0.212914 0.212914 0.212914 0.212914 0.219600 0.219998 0.220396 0.220794 0.221192 0.221590 0.221988 0.222386 0.220714 0.221684 0.222653 0.223622 0.224592 0.225561 0.226531 0.227500 0.229729 0.230127 0.230525 0.230922 0.231320 0.231718 0.232116 0.232514 0.240314 0.241035 0.241755 0.242476 0.243196 0.243916 0.244637 0.245357 0.253229 0.253786 0.254343 0.254900 0.255457 0.256014 0.256571 0.257129 0.263843 0.264892 0.265941 0.266990 0.268039 0.269088 0.270137 0.271186 0.276757 0.276916 0.277076 0.277235 0.277394 0.277553 0.277712 0.277871 0.273971 0.266686 0.259400 0.252114 0.244829 0.237543 0.230257 0.222971 0.137300 0.137300 0.137300 0.137300 0.137300 0.137300 0.137300 0.137300 0.137300 0.137618 0.137937 0.138255 0.138573 0.138892 0.139210 0.139529 0.145100 0.156708 0.168316 0.179925 0.191533 0.203141 0.214749 0.226357 0.224129 0.221478 0.218827 0.216176 0.213524 0.210873 0.208222 0.205571 0.246471 0.247198 0.247925 0.248651 0.249378 0.250104 0.250831 0.251557 0.263286 0.263608 0.263931 0.264253 0.264576 0.264898 0.265220 0.265543 0.266657 0.266733 0.266808 0.266884 0.266959 0.267035 0.267110 0.267186 0.271186 0.271345 0.271504 0.271663 0.271822 0.271982 0.272141 0.272300 0.275086 0.276522 0.277959 0.279396 0.280833 0.282269 0.283706 0.285143 0.300814 0.267286 0.233757 0.200229 0.166700 0.133171 0.099643 0.066114 0.246471 0.249271 0.252071 0.254871 0.257671 0.260471 0.263271 0.266071 0.273971 0.274529 0.275086 0.275643 0.276200 0.276757 0.277314 0.277871 0.277871 0.277151 0.276431 0.275710 0.274990 0.274269 0.273549 0.272829 0.264957 0.263839 0.262720 0.261602 0.260484 0.259365 0.258247 0.257129 0.254900 0.253786 0.252671 0.251557 0.250443 0.249329 0.248214 0.247100 0.240314 0.239757 0.239200 0.238643 0.238086 0.237529 0.236971 0.236414 0.231400 0.230843 0.230286 0.229729 0.229171 0.228614 0.228057 0.227500 0.221857 0.221694 0.221531 0.221367 0.221204 0.221041 0.220878 0.220714 0.219600 0.218645 0.217690 0.216735 0.215780 0.214824 0.213869 0.212914 0.210657 0.210657 0.210657 0.210657 0.210657 0.210657 0.210657 0.210657 0.208943 0.208382 0.207820 0.207259 0.206698 0.206137 0.205576 0.205014
0.205571 0.205571 0.205571 0.205571 0.205571 0.205571 0.205571 0.205571 0.207800 0.208445 0.209090 0.209735 0.210380 0.211024 0.211669 0.212314 0.213471 0.213471 0.213471 0.213471 0.213471 0.213471 0.213471 0.213471 0.219600 0.219918 0.220237 0.220555 0.220873 0.221192 0.221510 0.221829 0.221271 0.222161 0.223051 0.223941 0.224831 0.225720 0.226610 0.227500 0.230843 0.231161 0.231480 0.231798 0.232116 0.232435 0.232753 0.233071 0.240871 0.241673 0.242476 0.243278 0.244080 0.244882 0.245684 0.246486 0.254343 0.254900 0.255457 0.256014 0.256571 0.257129 0.257686 0.258243 0.264414 0.265702 0.266990 0.268278 0.269565 0.270853 0.272141 0.273429 0.277886 0.278125 0.278363 0.278602 0.278841 0.279080 0.279318 0.279557 0.275657 0.268371 0.261086 0.253800 0.246514 0.239229 0.231943 0.224657 0.137300 0.137300 0.137300 0.137300 0.137300 0.137300 0.137300 0.137300 0.137300 0.137778 0.138255 0.138733 0.139210 0.139688 0.140165 0.140643 0.145100 0.156627 0.168153 0.179680 0.191206 0.202733 0.214259 0.225786 0.222443 0.219873 0.217304 0.214735 0.212165 0.209596 0.207027 0.204457 0.248157 0.248961 0.249765 0.250569 0.251373 0.252178 0.252982 0.253786 0.265529 0.266012 0.266496 0.266980 0.267463 0.267947 0.268431 0.268914 0.270586 0.270420 0.270255 0.270090 0.269924 0.269759 0.269594 0.269429 0.273429 0.273667 0.273906 0.274145 0.274384 0.274622 0.274861 0.275100 0.277329 0.278927 0.280524 0.282122 0.283720 0.285318 0.286916 0.288514 0.304171 0.274886 0.245600 0.216314 0.187029 0.157743 0.128457 0.099171 0.248157 0.250957 0.253757 0.256557 0.259357 0.262157 0.264957 0.267757 0.275657 0.276214 0.276771 0.277329 0.277886 0.278443 0.279000 0.279557 0.279557 0.278755 0.277953 0.277151 0.276349 0.275547 0.274745 0.273943 0.266086 0.264965 0.263845 0.262724 0.261604 0.260484 0.259363 0.258243 0.254900 0.253786 0.252671 0.251557 0.250443 0.249329 0.248214 0.247100 0.240871 0.240314 0.239757 0.239200 0.238643 0.238086 0.237529 0.236971 0.231400 0.230843 0.230286 0.229729 0.229171 0.228614 0.228057 0.227500 0.222986 0.222741 0.222496 0.222251 0.222006 0.221761 0.221516 0.221271 0.219600 0.218724 0.217849 0.216973 0.216098 0.215222 0.214347 0.213471 0.210086 0.210086 0.210086 0.210086 0.210086 0.210086 0.210086 0.210086 0.209514 0.208951 0.208388 0.207824 0.207261 0.206698 0.206135 0.205571
0.206129 0.206129 0.206129 0.206129 0.206129 0.206129 0.206129 0.206129 0.207800 0.208284 0.208767 0.209251 0.209735 0.210218 0.210702 0.211186 0.214029 0.214029 0.214029 0.214029 0.214029 0.214029 0.214029 0.214029 0.219600 0.219839 0.220078 0.220316 0.220555 0.220794 0.221033 0.221271 0.221829 0.222639 0.223449 0.224259 0.225069 0.225880 0.226690 0.227500 0.231957 0.232196 0.232435 0.232673 0.232912 0.233151 0.233390 0.233629 0.241429 0.242312 0.243196 0.244080 0.244963 0.245847 0.246731 0.247614 0.255457 0.256014 0.256571 0.257129 0.257686 0.258243 0.258800 0.259357 0.264986 0.266512 0.268039 0.269565 0.271092 0.272618 0.274145 0.275671 0.279014 0.279333 0.279651 0.279969 0.280288 0.280606 0.280924 0.281243 0.277343 0.270057 0.262771 0.255486 0.248200 0.240914 0.233629 0.226343 0.137300 0.137300 0.137300 0.137300 0.137300 0.137300 0.137300 0.137300 0.137300 0.137937 0.138573 0.139210 0.139847 0.140484 0.141120 0.141757 0.145100 0.156545 0.167990 0.179435 0.190880 0.202324 0.213769 0.225214 0.220757 0.218269 0.215782 0.213294 0.210806 0.208318 0.205831 0.203343 0.249843 0.250724 0.251606 0.252488 0.253369 0.254251 0.255133 0.256014 0.267771 0.268416 0.269061 0.269706 0.270351 0.270996 0.271641 0.272286 0.274514 0.274108 0.273702 0.273296 0.272890 0.272484 0.272078 0.271671 0.275671 0.275990 0.276308 0.276627 0.276945 0.277263 0.277582 0.277900 0.279571 0.281331 0.283090 0.284849 0.286608 0.288367 0.290127 0.291886 0.307529 0.282486 0.257443 0.232400 0.207357 0.182314 0.157271 0.132229 0.249843 0.252643 0.255443 0.258243 0.261043 0.263843 0.266643 0.269443 0.277343 0.277900 0.278457 0.279014 0.279571 0.280129 0.280686 0.281243 0.281243 0.280359 0.279476 0.278592 0.277708 0.276825 0.275941 0.275057 0.267214 0.266092 0.264969 0.263847 0.262724 0.261602 0.260480 0.259357 0.254900 0.253786 0.252671 0.251557 0.250443 0.249329 0.248214 0.247100 0.241429 0.240871 0.240314 0.239757 0.239200 0.238643 0.238086 0.237529 0.231400 0.230843 0.230286 0.229729 0.229171 0.228614 0.228057 0.227500 0.224114 0.223788 0.223461 0.223135 0.222808 0.222482 0.222155 0.221829 0.219600 0.218804 0.218008 0.217212 0.216416 0.215620 0.214824 0.214029 0.209514 0.209514 0.209514 0.209514 0.209514 0.209514 0.209514 0.209514 0.210086 0.209520 0.208955 0.208390 0.207824 0.207259 0.206694 0.206129
0.206686 0.206686 0.206686 0.206686 0.206686 0.206686 0.206686 0.206686 0.207800 0.208122 0.208445 0.208767 0.209090 0.209412 0.209735 0.210057 0.214586 0.214586 0.214586 0.214586 0.214586 0.214586 0.214586 0.214586 0.219600 0.219759 0.219918 0.220078 0.220237 0.220396 0.220555 0.220714 0.222386 0.223116 0.223847 0.224578 0.225308 0.226039 0.226769 0.227500 0.233071 0.233231 0.233390 0.233549 0.233708 0.233867 0.234027 0.234186 0.241986 0.242951 0.243916 0.244882 0.245847 0.246812 0.247778 0.248743 0.256571 0.257129 0.257686 0.258243 0.258800 0.259357 0.259914 0.260471 0.265557 0.267322 0.269088 0.270853 0.272618 0.274384 0.276149 0.277914 0.280143 0.280541 0.280939 0.281337 0.281735 0.282133 0.282531 0.282929 0.279029 0.271743 0.264457 0.257171 0.249886 0.242600 0.235314 0.228029 0.137300 0.137300 0.137300 0.137300 0.137300 0.137300 0.137300 0.137300 0.137300 0.138096 0.138892 0.139688 0.140484 0.141280 0.142076 0.142871 0.145100 0.156463 0.167827 0.179190 0.190553 0.201916 0.213280 0.224643 0.219071 0.216665 0.214259 0.211853 0.209447 0.207041 0.204635 0.202229 0.251529 0.252488 0.253447 0.254406 0.255365 0.256324 0.257284 0.258243 0.270014 0.270820 0.271627 0.272433 0.273239 0.274045 0.274851 0.275657 0.278443 0.277796 0.277149 0.276502 0.275855 0.275208 0.274561 0.273914 0.277914 0.278312 0.278710 0.279108 0.279506 0.279904 0.280302 0.280700 0.281814 0.283735 0.285655 0.287576 0.289496 0.291416 0.293337 0.295257 0.310886 0.290086 0.269286 0.248486 0.227686 0.206886 0.186086 0.165286 0.251529 0.254329 0.257129 0.259929 0.262729 0.265529 0.268329 0.271129 0.279029 0.279586 0.280143 0.280700 0.281257 0.281814 0.282371 0.282929 0.282929 0.281963 0.280998 0.280033 0.279067 0.278102 0.277137 0.276171 0.268343 0.267218 0.266094 0.264969 0.263845 0.262720 0.261596 0.260471 0.254900 0.253786 0.252671 0.251557 0.250443 0.249329 0.248214 0.247100 0.241986 0.241429 0.240871 0.240314 0.239757 0.239200 0.238643 0.238086 0.231400 0.230843 0.230286 0.229729 0.229171 0.228614 0.228057 0.227500 0.225243 0.224835 0.224427 0.224018 0.223610 0.223202 0.222794 0.222386 0.219600 0.218884 0.218167 0.217451 0.216735 0.216018 0.215302 0.214586 0.208943 0.208943 0.208943 0.208943 0.208943 0.208943 0.208943 0.208943 0.210657 0.210090 0.209522 0.208955 0.208388 0.207820 0.207253 0.206686
0.207243 0.207243 0.207243 0.207243 0.207243 0.207243 0.207243 0.207243 0.207800 0.207961 0.208122 0.208284 0.208445 0.208606 0.208767 0.208929 0.215143 0.215143 0.215143 0.215143 0.215143 0.215143 0.215143 0.215143 0.219600 0.219680 0.219759 0.219839 0.219918 0.219998 0.220078 0.220157 0.222943 0.223594 0.224245 0.224896 0.225547 0.226198 0.226849 0.227500 0.234186 0.234265 0.234345 0.234425 0.234504 0.234584 0.234663 0.234743 0.242543 0.243590 0.244637 0.245684 0.246731 0.247778 0.248824 0.249871 0.257686 0.258243 0.258800 0.259357 0.259914 0.260471 0.261029 0.261586 0.266129 0.268133 0.270137 0.272141 0.274145 0.276149 0.278153 0.280157 0.281271 0.281749 0.282227 0.282704 0.283182 0.283659 0.284137 0.284614 0.280714 0.273429 0.266143 0.258857 0.251571 0.244286 0.237000 0.229714 0.137300 0.137300 0.137300 0.137300 0.137300 0.137300 0.137300 0.137300 0.137300 0.138255 0.139210 0.140165 0.141120 0.142076 0.143031 0.143986 0.145100 0.156382 0.167663 0.178945 0.190227 0.201508 0.212790 0.224071 0.217386 0.215061 0.212737 0.210412 0.208088 0.205763 0.203439 0.201114 0.253214 0.254251 0.255288 0.256324 0.257361 0.258398 0.259435 0.260471 0.272257 0.273225 0.274192 0.275159 0.276127 0.277094 0.278061 0.279029 0.282371 0.281484 0.280596 0.279708 0.278820 0.277933 0.277045 0.276157 0.280157 0.280635 0.281112 0.281590 0.282067 0.282545 0.283022 0.283500 0.284057 0.286139 0.288220 0.290302 0.292384 0.294465 0.296547 0.298629 0.314243 0.297686 0.281129 0.264571 0.248014 0.231457 0.214900 0.198343 0.253214 0.256014 0.258814 0.261614 0.264414 0.267214 0.270014 0.272814 0.280714 0.281271 0.281829 0.282386 0.282943 0.283500 0.284057 0.284614 0.284614 0.283567 0.282520 0.281473 0.280427 0.279380 0.278333 0.277286 0.269471 0.268345 0.267218 0.266092 0.264965 0.263839 0.262712 0.261586 0.254900 0.253786 0.252671 0.251557 0.250443 0.249329 0.248214 0.247100 0.242543 0.241986 0.241429 0.240871 0.240314 0.239757 0.239200 0.238643 0.231400 0.230843 0.230286 0.229729 0.229171 0.228614 0.228057 0.227500 0.226371 0.225882 0.225392 0.224902 0.224412 0.223922 0.223433 0.222943 0.219600 0.218963 0.218327 0.217690 0.217053 0.216416 0.215780 0.215143 0.208371 0.208371 0.208371 0.208371 0.208371 0.208371 0.208371 0.208371 0.211229 0.210659 0.210090 0.209520 0.208951 0.208382 0.207812 0.207243
0.207800 0.207800 0.207800 0.207800 0.207800 0.207800 0.207800 0.207800 0.207800 0.207800 0.207800 0.207800 0.207800 0.207800 0.207800 0.207800 0.215700 0.215700 0.215700 0.215700 0.215700 0.215700 0.215700 0.215700 0.219600 0.219600 0.219600 0.219600 0.219600 0.219600 0.219600 0.219600 0.223500 0.224071 0.224643 0.225214 0.225786 0.226357 0.226929 0.227500 0.235300 0.235300 0.235300 0.235300 0.235300 0.235300 0.235300 0.235300 0.243100 0.244229 0.245357 0.246486 0.247614 0.248743 0.249871 0.251000 0.258800 0.259357 0.259914 0.260471 0.261029 0.261586 0.262143 0.262700 0.266700 0.268943 0.271186 0.273429 0.275671 0.277914 0.280157 0.282400 0.282400 0.282957 0.283514 0.284071 0.284629 0.285186 0.285743 0.286300 0.282400 0.275114 0.267829 0.260543 0.253257 0.245971 0.238686 0.231400 0.137300 0.137300 0.137300 0.137300 0.137300 0.137300 0.137300 0.137300 0.137300 0.138414 0.139529 0.140643 0.141757 0.142871 0.143986 0.145100 0.145100 0.156300 0.167500 0.178700 0.189900 0.201100 0.212300 0.223500 0.215700 0.213457 0.211214 0.208971 0.206729 0.204486 0.202243 0.200000 0.254900 0.256014 0.257129 0.258243 0.259357 0.260471 0.261586 0.262700 0.274500 0.275629 0.276757 0.277886 0.279014 0.280143 0.281271 0.282400 0.286300 0.285171 0.284043 0.282914 0.281786 0.280657 0.279529 0.278400 0.282400 0.282957 0.283514 0.284071 0.284629 0.285186 0.285743 0.286300 0.286300 0.288543 0.290786 0.293029 0.295271 0.297514 0.299757 0.302000 0.317600 0.305286 0.292971 0.280657 0.268343 0.256029 0.243714 0.231400 0.254900 0.257700 0.260500 0.263300 0.266100 0.268900 0.271700 0.274500 0.282400 0.282957 0.283514 0.284071 0.284629 0.285186 0.285743 0.286300 0.286300 0.285171 0.284043 0.282914 0.281786 0.280657 0.279529 0.278400 0.270600 0.269471 0.268343 0.267214 0.266086 0.264957 0.263829 0.262700 0.254900 0.253786 0.252671 0.251557 0.250443 0.249329 0.248214 0.247100 0.243100 0.242543 0.241986 0.241429 0.240871 0.240314 0.239757 0.239200 0.231400 0.230843 0.230286 0.229729 0.229171 0.228614 0.228057 0.227500 0.227500 0.226929 0.226357 0.225786 0.225214 0.224643 0.224071 0.223500 0.219600 0.219043 0.218486 0.217929 0.217371 0.216814 0.216257 0.215700 0.207800 0.207800 0.207800 0.207800 0.207800 0.207800 0.207800 0.207800 0.211800 0.211229 0.210657 0.210086 0.209514 0.208943 0.208371 0.207800
0.207800 0.208371 0.208943 0.209514 0.210086 0.210657 0.211229 0.211800 0.207800 0.208371 0.208943 0.209514 0.210086 0.210657 0.211229 0.211800 0.215700 0.215700 0.215700 0.215700 0.215700 0.215700 0.215700 0.215700 0.219600 0.220157 0.220714 0.221271 0.221829 0.222386 0.222943 0.223500 0.231400 0.231400 0.231400 0.231400 0.231400 0.231400 0.231400 0.231400 0.239200 0.239200 0.239200 0.239200 0.239200 0.239200 0.239200 0.239200 0.247100 0.248214 0.249329 0.250443 0.251557 0.252671 0.253786 0.254900 0.258800 0.260486 0.262171 0.263857 0.265543 0.267229 0.268914 0.270600 0.278400 0.280086 0.281771 0.283457 0.285143 0.286829 0.288514 0.290200 0.294100 0.294657 0.295214 0.295771 0.296329 0.296886 0.297443 0.298000 0.294100 0.292986 0.291871 0.290757 0.289643 0.288529 0.287414 0.286300 0.172500 0.168586 0.164671 0.160757 0.156843 0.152929 0.149014 0.145100 0.137300 0.138414 0.139529 0.140643 0.141757 0.142871 0.143986 0.145100 0.160800 0.169200 0.177600 0.186000 0.194400 0.202800 0.211200 0.219600 0.207800 0.212286 0.216771 0.221257 0.225743 0.230229 0.234714 0.239200 0.266700 0.268371 0.270043 0.271714 0.273386 0.275057 0.276729 0.278400 0.290200 0.290200 0.290200 0.290200 0.290200 0.290200 0.290200 0.290200 0.098000 0.126014 0.154029 0.182043 0.210057 0.238071 0.266086 0.294100 0.298000 0.298571 0.299143 0.299714 0.300286 0.300857 0.301429 0.302000 0.305900 0.307571 0.309243 0.310914 0.312586 0.314257 0.315929 0.317600 0.247100 0.245414 0.243729 0.242043 0.240357 0.238671 0.236986 0.235300 0.266700 0.269500 0.272300 0.275100 0.277900 0.280700 0.283500 0.286300 0.298000 0.298571 0.299143 0.299714 0.300286 0.300857 0.301429 0.302000 0.294100 0.292986 0.291871 0.290757 0.289643 0.288529 0.287414 0.286300 0.274500 0.274500 0.274500 0.274500 0.274500 0.274500 0.274500 0.274500 0.258800 0.257129 0.255457 0.253786 0.252114 0.250443 0.248771 0.247100 0.247100 0.245971 0.244843 0.243714 0.242586 0.241457 0.240329 0.239200 0.235300 0.234743 0.234186 0.233629 0.233071 0.232514 0.231957 0.231400 0.227500 0.226371 0.225243 0.224114 0.222986 0.221857 0.220729 0.219600 0.219600 0.219600 0.219600 0.219600 0.219600 0.219600 0.219600 0.219600 0.215700 0.215143 0.214586 0.214029 0.213471 0.212914 0.212357 0.211800 0.207800 0.207800 0.207800 0.207800 0.207800 0.207800 0.207800 0.207800
0.207800 0.208290 0.208780 0.209269 0.209759 0.210249 0.210739 0.211229 0.208371 0.208941 0.209510 0.210080 0.210649 0.211218 0.211788 0.212357 0.215700 0.215859 0.216018 0.216178 0.216337 0.216496 0.216655 0.216814 0.219600 0.220239 0.220878 0.221516 0.222155 0.222794 0.223433 0.224071 0.230271 0.230433 0.230594 0.230755 0.230916 0.231078 0.231239 0.231400 0.238643 0.238802 0.238961 0.239120 0.239280 0.239439 0.239598 0.239757 0.247100 0.248294 0.249488 0.250682 0.251876 0.253069 0.254263 0.255457 0.259929 0.261612 0.263296 0.264980 0.266663 0.268347 0.270031 0.271714 0.278971 0.280816 0.282661 0.284506 0.286351 0.288196 0.290041 0.291886 0.295786 0.296422 0.297059 0.297696 0.298333 0.298969 0.299606 0.300243 0.296900 0.295624 0.294349 0.293073 0.291798 0.290522 0.289247 0.287971 0.180914 0.177159 0.173404 0.169649 0.165894 0.162139 0.158384 0.154629 0.154100 0.153855 0.153610 0.153365 0.153120 0.152876 0.152631 0.152386 0.173129 0.178088 0.183047 0.188006 0.192965 0.197924 0.202884 0.207843 0.197729 0.204453 0.211178 0.217902 0.224627 0.231351 0.238076 0.244800 0.270057 0.271649 0.273241 0.274833 0.276424 0.278016 0.279608 0.281200 0.293000 0.292920 0.292841 0.292761 0.292682 0.292602 0.292522 0.292443 0.127143 0.150994 0.174845 0.198696 0.222547 0.246398 0.270249 0.294100 0.296329 0.296739 0.297149 0.297559 0.297969 0.298380 0.298790 0.299200 0.300857 0.302049 0.303241 0.304433 0.305625 0.306816 0.308008 0.309200 0.247657 0.246051 0.244445 0.242839 0.241233 0.239627 0.238020 0.236414 0.267257 0.270216 0.273176 0.276135 0.279094 0.282053 0.285012 0.287971 0.299686 0.300255 0.300825 0.301394 0.301963 0.302533 0.303102 0.303671 0.295229 0.294192 0.293155 0.292118 0.291082 0.290045 0.289008 0.287971 0.275629 0.275547 0.275465 0.275384 0.275302 0.275220 0.275139 0.275057 0.259357 0.257765 0.256173 0.254582 0.252990 0.251398 0.249806 0.248214 0.247100 0.246133 0.245165 0.244198 0.243231 0.242263 0.241296 0.240329 0.235857 0.235300 0.234743 0.234186 0.233629 0.233071 0.232514 0.231957 0.227500 0.226533 0.225565 0.224598 0.223631 0.222663 0.221696 0.220729 0.220157 0.219998 0.219839 0.219680 0.219520 0.219361 0.219202 0.219043 0.216257 0.215620 0.214984 0.214347 0.213710 0.213073 0.212437 0.211800 0.208371 0.208290 0.208208 0.208127 0.208045 0.207963 0.207882 0.207800
0.207800 0.208208 0.208616 0.209024 0.209433 0.209841 0.210249 0.210657 0.208943 0.209510 0.210078 0.210645 0.211212 0.211780 0.212347 0.212914 0.215700 0.216018 0.216337 0.216655 0.216973 0.217292 0.217610 0.217929 0.219600 0.220320 0.221041 0.221761 0.222482 0.223202 0.223922 0.224643 0.229143 0.229465 0.229788 0.230110 0.230433 0.230755 0.231078 0.231400 0.238086 0.238404 0.238722 0.239041 0.239359 0.239678 0.239996 0.240314 0.247100 0.248373 0.249647 0.250920 0.252194 0.253467 0.254741 0.256014 0.261057 0.262739 0.264420 0.266102 0.267784 0.269465 0.271147 0.272829 0.279543 0.281547 0.283551 0.285555 0.287559 0.289563 0.291567 0.293571 0.297471 0.298188 0.298904 0.299620 0.300337 0.301053 0.301769 0.302486 0.299700 0.298263 0.296827 0.295390 0.293953 0.292516 0.291080 0.289643 0.189329 0.185733 0.182137 0.178541 0.174945 0.171349 0.167753 0.164157 0.170900 0.169296 0.167692 0.166088 0.164484 0.162880 0.161276 0.159671 0.185457 0.186976 0.188494 0.190012 0.191531 0.193049 0.194567 0.196086 0.187657 0.196620 0.205584 0.214547 0.223510 0.232473 0.241437 0.250400 0.273414 0.274927 0.276439 0.277951 0.279463 0.280976 0.282488 0.284000 0.295800 0.295641 0.295482 0.295322 0.295163 0.295004 0.294845 0.294686 0.156286 0.175973 0.195661 0.215349 0.235037 0.254725 0.274412 0.294100 0.294657 0.294906 0.295155 0.295404 0.295653 0.295902 0.296151 0.296400 0.295814 0.296527 0.297239 0.297951 0.298663 0.299376 0.300088 0.300800 0.248214 0.246688 0.245161 0.243635 0.242108 0.240582 0.239055 0.237529 0.267814 0.270933 0.274051 0.277169 0.280288 0.283406 0.286525 0.289643 0.301371 0.301939 0.302506 0.303073 0.303641 0.304208 0.304776 0.305343 0.296357 0.295398 0.294439 0.293480 0.292520 0.291561 0.290602 0.289643 0.276757 0.276594 0.276431 0.276267 0.276104 0.275941 0.275778 0.275614 0.259914 0.258402 0.256890 0.255378 0.253865 0.252353 0.250841 0.249329 0.247100 0.246294 0.245488 0.244682 0.243876 0.243069 0.242263 0.241457 0.236414 0.235857 0.235300 0.234743 0.234186 0.233629 0.233071 0.232514 0.227500 0.226694 0.225888 0.225082 0.224276 0.223469 0.222663 0.221857 0.220714 0.220396 0.220078 0.219759 0.219441 0.219122 0.218804 0.218486 0.216814 0.216098 0.215382 0.214665 0.213949 0.213233 0.212516 0.211800 0.208943 0.208780 0.208616 0.208453 0.208290 0.208127 0.207963 0.207800
0.207800 0.208127 0.208453 0.208780 0.209106 0.209433 0.209759 0.210086 0.209514 0.210080 0.210645 0.211210 0.211776 0.212341 0.212906 0.213471 0.215700 0.216178 0.216655 0.217133 0.217610 0.218088 0.218565 0.219043 0.219600 0.220402 0.221204 0.222006 0.222808 0.223610 0.224412 0.225214 0.228014 0.228498 0.228982 0.229465 0.229949 0.230433 0.230916 0.231400 0.237529 0.238006 0.238484 0.238961 0.239439 0.239916 0.240394 0.240871 0.247100 0.248453 0.249806 0.251159 0.252512 0.253865 0.255218 0.256571 0.262186 0.263865 0.265545 0.267224 0.268904 0.270584 0.272263 0.273943 0.280114 0.282278 0.284441 0.286604 0.288767 0.290931 0.293094 0.295257 0.299157 0.299953 0.300749 0.301545 0.302341 0.303137 0.303933 0.304729 0.302500 0.300902 0.299304 0.297706 0.296108 0.294510 0.292912 0.291314 0.197743 0.194306 0.190869 0.187433 0.183996 0.180559 0.177122 0.173686 0.187700 0.184737 0.181773 0.178810 0.175847 0.172884 0.169920 0.166957 0.197786 0.195863 0.193941 0.192018 0.190096 0.188173 0.186251 0.184329 0.177586 0.188788 0.199990 0.211192 0.222394 0.233596 0.244798 0.256000 0.276771 0.278204 0.279637 0.281069 0.282502 0.283935 0.285367 0.286800 0.298600 0.298361 0.298122 0.297884 0.297645 0.297406 0.297167 0.296929 0.185429 0.200953 0.216478 0.232002 0.247527 0.263051 0.278576 0.294100 0.292986 0.293073 0.293161 0.293249 0.293337 0.293424 0.293512 0.293600 0.290771 0.291004 0.291237 0.291469 0.291702 0.291935 0.292167 0.292400 0.248771 0.247324 0.245878 0.244431 0.242984 0.241537 0.240090 0.238643 0.268371 0.271649 0.274927 0.278204 0.281482 0.284759 0.288037 0.291314 0.303057 0.303622 0.304188 0.304753 0.305318 0.305884 0.306449 0.307014 0.297486 0.296604 0.295722 0.294841 0.293959 0.293078 0.292196 0.291314 0.277886 0.277641 0.277396 0.277151 0.276906 0.276661 0.276416 0.276171 0.260471 0.259039 0.257606 0.256173 0.254741 0.253308 0.251876 0.250443 0.247100 0.246455 0.245810 0.245165 0.244520 0.243876 0.243231 0.242586 0.236971 0.236414 0.235857 0.235300 0.234743 0.234186 0.233629 0.233071 0.227500 0.226855 0.226210 0.225565 0.224920 0.224276 0.223631 0.222986 0.221271 0.220794 0.220316 0.219839 0.219361 0.218884 0.218406 0.217929 0.217371 0.216576 0.215780 0.214984 0.214188 0.213392 0.212596 0.211800 0.209514 0.209269 0.209024 0.208780 0.208535 0.208290 0.208045 0.207800
0.207800 0.208045 0.208290 0.208535 0.208780 0.209024 0.209269 0.209514 0.210086 0.210649 0.211212 0.211776 0.212339 0.212902 0.213465 0.214029 0.215700 0.216337 0.216973 0.217610 0.218247 0.218884 0.219520 0.220157 0.219600 0.220484 0.221367 0.222251 0.223135 0.224018 0.224902 0.225786 0.226886 0.227531 0.228176 0.228820 0.229465 0.230110 0.230755 0.231400 0.236971 0.237608 0.238245 0.238882 0.239518 0.240155 0.240792 0.241429 0.247100 0.248533 0.249965 0.251398 0.252831 0.254263 0.255696 0.257129 0.263314 0.264992 0.266669 0.268347 0.270024 0.271702 0.273380 0.275057 0.280686 0.283008 0.285331 0.287653 0.289976 0.292298 0.294620 0.296943 0.300843 0.301718 0.302594 0.303469 0.304345 0.305220 0.306096 0.306971 0.305300 0.303541 0.301782 0.300022 0.298263 0.296504 0.294745 0.292986 0.206157 0.202880 0.199602 0.196324 0.193047 0.189769 0.186492 0.183214 0.204500 0.200178 0.195855 0.191533 0.187210 0.182888 0.178565 0.174243 0.210114 0.204751 0.199388 0.194024 0.188661 0.183298 0.177935 0.172571 0.167514 0.180955 0.194396 0.207837 0.221278 0.234718 0.248159 0.261600 0.280129 0.281482 0.282835 0.284188 0.285541 0.286894 0.288247 0.289600 0.301400 0.301082 0.300763 0.300445 0.300127 0.299808 0.299490 0.299171 0.214571 0.225933 0.237294 0.248655 0.260016 0.271378 0.282739 0.294100 0.291314 0.291241 0.291167 0.291094 0.291020 0.290947 0.290873 0.290800 0.285729 0.285482 0.285235 0.284988 0.284741 0.284494 0.284247 0.284000 0.249329 0.247961 0.246594 0.245227 0.243859 0.242492 0.241125 0.239757 0.268929 0.272365 0.275802 0.279239 0.282676 0.286112 0.289549 0.292986 0.304743 0.305306 0.305869 0.306433 0.306996 0.307559 0.308122 0.308686 0.298614 0.297810 0.297006 0.296202 0.295398 0.294594 0.293790 0.292986 0.279014 0.278688 0.278361 0.278035 0.277708 0.277382 0.277055 0.276729 0.261029 0.259676 0.258322 0.256969 0.255616 0.254263 0.252910 0.251557 0.247100 0.246616 0.246133 0.245649 0.245165 0.244682 0.244198 0.243714 0.237529 0.236971 0.236414 0.235857 0.235300 0.234743 0.234186 0.233629 0.227500 0.227016 0.226533 0.226049 0.225565 0.225082 0.224598 0.224114 0.221829 0.221192 0.220555 0.219918 0.219282 0.218645 0.218008 0.217371 0.217929 0.217053 0.216178 0.215302 0.214427 0.213551 0.212676 0.211800 0.210086 0.209759 0.209433 0.209106 0.208780 0.208453 0.208127 0.207800
0.207800 0.207963 0.208127 0.208290 0.208453 0.208616 0.208780 0.208943 0.210657 0.211218 0.211780 0.212341 0.212902 0.213463 0.214024 0.214586 0.215700 0.216496 0.217292 0.218088 0.218884 0.219680 0.220476 0.221271 0.219600 0.220565 0.221531 0.222496 0.223461 0.224427 0.225392 0.226357 0.225757 0.226563 0.227369 0.228176 0.228982 0.229788 0.230594 0.231400 0.236414 0.237210 0.238006 0.238802 0.239598 0.240394 0.241190 0.241986 0.247100 0.248612 0.250125 0.251637 0.253149 0.254661 0.256173 0.257686 0.264443 0.266118 0.267794 0.269469 0.271145 0.272820 0.274496 0.276171 0.281257 0.283739 0.286220 0.288702 0.291184 0.293665 0.296147 0.298629 0.302529 0.303484 0.304439 0.305394 0.306349 0.307304 0.308259 0.309214 0.308100 0.306180 0.304259 0.302339 0.300418 0.298498 0.296578 0.294657 0.214571 0.211453 0.208335 0.205216 0.202098 0.198980 0.195861 0.192743 0.221300 0.215618 0.209937 0.204255 0.198573 0.192892 0.187210 0.181529 0.222443 0.213639 0.204835 0.196031 0.187227 0.178422 0.169618 0.160814 0.157443 0.173122 0.188802 0.204482 0.220161 0.235841 0.251520 0.267200 0.283486 0.284759 0.286033 0.287306 0.288580 0.289853 0.291127 0.292400 0.304200 0.303802 0.303404 0.303006 0.302608 0.302210 0.301812 0.301414 0.243714 0.250912 0.258110 0.265308 0.272506 0.279704 0.286902 0.294100 0.289643 0.289408 0.289173 0.288939 0.288704 0.288469 0.288235 0.288000 0.280686 0.279959 0.279233 0.278506 0.277780 0.277053 0.276327 0.275600 0.249886 0.248598 0.247310 0.246022 0.244735 0.243447 0.242159 0.240871 0.269486 0.273082 0.276678 0.280273 0.283869 0.287465 0.291061 0.294657 0.306429 0.306990 0.307551 0.308112 0.308673 0.309235 0.309796 0.310357 0.299743 0.299016 0.298290 0.297563 0.296837 0.296110 0.295384 0.294657 0.280143 0.279735 0.279327 0.278918 0.278510 0.278102 0.277694 0.277286 0.261586 0.260312 0.259039 0.257765 0.256492 0.255218 0.253945 0.252671 0.247100 0.246778 0.246455 0.246133 0.245810 0.245488 0.245165 0.244843 0.238086 0.237529 0.236971 0.236414 0.235857 0.235300 0.234743 0.234186 0.227500 0.227178 0.226855 0.226533 0.226210 0.225888 0.225565 0.225243 0.222386 0.221590 0.220794 0.219998 0.219202 0.218406 0.217610 0.216814 0.218486 0.217531 0.216576 0.215620 0.214665 0.213710 0.212755 0.211800 0.210657 0.210249 0.209841 0.209433 0.209024 0.208616 0.208208 0.207800
0.207800 0.207882 0.207963 0.208045 0.208127 0.208208 0.208290 0.208371 0.211229 0.211788 0.212347 0.212906 0.213465 0.214024 0.214584 0.215143 0.215700 0.216655 0.217610 0.218565 0.219520 0.220476 0.221431 0.222386 0.219600 0.220647 0.221694 0.222741 0.223788 0.224835 0.225882 0.226929 0.224629 0.225596 0.226563 0.227531 0.228498 0.229465 0.230433 0.231400 0.235857 0.236812 0.237767 0.238722 0.239678 0.240633 0.241588 0.242543 0.247100 0.248692 0.250284 0.251876 0.253467 0.255059 0.256651 0.258243 0.265571 0.267245 0.268918 0.270592 0.272265 0.273939 0.275612 0.277286 0.281829 0.284469 0.287110 0.289751 0.292392 0.295033 0.297673 0.300314 0.304214 0.305249 0.306284 0.307318 0.308353 0.309388 0.310422 0.311457 0.310900 0.308818 0.306737 0.304655 0.302573 0.300492 0.298410 0.296329 0.222986 0.220027 0.217067 0.214108 0.211149 0.208190 0.205231 0.202271 0.238100 0.231059 0.224018 0.216978 0.209937 0.202896 0.195855 0.188814 0.234771 0.222527 0.210282 0.198037 0.185792 0.173547 0.161302 0.149057 0.147371 0.165290 0.183208 0.201127 0.219045 0.236963 0.254882 0.272800 0.286843 0.288037 0.289231 0.290424 0.291618 0.292812 0.294006 0.295200 0.307000 0.306522 0.306045 0.305567 0.305090 0.304612 0.304135 0.303657 0.272857 0.275892 0.278927 0.281961 0.284996 0.288031 0.291065 0.294100 0.287971 0.287576 0.287180 0.286784 0.286388 0.285992 0.285596 0.285200 0.275643 0.274437 0.273231 0.272024 0.270818 0.269612 0.268406 0.267200 0.250443 0.249235 0.248027 0.246818 0.245610 0.244402 0.243194 0.241986 0.270043 0.273798 0.277553 0.281308 0.285063 0.288818 0.292574 0.296329 0.308114 0.308674 0.309233 0.309792 0.310351 0.310910 0.311469 0.312029 0.300871 0.300222 0.299573 0.298924 0.298276 0.297627 0.296978 0.296329 0.281271 0.280782 0.280292 0.279802 0.279312 0.278822 0.278333 0.277843 0.262143 0.260949 0.259755 0.258561 0.257367 0.256173 0.254980 0.253786 0.247100 0.246939 0.246778 0.246616 0.246455 0.246294 0.246133 0.245971 0.238643 0.238086 0.237529 0.236971 0.236414 0.235857 0.235300 0.234743 0.227500 0.227339 0.227178 0.227016 0.226855 0.226694 0.226533 0.226371 0.222943 0.221988 0.221033 0.220078 0.219122 0.218167 0.217212 0.216257 0.219043 0.218008 0.216973 0.215939 0.214904 0.213869 0.212835 0.211800 0.211229 0.210739 0.210249 0.209759 0.209269 0.208780 0.208290 0.207800
0.207800 0.207800 0.207800 0.207800 0.207800 0.207800 0.207800 0.207800 0.211800 0.212357 0.212914 0.213471 0.214029 0.214586 0.215143 0.215700 0.215700 0.216814 0.217929 0.219043 0.220157 0.221271 0.222386 0.223500 0.219600 0.220729 0.221857 0.222986 0.224114 0.225243 0.226371 0.227500 0.223500 0.224629 0.225757 0.226886 0.228014 0.229143 0.230271 0.231400 0.235300 0.236414 0.237529 0.238643 0.239757 0.240871 0.241986 0.243100 0.247100 0.248771 0.250443 0.252114 0.253786 0.255457 0.257129 0.258800 0.266700 0.268371 0.270043 0.271714 0.273386 0.275057 0.276729 0.278400 0.282400 0.285200 0.288000 0.290800 0.293600 0.296400 0.299200 0.302000 0.305900 0.307014 0.308129 0.309243 0.310357 0.311471 0.312586 0.313700 0.313700 0.311457 0.309214 0.306971 0.304729 0.302486 0.300243 0.298000 0.231400 0.228600 0.225800 0.223000 0.220200 0.217400 0.214600 0.211800 0.254900 0.246500 0.238100 0.229700 0.221300 0.212900 0.204500 0.196100 0.247100 0.231414 0.215729 0.200043 0.184357 0.168671 0.152986 0.137300 0.137300 0.157457 0.177614 0.197771 0.217929 0.238086 0.258243 0.278400 0.290200 0.291314 0.292429 0.293543 0.294657 0.295771 0.296886 0.298000 0.309800 0.309243 0.308686 0.308129 0.307571 0.307014 0.306457 0.305900 0.302000 0.300871 0.299743 0.298614 0.297486 0.296357 0.295229 0.294100 0.286300 0.285743 0.285186 0.284629 0.284071 0.283514 0.282957 0.282400 0.270600 0.268914 0.267229 0.265543 0.263857 0.262171 0.260486 0.258800 0.251000 0.249871 0.248743 0.247614 0.246486 0.245357 0.244229 0.243100 0.270600 0.274514 0.278429 0.282343 0.286257 0.290171 0.294086 0.298000 0.309800 0.310357 0.310914 0.311471 0.312029 0.312586 0.313143 0.313700 0.302000 0.301429 0.300857 0.300286 0.299714 0.299143 0.298571 0.298000 0.282400 0.281829 0.281257 0.280686 0.280114 0.279543 0.278971 0.278400 0.262700 0.261586 0.260471 0.259357 0.258243 0.257129 0.256014 0.254900 0.247100 0.247100 0.247100 0.247100 0.247100 0.247100 0.247100 0.247100 0.239200 0.238643 0.238086 0.237529 0.236971 0.236414 0.235857 0.235300 0.227500 0.227500 0.227500 0.227500 0.227500 0.227500 0.227500 0.227500 0.223500 0.222386 0.221271 0.220157 0.219043 0.217929 0.216814 0.215700 0.219600 0.218486 0.217371 0.216257 0.215143 0.214029 0.212914 0.211800 0.211800 0.211229 0.210657 0.210086 0.209514 0.208943 0.208371 0.207800
0.207800 0.207800 0.207800 0.207800 0.207800 0.207800 0.207800 0.207800 0.215700 0.215700 0.215700 0.215700 0.215700 0.215700 0.215700 0.215700 0.219600 0.220157 0.220714 0.221271 0.221829 0.222386 0.222943 0.223500 0.223500 0.223500 0.223500 0.223500 0.223500 0.223500 0.223500 0.223500 0.235300 0.235300 0.235300 0.235300 0.235300 0.235300 0.235300 0.235300 0.239200 0.240886 0.242571 0.244257 0.245943 0.247629 0.249314 0.251000 0.251000 0.252671 0.254343 0.256014 0.257686 0.259357 0.261029 0.262700 0.274500 0.275629 0.276757 0.277886 0.279014 0.280143 0.281271 0.282400 0.290200 0.291886 0.293571 0.295257 0.296943 0.298629 0.300314 0.302000 0.313700 0.315386 0.317071 0.318757 0.320443 0.322129 0.323814 0.325500 0.321600 0.319357 0.317114 0.314871 0.312629 0.310386 0.308143 0.305900 0.286300 0.281257 0.276214 0.271171 0.266129 0.261086 0.256043 0.251000 0.258800 0.261600 0.264400 0.267200 0.270000 0.272800 0.275600 0.278400 0.290200 0.286271 0.282343 0.278414 0.274486 0.270557 0.266629 0.262700 0.274500 0.276743 0.278986 0.281229 0.283471 0.285714 0.287957 0.290200 0.305900 0.308143 0.310386 0.312629 0.314871 0.317114 0.319357 0.321600 0.325500 0.324943 0.324386 0.323829 0.323271 0.322714 0.322157 0.321600 0.317600 0.317043 0.316486 0.315929 0.315371 0.314814 0.314257 0.313700 0.302000 0.300314 0.298629 0.296943 0.295257 0.293571 0.291886 0.290200 0.282400 0.280157 0.277914 0.275671 0.273429 0.271186 0.268943 0.266700 0.254900 0.253786 0.252671 0.251557 0.250443 0.249329 0.248214 0.247100 0.282400 0.286314 0.290229 0.294143 0.298057 0.301971 0.305886 0.309800 0.325500 0.325500 0.325500 0.325500 0.325500 0.325500 0.325500 0.325500 0.313700 0.312586 0.311471 0.310357 0.309243 0.308129 0.307014 0.305900 0.290200 0.288514 0.286829 0.285143 0.283457 0.281771 0.280086 0.278400 0.266700 0.266129 0.265557 0.264986 0.264414 0.263843 0.263271 0.262700 0.251000 0.250443 0.249886 0.249329 0.248771 0.248214 0.247657 0.247100 0.239200 0.238643 0.238086 0.237529 0.236971 0.236414 0.235857 0.235300 0.227500 0.226929 0.226357 0.225786 0.225214 0.224643 0.224071 0.223500 0.223500 0.223500 0.223500 0.223500 0.223500 0.223500 0.223500 0.223500 0.219600 0.219043 0.218486 0.217929 0.217371 0.216814 0.216257 0.215700 0.211800 0.211800 0.211800 0.211800 0.211800 0.211800 0.211800 0.211800
0.208371 0.208371 0.208371 0.208371 0.208371 0.208371 0.208371 0.208371 0.215143 0.215222 0.215302 0.215382 0.215461 0.215541 0.215620 0.215700 0.219600 0.220078 0.220555 0.221033 0.221510 0.221988 0.222465 0.222943 0.224071 0.224151 0.224231 0.224310 0.224390 0.224469 0.224549 0.224629 0.235300 0.235300 0.235300 0.235300 0.235300 0.235300 0.235300 0.235300 0.239757 0.241284 0.242810 0.244337 0.245863 0.247390 0.248916 0.250443 0.252671 0.254265 0.255859 0.257453 0.259047 0.260641 0.262235 0.263829 0.274500 0.275788 0.277076 0.278363 0.279651 0.280939 0.282227 0.283514 0.291886 0.293569 0.295253 0.296937 0.298620 0.300304 0.301988 0.303671 0.315386 0.316990 0.318594 0.320198 0.321802 0.323406 0.325010 0.326614 0.323843 0.321759 0.319676 0.317592 0.315508 0.313424 0.311341 0.309257 0.287414 0.282292 0.277169 0.272047 0.266924 0.261802 0.256680 0.251557 0.260486 0.263206 0.265927 0.268647 0.271367 0.274088 0.276808 0.279529 0.291886 0.287957 0.284029 0.280100 0.276171 0.272243 0.268314 0.264386 0.276743 0.279145 0.281547 0.283949 0.286351 0.288753 0.291155 0.293557 0.309257 0.311180 0.313102 0.315024 0.316947 0.318869 0.320792 0.322714 0.327743 0.327186 0.326629 0.326071 0.325514 0.324957 0.324400 0.323843 0.319843 0.319286 0.318729 0.318171 0.317614 0.317057 0.316500 0.315943 0.304229 0.302624 0.301020 0.299416 0.297812 0.296208 0.294604 0.293000 0.283514 0.281351 0.279188 0.277025 0.274861 0.272698 0.270535 0.268371 0.257143 0.255947 0.254751 0.253555 0.252359 0.251163 0.249967 0.248771 0.284071 0.288147 0.292222 0.296298 0.300373 0.304449 0.308524 0.312600 0.327186 0.327104 0.327022 0.326941 0.326859 0.326778 0.326696 0.326614 0.316500 0.315065 0.313631 0.312196 0.310761 0.309327 0.307892 0.306457 0.291314 0.289631 0.287947 0.286263 0.284580 0.282896 0.281212 0.279529 0.268943 0.268133 0.267322 0.266512 0.265702 0.264892 0.264082 0.263271 0.252114 0.251398 0.250682 0.249965 0.249249 0.248533 0.247816 0.247100 0.239200 0.238643 0.238086 0.237529 0.236971 0.236414 0.235857 0.235300 0.228057 0.227488 0.226918 0.226349 0.225780 0.225210 0.224641 0.224071 0.223500 0.223420 0.223341 0.223261 0.223182 0.223102 0.223022 0.222943 0.219600 0.219043 0.218486 0.217929 0.217371 0.216814 0.216257 0.215700 0.211229 0.211310 0.211392 0.211473 0.211555 0.211637 0.211718 0.211800
0.208943 0.208943 0.208943 0.208943 0.208943 0.208943 0.208943 0.208943 0.214586 0.214745 0.214904 0.215063 0.215222 0.215382 0.215541 0.215700 0.219600 0.219998 0.220396 0.220794 0.221192 0.221590 0.221988 0.222386 0.224643 0.224802 0.224961 0.225120 0.225280 0.225439 0.225598 0.225757 0.235300 0.235300 0.235300 0.235300 0.235300 0.235300 0.235300 0.235300 0.240314 0.241682 0.243049 0.244416 0.245784 0.247151 0.248518 0.249886 0.254343 0.255859 0.257376 0.258892 0.260408 0.261924 0.263441 0.264957 0.274500 0.275947 0.277394 0.278841 0.280288 0.281735 0.283182 0.284629 0.293571 0.295253 0.296935 0.298616 0.300298 0.301980 0.303661 0.305343 0.317071 0.318594 0.320116 0.321639 0.323161 0.324684 0.326206 0.327729 0.326086 0.324161 0.322237 0.320312 0.318388 0.316463 0.314539 0.312614 0.288529 0.283327 0.278125 0.272922 0.267720 0.262518 0.257316 0.252114 0.262171 0.264812 0.267453 0.270094 0.272735 0.275376 0.278016 0.280657 0.293571 0.289643 0.285714 0.281786 0.277857 0.273929 0.270000 0.266071 0.278986 0.281547 0.284108 0.286669 0.289231 0.291792 0.294353 0.296914 0.312614 0.314216 0.315818 0.317420 0.319022 0.320625 0.322227 0.323829 0.329986 0.329429 0.328871 0.328314 0.327757 0.327200 0.326643 0.326086 0.322086 0.321529 0.320971 0.320414 0.319857 0.319300 0.318743 0.318186 0.306457 0.304935 0.303412 0.301890 0.300367 0.298845 0.297322 0.295800 0.284629 0.282545 0.280461 0.278378 0.276294 0.274210 0.272127 0.270043 0.259386 0.258108 0.256831 0.255553 0.254276 0.252998 0.251720 0.250443 0.285743 0.289980 0.294216 0.298453 0.302690 0.306927 0.311163 0.315400 0.328871 0.328708 0.328545 0.328382 0.328218 0.328055 0.327892 0.327729 0.319300 0.317545 0.315790 0.314035 0.312280 0.310524 0.308769 0.307014 0.292429 0.290747 0.289065 0.287384 0.285702 0.284020 0.282339 0.280657 0.271186 0.270137 0.269088 0.268039 0.266990 0.265941 0.264892 0.263843 0.253229 0.252353 0.251478 0.250602 0.249727 0.248851 0.247976 0.247100 0.239200 0.238643 0.238086 0.237529 0.236971 0.236414 0.235857 0.235300 0.228614 0.228047 0.227480 0.226912 0.226345 0.225778 0.225210 0.224643 0.223500 0.223341 0.223182 0.223022 0.222863 0.222704 0.222545 0.222386 0.219600 0.219043 0.218486 0.217929 0.217371 0.216814 0.216257 0.215700 0.210657 0.210820 0.210984 0.211147 0.211310 0.211473 0.211637 0.211800
0.209514 0.209514 0.209514 0.209514 0.209514 0.209514 0.209514 0.209514 0.214029 0.214267 0.214506 0.214745 0.214984 0.215222 0.215461 0.215700 0.219600 0.219918 0.220237 0.220555 0.220873 0.221192 0.221510 0.221829 0.225214 0.225453 0.225692 0.225931 0.226169 0.226408 0.226647 0.226886 0.235300 0.235300 0.235300 0.235300 0.235300 0.235300 0.235300 0.235300 0.240871 0.242080 0.243288 0.244496 0.245704 0.246912 0.248120 0.249329 0.256014 0.257453 0.258892 0.260331 0.261769 0.263208 0.264647 0.266086 0.274500 0.276106 0.277712 0.279318 0.280924 0.282531 0.284137 0.285743 0.295257 0.296937 0.298616 0.300296 0.301975 0.303655 0.305335 0.307014 0.318757 0.320198 0.321639 0.323080 0.324520 0.325961 0.327402 0.328843 0.328329 0.326563 0.324798 0.323033 0.321267 0.319502 0.317737 0.315971 0.289643 0.284361 0.279080 0.273798 0.268516 0.263235 0.257953 0.252671 0.263857 0.266418 0.268980 0.271541 0.274102 0.276663 0.279224 0.281786 0.295257 0.291329 0.287400 0.283471 0.279543 0.275614 0.271686 0.267757 0.281229 0.283949 0.286669 0.289390 0.292110 0.294831 0.297551 0.300271 0.315971 0.317253 0.318535 0.319816 0.321098 0.322380 0.323661 0.324943 0.332229 0.331671 0.331114 0.330557 0.330000 0.329443 0.328886 0.328329 0.324329 0.323771 0.323214 0.322657 0.322100 0.321543 0.320986 0.320429 0.308686 0.307245 0.305804 0.304363 0.302922 0.301482 0.300041 0.298600 0.285743 0.283739 0.281735 0.279731 0.277727 0.275722 0.273718 0.271714 0.261629 0.260269 0.258910 0.257551 0.256192 0.254833 0.253473 0.252114 0.287414 0.291812 0.296210 0.300608 0.305006 0.309404 0.313802 0.318200 0.330557 0.330312 0.330067 0.329822 0.329578 0.329333 0.329088 0.328843 0.322100 0.320024 0.317949 0.315873 0.313798 0.311722 0.309647 0.307571 0.293543 0.291863 0.290184 0.288504 0.286824 0.285145 0.283465 0.281786 0.273429 0.272141 0.270853 0.269565 0.268278 0.266990 0.265702 0.264414 0.254343 0.253308 0.252273 0.251239 0.250204 0.249169 0.248135 0.247100 0.239200 0.238643 0.238086 0.237529 0.236971 0.236414 0.235857 0.235300 0.229171 0.228606 0.228041 0.227476 0.226910 0.226345 0.225780 0.225214 0.223500 0.223261 0.223022 0.222784 0.222545 0.222306 0.222067 0.221829 0.219600 0.219043 0.218486 0.217929 0.217371 0.216814 0.216257 0.215700 0.210086 0.210331 0.210576 0.210820 0.211065 0.211310 0.211555 0.211800
0.210086 0.210086 0.210086 0.210086 0.210086 0.210086 0.210086 0.210086 0.213471 0.213790 0.214108 0.214427 0.214745 0.215063 0.215382 0.215700 0.219600 0.219839 0.220078 0.220316 0.220555 0.220794 0.221033 0.221271 0.225786 0.226104 0.226422 0.226741 0.227059 0.227378 0.227696 0.228014 0.235300 0.235300 0.235300 0.235300 0.235300 0.235300 0.235300 0.235300 0.241429 0.242478 0.243527 0.244576 0.245624 0.246673 0.247722 0.248771 0.257686 0.259047 0.260408 0.261769 0.263131 0.264492 0.265853 0.267214 0.274500 0.276265 0.278031 0.279796 0.281561 0.283327 0.285092 0.286857 0.296943 0.298620 0.300298 0.301976 0.303653 0.305331 0.307008 0.308686 0.320443 0.321802 0.323161 0.324520 0.325880 0.327239 0.328598 0.329957 0.330571 0.328965 0.327359 0.325753 0.324147 0.322541 0.320935 0.319329 0.290757 0.285396 0.280035 0.274673 0.269312 0.263951 0.258590 0.253229 0.265543 0.268025 0.270506 0.272988 0.275469 0.277951 0.280433 0.282914 0.296943 0.293014 0.289086 0.285157 0.281229 0.277300 0.273371 0.269443 0.283471 0.286351 0.289231 0.292110 0.294990 0.297869 0.300749 0.303629 0.319329 0.320290 0.321251 0.322212 0.323173 0.324135 0.325096 0.326057 0.334471 0.333914 0.333357 0.332800 0.332243 0.331686 0.331129 0.330571 0.326571 0.326014 0.325457 0.324900 0.324343 0.323786 0.323229 0.322671 0.310914 0.309555 0.308196 0.306837 0.305478 0.304118 0.302759 0.301400 0.286857 0.284933 0.283008 0.281084 0.279159 0.277235 0.275310 0.273386 0.263871 0.262431 0.260990 0.259549 0.258108 0.256667 0.255227 0.253786 0.289086 0.293645 0.298204 0.302763 0.307322 0.311882 0.316441 0.321000 0.332243 0.331916 0.331590 0.331263 0.330937 0.330610 0.330284 0.329957 0.324900 0.322504 0.320108 0.317712 0.315316 0.312920 0.310524 0.308129 0.294657 0.292980 0.291302 0.289624 0.287947 0.286269 0.284592 0.282914 0.275671 0.274145 0.272618 0.271092 0.269565 0.268039 0.266512 0.264986 0.255457 0.254263 0.253069 0.251876 0.250682 0.249488 0.248294 0.247100 0.239200 0.238643 0.238086 0.237529 0.236971 0.236414 0.235857 0.235300 0.229729 0.229165 0.228602 0.228039 0.227475 0.226912 0.226349 0.225786 0.223500 0.223182 0.222863 0.222545 0.222227 0.221908 0.221590 0.221271 0.219600 0.219043 0.218486 0.217929 0.217371 0.216814 0.216257 0.215700 0.209514 0.209841 0.210167 0.210494 0.210820 0.211147 0.211473 0.211800
0.210657 0.210657 0.210657 0.210657 0.210657 0.210657 0.210657 0.210657 0.212914 0.213312 0.213710 0.214108 0.214506 0.214904 0.215302 0.215700 0.219600 0.219759 0.219918 0.220078 0.220237 0.220396 0.220555 0.220714 0.226357 0.226755 0.227153 0.227551 0.227949 0.228347 0.228745 0.229143 0.235300 0.235300 0.235300 0.235300 0.235300 0.235300 0.235300 0.235300 0.241986 0.242876 0.243765 0.244655 0.245545 0.246435 0.247324 0.248214 0.259357 0.260641 0.261924 0.263208 0.264492 0.265776 0.267059 0.268343 0.274500 0.276424 0.278349 0.280273 0.282198 0.284122 0.286047 0.287971 0.298629 0.300304 0.301980 0.303655 0.305331 0.307006 0.308682 0.310357 0.322129 0.323406 0.324684 0.325961 0.327239 0.328516 0.329794 0.331071 0.332814 0.331367 0.329920 0.328473 0.327027 0.325580 0.324133 0.322686 0.291871 0.286431 0.280990 0.275549 0.270108 0.264667 0.259227 0.253786 0.267229 0.269631 0.272033 0.274435 0.276837 0.279239 0.281641 0.284043 0.298629 0.294700 0.290771 0.286843 0.282914 0.278986 0.275057 0.271129 0.285714 0.288753 0.291792 0.294831 0.297869 0.300908 0.303947 0.306986 0.322686 0.323327 0.323967 0.324608 0.325249 0.325890 0.326531 0.327171 0.336714 0.336157 0.335600 0.335043 0.334486 0.333929 0.333371 0.332814 0.328814 0.328257 0.327700 0.327143 0.326586 0.326029 0.325471 0.324914 0.313143 0.311865 0.310588 0.309310 0.308033 0.306755 0.305478 0.304200 0.287971 0.286127 0.284282 0.282437 0.280592 0.278747 0.276902 0.275057 0.266114 0.264592 0.263069 0.261547 0.260024 0.258502 0.256980 0.255457 0.290757 0.295478 0.300198 0.304918 0.309639 0.314359 0.319080 0.323800 0.333929 0.333520 0.333112 0.332704 0.332296 0.331888 0.331480 0.331071 0.327700 0.324984 0.322267 0.319551 0.316835 0.314118 0.311402 0.308686 0.295771 0.294096 0.292420 0.290745 0.289069 0.287394 0.285718 0.284043 0.277914 0.276149 0.274384 0.272618 0.270853 0.269088 0.267322 0.265557 0.256571 0.255218 0.253865 0.252512 0.251159 0.249806 0.248453 0.247100 0.239200 0.238643 0.238086 0.237529 0.236971 0.236414 0.235857 0.235300 0.230286 0.229724 0.229163 0.228602 0.228041 0.227480 0.226918 0.226357 0.223500 0.223102 0.222704 0.222306 0.221908 0.221510 0.221112 0.220714 0.219600 0.219043 0.218486 0.217929 0.217371 0.216814 0.216257 0.215700 0.208943 0.209351 0.209759 0.210167 0.210576 0.210984 0.211392 0.211800
0.211229 0.211229 0.211229 0.211229 0.211229 0.211229 0.211229 0.211229 0.212357 0.212835 0.213312 0.213790 0.214267 0.214745 0.215222 0.215700 0.219600 0.219680 0.219759 0.219839 0.219918 0.219998 0.220078 0.220157 0.226929 0.227406 0.227884 0.228361 0.228839 0.229316 0.229794 0.230271 0.235300 0.235300 0.235300 0.235300 0.235300 0.235300 0.235300 0.235300 0.242543 0.243273 0.244004 0.244735 0.245465 0.246196 0.246927 0.247657 0.261029 0.262235 0.263441 0.264647 0.265853 0.267059 0.268265 0.269471 0.274500 0.276584 0.278667 0.280751 0.282835 0.284918 0.287002 0.289086 0.300314 0.301988 0.303661 0.305335 0.307008 0.308682 0.310355 0.312029 0.323814 0.325010 0.326206 0.327402 0.328598 0.329794 0.330990 0.332186 0.335057 0.333769 0.332482 0.331194 0.329906 0.328618 0.327331 0.326043 0.292986 0.287465 0.281945 0.276424 0.270904 0.265384 0.259863 0.254343 0.268914 0.271237 0.273559 0.275882 0.278204 0.280527 0.282849 0.285171 0.300314 0.296386 0.292457 0.288529 0.284600 0.280671 0.276743 0.272814 0.287957 0.291155 0.294353 0.297551 0.300749 0.303947 0.307145 0.310343 0.326043 0.326363 0.326684 0.327004 0.327324 0.327645 0.327965 0.328286 0.338957 0.338400 0.337843 0.337286 0.336729 0.336171 0.335614 0.335057 0.331057 0.330500 0.329943 0.329386 0.328829 0.328271 0.327714 0.327157 0.315371 0.314176 0.312980 0.311784 0.310588 0.309392 0.308196 0.307000 0.289086 0.287320 0.285555 0.283790 0.282024 0.280259 0.278494 0.276729 0.268357 0.266753 0.265149 0.263545 0.261941 0.260337 0.258733 0.257129 0.292429 0.297310 0.302192 0.307073 0.311955 0.316837 0.321718 0.326600 0.335614 0.335124 0.334635 0.334145 0.333655 0.333165 0.332675 0.332186 0.330500 0.327463 0.324427 0.321390 0.318353 0.315316 0.312280 0.309243 0.296886 0.295212 0.293539 0.291865 0.290192 0.288518 0.286845 0.285171 0.280157 0.278153 0.276149 0.274145 0.272141 0.270137 0.268133 0.266129 0.257686 0.256173 0.254661 0.253149 0.251637 0.250124 0.248612 0.247100 0.239200 0.238643 0.238086 0.237529 0.236971 0.236414 0.235857 0.235300 0.230843 0.230284 0.229725 0.229165 0.228606 0.228047 0.227488 0.226929 0.223500 0.223022 0.222545 0.222067 0.221590 0.221112 0.220635 0.220157 0.219600 0.219043 0.218486 0.217929 0.217371 0.216814 0.216257 0.215700 0.208371 0.208861 0.209351 0.209841 0.210331 0.210820 0.211310 0.211800
0.211800 0.211800 0.211800 0.211800 0.211800 0.211800 0.211800 0.211800 0.211800 0.212357 0.212914 0.213471 0.214029 0.214586 0.215143 0.215700 0.219600 0.219600 0.219600 0.219600 0.219600 0.219600 0.219600 0.219600 0.227500 0.228057 0.228614 0.229171 0.229729 0.230286 0.230843 0.231400 0.235300 0.235300 0.235300 0.235300 0.235300 0.235300 0.235300 0.235300 0.243100 0.243671 0.244243 0.244814 0.245386 0.245957 0.246529 0.247100 0.262700 0.263829 0.264957 0.266086 0.267214 0.268343 0.269471 0.270600 0.274500 0.276743 0.278986 0.281229 0.283471 0.285714 0.287957 0.290200 0.302000 0.303671 0.305343 0.307014 0.308686 0.310357 0.312029 0.313700 0.325500 0.326614 0.327729 0.328843 0.329957 0.331071 0.332186 0.333300 0.337300 0.336171 0.335043 0.333914 0.332786 0.331657 0.330529 0.329400 0.294100 0.288500 0.282900 0.277300 0.271700 0.266100 0.260500 0.254900 0.270600 0.272843 0.275086 0.277329 0.279571 0.281814 0.284057 0.286300 0.302000 0.298071 0.294143 0.290214 0.286286 0.282357 0.278429 0.274500 0.290200 0.293557 0.296914 0.300271 0.303629 0.306986 0.310343 0.313700 0.329400 0.329400 0.329400 0.329400 0.329400 0.329400 0.329400 0.329400 0.341200 0.340643 0.340086 0.339529 0.338971 0.338414 0.337857 0.337300 0.333300 0.332743 0.332186 0.331629 0.331071 0.330514 0.329957 0.329400 0.317600 0.316486 0.315371 0.314257 0.313143 0.312029 0.310914 0.309800 0.290200 0.288514 0.286829 0.285143 0.283457 0.281771 0.280086 0.278400 0.270600 0.268914 0.267229 0.265543 0.263857 0.262171 0.260486 0.258800 0.294100 0.299143 0.304186 0.309229 0.314271 0.319314 0.324357 0.329400 0.337300 0.336729 0.336157 0.335586 0.335014 0.334443 0.333871 0.333300 0.333300 0.329943 0.326586 0.323229 0.319871 0.316514 0.313157 0.309800 0.298000 0.296329 0.294657 0.292986 0.291314 0.289643 0.287971 0.286300 0.282400 0.280157 0.277914 0.275671 0.273429 0.271186 0.268943 0.266700 0.258800 0.257129 0.255457 0.253786 0.252114 0.250443 0.248771 0.247100 0.239200 0.238643 0.238086 0.237529 0.236971 0.236414 0.235857 0.235300 0.231400 0.230843 0.230286 0.229729 0.229171 0.228614 0.228057 0.227500 0.223500 0.222943 0.222386 0.221829 0.221271 0.220714 0.220157 0.219600 0.219600 0.219043 0.218486 0.217929 0.217371 0.216814 0.216257 0.215700 0.207800 0.208371 0.208943 0.209514 0.210086 0.210657 0.211229 0.211800
0.207800 0.207800 0.207800 0.207800 0.207800 0.207800 0.207800 0.207800 0.215700 0.216257 0.216814 0.217371 0.217929 0.218486 0.219043 0.219600 0.219600 0.220157 0.220714 0.221271 0.221829 0.222386 0.222943 0.223500 0.227500 0.228057 0.228614 0.229171 0.229729 0.230286 0.230843 0.231400 0.235300 0.235857 0.236414 0.236971 0.237529 0.238086 0.238643 0.239200 0.247100 0.248214 0.249329 0.250443 0.251557 0.252671 0.253786 0.254900 0.258800 0.260486 0.262171 0.263857 0.265543 0.267229 0.268914 0.270600 0.286300 0.288543 0.290786 0.293029 0.295271 0.297514 0.299757 0.302000 0.305900 0.308700 0.311500 0.314300 0.317100 0.319900 0.322700 0.325500 0.337300 0.338971 0.340643 0.342314 0.343986 0.345657 0.347329 0.349000 0.360800 0.357443 0.354086 0.350729 0.347371 0.344014 0.340657 0.337300 0.309800 0.303071 0.296343 0.289614 0.282886 0.276157 0.269429 0.262700 0.270600 0.273400 0.276200 0.279000 0.281800 0.284600 0.287400 0.290200 0.302000 0.304229 0.306457 0.308686 0.310914 0.313143 0.315371 0.317600 0.337300 0.338414 0.339529 0.340643 0.341757 0.342871 0.343986 0.345100 0.352900 0.352900 0.352900 0.352900 0.352900 0.352900 0.352900 0.352900 0.360800 0.360800 0.360800 0.360800 0.360800 0.360800 0.360800 0.360800 0.352900 0.352343 0.351786 0.351229 0.350671 0.350114 0.349557 0.349000 0.329400 0.328286 0.327171 0.326057 0.324943 0.323829 0.322714 0.321600 0.302000 0.300314 0.298629 0.296943 0.295257 0.293571 0.291886 0.290200 0.274500 0.273386 0.272271 0.271157 0.270043 0.268929 0.267814 0.266700 0.305900 0.310943 0.315986 0.321029 0.326071 0.331114 0.336157 0.341200 0.352900 0.352900 0.352900 0.352900 0.352900 0.352900 0.352900 0.352900 0.341200 0.339514 0.337829 0.336143 0.334457 0.332771 0.331086 0.329400 0.305900 0.304214 0.302529 0.300843 0.299157 0.297471 0.295786 0.294100 0.282400 0.280157 0.277914 0.275671 0.273429 0.271186 0.268943 0.266700 0.258800 0.257686 0.256571 0.255457 0.254343 0.253229 0.252114 0.251000 0.247100 0.246529 0.245957 0.245386 0.244814 0.244243 0.243671 0.243100 0.235300 0.234186 0.233071 0.231957 0.230843 0.229729 0.228614 0.227500 0.223500 0.223500 0.223500 0.223500 0.223500 0.223500 0.223500 0.223500 0.215700 0.215700 0.215700 0.215700 0.215700 0.215700 0.215700 0.215700 0.211800 0.211800 0.211800 0.211800 0.211800 0.211800 0.211800 0.211800
0.208371 0.208451 0.208531 0.208610 0.208690 0.208769 0.208849 0.208929 0.215143 0.215700 0.216257 0.216814 0.217371 0.217929 0.218486 0.219043 0.219600 0.220157 0.220714 0.221271 0.221829 0.222386 0.222943 0.223500 0.226929 0.227567 0.228206 0.228845 0.229484 0.230122 0.230761 0.231400 0.234743 0.235380 0.236016 0.236653 0.237290 0.237927 0.238563 0.239200 0.246529 0.247724 0.248920 0.250116 0.251312 0.252508 0.253704 0.254900 0.259357 0.261043 0.262729 0.264414 0.266100 0.267786 0.269471 0.271157 0.285743 0.288065 0.290388 0.292710 0.295033 0.297355 0.299678 0.302000 0.307571 0.310292 0.313012 0.315733 0.318453 0.321173 0.323894 0.326614 0.339529 0.341202 0.342876 0.344549 0.346222 0.347896 0.349569 0.351243 0.361357 0.358320 0.355284 0.352247 0.349210 0.346173 0.343137 0.340100 0.311486 0.304598 0.297710 0.290822 0.283935 0.277047 0.270159 0.263271 0.271714 0.274514 0.277314 0.280114 0.282914 0.285714 0.288514 0.291314 0.303114 0.305345 0.307576 0.309806 0.312037 0.314267 0.316498 0.318729 0.340100 0.340973 0.341847 0.342720 0.343594 0.344467 0.345341 0.346214 0.354029 0.354349 0.354669 0.354990 0.355310 0.355631 0.355951 0.356271 0.364157 0.364157 0.364157 0.364157 0.364157 0.364157 0.364157 0.364157 0.355143 0.354345 0.353547 0.352749 0.351951 0.351153 0.350355 0.349557 0.329957 0.328843 0.327729 0.326614 0.325500 0.324386 0.323271 0.322157 0.303671 0.301827 0.299982 0.298137 0.296292 0.294447 0.292602 0.290757 0.275629 0.274433 0.273237 0.272041 0.270845 0.269649 0.268453 0.267257 0.307014 0.311978 0.316941 0.321904 0.326867 0.331831 0.336794 0.341757 0.355143 0.355063 0.354984 0.354904 0.354824 0.354745 0.354665 0.354586 0.343443 0.341678 0.339912 0.338147 0.336382 0.334616 0.332851 0.331086 0.307014 0.305169 0.303324 0.301480 0.299635 0.297790 0.295945 0.294100 0.282957 0.280873 0.278790 0.276706 0.274622 0.272539 0.270455 0.268371 0.258800 0.257765 0.256731 0.255696 0.254661 0.253627 0.252592 0.251557 0.247100 0.246449 0.245798 0.245147 0.244496 0.243845 0.243194 0.242543 0.235857 0.234743 0.233629 0.232514 0.231400 0.230286 0.229171 0.228057 0.224071 0.223990 0.223908 0.223827 0.223745 0.223663 0.223582 0.223500 0.216814 0.216735 0.216655 0.216576 0.216496 0.216416 0.216337 0.216257 0.212357 0.212278 0.212198 0.212118 0.212039 0.211959 0.211880 0.211800
0.208943 0.209102 0.209261 0.209420 0.209580 0.209739 0.209898 0.210057 0.214586 0.215143 0.215700 0.216257 0.216814 0.217371 0.217929 0.218486 0.219600 0.220157 0.220714 0.221271 0.221829 0.222386 0.222943 0.223500 0.226357 0.227078 0.227798 0.228518 0.229239 0.229959 0.230680 0.231400 0.234186 0.234902 0.235618 0.236335 0.237051 0.237767 0.238484 0.239200 0.245957 0.247235 0.248512 0.249790 0.251067 0.252345 0.253622 0.254900 0.259914 0.261600 0.263286 0.264971 0.266657 0.268343 0.270029 0.271714 0.285186 0.287588 0.289990 0.292392 0.294794 0.297196 0.299598 0.302000 0.309243 0.311884 0.314525 0.317165 0.319806 0.322447 0.325088 0.327729 0.341757 0.343433 0.345108 0.346784 0.348459 0.350135 0.351810 0.353486 0.361914 0.359198 0.356482 0.353765 0.351049 0.348333 0.345616 0.342900 0.313171 0.306125 0.299078 0.292031 0.284984 0.277937 0.270890 0.263843 0.272829 0.275629 0.278429 0.281229 0.284029 0.286829 0.289629 0.292429 0.304229 0.306461 0.308694 0.310927 0.313159 0.315392 0.317625 0.319857 0.342900 0.343533 0.344165 0.344798 0.345431 0.346063 0.346696 0.347329 0.355157 0.355798 0.356439 0.357080 0.357720 0.358361 0.359002 0.359643 0.367514 0.367514 0.367514 0.367514 0.367514 0.367514 0.367514 0.367514 0.357386 0.356347 0.355308 0.354269 0.353231 0.352192 0.351153 0.350114 0.330514 0.329400 0.328286 0.327171 0.326057 0.324943 0.323829 0.322714 0.305343 0.303339 0.301335 0.299331 0.297327 0.295322 0.293318 0.291314 0.276757 0.275480 0.274202 0.272925 0.271647 0.270369 0.269092 0.267814 0.308129 0.313012 0.317896 0.322780 0.327663 0.332547 0.337431 0.342314 0.357386 0.357227 0.357067 0.356908 0.356749 0.356590 0.356431 0.356271 0.345686 0.343841 0.341996 0.340151 0.338306 0.336461 0.334616 0.332771 0.308129 0.306125 0.304120 0.302116 0.300112 0.298108 0.296104 0.294100 0.283514 0.281590 0.279665 0.277741 0.275816 0.273892 0.271967 0.270043 0.258800 0.257845 0.256890 0.255935 0.254980 0.254024 0.253069 0.252114 0.247100 0.246369 0.245639 0.244908 0.244178 0.243447 0.242716 0.241986 0.236414 0.235300 0.234186 0.233071 0.231957 0.230843 0.229729 0.228614 0.224643 0.224480 0.224316 0.224153 0.223990 0.223827 0.223663 0.223500 0.217929 0.217769 0.217610 0.217451 0.217292 0.217133 0.216973 0.216814 0.212914 0.212755 0.212596 0.212437 0.212278 0.212118 0.211959 0.211800
0.209514 0.209753 0.209992 0.210231 0.210469 0.210708 0.210947 0.211186 0.214029 0.214586 0.215143 0.215700 0.216257 0.216814 0.217371 0.217929 0.219600 0.220157 0.220714 0.221271 0.221829 0.222386 0.222943 0.223500 0.225786 0.226588 0.227390 0.228192 0.228994 0.229796 0.230598 0.231400 0.233629 0.234425 0.235220 0.236016 0.236812 0.237608 0.238404 0.239200 0.245386 0.246745 0.248104 0.249463 0.250822 0.252182 0.253541 0.254900 0.260471 0.262157 0.263843 0.265529 0.267214 0.268900 0.270586 0.272271 0.284629 0.287110 0.289592 0.292073 0.294555 0.297037 0.299518 0.302000 0.310914 0.313476 0.316037 0.318598 0.321159 0.323720 0.326282 0.328843 0.343986 0.345663 0.347341 0.349018 0.350696 0.352373 0.354051 0.355729 0.362471 0.360076 0.357680 0.355284 0.352888 0.350492 0.348096 0.345700 0.314857 0.307651 0.300445 0.293239 0.286033 0.278827 0.271620 0.264414 0.273943 0.276743 0.279543 0.282343 0.285143 0.287943 0.290743 0.293543 0.305343 0.307578 0.309812 0.312047 0.314282 0.316516 0.318751 0.320986 0.345700 0.346092 0.346484 0.346876 0.347267 0.347659 0.348051 0.348443 0.356286 0.357247 0.358208 0.359169 0.360131 0.361092 0.362053 0.363014 0.370871 0.370871 0.370871 0.370871 0.370871 0.370871 0.370871 0.370871 0.359629 0.358349 0.357069 0.355790 0.354510 0.353231 0.351951 0.350671 0.331071 0.329957 0.328843 0.327729 0.326614 0.325500 0.324386 0.323271 0.307014 0.304851 0.302688 0.300524 0.298361 0.296198 0.294035 0.291871 0.277886 0.276527 0.275167 0.273808 0.272449 0.271090 0.269731 0.268371 0.309243 0.314047 0.318851 0.323655 0.328459 0.333263 0.338067 0.342871 0.359629 0.359390 0.359151 0.358912 0.358673 0.358435 0.358196 0.357957 0.347929 0.346004 0.344080 0.342155 0.340231 0.338306 0.336382 0.334457 0.309243 0.307080 0.304916 0.302753 0.300590 0.298427 0.296263 0.294100 0.284071 0.282306 0.280541 0.278776 0.277010 0.275245 0.273480 0.271714 0.258800 0.257924 0.257049 0.256173 0.255298 0.254422 0.253547 0.252671 0.247100 0.246290 0.245480 0.244669 0.243859 0.243049 0.242239 0.241429 0.236971 0.235857 0.234743 0.233629 0.232514 0.231400 0.230286 0.229171 0.225214 0.224969 0.224725 0.224480 0.224235 0.223990 0.223745 0.223500 0.219043 0.218804 0.218565 0.218327 0.218088 0.217849 0.217610 0.217371 0.213471 0.213233 0.212994 0.212755 0.212516 0.212278 0.212039 0.211800
0.210086 0.210404 0.210722 0.211041 0.211359 0.211678 0.211996 0.212314 0.213471 0.214029 0.214586 0.215143 0.215700 0.216257 0.216814 0.217371 0.219600 0.220157 0.220714 0.221271 0.221829 0.222386 0.222943 0.223500 0.225214 0.226098 0.226982 0.227865 0.228749 0.229633 0.230516 0.231400 0.233071 0.233947 0.234822 0.235698 0.236573 0.237449 0.238324 0.239200 0.244814 0.246255 0.247696 0.249137 0.250578 0.252018 0.253459 0.254900 0.261029 0.262714 0.264400 0.266086 0.267771 0.269457 0.271143 0.272829 0.284071 0.286633 0.289194 0.291755 0.294316 0.296878 0.299439 0.302000 0.312586 0.315067 0.317549 0.320031 0.322512 0.324994 0.327476 0.329957 0.346214 0.347894 0.349573 0.351253 0.352933 0.354612 0.356292 0.357971 0.363029 0.360953 0.358878 0.356802 0.354727 0.352651 0.350576 0.348500 0.316543 0.309178 0.301812 0.294447 0.287082 0.279716 0.272351 0.264986 0.275057 0.277857 0.280657 0.283457 0.286257 0.289057 0.291857 0.294657 0.306457 0.308694 0.310931 0.313167 0.315404 0.317641 0.319878 0.322114 0.348500 0.348651 0.348802 0.348953 0.349104 0.349255 0.349406 0.349557 0.357414 0.358696 0.359978 0.361259 0.362541 0.363822 0.365104 0.366386 0.374229 0.374229 0.374229 0.374229 0.374229 0.374229 0.374229 0.374229 0.361871 0.360351 0.358831 0.357310 0.355790 0.354269 0.352749 0.351229 0.331629 0.330514 0.329400 0.328286 0.327171 0.326057 0.324943 0.323829 0.308686 0.306363 0.304041 0.301718 0.299396 0.297073 0.294751 0.292429 0.279014 0.277573 0.276133 0.274692 0.273251 0.271810 0.270369 0.268929 0.310357 0.315082 0.319806 0.324531 0.329255 0.333980 0.338704 0.343429 0.361871 0.361553 0.361235 0.360916 0.360598 0.360280 0.359961 0.359643 0.350171 0.348167 0.346163 0.344159 0.342155 0.340151 0.338147 0.336143 0.310357 0.308035 0.305712 0.303390 0.301067 0.298745 0.296422 0.294100 0.284629 0.283022 0.281416 0.279810 0.278204 0.276598 0.274992 0.273386 0.258800 0.258004 0.257208 0.256412 0.255616 0.254820 0.254025 0.253229 0.247100 0.246210 0.245320 0.244431 0.243541 0.242651 0.241761 0.240871 0.237529 0.236414 0.235300 0.234186 0.233071 0.231957 0.230843 0.229729 0.225786 0.225459 0.225133 0.224806 0.224480 0.224153 0.223827 0.223500 0.220157 0.219839 0.219520 0.219202 0.218884 0.218565 0.218247 0.217929 0.214029 0.213710 0.213392 0.213073 0.212755 0.212437 0.212118 0.211800
0.210657 0.211055 0.211453 0.211851 0.212249 0.212647 0.213045 0.213443 0.212914 0.213471 0.214029 0.214586 0.215143 0.215700 0.216257 0.216814 0.219600 0.220157 0.220714 0.221271 0.221829 0.222386 0.222943 0.223500 0.224643 0.225608 0.226573 0.227539 0.228504 0.229469 0.230435 0.231400 0.232514 0.233469 0.234424 0.235380 0.236335 0.237290 0.238245 0.239200 0.244243 0.245765 0.247288 0.248810 0.250333 0.251855 0.253378 0.254900 0.261586 0.263271 0.264957 0.266643 0.268329 0.270014 0.271700 0.273386 0.283514 0.286155 0.288796 0.291437 0.294078 0.296718 0.299359 0.302000 0.314257 0.316659 0.319061 0.321463 0.323865 0.326267 0.328669 0.331071 0.348443 0.350124 0.351806 0.353488 0.355169 0.356851 0.358533 0.360214 0.363586 0.361831 0.360076 0.358320 0.356565 0.354810 0.353055 0.351300 0.318229 0.310704 0.303180 0.295655 0.288131 0.280606 0.273082 0.265557 0.276171 0.278971 0.281771 0.284571 0.287371 0.290171 0.292971 0.295771 0.307571 0.309810 0.312049 0.314288 0.316527 0.318765 0.321004 0.323243 0.351300 0.351210 0.351120 0.351031 0.350941 0.350851 0.350761 0.350671 0.358543 0.360145 0.361747 0.363349 0.364951 0.366553 0.368155 0.369757 0.377586 0.377586 0.377586 0.377586 0.377586 0.377586 0.377586 0.377586 0.364114 0.362353 0.360592 0.358831 0.357069 0.355308 0.353547 0.351786 0.332186 0.331071 0.329957 0.328843 0.327729 0.326614 0.325500 0.324386 0.310357 0.307875 0.305394 0.302912 0.300431 0.297949 0.295467 0.292986 0.280143 0.278620 0.277098 0.275576 0.274053 0.272531 0.271008 0.269486 0.311471 0.316116 0.320761 0.325406 0.330051 0.334696 0.339341 0.343986 0.364114 0.363716 0.363318 0.362920 0.362522 0.362124 0.361727 0.361329 0.352414 0.350331 0.348247 0.346163 0.344080 0.341996 0.339912 0.337829 0.311471 0.308990 0.306508 0.304027 0.301545 0.299063 0.296582 0.294100 0.285186 0.283739 0.282292 0.280845 0.279398 0.277951 0.276504 0.275057 0.258800 0.258084 0.257367 0.256651 0.255935 0.255218 0.254502 0.253786 0.247100 0.246131 0.245161 0.244192 0.243222 0.242253 0.241284 0.240314 0.238086 0.236971 0.235857 0.234743 0.233629 0.232514 0.231400 0.230286 0.226357 0.225949 0.225541 0.225133 0.224724 0.224316 0.223908 0.223500 0.221271 0.220873 0.220476 0.220078 0.219680 0.219282 0.218884 0.218486 0.214586 0.214188 0.213790 0.213392 0.212994 0.212596 0.212198 0.211800
0.211229 0.211706 0.212184 0.212661 0.213139 0.213616 0.214094 0.214571 0.212357 0.212914 0.213471 0.214029 0.214586 0.215143 0.215700 0.216257 0.219600 0.220157 0.220714 0.221271 0.221829 0.222386 0.222943 0.223500 0.224071 0.225118 0.226165 0.227212 0.228259 0.229306 0.230353 0.231400 0.231957 0.232992 0.234027 0.235061 0.236096 0.237131 0.238165 0.239200 0.243671 0.245276 0.246880 0.248484 0.250088 0.251692 0.253296 0.254900 0.262143 0.263829 0.265514 0.267200 0.268886 0.270571 0.272257 0.273943 0.282957 0.285678 0.288398 0.291118 0.293839 0.296559 0.299280 0.302000 0.315929 0.318251 0.320574 0.322896 0.325218 0.327541 0.329863 0.332186 0.350671 0.352355 0.354039 0.355722 0.357406 0.359090 0.360773 0.362457 0.364143 0.362708 0.361273 0.359839 0.358404 0.356969 0.355535 0.354100 0.319914 0.312231 0.304547 0.296863 0.289180 0.281496 0.273812 0.266129 0.277286 0.280086 0.282886 0.285686 0.288486 0.291286 0.294086 0.296886 0.308686 0.310927 0.313167 0.315408 0.317649 0.319890 0.322131 0.324371 0.354100 0.353769 0.353439 0.353108 0.352778 0.352447 0.352116 0.351786 0.359671 0.361594 0.363516 0.365439 0.367361 0.369284 0.371206 0.373129 0.380943 0.380943 0.380943 0.380943 0.380943 0.380943 0.380943 0.380943 0.366357 0.364355 0.362353 0.360351 0.358349 0.356347 0.354345 0.352343 0.332743 0.331629 0.330514 0.329400 0.328286 0.327171 0.326057 0.324943 0.312029 0.309388 0.306747 0.304106 0.301465 0.298824 0.296184 0.293543 0.281271 0.279667 0.278063 0.276459 0.274855 0.273251 0.271647 0.270043 0.312586 0.317151 0.321716 0.326282 0.330847 0.335412 0.339978 0.344543 0.366357 0.365880 0.365402 0.364924 0.364447 0.363969 0.363492 0.363014 0.354657 0.352494 0.350331 0.348167 0.346004 0.343841 0.341678 0.339514 0.312586 0.309945 0.307304 0.304663 0.302022 0.299382 0.296741 0.294100 0.285743 0.284455 0.283167 0.281880 0.280592 0.279304 0.278016 0.276729 0.258800 0.258163 0.257527 0.256890 0.256253 0.255616 0.254980 0.254343 0.247100 0.246051 0.245002 0.243953 0.242904 0.241855 0.240806 0.239757 0.238643 0.237529 0.236414 0.235300 0.234186 0.233071 0.231957 0.230843 0.226929 0.226439 0.225949 0.225459 0.224969 0.224480 0.223990 0.223500 0.222386 0.221908 0.221431 0.220953 0.220476 0.219998 0.219520 0.219043 0.215143 0.214665 0.214188 0.213710 0.213233 0.212755 0.212278 0.211800
0.211800 0.212357 0.212914 0.213471 0.214029 0.214586 0.215143 0.215700 0.211800 0.212357 0.212914 0.213471 0.214029 0.214586 0.215143 0.215700 0.219600 0.220157 0.220714 0.221271 0.221829 0.222386 0.222943 0.223500 0.223500 0.224629 0.225757 0.226886 0.228014 0.229143 0.230271 0.231400 0.231400 0.232514 0.233629 0.234743 0.235857 0.236971 0.238086 0.239200 0.243100 0.244786 0.246471 0.248157 0.249843 0.251529 0.253214 0.254900 0.262700 0.264386 0.266071 0.267757 0.269443 0.271129 0.272814 0.274500 0.282400 0.285200 0.288000 0.290800 0.293600 0.296400 0.299200 0.302000 0.317600 0.319843 0.322086 0.324329 0.326571 0.328814 0.331057 0.333300 0.352900 0.354586 0.356271 0.357957 0.359643 0.361329 0.363014 0.364700 0.364700 0.363586 0.362471 0.361357 0.360243 0.359129 0.358014 0.356900 0.321600 0.313757 0.305914 0.298071 0.290229 0.282386 0.274543 0.266700 0.278400 0.281200 0.284000 0.286800 0.289600 0.292400 0.295200 0.298000 0.309800 0.312043 0.314286 0.316529 0.318771 0.321014 0.323257 0.325500 0.356900 0.356329 0.355757 0.355186 0.354614 0.354043 0.353471 0.352900 0.360800 0.363043 0.365286 0.367529 0.369771 0.372014 0.374257 0.376500 0.384300 0.384300 0.384300 0.384300 0.384300 0.384300 0.384300 0.384300 0.368600 0.366357 0.364114 0.361871 0.359629 0.357386 0.355143 0.352900 0.333300 0.332186 0.331071 0.329957 0.328843 0.327729 0.326614 0.325500 0.313700 0.310900 0.308100 0.305300 0.302500 0.299700 0.296900 0.294100 0.282400 0.280714 0.279029 0.277343 0.275657 0.273971 0.272286 0.270600 0.313700 0.318186 0.322671 0.327157 0.331643 0.336129 0.340614 0.345100 0.368600 0.368043 0.367486 0.366929 0.366371 0.365814 0.365257 0.364700 0.356900 0.354657 0.352414 0.350171 0.347929 0.345686 0.343443 0.341200 0.313700 0.310900 0.308100 0.305300 0.302500 0.299700 0.296900 0.294100 0.286300 0.285171 0.284043 0.282914 0.281786 0.280657 0.279529 0.278400 0.258800 0.258243 0.257686 0.257129 0.256571 0.256014 0.255457 0.254900 0.247100 0.245971 0.244843 0.243714 0.242586 0.241457 0.240329 0.239200 0.239200 0.238086 0.236971 0.235857 0.234743 0.233629 0.232514 0.231400 0.227500 0.226929 0.226357 0.225786 0.225214 0.224643 0.224071 0.223500 0.223500 0.222943 0.222386 0.221829 0.221271 0.220714 0.220157 0.219600 0.215700 0.215143 0.214586 0.214029 0.213471 0.212914 0.212357 0.211800
0.207800 0.208929 0.210057 0.211186 0.212314 0.213443 0.214571 0.215700 0.215700 0.216257 0.216814 0.217371 0.217929 0.218486 0.219043 0.219600 0.227500 0.227500 0.227500 0.227500 0.227500 0.227500 0.227500 0.227500 0.227500 0.228057 0.228614 0.229171 0.229729 0.230286 0.230843 0.231400 0.239200 0.239757 0.240314 0.240871 0.241429 0.241986 0.242543 0.243100 0.247100 0.248214 0.249329 0.250443 0.251557 0.252671 0.253786 0.254900 0.266700 0.268943 0.271186 0.273429 0.275671 0.277914 0.280157 0.282400 0.290200 0.292443 0.294686 0.296929 0.299171 0.301414 0.303657 0.305900 0.317600 0.320971 0.324343 0.327714 0.331086 0.334457 0.337829 0.341200 0.372500 0.373629 0.374757 0.375886 0.377014 0.378143 0.379271 0.380400 0.388200 0.384286 0.380371 0.376457 0.372543 0.368629 0.364714 0.360800 0.325500 0.316529 0.307557 0.298586 0.289614 0.280643 0.271671 0.262700 0.286300 0.289100 0.291900 0.294700 0.297500 0.300300 0.303100 0.305900 0.321600 0.324957 0.328314 0.331671 0.335029 0.338386 0.341743 0.345100 0.364700 0.364700 0.364700 0.364700 0.364700 0.364700 0.364700 0.364700 0.392200 0.391071 0.389943 0.388814 0.387686 0.386557 0.385429 0.384300 0.392200 0.392200 0.392200 0.392200 0.392200 0.392200 0.392200 0.392200 0.388200 0.384286 0.380371 0.376457 0.372543 0.368629 0.364714 0.360800 0.352900 0.350100 0.347300 0.344500 0.341700 0.338900 0.336100 0.333300 0.325500 0.322143 0.318786 0.315429 0.312071 0.308714 0.305357 0.302000 0.290200 0.286843 0.283486 0.280129 0.276771 0.273414 0.270057 0.266700 0.321600 0.326071 0.330543 0.335014 0.339486 0.343957 0.348429 0.352900 0.380400 0.379271 0.378143 0.377014 0.375886 0.374757 0.373629 0.372500 0.364700 0.360786 0.356871 0.352957 0.349043 0.345129 0.341214 0.337300 0.317600 0.315371 0.313143 0.310914 0.308686 0.306457 0.304229 0.302000 0.294100 0.290743 0.287386 0.284029 0.280671 0.277314 0.273957 0.270600 0.262700 0.261586 0.260471 0.259357 0.258243 0.257129 0.256014 0.254900 0.251000 0.249314 0.247629 0.245943 0.244257 0.242571 0.240886 0.239200 0.235300 0.235300 0.235300 0.235300 0.235300 0.235300 0.235300 0.235300 0.227500 0.227500 0.227500 0.227500 0.227500 0.227500 0.227500 0.227500 0.223500 0.223500 0.223500 0.223500 0.223500 0.223500 0.223500 0.223500 0.215700 0.215143 0.214586 0.214029 0.213471 0.212914 0.212357 0.211800
0.208371 0.209339 0.210306 0.211273 0.212241 0.213208 0.214176 0.215143 0.215700 0.216178 0.216655 0.217133 0.217610 0.218088 0.218565 0.219043 0.226371 0.226451 0.226531 0.226610 0.226690 0.226769 0.226849 0.226929 0.228057 0.228614 0.229171 0.229729 0.230286 0.230843 0.231400 0.231957 0.239757 0.240316 0.240876 0.241435 0.241994 0.242553 0.243112 0.243671 0.247100 0.248294 0.249488 0.250682 0.251876 0.253069 0.254263 0.255457 0.267257 0.269500 0.271743 0.273986 0.276229 0.278471 0.280714 0.282957 0.290757 0.293080 0.295402 0.297725 0.300047 0.302369 0.304692 0.307014 0.318729 0.322339 0.325949 0.329559 0.333169 0.336780 0.340390 0.344000 0.371943 0.373471 0.375000 0.376529 0.378057 0.379586 0.381114 0.382643 0.388771 0.384935 0.381098 0.377261 0.373425 0.369588 0.365751 0.361914 0.326614 0.317645 0.308676 0.299706 0.290737 0.281767 0.272798 0.263829 0.287414 0.289894 0.292373 0.294853 0.297333 0.299812 0.302292 0.304771 0.322714 0.325912 0.329110 0.332308 0.335506 0.338704 0.341902 0.345100 0.363014 0.363496 0.363978 0.364459 0.364941 0.365422 0.365904 0.366386 0.392200 0.391071 0.389943 0.388814 0.387686 0.386557 0.385429 0.384300 0.395000 0.394759 0.394518 0.394278 0.394037 0.393796 0.393555 0.393314 0.387643 0.384208 0.380773 0.377339 0.373904 0.370469 0.367035 0.363600 0.353471 0.350590 0.347708 0.344827 0.341945 0.339063 0.336182 0.333300 0.325500 0.322222 0.318945 0.315667 0.312390 0.309112 0.305835 0.302557 0.290200 0.287002 0.283804 0.280606 0.277408 0.274210 0.271012 0.267814 0.322157 0.326790 0.331422 0.336055 0.340688 0.345320 0.349953 0.354586 0.381514 0.380788 0.380061 0.379335 0.378608 0.377882 0.377155 0.376429 0.365814 0.362059 0.358304 0.354549 0.350794 0.347039 0.343284 0.339529 0.318729 0.316418 0.314108 0.311798 0.309488 0.307178 0.304867 0.302557 0.293543 0.290506 0.287469 0.284433 0.281396 0.278359 0.275322 0.272286 0.262700 0.261665 0.260631 0.259596 0.258561 0.257527 0.256492 0.255457 0.251557 0.249953 0.248349 0.246745 0.245141 0.243537 0.241933 0.240329 0.235300 0.235300 0.235300 0.235300 0.235300 0.235300 0.235300 0.235300 0.227500 0.227339 0.227178 0.227016 0.226855 0.226694 0.226533 0.226371 0.223500 0.223500 0.223500 0.223500 0.223500 0.223500 0.223500 0.223500 0.215700 0.215143 0.214586 0.214029 0.213471 0.212914 0.212357 0.211800
0.208943 0.209749 0.210555 0.211361 0.212167 0.212973 0.213780 0.214586 0.215700 0.216098 0.216496 0.216894 0.217292 0.217690 0.218088 0.218486 0.225243 0.225402 0.225561 0.225720 0.225880 0.226039 0.226198 0.226357 0.228614 0.229171 0.229729 0.230286 0.230843 0.231400 0.231957 0.232514 0.240314 0.240876 0.241437 0.241998 0.242559 0.243120 0.243682 0.244243 0.247100 0.248373 0.249647 0.250920 0.252194 0.253467 0.254741 0.256014 0.267814 0.270057 0.272300 0.274543 0.276786 0.279029 0.281271 0.283514 0.291314 0.293716 0.296118 0.298520 0.300922 0.303324 0.305727 0.308129 0.319857 0.323706 0.327555 0.331404 0.335253 0.339102 0.342951 0.346800 0.371386 0.373314 0.375243 0.377171 0.379100 0.381029 0.382957 0.384886 0.389343 0.385584 0.381825 0.378065 0.374306 0.370547 0.366788 0.363029 0.327729 0.318761 0.309794 0.300827 0.291859 0.282892 0.273924 0.264957 0.288529 0.290688 0.292847 0.295006 0.297165 0.299325 0.301484 0.303643 0.323829 0.326867 0.329906 0.332945 0.335984 0.339022 0.342061 0.345100 0.361329 0.362292 0.363255 0.364218 0.365182 0.366145 0.367108 0.368071 0.392200 0.391071 0.389943 0.388814 0.387686 0.386557 0.385429 0.384300 0.397800 0.397318 0.396837 0.396355 0.395873 0.395392 0.394910 0.394429 0.387086 0.384131 0.381176 0.378220 0.375265 0.372310 0.369355 0.366400 0.354043 0.351080 0.348116 0.345153 0.342190 0.339227 0.336263 0.333300 0.325500 0.322302 0.319104 0.315906 0.312708 0.309510 0.306312 0.303114 0.290200 0.287161 0.284122 0.281084 0.278045 0.275006 0.271967 0.268929 0.322714 0.327508 0.332302 0.337096 0.341890 0.346684 0.351478 0.356271 0.382629 0.382304 0.381980 0.381655 0.381331 0.381006 0.380682 0.380357 0.366929 0.363333 0.359737 0.356141 0.352545 0.348949 0.345353 0.341757 0.319857 0.317465 0.315073 0.312682 0.310290 0.307898 0.305506 0.303114 0.292986 0.290269 0.287553 0.284837 0.282120 0.279404 0.276688 0.273971 0.262700 0.261745 0.260790 0.259835 0.258880 0.257924 0.256969 0.256014 0.252114 0.250592 0.249069 0.247547 0.246024 0.244502 0.242980 0.241457 0.235300 0.235300 0.235300 0.235300 0.235300 0.235300 0.235300 0.235300 0.227500 0.227178 0.226855 0.226533 0.226210 0.225888 0.225565 0.225243 0.223500 0.223500 0.223500 0.223500 0.223500 0.223500 0.223500 0.223500 0.215700 0.215143 0.214586 0.214029 0.213471 0.212914 0.212357 0.211800
0.209514 0.210159 0.210804 0.211449 0.212094 0.212739 0.213384 0.214029 0.215700 0.216018 0.216337 0.216655 0.216973 0.217292 0.217610 0.217929 0.224114 0.224353 0.224592 0.224831 0.225069 0.225308 0.225547 0.225786 0.229171 0.229729 0.230286 0.230843 0.231400 0.231957 0.232514 0.233071 0.240871 0.241435 0.241998 0.242561 0.243124 0.243688 0.244251 0.244814 0.247100 0.248453 0.249806 0.251159 0.252512 0.253865 0.255218 0.256571 0.268371 0.270614 0.272857 0.275100 0.277343 0.279586 0.281829 0.284071 0.291871 0.294353 0.296835 0.299316 0.301798 0.304280 0.306761 0.309243 0.320986 0.325073 0.329161 0.333249 0.337337 0.341424 0.345512 0.349600 0.370829 0.373157 0.375486 0.377814 0.380143 0.382471 0.384800 0.387129 0.389914 0.386233 0.382551 0.378869 0.375188 0.371506 0.367824 0.364143 0.328843 0.319878 0.310912 0.301947 0.292982 0.284016 0.275051 0.266086 0.289643 0.291482 0.293320 0.295159 0.296998 0.298837 0.300676 0.302514 0.324943 0.327822 0.330702 0.333582 0.336461 0.339341 0.342220 0.345100 0.359643 0.361088 0.362533 0.363978 0.365422 0.366867 0.368312 0.369757 0.392200 0.391071 0.389943 0.388814 0.387686 0.386557 0.385429 0.384300 0.400600 0.399878 0.399155 0.398433 0.397710 0.396988 0.396265 0.395543 0.386529 0.384053 0.381578 0.379102 0.376627 0.374151 0.371676 0.369200 0.354614 0.351569 0.348525 0.345480 0.342435 0.339390 0.336345 0.333300 0.325500 0.322382 0.319263 0.316145 0.313027 0.309908 0.306790 0.303671 0.290200 0.287320 0.284441 0.281561 0.278682 0.275802 0.272922 0.270043 0.323271 0.328227 0.333182 0.338137 0.343092 0.348047 0.353002 0.357957 0.383743 0.383820 0.383898 0.383976 0.384053 0.384131 0.384208 0.384286 0.368043 0.364606 0.361169 0.357733 0.354296 0.350859 0.347422 0.343986 0.320986 0.318512 0.316039 0.313565 0.311092 0.308618 0.306145 0.303671 0.292429 0.290033 0.287637 0.285241 0.282845 0.280449 0.278053 0.275657 0.262700 0.261824 0.260949 0.260073 0.259198 0.258322 0.257447 0.256571 0.252671 0.251231 0.249790 0.248349 0.246908 0.245467 0.244027 0.242586 0.235300 0.235300 0.235300 0.235300 0.235300 0.235300 0.235300 0.235300 0.227500 0.227016 0.226533 0.226049 0.225565 0.225082 0.224598 0.224114 0.223500 0.223500 0.223500 0.223500 0.223500 0.223500 0.223500 0.223500 0.215700 0.215143 0.214586 0.214029 0.213471 0.212914 0.212357 0.211800
0.210086 0.210569 0.211053 0.211537 0.212020 0.212504 0.212988 0.213471 0.215700 0.215939 0.216178 0.216416 0.216655 0.216894 0.217133 0.217371 0.222986 0.223304 0.223622 0.223941 0.224259 0.224578 0.224896 0.225214 0.229729 0.230286 0.230843 0.231400 0.231957 0.232514 0.233071 0.233629 0.241429 0.241994 0.242559 0.243124 0.243690 0.244255 0.244820 0.245386 0.247100 0.248533 0.249965 0.251398 0.252831 0.254263 0.255696 0.257129 0.268929 0.271171 0.273414 0.275657 0.277900 0.280143 0.282386 0.284629 0.292429 0.294990 0.297551 0.300112 0.302673 0.305235 0.307796 0.310357 0.322114 0.326441 0.330767 0.335094 0.339420 0.343747 0.348073 0.352400 0.370271 0.373000 0.375729 0.378457 0.381186 0.383914 0.386643 0.389371 0.390486 0.386882 0.383278 0.379673 0.376069 0.372465 0.368861 0.365257 0.329957 0.320994 0.312031 0.303067 0.294104 0.285141 0.276178 0.267214 0.290757 0.292276 0.293794 0.295312 0.296831 0.298349 0.299867 0.301386 0.326057 0.328778 0.331498 0.334218 0.336939 0.339659 0.342380 0.345100 0.357957 0.359884 0.361810 0.363737 0.365663 0.367590 0.369516 0.371443 0.392200 0.391071 0.389943 0.388814 0.387686 0.386557 0.385429 0.384300 0.403400 0.402437 0.401473 0.400510 0.399547 0.398584 0.397620 0.396657 0.385971 0.383976 0.381980 0.379984 0.377988 0.375992 0.373996 0.372000 0.355186 0.352059 0.348933 0.345806 0.342680 0.339553 0.336426 0.333300 0.325500 0.322461 0.319422 0.316384 0.313345 0.310306 0.307267 0.304229 0.290200 0.287480 0.284759 0.282039 0.279318 0.276598 0.273878 0.271157 0.323829 0.328945 0.334061 0.339178 0.344294 0.349410 0.354527 0.359643 0.384857 0.385337 0.385816 0.386296 0.386776 0.387255 0.387735 0.388214 0.369157 0.365880 0.362602 0.359324 0.356047 0.352769 0.349492 0.346214 0.322114 0.319559 0.317004 0.314449 0.311894 0.309339 0.306784 0.304229 0.291871 0.289796 0.287720 0.285645 0.283569 0.281494 0.279418 0.277343 0.262700 0.261904 0.261108 0.260312 0.259516 0.258720 0.257924 0.257129 0.253229 0.251869 0.250510 0.249151 0.247792 0.246433 0.245073 0.243714 0.235300 0.235300 0.235300 0.235300 0.235300 0.235300 0.235300 0.235300 0.227500 0.226855 0.226210 0.225565 0.224920 0.224276 0.223631 0.222986 0.223500 0.223500 0.223500 0.223500 0.223500 0.223500 0.223500 0.223500 0.215700 0.215143 0.214586 0.214029 0.213471 0.212914 0.212357 0.211800
0.210657 0.210980 0.211302 0.211624 0.211947 0.212269 0.212592 0.212914 0.215700 0.215859 0.216018 0.216178 0.216337 0.216496 0.216655 0.216814 0.221857 0.222255 0.222653 0.223051 0.223449 0.223847 0.224245 0.224643 0.230286 0.230843 0.231400 0.231957 0.232514 0.233071 0.233629 0.234186 0.241986 0.242553 0.243120 0.243688 0.244255 0.244822 0.245390 0.245957 0.247100 0.248612 0.250125 0.251637 0.253149 0.254661 0.256173 0.257686 0.269486 0.271729 0.273971 0.276214 0.278457 0.280700 0.282943 0.285186 0.292986 0.295627 0.298267 0.300908 0.303549 0.306190 0.308831 0.311471 0.323243 0.327808 0.332373 0.336939 0.341504 0.346069 0.350635 0.355200 0.369714 0.372843 0.375971 0.379100 0.382229 0.385357 0.388486 0.391614 0.391057 0.387531 0.384004 0.380478 0.376951 0.373425 0.369898 0.366371 0.331071 0.322110 0.313149 0.304188 0.295227 0.286265 0.277304 0.268343 0.291871 0.293069 0.294267 0.295465 0.296663 0.297861 0.299059 0.300257 0.327171 0.329733 0.332294 0.334855 0.337416 0.339978 0.342539 0.345100 0.356271 0.358680 0.361088 0.363496 0.365904 0.368312 0.370720 0.373129 0.392200 0.391071 0.389943 0.388814 0.387686 0.386557 0.385429 0.384300 0.406200 0.404996 0.403792 0.402588 0.401384 0.400180 0.398975 0.397771 0.385414 0.383898 0.382382 0.380865 0.379349 0.377833 0.376316 0.374800 0.355757 0.352549 0.349341 0.346133 0.342925 0.339716 0.336508 0.333300 0.325500 0.322541 0.319582 0.316622 0.313663 0.310704 0.307745 0.304786 0.290200 0.287639 0.285078 0.282516 0.279955 0.277394 0.274833 0.272271 0.324386 0.329663 0.334941 0.340218 0.345496 0.350773 0.356051 0.361329 0.385971 0.386853 0.387735 0.388616 0.389498 0.390380 0.391261 0.392143 0.370271 0.367153 0.364035 0.360916 0.357798 0.354680 0.351561 0.348443 0.323243 0.320606 0.317969 0.315333 0.312696 0.310059 0.307422 0.304786 0.291314 0.289559 0.287804 0.286049 0.284294 0.282539 0.280784 0.279029 0.262700 0.261984 0.261267 0.260551 0.259835 0.259118 0.258402 0.257686 0.253786 0.252508 0.251231 0.249953 0.248676 0.247398 0.246120 0.244843 0.235300 0.235300 0.235300 0.235300 0.235300 0.235300 0.235300 0.235300 0.227500 0.226694 0.225888 0.225082 0.224276 0.223469 0.222663 0.221857 0.223500 0.223500 0.223500 0.223500 0.223500 0.223500 0.223500 0.223500 0.215700 0.215143 0.214586 0.214029 0.213471 0.212914 0.212357 0.211800
0.211229 0.211390 0.211551 0.211712 0.211873 0.212035 0.212196 0.212357 0.215700 0.215780 0.215859 0.215939 0.216018 0.216098 0.216178 0.216257 0.220729 0.221206 0.221684 0.222161 0.222639 0.223116 0.223594 0.224071 0.230843 0.231400 0.231957 0.232514 0.233071 0.233629 0.234186 0.234743 0.242543 0.243112 0.243682 0.244251 0.244820 0.245390 0.245959 0.246529 0.247100 0.248692 0.250284 0.251876 0.253467 0.255059 0.256651 0.258243 0.270043 0.272286 0.274529 0.276771 0.279014 0.281257 0.283500 0.285743 0.293543 0.296263 0.298984 0.301704 0.304424 0.307145 0.309865 0.312586 0.324371 0.329176 0.333980 0.338784 0.343588 0.348392 0.353196 0.358000 0.369157 0.372686 0.376214 0.379743 0.383271 0.386800 0.390329 0.393857 0.391629 0.388180 0.384731 0.381282 0.377833 0.374384 0.370935 0.367486 0.332186 0.323227 0.314267 0.305308 0.296349 0.287390 0.278431 0.269471 0.292986 0.293863 0.294741 0.295618 0.296496 0.297373 0.298251 0.299129 0.328286 0.330688 0.333090 0.335492 0.337894 0.340296 0.342698 0.345100 0.354586 0.357475 0.360365 0.363255 0.366145 0.369035 0.371925 0.374814 0.392200 0.391071 0.389943 0.388814 0.387686 0.386557 0.385429 0.384300 0.409000 0.407555 0.406110 0.404665 0.403220 0.401776 0.400331 0.398886 0.384857 0.383820 0.382784 0.381747 0.380710 0.379673 0.378637 0.377600 0.356329 0.353039 0.349749 0.346459 0.343169 0.339880 0.336590 0.333300 0.325500 0.322620 0.319741 0.316861 0.313982 0.311102 0.308222 0.305343 0.290200 0.287798 0.285396 0.282994 0.280592 0.278190 0.275788 0.273386 0.324943 0.330382 0.335820 0.341259 0.346698 0.352137 0.357576 0.363014 0.387086 0.388369 0.389653 0.390937 0.392220 0.393504 0.394788 0.396071 0.371386 0.368427 0.365467 0.362508 0.359549 0.356590 0.353631 0.350671 0.324371 0.321653 0.318935 0.316216 0.313498 0.310780 0.308061 0.305343 0.290757 0.289322 0.287888 0.286453 0.285018 0.283584 0.282149 0.280714 0.262700 0.262063 0.261427 0.260790 0.260153 0.259516 0.258880 0.258243 0.254343 0.253147 0.251951 0.250755 0.249559 0.248363 0.247167 0.245971 0.235300 0.235300 0.235300 0.235300 0.235300 0.235300 0.235300 0.235300 0.227500 0.226533 0.225565 0.224598 0.223631 0.222663 0.221696 0.220729 0.223500 0.223500 0.223500 0.223500 0.223500 0.223500 0.223500 0.223500 0.215700 0.215143 0.214586 0.214029 0.213471 0.212914 0.212357 0.211800
0.211800 0.211800 0.211800 0.211800 0.211800 0.211800 0.211800 0.211800 0.215700 0.215700 0.215700 0.215700 0.215700 0.215700 0.215700 0.215700 0.219600 0.220157 0.220714 0.221271 0.221829 0.222386 0.222943 0.223500 0.231400 0.231957 0.232514 0.233071 0.233629 0.234186 0.234743 0.235300 0.243100 0.243671 0.244243 0.244814 0.245386 0.245957 0.246529 0.247100 0.247100 0.248771 0.250443 0.252114 0.253786 0.255457 0.257129 0.258800 0.270600 0.272843 0.275086 0.277329 0.279571 0.281814 0.284057 0.286300 0.294100 0.296900 0.299700 0.302500 0.305300 0.308100 0.310900 0.313700 0.325500 0.330543 0.335586 0.340629 0.345671 0.350714 0.355757 0.360800 0.368600 0.372529 0.376457 0.380386 0.384314 0.388243 0.392171 0.396100 0.392200 0.388829 0.385457 0.382086 0.378714 0.375343 0.371971 0.368600 0.333300 0.324343 0.315386 0.306429 0.297471 0.288514 0.279557 0.270600 0.294100 0.294657 0.295214 0.295771 0.296329 0.296886 0.297443 0.298000 0.329400 0.331643 0.333886 0.336129 0.338371 0.340614 0.342857 0.345100 0.352900 0.356271 0.359643 0.363014 0.366386 0.369757 0.373129 0.376500 0.392200 0.391071 0.389943 0.388814 0.387686 0.386557 0.385429 0.384300 0.411800 0.410114 0.408429 0.406743 0.405057 0.403371 0.401686 0.400000 0.384300 0.383743 0.383186 0.382629 0.382071 0.381514 0.380957 0.380400 0.356900 0.353529 0.350157 0.346786 0.343414 0.340043 0.336671 0.333300 0.325500 0.322700 0.319900 0.317100 0.314300 0.311500 0.308700 0.305900 0.290200 0.287957 0.285714 0.283471 0.281229 0.278986 0.276743 0.274500 0.325500 0.331100 0.336700 0.342300 0.347900 0.353500 0.359100 0.364700 0.388200 0.389886 0.391571 0.393257 0.394943 0.396629 0.398314 0.400000 0.372500 0.369700 0.366900 0.364100 0.361300 0.358500 0.355700 0.352900 0.325500 0.322700 0.319900 0.317100 0.314300 0.311500 0.308700 0.305900 0.290200 0.289086 0.287971 0.286857 0.285743 0.284629 0.283514 0.282400 0.262700 0.262143 0.261586 0.261029 0.260471 0.259914 0.259357 0.258800 0.254900 0.253786 0.252671 0.251557 0.250443 0.249329 0.248214 0.247100 0.235300 0.235300 0.235300 0.235300 0.235300 0.235300 0.235300 0.235300 0.227500 0.226371 0.225243 0.224114 0.222986 0.221857 0.220729 0.219600 0.223500 0.223500 0.223500 0.223500 0.223500 0.223500 0.223500 0.223500 0.215700 0.215143 0.214586 0.214029 0.213471 0.212914 0.212357 0.211800
0.211800 0.212357 0.212914 0.213471 0.214029 0.214586 0.215143 0.215700 0.215700 0.216814 0.217929 0.219043 0.220157 0.221271 0.222386 0.223500 0.219600 0.220729 0.221857 0.222986 0.224114 0.225243 0.226371 0.227500 0.227500 0.228614 0.229729 0.230843 0.231957 0.233071 0.234186 0.235300 0.235300 0.237543 0.239786 0.242029 0.244271 0.246514 0.248757 0.251000 0.251000 0.251557 0.252114 0.252671 0.253229 0.253786 0.254343 0.254900 0.274500 0.276186 0.277871 0.279557 0.281243 0.282929 0.284614 0.286300 0.290200 0.293000 0.295800 0.298600 0.301400 0.304200 0.307000 0.309800 0.341200 0.345114 0.349029 0.352943 0.356857 0.360771 0.364686 0.368600 0.384300 0.387657 0.391014 0.394371 0.397729 0.401086 0.404443 0.407800 0.415700 0.410657 0.405614 0.400571 0.395529 0.390486 0.385443 0.380400 0.329400 0.321557 0.313714 0.305871 0.298029 0.290186 0.282343 0.274500 0.282400 0.285757 0.289114 0.292471 0.295829 0.299186 0.302543 0.305900 0.325500 0.329414 0.333329 0.337243 0.341157 0.345071 0.348986 0.352900 0.349000 0.354600 0.360200 0.365800 0.371400 0.377000 0.382600 0.388200 0.396100 0.396100 0.396100 0.396100 0.396100 0.396100 0.396100 0.396100 0.400000 0.399443 0.398886 0.398329 0.397771 0.397214 0.396657 0.396100 0.376500 0.376500 0.376500 0.376500 0.376500 0.376500 0.376500 0.376500 0.364700 0.360214 0.355729 0.351243 0.346757 0.342271 0.337786 0.333300 0.321600 0.319914 0.318229 0.316543 0.314857 0.313171 0.311486 0.309800 0.290200 0.287400 0.284600 0.281800 0.279000 0.276200 0.273400 0.270600 0.329400 0.337800 0.346200 0.354600 0.363000 0.371400 0.379800 0.388200 0.407800 0.408371 0.408943 0.409514 0.410086 0.410657 0.411229 0.411800 0.384300 0.380386 0.376471 0.372557 0.368643 0.364729 0.360814 0.356900 0.341200 0.337829 0.334457 0.331086 0.327714 0.324343 0.320971 0.317600 0.290200 0.289086 0.287971 0.286857 0.285743 0.284629 0.283514 0.282400 0.274500 0.272814 0.271129 0.269443 0.267757 0.266071 0.264386 0.262700 0.251000 0.249871 0.248743 0.247614 0.246486 0.245357 0.244229 0.243100 0.239200 0.239200 0.239200 0.239200 0.239200 0.239200 0.239200 0.239200 0.227500 0.226929 0.226357 0.225786 0.225214 0.224643 0.224071 0.223500 0.219600 0.219600 0.219600 0.219600 0.219600 0.219600 0.219600 0.219600 0.215700 0.215143 0.214586 0.214029 0.213471 0.212914 0.212357 0.211800
0.212357 0.212914 0.213471 0.214029 0.214586 0.215143 0.215700 0.216257 0.216257 0.217212 0.218167 0.219122 0.220078 0.221033 0.221988 0.222943 0.220729 0.221776 0.222822 0.223869 0.224916 0.225963 0.227010 0.228057 0.228057 0.229171 0.230286 0.231400 0.232514 0.233629 0.234743 0.235857 0.235857 0.238020 0.240184 0.242347 0.244510 0.246673 0.248837 0.251000 0.250443 0.251239 0.252035 0.252831 0.253627 0.254422 0.255218 0.256014 0.273943 0.275788 0.277633 0.279478 0.281322 0.283167 0.285012 0.286857 0.293000 0.295480 0.297959 0.300439 0.302918 0.305398 0.307878 0.310357 0.342314 0.346069 0.349825 0.353580 0.357335 0.361090 0.364845 0.368600 0.383743 0.387500 0.391257 0.395014 0.398771 0.402529 0.406286 0.410043 0.416814 0.411933 0.407051 0.402169 0.397288 0.392406 0.387525 0.382643 0.330529 0.322524 0.314520 0.306516 0.298512 0.290508 0.282504 0.274500 0.283514 0.286871 0.290229 0.293586 0.296943 0.300300 0.303657 0.307014 0.326614 0.329969 0.333325 0.336680 0.340035 0.343390 0.346745 0.350100 0.349000 0.354441 0.359882 0.365322 0.370763 0.376204 0.381645 0.387086 0.395543 0.396022 0.396502 0.396982 0.397461 0.397941 0.398420 0.398900 0.400557 0.399841 0.399125 0.398408 0.397692 0.396976 0.396259 0.395543 0.377614 0.377373 0.377133 0.376892 0.376651 0.376410 0.376169 0.375929 0.364700 0.360455 0.356210 0.351965 0.347720 0.343475 0.339231 0.334986 0.321600 0.319994 0.318388 0.316782 0.315176 0.313569 0.311963 0.310357 0.290200 0.287480 0.284759 0.282039 0.279318 0.276598 0.273878 0.271157 0.330529 0.338529 0.346529 0.354529 0.362529 0.370529 0.378529 0.386529 0.407243 0.407894 0.408545 0.409196 0.409847 0.410498 0.411149 0.411800 0.385429 0.381433 0.377437 0.373441 0.369445 0.365449 0.361453 0.357457 0.341200 0.337829 0.334457 0.331086 0.327714 0.324343 0.320971 0.317600 0.291314 0.290120 0.288927 0.287733 0.286539 0.285345 0.284151 0.282957 0.274500 0.272735 0.270969 0.269204 0.267439 0.265673 0.263908 0.262143 0.251000 0.249953 0.248906 0.247859 0.246812 0.245765 0.244718 0.243671 0.238643 0.238643 0.238643 0.238643 0.238643 0.238643 0.238643 0.238643 0.228057 0.227406 0.226755 0.226104 0.225453 0.224802 0.224151 0.223500 0.220157 0.220078 0.219998 0.219918 0.219839 0.219759 0.219680 0.219600 0.216257 0.215700 0.215143 0.214586 0.214029 0.213471 0.212914 0.212357
0.212914 0.213471 0.214029 0.214586 0.215143 0.215700 0.216257 0.216814 0.216814 0.217610 0.218406 0.219202 0.219998 0.220794 0.221590 0.222386 0.221857 0.222822 0.223788 0.224753 0.225718 0.226684 0.227649 0.228614 0.228614 0.229729 0.230843 0.231957 0.233071 0.234186 0.235300 0.236414 0.236414 0.238498 0.240582 0.242665 0.244749 0.246833 0.248916 0.251000 0.249886 0.250920 0.251955 0.252990 0.254025 0.255059 0.256094 0.257129 0.273386 0.275390 0.277394 0.279398 0.281402 0.283406 0.285410 0.287414 0.295800 0.297959 0.300118 0.302278 0.304437 0.306596 0.308755 0.310914 0.343429 0.347025 0.350620 0.354216 0.357812 0.361408 0.365004 0.368600 0.383186 0.387343 0.391500 0.395657 0.399814 0.403971 0.408129 0.412286 0.417929 0.413208 0.408488 0.403767 0.399047 0.394327 0.389606 0.384886 0.331657 0.323492 0.315327 0.307161 0.298996 0.290831 0.282665 0.274500 0.284629 0.287986 0.291343 0.294700 0.298057 0.301414 0.304771 0.308129 0.327729 0.330525 0.333320 0.336116 0.338912 0.341708 0.344504 0.347300 0.349000 0.354282 0.359563 0.364845 0.370127 0.375408 0.380690 0.385971 0.394986 0.395945 0.396904 0.397863 0.398822 0.399782 0.400741 0.401700 0.401114 0.400239 0.399363 0.398488 0.397612 0.396737 0.395861 0.394986 0.378729 0.378247 0.377765 0.377284 0.376802 0.376320 0.375839 0.375357 0.364700 0.360696 0.356692 0.352688 0.348684 0.344680 0.340676 0.336671 0.321600 0.320073 0.318547 0.317020 0.315494 0.313967 0.312441 0.310914 0.290200 0.287559 0.284918 0.282278 0.279637 0.276996 0.274355 0.271714 0.331657 0.339257 0.346857 0.354457 0.362057 0.369657 0.377257 0.384857 0.406686 0.407416 0.408147 0.408878 0.409608 0.410339 0.411069 0.411800 0.386557 0.382480 0.378402 0.374325 0.370247 0.366169 0.362092 0.358014 0.341200 0.337829 0.334457 0.331086 0.327714 0.324343 0.320971 0.317600 0.292429 0.291155 0.289882 0.288608 0.287335 0.286061 0.284788 0.283514 0.274500 0.272655 0.270810 0.268965 0.267120 0.265276 0.263431 0.261586 0.251000 0.250035 0.249069 0.248104 0.247139 0.246173 0.245208 0.244243 0.238086 0.238086 0.238086 0.238086 0.238086 0.238086 0.238086 0.238086 0.228614 0.227884 0.227153 0.226422 0.225692 0.224961 0.224231 0.223500 0.220714 0.220555 0.220396 0.220237 0.220078 0.219918 0.219759 0.219600 0.216814 0.216257 0.215700 0.215143 0.214586 0.214029 0.213471 0.212914
0.213471 0.214029 0.214586 0.215143 0.215700 0.216257 0.216814 0.217371 0.217371 0.218008 0.218645 0.219282 0.219918 0.220555 0.221192 0.221829 0.222986 0.223869 0.224753 0.225637 0.226520 0.227404 0.228288 0.229171 0.229171 0.230286 0.231400 0.232514 0.233629 0.234743 0.235857 0.236971 0.236971 0.238976 0.240980 0.242984 0.244988 0.246992 0.248996 0.251000 0.249329 0.250602 0.251876 0.253149 0.254422 0.255696 0.256969 0.258243 0.272829 0.274992 0.277155 0.279318 0.281482 0.283645 0.285808 0.287971 0.298600 0.300439 0.302278 0.304116 0.305955 0.307794 0.309633 0.311471 0.344543 0.347980 0.351416 0.354853 0.358290 0.361727 0.365163 0.368600 0.382629 0.387186 0.391743 0.396300 0.400857 0.405414 0.409971 0.414529 0.419043 0.414484 0.409925 0.405365 0.400806 0.396247 0.391688 0.387129 0.332786 0.324459 0.316133 0.307806 0.299480 0.291153 0.282827 0.274500 0.285743 0.289100 0.292457 0.295814 0.299171 0.302529 0.305886 0.309243 0.328843 0.331080 0.333316 0.335553 0.337790 0.340027 0.342263 0.344500 0.349000 0.354122 0.359245 0.364367 0.369490 0.374612 0.379735 0.384857 0.394429 0.395867 0.397306 0.398745 0.400184 0.401622 0.403061 0.404500 0.401671 0.400637 0.399602 0.398567 0.397533 0.396498 0.395463 0.394429 0.379843 0.379120 0.378398 0.377676 0.376953 0.376231 0.375508 0.374786 0.364700 0.360937 0.357173 0.353410 0.349647 0.345884 0.342120 0.338357 0.321600 0.320153 0.318706 0.317259 0.315812 0.314365 0.312918 0.311471 0.290200 0.287639 0.285078 0.282516 0.279955 0.277394 0.274833 0.272271 0.332786 0.339986 0.347186 0.354386 0.361586 0.368786 0.375986 0.383186 0.406129 0.406939 0.407749 0.408559 0.409369 0.410180 0.410990 0.411800 0.387686 0.383527 0.379367 0.375208 0.371049 0.366890 0.362731 0.358571 0.341200 0.337829 0.334457 0.331086 0.327714 0.324343 0.320971 0.317600 0.293543 0.292190 0.290837 0.289484 0.288131 0.286778 0.285425 0.284071 0.274500 0.272576 0.270651 0.268727 0.266802 0.264878 0.262953 0.261029 0.251000 0.250116 0.249233 0.248349 0.247465 0.246582 0.245698 0.244814 0.237529 0.237529 0.237529 0.237529 0.237529 0.237529 0.237529 0.237529 0.229171 0.228361 0.227551 0.226741 0.225931 0.225120 0.224310 0.223500 0.221271 0.221033 0.220794 0.220555 0.220316 0.220078 0.219839 0.219600 0.217371 0.216814 0.216257 0.215700 0.215143 0.214586 0.214029 0.213471
0.214029 0.214586 0.215143 0.215700 0.216257 0.216814 0.217371 0.217929 0.217929 0.218406 0.218884 0.219361 0.219839 0.220316 0.220794 0.221271 0.224114 0.224916 0.225718 0.226520 0.227322 0.228124 0.228927 0.229729 0.229729 0.230843 0.231957 0.233071 0.234186 0.235300 0.236414 0.237529 0.237529 0.239453 0.241378 0.243302 0.245227 0.247151 0.249076 0.251000 0.248771 0.250284 0.251796 0.253308 0.254820 0.256333 0.257845 0.259357 0.272271 0.274594 0.276916 0.279239 0.281561 0.283884 0.286206 0.288529 0.301400 0.302918 0.304437 0.305955 0.307473 0.308992 0.310510 0.312029 0.345657 0.348935 0.352212 0.355490 0.358767 0.362045 0.365322 0.368600 0.382071 0.387029 0.391986 0.396943 0.401900 0.406857 0.411814 0.416771 0.420157 0.415759 0.411361 0.406963 0.402565 0.398167 0.393769 0.389371 0.333914 0.325427 0.316939 0.308451 0.299963 0.291476 0.282988 0.274500 0.286857 0.290214 0.293571 0.296929 0.300286 0.303643 0.307000 0.310357 0.329957 0.331635 0.333312 0.334990 0.336667 0.338345 0.340022 0.341700 0.349000 0.353963 0.358927 0.363890 0.368853 0.373816 0.378780 0.383743 0.393871 0.395790 0.397708 0.399627 0.401545 0.403463 0.405382 0.407300 0.402229 0.401035 0.399841 0.398647 0.397453 0.396259 0.395065 0.393871 0.380957 0.379994 0.379031 0.378067 0.377104 0.376141 0.375178 0.374214 0.364700 0.361178 0.357655 0.354133 0.350610 0.347088 0.343565 0.340043 0.321600 0.320233 0.318865 0.317498 0.316131 0.314763 0.313396 0.312029 0.290200 0.287718 0.285237 0.282755 0.280273 0.277792 0.275310 0.272829 0.333914 0.340714 0.347514 0.354314 0.361114 0.367914 0.374714 0.381514 0.405571 0.406461 0.407351 0.408241 0.409131 0.410020 0.410910 0.411800 0.388814 0.384573 0.380333 0.376092 0.371851 0.367610 0.363369 0.359129 0.341200 0.337829 0.334457 0.331086 0.327714 0.324343 0.320971 0.317600 0.294657 0.293225 0.291792 0.290359 0.288927 0.287494 0.286061 0.284629 0.274500 0.272496 0.270492 0.268488 0.266484 0.264480 0.262476 0.260471 0.251000 0.250198 0.249396 0.248594 0.247792 0.246990 0.246188 0.245386 0.236971 0.236971 0.236971 0.236971 0.236971 0.236971 0.236971 0.236971 0.229729 0.228839 0.227949 0.227059 0.226169 0.225280 0.224390 0.223500 0.221829 0.221510 0.221192 0.220873 0.220555 0.220237 0.219918 0.219600 0.217929 0.217371 0.216814 0.216257 0.215700 0.215143 0.214586 0.214029
0.214586 0.215143 0.215700 0.216257 0.216814 0.217371 0.217929 0.218486 0.218486 0.218804 0.219122 0.219441 0.219759 0.220078 0.220396 0.220714 0.225243 0.225963 0.226684 0.227404 0.228124 0.228845 0.229565 0.230286 0.230286 0.231400 0.232514 0.233629 0.234743 0.235857 0.236971 0.238086 0.238086 0.239931 0.241776 0.243620 0.245465 0.247310 0.249155 0.251000 0.248214 0.249965 0.251716 0.253467 0.255218 0.256969 0.258720 0.260471 0.271714 0.274196 0.276678 0.279159 0.281641 0.284122 0.286604 0.289086 0.304200 0.305398 0.306596 0.307794 0.308992 0.310190 0.311388 0.312586 0.346771 0.349890 0.353008 0.356127 0.359245 0.362363 0.365482 0.368600 0.381514 0.386871 0.392229 0.397586 0.402943 0.408300 0.413657 0.419014 0.421271 0.417035 0.412798 0.408561 0.404325 0.400088 0.395851 0.391614 0.335043 0.326394 0.317745 0.309096 0.300447 0.291798 0.283149 0.274500 0.287971 0.291329 0.294686 0.298043 0.301400 0.304757 0.308114 0.311471 0.331071 0.332190 0.333308 0.334427 0.335545 0.336663 0.337782 0.338900 0.349000 0.353804 0.358608 0.363412 0.368216 0.373020 0.377824 0.382629 0.393314 0.395712 0.398110 0.400508 0.402906 0.405304 0.407702 0.410100 0.402786 0.401433 0.400080 0.398727 0.397373 0.396020 0.394667 0.393314 0.382071 0.380867 0.379663 0.378459 0.377255 0.376051 0.374847 0.373643 0.364700 0.361418 0.358137 0.354855 0.351573 0.348292 0.345010 0.341729 0.321600 0.320312 0.319025 0.317737 0.316449 0.315161 0.313873 0.312586 0.290200 0.287798 0.285396 0.282994 0.280592 0.278190 0.275788 0.273386 0.335043 0.341443 0.347843 0.354243 0.360643 0.367043 0.373443 0.379843 0.405014 0.405984 0.406953 0.407922 0.408892 0.409861 0.410831 0.411800 0.389943 0.385620 0.381298 0.376976 0.372653 0.368331 0.364008 0.359686 0.341200 0.337829 0.334457 0.331086 0.327714 0.324343 0.320971 0.317600 0.295771 0.294259 0.292747 0.291235 0.289722 0.288210 0.286698 0.285186 0.274500 0.272416 0.270333 0.268249 0.266165 0.264082 0.261998 0.259914 0.251000 0.250280 0.249559 0.248839 0.248118 0.247398 0.246678 0.245957 0.236414 0.236414 0.236414 0.236414 0.236414 0.236414 0.236414 0.236414 0.230286 0.229316 0.228347 0.227378 0.226408 0.225439 0.224469 0.223500 0.222386 0.221988 0.221590 0.221192 0.220794 0.220396 0.219998 0.219600 0.218486 0.217929 0.217371 0.216814 0.216257 0.215700 0.215143 0.214586
0.215143 0.215700 0.216257 0.216814 0.217371 0.217929 0.218486 0.219043 0.219043 0.219202 0.219361 0.219520 0.219680 0.219839 0.219998 0.220157 0.226371 0.227010 0.227649 0.228288 0.228927 0.229565 0.230204 0.230843 0.230843 0.231957 0.233071 0.234186 0.235300 0.236414 0.237529 0.238643 0.238643 0.240408 0.242173 0.243939 0.245704 0.247469 0.249235 0.251000 0.247657 0.249647 0.251637 0.253627 0.255616 0.257606 0.259596 0.261586 0.271157 0.273798 0.276439 0.279080 0.281720 0.284361 0.287002 0.289643 0.307000 0.307878 0.308755 0.309633 0.310510 0.311388 0.312265 0.313143 0.347886 0.350845 0.353804 0.356763 0.359722 0.362682 0.365641 0.368600 0.380957 0.386714 0.392471 0.398229 0.403986 0.409743 0.415500 0.421257 0.422386 0.418310 0.414235 0.410159 0.406084 0.402008 0.397933 0.393857 0.336171 0.327361 0.318551 0.309741 0.300931 0.292120 0.283310 0.274500 0.289086 0.292443 0.295800 0.299157 0.302514 0.305871 0.309229 0.312586 0.332186 0.332745 0.333304 0.333863 0.334422 0.334982 0.335541 0.336100 0.349000 0.353645 0.358290 0.362935 0.367580 0.372225 0.376869 0.381514 0.392757 0.395635 0.398512 0.401390 0.404267 0.407145 0.410022 0.412900 0.403343 0.401831 0.400318 0.398806 0.397294 0.395782 0.394269 0.392757 0.383186 0.381741 0.380296 0.378851 0.377406 0.375961 0.374516 0.373071 0.364700 0.361659 0.358618 0.355578 0.352537 0.349496 0.346455 0.343414 0.321600 0.320392 0.319184 0.317976 0.316767 0.315559 0.314351 0.313143 0.290200 0.287878 0.285555 0.283233 0.280910 0.278588 0.276265 0.273943 0.336171 0.342171 0.348171 0.354171 0.360171 0.366171 0.372171 0.378171 0.404457 0.405506 0.406555 0.407604 0.408653 0.409702 0.410751 0.411800 0.391071 0.386667 0.382263 0.377859 0.373455 0.369051 0.364647 0.360243 0.341200 0.337829 0.334457 0.331086 0.327714 0.324343 0.320971 0.317600 0.296886 0.295294 0.293702 0.292110 0.290518 0.288927 0.287335 0.285743 0.274500 0.272337 0.270173 0.268010 0.265847 0.263684 0.261520 0.259357 0.251000 0.250361 0.249722 0.249084 0.248445 0.247806 0.247167 0.246529 0.235857 0.235857 0.235857 0.235857 0.235857 0.235857 0.235857 0.235857 0.230843 0.229794 0.228745 0.227696 0.226647 0.225598 0.224549 0.223500 0.222943 0.222465 0.221988 0.221510 0.221033 0.220555 0.220078 0.219600 0.219043 0.218486 0.217929 0.217371 0.216814 0.216257 0.215700 0.215143
0.215700 0.216257 0.216814 0.217371 0.217929 0.218486 0.219043 0.219600 0.219600 0.219600 0.219600 0.219600 0.219600 0.219600 0.219600 0.219600 0.227500 0.228057 0.228614 0.229171 0.229729 0.230286 0.230843 0.231400 0.231400 0.232514 0.233629 0.234743 0.235857 0.236971 0.238086 0.239200 0.239200 0.240886 0.242571 0.244257 0.245943 0.247629 0.249314 0.251000 0.247100 0.249329 0.251557 0.253786 0.256014 0.258243 0.260471 0.262700 0.270600 0.273400 0.276200 0.279000 0.281800 0.284600 0.287400 0.290200 0.309800 0.310357 0.310914 0.311471 0.312029 0.312586 0.313143 0.313700 0.349000 0.351800 0.354600 0.357400 0.360200 0.363000 0.365800 0.368600 0.380400 0.386557 0.392714 0.398871 0.405029 0.411186 0.417343 0.423500 0.423500 0.419586 0.415671 0.411757 0.407843 0.403929 0.400014 0.396100 0.337300 0.328329 0.319357 0.310386 0.301414 0.292443 0.283471 0.274500 0.290200 0.293557 0.296914 0.300271 0.303629 0.306986 0.310343 0.313700 0.333300 0.333300 0.333300 0.333300 0.333300 0.333300 0.333300 0.333300 0.349000 0.353486 0.357971 0.362457 0.366943 0.371429 0.375914 0.380400 0.392200 0.395557 0.398914 0.402271 0.405629 0.408986 0.412343 0.415700 0.403900 0.402229 0.400557 0.398886 0.397214 0.395543 0.393871 0.392200 0.384300 0.382614 0.380929 0.379243 0.377557 0.375871 0.374186 0.372500 0.364700 0.361900 0.359100 0.356300 0.353500 0.350700 0.347900 0.345100 0.321600 0.320471 0.319343 0.318214 0.317086 0.315957 0.314829 0.313700 0.290200 0.287957 0.285714 0.283471 0.281229 0.278986 0.276743 0.274500 0.337300 0.342900 0.348500 0.354100 0.359700 0.365300 0.370900 0.376500 0.403900 0.405029 0.406157 0.407286 0.408414 0.409543 0.410671 0.411800 0.392200 0.387714 0.383229 0.378743 0.374257 0.369771 0.365286 0.360800 0.341200 0.337829 0.334457 0.331086 0.327714 0.324343 0.320971 0.317600 0.298000 0.296329 0.294657 0.292986 0.291314 0.289643 0.287971 0.286300 0.274500 0.272257 0.270014 0.267771 0.265529 0.263286 0.261043 0.258800 0.251000 0.250443 0.249886 0.249329 0.248771 0.248214 0.247657 0.247100 0.235300 0.235300 0.235300 0.235300 0.235300 0.235300 0.235300 0.235300 0.231400 0.230271 0.229143 0.228014 0.226886 0.225757 0.224629 0.223500 0.223500 0.222943 0.222386 0.221829 0.221271 0.220714 0.220157 0.219600 0.219600 0.219043 0.218486 0.217929 0.217371 0.216814 0.216257 0.215700
0.211800 0.212914 0.214029 0.215143 0.216257 0.217371 0.218486 0.219600 0.215700 0.215700 0.215700 0.215700 0.215700 0.215700 0.215700 0.215700 0.227500 0.227500 0.227500 0.227500 0.227500 0.227500 0.227500 0.227500 0.235300 0.235857 0.236414 0.236971 0.237529 0.238086 0.238643 0.239200 0.243100 0.244229 0.245357 0.246486 0.247614 0.248743 0.249871 0.251000 0.254900 0.256014 0.257129 0.258243 0.259357 0.260471 0.261586 0.262700 0.282400 0.283514 0.284629 0.285743 0.286857 0.287971 0.289086 0.290200 0.305900 0.307571 0.309243 0.310914 0.312586 0.314257 0.315929 0.317600 0.333300 0.338900 0.344500 0.350100 0.355700 0.361300 0.366900 0.372500 0.392200 0.393871 0.395543 0.397214 0.398886 0.400557 0.402229 0.403900 0.407800 0.403329 0.398857 0.394386 0.389914 0.385443 0.380971 0.376500 0.329400 0.305871 0.282343 0.258814 0.235286 0.211757 0.188229 0.164700 0.168600 0.169157 0.169714 0.170271 0.170829 0.171386 0.171943 0.172500 0.180400 0.180400 0.180400 0.180400 0.180400 0.180400 0.180400 0.180400 0.200000 0.199443 0.198886 0.198329 0.197771 0.197214 0.196657 0.196100 0.200000 0.201686 0.203371 0.205057 0.206743 0.208429 0.210114 0.211800 0.219600 0.219600 0.219600 0.219600 0.219600 0.219600 0.219600 0.219600 0.215700 0.215700 0.215700 0.215700 0.215700 0.215700 0.215700 0.215700 0.200000 0.198886 0.197771 0.196657 0.195543 0.194429 0.193314 0.192200 0.184300 0.183186 0.182071 0.180957 0.179843 0.178729 0.177614 0.176500 0.168600 0.168043 0.167486 0.166929 0.166371 0.165814 0.165257 0.164700 0.156900 0.188829 0.220757 0.252686 0.284614 0.316543 0.348471 0.380400 0.423500 0.421257 0.419014 0.416771 0.414529 0.412286 0.410043 0.407800 0.396100 0.392171 0.388243 0.384314 0.380386 0.376457 0.372529 0.368600 0.345100 0.341743 0.338386 0.335029 0.331671 0.328314 0.324957 0.321600 0.302000 0.300314 0.298629 0.296943 0.295257 0.293571 0.291886 0.290200 0.278400 0.276157 0.273914 0.271671 0.269429 0.267186 0.264943 0.262700 0.251000 0.251000 0.251000 0.251000 0.251000 0.251000 0.251000 0.251000 0.243100 0.242543 0.241986 0.241429 0.240871 0.240314 0.239757 0.239200 0.235300 0.233614 0.231929 0.230243 0.228557 0.226871 0.225186 0.223500 0.223500 0.223500 0.223500 0.223500 0.223500 0.223500 0.223500 0.223500 0.219600 0.219600 0.219600 0.219600 0.219600 0.219600 0.219600 0.219600
0.211800 0.212914 0.214029 0.215143 0.216257 0.217371 0.218486 0.219600 0.216257 0.216337 0.216416 0.216496 0.216576 0.216655 0.216735 0.216814 0.227500 0.227500 0.227500 0.227500 0.227500 0.227500 0.227500 0.227500 0.234186 0.234902 0.235618 0.236335 0.237051 0.237767 0.238484 0.239200 0.242543 0.243751 0.244959 0.246167 0.247375 0.248584 0.249792 0.251000 0.255457 0.256653 0.257849 0.259045 0.260241 0.261437 0.262633 0.263829 0.282400 0.283355 0.284310 0.285265 0.286220 0.287176 0.288131 0.289086 0.307014 0.308608 0.310202 0.311796 0.313390 0.314984 0.316578 0.318171 0.336100 0.341220 0.346341 0.351461 0.356582 0.361702 0.366822 0.371943 0.392757 0.394349 0.395941 0.397533 0.399124 0.400716 0.402308 0.403900 0.408371 0.399576 0.390780 0.381984 0.373188 0.364392 0.355596 0.346800 0.306986 0.287059 0.267133 0.247206 0.227280 0.207353 0.187427 0.167500 0.173643 0.174200 0.174757 0.175314 0.175871 0.176429 0.176986 0.177543 0.186000 0.186880 0.187759 0.188639 0.189518 0.190398 0.191278 0.192157 0.210643 0.212406 0.214169 0.215933 0.217696 0.219459 0.221222 0.222986 0.229129 0.231935 0.234741 0.237547 0.240353 0.243159 0.245965 0.248771 0.258257 0.260418 0.262580 0.264741 0.266902 0.269063 0.271224 0.273386 0.256029 0.252908 0.249788 0.246667 0.243547 0.240427 0.237306 0.234186 0.216800 0.214565 0.212331 0.210096 0.207861 0.205627 0.203392 0.201157 0.189900 0.188625 0.187349 0.186073 0.184798 0.183522 0.182247 0.180971 0.171971 0.171333 0.170694 0.170055 0.169416 0.168778 0.168139 0.167500 0.159700 0.186906 0.214112 0.241318 0.268524 0.295731 0.322937 0.350143 0.422943 0.420861 0.418780 0.416698 0.414616 0.412535 0.410453 0.408371 0.393857 0.390329 0.386800 0.383271 0.379743 0.376214 0.372686 0.369157 0.344543 0.341265 0.337988 0.334710 0.331433 0.328155 0.324878 0.321600 0.303114 0.301349 0.299584 0.297818 0.296053 0.294288 0.292522 0.290757 0.277843 0.275761 0.273680 0.271598 0.269516 0.267435 0.265353 0.263271 0.251557 0.251398 0.251239 0.251080 0.250920 0.250761 0.250602 0.250443 0.243671 0.242953 0.242235 0.241516 0.240798 0.240080 0.239361 0.238643 0.235300 0.233696 0.232092 0.230488 0.228884 0.227280 0.225676 0.224071 0.222943 0.223022 0.223102 0.223182 0.223261 0.223341 0.223420 0.223500 0.220157 0.220078 0.219998 0.219918 0.219839 0.219759 0.219680 0.219600
0.211800 0.212914 0.214029 0.215143 0.216257 0.217371 0.218486 0.219600 0.216814 0.216973 0.217133 0.217292 0.217451 0.217610 0.217769 0.217929 0.227500 0.227500 0.227500 0.227500 0.227500 0.227500 0.227500 0.227500 0.233071 0.233947 0.234822 0.235698 0.236573 0.237449 0.238324 0.239200 0.241986 0.243273 0.244561 0.245849 0.247137 0.248425 0.249712 0.251000 0.256014 0.257292 0.258569 0.259847 0.261124 0.262402 0.263680 0.264957 0.282400 0.283196 0.283992 0.284788 0.285584 0.286380 0.287176 0.287971 0.308129 0.309645 0.311161 0.312678 0.314194 0.315710 0.317227 0.318743 0.338900 0.343541 0.348182 0.352822 0.357463 0.362104 0.366745 0.371386 0.393314 0.394827 0.396339 0.397851 0.399363 0.400876 0.402388 0.403900 0.408943 0.395822 0.382702 0.369582 0.356461 0.343341 0.330220 0.317100 0.284571 0.268247 0.251922 0.235598 0.219273 0.202949 0.186624 0.170300 0.178686 0.179243 0.179800 0.180357 0.180914 0.181471 0.182029 0.182586 0.191600 0.193359 0.195118 0.196878 0.198637 0.200396 0.202155 0.203914 0.221286 0.225369 0.229453 0.233537 0.237620 0.241704 0.245788 0.249871 0.258257 0.262184 0.266110 0.270037 0.273963 0.277890 0.281816 0.285743 0.296914 0.301237 0.305559 0.309882 0.314204 0.318527 0.322849 0.327171 0.296357 0.290116 0.283876 0.277635 0.271394 0.265153 0.258912 0.252671 0.233600 0.230245 0.226890 0.223535 0.220180 0.216825 0.213469 0.210114 0.195500 0.194063 0.192627 0.191190 0.189753 0.188316 0.186880 0.185443 0.175343 0.174622 0.173902 0.173182 0.172461 0.171741 0.171020 0.170300 0.162500 0.184984 0.207467 0.229951 0.252435 0.274918 0.297402 0.319886 0.422386 0.420465 0.418545 0.416624 0.414704 0.412784 0.410863 0.408943 0.391614 0.388486 0.385357 0.382229 0.379100 0.375971 0.372843 0.369714 0.343986 0.340788 0.337590 0.334392 0.331194 0.327996 0.324798 0.321600 0.304229 0.302384 0.300539 0.298694 0.296849 0.295004 0.293159 0.291314 0.277286 0.275365 0.273445 0.271524 0.269604 0.267684 0.265763 0.263843 0.252114 0.251796 0.251478 0.251159 0.250841 0.250522 0.250204 0.249886 0.244243 0.243363 0.242484 0.241604 0.240725 0.239845 0.238965 0.238086 0.235300 0.233778 0.232255 0.230733 0.229210 0.227688 0.226165 0.224643 0.222386 0.222545 0.222704 0.222863 0.223022 0.223182 0.223341 0.223500 0.220714 0.220555 0.220396 0.220237 0.220078 0.219918 0.219759 0.219600
0.211800 0.212914 0.214029 0.215143 0.216257 0.217371 0.218486 0.219600 0.217371 0.217610 0.217849 0.218088 0.218327 0.218565 0.218804 0.219043 0.227500 0.227500 0.227500 0.227500 0.227500 0.227500 0.227500 0.227500 0.231957 0.232992 0.234027 0.235061 0.236096 0.237131 0.238165 0.239200 0.241429 0.242796 0.244163 0.245531 0.246898 0.248265 0.249633 0.251000 0.256571 0.257931 0.259290 0.260649 0.262008 0.263367 0.264727 0.266086 0.282400 0.283037 0.283673 0.284310 0.284947 0.285584 0.286220 0.286857 0.309243 0.310682 0.312120 0.313559 0.314998 0.316437 0.317876 0.319314 0.341700 0.345861 0.350022 0.354184 0.358345 0.362506 0.366667 0.370829 0.393871 0.395304 0.396737 0.398169 0.399602 0.401035 0.402467 0.403900 0.409514 0.392069 0.374624 0.357180 0.339735 0.322290 0.304845 0.287400 0.262157 0.249435 0.236712 0.223990 0.211267 0.198545 0.185822 0.173100 0.183729 0.184286 0.184843 0.185400 0.185957 0.186514 0.187071 0.187629 0.197200 0.199839 0.202478 0.205116 0.207755 0.210394 0.213033 0.215671 0.231929 0.238333 0.244737 0.251141 0.257545 0.263949 0.270353 0.276757 0.287386 0.292433 0.297480 0.302527 0.307573 0.312620 0.317667 0.322714 0.335571 0.342055 0.348539 0.355022 0.361506 0.367990 0.374473 0.380957 0.336686 0.327325 0.317963 0.308602 0.299241 0.289880 0.280518 0.271157 0.250400 0.245925 0.241449 0.236973 0.232498 0.228022 0.223547 0.219071 0.201100 0.199502 0.197904 0.196306 0.194708 0.193110 0.191512 0.189914 0.178714 0.177912 0.177110 0.176308 0.175506 0.174704 0.173902 0.173100 0.165300 0.183061 0.200822 0.218584 0.236345 0.254106 0.271867 0.289629 0.421829 0.420069 0.418310 0.416551 0.414792 0.413033 0.411273 0.409514 0.389371 0.386643 0.383914 0.381186 0.378457 0.375729 0.373000 0.370271 0.343429 0.340310 0.337192 0.334073 0.330955 0.327837 0.324718 0.321600 0.305343 0.303418 0.301494 0.299569 0.297645 0.295720 0.293796 0.291871 0.276729 0.274969 0.273210 0.271451 0.269692 0.267933 0.266173 0.264414 0.252671 0.252194 0.251716 0.251239 0.250761 0.250284 0.249806 0.249329 0.244814 0.243773 0.242733 0.241692 0.240651 0.239610 0.238569 0.237529 0.235300 0.233859 0.232418 0.230978 0.229537 0.228096 0.226655 0.225214 0.221829 0.222067 0.222306 0.222545 0.222784 0.223022 0.223261 0.223500 0.221271 0.221033 0.220794 0.220555 0.220316 0.220078 0.219839 0.219600
0.211800 0.212914 0.214029 0.215143 0.216257 0.217371 0.218486 0.219600 0.217929 0.218247 0.218565 0.218884 0.219202 0.219520 0.219839 0.220157 0.227500 0.227500 0.227500 0.227500 0.227500 0.227500 0.227500 0.227500 0.230843 0.232037 0.233231 0.234425 0.235618 0.236812 0.238006 0.239200 0.240871 0.242318 0.243765 0.245212 0.246659 0.248106 0.249553 0.251000 0.257129 0.258569 0.260010 0.261451 0.262892 0.264333 0.265773 0.267214 0.282400 0.282878 0.283355 0.283833 0.284310 0.284788 0.285265 0.285743 0.310357 0.311718 0.313080 0.314441 0.315802 0.317163 0.318524 0.319886 0.344500 0.348182 0.351863 0.355545 0.359227 0.362908 0.366590 0.370271 0.394429 0.395782 0.397135 0.398488 0.399841 0.401194 0.402547 0.403900 0.410086 0.388316 0.366547 0.344778 0.323008 0.301239 0.279469 0.257700 0.239743 0.230622 0.221502 0.212382 0.203261 0.194141 0.185020 0.175900 0.188771 0.189329 0.189886 0.190443 0.191000 0.191557 0.192114 0.192671 0.202800 0.206318 0.209837 0.213355 0.216873 0.220392 0.223910 0.227429 0.242571 0.251296 0.260020 0.268745 0.277469 0.286194 0.294918 0.303643 0.316514 0.322682 0.328849 0.335016 0.341184 0.347351 0.353518 0.359686 0.374229 0.382873 0.391518 0.400163 0.408808 0.417453 0.426098 0.434743 0.377014 0.364533 0.352051 0.339569 0.327088 0.314606 0.302124 0.289643 0.267200 0.261604 0.256008 0.250412 0.244816 0.239220 0.233624 0.228029 0.206700 0.204941 0.203182 0.201422 0.199663 0.197904 0.196145 0.194386 0.182086 0.181202 0.180318 0.179435 0.178551 0.177667 0.176784 0.175900 0.168100 0.181139 0.194178 0.207216 0.220255 0.233294 0.246333 0.259371 0.421271 0.419673 0.418076 0.416478 0.414880 0.413282 0.411684 0.410086 0.387129 0.384800 0.382471 0.380143 0.377814 0.375486 0.373157 0.370829 0.342871 0.339833 0.336794 0.333755 0.330716 0.327678 0.324639 0.321600 0.306457 0.304453 0.302449 0.300445 0.298441 0.296437 0.294433 0.292429 0.276171 0.274573 0.272976 0.271378 0.269780 0.268182 0.266584 0.264986 0.253229 0.252592 0.251955 0.251318 0.250682 0.250045 0.249408 0.248771 0.245386 0.244184 0.242982 0.241780 0.240578 0.239376 0.238173 0.236971 0.235300 0.233941 0.232582 0.231222 0.229863 0.228504 0.227145 0.225786 0.221271 0.221590 0.221908 0.222227 0.222545 0.222863 0.223182 0.223500 0.221829 0.221510 0.221192 0.220873 0.220555 0.220237 0.219918 0.219600
0.211800 0.212914 0.214029 0.215143 0.216257 0.217371 0.218486 0.219600 0.218486 0.218884 0.219282 0.219680 0.220078 0.220475 0.220873 0.221271 0.227500 0.227500 0.227500 0.227500 0.227500 0.227500 0.227500 0.227500 0.229729 0.231082 0.232435 0.233788 0.235141 0.236494 0.237847 0.239200 0.240314 0.241841 0.243367 0.244894 0.246420 0.247947 0.249473 0.251000 0.257686 0.259208 0.260731 0.262253 0.263776 0.265298 0.266820 0.268343 0.282400 0.282718 0.283037 0.283355 0.283673 0.283992 0.284310 0.284629 0.311471 0.312755 0.314039 0.315322 0.316606 0.317890 0.319173 0.320457 0.347300 0.350502 0.353704 0.356906 0.360108 0.363310 0.366512 0.369714 0.394986 0.396259 0.397533 0.398806 0.400080 0.401353 0.402627 0.403900 0.410657 0.384563 0.358469 0.332375 0.306282 0.280188 0.254094 0.228000 0.217329 0.211810 0.206292 0.200773 0.195255 0.189737 0.184218 0.178700 0.193814 0.194371 0.194929 0.195486 0.196043 0.196600 0.197157 0.197714 0.208400 0.212798 0.217196 0.221594 0.225992 0.230390 0.234788 0.239186 0.253214 0.264259 0.275304 0.286349 0.297394 0.308439 0.319484 0.330529 0.345643 0.352931 0.360218 0.367506 0.374794 0.382082 0.389369 0.396657 0.412886 0.423692 0.434498 0.445304 0.456110 0.466916 0.477722 0.488529 0.417343 0.401741 0.386139 0.370537 0.354935 0.339333 0.323731 0.308129 0.284000 0.277284 0.270567 0.263851 0.257135 0.250418 0.243702 0.236986 0.212300 0.210380 0.208459 0.206539 0.204618 0.202698 0.200778 0.198857 0.185457 0.184492 0.183527 0.182561 0.181596 0.180631 0.179665 0.178700 0.170900 0.179216 0.187533 0.195849 0.204165 0.212482 0.220798 0.229114 0.420714 0.419278 0.417841 0.416404 0.414967 0.413531 0.412094 0.410657 0.384886 0.382957 0.381029 0.379100 0.377171 0.375243 0.373314 0.371386 0.342314 0.339355 0.336396 0.333437 0.330478 0.327518 0.324559 0.321600 0.307571 0.305488 0.303404 0.301320 0.299237 0.297153 0.295069 0.292986 0.275614 0.274178 0.272741 0.271304 0.269867 0.268431 0.266994 0.265557 0.253786 0.252990 0.252194 0.251398 0.250602 0.249806 0.249010 0.248214 0.245957 0.244594 0.243231 0.241867 0.240504 0.239141 0.237778 0.236414 0.235300 0.234022 0.232745 0.231467 0.230190 0.228912 0.227635 0.226357 0.220714 0.221112 0.221510 0.221908 0.222306 0.222704 0.223102 0.223500 0.222386 0.221988 0.221590 0.221192 0.220794 0.220396 0.219998 0.219600
0.211800 0.212914 0.214029 0.215143 0.216257 0.217371 0.218486 0.219600 0.219043 0.219520 0.219998 0.220476 0.220953 0.221431 0.221908 0.222386 0.227500 0.227500 0.227500 0.227500 0.227500 0.227500 0.227500 0.227500 0.228614 0.230127 0.231639 0.233151 0.234663 0.236176 0.237688 0.239200 0.239757 0.241363 0.242969 0.244576 0.246182 0.247788 0.249394 0.251000 0.258243 0.259847 0.261451 0.263055 0.264659 0.266263 0.267867 0.269471 0.282400 0.282559 0.282718 0.282878 0.283037 0.283196 0.283355 0.283514 0.312586 0.313792 0.314998 0.316204 0.317410 0.318616 0.319822 0.321029 0.350100 0.352822 0.355545 0.358267 0.360990 0.363712 0.366435 0.369157 0.395543 0.396737 0.397931 0.399124 0.400318 0.401512 0.402706 0.403900 0.411229 0.380810 0.350392 0.319973 0.289555 0.259137 0.228718 0.198300 0.194914 0.192998 0.191082 0.189165 0.187249 0.185333 0.183416 0.181500 0.198857 0.199414 0.199971 0.200529 0.201086 0.201643 0.202200 0.202757 0.214000 0.219278 0.224555 0.229833 0.235110 0.240388 0.245665 0.250943 0.263857 0.277222 0.290588 0.303953 0.317318 0.330684 0.344049 0.357414 0.374771 0.383180 0.391588 0.399996 0.408404 0.416812 0.425220 0.433629 0.451543 0.464510 0.477478 0.490445 0.503412 0.516380 0.529347 0.542314 0.457671 0.438949 0.420227 0.401504 0.382782 0.364059 0.345337 0.326614 0.300800 0.292963 0.285127 0.277290 0.269453 0.261616 0.253780 0.245943 0.217900 0.215818 0.213737 0.211655 0.209573 0.207492 0.205410 0.203329 0.188829 0.187782 0.186735 0.185688 0.184641 0.183594 0.182547 0.181500 0.173700 0.177294 0.180888 0.184482 0.188075 0.191669 0.195263 0.198857 0.420157 0.418882 0.417606 0.416331 0.415055 0.413780 0.412504 0.411229 0.382643 0.381114 0.379586 0.378057 0.376529 0.375000 0.373471 0.371943 0.341757 0.338878 0.335998 0.333118 0.330239 0.327359 0.324480 0.321600 0.308686 0.306522 0.304359 0.302196 0.300033 0.297869 0.295706 0.293543 0.275057 0.273782 0.272506 0.271231 0.269955 0.268680 0.267404 0.266129 0.254343 0.253388 0.252433 0.251478 0.250522 0.249567 0.248612 0.247657 0.246529 0.245004 0.243480 0.241955 0.240431 0.238906 0.237382 0.235857 0.235300 0.234104 0.232908 0.231712 0.230516 0.229320 0.228124 0.226929 0.220157 0.220635 0.221112 0.221590 0.222067 0.222545 0.223022 0.223500 0.222943 0.222465 0.221988 0.221510 0.221033 0.220555 0.220078 0.219600
0.211800 0.212914 0.214029 0.215143 0.216257 0.217371 0.218486 0.219600 0.219600 0.220157 0.220714 0.221271 0.221829 0.222386 0.222943 0.223500 0.227500 0.227500 0.227500 0.227500 0.227500 0.227500 0.227500 0.227500 0.227500 0.229171 0.230843 0.232514 0.234186 0.235857 0.237529 0.239200 0.239200 0.240886 0.242571 0.244257 0.245943 0.247629 0.249314 0.251000 0.258800 0.260486 0.262171 0.263857 0.265543 0.267229 0.268914 0.270600 0.282400 0.282400 0.282400 0.282400 0.282400 0.282400 0.282400 0.282400 0.313700 0.314829 0.315957 0.317086 0.318214 0.319343 0.320471 0.321600 0.352900 0.355143 0.357386 0.359629 0.361871 0.364114 0.366357 0.368600 0.396100 0.397214 0.398329 0.399443 0.400557 0.401671 0.402786 0.403900 0.411800 0.377057 0.342314 0.307571 0.272829 0.238086 0.203343 0.168600 0.172500 0.174186 0.175871 0.177557 0.179243 0.180929 0.182614 0.184300 0.203900 0.204457 0.205014 0.205571 0.206129 0.206686 0.207243 0.207800 0.219600 0.225757 0.231914 0.238071 0.244229 0.250386 0.256543 0.262700 0.274500 0.290186 0.305871 0.321557 0.337243 0.352929 0.368614 0.384300 0.403900 0.413429 0.422957 0.432486 0.442014 0.451543 0.461071 0.470600 0.490200 0.505329 0.520457 0.535586 0.550714 0.565843 0.580971 0.596100 0.498000 0.476157 0.454314 0.432471 0.410629 0.388786 0.366943 0.345100 0.317600 0.308643 0.299686 0.290729 0.281771 0.272814 0.263857 0.254900 0.223500 0.221257 0.219014 0.216771 0.214529 0.212286 0.210043 0.207800 0.192200 0.191071 0.189943 0.188814 0.187686 0.186557 0.185429 0.184300 0.176500 0.175371 0.174243 0.173114 0.171986 0.170857 0.169729 0.168600 0.419600 0.418486 0.417371 0.416257 0.415143 0.414029 0.412914 0.411800 0.380400 0.379271 0.378143 0.377014 0.375886 0.374757 0.373629 0.372500 0.341200 0.338400 0.335600 0.332800 0.330000 0.327200 0.324400 0.321600 0.309800 0.307557 0.305314 0.303071 0.300829 0.298586 0.296343 0.294100 0.274500 0.273386 0.272271 0.271157 0.270043 0.268929 0.267814 0.266700 0.254900 0.253786 0.252671 0.251557 0.250443 0.249329 0.248214 0.247100 0.247100 0.245414 0.243729 0.242043 0.240357 0.238671 0.236986 0.235300 0.235300 0.234186 0.233071 0.231957 0.230843 0.229729 0.228614 0.227500 0.219600 0.220157 0.220714 0.221271 0.221829 0.222386 0.222943 0.223500 0.223500 0.222943 0.222386 0.221829 0.221271 0.220714 0.220157 0.219600
0.211800 0.212914 0.214029 0.215143 0.216257 0.217371 0.218486 0.219600 0.219600 0.220157 0.220714 0.221271 0.221829 0.222386 0.222943 0.223500 0.231400 0.231400 0.231400 0.231400 0.231400 0.231400 0.231400 0.231400 0.235300 0.235300 0.235300 0.235300 0.235300 0.235300 0.235300 0.235300 0.247100 0.247100 0.247100 0.247100 0.247100 0.247100 0.247100 0.247100 0.262700 0.263271 0.263843 0.264414 0.264986 0.265557 0.266129 0.266700 0.282400 0.283514 0.284629 0.285743 0.286857 0.287971 0.289086 0.290200 0.313700 0.315943 0.318186 0.320429 0.322671 0.324914 0.327157 0.329400 0.341200 0.346243 0.351286 0.356329 0.361371 0.366414 0.371457 0.376500 0.400000 0.401114 0.402229 0.403343 0.404457 0.405571 0.406686 0.407800 0.172500 0.173071 0.173643 0.174214 0.174786 0.175357 0.175929 0.176500 0.192200 0.193314 0.194429 0.195543 0.196657 0.197771 0.198886 0.200000 0.207800 0.212843 0.217886 0.222929 0.227971 0.233014 0.238057 0.243100 0.274500 0.280657 0.286814 0.292971 0.299129 0.305286 0.311443 0.317600 0.451000 0.485171 0.519343 0.553514 0.587686 0.621857 0.656029 0.690200 1.000000 1.000000 1.000000 1.000000 1.000000 1.000000 1.000000 1.000000 1.000000 1.000000 1.000000 1.000000 1.000000 1.000000 1.000000 1.000000 1.000000 0.941171 0.882343 0.823514 0.764686 0.705857 0.647029 0.588200 0.556900 0.522714 0.488529 0.454343 0.420157 0.385971 0.351786 0.317600 0.258800 0.257686 0.256571 0.255457 0.254343 0.253229 0.252114 0.251000 0.223500 0.220143 0.216786 0.213429 0.210071 0.206714 0.203357 0.200000 0.180400 0.180957 0.181514 0.182071 0.182629 0.183186 0.183743 0.184300 0.172500 0.204443 0.236386 0.268329 0.300271 0.332214 0.364157 0.396100 0.392200 0.389957 0.387714 0.385471 0.383229 0.380986 0.378743 0.376500 0.352900 0.347857 0.342814 0.337771 0.332729 0.327686 0.322643 0.317600 0.309800 0.308114 0.306429 0.304743 0.303057 0.301371 0.299686 0.298000 0.278400 0.277286 0.276171 0.275057 0.273943 0.272829 0.271714 0.270600 0.266700 0.264457 0.262214 0.259971 0.257729 0.255486 0.253243 0.251000 0.251000 0.249314 0.247629 0.245943 0.244257 0.242571 0.240886 0.239200 0.231400 0.230843 0.230286 0.229729 0.229171 0.228614 0.228057 0.227500 0.227500 0.226929 0.226357 0.225786 0.225214 0.224643 0.224071 0.223500 0.215700 0.216257 0.216814 0.217371 0.217929 0.218486 0.219043 0.219600
0.212357 0.213312 0.214267 0.215222 0.216178 0.217133 0.218088 0.219043 0.219600 0.220239 0.220878 0.221516 0.222155 0.222794 0.223433 0.224071 0.230271 0.230433 0.230594 0.230755 0.230916 0.231078 0.231239 0.231400 0.235857 0.235937 0.236016 0.236096 0.236176 0.236255 0.236335 0.236414 0.246529 0.246610 0.246692 0.246773 0.246855 0.246937 0.247018 0.247100 0.262143 0.262873 0.263604 0.264335 0.265065 0.265796 0.266527 0.267257 0.281829 0.283184 0.284539 0.285894 0.287249 0.288604 0.289959 0.291314 0.313143 0.315386 0.317629 0.319871 0.322114 0.324357 0.326600 0.328843 0.343443 0.348245 0.353047 0.357849 0.362651 0.367453 0.372255 0.377057 0.397757 0.394310 0.390863 0.387416 0.383969 0.380522 0.377075 0.373629 0.173071 0.173720 0.174369 0.175018 0.175667 0.176316 0.176965 0.177614 0.192757 0.193951 0.195145 0.196339 0.197533 0.198727 0.199920 0.201114 0.210043 0.214765 0.219488 0.224210 0.228933 0.233655 0.238378 0.243100 0.275629 0.281145 0.286661 0.292178 0.297694 0.303210 0.308727 0.314243 0.447643 0.477733 0.507823 0.537912 0.568002 0.598092 0.628182 0.658271 0.917086 0.922129 0.927171 0.932214 0.937257 0.942300 0.947343 0.952386 0.938371 0.937492 0.936612 0.935733 0.934853 0.933973 0.933094 0.932214 0.928286 0.877461 0.826637 0.775812 0.724988 0.674163 0.623339 0.572514 0.526643 0.498061 0.469480 0.440898 0.412316 0.383735 0.355153 0.326571 0.261600 0.259606 0.257612 0.255618 0.253624 0.251631 0.249637 0.247643 0.224071 0.220792 0.217512 0.214233 0.210953 0.207673 0.204394 0.201114 0.182086 0.182322 0.182559 0.182796 0.183033 0.183269 0.183506 0.183743 0.173629 0.200847 0.228065 0.255284 0.282502 0.309720 0.336939 0.364157 0.393314 0.390831 0.388347 0.385863 0.383380 0.380896 0.378412 0.375929 0.352900 0.348018 0.343137 0.338255 0.333373 0.328492 0.323610 0.318729 0.309800 0.307955 0.306110 0.304265 0.302420 0.300576 0.298731 0.296886 0.277286 0.276331 0.275376 0.274420 0.273465 0.272510 0.271555 0.270600 0.265571 0.263569 0.261567 0.259565 0.257563 0.255561 0.253559 0.251557 0.250443 0.248757 0.247071 0.245386 0.243700 0.242014 0.240329 0.238643 0.232514 0.231957 0.231400 0.230843 0.230286 0.229729 0.229171 0.228614 0.227500 0.226849 0.226198 0.225547 0.224896 0.224245 0.223594 0.222943 0.216814 0.217133 0.217451 0.217769 0.218088 0.218406 0.218724 0.219043
0.212914 0.213710 0.214506 0.215302 0.216098 0.216894 0.217690 0.218486 0.219600 0.220320 0.221041 0.221761 0.222482 0.223202 0.223922 0.224643 0.229143 0.229465 0.229788 0.230110 0.230433 0.230755 0.231078 0.231400 0.236414 0.236573 0.236733 0.236892 0.237051 0.237210 0.237369 0.237529 0.245957 0.246120 0.246284 0.246447 0.246610 0.246773 0.246937 0.247100 0.261586 0.262475 0.263365 0.264255 0.265145 0.266035 0.266925 0.267814 0.281257 0.282853 0.284449 0.286045 0.287641 0.289237 0.290833 0.292429 0.312586 0.314829 0.317071 0.319314 0.321557 0.323800 0.326043 0.328286 0.345686 0.350247 0.354808 0.359369 0.363931 0.368492 0.373053 0.377614 0.395514 0.387506 0.379498 0.371490 0.363482 0.355473 0.347465 0.339457 0.173643 0.174369 0.175096 0.175822 0.176549 0.177276 0.178002 0.178729 0.193314 0.194588 0.195861 0.197135 0.198408 0.199682 0.200955 0.202229 0.212286 0.216688 0.221090 0.225492 0.229894 0.234296 0.238698 0.243100 0.276757 0.281633 0.286508 0.291384 0.296259 0.301135 0.306010 0.310886 0.444286 0.470294 0.496302 0.522310 0.548318 0.574327 0.600335 0.626343 0.834171 0.844257 0.854343 0.864429 0.874514 0.884600 0.894686 0.904771 0.876743 0.874984 0.873224 0.871465 0.869706 0.867947 0.866188 0.864429 0.856571 0.813751 0.770931 0.728110 0.685290 0.642469 0.599649 0.556829 0.496386 0.473408 0.450431 0.427453 0.404476 0.381498 0.358520 0.335543 0.264400 0.261527 0.258653 0.255780 0.252906 0.250033 0.247159 0.244286 0.224643 0.221441 0.218239 0.215037 0.211835 0.208633 0.205431 0.202229 0.183771 0.183688 0.183604 0.183520 0.183437 0.183353 0.183269 0.183186 0.174757 0.197251 0.219745 0.242239 0.264733 0.287227 0.309720 0.332214 0.394429 0.391704 0.388980 0.386255 0.383531 0.380806 0.378082 0.375357 0.352900 0.348180 0.343459 0.338739 0.334018 0.329298 0.324578 0.319857 0.309800 0.307796 0.305792 0.303788 0.301784 0.299780 0.297776 0.295771 0.276171 0.275376 0.274580 0.273784 0.272988 0.272192 0.271396 0.270600 0.264443 0.262682 0.260920 0.259159 0.257398 0.255637 0.253876 0.252114 0.249886 0.248200 0.246514 0.244829 0.243143 0.241457 0.239771 0.238086 0.233629 0.233071 0.232514 0.231957 0.231400 0.230843 0.230286 0.229729 0.227500 0.226769 0.226039 0.225308 0.224578 0.223847 0.223116 0.222386 0.217929 0.218008 0.218088 0.218167 0.218247 0.218327 0.218406 0.218486
0.213471 0.214108 0.214745 0.215382 0.216018 0.216655 0.217292 0.217929 0.219600 0.220402 0.221204 0.222006 0.222808 0.223610 0.224412 0.225214 0.228014 0.228498 0.228982 0.229465 0.229949 0.230433 0.230916 0.231400 0.236971 0.237210 0.237449 0.237688 0.237927 0.238165 0.238404 0.238643 0.245386 0.245631 0.245876 0.246120 0.246365 0.246610 0.246855 0.247100 0.261029 0.262078 0.263127 0.264176 0.265224 0.266273 0.267322 0.268371 0.280686 0.282522 0.284359 0.286196 0.288033 0.289869 0.291706 0.293543 0.312029 0.314271 0.316514 0.318757 0.321000 0.323243 0.325486 0.327729 0.347929 0.352249 0.356569 0.360890 0.365210 0.369531 0.373851 0.378171 0.393271 0.380702 0.368133 0.355563 0.342994 0.330424 0.317855 0.305286 0.174214 0.175018 0.175822 0.176627 0.177431 0.178235 0.179039 0.179843 0.193871 0.195224 0.196578 0.197931 0.199284 0.200637 0.201990 0.203343 0.214529 0.218610 0.222692 0.226773 0.230855 0.234937 0.239018 0.243100 0.277886 0.282120 0.286355 0.290590 0.294824 0.299059 0.303294 0.307529 0.440929 0.462855 0.484782 0.506708 0.528635 0.550561 0.572488 0.594414 0.751257 0.766386 0.781514 0.796643 0.811771 0.826900 0.842029 0.857157 0.815114 0.812476 0.809837 0.807198 0.804559 0.801920 0.799282 0.796643 0.784857 0.750041 0.715224 0.680408 0.645592 0.610776 0.575959 0.541143 0.466129 0.448755 0.431382 0.414008 0.396635 0.379261 0.361888 0.344514 0.267200 0.263447 0.259694 0.255941 0.252188 0.248435 0.244682 0.240929 0.225214 0.222090 0.218965 0.215841 0.212716 0.209592 0.206467 0.203343 0.185457 0.185053 0.184649 0.184245 0.183841 0.183437 0.183033 0.182629 0.175886 0.193655 0.211424 0.229194 0.246963 0.264733 0.282502 0.300271 0.395543 0.392578 0.389612 0.386647 0.383682 0.380716 0.377751 0.374786 0.352900 0.348341 0.343782 0.339222 0.334663 0.330104 0.325545 0.320986 0.309800 0.307637 0.305473 0.303310 0.301147 0.298984 0.296820 0.294657 0.275057 0.274420 0.273784 0.273147 0.272510 0.271873 0.271237 0.270600 0.263314 0.261794 0.260273 0.258753 0.257233 0.255712 0.254192 0.252671 0.249329 0.247643 0.245957 0.244271 0.242586 0.240900 0.239214 0.237529 0.234743 0.234186 0.233629 0.233071 0.232514 0.231957 0.231400 0.230843 0.227500 0.226690 0.225880 0.225069 0.224259 0.223449 0.222639 0.221829 0.219043 0.218884 0.218724 0.218565 0.218406 0.218247 0.218088 0.217929
0.214029 0.214506 0.214984 0.215461 0.215939 0.216416 0.216894 0.217371 0.219600 0.220484 0.221367 0.222251 0.223135 0.224018 0.224902 0.225786 0.226886 0.227531 0.228176 0.228820 0.229465 0.230110 0.230755 0.231400 0.237529 0.237847 0.238165 0.238484 0.238802 0.239120 0.239439 0.239757 0.244814 0.245141 0.245467 0.245794 0.246120 0.246447 0.246773 0.247100 0.260471 0.261680 0.262888 0.264096 0.265304 0.266512 0.267720 0.268929 0.280114 0.282192 0.284269 0.286347 0.288424 0.290502 0.292580 0.294657 0.311471 0.313714 0.315957 0.318200 0.320443 0.322686 0.324929 0.327171 0.350171 0.354251 0.358331 0.362410 0.366490 0.370569 0.374649 0.378729 0.391029 0.373898 0.356767 0.339637 0.322506 0.305376 0.288245 0.271114 0.174786 0.175667 0.176549 0.177431 0.178312 0.179194 0.180075 0.180957 0.194429 0.195861 0.197294 0.198727 0.200159 0.201592 0.203024 0.204457 0.216771 0.220533 0.224294 0.228055 0.231816 0.235578 0.239339 0.243100 0.279014 0.282608 0.286202 0.289796 0.293390 0.296984 0.300578 0.304171 0.437571 0.455416 0.473261 0.491106 0.508951 0.526796 0.544641 0.562486 0.668343 0.688514 0.708686 0.728857 0.749029 0.769200 0.789371 0.809543 0.753486 0.749967 0.746449 0.742931 0.739412 0.735894 0.732376 0.728857 0.713143 0.686331 0.659518 0.632706 0.605894 0.579082 0.552269 0.525457 0.435871 0.424102 0.412333 0.400563 0.388794 0.377025 0.365255 0.353486 0.270000 0.265367 0.260735 0.256102 0.251469 0.246837 0.242204 0.237571 0.225786 0.222739 0.219692 0.216645 0.213598 0.210551 0.207504 0.204457 0.187143 0.186418 0.185694 0.184969 0.184245 0.183520 0.182796 0.182071 0.177014 0.190059 0.203104 0.216149 0.229194 0.242239 0.255284 0.268329 0.396657 0.393451 0.390245 0.387039 0.383833 0.380627 0.377420 0.374214 0.352900 0.348502 0.344104 0.339706 0.335308 0.330910 0.326512 0.322114 0.309800 0.307478 0.305155 0.302833 0.300510 0.298188 0.295865 0.293543 0.273943 0.273465 0.272988 0.272510 0.272033 0.271555 0.271078 0.270600 0.262186 0.260906 0.259627 0.258347 0.257067 0.255788 0.254508 0.253229 0.248771 0.247086 0.245400 0.243714 0.242029 0.240343 0.238657 0.236971 0.235857 0.235300 0.234743 0.234186 0.233629 0.233071 0.232514 0.231957 0.227500 0.226610 0.225720 0.224831 0.223941 0.223051 0.222161 0.221271 0.220157 0.219759 0.219361 0.218963 0.218565 0.218167 0.217769 0.217371
0.214586 0.214904 0.215222 0.215541 0.215859 0.216178 0.216496 0.216814 0.219600 0.220565 0.221531 0.222496 0.223461 0.224427 0.225392 0.226357 0.225757 0.226563 0.227369 0.228176 0.228982 0.229788 0.230594 0.231400 0.238086 0.238484 0.238882 0.239280 0.239678 0.240076 0.240473 0.240871 0.244243 0.244651 0.245059 0.245467 0.245876 0.246284 0.246692 0.247100 0.259914 0.261282 0.262649 0.264016 0.265384 0.266751 0.268118 0.269486 0.279543 0.281861 0.284180 0.286498 0.288816 0.291135 0.293453 0.295771 0.310914 0.313157 0.315400 0.317643 0.319886 0.322129 0.324371 0.326614 0.352414 0.356253 0.360092 0.363931 0.367769 0.371608 0.375447 0.379286 0.388786 0.367094 0.345402 0.323710 0.302018 0.280327 0.258635 0.236943 0.175357 0.176316 0.177276 0.178235 0.179194 0.180153 0.181112 0.182071 0.194986 0.196498 0.198010 0.199522 0.201035 0.202547 0.204059 0.205571 0.219014 0.222455 0.225896 0.229337 0.232778 0.236218 0.239659 0.243100 0.280143 0.283096 0.286049 0.289002 0.291955 0.294908 0.297861 0.300814 0.434214 0.447978 0.461741 0.475504 0.489267 0.503031 0.516794 0.530557 0.585429 0.610643 0.635857 0.661071 0.686286 0.711500 0.736714 0.761929 0.691857 0.687459 0.683061 0.678663 0.674265 0.669867 0.665469 0.661071 0.641429 0.622620 0.603812 0.585004 0.566196 0.547388 0.528580 0.509771 0.405614 0.399449 0.393284 0.387118 0.380953 0.374788 0.368622 0.362457 0.272800 0.267288 0.261775 0.256263 0.250751 0.245239 0.239727 0.234214 0.226357 0.223388 0.220418 0.217449 0.214480 0.211510 0.208541 0.205571 0.188829 0.187784 0.186739 0.185694 0.184649 0.183604 0.182559 0.181514 0.178143 0.186463 0.194784 0.203104 0.211424 0.219745 0.228065 0.236386 0.397771 0.394324 0.390878 0.387431 0.383984 0.380537 0.377090 0.373643 0.352900 0.348663 0.344427 0.340190 0.335953 0.331716 0.327480 0.323243 0.309800 0.307318 0.304837 0.302355 0.299873 0.297392 0.294910 0.292429 0.272829 0.272510 0.272192 0.271873 0.271555 0.271237 0.270918 0.270600 0.261057 0.260018 0.258980 0.257941 0.256902 0.255863 0.254825 0.253786 0.248214 0.246529 0.244843 0.243157 0.241471 0.239786 0.238100 0.236414 0.236971 0.236414 0.235857 0.235300 0.234743 0.234186 0.233629 0.233071 0.227500 0.226531 0.225561 0.224592 0.223622 0.222653 0.221684 0.220714 0.221271 0.220635 0.219998 0.219361 0.218724 0.218088 0.217451 0.216814
0.215143 0.215302 0.215461 0.215620 0.215780 0.215939 0.216098 0.216257 0.219600 0.220647 0.221694 0.222741 0.223788 0.224835 0.225882 0.226929 0.224629 0.225596 0.226563 0.227531 0.228498 0.229465 0.230433 0.231400 0.238643 0.239120 0.239598 0.240075 0.240553 0.241031 0.241508 0.241986 0.243671 0.244161 0.244651 0.245141 0.245631 0.246120 0.246610 0.247100 0.259357 0.260884 0.262410 0.263937 0.265463 0.266990 0.268516 0.270043 0.278971 0.281531 0.284090 0.286649 0.289208 0.291767 0.294327 0.296886 0.310357 0.312600 0.314843 0.317086 0.319329 0.321571 0.323814 0.326057 0.354657 0.358255 0.361853 0.365451 0.369049 0.372647 0.376245 0.379843 0.386543 0.360290 0.334037 0.307784 0.281531 0.255278 0.229024 0.202771 0.175929 0.176965 0.178002 0.179039 0.180075 0.181112 0.182149 0.183186 0.195543 0.197135 0.198727 0.200318 0.201910 0.203502 0.205094 0.206686 0.221257 0.224378 0.227498 0.230618 0.233739 0.236859 0.239980 0.243100 0.281271 0.283584 0.285896 0.288208 0.290520 0.292833 0.295145 0.297457 0.430857 0.440539 0.450220 0.459902 0.469584 0.479265 0.488947 0.498629 0.502514 0.532771 0.563029 0.593286 0.623543 0.653800 0.684057 0.714314 0.630229 0.624951 0.619673 0.614396 0.609118 0.603841 0.598563 0.593286 0.569714 0.558910 0.548106 0.537302 0.526498 0.515694 0.504890 0.494086 0.375357 0.374796 0.374235 0.373673 0.373112 0.372551 0.371990 0.371429 0.275600 0.269208 0.262816 0.256424 0.250033 0.243641 0.237249 0.230857 0.226929 0.224037 0.221145 0.218253 0.215361 0.212469 0.209578 0.206686 0.190514 0.189149 0.187784 0.186418 0.185053 0.183688 0.182322 0.180957 0.179271 0.182867 0.186463 0.190059 0.193655 0.197251 0.200847 0.204443 0.398886 0.395198 0.391510 0.387822 0.384135 0.380447 0.376759 0.373071 0.352900 0.348824 0.344749 0.340673 0.336598 0.332522 0.328447 0.324371 0.309800 0.307159 0.304518 0.301878 0.299237 0.296596 0.293955 0.291314 0.271714 0.271555 0.271396 0.271237 0.271078 0.270918 0.270759 0.270600 0.259929 0.259131 0.258333 0.257535 0.256737 0.255939 0.255141 0.254343 0.247657 0.245971 0.244286 0.242600 0.240914 0.239229 0.237543 0.235857 0.238086 0.237529 0.236971 0.236414 0.235857 0.235300 0.234743 0.234186 0.227500 0.226451 0.225402 0.224353 0.223304 0.222255 0.221206 0.220157 0.222386 0.221510 0.220635 0.219759 0.218884 0.218008 0.217133 0.216257
0.215700 0.215700 0.215700 0.215700 0.215700 0.215700 0.215700 0.215700 0.219600 0.220729 0.221857 0.222986 0.224114 0.225243 0.226371 0.227500 0.223500 0.224629 0.225757 0.226886 0.228014 0.229143 0.230271 0.231400 0.239200 0.239757 0.240314 0.240871 0.241429 0.241986 0.242543 0.243100 0.243100 0.243671 0.244243 0.244814 0.245386 0.245957 0.246529 0.247100 0.258800 0.260486 0.262171 0.263857 0.265543 0.267229 0.268914 0.270600 0.278400 0.281200 0.284000 0.286800 0.289600 0.292400 0.295200 0.298000 0.309800 0.312043 0.314286 0.316529 0.318771 0.321014 0.323257 0.325500 0.356900 0.360257 0.363614 0.366971 0.370329 0.373686 0.377043 0.380400 0.384300 0.353486 0.322671 0.291857 0.261043 0.230229 0.199414 0.168600 0.176500 0.177614 0.178729 0.179843 0.180957 0.182071 0.183186 0.184300 0.196100 0.197771 0.199443 0.201114 0.202786 0.204457 0.206129 0.207800 0.223500 0.226300 0.229100 0.231900 0.234700 0.237500 0.240300 0.243100 0.282400 0.284071 0.285743 0.287414 0.289086 0.290757 0.292429 0.294100 0.427500 0.433100 0.438700 0.444300 0.449900 0.455500 0.461100 0.466700 0.419600 0.454900 0.490200 0.525500 0.560800 0.596100 0.631400 0.666700 0.568600 0.562443 0.556286 0.550129 0.543971 0.537814 0.531657 0.525500 0.498000 0.495200 0.492400 0.489600 0.486800 0.484000 0.481200 0.478400 0.345100 0.350143 0.355186 0.360229 0.365271 0.370314 0.375357 0.380400 0.278400 0.271129 0.263857 0.256586 0.249314 0.242043 0.234771 0.227500 0.227500 0.224686 0.221871 0.219057 0.216243 0.213429 0.210614 0.207800 0.192200 0.190514 0.188829 0.187143 0.185457 0.183771 0.182086 0.180400 0.180400 0.179271 0.178143 0.177014 0.175886 0.174757 0.173629 0.172500 0.400000 0.396071 0.392143 0.388214 0.384286 0.380357 0.376429 0.372500 0.352900 0.348986 0.345071 0.341157 0.337243 0.333329 0.329414 0.325500 0.309800 0.307000 0.304200 0.301400 0.298600 0.295800 0.293000 0.290200 0.270600 0.270600 0.270600 0.270600 0.270600 0.270600 0.270600 0.270600 0.258800 0.258243 0.257686 0.257129 0.256571 0.256014 0.255457 0.254900 0.247100 0.245414 0.243729 0.242043 0.240357 0.238671 0.236986 0.235300 0.239200 0.238643 0.238086 0.237529 0.236971 0.236414 0.235857 0.235300 0.227500 0.226371 0.225243 0.224114 0.222986 0.221857 0.220729 0.219600 0.223500 0.222386 0.221271 0.220157 0.219043 0.217929 0.216814 0.215700
0.211800 0.212357 0.212914 0.213471 0.214029 0.214586 0.215143 0.215700 0.219600 0.220729 0.221857 0.222986 0.224114 0.225243 0.226371 0.227500 0.231400 0.230271 0.229143 0.228014 0.226886 0.225757 0.224629 0.223500 0.235300 0.236986 0.238671 0.240357 0.242043 0.243729 0.245414 0.247100 0.251000 0.251557 0.252114 0.252671 0.253229 0.253786 0.254343 0.254900 0.262700 0.264386 0.266071 0.267757 0.269443 0.271129 0.272814 0.274500 0.282400 0.282957 0.283514 0.284071 0.284629 0.285186 0.285743 0.286300 0.305900 0.310386 0.314871 0.319357 0.323843 0.328329 0.332814 0.337300 0.341200 0.346243 0.351286 0.356329 0.361371 0.366414 0.371457 0.376500 0.168600 0.169157 0.169714 0.170271 0.170829 0.171386 0.171943 0.172500 0.176500 0.177614 0.178729 0.179843 0.180957 0.182071 0.183186 0.184300 0.188200 0.189886 0.191571 0.193257 0.194943 0.196629 0.198314 0.200000 0.215700 0.216257 0.216814 0.217371 0.217929 0.218486 0.219043 0.219600 0.251000 0.248757 0.246514 0.244271 0.242029 0.239786 0.237543 0.235300 0.266700 0.268943 0.271186 0.273429 0.275671 0.277914 0.280157 0.282400 0.294100 0.294100 0.294100 0.294100 0.294100 0.294100 0.294100 0.294100 0.325500 0.323814 0.322129 0.320443 0.318757 0.317071 0.315386 0.313700 0.266700 0.266129 0.265557 0.264986 0.264414 0.263843 0.263271 0.262700 0.274500 0.272257 0.270014 0.267771 0.265529 0.263286 0.261043 0.258800 0.254900 0.249857 0.244814 0.239771 0.234729 0.229686 0.224643 0.219600 0.207800 0.208371 0.208943 0.209514 0.210086 0.210657 0.211229 0.211800 0.196100 0.193857 0.191614 0.189371 0.187129 0.184886 0.182643 0.180400 0.176500 0.175371 0.174243 0.173114 0.171986 0.170857 0.169729 0.168600 0.164700 0.164700 0.164700 0.164700 0.164700 0.164700 0.164700 0.164700 0.345100 0.342300 0.339500 0.336700 0.333900 0.331100 0.328300 0.325500 0.305900 0.305343 0.304786 0.304229 0.303671 0.303114 0.302557 0.302000 0.286300 0.284614 0.282929 0.281243 0.279557 0.277871 0.276186 0.274500 0.258800 0.258243 0.257686 0.257129 0.256571 0.256014 0.255457 0.254900 0.251000 0.249871 0.248743 0.247614 0.246486 0.245357 0.244229 0.243100 0.231400 0.231957 0.232514 0.233071 0.233629 0.234186 0.234743 0.235300 0.223500 0.224071 0.224643 0.225214 0.225786 0.226357 0.226929 0.227500 0.219600 0.219043 0.218486 0.217929 0.217371 0.216814 0.216257 0.215700
0.211800 0.212437 0.213073 0.213710 0.214347 0.214984 0.215620 0.216257 0.220157 0.221045 0.221933 0.222820 0.223708 0.224596 0.225484 0.226371 0.230271 0.229545 0.228818 0.228092 0.227365 0.226639 0.225912 0.225186 0.235300 0.236825 0.238349 0.239873 0.241398 0.242922 0.244447 0.245971 0.250443 0.251159 0.251876 0.252592 0.253308 0.254024 0.254741 0.255457 0.262700 0.264227 0.265753 0.267280 0.268806 0.270333 0.271859 0.273386 0.281829 0.282547 0.283265 0.283984 0.284702 0.285420 0.286139 0.286857 0.306457 0.310302 0.314147 0.317992 0.321837 0.325682 0.329527 0.333371 0.315429 0.319831 0.324233 0.328635 0.333037 0.337439 0.341841 0.346243 0.168600 0.169157 0.169714 0.170271 0.170829 0.171386 0.171943 0.172500 0.175929 0.177045 0.178161 0.179278 0.180394 0.181510 0.182627 0.183743 0.187643 0.189167 0.190692 0.192216 0.193741 0.195265 0.196790 0.198314 0.212343 0.212980 0.213616 0.214253 0.214890 0.215527 0.216163 0.216800 0.244829 0.243067 0.241306 0.239545 0.237784 0.236022 0.234261 0.232500 0.258857 0.261339 0.263820 0.266302 0.268784 0.271265 0.273747 0.276229 0.283457 0.283778 0.284098 0.284418 0.284739 0.285059 0.285380 0.285700 0.311500 0.309894 0.308288 0.306682 0.305075 0.303469 0.301863 0.300257 0.259971 0.259561 0.259151 0.258741 0.258331 0.257920 0.257510 0.257100 0.266657 0.264735 0.262812 0.260890 0.258967 0.257045 0.255122 0.253200 0.248171 0.243531 0.238890 0.234249 0.229608 0.224967 0.220327 0.215686 0.206686 0.206855 0.207024 0.207194 0.207363 0.207533 0.207702 0.207871 0.193300 0.191457 0.189614 0.187771 0.185929 0.184086 0.182243 0.180400 0.175929 0.174961 0.173994 0.173027 0.172059 0.171092 0.170124 0.169157 0.165257 0.165178 0.165098 0.165018 0.164939 0.164859 0.164780 0.164700 0.319329 0.320210 0.321092 0.321974 0.322855 0.323737 0.324618 0.325500 0.307571 0.306694 0.305816 0.304939 0.304061 0.303184 0.302306 0.301429 0.286300 0.284614 0.282929 0.281243 0.279557 0.277871 0.276186 0.274500 0.259929 0.259131 0.258333 0.257535 0.256737 0.255939 0.255141 0.254343 0.249871 0.248824 0.247778 0.246731 0.245684 0.244637 0.243590 0.242543 0.231400 0.231716 0.232033 0.232349 0.232665 0.232982 0.233298 0.233614 0.224071 0.224561 0.225051 0.225541 0.226031 0.226520 0.227010 0.227500 0.219600 0.219043 0.218486 0.217929 0.217371 0.216814 0.216257 0.215700
0.211800 0.212516 0.213233 0.213949 0.214665 0.215382 0.216098 0.216814 0.220714 0.221361 0.222008 0.222655 0.223302 0.223949 0.224596 0.225243 0.229143 0.228818 0.228494 0.228169 0.227845 0.227520 0.227196 0.226871 0.235300 0.236663 0.238027 0.239390 0.240753 0.242116 0.243480 0.244843 0.249886 0.250761 0.251637 0.252512 0.253388 0.254263 0.255139 0.256014 0.262700 0.264067 0.265435 0.266802 0.268169 0.269537 0.270904 0.272271 0.281257 0.282137 0.283016 0.283896 0.284775 0.285655 0.286535 0.287414 0.307014 0.310218 0.313422 0.316627 0.319831 0.323035 0.326239 0.329443 0.289657 0.293418 0.297180 0.300941 0.304702 0.308463 0.312225 0.315986 0.168600 0.169157 0.169714 0.170271 0.170829 0.171386 0.171943 0.172500 0.175357 0.176476 0.177594 0.178712 0.179831 0.180949 0.182067 0.183186 0.187086 0.188449 0.189812 0.191176 0.192539 0.193902 0.195265 0.196629 0.208986 0.209702 0.210418 0.211135 0.211851 0.212567 0.213284 0.214000 0.238657 0.237378 0.236098 0.234818 0.233539 0.232259 0.230980 0.229700 0.251014 0.253735 0.256455 0.259176 0.261896 0.264616 0.267337 0.270057 0.272814 0.273455 0.274096 0.274737 0.275378 0.276018 0.276659 0.277300 0.297500 0.295974 0.294447 0.292920 0.291394 0.289867 0.288341 0.286814 0.253243 0.252994 0.252745 0.252496 0.252247 0.251998 0.251749 0.251500 0.258814 0.257212 0.255610 0.254008 0.252406 0.250804 0.249202 0.247600 0.241443 0.237204 0.232965 0.228727 0.224488 0.220249 0.216010 0.211771 0.205571 0.205339 0.205106 0.204873 0.204641 0.204408 0.204176 0.203943 0.190500 0.189057 0.187614 0.186171 0.184729 0.183286 0.181843 0.180400 0.175357 0.174551 0.173745 0.172939 0.172133 0.171327 0.170520 0.169714 0.165814 0.165655 0.165496 0.165337 0.165178 0.165018 0.164859 0.164700 0.293557 0.298120 0.302684 0.307247 0.311810 0.316373 0.320937 0.325500 0.309243 0.308045 0.306847 0.305649 0.304451 0.303253 0.302055 0.300857 0.286300 0.284614 0.282929 0.281243 0.279557 0.277871 0.276186 0.274500 0.261057 0.260018 0.258980 0.257941 0.256902 0.255863 0.254825 0.253786 0.248743 0.247778 0.246812 0.245847 0.244882 0.243916 0.242951 0.241986 0.231400 0.231476 0.231551 0.231627 0.231702 0.231778 0.231853 0.231929 0.224643 0.225051 0.225459 0.225867 0.226276 0.226684 0.227092 0.227500 0.219600 0.219043 0.218486 0.217929 0.217371 0.216814 0.216257 0.215700
0.211800 0.212596 0.213392 0.214188 0.214984 0.215780 0.216576 0.217371 0.221271 0.221678 0.222084 0.222490 0.222896 0.223302 0.223708 0.224114 0.228014 0.228092 0.228169 0.228247 0.228324 0.228402 0.228480 0.228557 0.235300 0.236502 0.237704 0.238906 0.240108 0.241310 0.242512 0.243714 0.249329 0.250363 0.251398 0.252433 0.253467 0.254502 0.255537 0.256571 0.262700 0.263908 0.265116 0.266324 0.267533 0.268741 0.269949 0.271157 0.280686 0.281727 0.282767 0.283808 0.284849 0.285890 0.286931 0.287971 0.307571 0.310135 0.312698 0.315261 0.317824 0.320388 0.322951 0.325514 0.263886 0.267006 0.270127 0.273247 0.276367 0.279488 0.282608 0.285729 0.168600 0.169157 0.169714 0.170271 0.170829 0.171386 0.171943 0.172500 0.174786 0.175906 0.177027 0.178147 0.179267 0.180388 0.181508 0.182629 0.186529 0.187731 0.188933 0.190135 0.191337 0.192539 0.193741 0.194943 0.205629 0.206424 0.207220 0.208016 0.208812 0.209608 0.210404 0.211200 0.232486 0.231688 0.230890 0.230092 0.229294 0.228496 0.227698 0.226900 0.243171 0.246131 0.249090 0.252049 0.255008 0.257967 0.260927 0.263886 0.262171 0.263133 0.264094 0.265055 0.266016 0.266978 0.267939 0.268900 0.283500 0.282053 0.280606 0.279159 0.277712 0.276265 0.274818 0.273371 0.246514 0.246427 0.246339 0.246251 0.246163 0.246076 0.245988 0.245900 0.250971 0.249690 0.248408 0.247127 0.245845 0.244563 0.243282 0.242000 0.234714 0.230878 0.227041 0.223204 0.219367 0.215531 0.211694 0.207857 0.204457 0.203822 0.203188 0.202553 0.201918 0.201284 0.200649 0.200014 0.187700 0.186657 0.185614 0.184571 0.183529 0.182486 0.181443 0.180400 0.174786 0.174141 0.173496 0.172851 0.172206 0.171561 0.170916 0.170271 0.166371 0.166133 0.165894 0.165655 0.165416 0.165178 0.164939 0.164700 0.267786 0.276031 0.284276 0.292520 0.300765 0.309010 0.317255 0.325500 0.310914 0.309396 0.307878 0.306359 0.304841 0.303322 0.301804 0.300286 0.286300 0.284614 0.282929 0.281243 0.279557 0.277871 0.276186 0.274500 0.262186 0.260906 0.259627 0.258347 0.257067 0.255788 0.254508 0.253229 0.247614 0.246731 0.245847 0.244963 0.244080 0.243196 0.242312 0.241429 0.231400 0.231235 0.231069 0.230904 0.230739 0.230573 0.230408 0.230243 0.225214 0.225541 0.225867 0.226194 0.226520 0.226847 0.227173 0.227500 0.219600 0.219043 0.218486 0.217929 0.217371 0.216814 0.216257 0.215700
0.211800 0.212676 0.213551 0.214427 0.215302 0.216178 0.217053 0.217929 0.221829 0.221994 0.222159 0.222325 0.222490 0.222655 0.222820 0.222986 0.226886 0.227365 0.227845 0.228325 0.228804 0.229284 0.229763 0.230243 0.235300 0.236341 0.237382 0.238422 0.239463 0.240504 0.241545 0.242586 0.248771 0.249965 0.251159 0.252353 0.253547 0.254741 0.255935 0.257129 0.262700 0.263749 0.264798 0.265847 0.266896 0.267945 0.268994 0.270043 0.280114 0.281316 0.282518 0.283720 0.284922 0.286124 0.287327 0.288529 0.308129 0.310051 0.311973 0.313896 0.315818 0.317741 0.319663 0.321586 0.238114 0.240594 0.243073 0.245553 0.248033 0.250512 0.252992 0.255471 0.168600 0.169157 0.169714 0.170271 0.170829 0.171386 0.171943 0.172500 0.174214 0.175337 0.176459 0.177582 0.178704 0.179827 0.180949 0.182071 0.185971 0.187012 0.188053 0.189094 0.190135 0.191176 0.192216 0.193257 0.202271 0.203147 0.204022 0.204898 0.205773 0.206649 0.207525 0.208400 0.226314 0.225998 0.225682 0.225365 0.225049 0.224733 0.224416 0.224100 0.235329 0.238527 0.241724 0.244922 0.248120 0.251318 0.254516 0.257714 0.251529 0.252810 0.254092 0.255373 0.256655 0.257937 0.259218 0.260500 0.269500 0.268133 0.266765 0.265398 0.264031 0.262663 0.261296 0.259929 0.239786 0.239859 0.239933 0.240006 0.240080 0.240153 0.240227 0.240300 0.243129 0.242167 0.241206 0.240245 0.239284 0.238322 0.237361 0.236400 0.227986 0.224551 0.221116 0.217682 0.214247 0.210812 0.207378 0.203943 0.203343 0.202306 0.201269 0.200233 0.199196 0.198159 0.197122 0.196086 0.184900 0.184257 0.183614 0.182971 0.182329 0.181686 0.181043 0.180400 0.174214 0.173731 0.173247 0.172763 0.172280 0.171796 0.171312 0.170829 0.166929 0.166610 0.166292 0.165973 0.165655 0.165337 0.165018 0.164700 0.242014 0.253941 0.265867 0.277794 0.289720 0.301647 0.313574 0.325500 0.312586 0.310747 0.308908 0.307069 0.305231 0.303392 0.301553 0.299714 0.286300 0.284614 0.282929 0.281243 0.279557 0.277871 0.276186 0.274500 0.263314 0.261794 0.260273 0.258753 0.257233 0.255712 0.254192 0.252671 0.246486 0.245684 0.244882 0.244080 0.243278 0.242476 0.241673 0.240871 0.231400 0.230994 0.230588 0.230182 0.229776 0.229369 0.228963 0.228557 0.225786 0.226031 0.226276 0.226520 0.226765 0.227010 0.227255 0.227500 0.219600 0.219043 0.218486 0.217929 0.217371 0.216814 0.216257 0.215700
0.211800 0.212755 0.213710 0.214665 0.215620 0.216576 0.217531 0.218486 0.222386 0.222310 0.222235 0.222159 0.222084 0.222008 0.221933 0.221857 0.225757 0.226639 0.227520 0.228402 0.229284 0.230165 0.231047 0.231929 0.235300 0.236180 0.237059 0.237939 0.238818 0.239698 0.240578 0.241457 0.248214 0.249567 0.250920 0.252273 0.253627 0.254980 0.256333 0.257686 0.262700 0.263590 0.264480 0.265369 0.266259 0.267149 0.268039 0.268929 0.279543 0.280906 0.282269 0.283633 0.284996 0.286359 0.287722 0.289086 0.308686 0.309967 0.311249 0.312531 0.313812 0.315094 0.316375 0.317657 0.212343 0.214182 0.216020 0.217859 0.219698 0.221537 0.223376 0.225214 0.168600 0.169157 0.169714 0.170271 0.170829 0.171386 0.171943 0.172500 0.173643 0.174767 0.175892 0.177016 0.178141 0.179265 0.180390 0.181514 0.185414 0.186294 0.187173 0.188053 0.188933 0.189812 0.190692 0.191571 0.198914 0.199869 0.200824 0.201780 0.202735 0.203690 0.204645 0.205600 0.220143 0.220308 0.220473 0.220639 0.220804 0.220969 0.221135 0.221300 0.227486 0.230922 0.234359 0.237796 0.241233 0.244669 0.248106 0.251543 0.240886 0.242488 0.244090 0.245692 0.247294 0.248896 0.250498 0.252100 0.255500 0.254212 0.252925 0.251637 0.250349 0.249061 0.247773 0.246486 0.233057 0.233292 0.233527 0.233761 0.233996 0.234231 0.234465 0.234700 0.235286 0.234645 0.234004 0.233363 0.232722 0.232082 0.231441 0.230800 0.221257 0.218224 0.215192 0.212159 0.209127 0.206094 0.203061 0.200029 0.202229 0.200790 0.199351 0.197912 0.196473 0.195035 0.193596 0.192157 0.182100 0.181857 0.181614 0.181371 0.181129 0.180886 0.180643 0.180400 0.173643 0.173320 0.172998 0.172676 0.172353 0.172031 0.171708 0.171386 0.167486 0.167088 0.166690 0.166292 0.165894 0.165496 0.165098 0.164700 0.216243 0.231851 0.247459 0.263067 0.278676 0.294284 0.309892 0.325500 0.314257 0.312098 0.309939 0.307780 0.305620 0.303461 0.301302 0.299143 0.286300 0.284614 0.282929 0.281243 0.279557 0.277871 0.276186 0.274500 0.264443 0.262682 0.260920 0.259159 0.257398 0.255637 0.253876 0.252114 0.245357 0.244637 0.243916 0.243196 0.242476 0.241755 0.241035 0.240314 0.231400 0.230753 0.230106 0.229459 0.228812 0.228165 0.227518 0.226871 0.226357 0.226520 0.226684 0.226847 0.227010 0.227173 0.227337 0.227500 0.219600 0.219043 0.218486 0.217929 0.217371 0.216814 0.216257 0.215700
0.211800 0.212835 0.213869 0.214904 0.215939 0.216973 0.218008 0.219043 0.222943 0.222627 0.222310 0.221994 0.221678 0.221361 0.221045 0.220729 0.224629 0.225912 0.227196 0.228480 0.229763 0.231047 0.232331 0.233614 0.235300 0.236018 0.236737 0.237455 0.238173 0.238892 0.239610 0.240329 0.247657 0.249169 0.250682 0.252194 0.253706 0.255218 0.256731 0.258243 0.262700 0.263431 0.264161 0.264892 0.265622 0.266353 0.267084 0.267814 0.278971 0.280496 0.282020 0.283545 0.285069 0.286594 0.288118 0.289643 0.309243 0.309884 0.310524 0.311165 0.311806 0.312447 0.313088 0.313729 0.186571 0.187769 0.188967 0.190165 0.191363 0.192561 0.193759 0.194957 0.168600 0.169157 0.169714 0.170271 0.170829 0.171386 0.171943 0.172500 0.173071 0.174198 0.175324 0.176451 0.177578 0.178704 0.179831 0.180957 0.184857 0.185576 0.186294 0.187012 0.187731 0.188449 0.189167 0.189886 0.195557 0.196592 0.197627 0.198661 0.199696 0.200731 0.201765 0.202800 0.213971 0.214618 0.215265 0.215912 0.216559 0.217206 0.217853 0.218500 0.219643 0.223318 0.226994 0.230669 0.234345 0.238020 0.241696 0.245371 0.230243 0.232165 0.234088 0.236010 0.237933 0.239855 0.241778 0.243700 0.241500 0.240292 0.239084 0.237876 0.236667 0.235459 0.234251 0.233043 0.226329 0.226724 0.227120 0.227516 0.227912 0.228308 0.228704 0.229100 0.227443 0.227122 0.226802 0.226482 0.226161 0.225841 0.225520 0.225200 0.214529 0.211898 0.209267 0.206637 0.204006 0.201376 0.198745 0.196114 0.201114 0.199273 0.197433 0.195592 0.193751 0.191910 0.190069 0.188229 0.179300 0.179457 0.179614 0.179771 0.179929 0.180086 0.180243 0.180400 0.173071 0.172910 0.172749 0.172588 0.172427 0.172265 0.172104 0.171943 0.168043 0.167565 0.167088 0.166610 0.166133 0.165655 0.165178 0.164700 0.190471 0.209761 0.229051 0.248341 0.267631 0.286920 0.306210 0.325500 0.315929 0.313449 0.310969 0.308490 0.306010 0.303531 0.301051 0.298571 0.286300 0.284614 0.282929 0.281243 0.279557 0.277871 0.276186 0.274500 0.265571 0.263569 0.261567 0.259565 0.257563 0.255561 0.253559 0.251557 0.244229 0.243590 0.242951 0.242312 0.241673 0.241035 0.240396 0.239757 0.231400 0.230512 0.229625 0.228737 0.227849 0.226961 0.226073 0.225186 0.226929 0.227010 0.227092 0.227173 0.227255 0.227337 0.227418 0.227500 0.219600 0.219043 0.218486 0.217929 0.217371 0.216814 0.216257 0.215700
0.211800 0.212914 0.214029 0.215143 0.216257 0.217371 0.218486 0.219600 0.223500 0.222943 0.222386 0.221829 0.221271 0.220714 0.220157 0.219600 0.223500 0.225186 0.226871 0.228557 0.230243 0.231929 0.233614 0.235300 0.235300 0.235857 0.236414 0.236971 0.237529 0.238086 0.238643 0.239200 0.247100 0.248771 0.250443 0.252114 0.253786 0.255457 0.257129 0.258800 0.262700 0.263271 0.263843 0.264414 0.264986 0.265557 0.266129 0.266700 0.278400 0.280086 0.281771 0.283457 0.285143 0.286829 0.288514 0.290200 0.309800 0.309800 0.309800 0.309800 0.309800 0.309800 0.309800 0.309800 0.160800 0.161357 0.161914 0.162471 0.163029 0.163586 0.164143 0.164700 0.168600 0.169157 0.169714 0.170271 0.170829 0.171386 0.171943 0.172500 0.172500 0.173629 0.174757 0.175886 0.177014 0.178143 0.179271 0.180400 0.184300 0.184857 0.185414 0.185971 0.186529 0.187086 0.187643 0.188200 0.192200 0.193314 0.194429 0.195543 0.196657 0.197771 0.198886 0.200000 0.207800 0.208929 0.210057 0.211186 0.212314 0.213443 0.214571 0.215700 0.211800 0.215714 0.219629 0.223543 0.227457 0.231371 0.235286 0.239200 0.219600 0.221843 0.224086 0.226329 0.228571 0.230814 0.233057 0.235300 0.227500 0.226371 0.225243 0.224114 0.222986 0.221857 0.220729 0.219600 0.219600 0.220157 0.220714 0.221271 0.221829 0.222386 0.222943 0.223500 0.219600 0.219600 0.219600 0.219600 0.219600 0.219600 0.219600 0.219600 0.207800 0.205571 0.203343 0.201114 0.198886 0.196657 0.194429 0.192200 0.200000 0.197757 0.195514 0.193271 0.191029 0.188786 0.186543 0.184300 0.176500 0.177057 0.177614 0.178171 0.178729 0.179286 0.179843 0.180400 0.172500 0.172500 0.172500 0.172500 0.172500 0.172500 0.172500 0.172500 0.168600 0.168043 0.167486 0.166929 0.166371 0.165814 0.165257 0.164700 0.164700 0.187671 0.210643 0.233614 0.256586 0.279557 0.302529 0.325500 0.317600 0.314800 0.312000 0.309200 0.306400 0.303600 0.300800 0.298000 0.286300 0.284614 0.282929 0.281243 0.279557 0.277871 0.276186 0.274500 0.266700 0.264457 0.262214 0.259971 0.257729 0.255486 0.253243 0.251000 0.243100 0.242543 0.241986 0.241429 0.240871 0.240314 0.239757 0.239200 0.231400 0.230271 0.229143 0.228014 0.226886 0.225757 0.224629 0.223500 0.227500 0.227500 0.227500 0.227500 0.227500 0.227500 0.227500 0.227500 0.219600 0.219043 0.218486 0.217929 0.217371 0.216814 0.216257 0.215700
0.215700 0.216257 0.216814 0.217371 0.217929 0.218486 0.219043 0.219600 0.215700 0.217386 0.219071 0.220757 0.222443 0.224129 0.225814 0.227500 0.227500 0.228057 0.228614 0.229171 0.229729 0.230286 0.230843 0.231400 0.235300 0.236414 0.237529 0.238643 0.239757 0.240871 0.241986 0.243100 0.251000 0.251557 0.252114 0.252671 0.253229 0.253786 0.254343 0.254900 0.254900 0.256586 0.258271 0.259957 0.261643 0.263329 0.265014 0.266700 0.286300 0.286857 0.287414 0.287971 0.288529 0.289086 0.289643 0.290200 0.313700 0.291857 0.270014 0.248171 0.226329 0.204486 0.182643 0.160800 0.160800 0.161357 0.161914 0.162471 0.163029 0.163586 0.164143 0.164700 0.168600 0.168600 0.168600 0.168600 0.168600 0.168600 0.168600 0.168600 0.164700 0.165814 0.166929 0.168043 0.169157 0.170271 0.171386 0.172500 0.172500 0.173071 0.173643 0.174214 0.174786 0.175357 0.175929 0.176500 0.176500 0.177057 0.177614 0.178171 0.178729 0.179286 0.179843 0.180400 0.196100 0.195543 0.194986 0.194429 0.193871 0.193314 0.192757 0.192200 0.188200 0.188771 0.189343 0.189914 0.190486 0.191057 0.191629 0.192200 0.200000 0.200000 0.200000 0.200000 0.200000 0.200000 0.200000 0.200000 0.200000 0.200000 0.200000 0.200000 0.200000 0.200000 0.200000 0.200000 0.207800 0.206686 0.205571 0.204457 0.203343 0.202229 0.201114 0.200000 0.192200 0.191629 0.191057 0.190486 0.189914 0.189343 0.188771 0.188200 0.188200 0.188200 0.188200 0.188200 0.188200 0.188200 0.188200 0.188200 0.176500 0.175929 0.175357 0.174786 0.174214 0.173643 0.173071 0.172500 0.176500 0.175929 0.175357 0.174786 0.174214 0.173643 0.173071 0.172500 0.168600 0.168043 0.167486 0.166929 0.166371 0.165814 0.165257 0.164700 0.160800 0.160800 0.160800 0.160800 0.160800 0.160800 0.160800 0.160800 0.160800 0.160800 0.160800 0.160800 0.160800 0.160800 0.160800 0.160800 0.309800 0.307557 0.305314 0.303071 0.300829 0.298586 0.296343 0.294100 0.282400 0.281271 0.280143 0.279014 0.277886 0.276757 0.275629 0.274500 0.262700 0.261586 0.260471 0.259357 0.258243 0.257129 0.256014 0.254900 0.243100 0.243100 0.243100 0.243100 0.243100 0.243100 0.243100 0.243100 0.239200 0.239200 0.239200 0.239200 0.239200 0.239200 0.239200 0.239200 0.227500 0.227500 0.227500 0.227500 0.227500 0.227500 0.227500 0.227500 0.219600 0.219600 0.219600 0.219600 0.219600 0.219600 0.219600 0.219600
0.215700 0.216257 0.216814 0.217371 0.217929 0.218486 0.219043 0.219600 0.217386 0.218749 0.220112 0.221476 0.222839 0.224202 0.225565 0.226929 0.227500 0.228057 0.228614 0.229171 0.229729 0.230286 0.230843 0.231400 0.235300 0.236255 0.237210 0.238165 0.239120 0.240076 0.241031 0.241986 0.251000 0.251557 0.252114 0.252671 0.253229 0.253786 0.254343 0.254900 0.255457 0.257063 0.258669 0.260276 0.261882 0.263488 0.265094 0.266700 0.284614 0.285333 0.286051 0.286769 0.287488 0.288206 0.288925 0.289643 0.291300 0.272578 0.253855 0.235133 0.216410 0.197688 0.178965 0.160243 0.160800 0.161278 0.161755 0.162233 0.162710 0.163188 0.163665 0.164143 0.168043 0.168043 0.168043 0.168043 0.168043 0.168043 0.168043 0.168043 0.165257 0.166212 0.167167 0.168122 0.169078 0.170033 0.170988 0.171943 0.171943 0.172433 0.172922 0.173412 0.173902 0.174392 0.174882 0.175371 0.175929 0.176488 0.177047 0.177606 0.178165 0.178724 0.179284 0.179843 0.192729 0.192412 0.192096 0.191780 0.191463 0.191147 0.190831 0.190514 0.187643 0.188133 0.188622 0.189112 0.189602 0.190092 0.190582 0.191071 0.197757 0.197678 0.197598 0.197518 0.197439 0.197359 0.197280 0.197200 0.197757 0.197678 0.197598 0.197518 0.197439 0.197359 0.197280 0.197200 0.203886 0.202931 0.201976 0.201020 0.200065 0.199110 0.198155 0.197200 0.190514 0.190104 0.189694 0.189284 0.188873 0.188463 0.188053 0.187643 0.187086 0.186924 0.186763 0.186602 0.186441 0.186280 0.186118 0.185957 0.176500 0.175929 0.175357 0.174786 0.174214 0.173643 0.173071 0.172500 0.175929 0.175359 0.174790 0.174220 0.173651 0.173082 0.172512 0.171943 0.168600 0.167963 0.167327 0.166690 0.166053 0.165416 0.164780 0.164143 0.161357 0.161278 0.161198 0.161118 0.161039 0.160959 0.160880 0.160800 0.160800 0.160720 0.160641 0.160561 0.160482 0.160402 0.160322 0.160243 0.287957 0.288835 0.289712 0.290590 0.291467 0.292345 0.293222 0.294100 0.282400 0.281031 0.279661 0.278292 0.276922 0.275553 0.274184 0.272814 0.262700 0.261586 0.260471 0.259357 0.258243 0.257129 0.256014 0.254900 0.243671 0.243510 0.243349 0.243188 0.243027 0.242865 0.242704 0.242543 0.239200 0.238961 0.238722 0.238484 0.238245 0.238006 0.237767 0.237529 0.228057 0.227896 0.227735 0.227573 0.227412 0.227251 0.227090 0.226929 0.220157 0.220078 0.219998 0.219918 0.219839 0.219759 0.219680 0.219600
0.215700 0.216257 0.216814 0.217371 0.217929 0.218486 0.219043 0.219600 0.219071 0.220112 0.221153 0.222194 0.223235 0.224276 0.225316 0.226357 0.227500 0.228057 0.228614 0.229171 0.229729 0.230286 0.230843 0.231400 0.235300 0.236096 0.236892 0.237688 0.238484 0.239280 0.240076 0.240871 0.251000 0.251557 0.252114 0.252671 0.253229 0.253786 0.254343 0.254900 0.256014 0.257541 0.259067 0.260594 0.262120 0.263647 0.265173 0.266700 0.282929 0.283808 0.284688 0.285567 0.286447 0.287327 0.288206 0.289086 0.268900 0.253298 0.237696 0.222094 0.206492 0.190890 0.175288 0.159686 0.160800 0.161198 0.161596 0.161994 0.162392 0.162790 0.163188 0.163586 0.167486 0.167486 0.167486 0.167486 0.167486 0.167486 0.167486 0.167486 0.165814 0.166610 0.167406 0.168202 0.168998 0.169794 0.170590 0.171386 0.171386 0.171794 0.172202 0.172610 0.173018 0.173427 0.173835 0.174243 0.175357 0.175918 0.176480 0.177041 0.177602 0.178163 0.178724 0.179286 0.189357 0.189282 0.189206 0.189131 0.189055 0.188980 0.188904 0.188829 0.187086 0.187494 0.187902 0.188310 0.188718 0.189127 0.189535 0.189943 0.195514 0.195355 0.195196 0.195037 0.194878 0.194718 0.194559 0.194400 0.195514 0.195355 0.195196 0.195037 0.194878 0.194718 0.194559 0.194400 0.199971 0.199176 0.198380 0.197584 0.196788 0.195992 0.195196 0.194400 0.188829 0.188580 0.188331 0.188082 0.187833 0.187584 0.187335 0.187086 0.185971 0.185649 0.185327 0.185004 0.184682 0.184359 0.184037 0.183714 0.176500 0.175929 0.175357 0.174786 0.174214 0.173643 0.173071 0.172500 0.175357 0.174790 0.174222 0.173655 0.173088 0.172520 0.171953 0.171386 0.168600 0.167884 0.167167 0.166451 0.165735 0.165018 0.164302 0.163586 0.161914 0.161755 0.161596 0.161437 0.161278 0.161118 0.160959 0.160800 0.160800 0.160641 0.160482 0.160322 0.160163 0.160004 0.159845 0.159686 0.266114 0.270112 0.274110 0.278108 0.282106 0.286104 0.290102 0.294100 0.282400 0.280790 0.279180 0.277569 0.275959 0.274349 0.272739 0.271129 0.262700 0.261586 0.260471 0.259357 0.258243 0.257129 0.256014 0.254900 0.244243 0.243920 0.243598 0.243276 0.242953 0.242631 0.242308 0.241986 0.239200 0.238722 0.238245 0.237767 0.237290 0.236812 0.236335 0.235857 0.228614 0.228292 0.227969 0.227647 0.227325 0.227002 0.226680 0.226357 0.220714 0.220555 0.220396 0.220237 0.220078 0.219918 0.219759 0.219600
0.215700 0.216257 0.216814 0.217371 0.217929 0.218486 0.219043 0.219600 0.220757 0.221476 0.222194 0.222912 0.223631 0.224349 0.225067 0.225786 0.227500 0.228057 0.228614 0.229171 0.229729 0.230286 0.230843 0.231400 0.235300 0.235937 0.236573 0.237210 0.237847 0.238484 0.239120 0.239757 0.251000 0.251557 0.252114 0.252671 0.253229 0.253786 0.254343 0.254900 0.256571 0.258018 0.259465 0.260912 0.262359 0.263806 0.265253 0.266700 0.281243 0.282284 0.283325 0.284365 0.285406 0.286447 0.287488 0.288529 0.246500 0.234018 0.221537 0.209055 0.196573 0.184092 0.171610 0.159129 0.160800 0.161118 0.161437 0.161755 0.162073 0.162392 0.162710 0.163029 0.166929 0.166929 0.166929 0.166929 0.166929 0.166929 0.166929 0.166929 0.166371 0.167008 0.167645 0.168282 0.168918 0.169555 0.170192 0.170829 0.170829 0.171155 0.171482 0.171808 0.172135 0.172461 0.172788 0.173114 0.174786 0.175349 0.175912 0.176475 0.177039 0.177602 0.178165 0.178729 0.185986 0.186151 0.186316 0.186482 0.186647 0.186812 0.186978 0.187143 0.186529 0.186855 0.187182 0.187508 0.187835 0.188161 0.188488 0.188814 0.193271 0.193033 0.192794 0.192555 0.192316 0.192078 0.191839 0.191600 0.193271 0.193033 0.192794 0.192555 0.192316 0.192078 0.191839 0.191600 0.196057 0.195420 0.194784 0.194147 0.193510 0.192873 0.192237 0.191600 0.187143 0.187055 0.186967 0.186880 0.186792 0.186704 0.186616 0.186529 0.184857 0.184373 0.183890 0.183406 0.182922 0.182439 0.181955 0.181471 0.176500 0.175929 0.175357 0.174786 0.174214 0.173643 0.173071 0.172500 0.174786 0.174220 0.173655 0.173090 0.172524 0.171959 0.171394 0.170829 0.168600 0.167804 0.167008 0.166212 0.165416 0.164620 0.163824 0.163029 0.162471 0.162233 0.161994 0.161755 0.161516 0.161278 0.161039 0.160800 0.160800 0.160561 0.160322 0.160084 0.159845 0.159606 0.159367 0.159129 0.244271 0.251390 0.258508 0.265627 0.272745 0.279863 0.286982 0.294100 0.282400 0.280549 0.278698 0.276847 0.274996 0.273145 0.271294 0.269443 0.262700 0.261586 0.260471 0.259357 0.258243 0.257129 0.256014 0.254900 0.244814 0.244331 0.243847 0.243363 0.242880 0.242396 0.241912 0.241429 0.239200 0.238484 0.237767 0.237051 0.236335 0.235618 0.234902 0.234186 0.229171 0.228688 0.228204 0.227720 0.227237 0.226753 0.226269 0.225786 0.221271 0.221033 0.220794 0.220555 0.220316 0.220078 0.219839 0.219600
0.215700 0.216257 0.216814 0.217371 0.217929 0.218486 0.219043 0.219600 0.222443 0.222839 0.223235 0.223631 0.224027 0.224422 0.224818 0.225214 0.227500 0.228057 0.228614 0.229171 0.229729 0.230286 0.230843 0.231400 0.235300 0.235778 0.236255 0.236733 0.237210 0.237688 0.238165 0.238643 0.251000 0.251557 0.252114 0.252671 0.253229 0.253786 0.254343 0.254900 0.257129 0.258496 0.259863 0.261231 0.262598 0.263965 0.265333 0.266700 0.279557 0.280759 0.281961 0.283163 0.284365 0.285567 0.286769 0.287971 0.224100 0.214739 0.205378 0.196016 0.186655 0.177294 0.167933 0.158571 0.160800 0.161039 0.161278 0.161516 0.161755 0.161994 0.162233 0.162471 0.166371 0.166371 0.166371 0.166371 0.166371 0.166371 0.166371 0.166371 0.166929 0.167406 0.167884 0.168361 0.168839 0.169316 0.169794 0.170271 0.170271 0.170516 0.170761 0.171006 0.171251 0.171496 0.171741 0.171986 0.174214 0.174780 0.175345 0.175910 0.176475 0.177041 0.177606 0.178171 0.182614 0.183020 0.183427 0.183833 0.184239 0.184645 0.185051 0.185457 0.185971 0.186216 0.186461 0.186706 0.186951 0.187196 0.187441 0.187686 0.191029 0.190710 0.190392 0.190073 0.189755 0.189437 0.189118 0.188800 0.191029 0.190710 0.190392 0.190073 0.189755 0.189437 0.189118 0.188800 0.192143 0.191665 0.191188 0.190710 0.190233 0.189755 0.189278 0.188800 0.185457 0.185531 0.185604 0.185678 0.185751 0.185824 0.185898 0.185971 0.183743 0.183098 0.182453 0.181808 0.181163 0.180518 0.179873 0.179229 0.176500 0.175929 0.175357 0.174786 0.174214 0.173643 0.173071 0.172500 0.174214 0.173651 0.173088 0.172524 0.171961 0.171398 0.170835 0.170271 0.168600 0.167724 0.166849 0.165973 0.165098 0.164222 0.163347 0.162471 0.163029 0.162710 0.162392 0.162073 0.161755 0.161437 0.161118 0.160800 0.160800 0.160482 0.160163 0.159845 0.159527 0.159208 0.158890 0.158571 0.222429 0.232667 0.242906 0.253145 0.263384 0.273622 0.283861 0.294100 0.282400 0.280308 0.278216 0.276124 0.274033 0.271941 0.269849 0.267757 0.262700 0.261586 0.260471 0.259357 0.258243 0.257129 0.256014 0.254900 0.245386 0.244741 0.244096 0.243451 0.242806 0.242161 0.241516 0.240871 0.239200 0.238245 0.237290 0.236335 0.235380 0.234424 0.233469 0.232514 0.229729 0.229084 0.228439 0.227794 0.227149 0.226504 0.225859 0.225214 0.221829 0.221510 0.221192 0.220873 0.220555 0.220237 0.219918 0.219600
0.215700 0.216257 0.216814 0.217371 0.217929 0.218486 0.219043 0.219600 0.224129 0.224202 0.224276 0.224349 0.224422 0.224496 0.224569 0.224643 0.227500 0.228057 0.228614 0.229171 0.229729 0.230286 0.230843 0.231400 0.235300 0.235618 0.235937 0.236255 0.236573 0.236892 0.237210 0.237529 0.251000 0.251557 0.252114 0.252671 0.253229 0.253786 0.254343 0.254900 0.257686 0.258973 0.260261 0.261549 0.262837 0.264124 0.265412 0.266700 0.277871 0.279235 0.280598 0.281961 0.283324 0.284688 0.286051 0.287414 0.201700 0.195459 0.189218 0.182978 0.176737 0.170496 0.164255 0.158014 0.160800 0.160959 0.161118 0.161278 0.161437 0.161596 0.161755 0.161914 0.165814 0.165814 0.165814 0.165814 0.165814 0.165814 0.165814 0.165814 0.167486 0.167804 0.168122 0.168441 0.168759 0.169078 0.169396 0.169714 0.169714 0.169878 0.170041 0.170204 0.170367 0.170531 0.170694 0.170857 0.173643 0.174210 0.174778 0.175345 0.175912 0.176480 0.177047 0.177614 0.179243 0.179890 0.180537 0.181184 0.181831 0.182478 0.183124 0.183771 0.185414 0.185578 0.185741 0.185904 0.186067 0.186231 0.186394 0.186557 0.188786 0.188388 0.187990 0.187592 0.187194 0.186796 0.186398 0.186000 0.188786 0.188388 0.187990 0.187592 0.187194 0.186796 0.186398 0.186000 0.188229 0.187910 0.187592 0.187273 0.186955 0.186637 0.186318 0.186000 0.183771 0.184006 0.184241 0.184476 0.184710 0.184945 0.185180 0.185414 0.182629 0.181822 0.181016 0.180210 0.179404 0.178598 0.177792 0.176986 0.176500 0.175929 0.175357 0.174786 0.174214 0.173643 0.173071 0.172500 0.173643 0.173082 0.172520 0.171959 0.171398 0.170837 0.170276 0.169714 0.168600 0.167645 0.166690 0.165735 0.164780 0.163824 0.162869 0.161914 0.163586 0.163188 0.162790 0.162392 0.161994 0.161596 0.161198 0.160800 0.160800 0.160402 0.160004 0.159606 0.159208 0.158810 0.158412 0.158014 0.200586 0.213945 0.227304 0.240663 0.254022 0.267382 0.280741 0.294100 0.282400 0.280067 0.277735 0.275402 0.273069 0.270737 0.268404 0.266071 0.262700 0.261586 0.260471 0.259357 0.258243 0.257129 0.256014 0.254900 0.245957 0.245151 0.244345 0.243539 0.242733 0.241927 0.241120 0.240314 0.239200 0.238006 0.236812 0.235618 0.234424 0.233231 0.232037 0.230843 0.230286 0.229480 0.228673 0.227867 0.227061 0.226255 0.225449 0.224643 0.222386 0.221988 0.221590 0.221192 0.220794 0.220396 0.219998 0.219600
0.215700 0.216257 0.216814 0.217371 0.217929 0.218486 0.219043 0.219600 0.225814 0.225565 0.225316 0.225067 0.224818 0.224569 0.224320 0.224071 0.227500 0.228057 0.228614 0.229171 0.229729 0.230286 0.230843 0.231400 0.235300 0.235459 0.235618 0.235778 0.235937 0.236096 0.236255 0.236414 0.251000 0.251557 0.252114 0.252671 0.253229 0.253786 0.254343 0.254900 0.258243 0.259451 0.260659 0.261867 0.263076 0.264284 0.265492 0.266700 0.276186 0.277710 0.279235 0.280759 0.282284 0.283808 0.285333 0.286857 0.179300 0.176180 0.173059 0.169939 0.166818 0.163698 0.160578 0.157457 0.160800 0.160880 0.160959 0.161039 0.161118 0.161198 0.161278 0.161357 0.165257 0.165257 0.165257 0.165257 0.165257 0.165257 0.165257 0.165257 0.168043 0.168202 0.168361 0.168520 0.168680 0.168839 0.168998 0.169157 0.169157 0.169239 0.169320 0.169402 0.169484 0.169565 0.169647 0.169729 0.173071 0.173641 0.174210 0.174780 0.175349 0.175918 0.176488 0.177057 0.175871 0.176759 0.177647 0.178535 0.179422 0.180310 0.181198 0.182086 0.184857 0.184939 0.185020 0.185102 0.185184 0.185265 0.185347 0.185429 0.186543 0.186065 0.185588 0.185110 0.184633 0.184155 0.183678 0.183200 0.186543 0.186065 0.185588 0.185110 0.184633 0.184155 0.183678 0.183200 0.184314 0.184155 0.183996 0.183837 0.183678 0.183518 0.183359 0.183200 0.182086 0.182482 0.182878 0.183273 0.183669 0.184065 0.184461 0.184857 0.181514 0.180547 0.179580 0.178612 0.177645 0.176678 0.175710 0.174743 0.176500 0.175929 0.175357 0.174786 0.174214 0.173643 0.173071 0.172500 0.173071 0.172512 0.171953 0.171394 0.170835 0.170275 0.169716 0.169157 0.168600 0.167565 0.166531 0.165496 0.164461 0.163427 0.162392 0.161357 0.164143 0.163665 0.163188 0.162710 0.162233 0.161755 0.161278 0.160800 0.160800 0.160322 0.159845 0.159367 0.158890 0.158412 0.157935 0.157457 0.178743 0.195222 0.211702 0.228182 0.244661 0.261141 0.277620 0.294100 0.282400 0.279827 0.277253 0.274680 0.272106 0.269533 0.266959 0.264386 0.262700 0.261586 0.260471 0.259357 0.258243 0.257129 0.256014 0.254900 0.246529 0.245561 0.244594 0.243627 0.242659 0.241692 0.240724 0.239757 0.239200 0.237767 0.236335 0.234902 0.233469 0.232037 0.230604 0.229171 0.230843 0.229876 0.228908 0.227941 0.226973 0.226006 0.225039 0.224071 0.222943 0.222465 0.221988 0.221510 0.221033 0.220555 0.220078 0.219600
0.215700 0.216257 0.216814 0.217371 0.217929 0.218486 0.219043 0.219600 0.227500 0.226929 0.226357 0.225786 0.225214 0.224643 0.224071 0.223500 0.227500 0.228057 0.228614 0.229171 0.229729 0.230286 0.230843 0.231400 0.235300 0.235300 0.235300 0.235300 0.235300 0.235300 0.235300 0.235300 0.251000 0.251557 0.252114 0.252671 0.253229 0.253786 0.254343 0.254900 0.258800 0.259929 0.261057 0.262186 0.263314 0.264443 0.265571 0.266700 0.274500 0.276186 0.277871 0.279557 0.281243 0.282929 0.284614 0.286300 0.156900 0.156900 0.156900 0.156900 0.156900 0.156900 0.156900 0.156900 0.160800 0.160800 0.160800 0.160800 0.160800 0.160800 0.160800 0.160800 0.164700 0.164700 0.164700 0.164700 0.164700 0.164700 0.164700 0.164700 0.168600 0.168600 0.168600 0.168600 0.168600 0.168600 0.168600 0.168600 0.168600 0.168600 0.168600 0.168600 0.168600 0.168600 0.168600 0.168600 0.172500 0.173071 0.173643 0.174214 0.174786 0.175357 0.175929 0.176500 0.172500 0.173629 0.174757 0.175886 0.177014 0.178143 0.179271 0.180400 0.184300 0.184300 0.184300 0.184300 0.184300 0.184300 0.184300 0.184300 0.184300 0.183743 0.183186 0.182629 0.182071 0.181514 0.180957 0.180400 0.184300 0.183743 0.183186 0.182629 0.182071 0.181514 0.180957 0.180400 0.180400 0.180400 0.180400 0.180400 0.180400 0.180400 0.180400 0.180400 0.180400 0.180957 0.181514 0.182071 0.182629 0.183186 0.183743 0.184300 0.180400 0.179271 0.178143 0.177014 0.175886 0.174757 0.173629 0.172500 0.176500 0.175929 0.175357 0.174786 0.174214 0.173643 0.173071 0.172500 0.172500 0.171943 0.171386 0.170829 0.170271 0.169714 0.169157 0.168600 0.168600 0.167486 0.166371 0.165257 0.164143 0.163029 0.161914 0.160800 0.164700 0.164143 0.163586 0.163029 0.162471 0.161914 0.161357 0.160800 0.160800 0.160243 0.159686 0.159129 0.158571 0.158014 0.157457 0.156900 0.156900 0.176500 0.196100 0.215700 0.235300 0.254900 0.274500 0.294100 0.282400 0.279586 0.276771 0.273957 0.271143 0.268329 0.265514 0.262700 0.262700 0.261586 0.260471 0.259357 0.258243 0.257129 0.256014 0.254900 0.247100 0.245971 0.244843 0.243714 0.242586 0.241457 0.240329 0.239200 0.239200 0.237529 0.235857 0.234186 0.232514 0.230843 0.229171 0.227500 0.231400 0.230271 0.229143 0.228014 0.226886 0.225757 0.224629 0.223500 0.223500 0.222943 0.222386 0.221829 0.221271 0.220714 0.220157 0.219600
0.219600 0.219600 0.219600 0.219600 0.219600 0.219600 0.219600 0.219600 0.223500 0.224071 0.224643 0.225214 0.225786 0.226357 0.226929 0.227500 0.227500 0.228057 0.228614 0.229171 0.229729 0.230286 0.230843 0.231400 0.235300 0.236986 0.238671 0.240357 0.242043 0.243729 0.245414 0.247100 0.254900 0.254343 0.253786 0.253229 0.252671 0.252114 0.251557 0.251000 0.258800 0.261043 0.263286 0.265529 0.267771 0.270014 0.272257 0.274500 0.152900 0.153471 0.154043 0.154614 0.155186 0.155757 0.156329 0.156900 0.156900 0.156900 0.156900 0.156900 0.156900 0.156900 0.156900 0.156900 0.160800 0.160243 0.159686 0.159129 0.158571 0.158014 0.157457 0.156900 0.160800 0.160800 0.160800 0.160800 0.160800 0.160800 0.160800 0.160800 0.164700 0.164700 0.164700 0.164700 0.164700 0.164700 0.164700 0.164700 0.164700 0.164700 0.164700 0.164700 0.164700 0.164700 0.164700 0.164700 0.168600 0.168043 0.167486 0.166929 0.166371 0.165814 0.165257 0.164700 0.172500 0.171943 0.171386 0.170829 0.170271 0.169714 0.169157 0.168600 0.172500 0.172500 0.172500 0.172500 0.172500 0.172500 0.172500 0.172500 0.168600 0.169157 0.169714 0.170271 0.170829 0.171386 0.171943 0.172500 0.176500 0.175929 0.175357 0.174786 0.174214 0.173643 0.173071 0.172500 0.176500 0.175929 0.175357 0.174786 0.174214 0.173643 0.173071 0.172500 0.172500 0.172500 0.172500 0.172500 0.172500 0.172500 0.172500 0.172500 0.168600 0.168043 0.167486 0.166929 0.166371 0.165814 0.165257 0.164700 0.164700 0.164700 0.164700 0.164700 0.164700 0.164700 0.164700 0.164700 0.164700 0.165257 0.165814 0.166371 0.166929 0.167486 0.168043 0.168600 0.164700 0.164143 0.163586 0.163029 0.162471 0.161914 0.161357 0.160800 0.160800 0.160243 0.159686 0.159129 0.158571 0.158014 0.157457 0.156900 0.156900 0.156900 0.156900 0.156900 0.156900 0.156900 0.156900 0.156900 0.156900 0.156900 0.156900 0.156900 0.156900 0.156900 0.156900 0.156900 0.152900 0.169714 0.186529 0.203343 0.220157 0.236971 0.253786 0.270600 0.266700 0.265571 0.264443 0.263314 0.262186 0.261057 0.259929 0.258800 0.247100 0.245414 0.243729 0.242043 0.240357 0.238671 0.236986 0.235300 0.243100 0.240871 0.238643 0.236414 0.234186 0.231957 0.229729 0.227500 0.227500 0.226929 0.226357 0.225786 0.225214 0.224643 0.224071 0.223500 0.223500 0.222943 0.222386 0.221829 0.221271 0.220714 0.220157 0.219600
0.218486 0.218645 0.218804 0.218963 0.219122 0.219282 0.219441 0.219600 0.222943 0.223673 0.224404 0.225135 0.225865 0.226596 0.227327 0.228057 0.227500 0.228057 0.228614 0.229171 0.229729 0.230286 0.230843 0.231400 0.235300 0.236904 0.238508 0.240112 0.241716 0.243320 0.244924 0.246529 0.254343 0.253945 0.253547 0.253149 0.252751 0.252353 0.251955 0.251557 0.259357 0.259039 0.258720 0.258402 0.258084 0.257765 0.257447 0.257129 0.152900 0.153390 0.153880 0.154369 0.154859 0.155349 0.155839 0.156329 0.156329 0.156329 0.156329 0.156329 0.156329 0.156329 0.156329 0.156329 0.160243 0.159765 0.159288 0.158810 0.158333 0.157855 0.157378 0.156900 0.160243 0.160322 0.160402 0.160482 0.160561 0.160641 0.160720 0.160800 0.163586 0.163665 0.163745 0.163824 0.163904 0.163984 0.164063 0.164143 0.164143 0.164143 0.164143 0.164143 0.164143 0.164143 0.164143 0.164143 0.168043 0.167486 0.166929 0.166371 0.165814 0.165257 0.164700 0.164143 0.171386 0.170908 0.170431 0.169953 0.169476 0.168998 0.168520 0.168043 0.171386 0.171386 0.171386 0.171386 0.171386 0.171386 0.171386 0.171386 0.168600 0.169078 0.169555 0.170033 0.170510 0.170988 0.171465 0.171943 0.174814 0.174404 0.173994 0.173584 0.173173 0.172763 0.172353 0.171943 0.174814 0.174404 0.173994 0.173584 0.173173 0.172763 0.172353 0.171943 0.171386 0.171386 0.171386 0.171386 0.171386 0.171386 0.171386 0.171386 0.168043 0.167565 0.167088 0.166610 0.166133 0.165655 0.165178 0.164700 0.164700 0.164620 0.164541 0.164461 0.164382 0.164302 0.164222 0.164143 0.164143 0.164620 0.165098 0.165576 0.166053 0.166531 0.167008 0.167486 0.164143 0.163586 0.163029 0.162471 0.161914 0.161357 0.160800 0.160243 0.160243 0.159765 0.159288 0.158810 0.158333 0.157855 0.157378 0.156900 0.157457 0.157378 0.157298 0.157218 0.157139 0.157059 0.156980 0.156900 0.156900 0.156818 0.156737 0.156655 0.156573 0.156492 0.156410 0.156329 0.152900 0.167312 0.181724 0.196137 0.210549 0.224961 0.239373 0.253786 0.265571 0.264604 0.263637 0.262669 0.261702 0.260735 0.259767 0.258800 0.247657 0.246051 0.244445 0.242839 0.241233 0.239627 0.238020 0.236414 0.241986 0.240076 0.238165 0.236255 0.234345 0.232435 0.230525 0.228614 0.226929 0.226439 0.225949 0.225459 0.224969 0.224480 0.223990 0.223500 0.223500 0.222943 0.222386 0.221829 0.221271 0.220714 0.220157 0.219600
0.217371 0.217690 0.218008 0.218327 0.218645 0.218963 0.219282 0.219600 0.222386 0.223276 0.224165 0.225055 0.225945 0.226835 0.227725 0.228614 0.227500 0.228057 0.228614 0.229171 0.229729 0.230286 0.230843 0.231400 0.235300 0.236822 0.238345 0.239867 0.241390 0.242912 0.244435 0.245957 0.253786 0.253547 0.253308 0.253069 0.252831 0.252592 0.252353 0.252114 0.259914 0.257035 0.254155 0.251276 0.248396 0.245516 0.242637 0.239757 0.152900 0.153308 0.153716 0.154124 0.154533 0.154941 0.155349 0.155757 0.155757 0.155757 0.155757 0.155757 0.155757 0.155757 0.155757 0.155757 0.159686 0.159288 0.158890 0.158492 0.158094 0.157696 0.157298 0.156900 0.159686 0.159845 0.160004 0.160163 0.160322 0.160482 0.160641 0.160800 0.162471 0.162631 0.162790 0.162949 0.163108 0.163267 0.163427 0.163586 0.163586 0.163586 0.163586 0.163586 0.163586 0.163586 0.163586 0.163586 0.167486 0.166929 0.166371 0.165814 0.165257 0.164700 0.164143 0.163586 0.170271 0.169873 0.169476 0.169078 0.168680 0.168282 0.167884 0.167486 0.170271 0.170271 0.170271 0.170271 0.170271 0.170271 0.170271 0.170271 0.168600 0.168998 0.169396 0.169794 0.170192 0.170590 0.170988 0.171386 0.173129 0.172880 0.172631 0.172382 0.172133 0.171884 0.171635 0.171386 0.173129 0.172880 0.172631 0.172382 0.172133 0.171884 0.171635 0.171386 0.170271 0.170271 0.170271 0.170271 0.170271 0.170271 0.170271 0.170271 0.167486 0.167088 0.166690 0.166292 0.165894 0.165496 0.165098 0.164700 0.164700 0.164541 0.164382 0.164222 0.164063 0.163904 0.163745 0.163586 0.163586 0.163984 0.164382 0.164780 0.165178 0.165576 0.165973 0.166371 0.163586 0.163029 0.162471 0.161914 0.161357 0.160800 0.160243 0.159686 0.159686 0.159288 0.158890 0.158492 0.158094 0.157696 0.157298 0.156900 0.158014 0.157855 0.157696 0.157537 0.157378 0.157218 0.157059 0.156900 0.156900 0.156737 0.156573 0.156410 0.156247 0.156084 0.155920 0.155757 0.152900 0.164910 0.176920 0.188931 0.200941 0.212951 0.224961 0.236971 0.264443 0.263637 0.262831 0.262024 0.261218 0.260412 0.259606 0.258800 0.248214 0.246688 0.245161 0.243635 0.242108 0.240582 0.239055 0.237529 0.240871 0.239280 0.237688 0.236096 0.234504 0.232912 0.231320 0.229729 0.226357 0.225949 0.225541 0.225133 0.224725 0.224316 0.223908 0.223500 0.223500 0.222943 0.222386 0.221829 0.221271 0.220714 0.220157 0.219600
0.216257 0.216735 0.217212 0.217690 0.218167 0.218645 0.219122 0.219600 0.221829 0.222878 0.223927 0.224975 0.226024 0.227073 0.228122 0.229171 0.227500 0.228057 0.228614 0.229171 0.229729 0.230286 0.230843 0.231400 0.235300 0.236741 0.238182 0.239622 0.241063 0.242504 0.243945 0.245386 0.253229 0.253149 0.253069 0.252990 0.252910 0.252831 0.252751 0.252671 0.260471 0.255031 0.249590 0.244149 0.238708 0.233267 0.227827 0.222386 0.152900 0.153227 0.153553 0.153880 0.154206 0.154533 0.154859 0.155186 0.155186 0.155186 0.155186 0.155186 0.155186 0.155186 0.155186 0.155186 0.159129 0.158810 0.158492 0.158173 0.157855 0.157537 0.157218 0.156900 0.159129 0.159367 0.159606 0.159845 0.160084 0.160322 0.160561 0.160800 0.161357 0.161596 0.161835 0.162073 0.162312 0.162551 0.162790 0.163029 0.163029 0.163029 0.163029 0.163029 0.163029 0.163029 0.163029 0.163029 0.166929 0.166371 0.165814 0.165257 0.164700 0.164143 0.163586 0.163029 0.169157 0.168839 0.168520 0.168202 0.167884 0.167565 0.167247 0.166929 0.169157 0.169157 0.169157 0.169157 0.169157 0.169157 0.169157 0.169157 0.168600 0.168918 0.169237 0.169555 0.169873 0.170192 0.170510 0.170829 0.171443 0.171355 0.171267 0.171180 0.171092 0.171004 0.170916 0.170829 0.171443 0.171355 0.171267 0.171180 0.171092 0.171004 0.170916 0.170829 0.169157 0.169157 0.169157 0.169157 0.169157 0.169157 0.169157 0.169157 0.166929 0.166610 0.166292 0.165973 0.165655 0.165337 0.165018 0.164700 0.164700 0.164461 0.164222 0.163984 0.163745 0.163506 0.163267 0.163029 0.163029 0.163347 0.163665 0.163984 0.164302 0.164620 0.164939 0.165257 0.163029 0.162471 0.161914 0.161357 0.160800 0.160243 0.159686 0.159129 0.159129 0.158810 0.158492 0.158173 0.157855 0.157537 0.157218 0.156900 0.158571 0.158333 0.158094 0.157855 0.157616 0.157378 0.157139 0.156900 0.156900 0.156655 0.156410 0.156165 0.155920 0.155676 0.155431 0.155186 0.152900 0.162508 0.172116 0.181724 0.191333 0.200941 0.210549 0.220157 0.263314 0.262669 0.262024 0.261380 0.260735 0.260090 0.259445 0.258800 0.248771 0.247324 0.245878 0.244431 0.242984 0.241537 0.240090 0.238643 0.239757 0.238484 0.237210 0.235937 0.234663 0.233390 0.232116 0.230843 0.225786 0.225459 0.225133 0.224806 0.224480 0.224153 0.223827 0.223500 0.223500 0.222943 0.222386 0.221829 0.221271 0.220714 0.220157 0.219600
0.215143 0.215780 0.216416 0.217053 0.217690 0.218327 0.218963 0.219600 0.221271 0.222480 0.223688 0.224896 0.226104 0.227312 0.228520 0.229729 0.227500 0.228057 0.228614 0.229171 0.229729 0.230286 0.230843 0.231400 0.235300 0.236659 0.238018 0.239378 0.240737 0.242096 0.243455 0.244814 0.252671 0.252751 0.252831 0.252910 0.252990 0.253069 0.253149 0.253229 0.261029 0.253027 0.245025 0.237022 0.229020 0.221018 0.213016 0.205014 0.152900 0.153145 0.153390 0.153635 0.153880 0.154124 0.154369 0.154614 0.154614 0.154614 0.154614 0.154614 0.154614 0.154614 0.154614 0.154614 0.158571 0.158333 0.158094 0.157855 0.157616 0.157378 0.157139 0.156900 0.158571 0.158890 0.159208 0.159527 0.159845 0.160163 0.160482 0.160800 0.160243 0.160561 0.160880 0.161198 0.161516 0.161835 0.162153 0.162471 0.162471 0.162471 0.162471 0.162471 0.162471 0.162471 0.162471 0.162471 0.166371 0.165814 0.165257 0.164700 0.164143 0.163586 0.163029 0.162471 0.168043 0.167804 0.167565 0.167327 0.167088 0.166849 0.166610 0.166371 0.168043 0.168043 0.168043 0.168043 0.168043 0.168043 0.168043 0.168043 0.168600 0.168839 0.169078 0.169316 0.169555 0.169794 0.170033 0.170271 0.169757 0.169831 0.169904 0.169978 0.170051 0.170125 0.170198 0.170271 0.169757 0.169831 0.169904 0.169978 0.170051 0.170125 0.170198 0.170271 0.168043 0.168043 0.168043 0.168043 0.168043 0.168043 0.168043 0.168043 0.166371 0.166133 0.165894 0.165655 0.165416 0.165178 0.164939 0.164700 0.164700 0.164382 0.164063 0.163745 0.163427 0.163108 0.162790 0.162471 0.162471 0.162710 0.162949 0.163188 0.163427 0.163665 0.163904 0.164143 0.162471 0.161914 0.161357 0.160800 0.160243 0.159686 0.159129 0.158571 0.158571 0.158333 0.158094 0.157855 0.157616 0.157378 0.157139 0.156900 0.159129 0.158810 0.158492 0.158173 0.157855 0.157537 0.157218 0.156900 0.156900 0.156573 0.156247 0.155920 0.155594 0.155267 0.154941 0.154614 0.152900 0.160106 0.167312 0.174518 0.181724 0.188931 0.196137 0.203343 0.262186 0.261702 0.261218 0.260735 0.260251 0.259767 0.259284 0.258800 0.249329 0.247961 0.246594 0.245227 0.243859 0.242492 0.241125 0.239757 0.238643 0.237688 0.236733 0.235778 0.234822 0.233867 0.232912 0.231957 0.225214 0.224969 0.224725 0.224480 0.224235 0.223990 0.223745 0.223500 0.223500 0.222943 0.222386 0.221829 0.221271 0.220714 0.220157 0.219600
0.214029 0.214824 0.215620 0.216416 0.217212 0.218008 0.218804 0.219600 0.220714 0.222082 0.223449 0.224816 0.226184 0.227551 0.228918 0.230286 0.227500 0.228057 0.228614 0.229171 0.229729 0.230286 0.230843 0.231400 0.235300 0.236578 0.237855 0.239133 0.240410 0.241688 0.242965 0.244243 0.252114 0.252353 0.252592 0.252831 0.253069 0.253308 0.253547 0.253786 0.261586 0.251022 0.240459 0.229896 0.219333 0.208769 0.198206 0.187643 0.152900 0.153063 0.153227 0.153390 0.153553 0.153716 0.153880 0.154043 0.154043 0.154043 0.154043 0.154043 0.154043 0.154043 0.154043 0.154043 0.158014 0.157855 0.157696 0.157537 0.157378 0.157218 0.157059 0.156900 0.158014 0.158412 0.158810 0.159208 0.159606 0.160004 0.160402 0.160800 0.159129 0.159527 0.159924 0.160322 0.160720 0.161118 0.161516 0.161914 0.161914 0.161914 0.161914 0.161914 0.161914 0.161914 0.161914 0.161914 0.165814 0.165257 0.164700 0.164143 0.163586 0.163029 0.162471 0.161914 0.166929 0.166769 0.166610 0.166451 0.166292 0.166133 0.165973 0.165814 0.166929 0.166929 0.166929 0.166929 0.166929 0.166929 0.166929 0.166929 0.168600 0.168759 0.168918 0.169078 0.169237 0.169396 0.169555 0.169714 0.168071 0.168306 0.168541 0.168776 0.169010 0.169245 0.169480 0.169714 0.168071 0.168306 0.168541 0.168776 0.169010 0.169245 0.169480 0.169714 0.166929 0.166929 0.166929 0.166929 0.166929 0.166929 0.166929 0.166929 0.165814 0.165655 0.165496 0.165337 0.165178 0.165018 0.164859 0.164700 0.164700 0.164302 0.163904 0.163506 0.163108 0.162710 0.162312 0.161914 0.161914 0.162073 0.162233 0.162392 0.162551 0.162710 0.162869 0.163029 0.161914 0.161357 0.160800 0.160243 0.159686 0.159129 0.158571 0.158014 0.158014 0.157855 0.157696 0.157537 0.157378 0.157218 0.157059 0.156900 0.159686 0.159288 0.158890 0.158492 0.158094 0.157696 0.157298 0.156900 0.156900 0.156492 0.156084 0.155676 0.155267 0.154859 0.154451 0.154043 0.152900 0.157704 0.162508 0.167312 0.172116 0.176920 0.181724 0.186529 0.261057 0.260735 0.260412 0.260090 0.259767 0.259445 0.259122 0.258800 0.249886 0.248598 0.247310 0.246022 0.244735 0.243447 0.242159 0.240871 0.237529 0.236892 0.236255 0.235618 0.234982 0.234345 0.233708 0.233071 0.224643 0.224480 0.224316 0.224153 0.223990 0.223827 0.223663 0.223500 0.223500 0.222943 0.222386 0.221829 0.221271 0.220714 0.220157 0.219600
0.212914 0.213869 0.214824 0.215780 0.216735 0.217690 0.218645 0.219600 0.220157 0.221684 0.223210 0.224737 0.226263 0.227790 0.229316 0.230843 0.227500 0.228057 0.228614 0.229171 0.229729 0.230286 0.230843 0.231400 0.235300 0.236496 0.237692 0.238888 0.240084 0.241280 0.242476 0.243671 0.251557 0.251955 0.252353 0.252751 0.253149 0.253547 0.253945 0.254343 0.262143 0.249018 0.235894 0.222769 0.209645 0.196520 0.183396 0.170271 0.152900 0.152982 0.153063 0.153145 0.153227 0.153308 0.153390 0.153471 0.153471 0.153471 0.153471 0.153471 0.153471 0.153471 0.153471 0.153471 0.157457 0.157378 0.157298 0.157218 0.157139 0.157059 0.156980 0.156900 0.157457 0.157935 0.158412 0.158890 0.159367 0.159845 0.160322 0.160800 0.158014 0.158492 0.158969 0.159447 0.159924 0.160402 0.160880 0.161357 0.161357 0.161357 0.161357 0.161357 0.161357 0.161357 0.161357 0.161357 0.165257 0.164700 0.164143 0.163586 0.163029 0.162471 0.161914 0.161357 0.165814 0.165735 0.165655 0.165576 0.165496 0.165416 0.165337 0.165257 0.165814 0.165814 0.165814 0.165814 0.165814 0.165814 0.165814 0.165814 0.168600 0.168680 0.168759 0.168839 0.168918 0.168998 0.169078 0.169157 0.166386 0.166782 0.167178 0.167573 0.167969 0.168365 0.168761 0.169157 0.166386 0.166782 0.167178 0.167573 0.167969 0.168365 0.168761 0.169157 0.165814 0.165814 0.165814 0.165814 0.165814 0.165814 0.165814 0.165814 0.165257 0.165178 0.165098 0.165018 0.164939 0.164859 0.164780 0.164700 0.164700 0.164222 0.163745 0.163267 0.162790 0.162312 0.161835 0.161357 0.161357 0.161437 0.161516 0.161596 0.161675 0.161755 0.161835 0.161914 0.161357 0.160800 0.160243 0.159686 0.159129 0.158571 0.158014 0.157457 0.157457 0.157378 0.157298 0.157218 0.157139 0.157059 0.156980 0.156900 0.160243 0.159765 0.159288 0.158810 0.158333 0.157855 0.157378 0.156900 0.156900 0.156410 0.155920 0.155431 0.154941 0.154451 0.153961 0.153471 0.152900 0.155302 0.157704 0.160106 0.162508 0.164910 0.167312 0.169714 0.259929 0.259767 0.259606 0.259445 0.259284 0.259122 0.258961 0.258800 0.250443 0.249235 0.248027 0.246818 0.245610 0.244402 0.243194 0.241986 0.236414 0.236096 0.235778 0.235459 0.235141 0.234822 0.234504 0.234186 0.224071 0.223990 0.223908 0.223827 0.223745 0.223663 0.223582 0.223500 0.223500 0.222943 0.222386 0.221829 0.221271 0.220714 0.220157 0.219600
0.211800 0.212914 0.214029 0.215143 0.216257 0.217371 0.218486 0.219600 0.219600 0.221286 0.222971 0.224657 0.226343 0.228029 0.229714 0.231400 0.227500 0.228057 0.228614 0.229171 0.229729 0.230286 0.230843 0.231400 0.235300 0.236414 0.237529 0.238643 0.239757 0.240871 0.241986 0.243100 0.251000 0.251557 0.252114 0.252671 0.253229 0.253786 0.254343 0.254900 0.262700 0.247014 0.231329 0.215643 0.199957 0.184271 0.168586 0.152900 0.152900 0.152900 0.152900 0.152900 0.152900 0.152900 0.152900 0.152900 0.152900 0.152900 0.152900 0.152900 0.152900 0.152900 0.152900 0.152900 0.156900 0.156900 0.156900 0.156900 0.156900 0.156900 0.156900 0.156900 0.156900 0.157457 0.158014 0.158571 0.159129 0.159686 0.160243 0.160800 0.156900 0.157457 0.158014 0.158571 0.159129 0.159686 0.160243 0.160800 0.160800 0.160800 0.160800 0.160800 0.160800 0.160800 0.160800 0.160800 0.164700 0.164143 0.163586 0.163029 0.162471 0.161914 0.161357 0.160800 0.164700 0.164700 0.164700 0.164700 0.164700 0.164700 0.164700 0.164700 0.164700 0.164700 0.164700 0.164700 0.164700 0.164700 0.164700 0.164700 0.168600 0.168600 0.168600 0.168600 0.168600 0.168600 0.168600 0.168600 0.164700 0.165257 0.165814 0.166371 0.166929 0.167486 0.168043 0.168600 0.164700 0.165257 0.165814 0.166371 0.166929 0.167486 0.168043 0.168600 0.164700 0.164700 0.164700 0.164700 0.164700 0.164700 0.164700 0.164700 0.164700 0.164700 0.164700 0.164700 0.164700 0.164700 0.164700 0.164700 0.164700 0.164143 0.163586 0.163029 0.162471 0.161914 0.161357 0.160800 0.160800 0.160800 0.160800 0.160800 0.160800 0.160800 0.160800 0.160800 0.160800 0.160243 0.159686 0.159129 0.158571 0.158014 0.157457 0.156900 0.156900 0.156900 0.156900 0.156900 0.156900 0.156900 0.156900 0.156900 0.160800 0.160243 0.159686 0.159129 0.158571 0.158014 0.157457 0.156900 0.156900 0.156329 0.155757 0.155186 0.154614 0.154043 0.153471 0.152900 0.152900 0.152900 0.152900 0.152900 0.152900 0.152900 0.152900 0.152900 0.258800 0.258800 0.258800 0.258800 0.258800 0.258800 0.258800 0.258800 0.251000 0.249871 0.248743 0.247614 0.246486 0.245357 0.244229 0.243100 0.235300 0.235300 0.235300 0.235300 0.235300 0.235300 0.235300 0.235300 0.223500 0.223500 0.223500 0.223500 0.223500 0.223500 0.223500 0.223500 0.223500 0.222943 0.222386 0.221829 0.221271 0.220714 0.220157 0.219600
0.219600 0.220157 0.220714 0.221271 0.221829 0.222386 0.222943 0.223500 0.223500 0.223500 0.223500 0.223500 0.223500 0.223500 0.223500 0.223500 0.227500 0.228614 0.229729 0.230843 0.231957 0.233071 0.234186 0.235300 0.239200 0.239757 0.240314 0.240871 0.241429 0.241986 0.242543 0.243100 0.251000 0.251000 0.251000 0.251000 0.251000 0.251000 0.251000 0.251000 0.149000 0.149557 0.150114 0.150671 0.151229 0.151786 0.152343 0.152900 0.152900 0.152900 0.152900 0.152900 0.152900 0.152900 0.152900 0.152900 0.152900 0.153471 0.154043 0.154614 0.155186 0.155757 0.156329 0.156900 0.156900 0.156900 0.156900 0.156900 0.156900 0.156900 0.156900 0.156900 0.156900 0.156900 0.156900 0.156900 0.156900 0.156900 0.156900 0.156900 0.156900 0.156900 0.156900 0.156900 0.156900 0.156900 0.156900 0.156900 0.160800 0.160800 0.160800 0.160800 0.160800 0.160800 0.160800 0.160800 0.160800 0.160800 0.160800 0.160800 0.160800 0.160800 0.160800 0.160800 0.160800 0.160800 0.160800 0.160800 0.160800 0.160800 0.160800 0.160800 0.160800 0.160800 0.160800 0.160800 0.160800 0.160800 0.160800 0.160800 0.160800 0.161357 0.161914 0.162471 0.163029 0.163586 0.164143 0.164700 0.160800 0.160800 0.160800 0.160800 0.160800 0.160800 0.160800 0.160800 0.160800 0.160800 0.160800 0.160800 0.160800 0.160800 0.160800 0.160800 0.164700 0.164143 0.163586 0.163029 0.162471 0.161914 0.161357 0.160800 0.160800 0.160800 0.160800 0.160800 0.160800 0.160800 0.160800 0.160800 0.160800 0.160800 0.160800 0.160800 0.160800 0.160800 0.160800 0.160800 0.160800 0.160243 0.159686 0.159129 0.158571 0.158014 0.157457 0.156900 0.156900 0.156900 0.156900 0.156900 0.156900 0.156900 0.156900 0.156900 0.156900 0.156900 0.156900 0.156900 0.156900 0.156900 0.156900 0.156900 0.152900 0.152900 0.152900 0.152900 0.152900 0.152900 0.152900 0.152900 0.152900 0.152900 0.152900 0.152900 0.152900 0.152900 0.152900 0.152900 0.152900 0.152900 0.152900 0.152900 0.152900 0.152900 0.152900 0.152900 0.152900 0.167471 0.182043 0.196614 0.211186 0.225757 0.240329 0.254900 0.243100 0.243100 0.243100 0.243100 0.243100 0.243100 0.243100 0.243100 0.235300 0.234743 0.234186 0.233629 0.233071 0.232514 0.231957 0.231400 0.227500 0.226929 0.226357 0.225786 0.225214 0.224643 0.224071 0.223500 0.223500 0.222943 0.222386 0.221829 0.221271 0.220714 0.220157 0.219600
0.219600 0.220078 0.220555 0.221033 0.221510 0.221988 0.222465 0.222943 0.222943 0.223022 0.223102 0.223182 0.223261 0.223341 0.223420 0.223500 0.227500 0.228535 0.229569 0.230604 0.231639 0.232673 0.233708 0.234743 0.239200 0.239678 0.240155 0.240633 0.241110 0.241588 0.242065 0.242543 0.250443 0.248441 0.246439 0.244437 0.242435 0.240433 0.238431 0.236429 0.149000 0.149478 0.149955 0.150433 0.150910 0.151388 0.151865 0.152343 0.152900 0.152900 0.152900 0.152900 0.152900 0.152900 0.152900 0.152900 0.152900 0.153390 0.153880 0.154369 0.154859 0.155349 0.155839 0.156329 0.156329 0.156410 0.156492 0.156573 0.156655 0.156737 0.156818 0.156900 0.156329 0.156410 0.156492 0.156573 0.156655 0.156737 0.156818 0.156900 0.156900 0.156900 0.156900 0.156900 0.156900 0.156900 0.156900 0.156900 0.159671 0.159753 0.159835 0.159916 0.159998 0.160080 0.160161 0.160243 0.160243 0.160243 0.160243 0.160243 0.160243 0.160243 0.160243 0.160243 0.160243 0.160243 0.160243 0.160243 0.160243 0.160243 0.160243 0.160243 0.160800 0.160800 0.160800 0.160800 0.160800 0.160800 0.160800 0.160800 0.160243 0.160800 0.161357 0.161914 0.162471 0.163029 0.163586 0.164143 0.160800 0.160720 0.160641 0.160561 0.160482 0.160402 0.160322 0.160243 0.160243 0.160243 0.160243 0.160243 0.160243 0.160243 0.160243 0.160243 0.163586 0.163108 0.162631 0.162153 0.161676 0.161198 0.160720 0.160243 0.160800 0.160720 0.160641 0.160561 0.160482 0.160402 0.160322 0.160243 0.160243 0.160243 0.160243 0.160243 0.160243 0.160243 0.160243 0.160243 0.160243 0.159765 0.159288 0.158810 0.158333 0.157855 0.157378 0.156900 0.156900 0.156900 0.156900 0.156900 0.156900 0.156900 0.156900 0.156900 0.156329 0.156329 0.156329 0.156329 0.156329 0.156329 0.156329 0.156329 0.152900 0.152900 0.152900 0.152900 0.152900 0.152900 0.152900 0.152900 0.152900 0.152900 0.152900 0.152900 0.152900 0.152900 0.152900 0.152900 0.152900 0.152820 0.152741 0.152661 0.152582 0.152502 0.152422 0.152343 0.152343 0.164833 0.177322 0.189812 0.202302 0.214792 0.227282 0.239771 0.244229 0.244149 0.244069 0.243990 0.243910 0.243831 0.243751 0.243671 0.235857 0.235380 0.234902 0.234425 0.233947 0.233469 0.232992 0.232514 0.228057 0.227488 0.226918 0.226349 0.225780 0.225210 0.224641 0.224071 0.223500 0.223022 0.222545 0.222067 0.221590 0.221112 0.220635 0.220157
0.219600 0.219998 0.220396 0.220794 0.221192 0.221590 0.221988 0.222386 0.222386 0.222545 0.222704 0.222863 0.223022 0.223182 0.223341 0.223500 0.227500 0.228455 0.229410 0.230365 0.231320 0.232276 0.233231 0.234186 0.239200 0.239598 0.239996 0.240394 0.240792 0.241190 0.241588 0.241986 0.249886 0.245882 0.241878 0.237873 0.233869 0.229865 0.225861 0.221857 0.149000 0.149398 0.149796 0.150194 0.150592 0.150990 0.151388 0.151786 0.152900 0.152900 0.152900 0.152900 0.152900 0.152900 0.152900 0.152900 0.152900 0.153308 0.153716 0.154124 0.154533 0.154941 0.155349 0.155757 0.155757 0.155920 0.156084 0.156247 0.156410 0.156573 0.156737 0.156900 0.155757 0.155920 0.156084 0.156247 0.156410 0.156573 0.156737 0.156900 0.156900 0.156900 0.156900 0.156900 0.156900 0.156900 0.156900 0.156900 0.158543 0.158706 0.158869 0.159033 0.159196 0.159359 0.159522 0.159686 0.159686 0.159686 0.159686 0.159686 0.159686 0.159686 0.159686 0.159686 0.159686 0.159686 0.159686 0.159686 0.159686 0.159686 0.159686 0.159686 0.160800 0.160800 0.160800 0.160800 0.160800 0.160800 0.160800 0.160800 0.159686 0.160243 0.160800 0.161357 0.161914 0.162471 0.163029 0.163586 0.160800 0.160641 0.160482 0.160322 0.160163 0.160004 0.159845 0.159686 0.159686 0.159686 0.159686 0.159686 0.159686 0.159686 0.159686 0.159686 0.162471 0.162073 0.161676 0.161278 0.160880 0.160482 0.160084 0.159686 0.160800 0.160641 0.160482 0.160322 0.160163 0.160004 0.159845 0.159686 0.159686 0.159686 0.159686 0.159686 0.159686 0.159686 0.159686 0.159686 0.159686 0.159288 0.158890 0.158492 0.158094 0.157696 0.157298 0.156900 0.156900 0.156900 0.156900 0.156900 0.156900 0.156900 0.156900 0.156900 0.155757 0.155757 0.155757 0.155757 0.155757 0.155757 0.155757 0.155757 0.152900 0.152900 0.152900 0.152900 0.152900 0.152900 0.152900 0.152900 0.152900 0.152900 0.152900 0.152900 0.152900 0.152900 0.152900 0.152900 0.152900 0.152741 0.152582 0.152422 0.152263 0.152104 0.151945 0.151786 0.151786 0.162194 0.172602 0.183010 0.193418 0.203827 0.214235 0.224643 0.245357 0.245198 0.245039 0.244880 0.244720 0.244561 0.244402 0.244243 0.236414 0.236016 0.235618 0.235220 0.234822 0.234425 0.234027 0.233629 0.228614 0.228047 0.227480 0.226912 0.226345 0.225778 0.225210 0.224643 0.223500 0.223102 0.222704 0.222306 0.221908 0.221510 0.221112 0.220714
0.219600 0.219918 0.220237 0.220555 0.220873 0.221192 0.221510 0.221829 0.221829 0.222067 0.222306 0.222545 0.222784 0.223022 0.223261 0.223500 0.227500 0.228376 0.229251 0.230127 0.231002 0.231878 0.232753 0.233629 0.239200 0.239518 0.239837 0.240155 0.240473 0.240792 0.241110 0.241429 0.249329 0.243322 0.237316 0.231310 0.225304 0.219298 0.213292 0.207286 0.149000 0.149318 0.149637 0.149955 0.150273 0.150592 0.150910 0.151229 0.152900 0.152900 0.152900 0.152900 0.152900 0.152900 0.152900 0.152900 0.152900 0.153227 0.153553 0.153880 0.154206 0.154533 0.154859 0.155186 0.155186 0.155431 0.155676 0.155920 0.156165 0.156410 0.156655 0.156900 0.155186 0.155431 0.155676 0.155920 0.156165 0.156410 0.156655 0.156900 0.156900 0.156900 0.156900 0.156900 0.156900 0.156900 0.156900 0.156900 0.157414 0.157659 0.157904 0.158149 0.158394 0.158639 0.158884 0.159129 0.159129 0.159129 0.159129 0.159129 0.159129 0.159129 0.159129 0.159129 0.159129 0.159129 0.159129 0.159129 0.159129 0.159129 0.159129 0.159129 0.160800 0.160800 0.160800 0.160800 0.160800 0.160800 0.160800 0.160800 0.159129 0.159686 0.160243 0.160800 0.161357 0.161914 0.162471 0.163029 0.160800 0.160561 0.160322 0.160084 0.159845 0.159606 0.159367 0.159129 0.159129 0.159129 0.159129 0.159129 0.159129 0.159129 0.159129 0.159129 0.161357 0.161039 0.160720 0.160402 0.160084 0.159765 0.159447 0.159129 0.160800 0.160561 0.160322 0.160084 0.159845 0.159606 0.159367 0.159129 0.159129 0.159129 0.159129 0.159129 0.159129 0.159129 0.159129 0.159129 0.159129 0.158810 0.158492 0.158173 0.157855 0.157537 0.157218 0.156900 0.156900 0.156900 0.156900 0.156900 0.156900 0.156900 0.156900 0.156900 0.155186 0.155186 0.155186 0.155186 0.155186 0.155186 0.155186 0.155186 0.152900 0.152900 0.152900 0.152900 0.152900 0.152900 0.152900 0.152900 0.152900 0.152900 0.152900 0.152900 0.152900 0.152900 0.152900 0.152900 0.152900 0.152661 0.152422 0.152184 0.151945 0.151706 0.151467 0.151229 0.151229 0.159555 0.167882 0.176208 0.184535 0.192861 0.201188 0.209514 0.246486 0.246247 0.246008 0.245769 0.245531 0.245292 0.245053 0.244814 0.236971 0.236653 0.236335 0.236016 0.235698 0.235380 0.235061 0.234743 0.229171 0.228606 0.228041 0.227476 0.226910 0.226345 0.225780 0.225214 0.223500 0.223182 0.222863 0.222545 0.222227 0.221908 0.221590 0.221271
0.219600 0.219839 0.220078 0.220316 0.220555 0.220794 0.221033 0.221271 0.221271 0.221590 0.221908 0.222227 0.222545 0.222863 0.223182 0.223500 0.227500 0.228296 0.229092 0.229888 0.230684 0.231480 0.232276 0.233071 0.239200 0.239439 0.239678 0.239916 0.240155 0.240394 0.240633 0.240871 0.248771 0.240763 0.232755 0.224747 0.216739 0.208731 0.200722 0.192714 0.149000 0.149239 0.149478 0.149716 0.149955 0.150194 0.150433 0.150671 0.152900 0.152900 0.152900 0.152900 0.152900 0.152900 0.152900 0.152900 0.152900 0.153145 0.153390 0.153635 0.153880 0.154124 0.154369 0.154614 0.154614 0.154941 0.155267 0.155594 0.155920 0.156247 0.156573 0.156900 0.154614 0.154941 0.155267 0.155594 0.155920 0.156247 0.156573 0.156900 0.156900 0.156900 0.156900 0.156900 0.156900 0.156900 0.156900 0.156900 0.156286 0.156612 0.156939 0.157265 0.157592 0.157918 0.158245 0.158571 0.158571 0.158571 0.158571 0.158571 0.158571 0.158571 0.158571 0.158571 0.158571 0.158571 0.158571 0.158571 0.158571 0.158571 0.158571 0.158571 0.160800 0.160800 0.160800 0.160800 0.160800 0.160800 0.160800 0.160800 0.158571 0.159129 0.159686 0.160243 0.160800 0.161357 0.161914 0.162471 0.160800 0.160482 0.160163 0.159845 0.159527 0.159208 0.158890 0.158571 0.158571 0.158571 0.158571 0.158571 0.158571 0.158571 0.158571 0.158571 0.160243 0.160004 0.159765 0.159527 0.159288 0.159049 0.158810 0.158571 0.160800 0.160482 0.160163 0.159845 0.159527 0.159208 0.158890 0.158571 0.158571 0.158571 0.158571 0.158571 0.158571 0.158571 0.158571 0.158571 0.158571 0.158333 0.158094 0.157855 0.157616 0.157378 0.157139 0.156900 0.156900 0.156900 0.156900 0.156900 0.156900 0.156900 0.156900 0.156900 0.154614 0.154614 0.154614 0.154614 0.154614 0.154614 0.154614 0.154614 0.152900 0.152900 0.152900 0.152900 0.152900 0.152900 0.152900 0.152900 0.152900 0.152900 0.152900 0.152900 0.152900 0.152900 0.152900 0.152900 0.152900 0.152582 0.152263 0.151945 0.151627 0.151308 0.150990 0.150671 0.150671 0.156916 0.163161 0.169406 0.175651 0.181896 0.188141 0.194386 0.247614 0.247296 0.246978 0.246659 0.246341 0.246022 0.245704 0.245386 0.237529 0.237290 0.237051 0.236812 0.236573 0.236335 0.236096 0.235857 0.229729 0.229165 0.228602 0.228039 0.227475 0.226912 0.226349 0.225786 0.223500 0.223261 0.223022 0.222784 0.222545 0.222306 0.222067 0.221829
0.219600 0.219759 0.219918 0.220078 0.220237 0.220396 0.220555 0.220714 0.220714 0.221112 0.221510 0.221908 0.222306 0.222704 0.223102 0.223500 0.227500 0.228216 0.228933 0.229649 0.230365 0.231082 0.231798 0.232514 0.239200 0.239359 0.239518 0.239678 0.239837 0.239996 0.240155 0.240314 0.248214 0.238204 0.228194 0.218184 0.208173 0.198163 0.188153 0.178143 0.149000 0.149159 0.149318 0.149478 0.149637 0.149796 0.149955 0.150114 0.152900 0.152900 0.152900 0.152900 0.152900 0.152900 0.152900 0.152900 0.152900 0.153063 0.153227 0.153390 0.153553 0.153716 0.153880 0.154043 0.154043 0.154451 0.154859 0.155267 0.155676 0.156084 0.156492 0.156900 0.154043 0.154451 0.154859 0.155267 0.155676 0.156084 0.156492 0.156900 0.156900 0.156900 0.156900 0.156900 0.156900 0.156900 0.156900 0.156900 0.155157 0.155565 0.155973 0.156382 0.156790 0.157198 0.157606 0.158014 0.158014 0.158014 0.158014 0.158014 0.158014 0.158014 0.158014 0.158014 0.158014 0.158014 0.158014 0.158014 0.158014 0.158014 0.158014 0.158014 0.160800 0.160800 0.160800 0.160800 0.160800 0.160800 0.160800 0.160800 0.158014 0.158571 0.159129 0.159686 0.160243 0.160800 0.161357 0.161914 0.160800 0.160402 0.160004 0.159606 0.159208 0.158810 0.158412 0.158014 0.158014 0.158014 0.158014 0.158014 0.158014 0.158014 0.158014 0.158014 0.159129 0.158969 0.158810 0.158651 0.158492 0.158333 0.158173 0.158014 0.160800 0.160402 0.160004 0.159606 0.159208 0.158810 0.158412 0.158014 0.158014 0.158014 0.158014 0.158014 0.158014 0.158014 0.158014 0.158014 0.158014 0.157855 0.157696 0.157537 0.157378 0.157218 0.157059 0.156900 0.156900 0.156900 0.156900 0.156900 0.156900 0.156900 0.156900 0.156900 0.154043 0.154043 0.154043 0.154043 0.154043 0.154043 0.154043 0.154043 0.152900 0.152900 0.152900 0.152900 0.152900 0.152900 0.152900 0.152900 0.152900 0.152900 0.152900 0.152900 0.152900 0.152900 0.152900 0.152900 0.152900 0.152502 0.152104 0.151706 0.151308 0.150910 0.150512 0.150114 0.150114 0.154278 0.158441 0.162604 0.166767 0.170931 0.175094 0.179257 0.248743 0.248345 0.247947 0.247549 0.247151 0.246753 0.246355 0.245957 0.238086 0.237927 0.237767 0.237608 0.237449 0.237290 0.237131 0.236971 0.230286 0.229724 0.229163 0.228602 0.228041 0.227480 0.226918 0.226357 0.223500 0.223341 0.223182 0.223022 0.222863 0.222704 0.222545 0.222386
0.219600 0.219680 0.219759 0.219839 0.219918 0.219998 0.220078 0.220157 0.220157 0.220635 0.221112 0.221590 0.222067 0.222545 0.223022 0.223500 0.227500 0.228137 0.228773 0.229410 0.230047 0.230684 0.231320 0.231957 0.239200 0.239280 0.239359 0.239439 0.239518 0.239598 0.239678 0.239757 0.247657 0.235645 0.223633 0.211620 0.199608 0.187596 0.175584 0.163571 0.149000 0.149080 0.149159 0.149239 0.149318 0.149398 0.149478 0.149557 0.152900 0.152900 0.152900 0.152900 0.152900 0.152900 0.152900 0.152900 0.152900 0.152982 0.153063 0.153145 0.153227 0.153308 0.153390 0.153471 0.153471 0.153961 0.154451 0.154941 0.155431 0.155920 0.156410 0.156900 0.153471 0.153961 0.154451 0.154941 0.155431 0.155920 0.156410 0.156900 0.156900 0.156900 0.156900 0.156900 0.156900 0.156900 0.156900 0.156900 0.154029 0.154518 0.155008 0.155498 0.155988 0.156478 0.156967 0.157457 0.157457 0.157457 0.157457 0.157457 0.157457 0.157457 0.157457 0.157457 0.157457 0.157457 0.157457 0.157457 0.157457 0.157457 0.157457 0.157457 0.160800 0.160800 0.160800 0.160800 0.160800 0.160800 0.160800 0.160800 0.157457 0.158014 0.158571 0.159129 0.159686 0.160243 0.160800 0.161357 0.160800 0.160322 0.159845 0.159367 0.158890 0.158412 0.157935 0.157457 0.157457 0.157457 0.157457 0.157457 0.157457 0.157457 0.157457 0.157457 0.158014 0.157935 0.157855 0.157776 0.157696 0.157616 0.157537 0.157457 0.160800 0.160322 0.159845 0.159367 0.158890 0.158412 0.157935 0.157457 0.157457 0.157457 0.157457 0.157457 0.157457 0.157457 0.157457 0.157457 0.157457 0.157378 0.157298 0.157218 0.157139 0.157059 0.156980 0.156900 0.156900 0.156900 0.156900 0.156900 0.156900 0.156900 0.156900 0.156900 0.153471 0.153471 0.153471 0.153471 0.153471 0.153471 0.153471 0.153471 0.152900 0.152900 0.152900 0.152900 0.152900 0.152900 0.152900 0.152900 0.152900 0.152900 0.152900 0.152900 0.152900 0.152900 0.152900 0.152900 0.152900 0.152422 0.151945 0.151467 0.150990 0.150512 0.150035 0.149557 0.149557 0.151639 0.153720 0.155802 0.157884 0.159965 0.162047 0.164129 0.249871 0.249394 0.248916 0.248439 0.247961 0.247484 0.247006 0.246529 0.238643 0.238563 0.238484 0.238404 0.238324 0.238245 0.238165 0.238086 0.230843 0.230284 0.229725 0.229165 0.228606 0.228047 0.227488 0.226929 0.223500 0.223420 0.223341 0.223261 0.223182 0.223102 0.223022 0.222943
0.219600 0.219600 0.219600 0.219600 0.219600 0.219600 0.219600 0.219600 0.219600 0.220157 0.220714 0.221271 0.221829 0.222386 0.222943 0.223500 0.227500 0.228057 0.228614 0.229171 0.229729 0.230286 0.230843 0.231400 0.239200 0.239200 0.239200 0.239200 0.239200 0.239200 0.239200 0.239200 0.247100 0.233086 0.219071 0.205057 0.191043 0.177029 0.163014 0.149000 0.149000 0.149000 0.149000 0.149000 0.149000 0.149000 0.149000 0.149000 0.152900 0.152900 0.152900 0.152900 0.152900 0.152900 0.152900 0.152900 0.152900 0.152900 0.152900 0.152900 0.152900 0.152900 0.152900 0.152900 0.152900 0.153471 0.154043 0.154614 0.155186 0.155757 0.156329 0.156900 0.152900 0.153471 0.154043 0.154614 0.155186 0.155757 0.156329 0.156900 0.156900 0.156900 0.156900 0.156900 0.156900 0.156900 0.156900 0.156900 0.152900 0.153471 0.154043 0.154614 0.155186 0.155757 0.156329 0.156900 0.156900 0.156900 0.156900 0.156900 0.156900 0.156900 0.156900 0.156900 0.156900 0.156900 0.156900 0.156900 0.156900 0.156900 0.156900 0.156900 0.160800 0.160800 0.160800 0.160800 0.160800 0.160800 0.160800 0.160800 0.156900 0.157457 0.158014 0.158571 0.159129 0.159686 0.160243 0.160800 0.160800 0.160243 0.159686 0.159129 0.158571 0.158014 0.157457 0.156900 0.156900 0.156900 0.156900 0.156900 0.156900 0.156900 0.156900 0.156900 0.156900 0.156900 0.156900 0.156900 0.156900 0.156900 0.156900 0.156900 0.160800 0.160243 0.159686 0.159129 0.158571 0.158014 0.157457 0.156900 0.156900 0.156900 0.156900 0.156900 0.156900 0.156900 0.156900 0.156900 0.156900 0.156900 0.156900 0.156900 0.156900 0.156900 0.156900 0.156900 0.156900 0.156900 0.156900 0.156900 0.156900 0.156900 0.156900 0.156900 0.152900 0.152900 0.152900 0.152900 0.152900 0.152900 0.152900 0.152900 0.152900 0.152900 0.152900 0.152900 0.152900 0.152900 0.152900 0.152900 0.152900 0.152900 0.152900 0.152900 0.152900 0.152900 0.152900 0.152900 0.152900 0.152343 0.151786 0.151229 0.150671 0.150114 0.149557 0.149000 0.149000 0.149000 0.149000 0.149000 0.149000 0.149000 0.149000 0.149000 0.251000 0.250443 0.249886 0.249329 0.248771 0.248214 0.247657 0.247100 0.239200 0.239200 0.239200 0.239200 0.239200 0.239200 0.239200 0.239200 0.231400 0.230843 0.230286 0.229729 0.229171 0.228614 0.228057 0.227500 0.223500 0.223500 0.223500 0.223500 0.223500 0.223500 0.223500 0.223500
0.219600 0.220157 0.220714 0.221271 0.221829 0.222386 0.222943 0.223500 0.227500 0.227500 0.227500 0.227500 0.227500 0.227500 0.227500 0.227500 0.227500 0.228057 0.228614 0.229171 0.229729 0.230286 0.230843 0.231400 0.243100 0.243100 0.243100 0.243100 0.243100 0.243100 0.243100 0.243100 0.149000 0.149000 0.149000 0.149000 0.149000 0.149000 0.149000 0.149000 0.149000 0.149557 0.150114 0.150671 0.151229 0.151786 0.152343 0.152900 0.152900 0.152900 0.152900 0.152900 0.152900 0.152900 0.152900 0.152900 0.152900 0.152900 0.152900 0.152900 0.152900 0.152900 0.152900 0.152900 0.152900 0.152900 0.152900 0.152900 0.152900 0.152900 0.152900 0.152900 0.152900 0.153471 0.154043 0.154614 0.155186 0.155757 0.156329 0.156900 0.152900 0.152900 0.152900 0.152900 0.152900 0.152900 0.152900 0.152900 0.156900 0.156900 0.156900 0.156900 0.156900 0.156900 0.156900 0.156900 0.156900 0.156900 0.156900 0.156900 0.156900 0.156900 0.156900 0.156900 0.156900 0.156900 0.156900 0.156900 0.156900 0.156900 0.156900 0.156900 0.156900 0.156329 0.155757 0.155186 0.154614 0.154043 0.153471 0.152900 0.156900 0.156900 0.156900 0.156900 0.156900 0.156900 0.156900 0.156900 0.156900 0.156900 0.156900 0.156900 0.156900 0.156900 0.156900 0.156900 0.156900 0.156900 0.156900 0.156900 0.156900 0.156900 0.156900 0.156900 0.156900 0.156900 0.156900 0.156900 0.156900 0.156900 0.156900 0.156900 0.156900 0.156900 0.156900 0.156900 0.156900 0.156900 0.156900 0.156900 0.152900 0.153471 0.154043 0.154614 0.155186 0.155757 0.156329 0.156900 0.156900 0.156900 0.156900 0.156900 0.156900 0.156900 0.156900 0.156900 0.152900 0.152900 0.152900 0.152900 0.152900 0.152900 0.152900 0.152900 0.152900 0.152900 0.152900 0.152900 0.152900 0.152900 0.152900 0.152900 0.152900 0.152900 0.152900 0.152900 0.152900 0.152900 0.152900 0.152900 0.152900 0.152343 0.151786 0.151229 0.150671 0.150114 0.149557 0.149000 0.152900 0.152343 0.151786 0.151229 0.150671 0.150114 0.149557 0.149000 0.149000 0.149000 0.149000 0.149000 0.149000 0.149000 0.149000 0.149000 0.149000 0.149000 0.149000 0.149000 0.149000 0.149000 0.149000 0.149000 0.235300 0.235300 0.235300 0.235300 0.235300 0.235300 0.235300 0.235300 0.231400 0.230843 0.230286 0.229729 0.229171 0.228614 0.228057 0.227500 0.219600 0.220157 0.220714 0.221271 0.221829 0.222386 0.222943 0.223500
0.219043 0.219600 0.220157 0.220714 0.221271 0.221829 0.222386 0.222943 0.227500 0.227418 0.227337 0.227255 0.227173 0.227092 0.227010 0.226929 0.227500 0.228137 0.228773 0.229410 0.230047 0.230684 0.231320 0.231957 0.229657 0.229657 0.229657 0.229657 0.229657 0.229657 0.229657 0.229657 0.149000 0.149000 0.149000 0.149000 0.149000 0.149000 0.149000 0.149000 0.149000 0.149478 0.149955 0.150433 0.150910 0.151388 0.151865 0.152343 0.152900 0.152820 0.152741 0.152661 0.152582 0.152502 0.152422 0.152343 0.152343 0.152343 0.152343 0.152343 0.152343 0.152343 0.152343 0.152343 0.152900 0.152900 0.152900 0.152900 0.152900 0.152900 0.152900 0.152900 0.152900 0.153390 0.153880 0.154369 0.154859 0.155349 0.155839 0.156329 0.152900 0.152900 0.152900 0.152900 0.152900 0.152900 0.152900 0.152900 0.156329 0.156329 0.156329 0.156329 0.156329 0.156329 0.156329 0.156329 0.156900 0.156900 0.156900 0.156900 0.156900 0.156900 0.156900 0.156900 0.156329 0.156410 0.156492 0.156573 0.156655 0.156737 0.156818 0.156900 0.156900 0.156329 0.155757 0.155186 0.154614 0.154043 0.153471 0.152900 0.156900 0.156818 0.156737 0.156655 0.156573 0.156492 0.156410 0.156329 0.156329 0.156329 0.156329 0.156329 0.156329 0.156329 0.156329 0.156329 0.156900 0.156818 0.156737 0.156655 0.156573 0.156492 0.156410 0.156329 0.156900 0.156818 0.156737 0.156655 0.156573 0.156492 0.156410 0.156329 0.156900 0.156818 0.156737 0.156655 0.156573 0.156492 0.156410 0.156329 0.153471 0.153880 0.154288 0.154696 0.155104 0.155512 0.155920 0.156329 0.156329 0.156329 0.156329 0.156329 0.156329 0.156329 0.156329 0.156329 0.152900 0.152900 0.152900 0.152900 0.152900 0.152900 0.152900 0.152900 0.152900 0.152900 0.152900 0.152900 0.152900 0.152900 0.152900 0.152900 0.152900 0.152820 0.152741 0.152661 0.152582 0.152502 0.152422 0.152343 0.152900 0.152343 0.151786 0.151229 0.150671 0.150114 0.149557 0.149000 0.152343 0.151865 0.151388 0.150910 0.150433 0.149955 0.149478 0.149000 0.149000 0.149000 0.149000 0.149000 0.149000 0.149000 0.149000 0.149000 0.149000 0.149000 0.149000 0.149000 0.149000 0.149000 0.149000 0.149000 0.222971 0.224733 0.226494 0.228255 0.230016 0.231778 0.233539 0.235300 0.230843 0.230284 0.229725 0.229165 0.228606 0.228047 0.227488 0.226929 0.220157 0.220555 0.220953 0.221351 0.221749 0.222147 0.222545 0.222943
0.218486 0.219043 0.219600 0.220157 0.220714 0.221271 0.221829 0.222386 0.227500 0.227337 0.227174 0.227010 0.226847 0.226684 0.226520 0.226357 0.227500 0.228216 0.228933 0.229649 0.230365 0.231082 0.231798 0.232514 0.216214 0.216214 0.216214 0.216214 0.216214 0.216214 0.216214 0.216214 0.149000 0.149000 0.149000 0.149000 0.149000 0.149000 0.149000 0.149000 0.149000 0.149398 0.149796 0.150194 0.150592 0.150990 0.151388 0.151786 0.152900 0.152741 0.152582 0.152422 0.152263 0.152104 0.151945 0.151786 0.151786 0.151786 0.151786 0.151786 0.151786 0.151786 0.151786 0.151786 0.152900 0.152900 0.152900 0.152900 0.152900 0.152900 0.152900 0.152900 0.152900 0.153308 0.153716 0.154124 0.154533 0.154941 0.155349 0.155757 0.152900 0.152900 0.152900 0.152900 0.152900 0.152900 0.152900 0.152900 0.155757 0.155757 0.155757 0.155757 0.155757 0.155757 0.155757 0.155757 0.156900 0.156900 0.156900 0.156900 0.156900 0.156900 0.156900 0.156900 0.155757 0.155920 0.156084 0.156247 0.156410 0.156573 0.156737 0.156900 0.156900 0.156329 0.155757 0.155186 0.154614 0.154043 0.153471 0.152900 0.156900 0.156737 0.156573 0.156410 0.156247 0.156084 0.155920 0.155757 0.155757 0.155757 0.155757 0.155757 0.155757 0.155757 0.155757 0.155757 0.156900 0.156737 0.156573 0.156410 0.156247 0.156084 0.155920 0.155757 0.156900 0.156737 0.156573 0.156410 0.156247 0.156084 0.155920 0.155757 0.156900 0.156737 0.156573 0.156410 0.156247 0.156084 0.155920 0.155757 0.154043 0.154288 0.154533 0.154778 0.155022 0.155267 0.155512 0.155757 0.155757 0.155757 0.155757 0.155757 0.155757 0.155757 0.155757 0.155757 0.152900 0.152900 0.152900 0.152900 0.152900 0.152900 0.152900 0.152900 0.152900 0.152900 0.152900 0.152900 0.152900 0.152900 0.152900 0.152900 0.152900 0.152741 0.152582 0.152422 0.152263 0.152104 0.151945 0.151786 0.152900 0.152343 0.151786 0.151229 0.150671 0.150114 0.149557 0.149000 0.151786 0.151388 0.150990 0.150592 0.150194 0.149796 0.149398 0.149000 0.149000 0.149000 0.149000 0.149000 0.149000 0.149000 0.149000 0.149000 0.149000 0.149000 0.149000 0.149000 0.149000 0.149000 0.149000 0.149000 0.210643 0.214165 0.217688 0.221210 0.224733 0.228255 0.231778 0.235300 0.230286 0.229724 0.229163 0.228602 0.228041 0.227480 0.226918 0.226357 0.220714 0.220953 0.221192 0.221431 0.221669 0.221908 0.222147 0.222386
0.217929 0.218486 0.219043 0.219600 0.220157 0.220714 0.221271 0.221829 0.227500 0.227255 0.227010 0.226765 0.226520 0.226276 0.226031 0.225786 0.227500 0.228296 0.229092 0.229888 0.230684 0.231480 0.232276 0.233071 0.202771 0.202771 0.202771 0.202771 0.202771 0.202771 0.202771 0.202771 0.149000 0.149000 0.149000 0.149000 0.149000 0.149000 0.149000 0.149000 0.149000 0.149318 0.149637 0.149955 0.150273 0.150592 0.150910 0.151229 0.152900 0.152661 0.152422 0.152184 0.151945 0.151706 0.151467 0.151229 0.151229 0.151229 0.151229 0.151229 0.151229 0.151229 0.151229 0.151229 0.152900 0.152900 0.152900 0.152900 0.152900 0.152900 0.152900 0.152900 0.152900 0.153227 0.153553 0.153880 0.154206 0.154533 0.154859 0.155186 0.152900 0.152900 0.152900 0.152900 0.152900 0.152900 0.152900 0.152900 0.155186 0.155186 0.155186 0.155186 0.155186 0.155186 0.155186 0.155186 0.156900 0.156900 0.156900 0.156900 0.156900 0.156900 0.156900 0.156900 0.155186 0.155431 0.155676 0.155920 0.156165 0.156410 0.156655 0.156900 0.156900 0.156329 0.155757 0.155186 0.154614 0.154043 0.153471 0.152900 0.156900 0.156655 0.156410 0.156165 0.155920 0.155676 0.155431 0.155186 0.155186 0.155186 0.155186 0.155186 0.155186 0.155186 0.155186 0.155186 0.156900 0.156655 0.156410 0.156165 0.155920 0.155676 0.155431 0.155186 0.156900 0.156655 0.156410 0.156165 0.155920 0.155676 0.155431 0.155186 0.156900 0.156655 0.156410 0.156165 0.155920 0.155676 0.155431 0.155186 0.154614 0.154696 0.154778 0.154859 0.154941 0.155022 0.155104 0.155186 0.155186 0.155186 0.155186 0.155186 0.155186 0.155186 0.155186 0.155186 0.152900 0.152900 0.152900 0.152900 0.152900 0.152900 0.152900 0.152900 0.152900 0.152900 0.152900 0.152900 0.152900 0.152900 0.152900 0.152900 0.152900 0.152661 0.152422 0.152184 0.151945 0.151706 0.151467 0.151229 0.152900 0.152343 0.151786 0.151229 0.150671 0.150114 0.149557 0.149000 0.151229 0.150910 0.150592 0.150273 0.149955 0.149637 0.149318 0.149000 0.149000 0.149000 0.149000 0.149000 0.149000 0.149000 0.149000 0.149000 0.149000 0.149000 0.149000 0.149000 0.149000 0.149000 0.149000 0.149000 0.198314 0.203598 0.208882 0.214165 0.219449 0.224733 0.230016 0.235300 0.229729 0.229165 0.228602 0.228039 0.227475 0.226912 0.226349 0.225786 0.221271 0.221351 0.221431 0.221510 0.221590 0.221669 0.221749 0.221829
0.217371 0.217929 0.218486 0.219043 0.219600 0.220157 0.220714 0.221271 0.227500 0.227173 0.226847 0.226520 0.226194 0.225867 0.225541 0.225214 0.227500 0.228376 0.229251 0.230127 0.231002 0.231878 0.232753 0.233629 0.189329 0.189329 0.189329 0.189329 0.189329 0.189329 0.189329 0.189329 0.149000 0.149000 0.149000 0.149000 0.149000 0.149000 0.149000 0.149000 0.149000 0.149239 0.149478 0.149716 0.149955 0.150194 0.150433 0.150671 0.152900 0.152582 0.152263 0.151945 0.151627 0.151308 0.150990 0.150671 0.150671 0.150671 0.150671 0.150671 0.150671 0.150671 0.150671 0.150671 0.152900 0.152900 0.152900 0.152900 0.152900 0.152900 0.152900 0.152900 0.152900 0.153145 0.153390 0.153635 0.153880 0.154124 0.154369 0.154614 0.152900 0.152900 0.152900 0.152900 0.152900 0.152900 0.152900 0.152900 0.154614 0.154614 0.154614 0.154614 0.154614 0.154614 0.154614 0.154614 0.156900 0.156900 0.156900 0.156900 0.156900 0.156900 0.156900 0.156900 0.154614 0.154941 0.155267 0.155594 0.155920 0.156247 0.156573 0.156900 0.156900 0.156329 0.155757 0.155186 0.154614 0.154043 0.153471 0.152900 0.156900 0.156573 0.156247 0.155920 0.155594 0.155267 0.154941 0.154614 0.154614 0.154614 0.154614 0.154614 0.154614 0.154614 0.154614 0.154614 0.156900 0.156573 0.156247 0.155920 0.155594 0.155267 0.154941 0.154614 0.156900 0.156573 0.156247 0.155920 0.155594 0.155267 0.154941 0.154614 0.156900 0.156573 0.156247 0.155920 0.155594 0.155267 0.154941 0.154614 0.155186 0.155104 0.155022 0.154941 0.154859 0.154778 0.154696 0.154614 0.154614 0.154614 0.154614 0.154614 0.154614 0.154614 0.154614 0.154614 0.152900 0.152900 0.152900 0.152900 0.152900 0.152900 0.152900 0.152900 0.152900 0.152900 0.152900 0.152900 0.152900 0.152900 0.152900 0.152900 0.152900 0.152582 0.152263 0.151945 0.151627 0.151308 0.150990 0.150671 0.152900 0.152343 0.151786 0.151229 0.150671 0.150114 0.149557 0.149000 0.150671 0.150433 0.150194 0.149955 0.149716 0.149478 0.149239 0.149000 0.149000 0.149000 0.149000 0.149000 0.149000 0.149000 0.149000 0.149000 0.149000 0.149000 0.149000 0.149000 0.149000 0.149000 0.149000 0.149000 0.185986 0.193031 0.200076 0.207120 0.214165 0.221210 0.228255 0.235300 0.229171 0.228606 0.228041 0.227476 0.226910 0.226345 0.225780 0.225214 0.221829 0.221749 0.221669 0.221590 0.221510 0.221431 0.221351 0.221271
0.216814 0.217371 0.217929 0.218486 0.219043 0.219600 0.220157 0.220714 0.227500 0.227092 0.226684 0.226276 0.225867 0.225459 0.225051 0.224643 0.227500 0.228455 0.229410 0.230365 0.231320 0.232276 0.233231 0.234186 0.175886 0.175886 0.175886 0.175886 0.175886 0.175886 0.175886 0.175886 0.149000 0.149000 0.149000 0.149000 0.149000 0.149000 0.149000 0.149000 0.149000 0.149159 0.149318 0.149478 0.149637 0.149796 0.149955 0.150114 0.152900 0.152502 0.152104 0.151706 0.151308 0.150910 0.150512 0.150114 0.150114 0.150114 0.150114 0.150114 0.150114 0.150114 0.150114 0.150114 0.152900 0.152900 0.152900 0.152900 0.152900 0.152900 0.152900 0.152900 0.152900 0.153063 0.153227 0.153390 0.153553 0.153716 0.153880 0.154043 0.152900 0.152900 0.152900 0.152900 0.152900 0.152900 0.152900 0.152900 0.154043 0.154043 0.154043 0.154043 0.154043 0.154043 0.154043 0.154043 0.156900 0.156900 0.156900 0.156900 0.156900 0.156900 0.156900 0.156900 0.154043 0.154451 0.154859 0.155267 0.155676 0.156084 0.156492 0.156900 0.156900 0.156329 0.155757 0.155186 0.154614 0.154043 0.153471 0.152900 0.156900 0.156492 0.156084 0.155676 0.155267 0.154859 0.154451 0.154043 0.154043 0.154043 0.154043 0.154043 0.154043 0.154043 0.154043 0.154043 0.156900 0.156492 0.156084 0.155676 0.155267 0.154859 0.154451 0.154043 0.156900 0.156492 0.156084 0.155676 0.155267 0.154859 0.154451 0.154043 0.156900 0.156492 0.156084 0.155676 0.155267 0.154859 0.154451 0.154043 0.155757 0.155512 0.155267 0.155022 0.154778 0.154533 0.154288 0.154043 0.154043 0.154043 0.154043 0.154043 0.154043 0.154043 0.154043 0.154043 0.152900 0.152900 0.152900 0.152900 0.152900 0.152900 0.152900 0.152900 0.152900 0.152900 0.152900 0.152900 0.152900 0.152900 0.152900 0.152900 0.152900 0.152502 0.152104 0.151706 0.151308 0.150910 0.150512 0.150114 0.152900 0.152343 0.151786 0.151229 0.150671 0.150114 0.149557 0.149000 0.150114 0.149955 0.149796 0.149637 0.149478 0.149318 0.149159 0.149000 0.149000 0.149000 0.149000 0.149000 0.149000 0.149000 0.149000 0.149000 0.149000 0.149000 0.149000 0.149000 0.149000 0.149000 0.149000 0.149000 0.173657 0.182463 0.191269 0.200076 0.208882 0.217688 0.226494 0.235300 0.228614 0.228047 0.227480 0.226912 0.226345 0.225778 0.225210 0.224643 0.222386 0.222147 0.221908 0.221669 0.221431 0.221192 0.220953 0.220714
0.216257 0.216814 0.217371 0.217929 0.218486 0.219043 0.219600 0.220157 0.227500 0.227010 0.226520 0.226031 0.225541 0.225051 0.224561 0.224071 0.227500 0.228535 0.229569 0.230604 0.231639 0.232673 0.233708 0.234743 0.162443 0.162443 0.162443 0.162443 0.162443 0.162443 0.162443 0.162443 0.149000 0.149000 0.149000 0.149000 0.149000 0.149000 0.149000 0.149000 0.149000 0.149080 0.149159 0.149239 0.149318 0.149398 0.149478 0.149557 0.152900 0.152422 0.151945 0.151467 0.150990 0.150512 0.150035 0.149557 0.149557 0.149557 0.149557 0.149557 0.149557 0.149557 0.149557 0.149557 0.152900 0.152900 0.152900 0.152900 0.152900 0.152900 0.152900 0.152900 0.152900 0.152982 0.153063 0.153145 0.153227 0.153308 0.153390 0.153471 0.152900 0.152900 0.152900 0.152900 0.152900 0.152900 0.152900 0.152900 0.153471 0.153471 0.153471 0.153471 0.153471 0.153471 0.153471 0.153471 0.156900 0.156900 0.156900 0.156900 0.156900 0.156900 0.156900 0.156900 0.153471 0.153961 0.154451 0.154941 0.155431 0.155920 0.156410 0.156900 0.156900 0.156329 0.155757 0.155186 0.154614 0.154043 0.153471 0.152900 0.156900 0.156410 0.155920 0.155431 0.154941 0.154451 0.153961 0.153471 0.153471 0.153471 0.153471 0.153471 0.153471 0.153471 0.153471 0.153471 0.156900 0.156410 0.155920 0.155431 0.154941 0.154451 0.153961 0.153471 0.156900 0.156410 0.155920 0.155431 0.154941 0.154451 0.153961 0.153471 0.156900 0.156410 0.155920 0.155431 0.154941 0.154451 0.153961 0.153471 0.156329 0.155920 0.155512 0.155104 0.154696 0.154288 0.153880 0.153471 0.153471 0.153471 0.153471 0.153471 0.153471 0.153471 0.153471 0.153471 0.152900 0.152900 0.152900 0.152900 0.152900 0.152900 0.152900 0.152900 0.152900 0.152900 0.152900 0.152900 0.152900 0.152900 0.152900 0.152900 0.152900 0.152422 0.151945 0.151467 0.150990 0.150512 0.150035 0.149557 0.152900 0.152343 0.151786 0.151229 0.150671 0.150114 0.149557 0.149000 0.149557 0.149478 0.149398 0.149318 0.149239 0.149159 0.149080 0.149000 0.149000 0.149000 0.149000 0.149000 0.149000 0.149000 0.149000 0.149000 0.149000 0.149000 0.149000 0.149000 0.149000 0.149000 0.149000 0.149000 0.161329 0.171896 0.182463 0.193031 0.203598 0.214165 0.224733 0.235300 0.228057 0.227488 0.226918 0.226349 0.225780 0.225210 0.224641 0.224071 0.222943 0.222545 0.222147 0.221749 0.221351 0.220953 0.220555 0.220157
0.215700 0.216257 0.216814 0.217371 0.217929 0.218486 0.219043 0.219600 0.227500 0.226929 0.226357 0.225786 0.225214 0.224643 0.224071 0.223500 0.227500 0.228614 0.229729 0.230843 0.231957 0.233071 0.234186 0.235300 0.149000 0.149000 0.149000 0.149000 0.149000 0.149000 0.149000 0.149000 0.149000 0.149000 0.149000 0.149000 0.149000 0.149000 0.149000 0.149000 0.149000 0.149000 0.149000 0.149000 0.149000 0.149000 0.149000 0.149000 0.152900 0.152343 0.151786 0.151229 0.150671 0.150114 0.149557 0.149000 0.149000 0.149000 0.149000 0.149000 0.149000 0.149000 0.149000 0.149000 0.152900 0.152900 0.152900 0.152900 0.152900 0.152900 0.152900 0.152900 0.152900 0.152900 0.152900 0.152900 0.152900 0.152900 0.152900 0.152900 0.152900 0.152900 0.152900 0.152900 0.152900 0.152900 0.152900 0.152900 0.152900 0.152900 0.152900 0.152900 0.152900 0.152900 0.152900 0.152900 0.156900 0.156900 0.156900 0.156900 0.156900 0.156900 0.156900 0.156900 0.152900 0.153471 0.154043 0.154614 0.155186 0.155757 0.156329 0.156900 0.156900 0.156329 0.155757 0.155186 0.154614 0.154043 0.153471 0.152900 0.156900 0.156329 0.155757 0.155186 0.154614 0.154043 0.153471 0.152900 0.152900 0.152900 0.152900 0.152900 0.152900 0.152900 0.152900 0.152900 0.156900 0.156329 0.155757 0.155186 0.154614 0.154043 0.153471 0.152900 0.156900 0.156329 0.155757 0.155186 0.154614 0.154043 0.153471 0.152900 0.156900 0.156329 0.155757 0.155186 0.154614 0.154043 0.153471 0.152900 0.156900 0.156329 0.155757 0.155186 0.154614 0.154043 0.153471 0.152900 0.152900 0.152900 0.152900 0.152900 0.152900 0.152900 0.152900 0.152900 0.152900 0.152900 0.152900 0.152900 0.152900 0.152900 0.152900 0.152900 0.152900 0.152900 0.152900 0.152900 0.152900 0.152900 0.152900 0.152900 0.152900 0.152343 0.151786 0.151229 0.150671 0.150114 0.149557 0.149000 0.152900 0.152343 0.151786 0.151229 0.150671 0.150114 0.149557 0.149000 0.149000 0.149000 0.149000 0.149000 0.149000 0.149000 0.149000 0.149000 0.149000 0.149000 0.149000 0.149000 0.149000 0.149000 0.149000 0.149000 0.149000 0.149000 0.149000 0.149000 0.149000 0.149000 0.149000 0.149000 0.149000 0.161329 0.173657 0.185986 0.198314 0.210643 0.222971 0.235300 0.227500 0.226929 0.226357 0.225786 0.225214 0.224643 0.224071 0.223500 0.223500 0.222943 0.222386 0.221829 0.221271 0.220714 0.220157 0.219600
0.215700 0.216814 0.217929 0.219043 0.220157 0.221271 0.222386 0.223500 0.223500 0.224071 0.224643 0.225214 0.225786 0.226357 0.226929 0.227500 0.227500 0.216286 0.205071 0.193857 0.182643 0.171429 0.160214 0.149000 0.149000 0.149000 0.149000 0.149000 0.149000 0.149000 0.149000 0.149000 0.149000 0.149000 0.149000 0.149000 0.149000 0.149000 0.149000 0.149000 0.149000 0.149000 0.149000 0.149000 0.149000 0.149000 0.149000 0.149000 0.149000 0.149000 0.149000 0.149000 0.149000 0.149000 0.149000 0.149000 0.149000 0.149000 0.149000 0.149000 0.149000 0.149000 0.149000 0.149000 0.152900 0.152900 0.152900 0.152900 0.152900 0.152900 0.152900 0.152900 0.152900 0.152900 0.152900 0.152900 0.152900 0.152900 0.152900 0.152900 0.152900 0.152900 0.152900 0.152900 0.152900 0.152900 0.152900 0.152900 0.152900 0.152900 0.152900 0.152900 0.152900 0.152900 0.152900 0.152900 0.152900 0.152900 0.152900 0.152900 0.152900 0.152900 0.152900 0.152900 0.152900 0.152900 0.152900 0.152900 0.152900 0.152900 0.152900 0.152900 0.152900 0.153471 0.154043 0.154614 0.155186 0.155757 0.156329 0.156900 0.152900 0.152900 0.152900 0.152900 0.152900 0.152900 0.152900 0.152900 0.152900 0.152900 0.152900 0.152900 0.152900 0.152900 0.152900 0.152900 0.152900 0.152900 0.152900 0.152900 0.152900 0.152900 0.152900 0.152900 0.152900 0.152900 0.152900 0.152900 0.152900 0.152900 0.152900 0.152900 0.152900 0.152900 0.152900 0.152900 0.152900 0.152900 0.152900 0.152900 0.152900 0.152900 0.152900 0.152900 0.152900 0.152900 0.152900 0.152900 0.152900 0.152900 0.152900 0.152900 0.152900 0.152900 0.152900 0.152900 0.152900 0.152900 0.152900 0.152900 0.152900 0.152900 0.152900 0.152900 0.152900 0.152343 0.151786 0.151229 0.150671 0.150114 0.149557 0.149000 0.152900 0.152343 0.151786 0.151229 0.150671 0.150114 0.149557 0.149000 0.149000 0.149000 0.149000 0.149000 0.149000 0.149000 0.149000 0.149000 0.152900 0.152343 0.151786 0.151229 0.150671 0.150114 0.149557 0.149000 0.149000 0.149000 0.149000 0.149000 0.149000 0.149000 0.149000 0.149000 0.149000 0.149000 0.149000 0.149000 0.149000 0.149000 0.149000 0.149000 0.149000 0.149000 0.149000 0.149000 0.149000 0.149000 0.149000 0.149000 0.227500 0.227500 0.227500 0.227500 0.227500 0.227500 0.227500 0.227500 0.223500 0.222943 0.222386 0.221829 0.221271 0.220714 0.220157 0.219600
0.216257 0.217212 0.218167 0.219122 0.220078 0.221033 0.221988 0.222943 0.223500 0.224151 0.224802 0.225453 0.226104 0.226755 0.227406 0.228057 0.216286 0.206673 0.197061 0.187449 0.177837 0.168224 0.158612 0.149000 0.149000 0.149000 0.149000 0.149000 0.149000 0.149000 0.149000 0.149000 0.149000 0.149000 0.149000 0.149000 0.149000 0.149000 0.149000 0.149000 0.149000 0.149000 0.149000 0.149000 0.149000 0.149000 0.149000 0.149000 0.149000 0.149000 0.149000 0.149000 0.149000 0.149000 0.149000 0.149000 0.149000 0.149000 0.149000 0.149000 0.149000 0.149000 0.149000 0.149000 0.152343 0.152343 0.152343 0.152343 0.152343 0.152343 0.152343 0.152343 0.152900 0.152900 0.152900 0.152900 0.152900 0.152900 0.152900 0.152900 0.152343 0.152422 0.152502 0.152582 0.152661 0.152741 0.152820 0.152900 0.152900 0.152900 0.152900 0.152900 0.152900 0.152900 0.152900 0.152900 0.152900 0.152900 0.152900 0.152900 0.152900 0.152900 0.152900 0.152900 0.152900 0.152900 0.152900 0.152900 0.152900 0.152900 0.152900 0.152900 0.152900 0.153390 0.153880 0.154369 0.154859 0.155349 0.155839 0.156329 0.152900 0.152900 0.152900 0.152900 0.152900 0.152900 0.152900 0.152900 0.152900 0.152900 0.152900 0.152900 0.152900 0.152900 0.152900 0.152900 0.152900 0.152900 0.152900 0.152900 0.152900 0.152900 0.152900 0.152900 0.152900 0.152900 0.152900 0.152900 0.152900 0.152900 0.152900 0.152900 0.152900 0.152900 0.152900 0.152900 0.152900 0.152900 0.152900 0.152900 0.152900 0.152900 0.152900 0.152900 0.152900 0.152900 0.152900 0.152900 0.152343 0.152343 0.152343 0.152343 0.152343 0.152343 0.152343 0.152343 0.152900 0.152820 0.152741 0.152661 0.152582 0.152502 0.152422 0.152343 0.152343 0.151865 0.151388 0.150910 0.150433 0.149955 0.149478 0.149000 0.152900 0.152343 0.151786 0.151229 0.150671 0.150114 0.149557 0.149000 0.149000 0.149000 0.149000 0.149000 0.149000 0.149000 0.149000 0.149000 0.152343 0.151865 0.151388 0.150910 0.150433 0.149955 0.149478 0.149000 0.149000 0.149000 0.149000 0.149000 0.149000 0.149000 0.149000 0.149000 0.149000 0.149000 0.149000 0.149000 0.149000 0.149000 0.149000 0.149000 0.149000 0.149000 0.149000 0.149000 0.149000 0.149000 0.149000 0.149000 0.216286 0.217806 0.219327 0.220847 0.222367 0.223888 0.225408 0.226929 0.223500 0.223022 0.222545 0.222067 0.221590 0.221112 0.220635 0.220157
0.216814 0.217610 0.218406 0.219202 0.219998 0.220794 0.221590 0.222386 0.223500 0.224231 0.224961 0.225692 0.226422 0.227153 0.227884 0.228614 0.205071 0.197061 0.189051 0.181041 0.173031 0.165020 0.157010 0.149000 0.149000 0.149000 0.149000 0.149000 0.149000 0.149000 0.149000 0.149000 0.149000 0.149000 0.149000 0.149000 0.149000 0.149000 0.149000 0.149000 0.149000 0.149000 0.149000 0.149000 0.149000 0.149000 0.149000 0.149000 0.149000 0.149000 0.149000 0.149000 0.149000 0.149000 0.149000 0.149000 0.149000 0.149000 0.149000 0.149000 0.149000 0.149000 0.149000 0.149000 0.151786 0.151786 0.151786 0.151786 0.151786 0.151786 0.151786 0.151786 0.152900 0.152900 0.152900 0.152900 0.152900 0.152900 0.152900 0.152900 0.151786 0.151945 0.152104 0.152263 0.152422 0.152582 0.152741 0.152900 0.152900 0.152900 0.152900 0.152900 0.152900 0.152900 0.152900 0.152900 0.152900 0.152900 0.152900 0.152900 0.152900 0.152900 0.152900 0.152900 0.152900 0.152900 0.152900 0.152900 0.152900 0.152900 0.152900 0.152900 0.152900 0.153308 0.153716 0.154124 0.154533 0.154941 0.155349 0.155757 0.152900 0.152900 0.152900 0.152900 0.152900 0.152900 0.152900 0.152900 0.152900 0.152900 0.152900 0.152900 0.152900 0.152900 0.152900 0.152900 0.152900 0.152900 0.152900 0.152900 0.152900 0.152900 0.152900 0.152900 0.152900 0.152900 0.152900 0.152900 0.152900 0.152900 0.152900 0.152900 0.152900 0.152900 0.152900 0.152900 0.152900 0.152900 0.152900 0.152900 0.152900 0.152900 0.152900 0.152900 0.152900 0.152900 0.152900 0.152900 0.151786 0.151786 0.151786 0.151786 0.151786 0.151786 0.151786 0.151786 0.152900 0.152741 0.152582 0.152422 0.152263 0.152104 0.151945 0.151786 0.151786 0.151388 0.150990 0.150592 0.150194 0.149796 0.149398 0.149000 0.152900 0.152343 0.151786 0.151229 0.150671 0.150114 0.149557 0.149000 0.149000 0.149000 0.149000 0.149000 0.149000 0.149000 0.149000 0.149000 0.151786 0.151388 0.150990 0.150592 0.150194 0.149796 0.149398 0.149000 0.149000 0.149000 0.149000 0.149000 0.149000 0.149000 0.149000 0.149000 0.149000 0.149000 0.149000 0.149000 0.149000 0.149000 0.149000 0.149000 0.149000 0.149000 0.149000 0.149000 0.149000 0.149000 0.149000 0.149000 0.205071 0.208112 0.211153 0.214194 0.217235 0.220276 0.223316 0.226357 0.223500 0.223102 0.222704 0.222306 0.221908 0.221510 0.221112 0.220714
0.217371 0.218008 0.218645 0.219282 0.219918 0.220555 0.221192 0.221829 0.223500 0.224310 0.225120 0.225931 0.226741 0.227551 0.228361 0.229171 0.193857 0.187449 0.181041 0.174633 0.168224 0.161816 0.155408 0.149000 0.149000 0.149000 0.149000 0.149000 0.149000 0.149000 0.149000 0.149000 0.149000 0.149000 0.149000 0.149000 0.149000 0.149000 0.149000 0.149000 0.149000 0.149000 0.149000 0.149000 0.149000 0.149000 0.149000 0.149000 0.149000 0.149000 0.149000 0.149000 0.149000 0.149000 0.149000 0.149000 0.149000 0.149000 0.149000 0.149000 0.149000 0.149000 0.149000 0.149000 0.151229 0.151229 0.151229 0.151229 0.151229 0.151229 0.151229 0.151229 0.152900 0.152900 0.152900 0.152900 0.152900 0.152900 0.152900 0.152900 0.151229 0.151467 0.151706 0.151945 0.152184 0.152422 0.152661 0.152900 0.152900 0.152900 0.152900 0.152900 0.152900 0.152900 0.152900 0.152900 0.152900 0.152900 0.152900 0.152900 0.152900 0.152900 0.152900 0.152900 0.152900 0.152900 0.152900 0.152900 0.152900 0.152900 0.152900 0.152900 0.152900 0.153227 0.153553 0.153880 0.154206 0.154533 0.154859 0.155186 0.152900 0.152900 0.152900 0.152900 0.152900 0.152900 0.152900 0.152900 0.152900 0.152900 0.152900 0.152900 0.152900 0.152900 0.152900 0.152900 0.152900 0.152900 0.152900 0.152900 0.152900 0.152900 0.152900 0.152900 0.152900 0.152900 0.152900 0.152900 0.152900 0.152900 0.152900 0.152900 0.152900 0.152900 0.152900 0.152900 0.152900 0.152900 0.152900 0.152900 0.152900 0.152900 0.152900 0.152900 0.152900 0.152900 0.152900 0.152900 0.151229 0.151229 0.151229 0.151229 0.151229 0.151229 0.151229 0.151229 0.152900 0.152661 0.152422 0.152184 0.151945 0.151706 0.151467 0.151229 0.151229 0.150910 0.150592 0.150273 0.149955 0.149637 0.149318 0.149000 0.152900 0.152343 0.151786 0.151229 0.150671 0.150114 0.149557 0.149000 0.149000 0.149000 0.149000 0.149000 0.149000 0.149000 0.149000 0.149000 0.151229 0.150910 0.150592 0.150273 0.149955 0.149637 0.149318 0.149000 0.149000 0.149000 0.149000 0.149000 0.149000 0.149000 0.149000 0.149000 0.149000 0.149000 0.149000 0.149000 0.149000 0.149000 0.149000 0.149000 0.149000 0.149000 0.149000 0.149000 0.149000 0.149000 0.149000 0.149000 0.193857 0.198418 0.202980 0.207541 0.212102 0.216663 0.221225 0.225786 0.223500 0.223182 0.222863 0.222545 0.222227 0.221908 0.221590 0.221271
0.217929 0.218406 0.218884 0.219361 0.219839 0.220316 0.220794 0.221271 0.223500 0.224390 0.225280 0.226169 0.227059 0.227949 0.228839 0.229729 0.182643 0.177837 0.173031 0.168224 0.163418 0.158612 0.153806 0.149000 0.149000 0.149000 0.149000 0.149000 0.149000 0.149000 0.149000 0.149000 0.149000 0.149000 0.149000 0.149000 0.149000 0.149000 0.149000 0.149000 0.149000 0.149000 0.149000 0.149000 0.149000 0.149000 0.149000 0.149000 0.149000 0.149000 0.149000 0.149000 0.149000 0.149000 0.149000 0.149000 0.149000 0.149000 0.149000 0.149000 0.149000 0.149000 0.149000 0.149000 0.150671 0.150671 0.150671 0.150671 0.150671 0.150671 0.150671 0.150671 0.152900 0.152900 0.152900 0.152900 0.152900 0.152900 0.152900 0.152900 0.150671 0.150990 0.151308 0.151627 0.151945 0.152263 0.152582 0.152900 0.152900 0.152900 0.152900 0.152900 0.152900 0.152900 0.152900 0.152900 0.152900 0.152900 0.152900 0.152900 0.152900 0.152900 0.152900 0.152900 0.152900 0.152900 0.152900 0.152900 0.152900 0.152900 0.152900 0.152900 0.152900 0.153145 0.153390 0.153635 0.153880 0.154124 0.154369 0.154614 0.152900 0.152900 0.152900 0.152900 0.152900 0.152900 0.152900 0.152900 0.152900 0.152900 0.152900 0.152900 0.152900 0.152900 0.152900 0.152900 0.152900 0.152900 0.152900 0.152900 0.152900 0.152900 0.152900 0.152900 0.152900 0.152900 0.152900 0.152900 0.152900 0.152900 0.152900 0.152900 0.152900 0.152900 0.152900 0.152900 0.152900 0.152900 0.152900 0.152900 0.152900 0.152900 0.152900 0.152900 0.152900 0.152900 0.152900 0.152900 0.150671 0.150671 0.150671 0.150671 0.150671 0.150671 0.150671 0.150671 0.152900 0.152582 0.152263 0.151945 0.151627 0.151308 0.150990 0.150671 0.150671 0.150433 0.150194 0.149955 0.149716 0.149478 0.149239 0.149000 0.152900 0.152343 0.151786 0.151229 0.150671 0.150114 0.149557 0.149000 0.149000 0.149000 0.149000 0.149000 0.149000 0.149000 0.149000 0.149000 0.150671 0.150433 0.150194 0.149955 0.149716 0.149478 0.149239 0.149000 0.149000 0.149000 0.149000 0.149000 0.149000 0.149000 0.149000 0.149000 0.149000 0.149000 0.149000 0.149000 0.149000 0.149000 0.149000 0.149000 0.149000 0.149000 0.149000 0.149000 0.149000 0.149000 0.149000 0.149000 0.182643 0.188724 0.194806 0.200888 0.206969 0.213051 0.219133 0.225214 0.223500 0.223261 0.223022 0.222784 0.222545 0.222306 0.222067 0.221829
0.218486 0.218804 0.219122 0.219441 0.219759 0.220078 0.220396 0.220714 0.223500 0.224469 0.225439 0.226408 0.227378 0.228347 0.229316 0.230286 0.171429 0.168224 0.165020 0.161816 0.158612 0.155408 0.152204 0.149000 0.149000 0.149000 0.149000 0.149000 0.149000 0.149000 0.149000 0.149000 0.149000 0.149000 0.149000 0.149000 0.149000 0.149000 0.149000 0.149000 0.149000 0.149000 0.149000 0.149000 0.149000 0.149000 0.149000 0.149000 0.149000 0.149000 0.149000 0.149000 0.149000 0.149000 0.149000 0.149000 0.149000 0.149000 0.149000 0.149000 0.149000 0.149000 0.149000 0.149000 0.150114 0.150114 0.150114 0.150114 0.150114 0.150114 0.150114 0.150114 0.152900 0.152900 0.152900 0.152900 0.152900 0.152900 0.152900 0.152900 0.150114 0.150512 0.150910 0.151308 0.151706 0.152104 0.152502 0.152900 0.152900 0.152900 0.152900 0.152900 0.152900 0.152900 0.152900 0.152900 0.152900 0.152900 0.152900 0.152900 0.152900 0.152900 0.152900 0.152900 0.152900 0.152900 0.152900 0.152900 0.152900 0.152900 0.152900 0.152900 0.152900 0.153063 0.153227 0.153390 0.153553 0.153716 0.153880 0.154043 0.152900 0.152900 0.152900 0.152900 0.152900 0.152900 0.152900 0.152900 0.152900 0.152900 0.152900 0.152900 0.152900 0.152900 0.152900 0.152900 0.152900 0.152900 0.152900 0.152900 0.152900 0.152900 0.152900 0.152900 0.152900 0.152900 0.152900 0.152900 0.152900 0.152900 0.152900 0.152900 0.152900 0.152900 0.152900 0.152900 0.152900 0.152900 0.152900 0.152900 0.152900 0.152900 0.152900 0.152900 0.152900 0.152900 0.152900 0.152900 0.150114 0.150114 0.150114 0.150114 0.150114 0.150114 0.150114 0.150114 0.152900 0.152502 0.152104 0.151706 0.151308 0.150910 0.150512 0.150114 0.150114 0.149955 0.149796 0.149637 0.149478 0.149318 0.149159 0.149000 0.152900 0.152343 0.151786 0.151229 0.150671 0.150114 0.149557 0.149000 0.149000 0.149000 0.149000 0.149000 0.149000 0.149000 0.149000 0.149000 0.150114 0.149955 0.149796 0.149637 0.149478 0.149318 0.149159 0.149000 0.149000 0.149000 0.149000 0.149000 0.149000 0.149000 0.149000 0.149000 0.149000 0.149000 0.149000 0.149000 0.149000 0.149000 0.149000 0.149000 0.149000 0.149000 0.149000 0.149000 0.149000 0.149000 0.149000 0.149000 0.171429 0.179031 0.186633 0.194235 0.201837 0.209439 0.217041 0.224643 0.223500 0.223341 0.223182 0.223022 0.222863 0.222704 0.222545 0.222386
0.219043 0.219202 0.219361 0.219520 0.219680 0.219839 0.219998 0.220157 0.223500 0.224549 0.225598 0.226647 0.227696 0.228745 0.229794 0.230843 0.160214 0.158612 0.157010 0.155408 0.153806 0.152204 0.150602 0.149000 0.149000 0.149000 0.149000 0.149000 0.149000 0.149000 0.149000 0.149000 0.149000 0.149000 0.149000 0.149000 0.149000 0.149000 0.149000 0.149000 0.149000 0.149000 0.149000 0.149000 0.149000 0.149000 0.149000 0.149000 0.149000 0.149000 0.149000 0.149000 0.149000 0.149000 0.149000 0.149000 0.149000 0.149000 0.149000 0.149000 0.149000 0.149000 0.149000 0.149000 0.149557 0.149557 0.149557 0.149557 0.149557 0.149557 0.149557 0.149557 0.152900 0.152900 0.152900 0.152900 0.152900 0.152900 0.152900 0.152900 0.149557 0.150035 0.150512 0.150990 0.151467 0.151945 0.152422 0.152900 0.152900 0.152900 0.152900 0.152900 0.152900 0.152900 0.152900 0.152900 0.152900 0.152900 0.152900 0.152900 0.152900 0.152900 0.152900 0.152900 0.152900 0.152900 0.152900 0.152900 0.152900 0.152900 0.152900 0.152900 0.152900 0.152982 0.153063 0.153145 0.153227 0.153308 0.153390 0.153471 0.152900 0.152900 0.152900 0.152900 0.152900 0.152900 0.152900 0.152900 0.152900 0.152900 0.152900 0.152900 0.152900 0.152900 0.152900 0.152900 0.152900 0.152900 0.152900 0.152900 0.152900 0.152900 0.152900 0.152900 0.152900 0.152900 0.152900 0.152900 0.152900 0.152900 0.152900 0.152900 0.152900 0.152900 0.152900 0.152900 0.152900 0.152900 0.152900 0.152900 0.152900 0.152900 0.152900 0.152900 0.152900 0.152900 0.152900 0.152900 0.149557 0.149557 0.149557 0.149557 0.149557 0.149557 0.149557 0.149557 0.152900 0.152422 0.151945 0.151467 0.150990 0.150512 0.150035 0.149557 0.149557 0.149478 0.149398 0.149318 0.149239 0.149159 0.149080 0.149000 0.152900 0.152343 0.151786 0.151229 0.150671 0.150114 0.149557 0.149000 0.149000 0.149000 0.149000 0.149000 0.149000 0.149000 0.149000 0.149000 0.149557 0.149478 0.149398 0.149318 0.149239 0.149159 0.149080 0.149000 0.149000 0.149000 0.149000 0.149000 0.149000 0.149000 0.149000 0.149000 0.149000 0.149000 0.149000 0.149000 0.149000 0.149000 0.149000 0.149000 0.149000 0.149000 0.149000 0.149000 0.149000 0.149000 0.149000 0.149000 0.160214 0.169337 0.178459 0.187582 0.196704 0.205827 0.214949 0.224071 0.223500 0.223420 0.223341 0.223261 0.223182 0.223102 0.223022 0.222943
0.219600 0.219600 0.219600 0.219600 0.219600 0.219600 0.219600 0.219600 0.223500 0.224629 0.225757 0.226886 0.228014 0.229143 0.230271 0.231400 0.149000 0.149000 0.149000 0.149000 0.149000 0.149000 0.149000 0.149000 0.149000 0.149000 0.149000 0.149000 0.149000 0.149000 0.149000 0.149000 0.149000 0.149000 0.149000 0.149000 0.149000 0.149000 0.149000 0.149000 0.149000 0.149000 0.149000 0.149000 0.149000 0.149000 0.149000 0.149000 0.149000 0.149000 0.149000 0.149000 0.149000 0.149000 0.149000 0.149000 0.149000 0.149000 0.149000 0.149000 0.149000 0.149000 0.149000 0.149000 0.149000 0.149000 0.149000 0.149000 0.149000 0.149000 0.149000 0.149000 0.152900 0.152900 0.152900 0.152900 0.152900 0.152900 0.152900 0.152900 0.149000 0.149557 0.150114 0.150671 0.151229 0.151786 0.152343 0.152900 0.152900 0.152900 0.152900 0.152900 0.152900 0.152900 0.152900 0.152900 0.152900 0.152900 0.152900 0.152900 0.152900 0.152900 0.152900 0.152900 0.152900 0.152900 0.152900 0.152900 0.152900 0.152900 0.152900 0.152900 0.152900 0.152900 0.152900 0.152900 0.152900 0.152900 0.152900 0.152900 0.152900 0.152900 0.152900 0.152900 0.152900 0.152900 0.152900 0.152900 0.152900 0.152900 0.152900 0.152900 0.152900 0.152900 0.152900 0.152900 0.152900 0.152900 0.152900 0.152900 0.152900 0.152900 0.152900 0.152900 0.152900 0.152900 0.152900 0.152900 0.152900 0.152900 0.152900 0.152900 0.152900 0.152900 0.152900 0.152900 0.152900 0.152900 0.152900 0.152900 0.152900 0.152900 0.152900 0.152900 0.152900 0.152900 0.152900 0.152900 0.149000 0.149000 0.149000 0.149000 0.149000 0.149000 0.149000 0.149000 0.152900 0.152343 0.151786 0.151229 0.150671 0.150114 0.149557 0.149000 0.149000 0.149000 0.149000 0.149000 0.149000 0.149000 0.149000 0.149000 0.152900 0.152343 0.151786 0.151229 0.150671 0.150114 0.149557 0.149000 0.149000 0.149000 0.149000 0.149000 0.149000 0.149000 0.149000 0.149000 0.149000 0.149000 0.149000 0.149000 0.149000 0.149000 0.149000 0.149000 0.149000 0.149000 0.149000 0.149000 0.149000 0.149000 0.149000 0.149000 0.149000 0.149000 0.149000 0.149000 0.149000 0.149000 0.149000 0.149000 0.149000 0.149000 0.149000 0.149000 0.149000 0.149000 0.149000 0.149000 0.149000 0.159643 0.170286 0.180929 0.191571 0.202214 0.212857 0.223500 0.223500 0.223500 0.223500 0.223500 0.223500 0.223500 0.223500 0.223500
0.219600 0.219600 0.219600 0.219600 0.219600 0.219600 0.219600 0.219600 0.219600 0.208957 0.198314 0.187671 0.177029 0.166386 0.155743 0.145100 0.149000 0.149000 0.149000 0.149000 0.149000 0.149000 0.149000 0.149000 0.149000 0.149000 0.149000 0.149000 0.149000 0.149000 0.149000 0.149000 0.149000 0.149000 0.149000 0.149000 0.149000 0.149000 0.149000 0.149000 0.149000 0.149000 0.149000 0.149000 0.149000 0.149000 0.149000 0.149000 0.149000 0.149000 0.149000 0.149000 0.149000 0.149000 0.149000 0.149000 0.149000 0.149000 0.149000 0.149000 0.149000 0.149000 0.149000 0.149000 0.149000 0.149000 0.149000 0.149000 0.149000 0.149000 0.149000 0.149000 0.149000 0.149000 0.149000 0.149000 0.149000 0.149000 0.149000 0.149000 0.149000 0.149000 0.149000 0.149000 0.149000 0.149000 0.149000 0.149000 0.152900 0.152343 0.151786 0.151229 0.150671 0.150114 0.149557 0.149000 0.152900 0.152900 0.152900 0.152900 0.152900 0.152900 0.152900 0.152900 0.152900 0.152900 0.152900 0.152900 0.152900 0.152900 0.152900 0.152900 0.149000 0.149000 0.149000 0.149000 0.149000 0.149000 0.149000 0.149000 0.149000 0.149557 0.150114 0.150671 0.151229 0.151786 0.152343 0.152900 0.152900 0.152900 0.152900 0.152900 0.152900 0.152900 0.152900 0.152900 0.149000 0.149557 0.150114 0.150671 0.151229 0.151786 0.152343 0.152900 0.152900 0.152343 0.151786 0.151229 0.150671 0.150114 0.149557 0.149000 0.152900 0.152900 0.152900 0.152900 0.152900 0.152900 0.152900 0.152900 0.152900 0.152343 0.151786 0.151229 0.150671 0.150114 0.149557 0.149000 0.152900 0.152343 0.151786 0.151229 0.150671 0.150114 0.149557 0.149000 0.149000 0.149000 0.149000 0.149000 0.149000 0.149000 0.149000 0.149000 0.149000 0.149000 0.149000 0.149000 0.149000 0.149000 0.149000 0.149000 0.149000 0.149000 0.149000 0.149000 0.149000 0.149000 0.149000 0.149000 0.149000 0.149000 0.149000 0.149000 0.149000 0.149000 0.149000 0.149000 0.149000 0.149000 0.149000 0.149000 0.149000 0.149000 0.149000 0.149000 0.149000 0.149000 0.149000 0.149000 0.149000 0.149000 0.149000 0.149000 0.149000 0.149000 0.149000 0.149000 0.149000 0.149000 0.149000 0.149000 0.149000 0.149000 0.149000 0.149000 0.149000 0.149000 0.149000 0.149000 0.145100 0.145100 0.145100 0.145100 0.145100 0.145100 0.145100 0.145100 0.149000 0.159086 0.169171 0.179257 0.189343 0.199429 0.209514 0.219600
0.219600 0.218080 0.216559 0.215039 0.213518 0.211998 0.210478 0.208957 0.209514 0.200312 0.191110 0.181908 0.172706 0.163504 0.154302 0.145100 0.149000 0.149000 0.149000 0.149000 0.149000 0.149000 0.149000 0.149000 0.149000 0.149000 0.149000 0.149000 0.149000 0.149000 0.149000 0.149000 0.149000 0.149000 0.149000 0.149000 0.149000 0.149000 0.149000 0.149000 0.149000 0.149000 0.149000 0.149000 0.149000 0.149000 0.149000 0.149000 0.149000 0.149000 0.149000 0.149000 0.149000 0.149000 0.149000 0.149000 0.149000 0.149000 0.149000 0.149000 0.149000 0.149000 0.149000 0.149000 0.149000 0.149000 0.149000 0.149000 0.149000 0.149000 0.149000 0.149000 0.149000 0.149000 0.149000 0.149000 0.149000 0.149000 0.149000 0.149000 0.149000 0.149000 0.149000 0.149000 0.149000 0.149000 0.149000 0.149000 0.152343 0.151865 0.151388 0.150910 0.150433 0.149955 0.149478 0.149000 0.152343 0.152343 0.152343 0.152343 0.152343 0.152343 0.152343 0.152343 0.152343 0.152343 0.152343 0.152343 0.152343 0.152343 0.152343 0.152343 0.149000 0.149080 0.149159 0.149239 0.149318 0.149398 0.149478 0.149557 0.149000 0.149478 0.149955 0.150433 0.150910 0.151388 0.151865 0.152343 0.152343 0.152422 0.152502 0.152582 0.152661 0.152741 0.152820 0.152900 0.149000 0.149478 0.149955 0.150433 0.150910 0.151388 0.151865 0.152343 0.152343 0.151865 0.151388 0.150910 0.150433 0.149955 0.149478 0.149000 0.152343 0.152343 0.152343 0.152343 0.152343 0.152343 0.152343 0.152343 0.152900 0.152343 0.151786 0.151229 0.150671 0.150114 0.149557 0.149000 0.152343 0.151865 0.151388 0.150910 0.150433 0.149955 0.149478 0.149000 0.149000 0.149000 0.149000 0.149000 0.149000 0.149000 0.149000 0.149000 0.149000 0.149000 0.149000 0.149000 0.149000 0.149000 0.149000 0.149000 0.149000 0.149000 0.149000 0.149000 0.149000 0.149000 0.149000 0.149000 0.149000 0.149000 0.149000 0.149000 0.149000 0.149000 0.149000 0.149000 0.149000 0.149000 0.149000 0.149000 0.149000 0.149000 0.149000 0.149000 0.149000 0.149000 0.149000 0.149000 0.149000 0.149000 0.149000 0.149000 0.149000 0.149000 0.149000 0.149000 0.149000 0.149000 0.149000 0.149000 0.149000 0.148920 0.148841 0.148761 0.148682 0.148602 0.148522 0.148443 0.145100 0.145180 0.145259 0.145339 0.145418 0.145498 0.145578 0.145657 0.148443 0.157088 0.165733 0.174378 0.183022 0.191667 0.200312 0.208957
0.219600 0.216559 0.213518 0.210478 0.207437 0.204396 0.201355 0.198314 0.199429 0.191667 0.183906 0.176145 0.168384 0.160622 0.152861 0.145100 0.149000 0.149000 0.149000 0.149000 0.149000 0.149000 0.149000 0.149000 0.149000 0.149000 0.149000 0.149000 0.149000 0.149000 0.149000 0.149000 0.149000 0.149000 0.149000 0.149000 0.149000 0.149000 0.149000 0.149000 0.149000 0.149000 0.149000 0.149000 0.149000 0.149000 0.149000 0.149000 0.149000 0.149000 0.149000 0.149000 0.149000 0.149000 0.149000 0.149000 0.149000 0.149000 0.149000 0.149000 0.149000 0.149000 0.149000 0.149000 0.149000 0.149000 0.149000 0.149000 0.149000 0.149000 0.149000 0.149000 0.149000 0.149000 0.149000 0.149000 0.149000 0.149000 0.149000 0.149000 0.149000 0.149000 0.149000 0.149000 0.149000 0.149000 0.149000 0.149000 0.151786 0.151388 0.150990 0.150592 0.150194 0.149796 0.149398 0.149000 0.151786 0.151786 0.151786 0.151786 0.151786 0.151786 0.151786 0.151786 0.151786 0.151786 0.151786 0.151786 0.151786 0.151786 0.151786 0.151786 0.149000 0.149159 0.149318 0.149478 0.149637 0.149796 0.149955 0.150114 0.149000 0.149398 0.149796 0.150194 0.150592 0.150990 0.151388 0.151786 0.151786 0.151945 0.152104 0.152263 0.152422 0.152582 0.152741 0.152900 0.149000 0.149398 0.149796 0.150194 0.150592 0.150990 0.151388 0.151786 0.151786 0.151388 0.150990 0.150592 0.150194 0.149796 0.149398 0.149000 0.151786 0.151786 0.151786 0.151786 0.151786 0.151786 0.151786 0.151786 0.152900 0.152343 0.151786 0.151229 0.150671 0.150114 0.149557 0.149000 0.151786 0.151388 0.150990 0.150592 0.150194 0.149796 0.149398 0.149000 0.149000 0.149000 0.149000 0.149000 0.149000 0.149000 0.149000 0.149000 0.149000 0.149000 0.149000 0.149000 0.149000 0.149000 0.149000 0.149000 0.149000 0.149000 0.149000 0.149000 0.149000 0.149000 0.149000 0.149000 0.149000 0.149000 0.149000 0.149000 0.149000 0.149000 0.149000 0.149000 0.149000 0.149000 0.149000 0.149000 0.149000 0.149000 0.149000 0.149000 0.149000 0.149000 0.149000 0.149000 0.149000 0.149000 0.149000 0.149000 0.149000 0.149000 0.149000 0.149000 0.149000 0.149000 0.149000 0.149000 0.149000 0.148841 0.148682 0.148522 0.148363 0.148204 0.148045 0.147886 0.145100 0.145259 0.145418 0.145578 0.145737 0.145896 0.146055 0.146214 0.147886 0.155090 0.162294 0.169498 0.176702 0.183906 0.191110 0.198314
0.219600 0.215039 0.210478 0.205916 0.201355 0.196794 0.192233 0.187671 0.189343 0.183022 0.176702 0.170382 0.164061 0.157741 0.151420 0.145100 0.149000 0.149000 0.149000 0.149000 0.149000 0.149000 0.149000 0.149000 0.149000 0.149000 0.149000 0.149000 0.149000 0.149000 0.149000 0.149000 0.149000 0.149000 0.149000 0.149000 0.149000 0.149000 0.149000 0.149000 0.149000 0.149000 0.149000 0.149000 0.149000 0.149000 0.149000 0.149000 0.149000 0.149000 0.149000 0.149000 0.149000 0.149000 0.149000 0.149000 0.149000 0.149000 0.149000 0.149000 0.149000 0.149000 0.149000 0.149000 0.149000 0.149000 0.149000 0.149000 0.149000 0.149000 0.149000 0.149000 0.149000 0.149000 0.149000 0.149000 0.149000 0.149000 0.149000 0.149000 0.149000 0.149000 0.149000 0.149000 0.149000 0.149000 0.149000 0.149000 0.151229 0.150910 0.150592 0.150273 0.149955 0.149637 0.149318 0.149000 0.151229 0.151229 0.151229 0.151229 0.151229 0.151229 0.151229 0.151229 0.151229 0.151229 0.151229 0.151229 0.151229 0.151229 0.151229 0.151229 0.149000 0.149239 0.149478 0.149716 0.149955 0.150194 0.150433 0.150671 0.149000 0.149318 0.149637 0.149955 0.150273 0.150592 0.150910 0.151229 0.151229 0.151467 0.151706 0.151945 0.152184 0.152422 0.152661 0.152900 0.149000 0.149318 0.149637 0.149955 0.150273 0.150592 0.150910 0.151229 0.151229 0.150910 0.150592 0.150273 0.149955 0.149637 0.149318 0.149000 0.151229 0.151229 0.151229 0.151229 0.151229 0.151229 0.151229 0.151229 0.152900 0.152343 0.151786 0.151229 0.150671 0.150114 0.149557 0.149000 0.151229 0.150910 0.150592 0.150273 0.149955 0.149637 0.149318 0.149000 0.149000 0.149000 0.149000 0.149000 0.149000 0.149000 0.149000 0.149000 0.149000 0.149000 0.149000 0.149000 0.149000 0.149000 0.149000 0.149000 0.149000 0.149000 0.149000 0.149000 0.149000 0.149000 0.149000 0.149000 0.149000 0.149000 0.149000 0.149000 0.149000 0.149000 0.149000 0.149000 0.149000 0.149000 0.149000 0.149000 0.149000 0.149000 0.149000 0.149000 0.149000 0.149000 0.149000 0.149000 0.149000 0.149000 0.149000 0.149000 0.149000 0.149000 0.149000 0.149000 0.149000 0.149000 0.149000 0.149000 0.149000 0.148761 0.148522 0.148284 0.148045 0.147806 0.147567 0.147329 0.145100 0.145339 0.145578 0.145816 0.146055 0.146294 0.146533 0.146771 0.147329 0.153092 0.158855 0.164618 0.170382 0.176145 0.181908 0.187671
0.219600 0.213518 0.207437 0.201355 0.195273 0.189192 0.183110 0.177029 0.179257 0.174378 0.169498 0.164618 0.159739 0.154859 0.149980 0.145100 0.149000 0.149000 0.149000 0.149000 0.149000 0.149000 0.149000 0.149000 0.149000 0.149000 0.149000 0.149000 0.149000 0.149000 0.149000 0.149000 0.149000 0.149000 0.149000 0.149000 0.149000 0.149000 0.149000 0.149000 0.149000 0.149000 0.149000 0.149000 0.149000 0.149000 0.149000 0.149000 0.149000 0.149000 0.149000 0.149000 0.149000 0.149000 0.149000 0.149000 0.149000 0.149000 0.149000 0.149000 0.149000 0.149000 0.149000 0.149000 0.149000 0.149000 0.149000 0.149000 0.149000 0.149000 0.149000 0.149000 0.149000 0.149000 0.149000 0.149000 0.149000 0.149000 0.149000 0.149000 0.149000 0.149000 0.149000 0.149000 0.149000 0.149000 0.149000 0.149000 0.150671 0.150433 0.150194 0.149955 0.149716 0.149478 0.149239 0.149000 0.150671 0.150671 0.150671 0.150671 0.150671 0.150671 0.150671 0.150671 0.150671 0.150671 0.150671 0.150671 0.150671 0.150671 0.150671 0.150671 0.149000 0.149318 0.149637 0.149955 0.150273 0.150592 0.150910 0.151229 0.149000 0.149239 0.149478 0.149716 0.149955 0.150194 0.150433 0.150671 0.150671 0.150990 0.151308 0.151627 0.151945 0.152263 0.152582 0.152900 0.149000 0.149239 0.149478 0.149716 0.149955 0.150194 0.150433 0.150671 0.150671 0.150433 0.150194 0.149955 0.149716 0.149478 0.149239 0.149000 0.150671 0.150671 0.150671 0.150671 0.150671 0.150671 0.150671 0.150671 0.152900 0.152343 0.151786 0.151229 0.150671 0.150114 0.149557 0.149000 0.150671 0.150433 0.150194 0.149955 0.149716 0.149478 0.149239 0.149000 0.149000 0.149000 0.149000 0.149000 0.149000 0.149000 0.149000 0.149000 0.149000 0.149000 0.149000 0.149000 0.149000 0.149000 0.149000 0.149000 0.149000 0.149000 0.149000 0.149000 0.149000 0.149000 0.149000 0.149000 0.149000 0.149000 0.149000 0.149000 0.149000 0.149000 0.149000 0.149000 0.149000 0.149000 0.149000 0.149000 0.149000 0.149000 0.149000 0.149000 0.149000 0.149000 0.149000 0.149000 0.149000 0.149000 0.149000 0.149000 0.149000 0.149000 0.149000 0.149000 0.149000 0.149000 0.149000 0.149000 0.149000 0.148682 0.148363 0.148045 0.147727 0.147408 0.147090 0.146771 0.145100 0.145418 0.145737 0.146055 0.146373 0.146692 0.147010 0.147329 0.146771 0.151094 0.155416 0.159739 0.164061 0.168384 0.172706 0.177029
0.219600 0.211998 0.204396 0.196794 0.189192 0.181590 0.173988 0.166386 0.169171 0.165733 0.162294 0.158855 0.155416 0.151978 0.148539 0.145100 0.149000 0.149000 0.149000 0.149000 0.149000 0.149000 0.149000 0.149000 0.149000 0.149000 0.149000 0.149000 0.149000 0.149000 0.149000 0.149000 0.149000 0.149000 0.149000 0.149000 0.149000 0.149000 0.149000 0.149000 0.149000 0.149000 0.149000 0.149000 0.149000 0.149000 0.149000 0.149000 0.149000 0.149000 0.149000 0.149000 0.149000 0.149000 0.149000 0.149000 0.149000 0.149000 0.149000 0.149000 0.149000 0.149000 0.149000 0.149000 0.149000 0.149000 0.149000 0.149000 0.149000 0.149000 0.149000 0.149000 0.149000 0.149000 0.149000 0.149000 0.149000 0.149000 0.149000 0.149000 0.149000 0.149000 0.149000 0.149000 0.149000 0.149000 0.149000 0.149000 0.150114 0.149955 0.149796 0.149637 0.149478 0.149318 0.149159 0.149000 0.150114 0.150114 0.150114 0.150114 0.150114 0.150114 0.150114 0.150114 0.150114 0.150114 0.150114 0.150114 0.150114 0.150114 0.150114 0.150114 0.149000 0.149398 0.149796 0.150194 0.150592 0.150990 0.151388 0.151786 0.149000 0.149159 0.149318 0.149478 0.149637 0.149796 0.149955 0.150114 0.150114 0.150512 0.150910 0.151308 0.151706 0.152104 0.152502 0.152900 0.149000 0.149159 0.149318 0.149478 0.149637 0.149796 0.149955 0.150114 0.150114 0.149955 0.149796 0.149637 0.149478 0.149318 0.149159 0.149000 0.150114 0.150114 0.150114 0.150114 0.150114 0.150114 0.150114 0.150114 0.152900 0.152343 0.151786 0.151229 0.150671 0.150114 0.149557 0.149000 0.150114 0.149955 0.149796 0.149637 0.149478 0.149318 0.149159 0.149000 0.149000 0.149000 0.149000 0.149000 0.149000 0.149000 0.149000 0.149000 0.149000 0.149000 0.149000 0.149000 0.149000 0.149000 0.149000 0.149000 0.149000 0.149000 0.149000 0.149000 0.149000 0.149000 0.149000 0.149000 0.149000 0.149000 0.149000 0.149000 0.149000 0.149000 0.149000 0.149000 0.149000 0.149000 0.149000 0.149000 0.149000 0.149000 0.149000 0.149000 0.149000 0.149000 0.149000 0.149000 0.149000 0.149000 0.149000 0.149000 0.149000 0.149000 0.149000 0.149000 0.149000 0.149000 0.149000 0.149000 0.149000 0.148602 0.148204 0.147806 0.147408 0.147010 0.146612 0.146214 0.145100 0.145498 0.145896 0.146294 0.146692 0.147090 0.147488 0.147886 0.146214 0.149096 0.151978 0.154859 0.157741 0.160622 0.163504 0.166386
0.219600 0.210478 0.201355 0.192233 0.183110 0.173988 0.164865 0.155743 0.159086 0.157088 0.155090 0.153092 0.151094 0.149096 0.147098 0.145100 0.149000 0.149000 0.149000 0.149000 0.149000 0.149000 0.149000 0.149000 0.149000 0.149000 0.149000 0.149000 0.149000 0.149000 0.149000 0.149000 0.149000 0.149000 0.149000 0.149000 0.149000 0.149000 0.149000 0.149000 0.149000 0.149000 0.149000 0.149000 0.149000 0.149000 0.149000 0.149000 0.149000 0.149000 0.149000 0.149000 0.149000 0.149000 0.149000 0.149000 0.149000 0.149000 0.149000 0.149000 0.149000 0.149000 0.149000 0.149000 0.149000 0.149000 0.149000 0.149000 0.149000 0.149000 0.149000 0.149000 0.149000 0.149000 0.149000 0.149000 0.149000 0.149000 0.149000 0.149000 0.149000 0.149000 0.149000 0.149000 0.149000 0.149000 0.149000 0.149000 0.149557 0.149478 0.149398 0.149318 0.149239 0.149159 0.149080 0.149000 0.149557 0.149557 0.149557 0.149557 0.149557 0.149557 0.149557 0.149557 0.149557 0.149557 0.149557 0.149557 0.149557 0.149557 0.149557 0.149557 0.149000 0.149478 0.149955 0.150433 0.150910 0.151388 0.151865 0.152343 0.149000 0.149080 0.149159 0.149239 0.149318 0.149398 0.149478 0.149557 0.149557 0.150035 0.150512 0.150990 0.151467 0.151945 0.152422 0.152900 0.149000 0.149080 0.149159 0.149239 0.149318 0.149398 0.149478 0.149557 0.149557 0.149478 0.149398 0.149318 0.149239 0.149159 0.149080 0.149000 0.149557 0.149557 0.149557 0.149557 0.149557 0.149557 0.149557 0.149557 0.152900 0.152343 0.151786 0.151229 0.150671 0.150114 0.149557 0.149000 0.149557 0.149478 0.149398 0.149318 0.149239 0.149159 0.149080 0.149000 0.149000 0.149000 0.149000 0.149000 0.149000 0.149000 0.149000 0.149000 0.149000 0.149000 0.149000 0.149000 0.149000 0.149000 0.149000 0.149000 0.149000 0.149000 0.149000 0.149000 0.149000 0.149000 0.149000 0.149000 0.149000 0.149000 0.149000 0.149000 0.149000 0.149000 0.149000 0.149000 0.149000 0.149000 0.149000 0.149000 0.149000 0.149000 0.149000 0.149000 0.149000 0.149000 0.149000 0.149000 0.149000 0.149000 0.149000 0.149000 0.149000 0.149000 0.149000 0.149000 0.149000 0.149000 0.149000 0.149000 0.149000 0.148522 0.148045 0.147567 0.147090 0.146612 0.146135 0.145657 0.145100 0.145578 0.146055 0.146533 0.147010 0.147488 0.147965 0.148443 0.145657 0.147098 0.148539 0.149980 0.151420 0.152861 0.154302 0.155743
0.219600 0.208957 0.198314 0.187671 0.177029 0.166386 0.155743 0.145100 0.149000 0.148443 0.147886 0.147329 0.146771 0.146214 0.145657 0.145100 0.149000 0.149000 0.149000 0.149000 0.149000 0.149000 0.149000 0.149000 0.149000 0.149000 0.149000 0.149000 0.149000 0.149000 0.149000 0.149000 0.149000 0.149000 0.149000 0.149000 0.149000 0.149000 0.149000 0.149000 0.149000 0.149000 0.149000 0.149000 0.149000 0.149000 0.149000 0.149000 0.149000 0.149000 0.149000 0.149000 0.149000 0.149000 0.149000 0.149000 0.149000 0.149000 0.149000 0.149000 0.149000 0.149000 0.149000 0.149000 0.149000 0.149000 0.149000 0.149000 0.149000 0.149000 0.149000 0.149000 0.149000 0.149000 0.149000 0.149000 0.149000 0.149000 0.149000 0.149000 0.149000 0.149000 0.149000 0.149000 0.149000 0.149000 0.149000 0.149000 0.149000 0.149000 0.149000 0.149000 0.149000 0.149000 0.149000 0.149000 0.149000 0.149000 0.149000 0.149000 0.149000 0.149000 0.149000 0.149000 0.149000 0.149000 0.149000 0.149000 0.149000 0.149000 0.149000 0.149000 0.149000 0.149557 0.150114 0.150671 0.151229 0.151786 0.152343 0.152900 0.149000 0.149000 0.149000 0.149000 0.149000 0.149000 0.149000 0.149000 0.149000 0.149557 0.150114 0.150671 0.151229 0.151786 0.152343 0.152900 0.149000 0.149000 0.149000 0.149000 0.149000 0.149000 0.149000 0.149000 0.149000 0.149000 0.149000 0.149000 0.149000 0.149000 0.149000 0.149000 0.149000 0.149000 0.149000 0.149000 0.149000 0.149000 0.149000 0.149000 0.152900 0.152343 0.151786 0.151229 0.150671 0.150114 0.149557 0.149000 0.149000 0.149000 0.149000 0.149000 0.149000 0.149000 0.149000 0.149000 0.149000 0.149000 0.149000 0.149000 0.149000 0.149000 0.149000 0.149000 0.149000 0.149000 0.149000 0.149000 0.149000 0.149000 0.149000 0.149000 0.149000 0.149000 0.149000 0.149000 0.149000 0.149000 0.149000 0.149000 0.149000 0.149000 0.149000 0.149000 0.149000 0.149000 0.149000 0.149000 0.149000 0.149000 0.149000 0.149000 0.149000 0.149000 0.149000 0.149000 0.149000 0.149000 0.149000 0.149000 0.149000 0.149000 0.149000 0.149000 0.149000 0.149000 0.149000 0.149000 0.149000 0.149000 0.149000 0.149000 0.149000 0.148443 0.147886 0.147329 0.146771 0.146214 0.145657 0.145100 0.145100 0.145657 0.146214 0.146771 0.147329 0.147886 0.148443 0.149000 0.145100 0.145100 0.145100 0.145100 0.145100 0.145100 0.145100 0.145100
0.145100 0.145100 0.145100 0.145100 0.145100 0.145100 0.145100 0.145100 0.145100 0.145100 0.145100 0.145100 0.145100 0.145100 0.145100 0.145100 0.145100 0.145100 0.145100 0.145100 0.145100 0.145100 0.145100 0.145100 0.149000 0.149000 0.149000 0.149000 0.149000 0.149000 0.149000 0.149000 0.149000 0.149000 0.149000 0.149000 0.149000 0.149000 0.149000 0.149000 0.149000 0.149000 0.149000 0.149000 0.149000 0.149000 0.149000 0.149000 0.149000 0.149000 0.149000 0.149000 0.149000 0.149000 0.149000 0.149000 0.149000 0.149000 0.149000 0.149000 0.149000 0.149000 0.149000 0.149000 0.149000 0.149000 0.149000 0.149000 0.149000 0.149000 0.149000 0.149000 0.149000 0.149000 0.149000 0.149000 0.149000 0.149000 0.149000 0.149000 0.149000 0.149000 0.149000 0.149000 0.149000 0.149000 0.149000 0.149000 0.149000 0.149000 0.149000 0.149000 0.149000 0.149000 0.149000 0.149000 0.149000 0.149000 0.149000 0.149000 0.149000 0.149000 0.149000 0.149000 0.149000 0.149000 0.149000 0.149000 0.149000 0.149000 0.149000 0.149000 0.149000 0.149000 0.149000 0.149000 0.149000 0.149000 0.149000 0.149000 0.149000 0.149000 0.149000 0.149000 0.149000 0.149000 0.149000 0.149000 0.149000 0.149000 0.149000 0.149000 0.149000 0.149000 0.149000 0.149000 0.149000 0.149000 0.149000 0.149000 0.149000 0.149000 0.149000 0.149000 0.149000 0.149000 0.149000 0.149000 0.149000 0.149000 0.149000 0.149000 0.149000 0.149000 0.149000 0.149000 0.149000 0.149000 0.149000 0.149000 0.149000 0.149000 0.149000 0.149000 0.149000 0.149000 0.149000 0.149000 0.149000 0.149000 0.149000 0.149000 0.149000 0.149000 0.149000 0.149000 0.149000 0.149000 0.149000 0.149000 0.149000 0.149000 0.149000 0.149000 0.149000 0.149000 0.149000 0.149000 0.149000 0.149000 0.149000 0.149000 0.149000 0.149000 0.149000 0.149000 0.149000 0.149000 0.149000 0.149000 0.149000 0.149000 0.149000 0.149000 0.149000 0.149000 0.149000 0.149000 0.149000 0.149000 0.149000 0.149000 0.149000 0.149000 0.149000 0.149000 0.149000 0.149000 0.149000 0.149000 0.149000 0.149000 0.149000 0.149000 0.149000 0.149000 0.149000 0.149000 0.149000 0.149000 0.149000 0.149000 0.149000 0.149000 0.149000 0.149000 0.149000 0.149000 0.149000 0.149000 0.149000 0.149000 0.149000 0.149000 0.149000 0.149000 0.149000 0.149000 0.145100 0.145657 0.146214 0.146771 0.147329 0.147886 0.148443 0.149000
0.145100 0.145100 0.145100 0.145100 0.145100 0.145100 0.145100 0.145100 0.145100 0.145100 0.145100 0.145100 0.145100 0.145100 0.145100 0.145100 0.145100 0.145100 0.145100 0.145100 0.145100 0.145100 0.145100 0.145100 0.149000 0.148920 0.148841 0.148761 0.148682 0.148602 0.148522 0.148443 0.148443 0.148522 0.148602 0.148682 0.148761 0.148841 0.148920 0.149000 0.149000 0.149000 0.149000 0.149000 0.149000 0.149000 0.149000 0.149000 0.149000 0.149000 0.149000 0.149000 0.149000 0.149000 0.149000 0.149000 0.149000 0.149000 0.149000 0.149000 0.149000 0.149000 0.149000 0.149000 0.149000 0.149000 0.149000 0.149000 0.149000 0.149000 0.149000 0.149000 0.149000 0.149000 0.149000 0.149000 0.149000 0.149000 0.149000 0.149000 0.149000 0.149000 0.149000 0.149000 0.149000 0.149000 0.149000 0.149000 0.149000 0.149000 0.149000 0.149000 0.149000 0.149000 0.149000 0.149000 0.149000 0.149000 0.149000 0.149000 0.149000 0.149000 0.149000 0.149000 0.149000 0.149000 0.149000 0.149000 0.149000 0.149000 0.149000 0.149000 0.149000 0.149000 0.149000 0.149000 0.149000 0.149000 0.149000 0.149000 0.149000 0.149000 0.149000 0.149000 0.149000 0.149000 0.149000 0.149000 0.149000 0.149000 0.149000 0.149000 0.149000 0.149000 0.149000 0.149000 0.149000 0.149000 0.149000 0.149000 0.149000 0.149000 0.149000 0.149000 0.149000 0.149000 0.149000 0.149000 0.149000 0.149000 0.149000 0.149000 0.149000 0.149000 0.149000 0.149000 0.149000 0.149000 0.149000 0.149000 0.149000 0.149000 0.149000 0.149000 0.149000 0.149000 0.149000 0.149000 0.149000 0.149000 0.149000 0.149000 0.149000 0.149000 0.149000 0.149000 0.149000 0.149000 0.149000 0.149000 0.149000 0.149000 0.149000 0.149000 0.149000 0.149000 0.149000 0.149000 0.149000 0.149000 0.149000 0.149000 0.149000 0.149000 0.149000 0.149000 0.149000 0.149000 0.149000 0.149000 0.149000 0.149000 0.149000 0.149000 0.149000 0.149000 0.149000 0.149000 0.149000 0.149000 0.149000 0.149000 0.149000 0.149000 0.149000 0.149000 0.149000 0.149000 0.149000 0.149000 0.149000 0.149000 0.149000 0.149000 0.149000 0.148920 0.148841 0.148761 0.148682 0.148602 0.148522 0.148443 0.148443 0.148522 0.148602 0.148682 0.148761 0.148841 0.148920 0.149000 0.148443 0.148443 0.148443 0.148443 0.148443 0.148443 0.148443 0.148443 0.145100 0.145578 0.146055 0.146533 0.147010 0.147488 0.147965 0.148443
0.145100 0.145100 0.145100 0.145100 0.145100 0.145100 0.145100 0.145100 0.145100 0.145100 0.145100 0.145100 0.145100 0.145100 0.145100 0.145100 0.145100 0.145100 0.145100 0.145100 0.145100 0.145100 0.145100 0.145100 0.149000 0.148841 0.148682 0.148522 0.148363 0.148204 0.148045 0.147886 0.147886 0.148045 0.148204 0.148363 0.148522 0.148682 0.148841 0.149000 0.149000 0.149000 0.149000 0.149000 0.149000 0.149000 0.149000 0.149000 0.149000 0.149000 0.149000 0.149000 0.149000 0.149000 0.149000 0.149000 0.149000 0.149000 0.149000 0.149000 0.149000 0.149000 0.149000 0.149000 0.149000 0.149000 0.149000 0.149000 0.149000 0.149000 0.149000 0.149000 0.149000 0.149000 0.149000 0.149000 0.149000 0.149000 0.149000 0.149000 0.149000 0.149000 0.149000 0.149000 0.149000 0.149000 0.149000 0.149000 0.149000 0.149000 0.149000 0.149000 0.149000 0.149000 0.149000 0.149000 0.149000 0.149000 0.149000 0.149000 0.149000 0.149000 0.149000 0.149000 0.149000 0.149000 0.149000 0.149000 0.149000 0.149000 0.149000 0.149000 0.149000 0.149000 0.149000 0.149000 0.149000 0.149000 0.149000 0.149000 0.149000 0.149000 0.149000 0.149000 0.149000 0.149000 0.149000 0.149000 0.149000 0.149000 0.149000 0.149000 0.149000 0.149000 0.149000 0.149000 0.149000 0.149000 0.149000 0.149000 0.149000 0.149000 0.149000 0.149000 0.149000 0.149000 0.149000 0.149000 0.149000 0.149000 0.149000 0.149000 0.149000 0.149000 0.149000 0.149000 0.149000 0.149000 0.149000 0.149000 0.149000 0.149000 0.149000 0.149000 0.149000 0.149000 0.149000 0.149000 0.149000 0.149000 0.149000 0.149000 0.149000 0.149000 0.149000 0.149000 0.149000 0.149000 0.149000 0.149000 0.149000 0.149000 0.149000 0.149000 0.149000 0.149000 0.149000 0.149000 0.149000 0.149000 0.149000 0.149000 0.149000 0.149000 0.149000 0.149000 0.149000 0.149000 0.149000 0.149000 0.149000 0.149000 0.149000 0.149000 0.149000 0.149000 0.149000 0.149000 0.149000 0.149000 0.149000 0.149000 0.149000 0.149000 0.149000 0.149000 0.149000 0.149000 0.149000 0.149000 0.149000 0.149000 0.149000 0.149000 0.149000 0.148841 0.148682 0.148522 0.148363 0.148204 0.148045 0.147886 0.147886 0.148045 0.148204 0.148363 0.148522 0.148682 0.148841 0.149000 0.147886 0.147886 0.147886 0.147886 0.147886 0.147886 0.147886 0.147886 0.145100 0.145498 0.145896 0.146294 0.146692 0.147090 0.147488 0.147886
0.145100 0.145100 0.145100 0.145100 0.145100 0.145100 0.145100 0.145100 0.145100 0.145100 0.145100 0.145100 0.145100 0.145100 0.145100 0.145100 0.145100 0.145100 0.145100 0.145100 0.145100 0.145100 0.145100 0.145100 0.149000 0.148761 0.148522 0.148284 0.148045 0.147806 0.147567 0.147329 0.147329 0.147567 0.147806 0.148045 0.148284 0.148522 0.148761 0.149000 0.149000 0.149000 0.149000 0.149000 0.149000 0.149000 0.149000 0.149000 0.149000 0.149000 0.149000 0.149000 0.149000 0.149000 0.149000 0.149000 0.149000 0.149000 0.149000 0.149000 0.149000 0.149000 0.149000 0.149000 0.149000 0.149000 0.149000 0.149000 0.149000 0.149000 0.149000 0.149000 0.149000 0.149000 0.149000 0.149000 0.149000 0.149000 0.149000 0.149000 0.149000 0.149000 0.149000 0.149000 0.149000 0.149000 0.149000 0.149000 0.149000 0.149000 0.149000 0.149000 0.149000 0.149000 0.149000 0.149000 0.149000 0.149000 0.149000 0.149000 0.149000 0.149000 0.149000 0.149000 0.149000 0.149000 0.149000 0.149000 0.149000 0.149000 0.149000 0.149000 0.149000 0.149000 0.149000 0.149000 0.149000 0.149000 0.149000 0.149000 0.149000 0.149000 0.149000 0.149000 0.149000 0.149000 0.149000 0.149000 0.149000 0.149000 0.149000 0.149000 0.149000 0.149000 0.149000 0.149000 0.149000 0.149000 0.149000 0.149000 0.149000 0.149000 0.149000 0.149000 0.149000 0.149000 0.149000 0.149000 0.149000 0.149000 0.149000 0.149000 0.149000 0.149000 0.149000 0.149000 0.149000 0.149000 0.149000 0.149000 0.149000 0.149000 0.149000 0.149000 0.149000 0.149000 0.149000 0.149000 0.149000 0.149000 0.149000 0.149000 0.149000 0.149000 0.149000 0.149000 0.149000 0.149000 0.149000 0.149000 0.149000 0.149000 0.149000 0.149000 0.149000 0.149000 0.149000 0.149000 0.149000 0.149000 0.149000 0.149000 0.149000 0.149000 0.149000 0.149000 0.149000 0.149000 0.149000 0.149000 0.149000 0.149000 0.149000 0.149000 0.149000 0.149000 0.149000 0.149000 0.149000 0.149000 0.149000 0.149000 0.149000 0.149000 0.149000 0.149000 0.149000 0.149000 0.149000 0.149000 0.149000 0.149000 0.149000 0.149000 0.149000 0.148761 0.148522 0.148284 0.148045 0.147806 0.147567 0.147329 0.147329 0.147567 0.147806 0.148045 0.148284 0.148522 0.148761 0.149000 0.147329 0.147329 0.147329 0.147329 0.147329 0.147329 0.147329 0.147329 0.145100 0.145418 0.145737 0.146055 0.146373 0.146692 0.147010 0.147329
0.145100 0.145100 0.145100 0.145100 0.145100 0.145100 0.145100 0.145100 0.145100 0.145100 0.145100 0.145100 0.145100 0.145100 0.145100 0.145100 0.145100 0.145100 0.145100 0.145100 0.145100 0.145100 0.145100 0.145100 0.149000 0.148682 0.148363 0.148045 0.147727 0.147408 0.147090 0.146771 0.146771 0.147090 0.147408 0.147727 0.148045 0.148363 0.148682 0.149000 0.149000 0.149000 0.149000 0.149000 0.149000 0.149000 0.149000 0.149000 0.149000 0.149000 0.149000 0.149000 0.149000 0.149000 0.149000 0.149000 0.149000 0.149000 0.149000 0.149000 0.149000 0.149000 0.149000 0.149000 0.149000 0.149000 0.149000 0.149000 0.149000 0.149000 0.149000 0.149000 0.149000 0.149000 0.149000 0.149000 0.149000 0.149000 0.149000 0.149000 0.149000 0.149000 0.149000 0.149000 0.149000 0.149000 0.149000 0.149000 0.149000 0.149000 0.149000 0.149000 0.149000 0.149000 0.149000 0.149000 0.149000 0.149000 0.149000 0.149000 0.149000 0.149000 0.149000 0.149000 0.149000 0.149000 0.149000 0.149000 0.149000 0.149000 0.149000 0.149000 0.149000 0.149000 0.149000 0.149000 0.149000 0.149000 0.149000 0.149000 0.149000 0.149000 0.149000 0.149000 0.149000 0.149000 0.149000 0.149000 0.149000 0.149000 0.149000 0.149000 0.149000 0.149000 0.149000 0.149000 0.149000 0.149000 0.149000 0.149000 0.149000 0.149000 0.149000 0.149000 0.149000 0.149000 0.149000 0.149000 0.149000 0.149000 0.149000 0.149000 0.149000 0.149000 0.149000 0.149000 0.149000 0.149000 0.149000 0.149000 0.149000 0.149000 0.149000 0.149000 0.149000 0.149000 0.149000 0.149000 0.149000 0.149000 0.149000 0.149000 0.149000 0.149000 0.149000 0.149000 0.149000 0.149000 0.149000 0.149000 0.149000 0.149000 0.149000 0.149000 0.149000 0.149000 0.149000 0.149000 0.149000 0.149000 0.149000 0.149000 0.149000 0.149000 0.149000 0.149000 0.149000 0.149000 0.149000 0.149000 0.149000 0.149000 0.149000 0.149000 0.149000 0.149000 0.149000 0.149000 0.149000 0.149000 0.149000 0.149000 0.149000 0.149000 0.149000 0.149000 0.149000 0.149000 0.149000 0.149000 0.149000 0.149000 0.149000 0.149000 0.149000 0.148682 0.148363 0.148045 0.147727 0.147408 0.147090 0.146771 0.146771 0.147090 0.147408 0.147727 0.148045 0.148363 0.148682 0.149000 0.146771 0.146771 0.146771 0.146771 0.146771 0.146771 0.146771 0.146771 0.145100 0.145339 0.145578 0.145816 0.146055 0.146294 0.146533 0.146771
0.145100 0.145100 0.145100 0.145100 0.145100 0.145100 0.145100 0.145100 0.145100 0.145100 0.145100 0.145100 0.145100 0.145100 0.145100 0.145100 0.145100 0.145100 0.145100 0.145100 0.145100 0.145100 0.145100 0.145100 0.149000 0.148602 0.148204 0.147806 0.147408 0.147010 0.146612 0.146214 0.146214 0.146612 0.147010 0.147408 0.147806 0.148204 0.148602 0.149000 0.149000 0.149000 0.149000 0.149000 0.149000 0.149000 0.149000 0.149000 0.149000 0.149000 0.149000 0.149000 0.149000 0.149000 0.149000 0.149000 0.149000 0.149000 0.149000 0.149000 0.149000 0.149000 0.149000 0.149000 0.149000 0.149000 0.149000 0.149000 0.149000 0.149000 0.149000 0.149000 0.149000 0.149000 0.149000 0.149000 0.149000 0.149000 0.149000 0.149000 0.149000 0.149000 0.149000 0.149000 0.149000 0.149000 0.149000 0.149000 0.149000 0.149000 0.149000 0.149000 0.149000 0.149000 0.149000 0.149000 0.149000 0.149000 0.149000 0.149000 0.149000 0.149000 0.149000 0.149000 0.149000 0.149000 0.149000 0.149000 0.149000 0.149000 0.149000 0.149000 0.149000 0.149000 0.149000 0.149000 0.149000 0.149000 0.149000 0.149000 0.149000 0.149000 0.149000 0.149000 0.149000 0.149000 0.149000 0.149000 0.149000 0.149000 0.149000 0.149000 0.149000 0.149000 0.149000 0.149000 0.149000 0.149000 0.149000 0.149000 0.149000 0.149000 0.149000 0.149000 0.149000 0.149000 0.149000 0.149000 0.149000 0.149000 0.149000 0.149000 0.149000 0.149000 0.149000 0.149000 0.149000 0.149000 0.149000 0.149000 0.149000 0.149000 0.149000 0.149000 0.149000 0.149000 0.149000 0.149000 0.149000 0.149000 0.149000 0.149000 0.149000 0.149000 0.149000 0.149000 0.149000 0.149000 0.149000 0.149000 0.149000 0.149000 0.149000 0.149000 0.149000 0.149000 0.149000 0.149000 0.149000 0.149000 0.149000 0.149000 0.149000 0.149000 0.149000 0.149000 0.149000 0.149000 0.149000 0.149000 0.149000 0.149000 0.149000 0.149000 0.149000 0.149000 0.149000 0.149000 0.149000 0.149000 0.149000 0.149000 0.149000 0.149000 0.149000 0.149000 0.149000 0.149000 0.149000 0.149000 0.149000 0.149000 0.149000 0.149000 0.149000 0.148602 0.148204 0.147806 0.147408 0.147010 0.146612 0.146214 0.146214 0.146612 0.147010 0.147408 0.147806 0.148204 0.148602 0.149000 0.146214 0.146214 0.146214 0.146214 0.146214 0.146214 0.146214 0.146214 0.145100 0.145259 0.145418 0.145578 0.145737 0.145896 0.146055 0.146214
0.145100 0.145100 0.145100 0.145100 0.145100 0.145100 0.145100 0.145100 0.145100 0.145100 0.145100 0.145100 0.145100 0.145100 0.145100 0.145100 0.145100 0.145100 0.145100 0.145100 0.145100 0.145100 0.145100 0.145100 0.149000 0.148522 0.148045 0.147567 0.147090 0.146612 0.146135 0.145657 0.145657 0.146135 0.146612 0.147090 0.147567 0.148045 0.148522 0.149000 0.149000 0.149000 0.149000 0.149000 0.149000 0.149000 0.149000 0.149000 0.149000 0.149000 0.149000 0.149000 0.149000 0.149000 0.149000 0.149000 0.149000 0.149000 0.149000 0.149000 0.149000 0.149000 0.149000 0.149000 0.149000 0.149000 0.149000 0.149000 0.149000 0.149000 0.149000 0.149000 0.149000 0.149000 0.149000 0.149000 0.149000 0.149000 0.149000 0.149000 0.149000 0.149000 0.149000 0.149000 0.149000 0.149000 0.149000 0.149000 0.149000 0.149000 0.149000 0.149000 0.149000 0.149000 0.149000 0.149000 0.149000 0.149000 0.149000 0.149000 0.149000 0.149000 0.149000 0.149000 0.149000 0.149000 0.149000 0.149000 0.149000 0.149000 0.149000 0.149000 0.149000 0.149000 0.149000 0.149000 0.149000 0.149000 0.149000 0.149000 0.149000 0.149000 0.149000 0.149000 0.149000 0.149000 0.149000 0.149000 0.149000 0.149000 0.149000 0.149000 0.149000 0.149000 0.149000 0.149000 0.149000 0.149000 0.149000 0.149000 0.149000 0.149000 0.149000 0.149000 0.149000 0.149000 0.149000 0.149000 0.149000 0.149000 0.149000 0.149000 0.149000 0.149000 0.149000 0.149000 0.149000 0.149000 0.149000 0.149000 0.149000 0.149000 0.149000 0.149000 0.149000 0.149000 0.149000 0.149000 0.149000 0.149000 0.149000 0.149000 0.149000 0.149000 0.149000 0.149000 0.149000 0.149000 0.149000 0.149000 0.149000 0.149000 0.149000 0.149000 0.149000 0.149000 0.149000 0.149000 0.149000 0.149000 0.149000 0.149000 0.149000 0.149000 0.149000 0.149000 0.149000 0.149000 0.149000 0.149000 0.149000 0.149000 0.149000 0.149000 0.149000 0.149000 0.149000 0.149000 0.149000 0.149000 0.149000 0.149000 0.149000 0.149000 0.149000 0.149000 0.149000 0.149000 0.149000 0.149000 0.149000 0.149000 0.149000 0.149000 0.149000 0.148522 0.148045 0.147567 0.147090 0.146612 0.146135 0.145657 0.145657 0.146135 0.146612 0.147090 0.147567 0.148045 0.148522 0.149000 0.145657 0.145657 0.145657 0.145657 0.145657 0.145657 0.145657 0.145657 0.145100 0.145180 0.145259 0.145339 0.145418 0.145498 0.145578 0.145657
0.145100 0.145100 0.145100 0.145100 0.145100 0.145100 0.145100 0.145100 0.145100 0.145100 0.145100 0.145100 0.145100 0.145100 0.145100 0.145100 0.145100 0.145100 0.145100 0.145100 0.145100 0.145100 0.145100 0.145100 0.149000 0.148443 0.147886 0.147329 0.146771 0.146214 0.145657 0.145100 0.145100 0.145657 0.146214 0.146771 0.147329 0.147886 0.148443 0.149000 0.149000 0.149000 0.149000 0.149000 0.149000 0.149000 0.149000 0.149000 0.149000 0.149000 0.149000 0.149000 0.149000 0.149000 0.149000 0.149000 0.149000 0.149000 0.149000 0.149000 0.149000 0.149000 0.149000 0.149000 0.149000 0.149000 0.149000 0.149000 0.149000 0.149000 0.149000 0.149000 0.149000 0.149000 0.149000 0.149000 0.149000 0.149000 0.149000 0.149000 0.149000 0.149000 0.149000 0.149000 0.149000 0.149000 0.149000 0.149000 0.149000 0.149000 0.149000 0.149000 0.149000 0.149000 0.149000 0.149000 0.149000 0.149000 0.149000 0.149000 0.149000 0.149000 0.149000 0.149000 0.149000 0.149000 0.149000 0.149000 0.149000 0.149000 0.149000 0.149000 0.149000 0.149000 0.149000 0.149000 0.149000 0.149000 0.149000 0.149000 0.149000 0.149000 0.149000 0.149000 0.149000 0.149000 0.149000 0.149000 0.149000 0.149000 0.149000 0.149000 0.149000 0.149000 0.149000 0.149000 0.149000 0.149000 0.149000 0.149000 0.149000 0.149000 0.149000 0.149000 0.149000 0.149000 0.149000 0.149000 0.149000 0.149000 0.149000 0.149000 0.149000 0.149000 0.149000 0.149000 0.149000 0.149000 0.149000 0.149000 0.149000 0.149000 0.149000 0.149000 0.149000 0.149000 0.149000 0.149000 0.149000 0.149000 0.149000 0.149000 0.149000 0.149000 0.149000 0.149000 0.149000 0.149000 0.149000 0.149000 0.149000 0.149000 0.149000 0.149000 0.149000 0.149000 0.149000 0.149000 0.149000 0.149000 0.149000 0.149000 0.149000 0.149000 0.149000 0.149000 0.149000 0.149000 0.149000 0.149000 0.149000 0.149000 0.149000 0.149000 0.149000 0.149000 0.149000 0.149000 0.149000 0.149000 0.149000 0.149000 0.149000 0.149000 0.149000 0.149000 0.149000 0.149000 0.149000 0.149000 0.149000 0.149000 0.149000 0.149000 0.149000 0.148443 0.147886 0.147329 0.146771 0.146214 0.145657 0.145100 0.145100 0.145657 0.146214 0.146771 0.147329 0.147886 0.148443 0.149000 0.145100 0.145100 0.145100 0.145100 0.145100 0.145100 0.145100 0.145100 0.145100 0.145100 0.145100 0.145100 0.145100 0.145100 0.145100 0.145100
0.145100 0.145100 0.145100 0.145100 0.145100 0.145100 0.145100 0.145100 0.145100 0.145100 0.145100 0.145100 0.145100 0.145100 0.145100 0.145100 0.145100 0.145657 0.146214 0.146771 0.147329 0.147886 0.148443 0.149000 0.149000 0.148443 0.147886 0.147329 0.146771 0.146214 0.145657 0.145100 0.149000 0.149000 0.149000 0.149000 0.149000 0.149000 0.149000 0.149000 0.149000 0.149000 0.149000 0.149000 0.149000 0.149000 0.149000 0.149000 0.149000 0.149000 0.149000 0.149000 0.149000 0.149000 0.149000 0.149000 0.149000 0.149000 0.149000 0.149000 0.149000 0.149000 0.149000 0.149000 0.149000 0.149000 0.149000 0.149000 0.149000 0.149000 0.149000 0.149000 0.149000 0.149000 0.149000 0.149000 0.149000 0.149000 0.149000 0.149000 0.149000 0.149000 0.149000 0.149000 0.149000 0.149000 0.149000 0.149000 0.149000 0.149000 0.149000 0.149000 0.149000 0.149000 0.149000 0.149000 0.149000 0.149000 0.149000 0.149000 0.149000 0.149000 0.149000 0.149000 0.149000 0.149000 0.149000 0.149000 0.149000 0.149000 0.149000 0.149000 0.149000 0.149000 0.149000 0.149000 0.149000 0.149000 0.149000 0.149000 0.149000 0.149000 0.149000 0.149000 0.149000 0.149000 0.149000 0.149000 0.149000 0.149000 0.149000 0.149000 0.149000 0.149000 0.149000 0.149000 0.149000 0.149000 0.149000 0.149000 0.149000 0.149000 0.149000 0.149000 0.149000 0.149000 0.149000 0.149000 0.149000 0.149000 0.149000 0.149000 0.149000 0.149000 0.149000 0.149000 0.149000 0.149000 0.149000 0.149000 0.149000 0.149000 0.149000 0.149000 0.149000 0.149000 0.149000 0.149000 0.149000 0.149000 0.149000 0.149000 0.149000 0.149000 0.149000 0.149000 0.149000 0.149000 0.149000 0.149000 0.149000 0.149000 0.149000 0.149000 0.149000 0.149000 0.149000 0.149000 0.149000 0.149000 0.149000 0.149000 0.149000 0.149000 0.149000 0.149000 0.149000 0.149000 0.149000 0.149000 0.149000 0.149000 0.149000 0.149000 0.149000 0.149000 0.149000 0.149000 0.149000 0.149000 0.149000 0.149000 0.149000 0.149000 0.149000 0.149000 0.149000 0.149000 0.149000 0.149000 0.149000 0.149000 0.149000 0.149000 0.149000 0.149000 0.149000 0.149000 0.149000 0.149000 0.149000 0.149000 0.145100 0.145100 0.145100 0.145100 0.145100 0.145100 0.145100 0.145100 0.145100 0.145100 0.145100 0.145100 0.145100 0.145100 0.145100 0.145100 0.145100 0.145657 0.146214 0.146771 0.147329 0.147886 0.148443 0.149000
0.145100 0.145100 0.145100 0.145100 0.145100 0.145100 0.145100 0.145100 0.145100 0.145100 0.145100 0.145100 0.145100 0.145100 0.145100 0.145100 0.145100 0.145578 0.146055 0.146533 0.147010 0.147488 0.147965 0.148443 0.148443 0.148045 0.147647 0.147249 0.146851 0.146453 0.146055 0.145657 0.149000 0.149000 0.149000 0.149000 0.149000 0.149000 0.149000 0.149000 0.149000 0.149000 0.149000 0.149000 0.149000 0.149000 0.149000 0.149000 0.149000 0.148920 0.148841 0.148761 0.148682 0.148602 0.148522 0.148443 0.149000 0.149000 0.149000 0.149000 0.149000 0.149000 0.149000 0.149000 0.149000 0.149000 0.149000 0.149000 0.149000 0.149000 0.149000 0.149000 0.149000 0.149000 0.149000 0.149000 0.149000 0.149000 0.149000 0.149000 0.149000 0.149000 0.149000 0.149000 0.149000 0.149000 0.149000 0.149000 0.149000 0.149000 0.149000 0.149000 0.149000 0.149000 0.149000 0.149000 0.149000 0.149000 0.149000 0.149000 0.149000 0.149000 0.149000 0.149000 0.149000 0.149000 0.149000 0.149000 0.149000 0.149000 0.149000 0.149000 0.149000 0.149000 0.149000 0.149000 0.149000 0.149000 0.149000 0.149000 0.149000 0.149000 0.149000 0.149000 0.149000 0.149000 0.149000 0.149000 0.149000 0.149000 0.149000 0.149000 0.149000 0.149000 0.149000 0.149000 0.149000 0.149000 0.149000 0.149000 0.149000 0.149000 0.149000 0.149000 0.149000 0.149000 0.149000 0.149000 0.149000 0.149000 0.149000 0.149000 0.149000 0.149000 0.149000 0.149000 0.149000 0.149000 0.149000 0.149000 0.149000 0.149000 0.149000 0.149000 0.149000 0.149000 0.149000 0.149000 0.149000 0.149000 0.149000 0.149000 0.149000 0.149000 0.149000 0.149000 0.149000 0.149000 0.149000 0.149000 0.149000 0.149000 0.149000 0.149000 0.149000 0.149000 0.149000 0.149000 0.149000 0.149000 0.149000 0.149000 0.149000 0.149000 0.149000 0.149000 0.149000 0.149000 0.149000 0.149000 0.149000 0.149000 0.149000 0.149000 0.149000 0.149000 0.149000 0.149000 0.148443 0.148522 0.148602 0.148682 0.148761 0.148841 0.148920 0.149000 0.149000 0.149000 0.149000 0.149000 0.149000 0.149000 0.149000 0.149000 0.148443 0.148522 0.148602 0.148682 0.148761 0.148841 0.148920 0.149000 0.145100 0.145180 0.145259 0.145339 0.145418 0.145498 0.145578 0.145657 0.145100 0.145100 0.145100 0.145100 0.145100 0.145100 0.145100 0.145100 0.145100 0.145578 0.146055 0.146533 0.147010 0.147488 0.147965 0.148443
0.145100 0.145100 0.145100 0.145100 0.145100 0.145100 0.145100 0.145100 0.145100 0.145100 0.145100 0.145100 0.145100 0.145100 0.145100 0.145100 0.145100 0.145498 0.145896 0.146294 0.146692 0.147090 0.147488 0.147886 0.147886 0.147647 0.147408 0.147169 0.146931 0.146692 0.146453 0.146214 0.149000 0.149000 0.149000 0.149000 0.149000 0.149000 0.149000 0.149000 0.149000 0.149000 0.149000 0.149000 0.149000 0.149000 0.149000 0.149000 0.149000 0.148841 0.148682 0.148522 0.148363 0.148204 0.148045 0.147886 0.149000 0.149000 0.149000 0.149000 0.149000 0.149000 0.149000 0.149000 0.149000 0.149000 0.149000 0.149000 0.149000 0.149000 0.149000 0.149000 0.149000 0.149000 0.149000 0.149000 0.149000 0.149000 0.149000 0.149000 0.149000 0.149000 0.149000 0.149000 0.149000 0.149000 0.149000 0.149000 0.149000 0.149000 0.149000 0.149000 0.149000 0.149000 0.149000 0.149000 0.149000 0.149000 0.149000 0.149000 0.149000 0.149000 0.149000 0.149000 0.149000 0.149000 0.149000 0.149000 0.149000 0.149000 0.149000 0.149000 0.149000 0.149000 0.149000 0.149000 0.149000 0.149000 0.149000 0.149000 0.149000 0.149000 0.149000 0.149000 0.149000 0.149000 0.149000 0.149000 0.149000 0.149000 0.149000 0.149000 0.149000 0.149000 0.149000 0.149000 0.149000 0.149000 0.149000 0.149000 0.149000 0.149000 0.149000 0.149000 0.149000 0.149000 0.149000 0.149000 0.149000 0.149000 0.149000 0.149000 0.149000 0.149000 0.149000 0.149000 0.149000 0.149000 0.149000 0.149000 0.149000 0.149000 0.149000 0.149000 0.149000 0.149000 0.149000 0.149000 0.149000 0.149000 0.149000 0.149000 0.149000 0.149000 0.149000 0.149000 0.149000 0.149000 0.149000 0.149000 0.149000 0.149000 0.149000 0.149000 0.149000 0.149000 0.149000 0.149000 0.149000 0.149000 0.149000 0.149000 0.149000 0.149000 0.149000 0.149000 0.149000 0.149000 0.149000 0.149000 0.149000 0.149000 0.149000 0.149000 0.149000 0.149000 0.149000 0.149000 0.147886 0.148045 0.148204 0.148363 0.148522 0.148682 0.148841 0.149000 0.149000 0.149000 0.149000 0.149000 0.149000 0.149000 0.149000 0.149000 0.147886 0.148045 0.148204 0.148363 0.148522 0.148682 0.148841 0.149000 0.145100 0.145259 0.145418 0.145578 0.145737 0.145896 0.146055 0.146214 0.145100 0.145100 0.145100 0.145100 0.145100 0.145100 0.145100 0.145100 0.145100 0.145498 0.145896 0.146294 0.146692 0.147090 0.147488 0.147886
0.145100 0.145100 0.145100 0.145100 0.145100 0.145100 0.145100 0.145100 0.145100 0.145100 0.145100 0.145100 0.145100 0.145100 0.145100 0.145100 0.145100 0.145418 0.145737 0.146055 0.146373 0.146692 0.147010 0.147329 0.147329 0.147249 0.147169 0.147090 0.147010 0.146931 0.146851 0.146771 0.149000 0.149000 0.149000 0.149000 0.149000 0.149000 0.149000 0.149000 0.149000 0.149000 0.149000 0.149000 0.149000 0.149000 0.149000 0.149000 0.149000 0.148761 0.148522 0.148284 0.148045 0.147806 0.147567 0.147329 0.149000 0.149000 0.149000 0.149000 0.149000 0.149000 0.149000 0.149000 0.149000 0.149000 0.149000 0.149000 0.149000 0.149000 0.149000 0.149000 0.149000 0.149000 0.149000 0.149000 0.149000 0.149000 0.149000 0.149000 0.149000 0.149000 0.149000 0.149000 0.149000 0.149000 0.149000 0.149000 0.149000 0.149000 0.149000 0.149000 0.149000 0.149000 0.149000 0.149000 0.149000 0.149000 0.149000 0.149000 0.149000 0.149000 0.149000 0.149000 0.149000 0.149000 0.149000 0.149000 0.149000 0.149000 0.149000 0.149000 0.149000 0.149000 0.149000 0.149000 0.149000 0.149000 0.149000 0.149000 0.149000 0.149000 0.149000 0.149000 0.149000 0.149000 0.149000 0.149000 0.149000 0.149000 0.149000 0.149000 0.149000 0.149000 0.149000 0.149000 0.149000 0.149000 0.149000 0.149000 0.149000 0.149000 0.149000 0.149000 0.149000 0.149000 0.149000 0.149000 0.149000 0.149000 0.149000 0.149000 0.149000 0.149000 0.149000 0.149000 0.149000 0.149000 0.149000 0.149000 0.149000 0.149000 0.149000 0.149000 0.149000 0.149000 0.149000 0.149000 0.149000 0.149000 0.149000 0.149000 0.149000 0.149000 0.149000 0.149000 0.149000 0.149000 0.149000 0.149000 0.149000 0.149000 0.149000 0.149000 0.149000 0.149000 0.149000 0.149000 0.149000 0.149000 0.149000 0.149000 0.149000 0.149000 0.149000 0.149000 0.149000 0.149000 0.149000 0.149000 0.149000 0.149000 0.149000 0.149000 0.149000 0.149000 0.149000 0.149000 0.147329 0.147567 0.147806 0.148045 0.148284 0.148522 0.148761 0.149000 0.149000 0.149000 0.149000 0.149000 0.149000 0.149000 0.149000 0.149000 0.147329 0.147567 0.147806 0.148045 0.148284 0.148522 0.148761 0.149000 0.145100 0.145339 0.145578 0.145816 0.146055 0.146294 0.146533 0.146771 0.145100 0.145100 0.145100 0.145100 0.145100 0.145100 0.145100 0.145100 0.145100 0.145418 0.145737 0.146055 0.146373 0.146692 0.147010 0.147329
0.145100 0.145100 0.145100 0.145100 0.145100 0.145100 0.145100 0.145100 0.145100 0.145100 0.145100 0.145100 0.145100 0.145100 0.145100 0.145100 0.145100 0.145339 0.145578 0.145816 0.146055 0.146294 0.146533 0.146771 0.146771 0.146851 0.146931 0.147010 0.147090 0.147169 0.147249 0.147329 0.149000 0.149000 0.149000 0.149000 0.149000 0.149000 0.149000 0.149000 0.149000 0.149000 0.149000 0.149000 0.149000 0.149000 0.149000 0.149000 0.149000 0.148682 0.148363 0.148045 0.147727 0.147408 0.147090 0.146771 0.149000 0.149000 0.149000 0.149000 0.149000 0.149000 0.149000 0.149000 0.149000 0.149000 0.149000 0.149000 0.149000 0.149000 0.149000 0.149000 0.149000 0.149000 0.149000 0.149000 0.149000 0.149000 0.149000 0.149000 0.149000 0.149000 0.149000 0.149000 0.149000 0.149000 0.149000 0.149000 0.149000 0.149000 0.149000 0.149000 0.149000 0.149000 0.149000 0.149000 0.149000 0.149000 0.149000 0.149000 0.149000 0.149000 0.149000 0.149000 0.149000 0.149000 0.149000 0.149000 0.149000 0.149000 0.149000 0.149000 0.149000 0.149000 0.149000 0.149000 0.149000 0.149000 0.149000 0.149000 0.149000 0.149000 0.149000 0.149000 0.149000 0.149000 0.149000 0.149000 0.149000 0.149000 0.149000 0.149000 0.149000 0.149000 0.149000 0.149000 0.149000 0.149000 0.149000 0.149000 0.149000 0.149000 0.149000 0.149000 0.149000 0.149000 0.149000 0.149000 0.149000 0.149000 0.149000 0.149000 0.149000 0.149000 0.149000 0.149000 0.149000 0.149000 0.149000 0.149000 0.149000 0.149000 0.149000 0.149000 0.149000 0.149000 0.149000 0.149000 0.149000 0.149000 0.149000 0.149000 0.149000 0.149000 0.149000 0.149000 0.149000 0.149000 0.149000 0.149000 0.149000 0.149000 0.149000 0.149000 0.149000 0.149000 0.149000 0.149000 0.149000 0.149000 0.149000 0.149000 0.149000 0.149000 0.149000 0.149000 0.149000 0.149000 0.149000 0.149000 0.149000 0.149000 0.149000 0.149000 0.149000 0.149000 0.149000 0.149000 0.146771 0.147090 0.147408 0.147727 0.148045 0.148363 0.148682 0.149000 0.149000 0.149000 0.149000 0.149000 0.149000 0.149000 0.149000 0.149000 0.146771 0.147090 0.147408 0.147727 0.148045 0.148363 0.148682 0.149000 0.145100 0.145418 0.145737 0.146055 0.146373 0.146692 0.147010 0.147329 0.145100 0.145100 0.145100 0.145100 0.145100 0.145100 0.145100 0.145100 0.145100 0.145339 0.145578 0.145816 0.146055 0.146294 0.146533 0.146771
0.145100 0.145100 0.145100 0.145100 0.145100 0.145100 0.145100 0.145100 0.145100 0.145100 0.145100 0.145100 0.145100 0.145100 0.145100 0.145100 0.145100 0.145259 0.145418 0.145578 0.145737 0.145896 0.146055 0.146214 0.146214 0.146453 0.146692 0.146931 0.147169 0.147408 0.147647 0.147886 0.149000 0.149000 0.149000 0.149000 0.149000 0.149000 0.149000 0.149000 0.149000 0.149000 0.149000 0.149000 0.149000 0.149000 0.149000 0.149000 0.149000 0.148602 0.148204 0.147806 0.147408 0.147010 0.146612 0.146214 0.149000 0.149000 0.149000 0.149000 0.149000 0.149000 0.149000 0.149000 0.149000 0.149000 0.149000 0.149000 0.149000 0.149000 0.149000 0.149000 0.149000 0.149000 0.149000 0.149000 0.149000 0.149000 0.149000 0.149000 0.149000 0.149000 0.149000 0.149000 0.149000 0.149000 0.149000 0.149000 0.149000 0.149000 0.149000 0.149000 0.149000 0.149000 0.149000 0.149000 0.149000 0.149000 0.149000 0.149000 0.149000 0.149000 0.149000 0.149000 0.149000 0.149000 0.149000 0.149000 0.149000 0.149000 0.149000 0.149000 0.149000 0.149000 0.149000 0.149000 0.149000 0.149000 0.149000 0.149000 0.149000 0.149000 0.149000 0.149000 0.149000 0.149000 0.149000 0.149000 0.149000 0.149000 0.149000 0.149000 0.149000 0.149000 0.149000 0.149000 0.149000 0.149000 0.149000 0.149000 0.149000 0.149000 0.149000 0.149000 0.149000 0.149000 0.149000 0.149000 0.149000 0.149000 0.149000 0.149000 0.149000 0.149000 0.149000 0.149000 0.149000 0.149000 0.149000 0.149000 0.149000 0.149000 0.149000 0.149000 0.149000 0.149000 0.149000 0.149000 0.149000 0.149000 0.149000 0.149000 0.149000 0.149000 0.149000 0.149000 0.149000 0.149000 0.149000 0.149000 0.149000 0.149000 0.149000 0.149000 0.149000 0.149000 0.149000 0.149000 0.149000 0.149000 0.149000 0.149000 0.149000 0.149000 0.149000 0.149000 0.149000 0.149000 0.149000 0.149000 0.149000 0.149000 0.149000 0.149000 0.149000 0.149000 0.149000 0.149000 0.146214 0.146612 0.147010 0.147408 0.147806 0.148204 0.148602 0.149000 0.149000 0.149000 0.149000 0.149000 0.149000 0.149000 0.149000 0.149000 0.146214 0.146612 0.147010 0.147408 0.147806 0.148204 0.148602 0.149000 0.145100 0.145498 0.145896 0.146294 0.146692 0.147090 0.147488 0.147886 0.145100 0.145100 0.145100 0.145100 0.145100 0.145100 0.145100 0.145100 0.145100 0.145259 0.145418 0.145578 0.145737 0.145896 0.146055 0.146214
0.145100 0.145100 0.145100 0.145100 0.145100 0.145100 0.145100 0.145100 0.145100 0.145100 0.145100 0.145100 0.145100 0.145100 0.145100 0.145100 0.145100 0.145180 0.145259 0.145339 0.145418 0.145498 0.145578 0.145657 0.145657 0.146055 0.146453 0.146851 0.147249 0.147647 0.148045 0.148443 0.149000 0.149000 0.149000 0.149000 0.149000 0.149000 0.149000 0.149000 0.149000 0.149000 0.149000 0.149000 0.149000 0.149000 0.149000 0.149000 0.149000 0.148522 0.148045 0.147567 0.147090 0.146612 0.146135 0.145657 0.149000 0.149000 0.149000 0.149000 0.149000 0.149000 0.149000 0.149000 0.149000 0.149000 0.149000 0.149000 0.149000 0.149000 0.149000 0.149000 0.149000 0.149000 0.149000 0.149000 0.149000 0.149000 0.149000 0.149000 0.149000 0.149000 0.149000 0.149000 0.149000 0.149000 0.149000 0.149000 0.149000 0.149000 0.149000 0.149000 0.149000 0.149000 0.149000 0.149000 0.149000 0.149000 0.149000 0.149000 0.149000 0.149000 0.149000 0.149000 0.149000 0.149000 0.149000 0.149000 0.149000 0.149000 0.149000 0.149000 0.149000 0.149000 0.149000 0.149000 0.149000 0.149000 0.149000 0.149000 0.149000 0.149000 0.149000 0.149000 0.149000 0.149000 0.149000 0.149000 0.149000 0.149000 0.149000 0.149000 0.149000 0.149000 0.149000 0.149000 0.149000 0.149000 0.149000 0.149000 0.149000 0.149000 0.149000 0.149000 0.149000 0.149000 0.149000 0.149000 0.149000 0.149000 0.149000 0.149000 0.149000 0.149000 0.149000 0.149000 0.149000 0.149000 0.149000 0.149000 0.149000 0.149000 0.149000 0.149000 0.149000 0.149000 0.149000 0.149000 0.149000 0.149000 0.149000 0.149000 0.149000 0.149000 0.149000 0.149000 0.149000 0.149000 0.149000 0.149000 0.149000 0.149000 0.149000 0.149000 0.149000 0.149000 0.149000 0.149000 0.149000 0.149000 0.149000 0.149000 0.149000 0.149000 0.149000 0.149000 0.149000 0.149000 0.149000 0.149000 0.149000 0.149000 0.149000 0.149000 0.149000 0.149000 0.149000 0.149000 0.145657 0.146135 0.146612 0.147090 0.147567 0.148045 0.148522 0.149000 0.149000 0.149000 0.149000 0.149000 0.149000 0.149000 0.149000 0.149000 0.145657 0.146135 0.146612 0.147090 0.147567 0.148045 0.148522 0.149000 0.145100 0.145578 0.146055 0.146533 0.147010 0.147488 0.147965 0.148443 0.145100 0.145100 0.145100 0.145100 0.145100 0.145100 0.145100 0.145100 0.145100 0.145180 0.145259 0.145339 0.145418 0.145498 0.145578 0.145657
0.145100 0.145100 0.145100 0.145100 0.145100 0.145100 0.145100 0.145100 0.145100 0.145100 0.145100 0.145100 0.145100 0.145100 0.145100 0.145100 0.145100 0.145100 0.145100 0.145100 0.145100 0.145100 0.145100 0.145100 0.145100 0.145657 0.146214 0.146771 0.147329 0.147886 0.148443 0.149000 0.149000 0.149000 0.149000 0.149000 0.149000 0.149000 0.149000 0.149000 0.149000 0.149000 0.149000 0.149000 0.149000 0.149000 0.149000 0.149000 0.149000 0.148443 0.147886 0.147329 0.146771 0.146214 0.145657 0.145100 0.149000 0.149000 0.149000 0.149000 0.149000 0.149000 0.149000 0.149000 0.149000 0.149000 0.149000 0.149000 0.149000 0.149000 0.149000 0.149000 0.149000 0.149000 0.149000 0.149000 0.149000 0.149000 0.149000 0.149000 0.149000 0.149000 0.149000 0.149000 0.149000 0.149000 0.149000 0.149000 0.149000 0.149000 0.149000 0.149000 0.149000 0.149000 0.149000 0.149000 0.149000 0.149000 0.149000 0.149000 0.149000 0.149000 0.149000 0.149000 0.149000 0.149000 0.149000 0.149000 0.149000 0.149000 0.149000 0.149000 0.149000 0.149000 0.149000 0.149000 0.149000 0.149000 0.149000 0.149000 0.149000 0.149000 0.149000 0.149000 0.149000 0.149000 0.149000 0.149000 0.149000 0.149000 0.149000 0.149000 0.149000 0.149000 0.149000 0.149000 0.149000 0.149000 0.149000 0.149000 0.149000 0.149000 0.149000 0.149000 0.149000 0.149000 0.149000 0.149000 0.149000 0.149000 0.149000 0.149000 0.149000 0.149000 0.149000 0.149000 0.149000 0.149000 0.149000 0.149000 0.149000 0.149000 0.149000 0.149000 0.149000 0.149000 0.149000 0.149000 0.149000 0.149000 0.149000 0.149000 0.149000 0.149000 0.149000 0.149000 0.149000 0.149000 0.149000 0.149000 0.149000 0.149000 0.149000 0.149000 0.149000 0.149000 0.149000 0.149000 0.149000 0.149000 0.149000 0.149000 0.149000 0.149000 0.149000 0.149000 0.149000 0.149000 0.149000 0.149000 0.149000 0.149000 0.149000 0.149000 0.149000 0.149000 0.149000 0.149000 0.145100 0.145657 0.146214 0.146771 0.147329 0.147886 0.148443 0.149000 0.149000 0.149000 0.149000 0.149000 0.149000 0.149000 0.149000 0.149000 0.145100 0.145657 0.146214 0.146771 0.147329 0.147886 0.148443 0.149000 0.145100 0.145657 0.146214 0.146771 0.147329 0.147886 0.148443 0.149000 0.145100 0.145100 0.145100 0.145100 0.145100 0.145100 0.145100 0.145100 0.145100 0.145100 0.145100 0.145100 0.145100 0.145100 0.145100 0.145100
0.145100 0.145100 0.145100 0.145100 0.145100 0.145100 0.145100 0.145100 0.145100 0.145100 0.145100 0.145100 0.145100 0.145100 0.145100 0.145100 0.145100 0.145100 0.145100 0.145100 0.145100 0.145100 0.145100 0.145100 0.145100 0.145100 0.145100 0.145100 0.145100 0.145100 0.145100 0.145100 0.145100 0.145100 0.145100 0.145100 0.145100 0.145100 0.145100 0.145100 0.149000 0.149000 0.149000 0.149000 0.149000 0.149000 0.149000 0.149000 0.145100 0.145100 0.145100 0.145100 0.145100 0.145100 0.145100 0.145100 0.149000 0.148443 0.147886 0.147329 0.146771 0.146214 0.145657 0.145100 0.149000 0.149000 0.149000 0.149000 0.149000 0.149000 0.149000 0.149000 0.149000 0.149000 0.149000 0.149000 0.149000 0.149000 0.149000 0.149000 0.149000 0.149000 0.149000 0.149000 0.149000 0.149000 0.149000 0.149000 0.149000 0.149000 0.149000 0.149000 0.149000 0.149000 0.149000 0.149000 0.149000 0.149000 0.149000 0.149000 0.149000 0.149000 0.149000 0.149000 0.149000 0.149000 0.149000 0.149000 0.149000 0.149000 0.149000 0.149000 0.149000 0.149000 0.149000 0.149000 0.149000 0.149000 0.149000 0.149000 0.149000 0.149000 0.149000 0.149000 0.149000 0.149000 0.149000 0.149000 0.149000 0.149000 0.149000 0.149000 0.149000 0.149000 0.149000 0.149000 0.149000 0.149000 0.149000 0.149000 0.149000 0.149000 0.149000 0.149000 0.149000 0.149000 0.149000 0.149000 0.149000 0.149000 0.149000 0.149000 0.149000 0.149000 0.149000 0.149000 0.149000 0.149000 0.149000 0.149000 0.149000 0.149000 0.149000 0.149000 0.149000 0.149000 0.149000 0.149000 0.149000 0.149000 0.149000 0.149000 0.149000 0.149000 0.149000 0.149000 0.149000 0.149000 0.149000 0.149000 0.149000 0.149000 0.149000 0.149000 0.145100 0.145657 0.146214 0.146771 0.147329 0.147886 0.148443 0.149000 0.149000 0.149000 0.149000 0.149000 0.149000 0.149000 0.149000 0.149000 0.149000 0.149000 0.149000 0.149000 0.149000 0.149000 0.149000 0.149000 0.145100 0.145100 0.145100 0.145100 0.145100 0.145100 0.145100 0.145100 0.149000 0.148443 0.147886 0.147329 0.146771 0.146214 0.145657 0.145100 0.149000 0.148443 0.147886 0.147329 0.146771 0.146214 0.145657 0.145100 0.145100 0.145100 0.145100 0.145100 0.145100 0.145100 0.145100 0.145100 0.145100 0.145100 0.145100 0.145100 0.145100 0.145100 0.145100 0.145100 0.145100 0.145100 0.145100 0.145100 0.145100 0.145100 0.145100 0.145100
0.145100 0.145100 0.145100 0.145100 0.145100 0.145100 0.145100 0.145100 0.145100 0.145100 0.145100 0.145100 0.145100 0.145100 0.145100 0.145100 0.145100 0.145100 0.145100 0.145100 0.145100 0.145100 0.145100 0.145100 0.145100 0.145100 0.145100 0.145100 0.145100 0.145100 0.145100 0.145100 0.145100 0.145100 0.145100 0.145100 0.145100 0.145100 0.145100 0.145100 0.148443 0.148443 0.148443 0.148443 0.148443 0.148443 0.148443 0.148443 0.145100 0.145100 0.145100 0.145100 0.145100 0.145100 0.145100 0.145100 0.149000 0.148443 0.147886 0.147329 0.146771 0.146214 0.145657 0.145100 0.149000 0.148920 0.148841 0.148761 0.148682 0.148602 0.148522 0.148443 0.149000 0.148920 0.148841 0.148761 0.148682 0.148602 0.148522 0.148443 0.149000 0.148920 0.148841 0.148761 0.148682 0.148602 0.148522 0.148443 0.149000 0.149000 0.149000 0.149000 0.149000 0.149000 0.149000 0.149000 0.149000 0.149000 0.149000 0.149000 0.149000 0.149000 0.149000 0.149000 0.149000 0.149000 0.149000 0.149000 0.149000 0.149000 0.149000 0.149000 0.149000 0.149000 0.149000 0.149000 0.149000 0.149000 0.149000 0.149000 0.149000 0.149000 0.149000 0.149000 0.149000 0.149000 0.149000 0.149000 0.149000 0.149000 0.149000 0.149000 0.149000 0.149000 0.149000 0.149000 0.149000 0.149000 0.149000 0.149000 0.149000 0.149000 0.149000 0.149000 0.149000 0.149000 0.149000 0.149000 0.149000 0.149000 0.149000 0.149000 0.149000 0.149000 0.149000 0.149000 0.149000 0.149000 0.149000 0.149000 0.149000 0.149000 0.149000 0.149000 0.149000 0.149000 0.149000 0.149000 0.149000 0.149000 0.149000 0.149000 0.149000 0.149000 0.149000 0.149000 0.149000 0.149000 0.149000 0.149000 0.149000 0.149000 0.149000 0.149000 0.145657 0.146055 0.146453 0.146851 0.147249 0.147647 0.148045 0.148443 0.148443 0.148443 0.148443 0.148443 0.148443 0.148443 0.148443 0.148443 0.148443 0.148443 0.148443 0.148443 0.148443 0.148443 0.148443 0.148443 0.145100 0.145100 0.145100 0.145100 0.145100 0.145100 0.145100 0.145100 0.148443 0.147965 0.147488 0.147010 0.146533 0.146055 0.145578 0.145100 0.148443 0.147965 0.147488 0.147010 0.146533 0.146055 0.145578 0.145100 0.145100 0.145100 0.145100 0.145100 0.145100 0.145100 0.145100 0.145100 0.145100 0.145100 0.145100 0.145100 0.145100 0.145100 0.145100 0.145100 0.145100 0.145100 0.145100 0.145100 0.145100 0.145100 0.145100 0.145100
0.145100 0.145100 0.145100 0.145100 0.145100 0.145100 0.145100 0.145100 0.145100 0.145100 0.145100 0.145100 0.145100 0.145100 0.145100 0.145100 0.145100 0.145100 0.145100 0.145100 0.145100 0.145100 0.145100 0.145100 0.145100 0.145100 0.145100 0.145100 0.145100 0.145100 0.145100 0.145100 0.145100 0.145100 0.145100 0.145100 0.145100 0.145100 0.145100 0.145100 0.147886 0.147886 0.147886 0.147886 0.147886 0.147886 0.147886 0.147886 0.145100 0.145100 0.145100 0.145100 0.145100 0.145100 0.145100 0.145100 0.149000 0.148443 0.147886 0.147329 0.146771 0.146214 0.145657 0.145100 0.149000 0.148841 0.148682 0.148522 0.148363 0.148204 0.148045 0.147886 0.149000 0.148841 0.148682 0.148522 0.148363 0.148204 0.148045 0.147886 0.149000 0.148841 0.148682 0.148522 0.148363 0.148204 0.148045 0.147886 0.149000 0.149000 0.149000 0.149000 0.149000 0.149000 0.149000 0.149000 0.149000 0.149000 0.149000 0.149000 0.149000 0.149000 0.149000 0.149000 0.149000 0.149000 0.149000 0.149000 0.149000 0.149000 0.149000 0.149000 0.149000 0.149000 0.149000 0.149000 0.149000 0.149000 0.149000 0.149000 0.149000 0.149000 0.149000 0.149000 0.149000 0.149000 0.149000 0.149000 0.149000 0.149000 0.149000 0.149000 0.149000 0.149000 0.149000 0.149000 0.149000 0.149000 0.149000 0.149000 0.149000 0.149000 0.149000 0.149000 0.149000 0.149000 0.149000 0.149000 0.149000 0.149000 0.149000 0.149000 0.149000 0.149000 0.149000 0.149000 0.149000 0.149000 0.149000 0.149000 0.149000 0.149000 0.149000 0.149000 0.149000 0.149000 0.149000 0.149000 0.149000 0.149000 0.149000 0.149000 0.149000 0.149000 0.149000 0.149000 0.149000 0.149000 0.149000 0.149000 0.149000 0.149000 0.149000 0.149000 0.146214 0.146453 0.146692 0.146931 0.147169 0.147408 0.147647 0.147886 0.147886 0.147886 0.147886 0.147886 0.147886 0.147886 0.147886 0.147886 0.147886 0.147886 0.147886 0.147886 0.147886 0.147886 0.147886 0.147886 0.145100 0.145100 0.145100 0.145100 0.145100 0.145100 0.145100 0.145100 0.147886 0.147488 0.147090 0.146692 0.146294 0.145896 0.145498 0.145100 0.147886 0.147488 0.147090 0.146692 0.146294 0.145896 0.145498 0.145100 0.145100 0.145100 0.145100 0.145100 0.145100 0.145100 0.145100 0.145100 0.145100 0.145100 0.145100 0.145100 0.145100 0.145100 0.145100 0.145100 0.145100 0.145100 0.145100 0.145100 0.145100 0.145100 0.145100 0.145100
0.145100 0.145100 0.145100 0.145100 0.145100 0.145100 0.145100 0.145100 0.145100 0.145100 0.145100 0.145100 0.145100 0.145100 0.145100 0.145100 0.145100 0.145100 0.145100 0.145100 0.145100 0.145100 0.145100 0.145100 0.145100 0.145100 0.145100 0.145100 0.145100 0.145100 0.145100 0.145100 0.145100 0.145100 0.145100 0.145100 0.145100 0.145100 0.145100 0.145100 0.147329 0.147329 0.147329 0.147329 0.147329 0.147329 0.147329 0.147329 0.145100 0.145100 0.145100 0.145100 0.145100 0.145100 0.145100 0.145100 0.149000 0.148443 0.147886 0.147329 0.146771 0.146214 0.145657 0.145100 0.149000 0.148761 0.148522 0.148284 0.148045 0.147806 0.147567 0.147329 0.149000 0.148761 0.148522 0.148284 0.148045 0.147806 0.147567 0.147329 0.149000 0.148761 0.148522 0.148284 0.148045 0.147806 0.147567 0.147329 0.149000 0.149000 0.149000 0.149000 0.149000 0.149000 0.149000 0.149000 0.149000 0.149000 0.149000 0.149000 0.149000 0.149000 0.149000 0.149000 0.149000 0.149000 0.149000 0.149000 0.149000 0.149000 0.149000 0.149000 0.149000 0.149000 0.149000 0.149000 0.149000 0.149000 0.149000 0.149000 0.149000 0.149000 0.149000 0.149000 0.149000 0.149000 0.149000 0.149000 0.149000 0.149000 0.149000 0.149000 0.149000 0.149000 0.149000 0.149000 0.149000 0.149000 0.149000 0.149000 0.149000 0.149000 0.149000 0.149000 0.149000 0.149000 0.149000 0.149000 0.149000 0.149000 0.149000 0.149000 0.149000 0.149000 0.149000 0.149000 0.149000 0.149000 0.149000 0.149000 0.149000 0.149000 0.149000 0.149000 0.149000 0.149000 0.149000 0.149000 0.149000 0.149000 0.149000 0.149000 0.149000 0.149000 0.149000 0.149000 0.149000 0.149000 0.149000 0.149000 0.149000 0.149000 0.149000 0.149000 0.146771 0.146851 0.146931 0.147010 0.147090 0.147169 0.147249 0.147329 0.147329 0.147329 0.147329 0.147329 0.147329 0.147329 0.147329 0.147329 0.147329 0.147329 0.147329 0.147329 0.147329 0.147329 0.147329 0.147329 0.145100 0.145100 0.145100 0.145100 0.145100 0.145100 0.145100 0.145100 0.147329 0.147010 0.146692 0.146373 0.146055 0.145737 0.145418 0.145100 0.147329 0.147010 0.146692 0.146373 0.146055 0.145737 0.145418 0.145100 0.145100 0.145100 0.145100 0.145100 0.145100 0.145100 0.145100 0.145100 0.145100 0.145100 0.145100 0.145100 0.145100 0.145100 0.145100 0.145100 0.145100 0.145100 0.145100 0.145100 0.145100 0.145100 0.145100 0.145100
0.145100 0.145100 0.145100 0.145100 0.145100 0.145100 0.145100 0.145100 0.145100 0.145100 0.145100 0.145100 0.145100 0.145100 0.145100 0.145100 0.145100 0.145100 0.145100 0.145100 0.145100 0.145100 0.145100 0.145100 0.145100 0.145100 0.145100 0.145100 0.145100 0.145100 0.145100 0.145100 0.145100 0.145100 0.145100 0.145100 0.145100 0.145100 0.145100 0.145100 0.146771 0.146771 0.146771 0.146771 0.146771 0.146771 0.146771 0.146771 0.145100 0.145100 0.145100 0.145100 0.145100 0.145100 0.145100 0.145100 0.149000 0.148443 0.147886 0.147329 0.146771 0.146214 0.145657 0.145100 0.149000 0.148682 0.148363 0.148045 0.147727 0.147408 0.147090 0.146771 0.149000 0.148682 0.148363 0.148045 0.147727 0.147408 0.147090 0.146771 0.149000 0.148682 0.148363 0.148045 0.147727 0.147408 0.147090 0.146771 0.149000 0.149000 0.149000 0.149000 0.149000 0.149000 0.149000 0.149000 0.149000 0.149000 0.149000 0.149000 0.149000 0.149000 0.149000 0.149000 0.149000 0.149000 0.149000 0.149000 0.149000 0.149000 0.149000 0.149000 0.149000 0.149000 0.149000 0.149000 0.149000 0.149000 0.149000 0.149000 0.149000 0.149000 0.149000 0.149000 0.149000 0.149000 0.149000 0.149000 0.149000 0.149000 0.149000 0.149000 0.149000 0.149000 0.149000 0.149000 0.149000 0.149000 0.149000 0.149000 0.149000 0.149000 0.149000 0.149000 0.149000 0.149000 0.149000 0.149000 0.149000 0.149000 0.149000 0.149000 0.149000 0.149000 0.149000 0.149000 0.149000 0.149000 0.149000 0.149000 0.149000 0.149000 0.149000 0.149000 0.149000 0.149000 0.149000 0.149000 0.149000 0.149000 0.149000 0.149000 0.149000 0.149000 0.149000 0.149000 0.149000 0.149000 0.149000 0.149000 0.149000 0.149000 0.149000 0.149000 0.147329 0.147249 0.147169 0.147090 0.147010 0.146931 0.146851 0.146771 0.146771 0.146771 0.146771 0.146771 0.146771 0.146771 0.146771 0.146771 0.146771 0.146771 0.146771 0.146771 0.146771 0.146771 0.146771 0.146771 0.145100 0.145100 0.145100 0.145100 0.145100 0.145100 0.145100 0.145100 0.146771 0.146533 0.146294 0.146055 0.145816 0.145578 0.145339 0.145100 0.146771 0.146533 0.146294 0.146055 0.145816 0.145578 0.145339 0.145100 0.145100 0.145100 0.145100 0.145100 0.145100 0.145100 0.145100 0.145100 0.145100 0.145100 0.145100 0.145100 0.145100 0.145100 0.145100 0.145100 0.145100 0.145100 0.145100 0.145100 0.145100 0.145100 0.145100 0.145100
0.145100 0.145100 0.145100 0.145100 0.145100 0.145100 0.145100 0.145100 0.145100 0.145100 0.145100 0.145100 0.145100 0.145100 0.145100 0.145100 0.145100 0.145100 0.145100 0.145100 0.145100 0.145100 0.145100 0.145100 0.145100 0.145100 0.145100 0.145100 0.145100 0.145100 0.145100 0.145100 0.145100 0.145100 0.145100 0.145100 0.145100 0.145100 0.145100 0.145100 0.146214 0.146214 0.146214 0.146214 0.146214 0.146214 0.146214 0.146214 0.145100 0.145100 0.145100 0.145100 0.145100 0.145100 0.145100 0.145100 0.149000 0.148443 0.147886 0.147329 0.146771 0.146214 0.145657 0.145100 0.149000 0.148602 0.148204 0.147806 0.147408 0.147010 0.146612 0.146214 0.149000 0.148602 0.148204 0.147806 0.147408 0.147010 0.146612 0.146214 0.149000 0.148602 0.148204 0.147806 0.147408 0.147010 0.146612 0.146214 0.149000 0.149000 0.149000 0.149000 0.149000 0.149000 0.149000 0.149000 0.149000 0.149000 0.149000 0.149000 0.149000 0.149000 0.149000 0.149000 0.149000 0.149000 0.149000 0.149000 0.149000 0.149000 0.149000 0.149000 0.149000 0.149000 0.149000 0.149000 0.149000 0.149000 0.149000 0.149000 0.149000 0.149000 0.149000 0.149000 0.149000 0.149000 0.149000 0.149000 0.149000 0.149000 0.149000 0.149000 0.149000 0.149000 0.149000 0.149000 0.149000 0.149000 0.149000 0.149000 0.149000 0.149000 0.149000 0.149000 0.149000 0.149000 0.149000 0.149000 0.149000 0.149000 0.149000 0.149000 0.149000 0.149000 0.149000 0.149000 0.149000 0.149000 0.149000 0.149000 0.149000 0.149000 0.149000 0.149000 0.149000 0.149000 0.149000 0.149000 0.149000 0.149000 0.149000 0.149000 0.149000 0.149000 0.149000 0.149000 0.149000 0.149000 0.149000 0.149000 0.149000 0.149000 0.149000 0.149000 0.147886 0.147647 0.147408 0.147169 0.146931 0.146692 0.146453 0.146214 0.146214 0.146214 0.146214 0.146214 0.146214 0.146214 0.146214 0.146214 0.146214 0.146214 0.146214 0.146214 0.146214 0.146214 0.146214 0.146214 0.145100 0.145100 0.145100 0.145100 0.145100 0.145100 0.145100 0.145100 0.146214 0.146055 0.145896 0.145737 0.145578 0.145418 0.145259 0.145100 0.146214 0.146055 0.145896 0.145737 0.145578 0.145418 0.145259 0.145100 0.145100 0.145100 0.145100 0.145100 0.145100 0.145100 0.145100 0.145100 0.145100 0.145100 0.145100 0.145100 0.145100 0.145100 0.145100 0.145100 0.145100 0.145100 0.145100 0.145100 0.145100 0.145100 0.145100 0.145100
0.145100 0.145100 0.145100 0.145100 0.145100 0.145100 0.145100 0.145100 0.145100 0.145100 0.145100 0.145100 0.145100 0.145100 0.145100 0.145100 0.145100 0.145100 0.145100 0.145100 0.145100 0.145100 0.145100 0.145100 0.145100 0.145100 0.145100 0.145100 0.145100 0.145100 0.145100 0.145100 0.145100 0.145100 0.145100 0.145100 0.145100 0.145100 0.145100 0.145100 0.145657 0.145657 0.145657 0.145657 0.145657 0.145657 0.145657 0.145657 0.145100 0.145100 0.145100 0.145100 0.145100 0.145100 0.145100 0.145100 0.149000 0.148443 0.147886 0.147329 0.146771 0.146214 0.145657 0.145100 0.149000 0.148522 0.148045 0.147567 0.147090 0.146612 0.146135 0.145657 0.149000 0.148522 0.148045 0.147567 0.147090 0.146612 0.146135 0.145657 0.149000 0.148522 0.148045 0.147567 0.147090 0.146612 0.146135 0.145657 0.149000 0.149000 0.149000 0.149000 0.149000 0.149000 0.149000 0.149000 0.149000 0.149000 0.149000 0.149000 0.149000 0.149000 0.149000 0.149000 0.149000 0.149000 0.149000 0.149000 0.149000 0.149000 0.149000 0.149000 0.149000 0.149000 0.149000 0.149000 0.149000 0.149000 0.149000 0.149000 0.149000 0.149000 0.149000 0.149000 0.149000 0.149000 0.149000 0.149000 0.149000 0.149000 0.149000 0.149000 0.149000 0.149000 0.149000 0.149000 0.149000 0.149000 0.149000 0.149000 0.149000 0.149000 0.149000 0.149000 0.149000 0.149000 0.149000 0.149000 0.149000 0.149000 0.149000 0.149000 0.149000 0.149000 0.149000 0.149000 0.149000 0.149000 0.149000 0.149000 0.149000 0.149000 0.149000 0.149000 0.149000 0.149000 0.149000 0.149000 0.149000 0.149000 0.149000 0.149000 0.149000 0.149000 0.149000 0.149000 0.149000 0.149000 0.149000 0.149000 0.149000 0.149000 0.149000 0.149000 0.148443 0.148045 0.147647 0.147249 0.146851 0.146453 0.146055 0.145657 0.145657 0.145657 0.145657 0.145657 0.145657 0.145657 0.145657 0.145657 0.145657 0.145657 0.145657 0.145657 0.145657 0.145657 0.145657 0.145657 0.145100 0.145100 0.145100 0.145100 0.145100 0.145100 0.145100 0.145100 0.145657 0.145578 0.145498 0.145418 0.145339 0.145259 0.145180 0.145100 0.145657 0.145578 0.145498 0.145418 0.145339 0.145259 0.145180 0.145100 0.145100 0.145100 0.145100 0.145100 0.145100 0.145100 0.145100 0.145100 0.145100 0.145100 0.145100 0.145100 0.145100 0.145100 0.145100 0.145100 0.145100 0.145100 0.145100 0.145100 0.145100 0.145100 0.145100 0.145100
0.145100 0.145100 0.145100 0.145100 0.145100 0.145100 0.145100 0.145100 0.145100 0.145100 0.145100 0.145100 0.145100 0.145100 0.145100 0.145100 0.145100 0.145100 0.145100 0.145100 0.145100 0.145100 0.145100 0.145100 0.145100 0.145100 0.145100 0.145100 0.145100 0.145100 0.145100 0.145100 0.145100 0.145100 0.145100 0.145100 0.145100 0.145100 0.145100 0.145100 0.145100 0.145100 0.145100 0.145100 0.145100 0.145100 0.145100 0.145100 0.145100 0.145100 0.145100 0.145100 0.145100 0.145100 0.145100 0.145100 0.149000 0.148443 0.147886 0.147329 0.146771 0.146214 0.145657 0.145100 0.149000 0.148443 0.147886 0.147329 0.146771 0.146214 0.145657 0.145100 0.149000 0.148443 0.147886 0.147329 0.146771 0.146214 0.145657 0.145100 0.149000 0.148443 0.147886 0.147329 0.146771 0.146214 0.145657 0.145100 0.149000 0.149000 0.149000 0.149000 0.149000 0.149000 0.149000 0.149000 0.149000 0.149000 0.149000 0.149000 0.149000 0.149000 0.149000 0.149000 0.149000 0.149000 0.149000 0.149000 0.149000 0.149000 0.149000 0.149000 0.149000 0.149000 0.149000 0.149000 0.149000 0.149000 0.149000 0.149000 0.149000 0.149000 0.149000 0.149000 0.149000 0.149000 0.149000 0.149000 0.149000 0.149000 0.149000 0.149000 0.149000 0.149000 0.149000 0.149000 0.149000 0.149000 0.149000 0.149000 0.149000 0.149000 0.149000 0.149000 0.149000 0.149000 0.149000 0.149000 0.149000 0.149000 0.149000 0.149000 0.149000 0.149000 0.149000 0.149000 0.149000 0.149000 0.149000 0.149000 0.149000 0.149000 0.149000 0.149000 0.149000 0.149000 0.149000 0.149000 0.149000 0.149000 0.149000 0.149000 0.149000 0.149000 0.149000 0.149000 0.149000 0.149000 0.149000 0.149000 0.149000 0.149000 0.149000 0.149000 0.149000 0.148443 0.147886 0.147329 0.146771 0.146214 0.145657 0.145100 0.145100 0.145100 0.145100 0.145100 0.145100 0.145100 0.145100 0.145100 0.145100 0.145100 0.145100 0.145100 0.145100 0.145100 0.145100 0.145100 0.145100 0.145100 0.145100 0.145100 0.145100 0.145100 0.145100 0.145100 0.145100 0.145100 0.145100 0.145100 0.145100 0.145100 0.145100 0.145100 0.145100 0.145100 0.145100 0.145100 0.145100 0.145100 0.145100 0.145100 0.145100 0.145100 0.145100 0.145100 0.145100 0.145100 0.145100 0.145100 0.145100 0.145100 0.145100 0.145100 0.145100 0.145100 0.145100 0.145100 0.145100 0.145100 0.145100 0.145100 0.145100 0.145100 0.145100 0.145100
