256 256
0.207800 0.207800 0.207800 0.207800 0.207800 0.207800 0.207800 0.207800 0.207800 0.207800 0.207800 0.207800 0.207800 0.207800 0.207800 0.207800 0.207800 0.207800 0.207800 0.207800 0.207800 0.207800 0.207800 0.207800 0.207800 0.207707 0.207625 0.207567 0.207543 0.207567 0.207648 0.207800 0.211800 0.211952 0.212033 0.212057 0.212033 0.211975 0.211893 0.211800 0.211800 0.211800 0.211800 0.211800 0.211800 0.211800 0.211800 0.211800 0.211800 0.211800 0.211800 0.211800 0.211800 0.211800 0.211800 0.211800 0.211800 0.211800 0.211800 0.211800 0.211800 0.211800 0.211800 0.211800 0.211800 0.212391 0.213028 0.213676 0.214301 0.214870 0.215348 0.215700 0.211800 0.211652 0.211573 0.211550 0.211573 0.211629 0.211709 0.211800 0.211800 0.211709 0.211629 0.211573 0.211550 0.211573 0.211652 0.211800 0.215700 0.215848 0.215927 0.215950 0.215927 0.215871 0.215791 0.215700 0.215700 0.215700 0.215700 0.215700 0.215700 0.215700 0.215700 0.215700 0.215700 0.215700 0.215700 0.215700 0.215700 0.215700 0.215700 0.215700 0.215700 0.216291 0.216928 0.217576 0.218201 0.218770 0.219248 0.219600 0.215700 0.215643 0.215643 0.215677 0.215723 0.215757 0.215757 0.215700 0.211800 0.212152 0.212630 0.213199 0.213824 0.214472 0.215109 0.215700 0.215700 0.215200 0.214643 0.214051 0.213449 0.212857 0.212300 0.211800 0.211800 0.211709 0.211629 0.211573 0.211550 0.211573 0.211652 0.211800 0.215700 0.215848 0.215927 0.215950 0.215927 0.215871 0.215791 0.215700 0.215700 0.215109 0.214472 0.213824 0.213199 0.212630 0.212152 0.211800 0.215700 0.215257 0.214699 0.214074 0.213426 0.212801 0.212243 0.211800 0.215700 0.215348 0.214870 0.214301 0.213676 0.213028 0.212391 0.211800 0.211800 0.211709 0.211629 0.211573 0.211550 0.211573 0.211652 0.211800 0.215700 0.215348 0.214870 0.214301 0.213676 0.213028 0.212391 0.211800 0.211800 0.211287 0.210715 0.210109 0.209491 0.208885 0.208313 0.207800 0.207800 0.208313 0.208885 0.209491 0.210109 0.210715 0.211287 0.211800 0.211800 0.211893 0.211975 0.212033 0.212057 0.212033 0.211952 0.211800 0.207800 0.208255 0.208826 0.209468 0.210132 0.210774 0.211345 0.211800 0.207800 0.207555 0.207392 0.207310 0.207310 0.207392 0.207555 0.207800 0.211800 0.211438 0.210949 0.210366 0.209724 0.209060 0.208406 0.207800 0.207800 0.207800 0.207800 0.207800 0.207800 0.207800 0.207800 0.207800
0.207800 0.207786 0.207773 0.207765 0.207761 0.207765 0.207777 0.207800 0.208406 0.208326 0.208226 0.208114 0.207999 0.207888 0.207788 0.207707 0.208313 0.208286 0.208239 0.208175 0.208096 0.208006 0.207906 0.207800 0.207115 0.207190 0.207304 0.207455 0.207642 0.207864 0.208119 0.208406 0.211194 0.211377 0.211521 0.211629 0.211706 0.211757 0.211787 0.211800 0.211800 0.211788 0.211775 0.211762 0.211747 0.211734 0.211721 0.211709 0.211709 0.211709 0.211709 0.211709 0.211709 0.211709 0.211709 0.211709 0.211709 0.211709 0.211712 0.211718 0.211729 0.211746 0.211769 0.211800 0.212300 0.212745 0.213214 0.213683 0.214131 0.214533 0.214867 0.215109 0.212300 0.212208 0.212162 0.212155 0.212174 0.212212 0.212257 0.212300 0.211709 0.211697 0.211712 0.211757 0.211836 0.211950 0.212104 0.212300 0.215109 0.215201 0.215247 0.215254 0.215235 0.215197 0.215152 0.215109 0.215700 0.215709 0.215706 0.215694 0.215676 0.215654 0.215631 0.215609 0.215700 0.215692 0.215681 0.215667 0.215653 0.215638 0.215623 0.215609 0.215609 0.216138 0.216708 0.217288 0.217848 0.218357 0.218784 0.219100 0.215609 0.215568 0.215579 0.215622 0.215676 0.215721 0.215736 0.215700 0.212300 0.212699 0.213214 0.213809 0.214450 0.215100 0.215726 0.216291 0.215609 0.215250 0.214862 0.214456 0.214044 0.213638 0.213250 0.212892 0.212209 0.212116 0.212046 0.212006 0.212004 0.212048 0.212144 0.212300 0.215700 0.215741 0.215713 0.215630 0.215504 0.215351 0.215185 0.215018 0.215018 0.214592 0.214136 0.213676 0.213237 0.212844 0.212524 0.212300 0.215609 0.215215 0.214724 0.214175 0.213610 0.213067 0.212587 0.212209 0.215791 0.215493 0.215079 0.214580 0.214023 0.213438 0.212854 0.212300 0.211709 0.211683 0.211686 0.211723 0.211798 0.211916 0.212082 0.212300 0.215700 0.215329 0.214841 0.214269 0.213647 0.213006 0.212380 0.211800 0.211800 0.211353 0.210855 0.210326 0.209787 0.209259 0.208760 0.208313 0.208313 0.208760 0.209259 0.209787 0.210326 0.210855 0.211353 0.211800 0.211800 0.211881 0.211952 0.212003 0.212024 0.212003 0.211932 0.211800 0.208313 0.208644 0.209069 0.209550 0.210050 0.210531 0.210956 0.211287 0.207800 0.207558 0.207388 0.207293 0.207274 0.207335 0.207479 0.207707 0.211893 0.211529 0.211032 0.210437 0.209780 0.209098 0.208426 0.207800 0.207707 0.207715 0.207727 0.207740 0.207755 0.207771 0.207786 0.207800
0.207800 0.207771 0.207745 0.207727 0.207719 0.207727 0.207752 0.207800 0.209059 0.208894 0.208689 0.208460 0.208224 0.207996 0.207791 0.207625 0.208885 0.208826 0.208725 0.208589 0.208422 0.208231 0.208022 0.207800 0.206397 0.206651 0.206972 0.207346 0.207757 0.208190 0.208629 0.209059 0.210541 0.210758 0.210968 0.211168 0.211354 0.211523 0.211673 0.211800 0.211800 0.211778 0.211754 0.211728 0.211702 0.211676 0.211651 0.211629 0.211629 0.211629 0.211629 0.211629 0.211629 0.211629 0.211629 0.211629 0.211629 0.211627 0.211629 0.211640 0.211660 0.211692 0.211738 0.211800 0.212857 0.213142 0.213427 0.213702 0.213955 0.214175 0.214351 0.214472 0.212857 0.212825 0.212817 0.212825 0.212842 0.212858 0.212866 0.212857 0.211629 0.211703 0.211820 0.211976 0.212163 0.212377 0.212610 0.212857 0.214472 0.214505 0.214512 0.214504 0.214487 0.214471 0.214463 0.214472 0.215700 0.215721 0.215718 0.215697 0.215662 0.215619 0.215573 0.215529 0.215700 0.215685 0.215664 0.215639 0.215611 0.215583 0.215555 0.215529 0.215529 0.215986 0.216478 0.216979 0.217462 0.217901 0.218270 0.218543 0.215529 0.215503 0.215524 0.215574 0.215635 0.215688 0.215716 0.215700 0.212857 0.213305 0.213857 0.214477 0.215131 0.215782 0.216393 0.216928 0.215529 0.215324 0.215118 0.214911 0.214704 0.214497 0.214291 0.214085 0.212687 0.212589 0.212527 0.212504 0.212521 0.212584 0.212695 0.212857 0.215700 0.215628 0.215487 0.215291 0.215058 0.214805 0.214547 0.214301 0.214301 0.214054 0.213793 0.213535 0.213297 0.213093 0.212941 0.212857 0.215529 0.215192 0.214775 0.214314 0.213840 0.213389 0.212993 0.212687 0.215871 0.215633 0.215293 0.214873 0.214396 0.213885 0.213365 0.212857 0.211629 0.211674 0.211766 0.211904 0.212084 0.212305 0.212564 0.212857 0.215700 0.215307 0.214808 0.214234 0.213614 0.212982 0.212367 0.211800 0.211800 0.211426 0.211009 0.210568 0.210117 0.209675 0.209259 0.208885 0.208885 0.209259 0.209675 0.210117 0.210568 0.211009 0.211426 0.211800 0.211800 0.211868 0.211927 0.211970 0.211987 0.211970 0.211911 0.211800 0.208885 0.209077 0.209338 0.209642 0.209958 0.210262 0.210523 0.210715 0.207800 0.207566 0.207392 0.207285 0.207250 0.207291 0.207415 0.207625 0.211975 0.211608 0.211104 0.210499 0.209830 0.209132 0.208444 0.207800 0.207625 0.207641 0.207662 0.207688 0.207716 0.207745 0.207773 0.207800
0.207800 0.207755 0.207716 0.207688 0.207677 0.207688 0.207727 0.207800 0.209724 0.209476 0.209167 0.208823 0.208468 0.208124 0.207815 0.207567 0.209491 0.209396 0.209237 0.209023 0.208762 0.208466 0.208142 0.207800 0.205691 0.206125 0.206655 0.207252 0.207886 0.208529 0.209152 0.209724 0.209876 0.210128 0.210406 0.210699 0.210995 0.211285 0.211557 0.211800 0.211800 0.211771 0.211738 0.211704 0.211669 0.211634 0.211602 0.211573 0.211573 0.211573 0.211573 0.211573 0.211573 0.211573 0.211573 0.211573 0.211573 0.211563 0.211562 0.211573 0.211598 0.211642 0.211708 0.211800 0.213449 0.213568 0.213663 0.213735 0.213785 0.213816 0.213828 0.213824 0.213449 0.213478 0.213509 0.213534 0.213547 0.213542 0.213511 0.213449 0.211573 0.211733 0.211955 0.212223 0.212522 0.212836 0.213150 0.213449 0.213824 0.213794 0.213764 0.213739 0.213725 0.213731 0.213762 0.213824 0.215700 0.215737 0.215738 0.215711 0.215664 0.215603 0.215537 0.215473 0.215700 0.215679 0.215652 0.215618 0.215582 0.215544 0.215507 0.215473 0.215473 0.215848 0.216253 0.216665 0.217062 0.217424 0.217727 0.217951 0.215473 0.215460 0.215488 0.215541 0.215604 0.215661 0.215698 0.215700 0.213449 0.213942 0.214529 0.215172 0.215835 0.216481 0.217074 0.217576 0.215473 0.215423 0.215402 0.215398 0.215400 0.215396 0.215374 0.215325 0.213221 0.213118 0.213062 0.213051 0.213086 0.213164 0.213285 0.213449 0.215700 0.215516 0.215261 0.214955 0.214617 0.214265 0.213919 0.213596 0.213596 0.213530 0.213468 0.213416 0.213381 0.213371 0.213391 0.213449 0.215473 0.215197 0.214862 0.214493 0.214117 0.213762 0.213455 0.213221 0.215927 0.215756 0.215495 0.215163 0.214775 0.214348 0.213901 0.213449 0.211573 0.211690 0.211873 0.212114 0.212402 0.212727 0.213079 0.213449 0.215700 0.215285 0.214774 0.214196 0.213580 0.212956 0.212353 0.211800 0.211800 0.211504 0.211174 0.210824 0.210467 0.210117 0.209787 0.209491 0.209491 0.209787 0.210117 0.210467 0.210824 0.211174 0.211504 0.211800 0.211800 0.211854 0.211901 0.211935 0.211948 0.211935 0.211888 0.211800 0.209491 0.209537 0.209625 0.209739 0.209861 0.209975 0.210063 0.210109 0.207800 0.207578 0.207407 0.207293 0.207244 0.207269 0.207374 0.207567 0.212033 0.211665 0.211156 0.210544 0.209865 0.209157 0.208456 0.207800 0.207567 0.207588 0.207616 0.207650 0.207688 0.207727 0.207765 0.207800
0.207800 0.207740 0.207688 0.207650 0.207635 0.207650 0.207703 0.207800 0.210366 0.210041 0.209638 0.209188 0.208722 0.208271 0.207868 0.207543 0.210109 0.209974 0.209753 0.209458 0.209103 0.208699 0.208261 0.207800 0.205042 0.205647 0.206374 0.207182 0.208027 0.208868 0.209661 0.210366 0.209234 0.209521 0.209864 0.210246 0.210649 0.211055 0.211444 0.211800 0.211800 0.211768 0.211732 0.211694 0.211656 0.211618 0.211582 0.211550 0.211550 0.211550 0.211550 0.211550 0.211550 0.211550 0.211550 0.211550 0.211550 0.211529 0.211519 0.211524 0.211550 0.211601 0.211683 0.211800 0.214051 0.214007 0.213914 0.213785 0.213636 0.213478 0.213328 0.213199 0.214051 0.214142 0.214210 0.214252 0.214262 0.214234 0.214166 0.214051 0.211550 0.211796 0.212120 0.212497 0.212903 0.213313 0.213704 0.214051 0.213199 0.213108 0.213039 0.212998 0.212988 0.213015 0.213084 0.213199 0.215700 0.215757 0.215767 0.215740 0.215685 0.215613 0.215531 0.215450 0.215700 0.215677 0.215647 0.215610 0.215570 0.215529 0.215488 0.215450 0.215450 0.215738 0.216048 0.216363 0.216668 0.216945 0.217177 0.217349 0.215450 0.215448 0.215479 0.215530 0.215589 0.215645 0.215686 0.215700 0.214051 0.214585 0.215201 0.215860 0.216527 0.217165 0.217735 0.218201 0.215450 0.215551 0.215709 0.215900 0.216103 0.216294 0.216451 0.216553 0.213801 0.213691 0.213636 0.213634 0.213679 0.213767 0.213893 0.214051 0.215700 0.215409 0.215050 0.214643 0.214208 0.213767 0.213340 0.212948 0.212948 0.213057 0.213186 0.213333 0.213495 0.213671 0.213857 0.214051 0.215450 0.215241 0.214990 0.214717 0.214442 0.214184 0.213964 0.213801 0.215950 0.215846 0.215670 0.215431 0.215140 0.214806 0.214440 0.214051 0.211550 0.211737 0.212010 0.212351 0.212742 0.213168 0.213610 0.214051 0.215700 0.215262 0.214739 0.214157 0.213545 0.212930 0.212339 0.211800 0.211800 0.211583 0.211342 0.211085 0.210824 0.210568 0.210326 0.210109 0.210109 0.210326 0.210568 0.210824 0.211085 0.211342 0.211583 0.211800 0.211800 0.211839 0.211874 0.211899 0.211908 0.211899 0.211864 0.211800 0.210109 0.210005 0.209917 0.209838 0.209762 0.209683 0.209595 0.209491 0.207800 0.207598 0.207434 0.207320 0.207264 0.207276 0.207366 0.207543 0.212057 0.211688 0.211177 0.210562 0.209879 0.209166 0.208461 0.207800 0.207543 0.207567 0.207598 0.207635 0.207677 0.207719 0.207761 0.207800
0.207800 0.207727 0.207662 0.207616 0.207598 0.207616 0.207681 0.207800 0.210949 0.210561 0.210078 0.209537 0.208978 0.208438 0.207955 0.207567 0.210715 0.210538 0.210253 0.209878 0.209428 0.208921 0.208373 0.207800 0.204497 0.205253 0.206154 0.207146 0.208176 0.209189 0.210131 0.210949 0.208651 0.208968 0.209371 0.209835 0.210335 0.210846 0.211342 0.211800 0.211800 0.211771 0.211738 0.211704 0.211669 0.211634 0.211602 0.211573 0.211573 0.211573 0.211573 0.211573 0.211573 0.211573 0.211573 0.211573 0.211573 0.211535 0.211510 0.211503 0.211522 0.211573 0.211663 0.211800 0.214643 0.214445 0.214175 0.213857 0.213517 0.213183 0.212878 0.212630 0.214643 0.214790 0.214894 0.214951 0.214957 0.214910 0.214806 0.214643 0.211573 0.211897 0.212314 0.212791 0.213295 0.213793 0.214253 0.214643 0.212630 0.212482 0.212378 0.212322 0.212316 0.212363 0.212467 0.212630 0.215700 0.215782 0.215807 0.215788 0.215733 0.215655 0.215565 0.215473 0.215700 0.215679 0.215652 0.215618 0.215582 0.215544 0.215507 0.215473 0.215473 0.215667 0.215877 0.216091 0.216297 0.216484 0.216641 0.216757 0.215473 0.215478 0.215506 0.215548 0.215597 0.215644 0.215681 0.215700 0.214643 0.215209 0.215844 0.216512 0.217175 0.217797 0.218341 0.218770 0.215473 0.215712 0.216032 0.216400 0.216785 0.217153 0.217473 0.217713 0.214415 0.214295 0.214238 0.214238 0.214286 0.214375 0.214496 0.214643 0.215700 0.215317 0.214868 0.214374 0.213858 0.213343 0.212850 0.212403 0.212403 0.212671 0.212974 0.213301 0.213642 0.213987 0.214324 0.214643 0.215473 0.215333 0.215168 0.214991 0.214814 0.214650 0.214513 0.214415 0.215927 0.215891 0.215801 0.215660 0.215471 0.215236 0.214959 0.214643 0.211573 0.211825 0.212180 0.212612 0.213098 0.213614 0.214137 0.214643 0.215700 0.215240 0.214704 0.214119 0.213510 0.212904 0.212325 0.211800 0.211800 0.211661 0.211506 0.211342 0.211174 0.211010 0.210855 0.210715 0.210715 0.210855 0.211009 0.211174 0.211342 0.211506 0.211661 0.211800 0.211800 0.211825 0.211847 0.211863 0.211870 0.211863 0.211841 0.211800 0.210715 0.210465 0.210203 0.209935 0.209665 0.209397 0.209135 0.208885 0.207800 0.207625 0.207478 0.207371 0.207316 0.207322 0.207402 0.207567 0.212033 0.211665 0.211156 0.210544 0.209865 0.209157 0.208456 0.207800 0.207567 0.207588 0.207616 0.207650 0.207688 0.207727 0.207765 0.207800
0.207800 0.207715 0.207641 0.207588 0.207567 0.207588 0.207662 0.207800 0.211438 0.211005 0.210464 0.209857 0.209229 0.208623 0.208082 0.207648 0.211287 0.211064 0.210715 0.210262 0.209723 0.209120 0.208472 0.207800 0.204101 0.204978 0.206018 0.207157 0.208331 0.209478 0.210535 0.211438 0.208162 0.208504 0.208957 0.209489 0.210071 0.210670 0.211257 0.211800 0.211800 0.211781 0.211760 0.211737 0.211715 0.211692 0.211671 0.211652 0.211652 0.211652 0.211652 0.211652 0.211652 0.211652 0.211652 0.211652 0.211652 0.211592 0.211544 0.211516 0.211519 0.211562 0.211652 0.211800 0.215200 0.214867 0.214438 0.213952 0.213443 0.212950 0.212507 0.212152 0.215200 0.215398 0.215533 0.215602 0.215605 0.215540 0.215405 0.215200 0.211652 0.212044 0.212540 0.213102 0.213689 0.214260 0.214777 0.215200 0.212152 0.211954 0.211820 0.211750 0.211747 0.211812 0.211947 0.212152 0.215700 0.215812 0.215860 0.215856 0.215812 0.215739 0.215648 0.215552 0.215700 0.215687 0.215669 0.215647 0.215623 0.215599 0.215575 0.215552 0.215552 0.215650 0.215756 0.215864 0.215968 0.216062 0.216142 0.216200 0.215552 0.215558 0.215576 0.215602 0.215632 0.215661 0.215685 0.215700 0.215200 0.215786 0.216430 0.217094 0.217744 0.218344 0.218857 0.219248 0.215552 0.215908 0.216365 0.216881 0.217418 0.217935 0.218391 0.218747 0.215052 0.214919 0.214855 0.214848 0.214890 0.214969 0.215076 0.215200 0.215700 0.215245 0.214727 0.214170 0.213596 0.213028 0.212490 0.212005 0.212005 0.212406 0.212856 0.213335 0.213826 0.214313 0.214777 0.215200 0.215552 0.215483 0.215402 0.215317 0.215233 0.215157 0.215094 0.215052 0.215848 0.215878 0.215874 0.215832 0.215748 0.215617 0.215436 0.215200 0.211652 0.211961 0.212385 0.212895 0.213461 0.214054 0.214643 0.215200 0.215700 0.215219 0.214672 0.214083 0.213478 0.212879 0.212312 0.211800 0.211800 0.211734 0.211661 0.211583 0.211504 0.211426 0.211353 0.211287 0.211287 0.211353 0.211426 0.211504 0.211583 0.211661 0.211734 0.211800 0.211800 0.211812 0.211822 0.211830 0.211833 0.211830 0.211819 0.211800 0.211287 0.210898 0.210473 0.210027 0.209573 0.209127 0.208702 0.208313 0.207800 0.207661 0.207541 0.207452 0.207407 0.207416 0.207493 0.207648 0.211952 0.211586 0.211084 0.210481 0.209816 0.209123 0.208439 0.207800 0.207648 0.207662 0.207681 0.207703 0.207727 0.207752 0.207777 0.207800
0.207800 0.207707 0.207625 0.207567 0.207543 0.207567 0.207648 0.207800 0.211800 0.211345 0.210774 0.210132 0.209468 0.208826 0.208255 0.207800 0.211800 0.211529 0.211119 0.210593 0.209974 0.209287 0.208554 0.207800 0.203900 0.204859 0.205989 0.207223 0.208490 0.209721 0.210847 0.211800 0.207800 0.208162 0.208651 0.209234 0.209876 0.210541 0.211194 0.211800 0.211800 0.211800 0.211800 0.211800 0.211800 0.211800 0.211800 0.211800 0.211800 0.211800 0.211800 0.211800 0.211800 0.211800 0.211800 0.211800 0.211800 0.211709 0.211629 0.211573 0.211550 0.211573 0.211652 0.211800 0.215700 0.215257 0.214699 0.214074 0.213426 0.212801 0.212243 0.211800 0.215700 0.215939 0.216098 0.216178 0.216178 0.216098 0.215939 0.215700 0.211800 0.212243 0.212801 0.213426 0.214074 0.214699 0.215257 0.215700 0.211800 0.211561 0.211402 0.211322 0.211322 0.211402 0.211561 0.211800 0.215700 0.215848 0.215927 0.215950 0.215927 0.215871 0.215791 0.215700 0.215700 0.215700 0.215700 0.215700 0.215700 0.215700 0.215700 0.215700 0.215700 0.215700 0.215700 0.215700 0.215700 0.215700 0.215700 0.215700 0.215700 0.215700 0.215700 0.215700 0.215700 0.215700 0.215700 0.215700 0.215700 0.216291 0.216928 0.217576 0.218201 0.218770 0.219248 0.219600 0.215700 0.216143 0.216701 0.217326 0.217974 0.218599 0.219157 0.219600 0.215700 0.215552 0.215473 0.215450 0.215473 0.215529 0.215609 0.215700 0.215700 0.215200 0.214643 0.214051 0.213449 0.212857 0.212300 0.211800 0.211800 0.212300 0.212857 0.213449 0.214051 0.214643 0.215200 0.215700 0.215700 0.215700 0.215700 0.215700 0.215700 0.215700 0.215700 0.215700 0.215700 0.215791 0.215871 0.215927 0.215950 0.215927 0.215848 0.215700 0.211800 0.212152 0.212630 0.213199 0.213824 0.214472 0.215109 0.215700 0.215700 0.215200 0.214643 0.214051 0.213449 0.212857 0.212300 0.211800 0.211800 0.211800 0.211800 0.211800 0.211800 0.211800 0.211800 0.211800 0.211800 0.211800 0.211800 0.211800 0.211800 0.211800 0.211800 0.211800 0.211800 0.211800 0.211800 0.211800 0.211800 0.211800 0.211800 0.211800 0.211800 0.211287 0.210715 0.210109 0.209491 0.208885 0.208313 0.207800 0.207800 0.207707 0.207625 0.207567 0.207543 0.207567 0.207648 0.207800 0.211800 0.211438 0.210949 0.210366 0.209724 0.209060 0.208406 0.207800 0.207800 0.207800 0.207800 0.207800 0.207800 0.207800 0.207800 0.207800
0.207800 0.207800 0.207800 0.207800 0.207800 0.207800 0.207800 0.207800 0.207800 0.208313 0.208885 0.209491 0.210109 0.210715 0.211287 0.211800 0.211800 0.211194 0.210541 0.209876 0.209234 0.208651 0.208162 0.207800 0.211800 0.211345 0.210774 0.210132 0.209468 0.208826 0.208255 0.207800 0.211800 0.211952 0.212033 0.212057 0.212033 0.211975 0.211893 0.211800 0.211800 0.212300 0.212857 0.213449 0.214051 0.214643 0.215200 0.215700 0.215700 0.215700 0.215700 0.215700 0.215700 0.215700 0.215700 0.215700 0.215700 0.215109 0.214472 0.213824 0.213199 0.212630 0.212152 0.211800 0.215700 0.215848 0.215927 0.215950 0.215927 0.215871 0.215791 0.215700 0.215700 0.215700 0.215700 0.215700 0.215700 0.215700 0.215700 0.215700 0.215700 0.215700 0.215700 0.215700 0.215700 0.215700 0.215700 0.215700 0.215700 0.215700 0.215700 0.215700 0.215700 0.215700 0.215700 0.215700 0.215700 0.216291 0.216928 0.217576 0.218201 0.218770 0.219248 0.219600 0.215700 0.216052 0.216530 0.217099 0.217724 0.218372 0.219009 0.219600 0.219600 0.219009 0.218372 0.217724 0.217099 0.216530 0.216052 0.215700 0.219600 0.219248 0.218770 0.218201 0.217576 0.216928 0.216291 0.215700 0.215700 0.215609 0.215529 0.215473 0.215450 0.215473 0.215552 0.215700 0.219600 0.219157 0.218599 0.217974 0.217326 0.216701 0.216143 0.215700 0.219600 0.219248 0.218770 0.218201 0.217576 0.216928 0.216291 0.215700 0.215700 0.216200 0.216757 0.217349 0.217951 0.218543 0.219100 0.219600 0.219600 0.219009 0.218372 0.217724 0.217099 0.216530 0.216052 0.215700 0.219600 0.219930 0.220169 0.220305 0.220328 0.220225 0.219987 0.219600 0.211800 0.212005 0.212403 0.212948 0.213596 0.214301 0.215018 0.215700 0.215700 0.215700 0.215700 0.215700 0.215700 0.215700 0.215700 0.215700 0.215700 0.215200 0.214643 0.214051 0.213449 0.212857 0.212300 0.211800 0.211800 0.211800 0.211800 0.211800 0.211800 0.211800 0.211800 0.211800 0.211800 0.211800 0.211800 0.211800 0.211800 0.211800 0.211800 0.211800 0.211800 0.211800 0.211800 0.211800 0.211800 0.211800 0.211800 0.211800 0.211800 0.211287 0.210715 0.210109 0.209491 0.208885 0.208313 0.207800 0.207800 0.208406 0.209059 0.209724 0.210366 0.210949 0.211438 0.211800 0.207800 0.207555 0.207392 0.207310 0.207310 0.207392 0.207555 0.207800 0.211800 0.211438 0.210949 0.210366 0.209724 0.209060 0.208406 0.207800
0.207891 0.207855 0.207817 0.207781 0.207749 0.207725 0.207710 0.207707 0.208255 0.208768 0.209325 0.209906 0.210490 0.211056 0.211581 0.212045 0.211800 0.211269 0.210704 0.210134 0.209590 0.209101 0.208696 0.208406 0.212099 0.211646 0.211081 0.210451 0.209798 0.209170 0.208609 0.208162 0.211952 0.212154 0.212293 0.212377 0.212412 0.212406 0.212366 0.212300 0.211709 0.212231 0.212823 0.213455 0.214102 0.214734 0.215326 0.215848 0.215257 0.215312 0.215386 0.215474 0.215569 0.215667 0.215762 0.215848 0.215757 0.215217 0.214637 0.214048 0.213480 0.212964 0.212530 0.212209 0.215700 0.215919 0.216086 0.216207 0.216287 0.216334 0.216352 0.216348 0.216200 0.216205 0.216211 0.216217 0.216220 0.216220 0.216214 0.216200 0.215757 0.215716 0.215680 0.215652 0.215630 0.215616 0.215609 0.215609 0.215848 0.215938 0.216030 0.216118 0.216198 0.216266 0.216318 0.216348 0.215609 0.216208 0.216869 0.217553 0.218221 0.218835 0.219357 0.219748 0.215609 0.215997 0.216516 0.217128 0.217795 0.218479 0.219143 0.219748 0.219157 0.218583 0.217979 0.217378 0.216809 0.216304 0.215893 0.215609 0.219748 0.219360 0.218841 0.218229 0.217562 0.216878 0.216214 0.215609 0.216200 0.216044 0.215877 0.215716 0.215577 0.215477 0.215433 0.215461 0.219066 0.218732 0.218301 0.217813 0.217305 0.216817 0.216386 0.216052 0.219657 0.219260 0.218744 0.218142 0.217492 0.216830 0.216190 0.215609 0.216200 0.216607 0.217048 0.217507 0.217968 0.218417 0.218837 0.219213 0.219304 0.218827 0.218313 0.217791 0.217290 0.216839 0.216466 0.216200 0.219748 0.219958 0.220076 0.220095 0.220010 0.219814 0.219501 0.219066 0.212062 0.212248 0.212611 0.213113 0.213712 0.214369 0.215045 0.215700 0.216348 0.216290 0.216210 0.216116 0.216012 0.215904 0.215798 0.215700 0.215700 0.215264 0.214778 0.214263 0.213737 0.213222 0.212736 0.212300 0.212300 0.212300 0.212300 0.212300 0.212300 0.212300 0.212300 0.212300 0.212300 0.212236 0.212165 0.212089 0.212012 0.211936 0.211864 0.211800 0.211800 0.211786 0.211771 0.211756 0.211742 0.211728 0.211717 0.211709 0.211800 0.211356 0.210860 0.210332 0.209792 0.209263 0.208763 0.208313 0.208313 0.208868 0.209465 0.210072 0.210657 0.211186 0.211629 0.211952 0.208162 0.207889 0.207687 0.207559 0.207504 0.207526 0.207624 0.207800 0.211345 0.211025 0.210591 0.210074 0.209505 0.208916 0.208337 0.207800
0.207971 0.207898 0.207824 0.207754 0.207694 0.207649 0.207624 0.207625 0.208826 0.209315 0.209831 0.210357 0.210875 0.211368 0.211818 0.212208 0.211800 0.211358 0.210893 0.210429 0.209989 0.209598 0.209280 0.209059 0.212261 0.211840 0.211321 0.210743 0.210147 0.209573 0.209061 0.208651 0.212033 0.212296 0.212508 0.212670 0.212785 0.212853 0.212877 0.212857 0.211629 0.212163 0.212777 0.213439 0.214118 0.214780 0.215394 0.215927 0.214699 0.214814 0.214968 0.215150 0.215348 0.215551 0.215748 0.215927 0.215757 0.215286 0.214783 0.214272 0.213781 0.213336 0.212963 0.212687 0.215700 0.215984 0.216234 0.216450 0.216632 0.216782 0.216899 0.216985 0.216757 0.216772 0.216788 0.216801 0.216808 0.216806 0.216790 0.216757 0.215757 0.215680 0.215619 0.215573 0.215542 0.215524 0.215520 0.215529 0.215927 0.216112 0.216301 0.216485 0.216654 0.216800 0.216914 0.216985 0.215529 0.216126 0.216798 0.217504 0.218201 0.218849 0.219405 0.219827 0.215529 0.215947 0.216498 0.217142 0.217839 0.218546 0.219222 0.219827 0.218599 0.218059 0.217507 0.216972 0.216480 0.216058 0.215732 0.215529 0.219827 0.219410 0.218859 0.218215 0.217518 0.216811 0.216135 0.215529 0.216757 0.216544 0.216298 0.216039 0.215788 0.215568 0.215399 0.215302 0.218429 0.218231 0.217960 0.217644 0.217315 0.216999 0.216728 0.216530 0.219657 0.219217 0.218666 0.218041 0.217378 0.216714 0.216085 0.215529 0.216757 0.217044 0.217336 0.217629 0.217914 0.218185 0.218435 0.218656 0.218827 0.218496 0.218141 0.217784 0.217445 0.217147 0.216911 0.216757 0.219827 0.219904 0.219888 0.219781 0.219582 0.219290 0.218906 0.218429 0.212459 0.212619 0.212934 0.213372 0.213900 0.214485 0.215096 0.215700 0.216985 0.216869 0.216711 0.216524 0.216318 0.216105 0.215895 0.215700 0.215700 0.215335 0.214929 0.214498 0.214059 0.213628 0.213222 0.212857 0.212857 0.212857 0.212857 0.212857 0.212857 0.212857 0.212857 0.212857 0.212857 0.212722 0.212571 0.212410 0.212247 0.212087 0.211936 0.211800 0.211800 0.211774 0.211746 0.211718 0.211691 0.211666 0.211645 0.211629 0.211800 0.211432 0.211019 0.210578 0.210127 0.209682 0.209263 0.208885 0.208885 0.209367 0.209886 0.210413 0.210919 0.211377 0.211757 0.212033 0.208651 0.208345 0.208093 0.207901 0.207772 0.207710 0.207718 0.207800 0.210774 0.210505 0.210141 0.209707 0.209231 0.208736 0.208251 0.207800
0.208027 0.207924 0.207819 0.207722 0.207640 0.207581 0.207554 0.207567 0.209468 0.209913 0.210365 0.210811 0.211239 0.211636 0.211991 0.212290 0.211800 0.211455 0.211096 0.210740 0.210408 0.210115 0.209881 0.209724 0.212307 0.211945 0.211501 0.211009 0.210503 0.210016 0.209582 0.209234 0.212057 0.212386 0.212681 0.212935 0.213145 0.213304 0.213407 0.213449 0.211573 0.212107 0.212732 0.213412 0.214111 0.214791 0.215416 0.215950 0.214074 0.214249 0.214483 0.214760 0.215062 0.215373 0.215674 0.215950 0.215723 0.215335 0.214923 0.214506 0.214107 0.213745 0.213443 0.213221 0.215700 0.216043 0.216370 0.216676 0.216957 0.217207 0.217423 0.217599 0.217349 0.217377 0.217405 0.217427 0.217438 0.217433 0.217405 0.217349 0.215723 0.215618 0.215539 0.215485 0.215453 0.215441 0.215449 0.215473 0.215950 0.216229 0.216518 0.216802 0.217066 0.217297 0.217479 0.217599 0.215473 0.216056 0.216727 0.217442 0.218156 0.218826 0.219405 0.219850 0.215473 0.215912 0.216486 0.217152 0.217865 0.218581 0.219258 0.219850 0.217974 0.217480 0.216995 0.216541 0.216140 0.215814 0.215584 0.215473 0.219850 0.219411 0.218836 0.218171 0.217458 0.216742 0.216065 0.215473 0.217349 0.217088 0.216771 0.216423 0.216069 0.215734 0.215443 0.215222 0.217747 0.217700 0.217608 0.217487 0.217358 0.217237 0.217145 0.217099 0.219623 0.219142 0.218563 0.217921 0.217254 0.216599 0.215993 0.215473 0.217349 0.217498 0.217624 0.217730 0.217818 0.217890 0.217949 0.217997 0.218224 0.218062 0.217891 0.217723 0.217572 0.217450 0.217371 0.217349 0.219850 0.219787 0.219635 0.219400 0.219088 0.218705 0.218256 0.217747 0.212971 0.213096 0.213350 0.213708 0.214146 0.214641 0.215167 0.215700 0.217599 0.217427 0.217195 0.216918 0.216613 0.216298 0.215988 0.215700 0.215700 0.215411 0.215090 0.214748 0.214400 0.214059 0.213738 0.213449 0.213449 0.213449 0.213449 0.213449 0.213449 0.213449 0.213449 0.213449 0.213449 0.213237 0.213002 0.212752 0.212497 0.212247 0.212011 0.211800 0.211800 0.211766 0.211728 0.211691 0.211654 0.211621 0.211593 0.211573 0.211800 0.211512 0.211187 0.210838 0.210480 0.210127 0.209792 0.209491 0.209491 0.209886 0.210310 0.210740 0.211153 0.211525 0.211834 0.212057 0.209234 0.208889 0.208579 0.208311 0.208092 0.207930 0.207830 0.207800 0.210132 0.209922 0.209636 0.209296 0.208922 0.208534 0.208154 0.207800
0.208050 0.207925 0.207800 0.207685 0.207592 0.207530 0.207510 0.207543 0.210132 0.210519 0.210890 0.211239 0.211560 0.211847 0.212092 0.212290 0.211800 0.211553 0.211300 0.211052 0.210822 0.210623 0.210466 0.210366 0.212261 0.211976 0.211630 0.211248 0.210856 0.210480 0.210144 0.209876 0.212033 0.212432 0.212816 0.213171 0.213484 0.213744 0.213938 0.214051 0.211550 0.212075 0.212700 0.213386 0.214091 0.214777 0.215402 0.215927 0.213426 0.213658 0.213969 0.214338 0.214740 0.215154 0.215558 0.215927 0.215677 0.215383 0.215071 0.214757 0.214458 0.214188 0.213964 0.213801 0.215700 0.216095 0.216493 0.216883 0.217256 0.217603 0.217914 0.218179 0.217951 0.217996 0.218038 0.218069 0.218084 0.218074 0.218032 0.217951 0.215677 0.215551 0.215462 0.215407 0.215383 0.215384 0.215408 0.215450 0.215927 0.216298 0.216685 0.217069 0.217430 0.217748 0.218005 0.218179 0.215450 0.216010 0.216669 0.217381 0.218099 0.218776 0.219368 0.219827 0.215450 0.215904 0.216491 0.217165 0.217882 0.218595 0.219259 0.219827 0.217326 0.216888 0.216480 0.216117 0.215816 0.215594 0.215466 0.215450 0.219827 0.219373 0.218786 0.218112 0.217395 0.216682 0.216019 0.215450 0.217951 0.217653 0.217276 0.216850 0.216403 0.215964 0.215561 0.215222 0.217076 0.217186 0.217279 0.217361 0.217439 0.217521 0.217614 0.217724 0.219577 0.219060 0.218457 0.217805 0.217142 0.216504 0.215928 0.215450 0.217951 0.217957 0.217911 0.217823 0.217707 0.217574 0.217435 0.217303 0.217553 0.217570 0.217594 0.217628 0.217677 0.217745 0.217835 0.217951 0.219827 0.219627 0.219344 0.218989 0.218573 0.218108 0.217605 0.217076 0.213574 0.213656 0.213838 0.214103 0.214438 0.214826 0.215252 0.215700 0.218179 0.217955 0.217651 0.217290 0.216892 0.216480 0.216076 0.215700 0.215700 0.215488 0.215253 0.215003 0.214748 0.214498 0.214263 0.214051 0.214051 0.214051 0.214051 0.214051 0.214051 0.214051 0.214051 0.214051 0.214051 0.213763 0.213441 0.213100 0.212752 0.212410 0.212089 0.211800 0.211800 0.211762 0.211721 0.211680 0.211640 0.211603 0.211572 0.211550 0.211800 0.211593 0.211356 0.211101 0.210838 0.210578 0.210332 0.210109 0.210109 0.210406 0.210725 0.211048 0.211358 0.211637 0.211868 0.212033 0.209876 0.209489 0.209114 0.208763 0.208445 0.208171 0.207953 0.207800 0.209468 0.209317 0.209113 0.208870 0.208602 0.208325 0.208053 0.207800
0.208027 0.207894 0.207762 0.207646 0.207556 0.207505 0.207504 0.207567 0.210774 0.211089 0.211368 0.211610 0.211815 0.211983 0.212114 0.212208 0.211800 0.211647 0.211493 0.211344 0.211208 0.211092 0.211003 0.210949 0.212145 0.211951 0.211717 0.211460 0.211197 0.210944 0.210720 0.210541 0.211975 0.212443 0.212916 0.213374 0.213795 0.214161 0.214450 0.214643 0.211573 0.212079 0.212693 0.213372 0.214072 0.214750 0.215364 0.215871 0.212801 0.213083 0.213464 0.213915 0.214408 0.214917 0.215414 0.215871 0.215643 0.215447 0.215241 0.215035 0.214839 0.214663 0.214519 0.214415 0.215700 0.216139 0.216599 0.217066 0.217525 0.217962 0.218363 0.218713 0.218543 0.218604 0.218659 0.218701 0.218719 0.218704 0.218648 0.218543 0.215643 0.215502 0.215410 0.215362 0.215350 0.215369 0.215412 0.215473 0.215871 0.216326 0.216806 0.217287 0.217743 0.218149 0.218481 0.218713 0.215473 0.216001 0.216637 0.217332 0.218040 0.218714 0.219307 0.219771 0.215473 0.215933 0.216522 0.217193 0.217900 0.218596 0.219235 0.219771 0.216701 0.216326 0.216001 0.215734 0.215537 0.215421 0.215396 0.215473 0.219771 0.219310 0.218722 0.218050 0.217343 0.216647 0.216008 0.215473 0.218543 0.218216 0.217792 0.217301 0.216776 0.216247 0.215745 0.215302 0.216473 0.216734 0.217005 0.217283 0.217562 0.217840 0.218111 0.218372 0.219543 0.218994 0.218374 0.217718 0.217065 0.216448 0.215906 0.215473 0.218543 0.218410 0.218197 0.217924 0.217611 0.217280 0.216950 0.216644 0.216871 0.217066 0.217284 0.217521 0.217770 0.218028 0.218287 0.218543 0.219771 0.219446 0.219046 0.218585 0.218082 0.217551 0.217009 0.216473 0.214245 0.214277 0.214378 0.214541 0.214762 0.215032 0.215347 0.215700 0.218713 0.218441 0.218072 0.217633 0.217149 0.216649 0.216157 0.215700 0.215700 0.215564 0.215413 0.215253 0.215090 0.214929 0.214778 0.214643 0.214643 0.214643 0.214643 0.214643 0.214643 0.214643 0.214643 0.214643 0.214643 0.214278 0.213872 0.213441 0.213002 0.212571 0.212165 0.211800 0.211800 0.211766 0.211728 0.211691 0.211654 0.211621 0.211593 0.211573 0.211800 0.211670 0.211519 0.211356 0.211187 0.211019 0.210860 0.210715 0.210715 0.210910 0.211120 0.211332 0.211534 0.211717 0.211868 0.211975 0.210541 0.210111 0.209669 0.209230 0.208809 0.208421 0.208079 0.207800 0.208826 0.208733 0.208608 0.208458 0.208294 0.208123 0.207956 0.207800
0.207948 0.207823 0.207705 0.207606 0.207538 0.207514 0.207547 0.207648 0.211345 0.211581 0.211761 0.211892 0.211980 0.212031 0.212051 0.212045 0.211800 0.211732 0.211664 0.211600 0.211542 0.211494 0.211458 0.211438 0.211984 0.211887 0.211771 0.211644 0.211515 0.211391 0.211281 0.211194 0.211893 0.212427 0.212986 0.213543 0.214070 0.214541 0.214926 0.215200 0.211652 0.212131 0.212723 0.213381 0.214062 0.214720 0.215312 0.215791 0.212243 0.212568 0.213005 0.213524 0.214094 0.214683 0.215259 0.215791 0.215643 0.215547 0.215446 0.215346 0.215252 0.215168 0.215100 0.215052 0.215700 0.216174 0.216688 0.217223 0.217759 0.218278 0.218761 0.219191 0.219100 0.219177 0.219246 0.219295 0.219316 0.219297 0.219229 0.219100 0.215643 0.215495 0.215407 0.215369 0.215374 0.215412 0.215474 0.215552 0.215791 0.216321 0.216886 0.217456 0.218001 0.218492 0.218898 0.219191 0.215552 0.216042 0.216643 0.217310 0.217995 0.218651 0.219232 0.219691 0.215552 0.216009 0.216588 0.217243 0.217928 0.218595 0.219198 0.219691 0.216143 0.215837 0.215595 0.215425 0.215330 0.215316 0.215388 0.215552 0.219691 0.219234 0.218655 0.218000 0.217316 0.216649 0.216045 0.215552 0.219100 0.218755 0.218297 0.217758 0.217172 0.216572 0.215990 0.215461 0.215996 0.216390 0.216820 0.217273 0.217732 0.218184 0.218614 0.219009 0.219543 0.218969 0.218337 0.217683 0.217043 0.216451 0.215942 0.215552 0.219100 0.218844 0.218483 0.218045 0.217558 0.217050 0.216550 0.216087 0.216234 0.216594 0.216994 0.217421 0.217859 0.218295 0.218713 0.219100 0.219691 0.219263 0.218769 0.218227 0.217659 0.217084 0.216523 0.215996 0.214961 0.214935 0.214948 0.215003 0.215103 0.215251 0.215449 0.215700 0.219191 0.218875 0.218448 0.217939 0.217379 0.216799 0.216229 0.215700 0.215700 0.215636 0.215564 0.215489 0.215411 0.215335 0.215264 0.215200 0.215200 0.215200 0.215200 0.215200 0.215200 0.215200 0.215200 0.215200 0.215200 0.214764 0.214278 0.213763 0.213237 0.212722 0.212236 0.211800 0.211800 0.211778 0.211753 0.211729 0.211705 0.211684 0.211666 0.211652 0.211800 0.211740 0.211670 0.211593 0.211512 0.211432 0.211356 0.211287 0.211287 0.211381 0.211482 0.211584 0.211682 0.211770 0.211842 0.211893 0.211194 0.210721 0.210213 0.209688 0.209165 0.208663 0.208202 0.207800 0.208255 0.208214 0.208158 0.208092 0.208019 0.207943 0.207869 0.207800
0.207800 0.207707 0.207625 0.207567 0.207543 0.207567 0.207648 0.207800 0.211800 0.211952 0.212033 0.212057 0.212033 0.211975 0.211893 0.211800 0.211800 0.211800 0.211800 0.211800 0.211800 0.211800 0.211800 0.211800 0.211800 0.211800 0.211800 0.211800 0.211800 0.211800 0.211800 0.211800 0.211800 0.212391 0.213028 0.213676 0.214301 0.214870 0.215348 0.215700 0.211800 0.212243 0.212801 0.213426 0.214074 0.214699 0.215257 0.215700 0.211800 0.212152 0.212630 0.213199 0.213824 0.214472 0.215109 0.215700 0.215700 0.215700 0.215700 0.215700 0.215700 0.215700 0.215700 0.215700 0.215700 0.216200 0.216757 0.217349 0.217951 0.218543 0.219100 0.219600 0.219600 0.219691 0.219771 0.219827 0.219850 0.219827 0.219748 0.219600 0.215700 0.215552 0.215473 0.215450 0.215473 0.215529 0.215609 0.215700 0.215700 0.216291 0.216928 0.217576 0.218201 0.218770 0.219248 0.219600 0.215700 0.216143 0.216701 0.217326 0.217974 0.218599 0.219157 0.219600 0.215700 0.216143 0.216701 0.217326 0.217974 0.218599 0.219157 0.219600 0.215700 0.215461 0.215302 0.215222 0.215222 0.215302 0.215461 0.215700 0.219600 0.219157 0.218599 0.217974 0.217326 0.216701 0.216143 0.215700 0.219600 0.219248 0.218770 0.218201 0.217576 0.216928 0.216291 0.215700 0.215700 0.216200 0.216757 0.217349 0.217951 0.218543 0.219100 0.219600 0.219600 0.219009 0.218372 0.217724 0.217099 0.216530 0.216052 0.215700 0.219600 0.219248 0.218770 0.218201 0.217576 0.216928 0.216291 0.215700 0.215700 0.216200 0.216757 0.217349 0.217951 0.218543 0.219100 0.219600 0.219600 0.219100 0.218543 0.217951 0.217349 0.216757 0.216200 0.215700 0.215700 0.215609 0.215529 0.215473 0.215450 0.215473 0.215552 0.215700 0.219600 0.219248 0.218770 0.218201 0.217576 0.216928 0.216291 0.215700 0.215700 0.215700 0.215700 0.215700 0.215700 0.215700 0.215700 0.215700 0.215700 0.215700 0.215700 0.215700 0.215700 0.215700 0.215700 0.215700 0.215700 0.215200 0.214643 0.214051 0.213449 0.212857 0.212300 0.211800 0.211800 0.211800 0.211800 0.211800 0.211800 0.211800 0.211800 0.211800 0.211800 0.211800 0.211800 0.211800 0.211800 0.211800 0.211800 0.211800 0.211800 0.211800 0.211800 0.211800 0.211800 0.211800 0.211800 0.211800 0.211800 0.211287 0.210715 0.210109 0.209491 0.208885 0.208313 0.207800 0.207800 0.207800 0.207800 0.207800 0.207800 0.207800 0.207800 0.207800
0.203900 0.205007 0.206217 0.207473 0.208717 0.209891 0.210938 0.211800 0.207800 0.207555 0.207392 0.207310 0.207310 0.207392 0.207555 0.207800 0.211800 0.211345 0.210774 0.210132 0.209468 0.208826 0.208255 0.207800 0.211800 0.211952 0.212033 0.212057 0.212033 0.211975 0.211893 0.211800 0.211800 0.212300 0.212857 0.213449 0.214051 0.214643 0.215200 0.215700 0.215700 0.215700 0.215700 0.215700 0.215700 0.215700 0.215700 0.215700 0.215700 0.215609 0.215529 0.215473 0.215450 0.215473 0.215552 0.215700 0.219600 0.219839 0.219998 0.220078 0.220078 0.219998 0.219839 0.219600 0.215700 0.216052 0.216530 0.217099 0.217724 0.218372 0.219009 0.219600 0.219600 0.219600 0.219600 0.219600 0.219600 0.219600 0.219600 0.219600 0.219600 0.219691 0.219771 0.219827 0.219850 0.219827 0.219748 0.219600 0.215700 0.216052 0.216530 0.217099 0.217724 0.218372 0.219009 0.219600 0.219600 0.219600 0.219600 0.219600 0.219600 0.219600 0.219600 0.219600 0.219600 0.219600 0.219600 0.219600 0.219600 0.219600 0.219600 0.219600 0.219600 0.219600 0.219600 0.219600 0.219600 0.219600 0.219600 0.219600 0.219600 0.219600 0.219600 0.219600 0.219600 0.219600 0.219600 0.219600 0.219600 0.219509 0.219429 0.219373 0.219350 0.219373 0.219452 0.219600 0.223500 0.223057 0.222499 0.221874 0.221226 0.220601 0.220043 0.219600 0.223500 0.223148 0.222670 0.222101 0.221476 0.220828 0.220191 0.219600 0.219600 0.220191 0.220828 0.221476 0.222101 0.222670 0.223148 0.223500 0.219600 0.219452 0.219373 0.219350 0.219373 0.219429 0.219509 0.219600 0.219600 0.220191 0.220828 0.221476 0.222101 0.222670 0.223148 0.223500 0.219600 0.218861 0.218145 0.217474 0.216871 0.216359 0.215962 0.215700 0.219600 0.219248 0.218770 0.218201 0.217576 0.216928 0.216291 0.215700 0.215700 0.215700 0.215700 0.215700 0.215700 0.215700 0.215700 0.215700 0.215700 0.215700 0.215700 0.215700 0.215700 0.215700 0.215700 0.215700 0.215700 0.215200 0.214643 0.214051 0.213449 0.212857 0.212300 0.211800 0.211800 0.212391 0.213028 0.213676 0.214301 0.214870 0.215348 0.215700 0.211800 0.211652 0.211573 0.211550 0.211573 0.211629 0.211709 0.211800 0.211800 0.211800 0.211800 0.211800 0.211800 0.211800 0.211800 0.211800 0.211800 0.211194 0.210541 0.209876 0.209234 0.208651 0.208162 0.207800 0.211800 0.211438 0.210949 0.210366 0.209724 0.209060 0.208406 0.207800
0.204859 0.205779 0.206783 0.207822 0.208846 0.209808 0.210657 0.211345 0.207555 0.207404 0.207339 0.207356 0.207451 0.207619 0.207857 0.208162 0.211800 0.211476 0.211053 0.210568 0.210058 0.209560 0.209113 0.208753 0.211800 0.211966 0.212087 0.212172 0.212229 0.212263 0.212285 0.212300 0.212892 0.213287 0.213714 0.214157 0.214602 0.215033 0.215434 0.215791 0.215757 0.215719 0.215682 0.215649 0.215622 0.215605 0.215599 0.215609 0.216348 0.216199 0.216036 0.215876 0.215737 0.215635 0.215587 0.215609 0.219157 0.219450 0.219679 0.219841 0.219932 0.219950 0.219889 0.219748 0.216200 0.216564 0.217047 0.217616 0.218239 0.218882 0.219514 0.220100 0.220191 0.220193 0.220191 0.220184 0.220172 0.220155 0.220131 0.220100 0.219657 0.219709 0.219760 0.219801 0.219821 0.219810 0.219759 0.219657 0.216701 0.217037 0.217476 0.217989 0.218546 0.219118 0.219676 0.220191 0.220155 0.220157 0.220160 0.220165 0.220170 0.220177 0.220184 0.220191 0.220248 0.220230 0.220209 0.220186 0.220163 0.220140 0.220119 0.220100 0.220155 0.220083 0.220004 0.219922 0.219842 0.219768 0.219705 0.219657 0.220100 0.220125 0.220146 0.220164 0.220182 0.220201 0.220222 0.220248 0.220707 0.220479 0.220238 0.220006 0.219802 0.219647 0.219561 0.219564 0.223796 0.223308 0.222695 0.222008 0.221297 0.220610 0.219997 0.219509 0.223739 0.223469 0.223071 0.222578 0.222018 0.221423 0.220823 0.220248 0.219509 0.220010 0.220568 0.221151 0.221729 0.222269 0.222740 0.223111 0.220248 0.220121 0.220041 0.220002 0.219996 0.220015 0.220052 0.220100 0.220100 0.220669 0.221282 0.221908 0.222514 0.223067 0.223535 0.223887 0.220339 0.219597 0.218865 0.218169 0.217531 0.216974 0.216523 0.216200 0.219509 0.219210 0.218802 0.218313 0.217772 0.217205 0.216642 0.216109 0.215609 0.215682 0.215770 0.215867 0.215965 0.216058 0.216139 0.216200 0.215518 0.215594 0.215689 0.215797 0.215910 0.216020 0.216119 0.216200 0.215609 0.215254 0.214868 0.214462 0.214050 0.213642 0.213252 0.212892 0.212209 0.212747 0.213337 0.213945 0.214535 0.215073 0.215522 0.215848 0.211709 0.211642 0.211654 0.211728 0.211847 0.211993 0.212150 0.212300 0.211709 0.211698 0.211699 0.211710 0.211727 0.211749 0.211775 0.211800 0.211800 0.211268 0.210695 0.210114 0.209554 0.209046 0.208623 0.208313 0.211952 0.211611 0.211153 0.210608 0.210011 0.209392 0.208785 0.208222
0.205989 0.206682 0.207435 0.208209 0.208968 0.209674 0.210288 0.210774 0.207392 0.207352 0.207398 0.207524 0.207720 0.207978 0.208292 0.208651 0.211800 0.211628 0.211379 0.211078 0.210752 0.210426 0.210126 0.209879 0.211800 0.211980 0.212145 0.212299 0.212444 0.212583 0.212720 0.212857 0.214085 0.214364 0.214646 0.214925 0.215195 0.215447 0.215675 0.215871 0.215757 0.215689 0.215625 0.215569 0.215526 0.215501 0.215501 0.215529 0.216985 0.216782 0.216541 0.216284 0.216033 0.215809 0.215634 0.215529 0.218599 0.218945 0.219246 0.219494 0.219684 0.219808 0.219858 0.219827 0.216757 0.217137 0.217628 0.218199 0.218819 0.219456 0.220079 0.220657 0.220828 0.220836 0.220835 0.220825 0.220804 0.220769 0.220721 0.220657 0.219657 0.219662 0.219679 0.219700 0.219717 0.219721 0.219703 0.219657 0.217815 0.218134 0.218530 0.218977 0.219454 0.219937 0.220403 0.220828 0.220710 0.220719 0.220733 0.220749 0.220768 0.220788 0.220808 0.220828 0.220885 0.220857 0.220824 0.220789 0.220754 0.220719 0.220686 0.220657 0.220710 0.220553 0.220384 0.220210 0.220041 0.219886 0.219755 0.219657 0.220657 0.220700 0.220732 0.220758 0.220781 0.220807 0.220840 0.220885 0.221917 0.221539 0.221121 0.220693 0.220285 0.219926 0.219649 0.219482 0.223955 0.223440 0.222793 0.222068 0.221317 0.220592 0.219945 0.219429 0.223898 0.223715 0.223405 0.222996 0.222513 0.221982 0.221431 0.220885 0.219429 0.219814 0.220264 0.220753 0.221254 0.221739 0.222181 0.222552 0.220885 0.220792 0.220726 0.220682 0.220656 0.220646 0.220648 0.220657 0.220657 0.221174 0.221732 0.222303 0.222856 0.223364 0.223797 0.224125 0.221055 0.220325 0.219594 0.218886 0.218224 0.217633 0.217136 0.216757 0.219429 0.219191 0.218861 0.218461 0.218012 0.217536 0.217054 0.216587 0.215529 0.215680 0.215862 0.216062 0.216266 0.216460 0.216628 0.216757 0.215359 0.215514 0.215710 0.215932 0.216163 0.216389 0.216592 0.216757 0.215529 0.215330 0.215127 0.214922 0.214714 0.214505 0.214295 0.214085 0.212687 0.213150 0.213672 0.214218 0.214752 0.215238 0.215642 0.215927 0.211629 0.211653 0.211766 0.211944 0.212166 0.212408 0.212646 0.212857 0.211629 0.211605 0.211604 0.211623 0.211656 0.211700 0.211749 0.211800 0.211800 0.211353 0.210872 0.210384 0.209915 0.209491 0.209139 0.208885 0.212033 0.211727 0.211317 0.210832 0.210301 0.209752 0.209213 0.208714
0.207223 0.207662 0.208135 0.208617 0.209083 0.209508 0.209866 0.210132 0.207310 0.207390 0.207555 0.207793 0.208092 0.208440 0.208825 0.209234 0.211800 0.211793 0.211732 0.211633 0.211507 0.211369 0.211233 0.211111 0.211800 0.211994 0.212205 0.212432 0.212672 0.212922 0.213182 0.213449 0.215325 0.215478 0.215607 0.215712 0.215795 0.215858 0.215902 0.215927 0.215723 0.215633 0.215550 0.215480 0.215430 0.215408 0.215419 0.215473 0.217599 0.217348 0.217037 0.216691 0.216335 0.215996 0.215700 0.215473 0.217974 0.218368 0.218738 0.219073 0.219363 0.219597 0.219763 0.219850 0.217349 0.217749 0.218250 0.218824 0.219440 0.220069 0.220681 0.221249 0.221476 0.221493 0.221499 0.221489 0.221462 0.221415 0.221345 0.221249 0.219623 0.219576 0.219555 0.219555 0.219568 0.219588 0.219609 0.219623 0.218997 0.219297 0.219642 0.220017 0.220405 0.220789 0.221152 0.221476 0.221266 0.221284 0.221309 0.221340 0.221373 0.221409 0.221443 0.221476 0.221499 0.221467 0.221432 0.221394 0.221355 0.221317 0.221281 0.221249 0.221266 0.221018 0.220750 0.220477 0.220214 0.219974 0.219772 0.219623 0.221249 0.221303 0.221338 0.221361 0.221381 0.221405 0.221441 0.221499 0.223173 0.222643 0.222043 0.221412 0.220791 0.220220 0.219739 0.219389 0.224000 0.223474 0.222813 0.222071 0.221302 0.220560 0.219899 0.219373 0.223978 0.223884 0.223667 0.223349 0.222952 0.222496 0.222005 0.221499 0.219373 0.219624 0.219949 0.220324 0.220727 0.221138 0.221533 0.221891 0.221499 0.221452 0.221408 0.221368 0.221332 0.221299 0.221272 0.221249 0.221249 0.221689 0.222166 0.222654 0.223129 0.223566 0.223940 0.224228 0.221726 0.221023 0.220305 0.219597 0.218924 0.218308 0.217775 0.217349 0.219373 0.219199 0.218952 0.218647 0.218297 0.217916 0.217520 0.217121 0.215473 0.215700 0.215977 0.216283 0.216594 0.216891 0.217149 0.217349 0.215245 0.215479 0.215775 0.216109 0.216457 0.216796 0.217101 0.217349 0.215473 0.215432 0.215415 0.215412 0.215413 0.215405 0.215380 0.215325 0.213221 0.213594 0.214030 0.214495 0.214955 0.215374 0.215717 0.215950 0.211573 0.211691 0.211908 0.212194 0.212521 0.212858 0.213177 0.213449 0.211573 0.211531 0.211525 0.211548 0.211594 0.211656 0.211727 0.211800 0.211800 0.211444 0.211062 0.210674 0.210303 0.209967 0.209690 0.209491 0.212057 0.211796 0.211449 0.211040 0.210594 0.210133 0.209682 0.209264
0.208490 0.208665 0.208849 0.209029 0.209192 0.209328 0.209424 0.209468 0.207310 0.207513 0.207796 0.208144 0.208542 0.208974 0.209423 0.209876 0.211800 0.211960 0.212094 0.212201 0.212282 0.212339 0.212370 0.212377 0.211800 0.212009 0.212267 0.212569 0.212905 0.213270 0.213654 0.214051 0.216553 0.216577 0.216547 0.216474 0.216368 0.216239 0.216096 0.215950 0.215677 0.215574 0.215480 0.215405 0.215355 0.215340 0.215369 0.215450 0.218179 0.217888 0.217516 0.217091 0.216642 0.216200 0.215792 0.215450 0.217326 0.217762 0.218196 0.218613 0.219000 0.219341 0.219621 0.219827 0.217951 0.218375 0.218888 0.219465 0.220077 0.220697 0.221298 0.221851 0.222101 0.222132 0.222148 0.222144 0.222117 0.222063 0.221975 0.221851 0.219577 0.219477 0.219417 0.219395 0.219405 0.219441 0.219501 0.219577 0.220203 0.220476 0.220766 0.221062 0.221353 0.221630 0.221883 0.222101 0.221822 0.221848 0.221883 0.221924 0.221969 0.222015 0.222060 0.222101 0.222079 0.222049 0.222017 0.221983 0.221948 0.221914 0.221881 0.221851 0.221822 0.221480 0.221112 0.220739 0.220379 0.220052 0.219778 0.219577 0.221851 0.221912 0.221943 0.221957 0.221965 0.221980 0.222014 0.222079 0.224417 0.223744 0.222969 0.222142 0.221314 0.220535 0.219853 0.219321 0.223955 0.223432 0.222774 0.222035 0.221270 0.220531 0.219873 0.219350 0.223978 0.223973 0.223852 0.223631 0.223326 0.222955 0.222534 0.222079 0.219350 0.219463 0.219653 0.219904 0.220200 0.220525 0.220863 0.221197 0.222079 0.222083 0.222068 0.222039 0.221999 0.221952 0.221901 0.221851 0.221851 0.222197 0.222572 0.222956 0.223330 0.223676 0.223974 0.224205 0.222329 0.221664 0.220971 0.220276 0.219603 0.218975 0.218416 0.217951 0.219350 0.219244 0.219083 0.218874 0.218624 0.218341 0.218031 0.217701 0.215450 0.215750 0.216117 0.216523 0.216939 0.217335 0.217682 0.217951 0.215200 0.215507 0.215895 0.216332 0.216788 0.217231 0.217629 0.217951 0.215450 0.215561 0.215723 0.215916 0.216117 0.216305 0.216457 0.216553 0.213801 0.214072 0.214409 0.214779 0.215149 0.215486 0.215756 0.215927 0.211550 0.211763 0.212082 0.212472 0.212899 0.213327 0.213723 0.214051 0.211550 0.211487 0.211472 0.211495 0.211548 0.211623 0.211710 0.211800 0.211800 0.211538 0.211257 0.210973 0.210700 0.210455 0.210253 0.210109 0.212033 0.211827 0.211556 0.211237 0.210890 0.210533 0.210183 0.209859
0.209721 0.209639 0.209541 0.209426 0.209296 0.209152 0.208995 0.208826 0.207392 0.207712 0.208107 0.208557 0.209045 0.209551 0.210055 0.210541 0.211800 0.212122 0.212444 0.212752 0.213035 0.213280 0.213476 0.213610 0.211800 0.212024 0.212331 0.212707 0.213138 0.213614 0.214119 0.214643 0.217713 0.217607 0.217420 0.217171 0.216879 0.216562 0.216239 0.215927 0.215643 0.215535 0.215439 0.215364 0.215320 0.215317 0.215365 0.215473 0.218713 0.218392 0.217970 0.217479 0.216953 0.216421 0.215917 0.215473 0.216701 0.217170 0.217658 0.218149 0.218623 0.219063 0.219452 0.219771 0.218543 0.218991 0.219518 0.220099 0.220708 0.221318 0.221905 0.222443 0.222670 0.222717 0.222748 0.222757 0.222738 0.222683 0.222587 0.222443 0.219543 0.219390 0.219294 0.219250 0.219256 0.219309 0.219406 0.219543 0.221385 0.221627 0.221854 0.222063 0.222253 0.222419 0.222559 0.222670 0.222380 0.222407 0.222444 0.222487 0.222534 0.222582 0.222628 0.222670 0.222613 0.222591 0.222566 0.222541 0.222515 0.222490 0.222465 0.222443 0.222380 0.221946 0.221480 0.221008 0.220553 0.220141 0.219796 0.219543 0.222443 0.222505 0.222528 0.222527 0.222519 0.222520 0.222546 0.222613 0.225591 0.224793 0.223864 0.222863 0.221848 0.220879 0.220013 0.219310 0.223841 0.223334 0.222696 0.221979 0.221236 0.220518 0.219880 0.219373 0.223898 0.223980 0.223955 0.223834 0.223628 0.223348 0.223006 0.222613 0.219373 0.219351 0.219409 0.219536 0.219723 0.219959 0.220234 0.220538 0.222613 0.222670 0.222688 0.222674 0.222636 0.222580 0.222513 0.222443 0.222443 0.222680 0.222937 0.223202 0.223460 0.223699 0.223906 0.224069 0.222841 0.222223 0.221567 0.220896 0.220235 0.219606 0.219034 0.218543 0.219373 0.219335 0.219259 0.219145 0.218993 0.218804 0.218578 0.218315 0.215473 0.215836 0.216283 0.216780 0.217291 0.217778 0.218207 0.218543 0.215245 0.215615 0.216081 0.216607 0.217153 0.217683 0.218159 0.218543 0.215473 0.215720 0.216045 0.216415 0.216798 0.217163 0.217479 0.217713 0.214415 0.214577 0.214805 0.215070 0.215339 0.215582 0.215770 0.215871 0.211573 0.211875 0.212289 0.212774 0.213291 0.213801 0.214265 0.214643 0.211573 0.211485 0.211455 0.211472 0.211525 0.211604 0.211699 0.211800 0.211800 0.211631 0.211451 0.211268 0.211093 0.210936 0.210807 0.210715 0.211975 0.211832 0.211645 0.211427 0.211190 0.210946 0.210708 0.210488
0.210847 0.210531 0.210175 0.209792 0.209396 0.208999 0.208614 0.208255 0.207555 0.207981 0.208474 0.209013 0.209576 0.210141 0.210688 0.211194 0.211800 0.212269 0.212761 0.213254 0.213722 0.214142 0.214489 0.214741 0.211800 0.212042 0.212395 0.212842 0.213363 0.213942 0.214561 0.215200 0.218747 0.218515 0.218177 0.217761 0.217294 0.216801 0.216310 0.215848 0.215643 0.215539 0.215447 0.215379 0.215345 0.215356 0.215421 0.215552 0.219191 0.218848 0.218390 0.217851 0.217265 0.216663 0.216081 0.215552 0.216143 0.216635 0.217166 0.217716 0.218264 0.218789 0.219272 0.219691 0.219100 0.219574 0.220116 0.220702 0.221307 0.221908 0.222480 0.223000 0.223148 0.223215 0.223267 0.223296 0.223293 0.223248 0.223153 0.223000 0.219543 0.219343 0.219212 0.219149 0.219152 0.219220 0.219350 0.219543 0.222499 0.222699 0.222857 0.222975 0.223059 0.223113 0.223141 0.223148 0.222939 0.222959 0.222986 0.223017 0.223051 0.223085 0.223118 0.223148 0.223091 0.223078 0.223065 0.223052 0.223039 0.223025 0.223012 0.223000 0.222939 0.222421 0.221864 0.221298 0.220754 0.220260 0.219846 0.219543 0.223000 0.223060 0.223071 0.223053 0.223026 0.223010 0.223025 0.223091 0.226638 0.225743 0.224693 0.223552 0.222387 0.221261 0.220241 0.219392 0.223682 0.223202 0.222598 0.221919 0.221215 0.220537 0.219932 0.219452 0.223739 0.223903 0.223972 0.223952 0.223848 0.223666 0.223412 0.223091 0.219452 0.219310 0.219248 0.219262 0.219347 0.219499 0.219712 0.219983 0.223091 0.223197 0.223247 0.223252 0.223219 0.223160 0.223084 0.223000 0.223000 0.223120 0.223251 0.223385 0.223517 0.223639 0.223746 0.223830 0.223238 0.222677 0.222066 0.221430 0.220792 0.220176 0.219603 0.219100 0.219452 0.219481 0.219486 0.219462 0.219402 0.219301 0.219153 0.218952 0.215552 0.215965 0.216477 0.217049 0.217639 0.218205 0.218705 0.219100 0.215404 0.215821 0.216346 0.216936 0.217550 0.218143 0.218674 0.219100 0.215552 0.215914 0.216373 0.216891 0.217427 0.217941 0.218395 0.218747 0.215052 0.215103 0.215218 0.215369 0.215529 0.215670 0.215767 0.215791 0.211652 0.212033 0.212528 0.213093 0.213686 0.214264 0.214783 0.215200 0.211652 0.211537 0.211485 0.211487 0.211531 0.211605 0.211698 0.211800 0.211800 0.211720 0.211634 0.211548 0.211465 0.211391 0.211330 0.211287 0.211893 0.211820 0.211724 0.211613 0.211493 0.211370 0.211250 0.211139
0.211800 0.211287 0.210715 0.210109 0.209491 0.208885 0.208313 0.207800 0.207800 0.208313 0.208885 0.209491 0.210109 0.210715 0.211287 0.211800 0.211800 0.212391 0.213028 0.213676 0.214301 0.214870 0.215348 0.215700 0.211800 0.212062 0.212459 0.212971 0.213574 0.214245 0.214961 0.215700 0.219600 0.219248 0.218770 0.218201 0.217576 0.216928 0.216291 0.215700 0.215700 0.215609 0.215529 0.215473 0.215450 0.215473 0.215552 0.215700 0.219600 0.219248 0.218770 0.218201 0.217576 0.216928 0.216291 0.215700 0.215700 0.216200 0.216757 0.217349 0.217951 0.218543 0.219100 0.219600 0.219600 0.220100 0.220657 0.221249 0.221851 0.222443 0.223000 0.223500 0.223500 0.223591 0.223671 0.223727 0.223750 0.223727 0.223648 0.223500 0.219600 0.219361 0.219202 0.219122 0.219122 0.219202 0.219361 0.219600 0.223500 0.223648 0.223727 0.223750 0.223727 0.223671 0.223591 0.223500 0.223500 0.223500 0.223500 0.223500 0.223500 0.223500 0.223500 0.223500 0.223500 0.223500 0.223500 0.223500 0.223500 0.223500 0.223500 0.223500 0.223500 0.222909 0.222272 0.221624 0.220999 0.220430 0.219952 0.219600 0.223500 0.223555 0.223552 0.223517 0.223471 0.223437 0.223439 0.223500 0.227500 0.226547 0.225421 0.224190 0.222923 0.221690 0.220559 0.219600 0.223500 0.223057 0.222499 0.221874 0.221226 0.220601 0.220043 0.219600 0.223500 0.223739 0.223898 0.223978 0.223978 0.223898 0.223739 0.223500 0.219600 0.219361 0.219202 0.219122 0.219122 0.219202 0.219361 0.219600 0.223500 0.223648 0.223727 0.223750 0.223727 0.223671 0.223591 0.223500 0.223500 0.223500 0.223500 0.223500 0.223500 0.223500 0.223500 0.223500 0.223500 0.223000 0.222443 0.221851 0.221249 0.220657 0.220100 0.219600 0.219600 0.219691 0.219771 0.219827 0.219850 0.219827 0.219748 0.219600 0.215700 0.216143 0.216701 0.217326 0.217974 0.218599 0.219157 0.219600 0.215700 0.216143 0.216701 0.217326 0.217974 0.218599 0.219157 0.219600 0.215700 0.216143 0.216701 0.217326 0.217974 0.218599 0.219157 0.219600 0.215700 0.215643 0.215643 0.215677 0.215723 0.215757 0.215757 0.215700 0.211800 0.212243 0.212801 0.213426 0.214074 0.214699 0.215257 0.215700 0.211800 0.211652 0.211573 0.211550 0.211573 0.211629 0.211709 0.211800 0.211800 0.211800 0.211800 0.211800 0.211800 0.211800 0.211800 0.211800 0.211800 0.211800 0.211800 0.211800 0.211800 0.211800 0.211800 0.211800
0.207800 0.208313 0.208885 0.209491 0.210109 0.210715 0.211287 0.211800 0.211800 0.211800 0.211800 0.211800 0.211800 0.211800 0.211800 0.211800 0.211800 0.211800 0.211800 0.211800 0.211800 0.211800 0.211800 0.211800 0.211800 0.212300 0.212857 0.213449 0.214051 0.214643 0.215200 0.215700 0.215700 0.215018 0.214301 0.213596 0.212948 0.212403 0.212005 0.211800 0.219600 0.219896 0.220055 0.220100 0.220055 0.219941 0.219782 0.219600 0.219600 0.219600 0.219600 0.219600 0.219600 0.219600 0.219600 0.219600 0.219600 0.219600 0.219600 0.219600 0.219600 0.219600 0.219600 0.219600 0.219600 0.220191 0.220828 0.221476 0.222101 0.222670 0.223148 0.223500 0.219600 0.219952 0.220430 0.220999 0.221624 0.222272 0.222909 0.223500 0.223500 0.223500 0.223500 0.223500 0.223500 0.223500 0.223500 0.223500 0.223500 0.222815 0.222097 0.221391 0.220742 0.220197 0.219801 0.219600 0.227500 0.226695 0.225648 0.224440 0.223150 0.221860 0.220650 0.219600 0.223500 0.223555 0.223552 0.223517 0.223471 0.223437 0.223439 0.223500 0.227500 0.227139 0.226649 0.226066 0.225424 0.224759 0.224106 0.223500 0.223500 0.223500 0.223500 0.223500 0.223500 0.223500 0.223500 0.223500 0.223500 0.224106 0.224759 0.225424 0.226066 0.226649 0.227138 0.227500 0.223500 0.223439 0.223437 0.223471 0.223517 0.223552 0.223555 0.223500 0.219600 0.219952 0.220430 0.220999 0.221624 0.222272 0.222909 0.223500 0.223500 0.224106 0.224759 0.225424 0.226066 0.226649 0.227138 0.227500 0.223500 0.223348 0.223267 0.223243 0.223267 0.223325 0.223407 0.223500 0.223500 0.223000 0.222443 0.221851 0.221249 0.220657 0.220100 0.219600 0.219600 0.219509 0.219429 0.219373 0.219350 0.219373 0.219452 0.219600 0.223500 0.223739 0.223898 0.223978 0.223978 0.223898 0.223739 0.223500 0.219600 0.219361 0.219202 0.219122 0.219122 0.219202 0.219361 0.219600 0.223500 0.223148 0.222670 0.222101 0.221476 0.220828 0.220191 0.219600 0.219600 0.219009 0.218372 0.217724 0.217099 0.216530 0.216052 0.215700 0.219600 0.219248 0.218770 0.218201 0.217576 0.216928 0.216291 0.215700 0.215700 0.215700 0.215700 0.215700 0.215700 0.215700 0.215700 0.215700 0.215700 0.215200 0.214643 0.214051 0.213449 0.212857 0.212300 0.211800 0.211800 0.211800 0.211800 0.211800 0.211800 0.211800 0.211800 0.211800 0.211800 0.212300 0.212857 0.213449 0.214051 0.214643 0.215200 0.215700
0.205134 0.206092 0.207156 0.208281 0.209423 0.210536 0.211578 0.212502 0.211952 0.211900 0.211857 0.211823 0.211800 0.211788 0.211788 0.211800 0.212300 0.212295 0.212279 0.212256 0.212229 0.212201 0.212174 0.212152 0.212391 0.212817 0.213284 0.213775 0.214272 0.214756 0.215207 0.215609 0.215461 0.214928 0.214377 0.213845 0.213371 0.212989 0.212737 0.212653 0.219839 0.220103 0.220240 0.220270 0.220215 0.220095 0.219933 0.219748 0.219600 0.219588 0.219581 0.219580 0.219586 0.219601 0.219624 0.219657 0.220248 0.220249 0.220239 0.220218 0.220191 0.220161 0.220130 0.220100 0.220191 0.220688 0.221219 0.221758 0.222274 0.222740 0.223127 0.223407 0.219952 0.220353 0.220872 0.221474 0.222125 0.222788 0.223429 0.224013 0.223555 0.223543 0.223538 0.223539 0.223543 0.223548 0.223553 0.223555 0.223316 0.222760 0.222186 0.221633 0.221137 0.220737 0.220471 0.220375 0.227652 0.226909 0.225944 0.224830 0.223642 0.222454 0.221340 0.220375 0.224013 0.224055 0.224042 0.223996 0.223939 0.223894 0.223881 0.223922 0.227561 0.227238 0.226803 0.226287 0.225724 0.225144 0.224582 0.224070 0.224604 0.224555 0.224484 0.224394 0.224290 0.224175 0.224051 0.223922 0.223164 0.223731 0.224357 0.225006 0.225642 0.226227 0.226726 0.227102 0.223225 0.223374 0.223600 0.223872 0.224155 0.224418 0.224628 0.224752 0.220466 0.220757 0.221173 0.221679 0.222240 0.222824 0.223396 0.223922 0.223464 0.224091 0.224778 0.225488 0.226183 0.226825 0.227376 0.227799 0.224013 0.223870 0.223792 0.223770 0.223792 0.223848 0.223925 0.224013 0.224013 0.223572 0.223081 0.222558 0.222025 0.221501 0.221006 0.220559 0.220466 0.220332 0.220206 0.220098 0.220022 0.219988 0.220011 0.220100 0.223648 0.223863 0.224004 0.224069 0.224057 0.223968 0.223800 0.223555 0.219564 0.219395 0.219315 0.219319 0.219404 0.219565 0.219798 0.220100 0.223796 0.223382 0.222842 0.222212 0.221527 0.220824 0.220140 0.219509 0.219657 0.219026 0.218344 0.217648 0.216974 0.216361 0.215844 0.215461 0.219657 0.219383 0.218984 0.218491 0.217935 0.217347 0.216758 0.216200 0.215757 0.215805 0.215867 0.215936 0.216010 0.216081 0.216146 0.216200 0.215848 0.215379 0.214865 0.214326 0.213779 0.213247 0.212747 0.212300 0.212300 0.212299 0.212298 0.212297 0.212297 0.212297 0.212298 0.212300 0.212350 0.212807 0.213315 0.213853 0.214401 0.214938 0.215444 0.215898
0.202252 0.203664 0.205229 0.206884 0.208560 0.210194 0.211717 0.213065 0.212033 0.211940 0.211864 0.211807 0.211771 0.211756 0.211766 0.211800 0.212857 0.212859 0.212840 0.212806 0.212762 0.212715 0.212669 0.212630 0.213028 0.213369 0.213739 0.214124 0.214510 0.214882 0.215226 0.215529 0.215302 0.214939 0.214575 0.214237 0.213952 0.213747 0.213650 0.213687 0.219998 0.220221 0.220330 0.220344 0.220282 0.220163 0.220005 0.219827 0.219600 0.219570 0.219548 0.219538 0.219541 0.219560 0.219598 0.219657 0.220885 0.220898 0.220887 0.220858 0.220814 0.220763 0.220709 0.220657 0.220828 0.221222 0.221642 0.222063 0.222465 0.222824 0.223118 0.223325 0.220430 0.220877 0.221433 0.222061 0.222726 0.223392 0.224023 0.224585 0.223552 0.223523 0.223510 0.223509 0.223518 0.223531 0.223543 0.223552 0.223155 0.222758 0.222361 0.221991 0.221676 0.221445 0.221325 0.221344 0.227733 0.227080 0.226232 0.225253 0.224210 0.223167 0.222190 0.221344 0.224585 0.224612 0.224590 0.224537 0.224473 0.224418 0.224392 0.224414 0.227563 0.227280 0.226903 0.226461 0.225985 0.225503 0.225045 0.224641 0.225813 0.225712 0.225567 0.225383 0.225169 0.224931 0.224677 0.224414 0.222921 0.223410 0.223968 0.224558 0.225145 0.225694 0.226167 0.226531 0.222984 0.223347 0.223804 0.224312 0.224832 0.225320 0.225737 0.226040 0.221515 0.221739 0.222082 0.222510 0.222991 0.223490 0.223976 0.224414 0.223382 0.224009 0.224711 0.225448 0.226181 0.226871 0.227477 0.227961 0.224585 0.224457 0.224388 0.224368 0.224388 0.224437 0.224506 0.224585 0.224585 0.224217 0.223807 0.223371 0.222925 0.222485 0.222068 0.221690 0.221515 0.221326 0.221138 0.220962 0.220813 0.220703 0.220647 0.220657 0.223727 0.223916 0.224037 0.224088 0.224067 0.223972 0.223801 0.223552 0.219482 0.219402 0.219419 0.219526 0.219712 0.219968 0.220287 0.220657 0.223955 0.223494 0.222910 0.222240 0.221520 0.220787 0.220078 0.219429 0.219657 0.219005 0.218299 0.217577 0.216877 0.216239 0.215701 0.215302 0.219657 0.219473 0.219168 0.218769 0.218301 0.217792 0.217269 0.216757 0.215757 0.215867 0.216006 0.216164 0.216329 0.216491 0.216637 0.216757 0.215927 0.215502 0.215047 0.214576 0.214107 0.213654 0.213232 0.212857 0.212857 0.212858 0.212859 0.212859 0.212859 0.212859 0.212858 0.212857 0.212832 0.213225 0.213663 0.214128 0.214603 0.215069 0.215508 0.215902
0.199258 0.201108 0.203161 0.205330 0.207529 0.209670 0.211666 0.213433 0.212057 0.211933 0.211835 0.211764 0.211722 0.211713 0.211738 0.211800 0.213449 0.213468 0.213456 0.213421 0.213370 0.213311 0.213251 0.213199 0.213676 0.213931 0.214202 0.214481 0.214757 0.215021 0.215263 0.215473 0.215222 0.215043 0.214877 0.214743 0.214656 0.214633 0.214691 0.214847 0.220078 0.220252 0.220332 0.220331 0.220267 0.220155 0.220011 0.219850 0.219600 0.219550 0.219510 0.219484 0.219478 0.219496 0.219543 0.219623 0.221499 0.221533 0.221530 0.221500 0.221449 0.221385 0.221316 0.221249 0.221476 0.221767 0.222074 0.222380 0.222668 0.222923 0.223128 0.223267 0.220999 0.221489 0.222076 0.222723 0.223394 0.224053 0.224664 0.225191 0.223517 0.223465 0.223440 0.223437 0.223450 0.223472 0.223496 0.223517 0.223039 0.222824 0.222623 0.222456 0.222339 0.222289 0.222324 0.222462 0.227757 0.227214 0.226510 0.225699 0.224834 0.223970 0.223161 0.222462 0.225191 0.225205 0.225176 0.225120 0.225054 0.224995 0.224959 0.224964 0.227529 0.227286 0.226970 0.226607 0.226223 0.225846 0.225500 0.225214 0.227067 0.226918 0.226700 0.226424 0.226101 0.225742 0.225359 0.224964 0.222783 0.223165 0.223622 0.224119 0.224624 0.225104 0.225525 0.225855 0.222812 0.223382 0.224058 0.224791 0.225532 0.226232 0.226844 0.227317 0.222690 0.222845 0.223109 0.223452 0.223840 0.224242 0.224627 0.224964 0.223290 0.223897 0.224594 0.225340 0.226096 0.226819 0.227469 0.228007 0.225191 0.225084 0.225027 0.225010 0.225027 0.225068 0.225125 0.225191 0.225191 0.224905 0.224586 0.224246 0.223897 0.223551 0.223223 0.222923 0.222690 0.222438 0.222176 0.221920 0.221684 0.221483 0.221333 0.221249 0.223750 0.223911 0.224013 0.224053 0.224026 0.223930 0.223762 0.223517 0.219389 0.219407 0.219533 0.219750 0.220046 0.220404 0.220810 0.221249 0.224000 0.223505 0.222895 0.222206 0.221473 0.220733 0.220021 0.219373 0.219623 0.218965 0.218252 0.217522 0.216815 0.216170 0.215626 0.215222 0.219623 0.219536 0.219334 0.219038 0.218671 0.218253 0.217805 0.217349 0.215723 0.215902 0.216130 0.216387 0.216656 0.216918 0.217155 0.217349 0.215950 0.215576 0.215190 0.214803 0.214425 0.214066 0.213737 0.213449 0.213449 0.213455 0.213461 0.213465 0.213466 0.213465 0.213459 0.213449 0.213176 0.213487 0.213838 0.214216 0.214604 0.214987 0.215350 0.215678
0.196252 0.198506 0.201008 0.203652 0.206333 0.208946 0.211386 0.213547 0.212033 0.211893 0.211783 0.211706 0.211666 0.211666 0.211709 0.211800 0.214051 0.214096 0.214100 0.214072 0.214021 0.213956 0.213887 0.213824 0.214301 0.214472 0.214651 0.214831 0.215007 0.215173 0.215322 0.215450 0.215222 0.215230 0.215265 0.215335 0.215445 0.215601 0.215809 0.216075 0.220078 0.220202 0.220253 0.220242 0.220181 0.220084 0.219961 0.219827 0.219600 0.219530 0.219471 0.219430 0.219413 0.219428 0.219480 0.219577 0.222079 0.222139 0.222152 0.222128 0.222077 0.222008 0.221929 0.221851 0.222101 0.222295 0.222496 0.222695 0.222879 0.223039 0.223164 0.223243 0.221624 0.222154 0.222766 0.223426 0.224095 0.224740 0.225323 0.225809 0.223471 0.223393 0.223355 0.223349 0.223365 0.223396 0.223434 0.223471 0.222993 0.222969 0.222975 0.223018 0.223104 0.223239 0.223430 0.223683 0.227733 0.227318 0.226778 0.226157 0.225495 0.224834 0.224216 0.223683 0.225809 0.225813 0.225781 0.225727 0.225665 0.225607 0.225568 0.225559 0.227483 0.227280 0.227025 0.226742 0.226454 0.226183 0.225953 0.225786 0.228310 0.228118 0.227834 0.227472 0.227049 0.226579 0.226077 0.225559 0.222760 0.223016 0.223349 0.223729 0.224128 0.224516 0.224865 0.225145 0.222743 0.223503 0.224376 0.225307 0.226244 0.227130 0.227913 0.228538 0.223933 0.224022 0.224208 0.224461 0.224753 0.225053 0.225332 0.225559 0.223221 0.223790 0.224464 0.225200 0.225959 0.226699 0.227380 0.227961 0.225809 0.225727 0.225684 0.225671 0.225684 0.225715 0.225759 0.225809 0.225809 0.225607 0.225381 0.225139 0.224891 0.224644 0.224407 0.224190 0.223933 0.223612 0.223272 0.222927 0.222596 0.222295 0.222041 0.221851 0.223727 0.223862 0.223949 0.223981 0.223955 0.223864 0.223705 0.223471 0.219321 0.219439 0.219673 0.220002 0.220405 0.220861 0.221350 0.221851 0.223955 0.223439 0.222819 0.222130 0.221405 0.220677 0.219981 0.219350 0.219577 0.218926 0.218219 0.217497 0.216797 0.216159 0.215621 0.215222 0.219577 0.219587 0.219490 0.219302 0.219038 0.218715 0.218348 0.217951 0.215677 0.215930 0.216250 0.216611 0.216987 0.217353 0.217683 0.217951 0.215927 0.215610 0.215301 0.215005 0.214726 0.214471 0.214245 0.214051 0.214051 0.214069 0.214084 0.214094 0.214099 0.214094 0.214079 0.214051 0.213314 0.213526 0.213779 0.214059 0.214354 0.214649 0.214932 0.215190
0.193339 0.195939 0.198825 0.201879 0.204980 0.208005 0.210836 0.213351 0.211975 0.211834 0.211723 0.211647 0.211611 0.211622 0.211683 0.211800 0.214643 0.214719 0.214745 0.214730 0.214684 0.214619 0.214545 0.214472 0.214870 0.214966 0.215064 0.215160 0.215252 0.215337 0.215411 0.215473 0.215302 0.215491 0.215720 0.215985 0.216282 0.216605 0.216951 0.217315 0.219998 0.220074 0.220100 0.220084 0.220034 0.219960 0.219869 0.219771 0.219600 0.219515 0.219440 0.219386 0.219360 0.219372 0.219430 0.219543 0.222613 0.222702 0.222736 0.222725 0.222679 0.222610 0.222527 0.222443 0.222670 0.222778 0.222889 0.222995 0.223092 0.223173 0.223233 0.223267 0.222272 0.222835 0.223468 0.224133 0.224797 0.225422 0.225974 0.226415 0.223437 0.223334 0.223281 0.223269 0.223289 0.223330 0.223383 0.223437 0.223039 0.223207 0.223418 0.223668 0.223951 0.224264 0.224601 0.224960 0.227675 0.227396 0.227033 0.226617 0.226173 0.225730 0.225316 0.224960 0.226415 0.226412 0.226384 0.226339 0.226288 0.226240 0.226203 0.226188 0.227448 0.227283 0.227089 0.226886 0.226692 0.226527 0.226409 0.226359 0.229485 0.229258 0.228919 0.228486 0.227977 0.227413 0.226810 0.226188 0.222864 0.222983 0.223178 0.223426 0.223703 0.223986 0.224249 0.224469 0.222812 0.223731 0.224766 0.225859 0.226953 0.227988 0.228909 0.229656 0.225187 0.225216 0.225328 0.225497 0.225696 0.225895 0.226068 0.226188 0.223210 0.223725 0.224356 0.225062 0.225804 0.226542 0.227236 0.227845 0.226415 0.226361 0.226332 0.226324 0.226332 0.226353 0.226382 0.226415 0.226415 0.226293 0.226156 0.226009 0.225856 0.225704 0.225557 0.225421 0.225187 0.224798 0.224376 0.223941 0.223511 0.223105 0.222743 0.222443 0.223671 0.223783 0.223859 0.223891 0.223872 0.223795 0.223652 0.223437 0.219310 0.219523 0.219857 0.220288 0.220788 0.221331 0.221891 0.222443 0.223841 0.223317 0.222704 0.222032 0.221332 0.220635 0.219972 0.219373 0.219543 0.218907 0.218218 0.217514 0.216833 0.216212 0.215689 0.215302 0.219543 0.219643 0.219646 0.219561 0.219399 0.219168 0.218880 0.218543 0.215643 0.215968 0.216377 0.216839 0.217319 0.217785 0.218204 0.218543 0.215871 0.215612 0.215382 0.215180 0.215006 0.214859 0.214738 0.214643 0.214643 0.214677 0.214707 0.214728 0.214737 0.214728 0.214698 0.214643 0.213176 0.213278 0.213424 0.213601 0.213799 0.214007 0.214212 0.214404
0.190621 0.193485 0.196670 0.200044 0.203474 0.206830 0.209978 0.212788 0.211893 0.211768 0.211667 0.211598 0.211569 0.211588 0.211662 0.211800 0.215200 0.215311 0.215363 0.215365 0.215330 0.215268 0.215191 0.215109 0.215348 0.215385 0.215421 0.215455 0.215485 0.215512 0.215535 0.215552 0.215461 0.215818 0.216224 0.216666 0.217130 0.217601 0.218065 0.218508 0.219839 0.219872 0.219880 0.219867 0.219837 0.219795 0.219744 0.219691 0.219600 0.219507 0.219424 0.219363 0.219334 0.219348 0.219414 0.219543 0.223091 0.223210 0.223266 0.223271 0.223236 0.223171 0.223089 0.223000 0.223148 0.223189 0.223230 0.223268 0.223300 0.223326 0.223343 0.223348 0.222909 0.223498 0.224144 0.224811 0.225465 0.226069 0.226588 0.226987 0.223439 0.223310 0.223243 0.223226 0.223248 0.223298 0.223366 0.223439 0.223201 0.223551 0.223954 0.224395 0.224859 0.225333 0.225800 0.226248 0.227593 0.227454 0.227275 0.227068 0.226848 0.226628 0.226424 0.226248 0.226987 0.226982 0.226963 0.226936 0.226906 0.226876 0.226852 0.226839 0.227445 0.227318 0.227183 0.227056 0.226952 0.226886 0.226874 0.226930 0.230534 0.230284 0.229906 0.229421 0.228851 0.228216 0.227539 0.226839 0.223107 0.223087 0.223141 0.223251 0.223400 0.223570 0.223742 0.223898 0.223053 0.224091 0.225242 0.226446 0.227646 0.228782 0.229795 0.230625 0.226396 0.226375 0.226424 0.226519 0.226633 0.226741 0.226818 0.226839 0.223292 0.223737 0.224306 0.224962 0.225665 0.226379 0.227064 0.227684 0.226987 0.226960 0.226946 0.226942 0.226946 0.226956 0.226971 0.226987 0.226987 0.226934 0.226874 0.226810 0.226743 0.226675 0.226609 0.226547 0.226396 0.225940 0.225440 0.224916 0.224389 0.223879 0.223409 0.223000 0.223591 0.223688 0.223761 0.223801 0.223798 0.223742 0.223626 0.223439 0.219392 0.219685 0.220104 0.220617 0.221195 0.221805 0.222417 0.223000 0.223682 0.223163 0.222571 0.221932 0.221274 0.220624 0.220007 0.219452 0.219543 0.218928 0.218263 0.217585 0.216930 0.216334 0.215832 0.215461 0.219543 0.219722 0.219812 0.219819 0.219747 0.219600 0.219383 0.219100 0.215643 0.216033 0.216523 0.217076 0.217649 0.218204 0.218701 0.219100 0.215791 0.215590 0.215438 0.215329 0.215257 0.215215 0.215198 0.215200 0.215200 0.215258 0.215309 0.215346 0.215360 0.215346 0.215295 0.215200 0.212694 0.212675 0.212709 0.212784 0.212890 0.213016 0.213151 0.213286
0.188200 0.191227 0.194599 0.198177 0.201823 0.205401 0.208773 0.211800 0.211800 0.211709 0.211629 0.211573 0.211550 0.211573 0.211652 0.211800 0.215700 0.215848 0.215927 0.215950 0.215927 0.215871 0.215791 0.215700 0.215700 0.215700 0.215700 0.215700 0.215700 0.215700 0.215700 0.215700 0.215700 0.216200 0.216757 0.217349 0.217951 0.218543 0.219100 0.219600 0.219600 0.219600 0.219600 0.219600 0.219600 0.219600 0.219600 0.219600 0.219600 0.219509 0.219429 0.219373 0.219350 0.219373 0.219452 0.219600 0.223500 0.223648 0.223727 0.223750 0.223727 0.223671 0.223591 0.223500 0.223500 0.223500 0.223500 0.223500 0.223500 0.223500 0.223500 0.223500 0.223500 0.224106 0.224759 0.225424 0.226066 0.226649 0.227138 0.227500 0.223500 0.223348 0.223267 0.223243 0.223267 0.223325 0.223407 0.223500 0.223500 0.224013 0.224585 0.225191 0.225809 0.226415 0.226987 0.227500 0.227500 0.227500 0.227500 0.227500 0.227500 0.227500 0.227500 0.227500 0.227500 0.227500 0.227500 0.227500 0.227500 0.227500 0.227500 0.227500 0.227500 0.227409 0.227329 0.227273 0.227250 0.227273 0.227352 0.227500 0.231400 0.231141 0.230745 0.230235 0.229633 0.228961 0.228243 0.227500 0.223500 0.223348 0.223267 0.223243 0.223267 0.223325 0.223407 0.223500 0.223500 0.224604 0.225813 0.227067 0.228310 0.229485 0.230534 0.231400 0.227500 0.227445 0.227448 0.227483 0.227529 0.227563 0.227561 0.227500 0.223500 0.223862 0.224351 0.224934 0.225576 0.226241 0.226894 0.227500 0.227500 0.227500 0.227500 0.227500 0.227500 0.227500 0.227500 0.227500 0.227500 0.227500 0.227500 0.227500 0.227500 0.227500 0.227500 0.227500 0.227500 0.226987 0.226415 0.225809 0.225191 0.224585 0.224013 0.223500 0.223500 0.223591 0.223671 0.223727 0.223750 0.223727 0.223648 0.223500 0.219600 0.219952 0.220430 0.220999 0.221624 0.222272 0.222909 0.223500 0.223500 0.223000 0.222443 0.221851 0.221249 0.220657 0.220100 0.219600 0.219600 0.219009 0.218372 0.217724 0.217099 0.216530 0.216052 0.215700 0.219600 0.219839 0.219998 0.220078 0.220078 0.219998 0.219839 0.219600 0.215700 0.216143 0.216701 0.217326 0.217974 0.218599 0.219157 0.219600 0.215700 0.215552 0.215473 0.215450 0.215473 0.215529 0.215609 0.215700 0.215700 0.215791 0.215871 0.215927 0.215950 0.215927 0.215848 0.215700 0.211800 0.211652 0.211573 0.211550 0.211573 0.211629 0.211709 0.211800
0.188200 0.187650 0.187168 0.186824 0.186686 0.186824 0.187306 0.188200 0.211800 0.212603 0.213006 0.213086 0.212926 0.212605 0.212203 0.211800 0.215700 0.215939 0.216098 0.216178 0.216178 0.216098 0.215939 0.215700 0.211800 0.212653 0.213687 0.214847 0.216075 0.217315 0.218508 0.219600 0.219600 0.219691 0.219771 0.219827 0.219850 0.219827 0.219748 0.219600 0.215700 0.216052 0.216530 0.217099 0.217724 0.218372 0.219009 0.219600 0.219600 0.220100 0.220657 0.221249 0.221851 0.222443 0.223000 0.223500 0.223500 0.223591 0.223671 0.223727 0.223750 0.223727 0.223648 0.223500 0.219600 0.220559 0.221690 0.222923 0.224190 0.225421 0.226547 0.227500 0.223500 0.223862 0.224351 0.224934 0.225576 0.226241 0.226894 0.227500 0.227500 0.227409 0.227329 0.227273 0.227250 0.227273 0.227352 0.227500 0.231400 0.231639 0.231798 0.231878 0.231878 0.231798 0.231639 0.231400 0.227500 0.227943 0.228501 0.229126 0.229774 0.230399 0.230957 0.231400 0.227500 0.227852 0.228330 0.228899 0.229524 0.230172 0.230809 0.231400 0.231400 0.231491 0.231571 0.231627 0.231650 0.231627 0.231548 0.231400 0.227500 0.227852 0.228330 0.228899 0.229524 0.230172 0.230809 0.231400 0.231400 0.231309 0.231229 0.231173 0.231150 0.231173 0.231252 0.231400 0.235300 0.234447 0.233413 0.232253 0.231025 0.229785 0.228592 0.227500 0.227500 0.228000 0.228557 0.229149 0.229751 0.230343 0.230900 0.231400 0.231400 0.230900 0.230343 0.229751 0.229149 0.228557 0.228000 0.227500 0.227500 0.227500 0.227500 0.227500 0.227500 0.227500 0.227500 0.227500 0.227500 0.226894 0.226241 0.225576 0.224934 0.224351 0.223862 0.223500 0.227500 0.227139 0.226649 0.226066 0.225424 0.224759 0.224106 0.223500 0.223500 0.224013 0.224585 0.225191 0.225809 0.226415 0.226987 0.227500 0.227500 0.226987 0.226415 0.225809 0.225191 0.224585 0.224013 0.223500 0.223500 0.223500 0.223500 0.223500 0.223500 0.223500 0.223500 0.223500 0.223500 0.222909 0.222272 0.221624 0.220999 0.220430 0.219952 0.219600 0.223500 0.223148 0.222670 0.222101 0.221476 0.220828 0.220191 0.219600 0.219600 0.219691 0.219771 0.219827 0.219850 0.219827 0.219748 0.219600 0.215700 0.215552 0.215473 0.215450 0.215473 0.215529 0.215609 0.215700 0.215700 0.216341 0.216903 0.217303 0.217464 0.217303 0.216742 0.215700 0.188200 0.187158 0.186597 0.186436 0.186596 0.186997 0.187559 0.188200
0.188806 0.188099 0.187434 0.186885 0.186524 0.186425 0.186661 0.187306 0.209379 0.209961 0.210171 0.210097 0.209831 0.209461 0.209078 0.208773 0.216341 0.216605 0.216717 0.216695 0.216555 0.216316 0.215995 0.215609 0.212562 0.213265 0.214120 0.215085 0.216115 0.217166 0.218195 0.219157 0.220339 0.220346 0.220312 0.220236 0.220119 0.219958 0.219755 0.219509 0.216553 0.216898 0.217346 0.217868 0.218434 0.219015 0.219580 0.220100 0.220007 0.220462 0.220970 0.221509 0.222059 0.222597 0.223103 0.223555 0.223407 0.223470 0.223527 0.223569 0.223587 0.223572 0.223515 0.223407 0.220466 0.221271 0.222215 0.223241 0.224293 0.225315 0.226251 0.227045 0.223922 0.224234 0.224650 0.225143 0.225685 0.226247 0.226800 0.227318 0.227561 0.227563 0.227580 0.227619 0.227689 0.227795 0.227947 0.228152 0.231699 0.231886 0.231996 0.232031 0.231994 0.231885 0.231705 0.231457 0.227909 0.228297 0.228790 0.229349 0.229934 0.230507 0.231028 0.231457 0.228592 0.228839 0.229180 0.229590 0.230046 0.230525 0.231003 0.231457 0.231957 0.232010 0.232037 0.232032 0.231987 0.231896 0.231752 0.231548 0.227852 0.228171 0.228608 0.229130 0.229708 0.230309 0.230903 0.231457 0.231608 0.231594 0.231594 0.231618 0.231673 0.231768 0.231910 0.232109 0.235747 0.234857 0.233788 0.232596 0.231340 0.230077 0.228865 0.227762 0.227909 0.228263 0.228661 0.229091 0.229539 0.229993 0.230439 0.230866 0.232200 0.231790 0.231300 0.230756 0.230180 0.229596 0.229029 0.228501 0.227909 0.227795 0.227685 0.227582 0.227490 0.227413 0.227354 0.227318 0.228000 0.227401 0.226738 0.226049 0.225371 0.224740 0.224195 0.223771 0.227318 0.227029 0.226629 0.226148 0.225617 0.225064 0.224520 0.224013 0.224013 0.224477 0.224991 0.225534 0.226085 0.226620 0.227119 0.227561 0.227193 0.226785 0.226336 0.225861 0.225375 0.224895 0.224435 0.224013 0.223407 0.223313 0.223225 0.223146 0.223077 0.223023 0.222984 0.222963 0.223555 0.222984 0.222358 0.221712 0.221083 0.220507 0.220019 0.219657 0.223648 0.223276 0.222777 0.222184 0.221534 0.220863 0.220207 0.219600 0.219748 0.219828 0.219891 0.219928 0.219927 0.219879 0.219774 0.219600 0.215609 0.215457 0.215377 0.215360 0.215394 0.215469 0.215574 0.215700 0.216248 0.216404 0.216424 0.216257 0.215851 0.215155 0.214117 0.212685 0.187306 0.186344 0.185826 0.185678 0.185826 0.186196 0.186714 0.187306
0.189459 0.188659 0.187877 0.187189 0.186666 0.186382 0.186410 0.186824 0.206661 0.206983 0.206973 0.206730 0.206353 0.205939 0.205590 0.205401 0.216903 0.217209 0.217289 0.217177 0.216910 0.216522 0.216050 0.215529 0.213517 0.214035 0.214670 0.215393 0.216176 0.216990 0.217807 0.218599 0.221055 0.220983 0.220838 0.220633 0.220378 0.220085 0.219765 0.219429 0.217587 0.217916 0.218320 0.218777 0.219263 0.219755 0.220227 0.220657 0.220483 0.220875 0.221315 0.221782 0.222259 0.222726 0.223163 0.223552 0.223325 0.223359 0.223391 0.223416 0.223428 0.223421 0.223388 0.223325 0.221515 0.222130 0.222844 0.223615 0.224404 0.225170 0.225873 0.226474 0.224414 0.224679 0.225020 0.225419 0.225853 0.226301 0.226743 0.227159 0.227563 0.227664 0.227785 0.227929 0.228098 0.228296 0.228526 0.228791 0.231861 0.231997 0.232064 0.232066 0.232003 0.231880 0.231697 0.231457 0.228387 0.228703 0.229113 0.229585 0.230087 0.230588 0.231055 0.231457 0.229785 0.229912 0.230095 0.230323 0.230585 0.230869 0.231163 0.231457 0.232514 0.232518 0.232480 0.232399 0.232275 0.232106 0.231891 0.231627 0.228330 0.228601 0.228975 0.229427 0.229928 0.230451 0.230970 0.231457 0.231690 0.231759 0.231849 0.231963 0.232106 0.232282 0.232495 0.232748 0.235988 0.235101 0.234044 0.232873 0.231643 0.230411 0.229231 0.228159 0.228387 0.228569 0.228782 0.229023 0.229291 0.229583 0.229896 0.230229 0.232918 0.232625 0.232233 0.231766 0.231247 0.230700 0.230148 0.229615 0.228387 0.228150 0.227921 0.227707 0.227517 0.227357 0.227235 0.227159 0.228557 0.227980 0.227322 0.226623 0.225922 0.225255 0.224662 0.224181 0.227159 0.226942 0.226635 0.226262 0.225847 0.225413 0.224984 0.224585 0.224585 0.224987 0.225430 0.225894 0.226359 0.226805 0.227213 0.227563 0.226701 0.226426 0.226132 0.225825 0.225510 0.225194 0.224884 0.224585 0.223325 0.223120 0.222927 0.222750 0.222595 0.222469 0.222377 0.222324 0.223552 0.223004 0.222390 0.221747 0.221114 0.220529 0.220031 0.219657 0.223727 0.223347 0.222836 0.222230 0.221568 0.220884 0.220216 0.219600 0.219827 0.219902 0.219957 0.219983 0.219970 0.219909 0.219789 0.219600 0.215529 0.215373 0.215293 0.215281 0.215325 0.215416 0.215544 0.215700 0.216728 0.216342 0.215766 0.214978 0.213960 0.212692 0.211154 0.209328 0.186824 0.185971 0.185512 0.185380 0.185512 0.185840 0.186299 0.186824
0.190124 0.189285 0.188446 0.187676 0.187045 0.186624 0.186481 0.186686 0.203747 0.203786 0.203544 0.203126 0.202639 0.202189 0.201881 0.201823 0.217303 0.217675 0.217747 0.217572 0.217204 0.216696 0.216101 0.215473 0.214620 0.214930 0.215315 0.215764 0.216266 0.216809 0.217382 0.217974 0.221726 0.221581 0.221334 0.221008 0.220626 0.220211 0.219786 0.219373 0.218747 0.219050 0.219399 0.219778 0.220170 0.220557 0.220922 0.221249 0.221015 0.221333 0.221691 0.222073 0.222462 0.222843 0.223200 0.223517 0.223267 0.223271 0.223277 0.223284 0.223289 0.223289 0.223283 0.223267 0.222690 0.223091 0.223546 0.224032 0.224526 0.225006 0.225449 0.225832 0.224964 0.225186 0.225456 0.225760 0.226084 0.226415 0.226740 0.227045 0.227529 0.227730 0.227957 0.228207 0.228480 0.228772 0.229081 0.229405 0.231907 0.231998 0.232031 0.232008 0.231934 0.231809 0.231638 0.231423 0.228921 0.229157 0.229471 0.229842 0.230245 0.230658 0.231059 0.231423 0.231025 0.231022 0.231037 0.231071 0.231126 0.231201 0.231300 0.231423 0.233071 0.233016 0.232903 0.232737 0.232524 0.232268 0.231975 0.231650 0.228899 0.229112 0.229411 0.229774 0.230179 0.230603 0.231025 0.231423 0.231679 0.231837 0.232022 0.232234 0.232471 0.232733 0.233019 0.233328 0.236057 0.235207 0.234202 0.233095 0.231936 0.230778 0.229673 0.228671 0.228921 0.228918 0.228930 0.228968 0.229040 0.229154 0.229320 0.229547 0.233555 0.233397 0.233123 0.232756 0.232317 0.231830 0.231316 0.230797 0.228921 0.228560 0.228211 0.227885 0.227594 0.227349 0.227162 0.227045 0.229149 0.228604 0.227965 0.227270 0.226557 0.225867 0.225237 0.224707 0.227045 0.226896 0.226679 0.226411 0.226111 0.225796 0.225483 0.225191 0.225191 0.225525 0.225888 0.226264 0.226633 0.226980 0.227284 0.227529 0.226083 0.225958 0.225841 0.225725 0.225607 0.225482 0.225345 0.225191 0.223267 0.222941 0.222632 0.222347 0.222096 0.221888 0.221733 0.221641 0.223517 0.222992 0.222390 0.221750 0.221114 0.220520 0.220010 0.219623 0.223750 0.223368 0.222855 0.222246 0.221579 0.220891 0.220219 0.219600 0.219850 0.219924 0.219977 0.220001 0.219985 0.219919 0.219794 0.219600 0.215473 0.215313 0.215234 0.215224 0.215275 0.215378 0.215523 0.215700 0.217070 0.216117 0.214919 0.213492 0.211848 0.210003 0.207971 0.205766 0.186686 0.185963 0.185574 0.185463 0.185574 0.185852 0.186241 0.186686
0.190766 0.189935 0.189088 0.188288 0.187597 0.187081 0.186802 0.186824 0.200742 0.200491 0.200015 0.199426 0.198836 0.198356 0.198099 0.198177 0.217464 0.217928 0.218026 0.217828 0.217402 0.216818 0.216144 0.215450 0.215825 0.215915 0.216035 0.216192 0.216392 0.216644 0.216953 0.217326 0.222329 0.222122 0.221786 0.221354 0.220861 0.220340 0.219825 0.219350 0.219975 0.220246 0.220532 0.220823 0.221111 0.221385 0.221635 0.221851 0.221595 0.221831 0.222098 0.222385 0.222677 0.222964 0.223233 0.223471 0.223243 0.223219 0.223200 0.223189 0.223186 0.223193 0.223212 0.223243 0.223933 0.224108 0.224291 0.224476 0.224661 0.224840 0.225010 0.225168 0.225559 0.225747 0.225951 0.226165 0.226382 0.226598 0.226806 0.227000 0.227483 0.227779 0.228107 0.228462 0.228835 0.229218 0.229604 0.229985 0.231861 0.231914 0.231921 0.231886 0.231811 0.231700 0.231554 0.231377 0.229501 0.229650 0.229862 0.230123 0.230419 0.230735 0.231060 0.231377 0.232253 0.232121 0.231968 0.231808 0.231654 0.231522 0.231425 0.231377 0.233629 0.233506 0.233309 0.233050 0.232740 0.232391 0.232016 0.231627 0.229524 0.229677 0.229894 0.230159 0.230456 0.230769 0.231082 0.231377 0.231610 0.231859 0.232142 0.232453 0.232787 0.233138 0.233498 0.233862 0.235988 0.235202 0.234282 0.233273 0.232222 0.231174 0.230176 0.229274 0.229501 0.229307 0.229116 0.228946 0.228818 0.228750 0.228763 0.228876 0.234112 0.234098 0.233955 0.233702 0.233360 0.232949 0.232490 0.232003 0.229501 0.229021 0.228557 0.228123 0.227735 0.227408 0.227158 0.227000 0.229751 0.229249 0.228639 0.227959 0.227250 0.226548 0.225894 0.225326 0.227000 0.226910 0.226774 0.226604 0.226410 0.226205 0.226001 0.225809 0.225809 0.226072 0.226354 0.226638 0.226909 0.227151 0.227347 0.227483 0.225395 0.225429 0.225498 0.225586 0.225677 0.225755 0.225804 0.225809 0.223243 0.222796 0.222368 0.221972 0.221621 0.221328 0.221106 0.220969 0.223471 0.222969 0.222380 0.221743 0.221103 0.220500 0.219978 0.219577 0.223727 0.223350 0.222840 0.222236 0.221572 0.220887 0.220218 0.219600 0.219827 0.219904 0.219960 0.219988 0.219976 0.219914 0.219792 0.219600 0.215450 0.215289 0.215210 0.215202 0.215256 0.215363 0.215514 0.215700 0.217207 0.215688 0.213878 0.211825 0.209576 0.207180 0.204683 0.202134 0.186824 0.186244 0.185931 0.185842 0.185931 0.186154 0.186467 0.186824
0.191349 0.190566 0.189752 0.188964 0.188257 0.187685 0.187303 0.187168 0.197748 0.197215 0.196518 0.195771 0.195091 0.194591 0.194389 0.194599 0.217303 0.217891 0.218060 0.217892 0.217467 0.216868 0.216176 0.215473 0.217087 0.216956 0.216808 0.216669 0.216564 0.216518 0.216555 0.216701 0.222841 0.222585 0.222178 0.221661 0.221079 0.220474 0.219891 0.219373 0.221215 0.221447 0.221665 0.221865 0.222046 0.222204 0.222337 0.222443 0.222209 0.222362 0.222536 0.222723 0.222916 0.223104 0.223281 0.223437 0.223267 0.223215 0.223173 0.223144 0.223134 0.223147 0.223190 0.223267 0.225187 0.225137 0.225048 0.224934 0.224811 0.224693 0.224593 0.224526 0.226188 0.226352 0.226500 0.226633 0.226754 0.226862 0.226959 0.227045 0.227448 0.227828 0.228250 0.228700 0.229164 0.229631 0.230087 0.230517 0.231745 0.231769 0.231762 0.231726 0.231664 0.231578 0.231470 0.231343 0.230115 0.230178 0.230286 0.230435 0.230620 0.230836 0.231079 0.231343 0.233413 0.233159 0.232848 0.232505 0.232156 0.231829 0.231549 0.231343 0.234186 0.233991 0.233704 0.233344 0.232932 0.232485 0.232025 0.231571 0.230172 0.230265 0.230400 0.230567 0.230755 0.230954 0.231154 0.231343 0.231518 0.231855 0.232235 0.232646 0.233076 0.233513 0.233945 0.234361 0.235816 0.235114 0.234301 0.233417 0.232501 0.231590 0.230725 0.229945 0.230115 0.229738 0.229350 0.228979 0.228657 0.228412 0.228274 0.228273 0.234588 0.234719 0.234710 0.234579 0.234343 0.234021 0.233629 0.233185 0.230115 0.229528 0.228960 0.228428 0.227953 0.227551 0.227242 0.227045 0.230343 0.229888 0.229316 0.228664 0.227969 0.227271 0.226606 0.226013 0.227045 0.227004 0.226935 0.226845 0.226742 0.226631 0.226520 0.226415 0.226415 0.226612 0.226816 0.227012 0.227188 0.227328 0.227419 0.227448 0.224697 0.224886 0.225140 0.225431 0.225730 0.226013 0.226250 0.226415 0.223267 0.222704 0.222163 0.221660 0.221213 0.220837 0.220549 0.220367 0.223437 0.222958 0.222380 0.221747 0.221104 0.220493 0.219958 0.219543 0.223671 0.223301 0.222800 0.222205 0.221551 0.220874 0.220212 0.219600 0.219771 0.219851 0.219915 0.219950 0.219947 0.219894 0.219782 0.219600 0.215473 0.215313 0.215234 0.215224 0.215275 0.215378 0.215523 0.215700 0.217070 0.215015 0.212633 0.210003 0.207203 0.204312 0.201409 0.198572 0.187168 0.186736 0.186503 0.186436 0.186503 0.186669 0.186902 0.187168
0.191839 0.191133 0.190387 0.189647 0.188958 0.188365 0.187913 0.187650 0.194866 0.194078 0.193184 0.192303 0.191550 0.191042 0.190895 0.191227 0.216742 0.217491 0.217785 0.217712 0.217363 0.216827 0.216194 0.215552 0.218361 0.218017 0.217613 0.217190 0.216789 0.216454 0.216224 0.216143 0.223238 0.222953 0.222496 0.221921 0.221277 0.220617 0.219991 0.219452 0.222408 0.222600 0.222748 0.222857 0.222932 0.222978 0.222999 0.223000 0.222848 0.222920 0.223004 0.223094 0.223186 0.223278 0.223363 0.223439 0.223348 0.223274 0.223210 0.223165 0.223148 0.223167 0.223231 0.223348 0.226396 0.226131 0.225785 0.225391 0.224979 0.224582 0.224230 0.223955 0.226839 0.226990 0.227096 0.227164 0.227203 0.227217 0.227216 0.227204 0.227445 0.227896 0.228396 0.228926 0.229469 0.230007 0.230521 0.230993 0.231584 0.231590 0.231579 0.231555 0.231517 0.231469 0.231410 0.231343 0.230752 0.230733 0.230742 0.230783 0.230860 0.230976 0.231136 0.231343 0.234447 0.234087 0.233638 0.233136 0.232618 0.232122 0.231685 0.231343 0.234743 0.234471 0.234089 0.233626 0.233108 0.232561 0.232013 0.231491 0.230809 0.230849 0.230910 0.230985 0.231071 0.231163 0.231255 0.231343 0.231436 0.231859 0.232331 0.232837 0.233357 0.233875 0.234374 0.234836 0.235575 0.234971 0.234282 0.233540 0.232776 0.232020 0.231305 0.230661 0.230752 0.230208 0.229641 0.229089 0.228590 0.228182 0.227905 0.227796 0.234984 0.235251 0.235373 0.235362 0.235235 0.235006 0.234689 0.234299 0.230752 0.230076 0.229422 0.228809 0.228260 0.227796 0.227437 0.227204 0.230900 0.230496 0.229969 0.229354 0.228688 0.228007 0.227347 0.226746 0.227204 0.227194 0.227172 0.227142 0.227106 0.227066 0.227025 0.226987 0.226987 0.227125 0.227260 0.227379 0.227470 0.227519 0.227515 0.227445 0.224046 0.224379 0.224804 0.225283 0.225779 0.226253 0.226668 0.226987 0.223348 0.222684 0.222044 0.221447 0.220913 0.220463 0.220116 0.219892 0.223439 0.222980 0.222413 0.221784 0.221137 0.220519 0.219972 0.219543 0.223591 0.223230 0.222741 0.222158 0.221517 0.220854 0.220203 0.219600 0.219691 0.219777 0.219849 0.219894 0.219903 0.219865 0.219767 0.219600 0.215552 0.215397 0.215317 0.215303 0.215344 0.215431 0.215553 0.215700 0.216591 0.214059 0.211178 0.208052 0.204788 0.201490 0.198264 0.195215 0.187650 0.187363 0.187208 0.187164 0.187208 0.187319 0.187473 0.187650
0.192200 0.191594 0.190941 0.190276 0.189634 0.189051 0.188562 0.188200 0.192200 0.191197 0.190146 0.189162 0.188360 0.187856 0.187764 0.188200 0.215700 0.216651 0.217133 0.217236 0.217053 0.216675 0.216194 0.215700 0.219600 0.219066 0.218429 0.217747 0.217076 0.216473 0.215996 0.215700 0.223500 0.223204 0.222727 0.222124 0.221453 0.220771 0.220134 0.219600 0.223500 0.223648 0.223727 0.223750 0.223727 0.223671 0.223591 0.223500 0.223500 0.223500 0.223500 0.223500 0.223500 0.223500 0.223500 0.223500 0.223500 0.223407 0.223325 0.223267 0.223243 0.223267 0.223348 0.223500 0.227500 0.227045 0.226474 0.225832 0.225168 0.224526 0.223955 0.223500 0.227500 0.227652 0.227733 0.227757 0.227733 0.227675 0.227593 0.227500 0.227500 0.228000 0.228557 0.229149 0.229751 0.230343 0.230900 0.231400 0.231400 0.231400 0.231400 0.231400 0.231400 0.231400 0.231400 0.231400 0.231400 0.231309 0.231229 0.231173 0.231150 0.231173 0.231252 0.231400 0.235300 0.234857 0.234299 0.233674 0.233026 0.232401 0.231843 0.231400 0.235300 0.234948 0.234470 0.233901 0.233276 0.232628 0.231991 0.231400 0.231400 0.231400 0.231400 0.231400 0.231400 0.231400 0.231400 0.231400 0.231400 0.231900 0.232457 0.233049 0.233651 0.234243 0.234800 0.235300 0.235300 0.234800 0.234243 0.233651 0.233049 0.232457 0.231900 0.231400 0.231400 0.230718 0.230001 0.229296 0.228648 0.228103 0.227705 0.227500 0.235300 0.235687 0.235925 0.236028 0.236005 0.235869 0.235630 0.235300 0.231400 0.230661 0.229945 0.229274 0.228671 0.228159 0.227762 0.227500 0.231400 0.231048 0.230570 0.230001 0.229376 0.228728 0.228091 0.227500 0.227500 0.227500 0.227500 0.227500 0.227500 0.227500 0.227500 0.227500 0.227500 0.227593 0.227675 0.227733 0.227757 0.227733 0.227652 0.227500 0.223500 0.223955 0.224526 0.225168 0.225832 0.226474 0.227045 0.227500 0.223500 0.222757 0.222039 0.221367 0.220765 0.220255 0.219859 0.219600 0.223500 0.223057 0.222499 0.221874 0.221226 0.220601 0.220043 0.219600 0.223500 0.223148 0.222670 0.222101 0.221476 0.220828 0.220191 0.219600 0.219600 0.219691 0.219771 0.219827 0.219850 0.219827 0.219748 0.219600 0.215700 0.215552 0.215473 0.215450 0.215473 0.215529 0.215609 0.215700 0.215700 0.212779 0.209503 0.205999 0.202391 0.198805 0.195366 0.192200 0.188200 0.188048 0.187967 0.187943 0.187967 0.188025 0.188107 0.188200
0.188200 0.188200 0.188200 0.188200 0.188200 0.188200 0.188200 0.188200 0.188200 0.188200 0.188200 0.188200 0.188200 0.188200 0.188200 0.188200 0.188200 0.192137 0.196543 0.201247 0.206076 0.210859 0.215424 0.219600 0.223500 0.223148 0.222670 0.222101 0.221476 0.220828 0.220191 0.219600 0.219600 0.220100 0.220657 0.221249 0.221851 0.222443 0.223000 0.223500 0.223500 0.223407 0.223325 0.223267 0.223243 0.223267 0.223348 0.223500 0.227500 0.227652 0.227733 0.227757 0.227733 0.227675 0.227593 0.227500 0.227500 0.227500 0.227500 0.227500 0.227500 0.227500 0.227500 0.227500 0.227500 0.227409 0.227329 0.227273 0.227250 0.227273 0.227352 0.227500 0.231400 0.232139 0.232855 0.233526 0.234129 0.234641 0.235038 0.235300 0.231400 0.231252 0.231173 0.231150 0.231173 0.231229 0.231309 0.231400 0.231400 0.231900 0.232457 0.233049 0.233651 0.234243 0.234800 0.235300 0.235300 0.235391 0.235471 0.235527 0.235550 0.235527 0.235448 0.235300 0.231400 0.231662 0.232059 0.232571 0.233174 0.233845 0.234561 0.235300 0.239200 0.238347 0.237313 0.236153 0.234925 0.233685 0.232492 0.231400 0.231400 0.231900 0.232457 0.233049 0.233651 0.234243 0.234800 0.235300 0.235300 0.235891 0.236528 0.237176 0.237801 0.238370 0.238848 0.239200 0.235300 0.235152 0.235073 0.235050 0.235073 0.235129 0.235209 0.235300 0.235300 0.235300 0.235300 0.235300 0.235300 0.235300 0.235300 0.235300 0.235300 0.235300 0.235300 0.235300 0.235300 0.235300 0.235300 0.235300 0.235300 0.235391 0.235471 0.235527 0.235550 0.235527 0.235448 0.235300 0.231400 0.231161 0.231002 0.230922 0.230922 0.231002 0.231161 0.231400 0.235300 0.234447 0.233413 0.232253 0.231025 0.229785 0.228592 0.227500 0.227500 0.228091 0.228728 0.229376 0.230001 0.230570 0.231048 0.231400 0.227500 0.227352 0.227273 0.227250 0.227273 0.227329 0.227409 0.227500 0.227500 0.227500 0.227500 0.227500 0.227500 0.227500 0.227500 0.227500 0.227500 0.226987 0.226415 0.225809 0.225191 0.224585 0.224013 0.223500 0.223500 0.223000 0.222443 0.221851 0.221249 0.220657 0.220100 0.219600 0.219600 0.219600 0.219600 0.219600 0.219600 0.219600 0.219600 0.219600 0.219600 0.219648 0.219570 0.219322 0.218856 0.218128 0.217091 0.215700 0.192200 0.191403 0.191005 0.190926 0.191086 0.191406 0.191804 0.192200 0.188200 0.188048 0.187967 0.187943 0.187967 0.188025 0.188107 0.188200
0.187955 0.187978 0.188003 0.188028 0.188052 0.188074 0.188093 0.188107 0.187955 0.187981 0.188010 0.188040 0.188068 0.188090 0.188104 0.188107 0.187580 0.191061 0.194992 0.199224 0.203611 0.208006 0.212262 0.216233 0.223696 0.223451 0.223019 0.222444 0.221775 0.221056 0.220334 0.219657 0.220043 0.220498 0.220998 0.221526 0.222063 0.222593 0.223096 0.223555 0.224013 0.223960 0.223907 0.223866 0.223845 0.223856 0.223909 0.224013 0.227045 0.227316 0.227548 0.227742 0.227899 0.228019 0.228103 0.228152 0.227561 0.227528 0.227507 0.227497 0.227498 0.227509 0.227530 0.227561 0.228000 0.227943 0.227890 0.227851 0.227837 0.227860 0.227931 0.228061 0.231548 0.232270 0.232979 0.233651 0.234263 0.234791 0.235213 0.235505 0.231957 0.231790 0.231684 0.231633 0.231627 0.231660 0.231723 0.231809 0.232401 0.232892 0.233423 0.233973 0.234521 0.235047 0.235529 0.235948 0.235357 0.235483 0.235618 0.235750 0.235863 0.235943 0.235976 0.235948 0.232844 0.233045 0.233356 0.233759 0.234237 0.234773 0.235349 0.235948 0.239348 0.238574 0.237638 0.236591 0.235483 0.234367 0.233292 0.232310 0.232310 0.232854 0.233458 0.234094 0.234737 0.235361 0.235940 0.236448 0.235857 0.236264 0.236713 0.237179 0.237633 0.238051 0.238404 0.238666 0.235709 0.235540 0.235417 0.235332 0.235281 0.235257 0.235254 0.235266 0.235266 0.235368 0.235479 0.235596 0.235712 0.235822 0.235921 0.236005 0.235709 0.235619 0.235528 0.235441 0.235362 0.235294 0.235242 0.235209 0.235857 0.235925 0.235965 0.235970 0.235934 0.235849 0.235709 0.235505 0.231718 0.231519 0.231399 0.231359 0.231396 0.231509 0.231697 0.231957 0.235687 0.234805 0.233745 0.232565 0.231324 0.230080 0.228892 0.227818 0.228410 0.228914 0.229441 0.229963 0.230453 0.230884 0.231227 0.231457 0.227561 0.227464 0.227442 0.227482 0.227572 0.227697 0.227844 0.228000 0.228243 0.228201 0.228145 0.228076 0.227997 0.227908 0.227811 0.227708 0.226954 0.226507 0.226024 0.225522 0.225017 0.224525 0.224064 0.223648 0.223407 0.222973 0.222496 0.221994 0.221484 0.220986 0.220519 0.220100 0.220100 0.220103 0.220107 0.220112 0.220118 0.220127 0.220136 0.220148 0.220296 0.219810 0.219147 0.218291 0.217224 0.215930 0.214393 0.212594 0.191309 0.190700 0.190466 0.190529 0.190812 0.191236 0.191725 0.192200 0.188622 0.188498 0.188438 0.188431 0.188466 0.188532 0.188618 0.188713
0.187792 0.187827 0.187865 0.187904 0.187941 0.187975 0.188004 0.188025 0.187792 0.187825 0.187864 0.187906 0.187946 0.187982 0.188009 0.188025 0.187511 0.190420 0.193734 0.197340 0.201122 0.204969 0.208765 0.212398 0.223698 0.223586 0.223220 0.222659 0.221963 0.221192 0.220403 0.219657 0.220601 0.220991 0.221411 0.221849 0.222293 0.222733 0.223157 0.223552 0.224585 0.224580 0.224562 0.224541 0.224524 0.224520 0.224537 0.224585 0.226474 0.226871 0.227266 0.227646 0.228000 0.228317 0.228584 0.228791 0.227563 0.227493 0.227448 0.227426 0.227427 0.227451 0.227496 0.227563 0.228557 0.228533 0.228501 0.228472 0.228459 0.228471 0.228521 0.228620 0.231627 0.232321 0.233010 0.233672 0.234284 0.234822 0.235263 0.235584 0.232514 0.232340 0.232220 0.232150 0.232125 0.232143 0.232198 0.232287 0.233515 0.233984 0.234473 0.234963 0.235437 0.235878 0.236266 0.236585 0.235357 0.235516 0.235709 0.235918 0.236127 0.236319 0.236477 0.236585 0.234515 0.234636 0.234832 0.235092 0.235407 0.235768 0.236163 0.236585 0.239427 0.238755 0.237944 0.237038 0.236082 0.235118 0.234191 0.233344 0.233344 0.233924 0.234563 0.235233 0.235904 0.236549 0.237137 0.237642 0.236414 0.236618 0.236861 0.237125 0.237393 0.237645 0.237863 0.238029 0.236187 0.235989 0.235808 0.235646 0.235502 0.235377 0.235272 0.235186 0.235186 0.235384 0.235601 0.235828 0.236056 0.236274 0.236472 0.236642 0.236187 0.236004 0.235817 0.235636 0.235468 0.235321 0.235206 0.235129 0.236414 0.236437 0.236416 0.236348 0.236232 0.236068 0.235852 0.235584 0.232116 0.231956 0.231873 0.231863 0.231925 0.232056 0.232253 0.232514 0.235925 0.235037 0.233980 0.232814 0.231595 0.230384 0.229238 0.228216 0.229444 0.229840 0.230232 0.230601 0.230927 0.231192 0.231375 0.231457 0.227563 0.227533 0.227588 0.227710 0.227884 0.228094 0.228324 0.228557 0.228961 0.228861 0.228732 0.228579 0.228404 0.228212 0.228006 0.227790 0.226303 0.225926 0.225536 0.225142 0.224755 0.224384 0.224038 0.223727 0.223325 0.222968 0.222578 0.222172 0.221762 0.221363 0.220990 0.220657 0.220657 0.220648 0.220639 0.220632 0.220626 0.220623 0.220623 0.220628 0.220855 0.219791 0.218498 0.216993 0.215292 0.213408 0.211358 0.209158 0.190830 0.190383 0.190268 0.190413 0.190750 0.191207 0.191714 0.192200 0.189114 0.189019 0.188980 0.188988 0.189032 0.189103 0.189191 0.189285
0.187710 0.187749 0.187791 0.187834 0.187875 0.187912 0.187944 0.187967 0.187710 0.187735 0.187768 0.187806 0.187848 0.187890 0.187930 0.187967 0.187900 0.190155 0.192753 0.195619 0.198678 0.201855 0.205077 0.208267 0.223472 0.223517 0.223245 0.222726 0.222034 0.221238 0.220410 0.219623 0.221226 0.221542 0.221867 0.222200 0.222535 0.222868 0.223197 0.223517 0.225191 0.225239 0.225260 0.225261 0.225247 0.225227 0.225206 0.225191 0.225832 0.226359 0.226921 0.227493 0.228053 0.228574 0.229033 0.229405 0.227529 0.227420 0.227349 0.227314 0.227316 0.227353 0.227424 0.227529 0.229149 0.229156 0.229143 0.229121 0.229101 0.229097 0.229118 0.229178 0.231650 0.232305 0.232967 0.233613 0.234219 0.234763 0.235222 0.235573 0.233071 0.232901 0.232776 0.232696 0.232661 0.232670 0.232724 0.232821 0.234697 0.235133 0.235567 0.235985 0.236371 0.236712 0.236993 0.237199 0.235323 0.235513 0.235760 0.236047 0.236353 0.236659 0.236948 0.237199 0.236323 0.236350 0.236411 0.236506 0.236633 0.236792 0.236981 0.237199 0.239450 0.238897 0.238231 0.237489 0.236707 0.235919 0.235161 0.234470 0.234470 0.235075 0.235739 0.236430 0.237117 0.237770 0.238357 0.238848 0.236971 0.236963 0.236991 0.237046 0.237119 0.237199 0.237278 0.237347 0.236721 0.236489 0.236244 0.235994 0.235746 0.235509 0.235289 0.235095 0.235095 0.235380 0.235694 0.236023 0.236355 0.236674 0.236968 0.237222 0.236721 0.236447 0.236162 0.235882 0.235619 0.235387 0.235200 0.235073 0.236971 0.236933 0.236833 0.236676 0.236466 0.236209 0.235909 0.235573 0.232594 0.232473 0.232420 0.232432 0.232506 0.232639 0.232829 0.233071 0.236028 0.235155 0.234130 0.233008 0.231846 0.230702 0.229633 0.228694 0.230570 0.230841 0.231081 0.231278 0.231421 0.231501 0.231505 0.231423 0.227529 0.227578 0.227720 0.227936 0.228206 0.228511 0.228832 0.229149 0.229633 0.229464 0.229253 0.229007 0.228730 0.228430 0.228111 0.227779 0.225605 0.225296 0.224996 0.224710 0.224438 0.224186 0.223956 0.223750 0.223267 0.222990 0.222691 0.222383 0.222074 0.221775 0.221496 0.221249 0.221249 0.221207 0.221162 0.221116 0.221072 0.221031 0.220996 0.220970 0.221220 0.219564 0.217632 0.215473 0.213134 0.210667 0.208118 0.205538 0.190693 0.190383 0.190347 0.190526 0.190860 0.191290 0.191757 0.192200 0.189664 0.189597 0.189577 0.189597 0.189647 0.189718 0.189803 0.189891
0.187710 0.187746 0.187784 0.187822 0.187860 0.187894 0.187922 0.187943 0.187710 0.187715 0.187729 0.187752 0.187786 0.187828 0.187881 0.187943 0.188655 0.190210 0.192031 0.194086 0.196344 0.198772 0.201338 0.204010 0.222983 0.223212 0.223066 0.222626 0.221976 0.221197 0.220370 0.219577 0.221874 0.222111 0.222339 0.222560 0.222780 0.223002 0.223231 0.223471 0.225809 0.225913 0.225973 0.225996 0.225987 0.225949 0.225888 0.225809 0.225168 0.225820 0.226546 0.227309 0.228071 0.228796 0.229446 0.229985 0.227483 0.227335 0.227238 0.227190 0.227192 0.227241 0.227339 0.227483 0.229751 0.229791 0.229796 0.229779 0.229752 0.229728 0.229718 0.229734 0.231627 0.232240 0.232871 0.233497 0.234096 0.234646 0.235123 0.235505 0.233629 0.233470 0.233348 0.233266 0.233227 0.233235 0.233292 0.233401 0.235903 0.236296 0.236667 0.237002 0.237292 0.237525 0.237691 0.237779 0.235277 0.235494 0.235792 0.236151 0.236550 0.236968 0.237384 0.237779 0.238177 0.238102 0.238020 0.237938 0.237864 0.237808 0.237777 0.237779 0.239427 0.239006 0.238500 0.237937 0.237344 0.236748 0.236175 0.235652 0.235652 0.236272 0.236949 0.237649 0.238340 0.238989 0.239563 0.240030 0.237529 0.237310 0.237124 0.236971 0.236850 0.236761 0.236703 0.236676 0.237301 0.237033 0.236721 0.236380 0.236025 0.235671 0.235333 0.235027 0.235027 0.235388 0.235787 0.236207 0.236632 0.237043 0.237423 0.237756 0.237301 0.236937 0.236556 0.236176 0.235816 0.235496 0.235234 0.235050 0.237529 0.237418 0.237227 0.236969 0.236656 0.236299 0.235911 0.235505 0.233151 0.233068 0.233039 0.233063 0.233137 0.233258 0.233422 0.233629 0.236005 0.235170 0.234203 0.233156 0.232084 0.231040 0.230078 0.229251 0.231753 0.231890 0.231967 0.231981 0.231932 0.231815 0.231631 0.231377 0.227483 0.227615 0.227850 0.228164 0.228534 0.228938 0.229351 0.229751 0.230235 0.229994 0.229701 0.229361 0.228985 0.228579 0.228151 0.227711 0.224918 0.224670 0.224453 0.224263 0.224099 0.223956 0.223833 0.223727 0.223243 0.223047 0.222838 0.222624 0.222412 0.222208 0.222019 0.221851 0.221851 0.221751 0.221640 0.221524 0.221407 0.221296 0.221194 0.221107 0.221335 0.219106 0.216558 0.213771 0.210829 0.207813 0.204804 0.201884 0.190830 0.190632 0.190642 0.190813 0.191101 0.191458 0.191840 0.192200 0.190259 0.190217 0.190214 0.190240 0.190290 0.190356 0.190432 0.190509
0.187792 0.187818 0.187847 0.187876 0.187904 0.187930 0.187951 0.187967 0.187792 0.187768 0.187754 0.187754 0.187772 0.187811 0.187875 0.187967 0.189685 0.190526 0.191548 0.192765 0.194188 0.195826 0.197693 0.199800 0.222198 0.222638 0.222655 0.222340 0.221782 0.221070 0.220294 0.219543 0.222499 0.222662 0.222796 0.222912 0.223022 0.223139 0.223273 0.223437 0.226415 0.226572 0.226672 0.226717 0.226710 0.226656 0.226557 0.226415 0.224526 0.225295 0.226175 0.227117 0.228072 0.228989 0.229821 0.230517 0.227448 0.227264 0.227142 0.227082 0.227083 0.227144 0.227266 0.227448 0.230343 0.230416 0.230441 0.230431 0.230399 0.230356 0.230316 0.230290 0.231571 0.232141 0.232741 0.233349 0.233942 0.234499 0.234997 0.235414 0.234186 0.234046 0.233934 0.233856 0.233819 0.233829 0.233892 0.234015 0.237085 0.237431 0.237731 0.237980 0.238170 0.238293 0.238344 0.238313 0.235243 0.235482 0.235823 0.236247 0.236729 0.237249 0.237784 0.238313 0.239985 0.239809 0.239583 0.239323 0.239049 0.238778 0.238526 0.238313 0.239371 0.239088 0.238751 0.238376 0.237982 0.237585 0.237205 0.236858 0.236858 0.237481 0.238157 0.238854 0.239536 0.240169 0.240721 0.241156 0.238086 0.237668 0.237281 0.236931 0.236627 0.236377 0.236190 0.236073 0.237915 0.237613 0.237236 0.236808 0.236349 0.235882 0.235431 0.235016 0.235016 0.235439 0.235909 0.236406 0.236908 0.237398 0.237854 0.238256 0.237915 0.237467 0.236993 0.236516 0.236061 0.235653 0.235315 0.235073 0.238086 0.237895 0.237608 0.237244 0.236823 0.236365 0.235888 0.235414 0.233788 0.233738 0.233727 0.233754 0.233815 0.233909 0.234033 0.234186 0.235869 0.235094 0.234211 0.233269 0.232317 0.231404 0.230578 0.229888 0.232958 0.232958 0.232869 0.232699 0.232455 0.232142 0.231770 0.231343 0.227448 0.227662 0.227988 0.228398 0.228866 0.229364 0.229865 0.230343 0.230745 0.230436 0.230066 0.229642 0.229176 0.228677 0.228154 0.227618 0.224299 0.224102 0.223953 0.223844 0.223769 0.223719 0.223689 0.223671 0.223267 0.223146 0.223020 0.222892 0.222767 0.222648 0.222539 0.222443 0.222443 0.222250 0.222036 0.221810 0.221582 0.221360 0.221153 0.220970 0.221141 0.218390 0.215283 0.211933 0.208451 0.204951 0.201544 0.198344 0.191172 0.191063 0.191090 0.191223 0.191431 0.191684 0.191951 0.192200 0.190888 0.190867 0.190873 0.190900 0.190943 0.190996 0.191056 0.191115
0.187955 0.187969 0.187984 0.188000 0.188015 0.188029 0.188040 0.188048 0.187955 0.187897 0.187850 0.187822 0.187821 0.187853 0.187926 0.188048 0.190898 0.191046 0.191289 0.191681 0.192276 0.193126 0.194285 0.195806 0.221082 0.221761 0.221985 0.221848 0.221442 0.220861 0.220197 0.219543 0.223057 0.223156 0.223210 0.223237 0.223255 0.223282 0.223338 0.223439 0.226987 0.227192 0.227326 0.227391 0.227388 0.227319 0.227185 0.226987 0.223955 0.224825 0.225841 0.226942 0.228068 0.229159 0.230154 0.230993 0.227445 0.227230 0.227088 0.227017 0.227017 0.227089 0.227232 0.227445 0.230900 0.231009 0.231058 0.231061 0.231028 0.230973 0.230908 0.230845 0.231491 0.232022 0.232597 0.233192 0.233785 0.234355 0.234879 0.235334 0.234743 0.234626 0.234529 0.234460 0.234428 0.234444 0.234515 0.234652 0.238199 0.238492 0.238722 0.238884 0.238975 0.238992 0.238932 0.238791 0.235243 0.235497 0.235873 0.236348 0.236900 0.237507 0.238144 0.238791 0.241656 0.241385 0.241024 0.240599 0.240137 0.239664 0.239206 0.238791 0.239291 0.239151 0.238984 0.238799 0.238605 0.238410 0.238222 0.238052 0.238052 0.238665 0.239329 0.240008 0.240668 0.241275 0.241794 0.242190 0.238643 0.238049 0.237481 0.236955 0.236487 0.236094 0.235792 0.235596 0.238552 0.238221 0.237787 0.237280 0.236729 0.236162 0.235608 0.235095 0.235095 0.235566 0.236090 0.236644 0.237207 0.237758 0.238274 0.238734 0.238552 0.238027 0.237467 0.236900 0.236355 0.235862 0.235452 0.235152 0.238643 0.238370 0.237986 0.237516 0.236990 0.236432 0.235871 0.235334 0.234504 0.234483 0.234482 0.234500 0.234537 0.234590 0.234659 0.234743 0.235630 0.234936 0.234164 0.233355 0.232553 0.231799 0.231135 0.230604 0.234152 0.234017 0.233767 0.233419 0.232987 0.232487 0.231934 0.231343 0.227445 0.227735 0.228144 0.228642 0.229197 0.229779 0.230357 0.230900 0.231141 0.230775 0.230341 0.229850 0.229313 0.228742 0.228146 0.227536 0.223807 0.223644 0.223542 0.223491 0.223480 0.223501 0.223541 0.223591 0.223348 0.223294 0.223240 0.223185 0.223133 0.223084 0.223039 0.223000 0.223000 0.222676 0.222315 0.221934 0.221546 0.221166 0.220809 0.220491 0.220582 0.217392 0.213818 0.210000 0.206077 0.202188 0.198471 0.195067 0.191652 0.191608 0.191630 0.191703 0.191812 0.191941 0.192075 0.192200 0.191539 0.191533 0.191541 0.191559 0.191586 0.191618 0.191653 0.191687
0.188200 0.188200 0.188200 0.188200 0.188200 0.188200 0.188200 0.188200 0.188200 0.188107 0.188025 0.187967 0.187943 0.187967 0.188048 0.188200 0.192200 0.191713 0.191235 0.190859 0.190676 0.190777 0.191255 0.192200 0.219600 0.220548 0.221027 0.221130 0.220948 0.220571 0.220091 0.219600 0.223500 0.223555 0.223552 0.223517 0.223471 0.223437 0.223439 0.223500 0.227500 0.227745 0.227908 0.227990 0.227990 0.227908 0.227745 0.227500 0.223500 0.224453 0.225579 0.226810 0.228077 0.229310 0.230441 0.231400 0.227500 0.227261 0.227102 0.227022 0.227022 0.227102 0.227261 0.227500 0.231400 0.231548 0.231627 0.231650 0.231627 0.231571 0.231491 0.231400 0.231400 0.231900 0.232457 0.233049 0.233651 0.234243 0.234800 0.235300 0.235300 0.235209 0.235129 0.235073 0.235050 0.235073 0.235152 0.235300 0.239200 0.239439 0.239598 0.239678 0.239678 0.239598 0.239439 0.239200 0.235300 0.235562 0.235959 0.236471 0.237074 0.237745 0.238461 0.239200 0.243100 0.242748 0.242270 0.241701 0.241076 0.240428 0.239791 0.239200 0.239200 0.239200 0.239200 0.239200 0.239200 0.239200 0.239200 0.239200 0.239200 0.239791 0.240428 0.241076 0.241701 0.242270 0.242748 0.243100 0.239200 0.238461 0.237745 0.237074 0.236471 0.235959 0.235562 0.235300 0.239200 0.238848 0.238370 0.237801 0.237176 0.236528 0.235891 0.235300 0.235300 0.235800 0.236357 0.236949 0.237551 0.238143 0.238700 0.239200 0.239200 0.238609 0.237972 0.237324 0.236699 0.236130 0.235652 0.235300 0.239200 0.238848 0.238370 0.237801 0.237176 0.236528 0.235891 0.235300 0.235300 0.235300 0.235300 0.235300 0.235300 0.235300 0.235300 0.235300 0.235300 0.234709 0.234072 0.233424 0.232799 0.232230 0.231752 0.231400 0.235300 0.235039 0.234641 0.234129 0.233526 0.232855 0.232139 0.231400 0.227500 0.227852 0.228330 0.228899 0.229524 0.230172 0.230809 0.231400 0.231400 0.230993 0.230518 0.229985 0.229405 0.228791 0.228152 0.227500 0.223500 0.223348 0.223267 0.223243 0.223267 0.223325 0.223407 0.223500 0.223500 0.223500 0.223500 0.223500 0.223500 0.223500 0.223500 0.223500 0.223500 0.223000 0.222443 0.221851 0.221249 0.220657 0.220100 0.219600 0.219600 0.216085 0.212171 0.208017 0.203783 0.199629 0.195715 0.192200 0.192200 0.192200 0.192200 0.192200 0.192200 0.192200 0.192200 0.192200 0.192200 0.192200 0.192200 0.192200 0.192200 0.192200 0.192200 0.192200
0.192200 0.192200 0.192200 0.192200 0.192200 0.192200 0.192200 0.192200 0.192200 0.192109 0.192029 0.191973 0.191950 0.191973 0.192052 0.192200 0.196100 0.195657 0.195099 0.194474 0.193826 0.193201 0.192643 0.192200 0.196100 0.199854 0.203927 0.208161 0.212394 0.216469 0.220224 0.223500 0.219600 0.220466 0.221515 0.222690 0.223933 0.225187 0.226396 0.227500 0.227500 0.227500 0.227500 0.227500 0.227500 0.227500 0.227500 0.227500 0.227500 0.228000 0.228557 0.229149 0.229751 0.230343 0.230900 0.231400 0.231400 0.231400 0.231400 0.231400 0.231400 0.231400 0.231400 0.231400 0.231400 0.231991 0.232628 0.233276 0.233901 0.234470 0.234948 0.235300 0.231400 0.232253 0.233287 0.234447 0.235675 0.236915 0.238108 0.239200 0.239200 0.239200 0.239200 0.239200 0.239200 0.239200 0.239200 0.239200 0.239200 0.239200 0.239200 0.239200 0.239200 0.239200 0.239200 0.239200 0.239200 0.239200 0.239200 0.239200 0.239200 0.239200 0.239200 0.239200 0.239200 0.239200 0.239200 0.239200 0.239200 0.239200 0.239200 0.239200 0.239200 0.239700 0.240257 0.240849 0.241451 0.242043 0.242600 0.243100 0.243100 0.243100 0.243100 0.243100 0.243100 0.243100 0.243100 0.243100 0.243100 0.243100 0.243100 0.243100 0.243100 0.243100 0.243100 0.243100 0.243100 0.243100 0.243100 0.243100 0.243100 0.243100 0.243100 0.243100 0.243100 0.243100 0.243100 0.243100 0.243100 0.243100 0.243100 0.243100 0.243100 0.242509 0.241872 0.241224 0.240599 0.240030 0.239552 0.239200 0.243100 0.242657 0.242099 0.241474 0.240826 0.240201 0.239643 0.239200 0.243100 0.242929 0.242611 0.242156 0.241576 0.240883 0.240087 0.239200 0.231400 0.232105 0.233060 0.234197 0.235448 0.236744 0.238018 0.239200 0.239200 0.238791 0.238313 0.237779 0.237199 0.236585 0.235948 0.235300 0.231400 0.231343 0.231343 0.231377 0.231423 0.231457 0.231457 0.231400 0.227500 0.227852 0.228330 0.228899 0.229524 0.230172 0.230809 0.231400 0.231400 0.230293 0.229083 0.227827 0.226583 0.225409 0.224362 0.223500 0.227500 0.227139 0.226649 0.226066 0.225424 0.224759 0.224106 0.223500 0.223500 0.219985 0.216071 0.211917 0.207683 0.203529 0.199615 0.196100 0.196100 0.196191 0.196271 0.196327 0.196350 0.196327 0.196248 0.196100 0.192200 0.191961 0.191802 0.191722 0.191722 0.191802 0.191961 0.192200 0.196100 0.195748 0.195270 0.194701 0.194076 0.193428 0.192791 0.192200
0.192352 0.192352 0.192352 0.192352 0.192352 0.192352 0.192352 0.192352 0.192352 0.192275 0.192207 0.192159 0.192140 0.192159 0.192226 0.192352 0.195657 0.195254 0.194752 0.194188 0.193603 0.193035 0.192524 0.192109 0.195209 0.198610 0.202309 0.206160 0.210015 0.213726 0.217148 0.220133 0.216438 0.217837 0.219474 0.221268 0.223137 0.225000 0.226776 0.228384 0.228091 0.228067 0.228047 0.228030 0.228018 0.228009 0.228003 0.228000 0.228061 0.228463 0.228913 0.229395 0.229892 0.230388 0.230866 0.231309 0.232048 0.232146 0.232237 0.232321 0.232395 0.232459 0.232511 0.232548 0.232310 0.232852 0.233439 0.234035 0.234609 0.235126 0.235553 0.235857 0.231718 0.232592 0.233659 0.234860 0.236137 0.237433 0.238689 0.239848 0.240361 0.240294 0.240211 0.240116 0.240018 0.239920 0.239831 0.239755 0.240122 0.240071 0.240006 0.239930 0.239849 0.239765 0.239683 0.239607 0.239573 0.239721 0.239884 0.240052 0.240219 0.240374 0.240512 0.240623 0.239975 0.240049 0.240145 0.240256 0.240375 0.240496 0.240611 0.240714 0.240532 0.240930 0.241379 0.241861 0.242359 0.242854 0.243327 0.243761 0.244170 0.244076 0.243965 0.243846 0.243726 0.243612 0.243511 0.243431 0.244079 0.244150 0.244210 0.244260 0.244297 0.244319 0.244327 0.244318 0.243670 0.243639 0.243622 0.243618 0.243627 0.243649 0.243682 0.243727 0.244318 0.244347 0.244363 0.244366 0.244358 0.244337 0.244305 0.244261 0.243670 0.243146 0.242592 0.242032 0.241494 0.241003 0.240587 0.240270 0.243064 0.242651 0.242150 0.241599 0.241036 0.240501 0.240031 0.239664 0.243211 0.242980 0.242609 0.242112 0.241505 0.240801 0.240016 0.239164 0.232569 0.233185 0.234015 0.234999 0.236080 0.237198 0.238295 0.239311 0.239257 0.238910 0.238502 0.238044 0.237541 0.237004 0.236440 0.235857 0.231957 0.231871 0.231841 0.231846 0.231866 0.231880 0.231868 0.231809 0.228353 0.228616 0.228986 0.229435 0.229933 0.230455 0.230972 0.231457 0.231608 0.230543 0.229374 0.228157 0.226947 0.225801 0.224774 0.223922 0.227561 0.227341 0.226994 0.226541 0.226000 0.225391 0.224734 0.224048 0.220076 0.216722 0.213076 0.209275 0.205452 0.201743 0.198284 0.195209 0.195801 0.195901 0.195980 0.196028 0.196038 0.196000 0.195906 0.195748 0.192109 0.191888 0.191742 0.191669 0.191669 0.191743 0.191890 0.192109 0.195657 0.195348 0.194926 0.194423 0.193868 0.193292 0.192726 0.192200
0.192433 0.192433 0.192433 0.192433 0.192433 0.192433 0.192433 0.192433 0.192433 0.192371 0.192317 0.192278 0.192262 0.192278 0.192332 0.192433 0.195099 0.194744 0.194304 0.193815 0.193310 0.192821 0.192383 0.192029 0.194730 0.197676 0.200879 0.204213 0.207549 0.210761 0.213719 0.216298 0.213001 0.214951 0.217192 0.219620 0.222130 0.224617 0.226978 0.229106 0.228728 0.228690 0.228657 0.228628 0.228603 0.228583 0.228568 0.228557 0.228620 0.228923 0.229268 0.229642 0.230037 0.230440 0.230841 0.231229 0.232685 0.232885 0.233074 0.233248 0.233406 0.233542 0.233656 0.233742 0.233344 0.233823 0.234341 0.234867 0.235369 0.235815 0.236174 0.236414 0.232116 0.233002 0.234087 0.235315 0.236627 0.237965 0.239270 0.240485 0.241569 0.241429 0.241253 0.241056 0.240850 0.240649 0.240464 0.240310 0.241171 0.241067 0.240931 0.240773 0.240600 0.240422 0.240247 0.240083 0.239969 0.240284 0.240631 0.240992 0.241349 0.241686 0.241985 0.242229 0.240944 0.241090 0.241279 0.241497 0.241731 0.241968 0.242196 0.242399 0.242058 0.242327 0.242638 0.242980 0.243340 0.243707 0.244068 0.244412 0.245299 0.245116 0.244900 0.244666 0.244428 0.244202 0.244002 0.243843 0.245128 0.245258 0.245367 0.245454 0.245515 0.245549 0.245554 0.245526 0.244241 0.244171 0.244128 0.244111 0.244121 0.244155 0.244214 0.244298 0.245526 0.245594 0.245636 0.245653 0.245644 0.245610 0.245552 0.245469 0.244241 0.243793 0.243330 0.242869 0.242427 0.242024 0.241675 0.241399 0.242982 0.242606 0.242169 0.241703 0.241236 0.240800 0.240425 0.240139 0.243209 0.242915 0.242492 0.241958 0.241332 0.240632 0.239876 0.239082 0.233999 0.234489 0.235145 0.235921 0.236772 0.237650 0.238512 0.239309 0.239257 0.238981 0.238654 0.238279 0.237863 0.237410 0.236926 0.236414 0.232514 0.232405 0.232352 0.232337 0.232342 0.232347 0.232335 0.232287 0.229387 0.229538 0.229769 0.230063 0.230398 0.230755 0.231115 0.231457 0.231690 0.230692 0.229593 0.228446 0.227302 0.226213 0.225233 0.224414 0.227563 0.227486 0.227286 0.226965 0.226526 0.225971 0.225305 0.224528 0.216241 0.213139 0.209872 0.206544 0.203262 0.200128 0.197249 0.194730 0.195958 0.195992 0.195985 0.195935 0.195840 0.195699 0.195510 0.195270 0.192029 0.191835 0.191706 0.191643 0.191644 0.191709 0.191838 0.192029 0.195099 0.194844 0.194492 0.194071 0.193605 0.193120 0.192644 0.192200
0.192457 0.192457 0.192457 0.192457 0.192457 0.192457 0.192457 0.192457 0.192457 0.192409 0.192368 0.192339 0.192327 0.192339 0.192380 0.192457 0.194474 0.194169 0.193799 0.193393 0.192980 0.192586 0.192241 0.191973 0.194593 0.197011 0.199631 0.202351 0.205067 0.207677 0.210078 0.212167 0.209415 0.211904 0.214734 0.217779 0.220913 0.224010 0.226944 0.229587 0.229376 0.229338 0.229301 0.229265 0.229231 0.229199 0.229172 0.229149 0.229178 0.229385 0.229627 0.229899 0.230195 0.230509 0.230837 0.231173 0.233299 0.233602 0.233891 0.234160 0.234405 0.234621 0.234804 0.234948 0.234470 0.234875 0.235312 0.235752 0.236167 0.236528 0.236805 0.236971 0.232594 0.233480 0.234571 0.235810 0.237140 0.238503 0.239842 0.241099 0.242790 0.242573 0.242303 0.242000 0.241685 0.241377 0.241097 0.240866 0.242312 0.242154 0.241945 0.241700 0.241430 0.241151 0.240875 0.240615 0.240411 0.240903 0.241444 0.242009 0.242570 0.243100 0.243573 0.243961 0.242062 0.242274 0.242548 0.242866 0.243208 0.243555 0.243889 0.244188 0.243733 0.243851 0.243999 0.244174 0.244371 0.244584 0.244809 0.245041 0.246462 0.246199 0.245886 0.245544 0.245196 0.244864 0.244570 0.244336 0.246235 0.246413 0.246558 0.246669 0.246743 0.246777 0.246768 0.246713 0.244814 0.244701 0.244627 0.244592 0.244596 0.244638 0.244718 0.244836 0.246713 0.246824 0.246898 0.246933 0.246929 0.246887 0.246808 0.246690 0.244814 0.244446 0.244080 0.243723 0.243384 0.243072 0.242795 0.242562 0.242889 0.242555 0.242189 0.241813 0.241449 0.241117 0.240840 0.240638 0.243140 0.242780 0.242307 0.241741 0.241105 0.240420 0.239707 0.238990 0.235635 0.235971 0.236418 0.236945 0.237521 0.238117 0.238700 0.239240 0.239223 0.239024 0.238782 0.238497 0.238172 0.237808 0.237408 0.236971 0.233071 0.232945 0.232876 0.232848 0.232846 0.232851 0.232849 0.232821 0.230547 0.230567 0.230641 0.230757 0.230904 0.231071 0.231248 0.231423 0.231679 0.230768 0.229761 0.228707 0.227653 0.226646 0.225734 0.224964 0.227529 0.227582 0.227514 0.227312 0.226960 0.226445 0.225754 0.224870 0.212144 0.209367 0.206561 0.203799 0.201150 0.198686 0.196476 0.194593 0.196469 0.196377 0.196218 0.196001 0.195733 0.195422 0.195075 0.194701 0.191973 0.191811 0.191704 0.191652 0.191653 0.191707 0.191814 0.191973 0.194474 0.194277 0.194003 0.193673 0.193307 0.192926 0.192550 0.192200
0.192433 0.192433 0.192433 0.192433 0.192433 0.192433 0.192433 0.192433 0.192433 0.192401 0.192372 0.192352 0.192344 0.192352 0.192380 0.192433 0.193826 0.193573 0.193277 0.192960 0.192646 0.192357 0.192118 0.191950 0.194730 0.196575 0.198558 0.200603 0.202635 0.204581 0.206364 0.207910 0.205807 0.208792 0.212164 0.215778 0.219488 0.223149 0.226617 0.229747 0.230001 0.229979 0.229949 0.229913 0.229873 0.229831 0.229790 0.229751 0.229734 0.229852 0.229998 0.230173 0.230375 0.230606 0.230864 0.231150 0.233879 0.234282 0.234669 0.235033 0.235368 0.235667 0.235923 0.236130 0.235652 0.235977 0.236325 0.236670 0.236988 0.237254 0.237443 0.237529 0.233151 0.234025 0.235107 0.236341 0.237670 0.239040 0.240395 0.241679 0.243988 0.243697 0.243335 0.242930 0.242507 0.242097 0.241726 0.241422 0.243510 0.243299 0.243016 0.242681 0.242313 0.241930 0.241551 0.241195 0.240922 0.241590 0.242327 0.243095 0.243859 0.244582 0.245228 0.245761 0.243283 0.243551 0.243900 0.244307 0.244746 0.245193 0.245623 0.246012 0.245511 0.245462 0.245429 0.245415 0.245426 0.245464 0.245533 0.245636 0.247638 0.247306 0.246906 0.246468 0.246020 0.245592 0.245212 0.244909 0.247387 0.247600 0.247770 0.247893 0.247967 0.247988 0.247956 0.247865 0.245386 0.245231 0.245126 0.245072 0.245068 0.245115 0.245214 0.245364 0.247865 0.248021 0.248126 0.248181 0.248184 0.248137 0.248038 0.247888 0.245386 0.245101 0.244834 0.244582 0.244348 0.244129 0.243926 0.243738 0.242821 0.242531 0.242238 0.241956 0.241695 0.241470 0.241291 0.241172 0.243048 0.242625 0.242104 0.241511 0.240871 0.240209 0.239551 0.238921 0.237420 0.237584 0.237800 0.238052 0.238328 0.238612 0.238890 0.239148 0.239177 0.239058 0.238903 0.238710 0.238477 0.238204 0.237889 0.237529 0.233629 0.233490 0.233411 0.233377 0.233374 0.233387 0.233401 0.233401 0.231775 0.231657 0.231562 0.231489 0.231436 0.231400 0.231382 0.231377 0.231610 0.230798 0.229899 0.228955 0.228007 0.227098 0.226268 0.225559 0.227483 0.227637 0.227671 0.227555 0.227261 0.226758 0.226017 0.225007 0.207933 0.205534 0.203248 0.201111 0.199155 0.197417 0.195930 0.194730 0.197231 0.196971 0.196615 0.196182 0.195692 0.195165 0.194620 0.194076 0.191950 0.191825 0.191744 0.191704 0.191706 0.191747 0.191829 0.191950 0.193826 0.193688 0.193494 0.193259 0.192997 0.192723 0.192452 0.192200
0.192375 0.192375 0.192375 0.192375 0.192375 0.192375 0.192375 0.192375 0.192375 0.192356 0.192339 0.192327 0.192322 0.192327 0.192344 0.192375 0.193201 0.193002 0.192780 0.192554 0.192341 0.192161 0.192032 0.191973 0.195072 0.196329 0.197653 0.199000 0.200323 0.201578 0.202718 0.203700 0.202301 0.205713 0.209549 0.213650 0.217856 0.222006 0.225943 0.229506 0.230570 0.230582 0.230573 0.230545 0.230504 0.230454 0.230399 0.230343 0.230290 0.230326 0.230385 0.230471 0.230589 0.230742 0.230935 0.231173 0.234413 0.234910 0.235390 0.235846 0.236268 0.236650 0.236982 0.237256 0.236858 0.237100 0.237355 0.237602 0.237819 0.237986 0.238082 0.238086 0.233788 0.234638 0.235694 0.236904 0.238214 0.239571 0.240922 0.242213 0.245129 0.244771 0.244325 0.243824 0.243305 0.242801 0.242348 0.241980 0.244731 0.244467 0.244111 0.243689 0.243223 0.242738 0.242259 0.241809 0.241525 0.242360 0.243280 0.244239 0.245193 0.246097 0.246905 0.247573 0.244560 0.244872 0.245283 0.245763 0.246284 0.246817 0.247332 0.247801 0.247346 0.247119 0.246890 0.246674 0.246482 0.246328 0.246225 0.246186 0.248801 0.248414 0.247943 0.247423 0.246890 0.246378 0.245923 0.245561 0.248574 0.248809 0.248989 0.249111 0.249172 0.249171 0.249105 0.248972 0.245959 0.245766 0.245633 0.245562 0.245553 0.245606 0.245722 0.245902 0.248972 0.249167 0.249300 0.249372 0.249380 0.249326 0.249209 0.249029 0.245959 0.245755 0.245584 0.245437 0.245303 0.245176 0.245044 0.244901 0.242810 0.242566 0.242348 0.242157 0.241999 0.241876 0.241793 0.241753 0.242980 0.242496 0.241931 0.241316 0.240678 0.240045 0.239446 0.238910 0.239297 0.239282 0.239258 0.239226 0.239190 0.239152 0.239115 0.239080 0.239143 0.239101 0.239031 0.238928 0.238787 0.238603 0.238371 0.238086 0.234186 0.234039 0.233956 0.233922 0.233924 0.233949 0.233984 0.234015 0.233015 0.232758 0.232495 0.232234 0.231980 0.231742 0.231528 0.231343 0.231518 0.230812 0.230028 0.229203 0.228371 0.227567 0.226828 0.226188 0.227448 0.227657 0.227746 0.227670 0.227387 0.226855 0.226030 0.224870 0.203757 0.201771 0.200037 0.198552 0.197315 0.196325 0.195578 0.195072 0.198142 0.197688 0.197107 0.196431 0.195693 0.194925 0.194160 0.193428 0.191973 0.191889 0.191834 0.191808 0.191809 0.191837 0.191892 0.191973 0.193201 0.193119 0.193001 0.192856 0.192695 0.192525 0.192357 0.192200
0.192293 0.192293 0.192293 0.192293 0.192293 0.192293 0.192293 0.192293 0.192293 0.192285 0.192278 0.192273 0.192271 0.192273 0.192280 0.192293 0.192643 0.192499 0.192351 0.192212 0.192098 0.192024 0.192004 0.192052 0.195552 0.196233 0.196912 0.197572 0.198198 0.198772 0.199280 0.199706 0.199024 0.202763 0.206954 0.211428 0.216018 0.220553 0.224864 0.228783 0.231048 0.231116 0.231142 0.231133 0.231098 0.231042 0.230974 0.230900 0.230845 0.230810 0.230793 0.230802 0.230844 0.230927 0.231061 0.231252 0.234891 0.235470 0.236035 0.236575 0.237081 0.237542 0.237948 0.238290 0.238052 0.238215 0.238379 0.238528 0.238644 0.238713 0.238718 0.238643 0.234504 0.235316 0.236330 0.237496 0.238765 0.240087 0.241412 0.242691 0.246178 0.245764 0.245246 0.244665 0.244062 0.243480 0.242958 0.242539 0.245939 0.245625 0.245200 0.244693 0.244135 0.243555 0.242983 0.242448 0.242243 0.243227 0.244308 0.245433 0.246551 0.247609 0.248556 0.249338 0.245848 0.246189 0.246644 0.247179 0.247764 0.248364 0.248949 0.249486 0.249191 0.248781 0.248350 0.247920 0.247514 0.247157 0.246870 0.246678 0.249930 0.249505 0.248980 0.248397 0.247795 0.247216 0.246702 0.246291 0.249782 0.250026 0.250203 0.250310 0.250347 0.250312 0.250204 0.250021 0.246530 0.246308 0.246156 0.246075 0.246066 0.246129 0.246265 0.246473 0.250021 0.250245 0.250398 0.250479 0.250488 0.250424 0.250287 0.250078 0.246530 0.246405 0.246325 0.246274 0.246236 0.246193 0.246130 0.246030 0.242892 0.242695 0.242547 0.242444 0.242382 0.242355 0.242360 0.242391 0.242983 0.242441 0.241838 0.241204 0.240571 0.239970 0.239433 0.238992 0.241209 0.241019 0.240759 0.240449 0.240107 0.239752 0.239405 0.239083 0.239143 0.239172 0.239182 0.239163 0.239108 0.239009 0.238856 0.238643 0.234743 0.234594 0.234510 0.234480 0.234491 0.234532 0.234589 0.234652 0.234208 0.233822 0.233402 0.232963 0.232523 0.232095 0.231697 0.231343 0.231436 0.230836 0.230169 0.229464 0.228749 0.228054 0.227408 0.226839 0.227445 0.227651 0.227730 0.227629 0.227297 0.226681 0.225730 0.224391 0.199763 0.198206 0.197030 0.196196 0.195668 0.195410 0.195383 0.195552 0.199099 0.198442 0.197628 0.196703 0.195712 0.194700 0.193711 0.192791 0.192052 0.192010 0.191983 0.191970 0.191971 0.191985 0.192013 0.192052 0.192643 0.192609 0.192558 0.192494 0.192422 0.192346 0.192271 0.192200
0.192200 0.192200 0.192200 0.192200 0.192200 0.192200 0.192200 0.192200 0.192200 0.192200 0.192200 0.192200 0.192200 0.192200 0.192200 0.192200 0.192200 0.192109 0.192029 0.191973 0.191950 0.191973 0.192052 0.192200 0.196100 0.196248 0.196327 0.196350 0.196327 0.196271 0.196191 0.196100 0.196100 0.200037 0.204443 0.209147 0.213976 0.218759 0.223324 0.227500 0.231400 0.231548 0.231627 0.231650 0.231627 0.231571 0.231491 0.231400 0.231400 0.231309 0.231229 0.231173 0.231150 0.231173 0.231252 0.231400 0.235300 0.235948 0.236585 0.237199 0.237779 0.238313 0.238791 0.239200 0.239200 0.239291 0.239371 0.239427 0.239450 0.239427 0.239348 0.239200 0.235300 0.236059 0.237013 0.238114 0.239319 0.240581 0.241857 0.243100 0.247100 0.246645 0.246074 0.245432 0.244768 0.244126 0.243555 0.243100 0.247100 0.246739 0.246249 0.245666 0.245024 0.244359 0.243706 0.243100 0.243100 0.244204 0.245413 0.246667 0.247910 0.249085 0.250134 0.251000 0.247100 0.247452 0.247930 0.248499 0.249124 0.249772 0.250409 0.251000 0.251000 0.250409 0.249772 0.249124 0.248499 0.247930 0.247452 0.247100 0.251000 0.250557 0.249999 0.249374 0.248726 0.248101 0.247543 0.247100 0.251000 0.251239 0.251398 0.251478 0.251478 0.251398 0.251239 0.251000 0.247100 0.246861 0.246702 0.246622 0.246622 0.246702 0.246861 0.247100 0.251000 0.251239 0.251398 0.251478 0.251478 0.251398 0.251239 0.251000 0.247100 0.247046 0.247048 0.247083 0.247129 0.247163 0.247161 0.247100 0.243100 0.242948 0.242867 0.242843 0.242867 0.242925 0.243007 0.243100 0.243100 0.242509 0.241872 0.241224 0.240599 0.240030 0.239552 0.239200 0.243100 0.242748 0.242270 0.241701 0.241076 0.240428 0.239791 0.239200 0.239200 0.239291 0.239371 0.239427 0.239450 0.239427 0.239348 0.239200 0.235300 0.235152 0.235073 0.235050 0.235073 0.235129 0.235209 0.235300 0.235300 0.234800 0.234243 0.233651 0.233049 0.232457 0.231900 0.231400 0.231400 0.230900 0.230343 0.229751 0.229149 0.228557 0.228000 0.227500 0.227500 0.227626 0.227614 0.227407 0.226948 0.226182 0.225052 0.223500 0.196100 0.194971 0.194332 0.194115 0.194252 0.194674 0.195313 0.196100 0.200000 0.199147 0.198113 0.196953 0.195725 0.194485 0.193292 0.192200 0.192200 0.192200 0.192200 0.192200 0.192200 0.192200 0.192200 0.192200 0.192200 0.192200 0.192200 0.192200 0.192200 0.192200 0.192200 0.192200
0.192200 0.192200 0.192200 0.192200 0.192200 0.192200 0.192200 0.192200 0.192200 0.192109 0.192029 0.191973 0.191950 0.191973 0.192052 0.192200 0.196100 0.196248 0.196327 0.196350 0.196327 0.196271 0.196191 0.196100 0.196100 0.196100 0.196100 0.196100 0.196100 0.196100 0.196100 0.196100 0.196100 0.195368 0.194727 0.194269 0.194086 0.194269 0.194910 0.196100 0.227500 0.229099 0.230218 0.230935 0.231332 0.231488 0.231484 0.231400 0.235300 0.235448 0.235527 0.235550 0.235527 0.235471 0.235391 0.235300 0.235300 0.235709 0.236187 0.236721 0.237301 0.237915 0.238552 0.239200 0.243100 0.243248 0.243327 0.243350 0.243327 0.243271 0.243191 0.243100 0.243100 0.243007 0.242925 0.242867 0.242843 0.242867 0.242948 0.243100 0.247100 0.247161 0.247163 0.247129 0.247083 0.247048 0.247045 0.247100 0.251000 0.250466 0.249829 0.249147 0.248476 0.247873 0.247396 0.247100 0.254900 0.255287 0.255525 0.255628 0.255605 0.255469 0.255230 0.254900 0.251000 0.250670 0.250431 0.250295 0.250272 0.250375 0.250613 0.251000 0.258800 0.257413 0.255741 0.253899 0.252001 0.250159 0.248487 0.247100 0.254900 0.255105 0.255184 0.255173 0.255105 0.255014 0.254934 0.254900 0.258800 0.258539 0.258141 0.257629 0.257026 0.256355 0.255639 0.254900 0.251000 0.251352 0.251830 0.252399 0.253024 0.253672 0.254309 0.254900 0.254900 0.254400 0.253843 0.253251 0.252649 0.252057 0.251500 0.251000 0.251000 0.251000 0.251000 0.251000 0.251000 0.251000 0.251000 0.251000 0.251000 0.251000 0.251000 0.251000 0.251000 0.251000 0.251000 0.251000 0.251000 0.250409 0.249772 0.249124 0.248499 0.247930 0.247452 0.247100 0.251000 0.250741 0.250345 0.249835 0.249233 0.248561 0.247843 0.247100 0.243100 0.243039 0.243037 0.243071 0.243117 0.243152 0.243155 0.243100 0.239200 0.239143 0.239143 0.239177 0.239223 0.239257 0.239257 0.239200 0.235300 0.235152 0.235073 0.235050 0.235073 0.235129 0.235209 0.235300 0.235300 0.234800 0.234243 0.233651 0.233049 0.232457 0.231900 0.231400 0.231400 0.227554 0.223227 0.218581 0.213774 0.208969 0.204324 0.200000 0.192200 0.192405 0.192803 0.193348 0.193996 0.194701 0.195418 0.196100 0.196100 0.195509 0.194872 0.194224 0.193599 0.193030 0.192552 0.192200 0.196100 0.196248 0.196327 0.196350 0.196327 0.196271 0.196191 0.196100 0.196100 0.195600 0.195043 0.194451 0.193849 0.193257 0.192700 0.192200
0.192200 0.192108 0.192009 0.191908 0.191811 0.191723 0.191648 0.191594 0.192200 0.192207 0.192220 0.192249 0.192302 0.192390 0.192519 0.192700 0.196157 0.196278 0.196339 0.196353 0.196330 0.196282 0.196221 0.196157 0.196600 0.196528 0.196440 0.196344 0.196247 0.196154 0.196073 0.196009 0.196600 0.195796 0.195045 0.194440 0.194073 0.194036 0.194420 0.195319 0.223734 0.225797 0.227494 0.228869 0.229968 0.230833 0.231509 0.232041 0.235448 0.235739 0.235983 0.236182 0.236336 0.236446 0.236514 0.236539 0.235616 0.236012 0.236496 0.237052 0.237665 0.238321 0.239004 0.239700 0.243670 0.243741 0.243737 0.243673 0.243567 0.243435 0.243292 0.243155 0.243727 0.243705 0.243688 0.243685 0.243707 0.243764 0.243866 0.244022 0.247509 0.247660 0.247770 0.247854 0.247929 0.248011 0.248113 0.248252 0.251557 0.251159 0.250680 0.250166 0.249661 0.249212 0.248864 0.248662 0.255165 0.255437 0.255582 0.255614 0.255546 0.255390 0.255159 0.254866 0.252148 0.251837 0.251590 0.251420 0.251343 0.251374 0.251527 0.251816 0.258911 0.257762 0.256362 0.254809 0.253201 0.251633 0.250203 0.249008 0.255364 0.255519 0.255575 0.255563 0.255511 0.255451 0.255410 0.255421 0.259412 0.259111 0.258674 0.258126 0.257494 0.256805 0.256086 0.255364 0.252464 0.252766 0.253166 0.253637 0.254153 0.254686 0.255209 0.255696 0.255821 0.255509 0.255158 0.254782 0.254396 0.254015 0.253652 0.253322 0.253154 0.252569 0.251950 0.251330 0.250745 0.250230 0.249819 0.249548 0.254495 0.254038 0.253396 0.252605 0.251698 0.250712 0.249682 0.248643 0.244075 0.243445 0.242879 0.242396 0.242015 0.241756 0.241638 0.241680 0.248095 0.247688 0.247073 0.246291 0.245383 0.244391 0.243354 0.242315 0.238401 0.239266 0.240274 0.241352 0.242430 0.243437 0.244301 0.244950 0.237516 0.237651 0.237941 0.238338 0.238793 0.239259 0.239688 0.240030 0.235982 0.235811 0.235708 0.235664 0.235668 0.235709 0.235775 0.235857 0.235948 0.235580 0.235142 0.234642 0.234089 0.233490 0.232854 0.232189 0.227429 0.223667 0.219552 0.215220 0.210813 0.206467 0.202323 0.198518 0.193053 0.193302 0.193698 0.194205 0.194786 0.195403 0.196020 0.196600 0.196543 0.195954 0.195318 0.194670 0.194042 0.193467 0.192978 0.192609 0.196157 0.196317 0.196414 0.196457 0.196454 0.196413 0.196341 0.196248 0.195657 0.195255 0.194821 0.194369 0.193916 0.193476 0.193066 0.192700
0.192200 0.192009 0.191803 0.191594 0.191392 0.191209 0.191054 0.190941 0.192200 0.192316 0.192433 0.192559 0.192698 0.192857 0.193041 0.193257 0.196157 0.196243 0.196282 0.196285 0.196262 0.196225 0.196187 0.196157 0.197157 0.197009 0.196829 0.196631 0.196428 0.196235 0.196064 0.195929 0.197157 0.196376 0.195615 0.194962 0.194503 0.194324 0.194513 0.195156 0.219646 0.222168 0.224459 0.226523 0.228366 0.229990 0.231401 0.232603 0.235527 0.235973 0.236396 0.236786 0.237133 0.237426 0.237656 0.237813 0.236012 0.236395 0.236884 0.237459 0.238102 0.238795 0.239520 0.240257 0.244241 0.244226 0.244128 0.243970 0.243772 0.243555 0.243342 0.243152 0.244298 0.244373 0.244447 0.244529 0.244624 0.244742 0.244888 0.245071 0.247987 0.248223 0.248436 0.248636 0.248829 0.249024 0.249228 0.249448 0.252114 0.251873 0.251573 0.251247 0.250928 0.250648 0.250439 0.250335 0.255247 0.255408 0.255472 0.255452 0.255360 0.255210 0.255015 0.254786 0.253342 0.253071 0.252834 0.252649 0.252534 0.252504 0.252576 0.252769 0.258909 0.258038 0.256960 0.255752 0.254490 0.253253 0.252115 0.251155 0.255839 0.255929 0.255950 0.255926 0.255884 0.255848 0.255844 0.255896 0.259967 0.259633 0.259163 0.258587 0.257936 0.257241 0.256531 0.255839 0.254054 0.254282 0.254577 0.254920 0.255293 0.255678 0.256057 0.256412 0.256697 0.256592 0.256467 0.256327 0.256176 0.256019 0.255863 0.255712 0.255227 0.253999 0.252698 0.251397 0.250166 0.249080 0.248210 0.247627 0.257691 0.256727 0.255383 0.253732 0.251846 0.249800 0.247666 0.245518 0.236234 0.235544 0.235030 0.234696 0.234549 0.234593 0.234833 0.235276 0.244491 0.243927 0.243077 0.242004 0.240768 0.239432 0.238057 0.236705 0.233040 0.234906 0.237001 0.239204 0.241392 0.243443 0.245234 0.246642 0.235512 0.235868 0.236484 0.237285 0.238195 0.239139 0.240041 0.240826 0.236699 0.236502 0.236373 0.236304 0.236283 0.236301 0.236348 0.236414 0.236585 0.236340 0.236009 0.235585 0.235061 0.234432 0.233690 0.232830 0.222943 0.219369 0.215586 0.211705 0.207835 0.204088 0.200573 0.197402 0.194087 0.194357 0.194729 0.195176 0.195670 0.196183 0.196688 0.197157 0.197101 0.196512 0.195875 0.195221 0.194583 0.193994 0.193484 0.193087 0.196157 0.196324 0.196436 0.196497 0.196513 0.196487 0.196424 0.196327 0.195099 0.194817 0.194528 0.194242 0.193965 0.193703 0.193465 0.193257
0.192200 0.191908 0.191594 0.191274 0.190966 0.190685 0.190450 0.190276 0.192200 0.192431 0.192660 0.192888 0.193118 0.193353 0.193596 0.193849 0.196123 0.196171 0.196184 0.196174 0.196151 0.196127 0.196114 0.196123 0.197749 0.197526 0.197253 0.196950 0.196640 0.196343 0.196080 0.195873 0.197749 0.197068 0.196381 0.195762 0.195288 0.195037 0.195085 0.195507 0.215397 0.218350 0.221219 0.223967 0.226557 0.228951 0.231112 0.233003 0.235550 0.236159 0.236767 0.237354 0.237899 0.238381 0.238780 0.239075 0.236488 0.236857 0.237346 0.237934 0.238600 0.239322 0.240079 0.240849 0.244814 0.244706 0.244510 0.244250 0.243955 0.243650 0.243362 0.243117 0.244836 0.245024 0.245209 0.245394 0.245583 0.245780 0.245988 0.246212 0.248521 0.248835 0.249146 0.249453 0.249758 0.250059 0.250358 0.250654 0.252671 0.252598 0.252491 0.252366 0.252244 0.252143 0.252080 0.252075 0.255202 0.255259 0.255253 0.255197 0.255101 0.254978 0.254839 0.254695 0.254548 0.254334 0.254127 0.253946 0.253808 0.253731 0.253735 0.253837 0.258840 0.258272 0.257547 0.256719 0.255842 0.254971 0.254159 0.253461 0.256338 0.256354 0.256332 0.256292 0.256254 0.256240 0.256269 0.256361 0.260488 0.260127 0.259630 0.259034 0.258372 0.257679 0.256990 0.256338 0.255736 0.255871 0.256038 0.256227 0.256431 0.256641 0.256850 0.257049 0.257481 0.257586 0.257688 0.257782 0.257865 0.257932 0.257978 0.257999 0.257061 0.255159 0.253146 0.251131 0.249224 0.247534 0.246173 0.245250 0.260291 0.258794 0.256721 0.254186 0.251300 0.248176 0.244926 0.241661 0.227843 0.227069 0.226576 0.226357 0.226407 0.226719 0.227288 0.228105 0.240291 0.239571 0.238486 0.237118 0.235551 0.233868 0.232152 0.230487 0.227234 0.230120 0.233323 0.236670 0.239986 0.243098 0.245832 0.248015 0.233268 0.233869 0.234836 0.236067 0.237457 0.238904 0.240304 0.241554 0.237404 0.237185 0.237034 0.236941 0.236898 0.236894 0.236921 0.236971 0.237199 0.237054 0.236803 0.236426 0.235904 0.235214 0.234338 0.233254 0.218149 0.214846 0.211490 0.208157 0.204926 0.201874 0.199078 0.196617 0.195247 0.195517 0.195847 0.196218 0.196613 0.197012 0.197397 0.197749 0.197726 0.197140 0.196502 0.195843 0.195195 0.194587 0.194053 0.193621 0.196123 0.196290 0.196412 0.196489 0.196520 0.196507 0.196450 0.196350 0.194474 0.194323 0.194195 0.194089 0.194004 0.193936 0.193885 0.193849
0.192200 0.191811 0.191392 0.190966 0.190554 0.190180 0.189866 0.189634 0.192200 0.192548 0.192889 0.193221 0.193545 0.193858 0.194161 0.194451 0.196077 0.196086 0.196073 0.196049 0.196026 0.196016 0.196029 0.196077 0.198351 0.198058 0.197696 0.197294 0.196879 0.196482 0.196129 0.195850 0.198351 0.197832 0.197282 0.196764 0.196342 0.196076 0.196032 0.196270 0.211148 0.214481 0.217881 0.221271 0.224573 0.227707 0.230597 0.233164 0.235527 0.236302 0.237095 0.237877 0.238616 0.239284 0.239848 0.240280 0.237045 0.237395 0.237879 0.238471 0.239147 0.239886 0.240661 0.241451 0.245386 0.245185 0.244888 0.244526 0.244132 0.243737 0.243373 0.243071 0.245364 0.245674 0.245978 0.246277 0.246570 0.246857 0.247137 0.247410 0.249101 0.249484 0.249880 0.250284 0.250689 0.251087 0.251472 0.251836 0.253229 0.253330 0.253420 0.253502 0.253581 0.253660 0.253744 0.253837 0.255088 0.255050 0.254988 0.254909 0.254824 0.254742 0.254674 0.254627 0.255730 0.255590 0.255431 0.255272 0.255130 0.255024 0.254974 0.254996 0.258748 0.258495 0.258136 0.257703 0.257228 0.256739 0.256269 0.255849 0.256872 0.256811 0.256744 0.256686 0.256652 0.256658 0.256719 0.256849 0.260999 0.260613 0.260096 0.259486 0.258820 0.258137 0.257475 0.256872 0.257475 0.257502 0.257523 0.257538 0.257552 0.257566 0.257583 0.257606 0.258129 0.258426 0.258736 0.259047 0.259344 0.259613 0.259840 0.260012 0.258494 0.255919 0.253194 0.250464 0.247876 0.245576 0.243711 0.242427 0.261999 0.259963 0.257171 0.253771 0.249915 0.245751 0.241432 0.237106 0.219269 0.218381 0.217866 0.217709 0.217897 0.218415 0.219249 0.220385 0.235599 0.234735 0.233426 0.231777 0.229893 0.227879 0.225840 0.223880 0.221199 0.225073 0.229345 0.233793 0.238195 0.242330 0.245974 0.248908 0.230865 0.231729 0.233061 0.234731 0.236609 0.238563 0.240463 0.242179 0.238052 0.237822 0.237658 0.237551 0.237493 0.237475 0.237490 0.237529 0.237779 0.237695 0.237484 0.237114 0.236552 0.235766 0.234723 0.233391 0.213251 0.210283 0.207419 0.204701 0.202170 0.199870 0.197842 0.196128 0.196475 0.196729 0.197003 0.197289 0.197577 0.197856 0.198118 0.198351 0.198374 0.197796 0.197162 0.196502 0.195846 0.195224 0.194666 0.194201 0.196077 0.196239 0.196364 0.196449 0.196491 0.196487 0.196434 0.196327 0.193826 0.193811 0.193850 0.193930 0.194041 0.194172 0.194313 0.194451
0.192200 0.191723 0.191209 0.190685 0.190180 0.189721 0.189336 0.189051 0.192200 0.192661 0.193111 0.193545 0.193960 0.194351 0.194713 0.195043 0.196043 0.196013 0.195975 0.195938 0.195915 0.195918 0.195957 0.196043 0.198943 0.198587 0.198145 0.197652 0.197143 0.196653 0.196218 0.195873 0.198943 0.198627 0.198263 0.197896 0.197574 0.197344 0.197251 0.197342 0.207058 0.210697 0.214552 0.218506 0.222444 0.226250 0.229808 0.233003 0.235471 0.236409 0.237379 0.238344 0.239265 0.240104 0.240822 0.241383 0.237682 0.238010 0.238477 0.239060 0.239732 0.240470 0.241248 0.242043 0.245959 0.245666 0.245270 0.244808 0.244317 0.243834 0.243395 0.243037 0.245902 0.246335 0.246761 0.247176 0.247574 0.247953 0.248306 0.248631 0.249715 0.250153 0.250622 0.251108 0.251599 0.252080 0.252538 0.252960 0.253786 0.254061 0.254346 0.254631 0.254906 0.255162 0.255388 0.255575 0.254961 0.254841 0.254734 0.254645 0.254582 0.254552 0.254561 0.254616 0.256856 0.256802 0.256708 0.256589 0.256464 0.256350 0.256265 0.256224 0.258680 0.258735 0.258738 0.258696 0.258618 0.258510 0.258381 0.258237 0.257452 0.257319 0.257211 0.257137 0.257109 0.257136 0.257228 0.257396 0.261523 0.261116 0.260582 0.259963 0.259299 0.258633 0.258003 0.257452 0.259238 0.259145 0.259006 0.258834 0.258643 0.258445 0.258254 0.258084 0.258595 0.259049 0.259531 0.260019 0.260490 0.260922 0.261293 0.261580 0.259369 0.256149 0.252742 0.249327 0.246083 0.243189 0.240825 0.239171 0.262518 0.259963 0.256493 0.252292 0.247545 0.242439 0.237158 0.231888 0.210876 0.209842 0.209250 0.209083 0.209325 0.209958 0.210966 0.212332 0.230517 0.229531 0.228025 0.226126 0.223958 0.221648 0.219320 0.217101 0.215154 0.219927 0.225169 0.230616 0.236003 0.241066 0.245540 0.249160 0.228382 0.229522 0.231222 0.233326 0.235678 0.238123 0.240505 0.242668 0.238597 0.238372 0.238211 0.238107 0.238050 0.238033 0.238048 0.238086 0.238313 0.238239 0.238014 0.237596 0.236945 0.236019 0.234775 0.233174 0.208457 0.205867 0.203532 0.201459 0.199652 0.198120 0.196868 0.195902 0.197715 0.197939 0.198151 0.198347 0.198525 0.198686 0.198825 0.198943 0.198999 0.198436 0.197815 0.197163 0.196509 0.195881 0.195307 0.194815 0.196043 0.196190 0.196311 0.196397 0.196443 0.196442 0.196386 0.196271 0.193201 0.193321 0.193521 0.193782 0.194085 0.194409 0.194735 0.195043
0.192200 0.191648 0.191054 0.190450 0.189866 0.189336 0.188890 0.188562 0.192200 0.192764 0.193315 0.193845 0.194346 0.194811 0.195232 0.195600 0.196043 0.195979 0.195918 0.195870 0.195847 0.195861 0.195922 0.196043 0.199500 0.199093 0.198584 0.198015 0.197426 0.196858 0.196353 0.195952 0.199500 0.199412 0.199264 0.199083 0.198899 0.198741 0.198638 0.198620 0.203289 0.207137 0.211337 0.215741 0.220201 0.224570 0.228700 0.232442 0.235391 0.236486 0.237619 0.238747 0.239826 0.240813 0.241665 0.242338 0.238400 0.238698 0.239137 0.239694 0.240343 0.241060 0.241820 0.242600 0.246530 0.246151 0.245663 0.245106 0.244524 0.243957 0.243449 0.243039 0.246473 0.247023 0.247563 0.248086 0.248583 0.249046 0.249468 0.249839 0.250352 0.250830 0.251354 0.251904 0.252461 0.253008 0.253524 0.253993 0.254343 0.254784 0.255253 0.255730 0.256190 0.256611 0.256970 0.257245 0.254880 0.254692 0.254552 0.254464 0.254430 0.254456 0.254543 0.254695 0.257890 0.257934 0.257919 0.257861 0.257775 0.257677 0.257580 0.257500 0.258682 0.259024 0.259364 0.259690 0.259985 0.260237 0.260429 0.260547 0.258091 0.257896 0.257756 0.257674 0.257656 0.257706 0.257831 0.258034 0.262082 0.261656 0.261109 0.260486 0.259828 0.259181 0.258588 0.258091 0.260991 0.260770 0.260464 0.260095 0.259689 0.259268 0.258858 0.258482 0.258834 0.259392 0.259989 0.260596 0.261183 0.261721 0.262181 0.262533 0.259524 0.255719 0.251693 0.247652 0.243804 0.240356 0.237516 0.235491 0.261550 0.258519 0.254448 0.249552 0.244047 0.238150 0.232076 0.226041 0.203031 0.201815 0.201079 0.200811 0.200998 0.201627 0.202687 0.204164 0.225150 0.224074 0.222412 0.220309 0.217909 0.215356 0.212794 0.210369 0.209315 0.214846 0.220901 0.227184 0.233394 0.239234 0.244406 0.248611 0.225901 0.227325 0.229383 0.231899 0.234695 0.237593 0.240416 0.242986 0.238995 0.238795 0.238661 0.238582 0.238550 0.238555 0.238589 0.238643 0.238791 0.238660 0.238352 0.237820 0.237019 0.235902 0.234422 0.232533 0.203971 0.201784 0.199987 0.198554 0.197456 0.196667 0.196159 0.195904 0.198908 0.199097 0.199241 0.199348 0.199421 0.199467 0.199492 0.199500 0.199557 0.199018 0.198421 0.197791 0.197152 0.196533 0.195957 0.195452 0.196043 0.196167 0.196273 0.196350 0.196390 0.196384 0.196320 0.196191 0.192643 0.192888 0.193238 0.193666 0.194143 0.194643 0.195138 0.195600
0.192200 0.191594 0.190941 0.190276 0.189634 0.189051 0.188562 0.188200 0.192200 0.192852 0.193491 0.194105 0.194685 0.195217 0.195693 0.196100 0.196100 0.196009 0.195929 0.195873 0.195850 0.195873 0.195952 0.196100 0.200000 0.199557 0.198999 0.198374 0.197726 0.197101 0.196543 0.196100 0.200000 0.200148 0.200227 0.200250 0.200227 0.200171 0.200091 0.200000 0.200000 0.203937 0.208343 0.213047 0.217876 0.222659 0.227224 0.231400 0.235300 0.236539 0.237813 0.239075 0.240280 0.241383 0.242338 0.243100 0.239200 0.239459 0.239855 0.240365 0.240967 0.241639 0.242357 0.243100 0.247100 0.246645 0.246074 0.245432 0.244768 0.244126 0.243555 0.243100 0.247100 0.247752 0.248391 0.249005 0.249585 0.250117 0.250593 0.251000 0.251000 0.251500 0.252057 0.252649 0.253251 0.253843 0.254400 0.254900 0.254900 0.255491 0.256128 0.256776 0.257401 0.257970 0.258448 0.258800 0.254900 0.254661 0.254502 0.254422 0.254422 0.254502 0.254661 0.254900 0.258800 0.258948 0.259027 0.259050 0.259027 0.258971 0.258891 0.258800 0.258800 0.259391 0.260028 0.260676 0.261301 0.261870 0.262347 0.262700 0.258800 0.258561 0.258402 0.258322 0.258322 0.258402 0.258561 0.258800 0.262700 0.262257 0.261699 0.261074 0.260426 0.259801 0.259243 0.258800 0.262700 0.262347 0.261870 0.261301 0.260676 0.260028 0.259391 0.258800 0.258800 0.259391 0.260028 0.260676 0.261301 0.261870 0.262347 0.262700 0.258800 0.254498 0.249945 0.245369 0.240998 0.237061 0.233785 0.231400 0.258800 0.255358 0.250797 0.245356 0.239276 0.232797 0.226158 0.219600 0.196100 0.194661 0.193702 0.193222 0.193222 0.193702 0.194661 0.196100 0.219600 0.218477 0.216713 0.214470 0.211907 0.209185 0.206462 0.203900 0.203900 0.209992 0.216645 0.223539 0.230351 0.236763 0.242453 0.247100 0.223500 0.225211 0.227609 0.230499 0.233688 0.236981 0.240183 0.243100 0.239200 0.239052 0.238973 0.238950 0.238973 0.239029 0.239109 0.239200 0.239200 0.238932 0.238458 0.237734 0.236711 0.235346 0.233591 0.231400 0.200000 0.198219 0.196941 0.196110 0.195668 0.195557 0.195720 0.196100 0.200000 0.200148 0.200227 0.200250 0.200227 0.200171 0.200091 0.200000 0.200000 0.199500 0.198943 0.198351 0.197749 0.197157 0.196600 0.196100 0.196100 0.196191 0.196271 0.196327 0.196350 0.196327 0.196248 0.196100 0.192200 0.192552 0.193030 0.193599 0.194224 0.194872 0.195509 0.196100
0.192200 0.192200 0.192200 0.192200 0.192200 0.192200 0.192200 0.192200 0.192200 0.192609 0.193087 0.193621 0.194201 0.194815 0.195452 0.196100 0.200000 0.200148 0.200227 0.200250 0.200227 0.200171 0.200091 0.200000 0.200000 0.200000 0.200000 0.200000 0.200000 0.200000 0.200000 0.200000 0.200000 0.200500 0.201057 0.201649 0.202251 0.202843 0.203400 0.203900 0.203900 0.203168 0.202527 0.202069 0.201886 0.202069 0.202710 0.203900 0.235300 0.236806 0.237843 0.238502 0.238876 0.239055 0.239133 0.239200 0.247100 0.246702 0.246131 0.245455 0.244745 0.244069 0.243498 0.243100 0.251000 0.250617 0.250062 0.249403 0.248709 0.248048 0.247489 0.247100 0.254900 0.255196 0.255355 0.255400 0.255355 0.255241 0.255082 0.254900 0.254900 0.254809 0.254729 0.254673 0.254650 0.254673 0.254752 0.254900 0.258800 0.259448 0.260085 0.260699 0.261279 0.261813 0.262291 0.262700 0.262700 0.262791 0.262871 0.262927 0.262950 0.262927 0.262848 0.262700 0.258800 0.259666 0.260715 0.261889 0.263133 0.264387 0.265596 0.266700 0.266700 0.266700 0.266700 0.266700 0.266700 0.266700 0.266700 0.266700 0.266700 0.267200 0.267757 0.268349 0.268951 0.269543 0.270100 0.270600 0.270600 0.270009 0.269372 0.268724 0.268099 0.267530 0.267052 0.266700 0.270600 0.269507 0.268140 0.266544 0.264766 0.262852 0.260848 0.258800 0.247100 0.244418 0.241620 0.238752 0.235860 0.232991 0.230189 0.227500 0.215700 0.212880 0.209843 0.206612 0.203210 0.199659 0.195982 0.192200 0.164700 0.162152 0.160154 0.158774 0.158081 0.158142 0.159025 0.160800 0.203900 0.199457 0.193699 0.187074 0.180026 0.173001 0.166443 0.160800 0.184300 0.184915 0.185154 0.185119 0.184913 0.184640 0.184401 0.184300 0.196100 0.196090 0.195931 0.195714 0.195531 0.195473 0.195632 0.196100 0.215700 0.219048 0.222328 0.225470 0.228407 0.231070 0.233391 0.235300 0.231400 0.232844 0.234515 0.236323 0.238177 0.239985 0.241656 0.243100 0.239200 0.234524 0.229401 0.224027 0.218595 0.213301 0.208337 0.203900 0.203900 0.203400 0.202843 0.202251 0.201649 0.201057 0.200500 0.200000 0.200000 0.200091 0.200171 0.200227 0.200250 0.200227 0.200148 0.200000 0.196100 0.196452 0.196930 0.197499 0.198124 0.198772 0.199409 0.200000 0.200000 0.199500 0.198943 0.198351 0.197749 0.197157 0.196600 0.196100 0.196100 0.196100 0.196100 0.196100 0.196100 0.196100 0.196100 0.196100
0.192700 0.192723 0.192748 0.192773 0.192798 0.192820 0.192838 0.192852 0.192700 0.193110 0.193593 0.194136 0.194730 0.195361 0.196019 0.196691 0.200830 0.200905 0.200897 0.200821 0.200693 0.200528 0.200341 0.200148 0.199909 0.199922 0.199942 0.199965 0.199990 0.200015 0.200038 0.200057 0.199909 0.200423 0.200998 0.201611 0.202237 0.202853 0.203434 0.203957 0.203957 0.203233 0.202585 0.202096 0.201853 0.201941 0.202444 0.203449 0.231679 0.232870 0.233652 0.234125 0.234389 0.234544 0.234691 0.234931 0.247616 0.247408 0.246941 0.246298 0.245562 0.244814 0.244137 0.243613 0.251148 0.250978 0.250660 0.250248 0.249797 0.249361 0.248995 0.248752 0.255105 0.255317 0.255417 0.255426 0.255364 0.255251 0.255109 0.254957 0.255364 0.255344 0.255334 0.255346 0.255389 0.255473 0.255609 0.255807 0.259779 0.260245 0.260685 0.261098 0.261485 0.261844 0.262177 0.262482 0.263827 0.263953 0.264045 0.264100 0.264111 0.264072 0.263980 0.263827 0.260630 0.261419 0.262370 0.263433 0.264559 0.265698 0.266800 0.267816 0.268316 0.268223 0.268113 0.267993 0.267871 0.267756 0.267655 0.267577 0.268316 0.268606 0.268923 0.269260 0.269611 0.269969 0.270328 0.270681 0.272448 0.271750 0.270944 0.270076 0.269189 0.268327 0.267532 0.266850 0.268884 0.266866 0.264488 0.261823 0.258944 0.255924 0.252834 0.249748 0.234345 0.232105 0.229863 0.227624 0.225389 0.223164 0.220949 0.218749 0.204009 0.201449 0.198775 0.195986 0.193081 0.190061 0.186924 0.183672 0.157619 0.155432 0.153787 0.152738 0.152338 0.152639 0.153694 0.155557 0.195652 0.191665 0.186464 0.180456 0.174045 0.167636 0.161635 0.156448 0.176933 0.177542 0.177831 0.177888 0.177800 0.177653 0.177533 0.177528 0.187989 0.187902 0.187705 0.187493 0.187361 0.187405 0.187719 0.188398 0.211376 0.214674 0.217856 0.220880 0.223708 0.226299 0.228613 0.230610 0.232337 0.233202 0.234112 0.235029 0.235917 0.236738 0.237456 0.238035 0.235079 0.230792 0.226089 0.221155 0.216172 0.211324 0.206794 0.202767 0.204048 0.203650 0.203181 0.202667 0.202132 0.201600 0.201097 0.200648 0.201092 0.201141 0.201163 0.201150 0.201094 0.200988 0.200823 0.200591 0.196452 0.196770 0.197213 0.197749 0.198344 0.198965 0.199577 0.200148 0.200148 0.199627 0.199048 0.198433 0.197808 0.197194 0.196617 0.196100 0.196157 0.196152 0.196145 0.196136 0.196127 0.196118 0.196109 0.196100
0.193257 0.193293 0.193331 0.193370 0.193407 0.193441 0.193470 0.193491 0.193257 0.193671 0.194160 0.194713 0.195318 0.195964 0.196637 0.197328 0.201626 0.201619 0.201515 0.201334 0.201095 0.200818 0.200522 0.200227 0.199829 0.199849 0.199878 0.199913 0.199952 0.199991 0.200027 0.200057 0.199829 0.200350 0.200935 0.201560 0.202199 0.202828 0.203422 0.203957 0.203957 0.203338 0.202784 0.202366 0.202159 0.202234 0.202665 0.203524 0.227669 0.228510 0.229018 0.229299 0.229460 0.229607 0.229846 0.230284 0.247845 0.247877 0.247568 0.247013 0.246304 0.245534 0.244797 0.244185 0.251227 0.251293 0.251238 0.251101 0.250921 0.250736 0.250585 0.250506 0.255184 0.255312 0.255357 0.255337 0.255269 0.255172 0.255062 0.254957 0.255839 0.255908 0.255988 0.256086 0.256213 0.256375 0.256581 0.256840 0.260828 0.261097 0.261325 0.261523 0.261702 0.261874 0.262050 0.262241 0.264956 0.265111 0.265212 0.265261 0.265258 0.265205 0.265104 0.264956 0.262711 0.263399 0.264220 0.265135 0.266102 0.267084 0.268040 0.268930 0.269987 0.269807 0.269591 0.269355 0.269116 0.268888 0.268688 0.268532 0.269987 0.270037 0.270081 0.270130 0.270196 0.270289 0.270420 0.270601 0.274203 0.273395 0.272414 0.271312 0.270144 0.268960 0.267814 0.266758 0.266321 0.263300 0.259839 0.256038 0.251996 0.247814 0.243591 0.239428 0.220331 0.218645 0.217086 0.215609 0.214168 0.212719 0.211218 0.209618 0.191930 0.189633 0.187332 0.185006 0.182633 0.180193 0.177665 0.175029 0.151784 0.149979 0.148672 0.147903 0.147712 0.148138 0.149220 0.151000 0.186297 0.182883 0.178407 0.173220 0.167672 0.162114 0.156896 0.152370 0.169498 0.170060 0.170361 0.170472 0.170462 0.170403 0.170363 0.170414 0.179191 0.179135 0.179026 0.178954 0.179011 0.179288 0.179877 0.180867 0.206731 0.209958 0.213030 0.215935 0.218662 0.221197 0.223529 0.225645 0.233376 0.233581 0.233630 0.233547 0.233355 0.233076 0.232735 0.232353 0.230511 0.226754 0.222620 0.218277 0.213890 0.209625 0.205648 0.202126 0.204127 0.203815 0.203430 0.202996 0.202539 0.202085 0.201658 0.201285 0.202285 0.202288 0.202245 0.202153 0.202009 0.201809 0.201550 0.201228 0.196930 0.197190 0.197573 0.198048 0.198583 0.199145 0.199704 0.200227 0.200227 0.199697 0.199106 0.198479 0.197841 0.197216 0.196627 0.196100 0.196157 0.196152 0.196145 0.196136 0.196127 0.196118 0.196109 0.196100
0.193849 0.193888 0.193929 0.193972 0.194013 0.194051 0.194082 0.194105 0.193849 0.194266 0.194761 0.195322 0.195936 0.196591 0.197275 0.197976 0.202354 0.202261 0.202059 0.201773 0.201425 0.201040 0.200640 0.200250 0.199773 0.199792 0.199824 0.199862 0.199905 0.199949 0.199989 0.200023 0.199773 0.200295 0.200883 0.201511 0.202154 0.202787 0.203385 0.203923 0.203923 0.203481 0.203097 0.202828 0.202728 0.202855 0.203264 0.204012 0.223441 0.223914 0.224142 0.224233 0.224299 0.224450 0.224794 0.225443 0.247741 0.248057 0.247959 0.247547 0.246924 0.246189 0.245445 0.244791 0.251250 0.251563 0.251787 0.251942 0.252050 0.252132 0.252209 0.252303 0.255173 0.255217 0.255211 0.255169 0.255105 0.255034 0.254968 0.254923 0.256338 0.256508 0.256688 0.256885 0.257105 0.257354 0.257638 0.257964 0.261935 0.262004 0.262016 0.261996 0.261964 0.261945 0.261961 0.262035 0.266085 0.266264 0.266370 0.266410 0.266392 0.266327 0.266222 0.266085 0.264976 0.265546 0.266214 0.266951 0.267731 0.268525 0.269305 0.270043 0.271692 0.271432 0.271119 0.270775 0.270424 0.270091 0.269796 0.269566 0.271692 0.271488 0.271244 0.270989 0.270752 0.270563 0.270449 0.270441 0.275774 0.274860 0.273706 0.272372 0.270917 0.269401 0.267884 0.266425 0.262865 0.258807 0.254239 0.249288 0.244080 0.238740 0.233395 0.228170 0.205561 0.204506 0.203710 0.203079 0.202516 0.201927 0.201217 0.200292 0.179793 0.177760 0.175835 0.173980 0.172155 0.170322 0.168442 0.166477 0.147081 0.145668 0.144679 0.144143 0.144088 0.144543 0.145535 0.147094 0.176246 0.173488 0.169857 0.165638 0.161118 0.156581 0.152313 0.148601 0.162167 0.162650 0.162930 0.163061 0.163098 0.163093 0.163100 0.163174 0.170060 0.170115 0.170183 0.170347 0.170688 0.171290 0.172233 0.173600 0.201926 0.205075 0.208041 0.210838 0.213480 0.215980 0.218352 0.220610 0.234379 0.233882 0.233024 0.231891 0.230569 0.229142 0.227697 0.226318 0.225693 0.222566 0.219110 0.215467 0.211783 0.208199 0.204860 0.201909 0.204150 0.203908 0.203599 0.203247 0.202877 0.202512 0.202178 0.201899 0.203525 0.203477 0.203364 0.203187 0.202949 0.202649 0.202291 0.201876 0.197499 0.197686 0.197989 0.198381 0.198832 0.199313 0.199795 0.200250 0.200250 0.199717 0.199124 0.198494 0.197853 0.197224 0.196631 0.196100 0.196123 0.196121 0.196118 0.196115 0.196111 0.196107 0.196103 0.196100
0.194451 0.194487 0.194525 0.194563 0.194601 0.194635 0.194663 0.194685 0.194451 0.194873 0.195372 0.195936 0.196553 0.197211 0.197898 0.198601 0.202979 0.202803 0.202509 0.202124 0.201677 0.201193 0.200701 0.200227 0.199750 0.199766 0.199794 0.199829 0.199868 0.199908 0.199946 0.199977 0.199750 0.200271 0.200856 0.201480 0.202119 0.202748 0.203343 0.203877 0.203877 0.203660 0.203498 0.203429 0.203487 0.203710 0.204135 0.204798 0.219169 0.219274 0.219226 0.219136 0.219117 0.219278 0.219732 0.220590 0.247259 0.247897 0.248058 0.247848 0.247373 0.246738 0.246048 0.245409 0.251227 0.251791 0.252298 0.252750 0.253152 0.253507 0.253817 0.254087 0.255105 0.255068 0.255015 0.254957 0.254905 0.254867 0.254855 0.254877 0.256872 0.257147 0.257433 0.257731 0.258048 0.258387 0.258751 0.259146 0.263087 0.262964 0.262769 0.262538 0.262304 0.262100 0.261961 0.261920 0.267215 0.267412 0.267517 0.267546 0.267514 0.267438 0.267333 0.267215 0.267356 0.267797 0.268296 0.268841 0.269414 0.270001 0.270587 0.271157 0.273408 0.273079 0.272680 0.272240 0.271789 0.271358 0.270978 0.270679 0.273408 0.272952 0.272422 0.271865 0.271327 0.270852 0.270488 0.270281 0.277071 0.276061 0.274748 0.273194 0.271464 0.269621 0.267729 0.265852 0.258470 0.253383 0.247735 0.241675 0.235353 0.228919 0.222520 0.216307 0.190539 0.190153 0.190156 0.190404 0.190752 0.191056 0.191172 0.190953 0.167930 0.166158 0.164604 0.163214 0.161935 0.160712 0.159493 0.158223 0.143396 0.142371 0.141676 0.141330 0.141350 0.141758 0.142570 0.143806 0.165909 0.163856 0.161142 0.157983 0.154593 0.151185 0.147975 0.145176 0.155111 0.155490 0.155723 0.155847 0.155902 0.155925 0.155954 0.156026 0.160952 0.161165 0.161464 0.161918 0.162598 0.163574 0.164913 0.166688 0.197119 0.200203 0.203082 0.205794 0.208376 0.210865 0.213298 0.215712 0.235210 0.234008 0.232248 0.230076 0.227638 0.225080 0.222550 0.220192 0.220818 0.218385 0.215673 0.212801 0.209885 0.207042 0.204390 0.202046 0.204127 0.203942 0.203702 0.203431 0.203151 0.202884 0.202653 0.202479 0.204753 0.204652 0.204466 0.204202 0.203867 0.203467 0.203009 0.202501 0.198124 0.198228 0.198439 0.198732 0.199083 0.199466 0.199855 0.200227 0.200227 0.199698 0.199109 0.198484 0.197846 0.197220 0.196630 0.196100 0.196077 0.196079 0.196082 0.196085 0.196089 0.196093 0.196097 0.196100
0.195043 0.195069 0.195098 0.195127 0.195155 0.195180 0.195202 0.195217 0.195043 0.195465 0.195964 0.196526 0.197139 0.197793 0.198474 0.199170 0.203468 0.203217 0.202842 0.202373 0.201841 0.201276 0.200709 0.200171 0.199773 0.199783 0.199803 0.199829 0.199859 0.199889 0.199918 0.199943 0.199773 0.200288 0.200866 0.201482 0.202112 0.202732 0.203317 0.203843 0.203843 0.203874 0.203960 0.204117 0.204360 0.204706 0.205170 0.205767 0.215023 0.214778 0.214472 0.214216 0.214122 0.214299 0.214858 0.215910 0.246355 0.247345 0.247813 0.247864 0.247604 0.247138 0.246574 0.246015 0.251171 0.251979 0.252762 0.253505 0.254196 0.254818 0.255359 0.255803 0.255014 0.254901 0.254807 0.254739 0.254702 0.254703 0.254748 0.254843 0.257452 0.257832 0.258219 0.258617 0.259027 0.259451 0.259892 0.260352 0.264274 0.263976 0.263594 0.263173 0.262754 0.262383 0.262102 0.261955 0.268344 0.268553 0.268654 0.268670 0.268625 0.268540 0.268439 0.268344 0.269783 0.270090 0.270416 0.270761 0.271120 0.271493 0.271877 0.272270 0.275113 0.274729 0.274258 0.273736 0.273200 0.272686 0.272231 0.271872 0.275113 0.274423 0.273629 0.272789 0.271966 0.271219 0.270611 0.270201 0.278001 0.276913 0.275464 0.273719 0.271740 0.269592 0.267337 0.265040 0.253091 0.247025 0.240372 0.233300 0.225976 0.218568 0.211244 0.204170 0.175769 0.176050 0.176843 0.177955 0.179197 0.180377 0.181303 0.181786 0.156672 0.155155 0.153958 0.153015 0.152261 0.151629 0.151054 0.150471 0.140614 0.139962 0.139533 0.139336 0.139384 0.139686 0.140255 0.141100 0.155699 0.154363 0.152592 0.150527 0.148307 0.146074 0.143968 0.142128 0.148500 0.148759 0.148925 0.149022 0.149073 0.149102 0.149132 0.149186 0.152220 0.152609 0.153156 0.153917 0.154948 0.156305 0.158044 0.160222 0.192473 0.195519 0.198344 0.201007 0.203563 0.206068 0.208581 0.211157 0.235732 0.233864 0.231257 0.228115 0.224640 0.221034 0.217499 0.214238 0.216080 0.214367 0.212428 0.210352 0.208228 0.206147 0.204198 0.202470 0.204071 0.203928 0.203750 0.203557 0.203367 0.203201 0.203076 0.203013 0.205913 0.205758 0.205499 0.205147 0.204716 0.204218 0.203665 0.203070 0.198772 0.198789 0.198901 0.199088 0.199329 0.199603 0.199891 0.200171 0.200171 0.199650 0.199069 0.198453 0.197824 0.197207 0.196624 0.196100 0.196043 0.196048 0.196055 0.196064 0.196073 0.196082 0.196091 0.196100
0.195600 0.195614 0.195629 0.195645 0.195660 0.195673 0.195685 0.195693 0.195600 0.196019 0.196511 0.197064 0.197665 0.198305 0.198969 0.199648 0.203786 0.203475 0.203036 0.202504 0.201910 0.201288 0.200671 0.200091 0.199852 0.199857 0.199867 0.199881 0.199897 0.199913 0.199929 0.199943 0.199852 0.200361 0.200929 0.201533 0.202151 0.202757 0.203329 0.203843 0.203843 0.204121 0.204455 0.204841 0.205273 0.205748 0.206260 0.206806 0.211176 0.210615 0.210081 0.209682 0.209525 0.209718 0.210369 0.211585 0.244984 0.246350 0.247169 0.247541 0.247568 0.247350 0.246990 0.246587 0.251091 0.252127 0.253170 0.254187 0.255149 0.256024 0.256782 0.257392 0.254934 0.254754 0.254624 0.254549 0.254530 0.254571 0.254674 0.254843 0.258091 0.258566 0.259046 0.259531 0.260024 0.260523 0.261031 0.261548 0.265482 0.265040 0.264502 0.263921 0.263348 0.262835 0.262433 0.262196 0.269473 0.269685 0.269779 0.269781 0.269723 0.269633 0.269540 0.269473 0.272187 0.272364 0.272521 0.272669 0.272818 0.272980 0.273165 0.273384 0.276784 0.276361 0.275837 0.275252 0.274648 0.274069 0.273554 0.273145 0.276784 0.275896 0.274874 0.273790 0.272716 0.271725 0.270889 0.270280 0.278474 0.277330 0.275781 0.273885 0.271700 0.269284 0.266694 0.263989 0.246683 0.239732 0.232199 0.224264 0.216106 0.207905 0.199840 0.192091 0.161755 0.162665 0.164192 0.166104 0.168170 0.170157 0.171836 0.172973 0.146352 0.145080 0.144217 0.143689 0.143420 0.143337 0.143365 0.143428 0.138620 0.138314 0.138118 0.138035 0.138072 0.138232 0.138521 0.138943 0.146025 0.145385 0.144535 0.143542 0.142473 0.141397 0.140380 0.139491 0.142506 0.142636 0.142722 0.142776 0.142807 0.142826 0.142844 0.142872 0.144217 0.144772 0.145548 0.146591 0.147943 0.149648 0.151752 0.154296 0.188146 0.191199 0.194020 0.196680 0.199253 0.201807 0.204416 0.207151 0.235808 0.233350 0.230005 0.226022 0.221653 0.217145 0.212751 0.208720 0.211676 0.210669 0.209488 0.208194 0.206848 0.205511 0.204245 0.203111 0.203991 0.203880 0.203755 0.203634 0.203532 0.203463 0.203444 0.203491 0.206947 0.206739 0.206408 0.205973 0.205452 0.204862 0.204221 0.203548 0.199409 0.199339 0.199352 0.199432 0.199561 0.199725 0.199907 0.200091 0.200091 0.199580 0.199011 0.198407 0.197791 0.197185 0.196614 0.196100 0.196043 0.196048 0.196055 0.196064 0.196073 0.196082 0.196091 0.196100
0.196100 0.196100 0.196100 0.196100 0.196100 0.196100 0.196100 0.196100 0.196100 0.196509 0.196987 0.197521 0.198101 0.198715 0.199352 0.200000 0.203900 0.203548 0.203070 0.202501 0.201876 0.201228 0.200591 0.200000 0.200000 0.200000 0.200000 0.200000 0.200000 0.200000 0.200000 0.200000 0.200000 0.200500 0.201057 0.201649 0.202251 0.202843 0.203400 0.203900 0.203900 0.204400 0.204957 0.205549 0.206151 0.206743 0.207300 0.207800 0.207800 0.206977 0.206256 0.205742 0.205536 0.205742 0.206462 0.207800 0.243100 0.244860 0.246072 0.246828 0.247217 0.247332 0.247262 0.247100 0.251000 0.252239 0.253513 0.254775 0.255980 0.257083 0.258038 0.258800 0.254900 0.254661 0.254502 0.254422 0.254422 0.254502 0.254661 0.254900 0.258800 0.259355 0.259910 0.260466 0.261022 0.261580 0.262139 0.262700 0.266700 0.266154 0.265503 0.264805 0.264117 0.263499 0.263007 0.262700 0.270600 0.270808 0.270890 0.270879 0.270810 0.270718 0.270636 0.270600 0.274500 0.274557 0.274557 0.274523 0.274477 0.274443 0.274443 0.274500 0.278400 0.277957 0.277399 0.276774 0.276126 0.275501 0.274943 0.274500 0.278400 0.277365 0.276171 0.274898 0.273625 0.272431 0.271396 0.270600 0.278400 0.277230 0.275626 0.273634 0.271299 0.268668 0.265787 0.262700 0.239200 0.231499 0.223260 0.214666 0.205901 0.197146 0.188585 0.180400 0.149000 0.150463 0.152624 0.155221 0.157990 0.160668 0.162992 0.164700 0.137300 0.136262 0.135702 0.135543 0.135702 0.136102 0.136661 0.137300 0.137300 0.137300 0.137300 0.137300 0.137300 0.137300 0.137300 0.137300 0.137300 0.137300 0.137300 0.137300 0.137300 0.137300 0.137300 0.137300 0.137300 0.137300 0.137300 0.137300 0.137300 0.137300 0.137300 0.137300 0.137300 0.137978 0.138929 0.140188 0.141790 0.143769 0.146161 0.149000 0.184300 0.187420 0.190299 0.193019 0.195659 0.198299 0.201019 0.203900 0.235300 0.232371 0.228447 0.223813 0.218755 0.213559 0.208513 0.203900 0.207800 0.207448 0.206970 0.206401 0.205776 0.205128 0.204491 0.203900 0.203900 0.203809 0.203729 0.203673 0.203650 0.203673 0.203752 0.203900 0.207800 0.207538 0.207141 0.206629 0.206026 0.205355 0.204639 0.203900 0.200000 0.199852 0.199773 0.199750 0.199773 0.199829 0.199909 0.200000 0.200000 0.199500 0.198943 0.198351 0.197749 0.197157 0.196600 0.196100 0.196100 0.196100 0.196100 0.196100 0.196100 0.196100 0.196100 0.196100
0.196100 0.196100 0.196100 0.196100 0.196100 0.196100 0.196100 0.196100 0.196100 0.196100 0.196100 0.196100 0.196100 0.196100 0.196100 0.196100 0.196100 0.196509 0.196987 0.197521 0.198101 0.198715 0.199352 0.200000 0.203900 0.204048 0.204127 0.204150 0.204127 0.204071 0.203991 0.203900 0.203900 0.204400 0.204957 0.205549 0.206151 0.206743 0.207300 0.207800 0.207800 0.207115 0.206397 0.205691 0.205042 0.204497 0.204101 0.203900 0.211800 0.212099 0.212261 0.212307 0.212261 0.212145 0.211984 0.211800 0.211800 0.216237 0.221201 0.226495 0.231927 0.237301 0.242424 0.247100 0.251000 0.252148 0.253342 0.254548 0.255730 0.256856 0.257890 0.258800 0.258800 0.258616 0.258455 0.258339 0.258293 0.258339 0.258501 0.258800 0.266700 0.266817 0.266820 0.266752 0.266660 0.266591 0.266589 0.266700 0.274500 0.275296 0.276012 0.276649 0.277206 0.277684 0.278082 0.278400 0.278400 0.278307 0.278225 0.278167 0.278143 0.278167 0.278248 0.278400 0.282400 0.282461 0.282463 0.282429 0.282383 0.282348 0.282345 0.282400 0.286300 0.286448 0.286527 0.286550 0.286527 0.286471 0.286391 0.286300 0.286300 0.287032 0.287673 0.288131 0.288314 0.288131 0.287490 0.286300 0.254900 0.254906 0.255074 0.255081 0.254608 0.253334 0.250938 0.247100 0.152900 0.147329 0.143178 0.140263 0.138402 0.137410 0.137104 0.137300 0.137300 0.137300 0.137300 0.137300 0.137300 0.137300 0.137300 0.137300 0.137300 0.137300 0.137300 0.137300 0.137300 0.137300 0.137300 0.137300 0.137300 0.137300 0.137300 0.137300 0.137300 0.137300 0.137300 0.137300 0.137300 0.137300 0.137300 0.137300 0.137300 0.137300 0.137300 0.137300 0.137300 0.137027 0.136788 0.136618 0.136550 0.136618 0.136857 0.137300 0.149000 0.146846 0.144455 0.142064 0.139914 0.138243 0.137292 0.137300 0.184300 0.190976 0.197298 0.203153 0.208425 0.213000 0.216763 0.219600 0.203900 0.204318 0.205127 0.206233 0.207545 0.208971 0.210420 0.211800 0.211800 0.211378 0.210886 0.210336 0.209741 0.209112 0.208461 0.207800 0.203900 0.203752 0.203673 0.203650 0.203673 0.203729 0.203809 0.203900 0.203900 0.203400 0.202843 0.202251 0.201649 0.201057 0.200500 0.200000 0.200000 0.200000 0.200000 0.200000 0.200000 0.200000 0.200000 0.200000 0.200000 0.199409 0.198772 0.198124 0.197499 0.196930 0.196452 0.196100 0.200000 0.199648 0.199170 0.198601 0.197976 0.197328 0.196691 0.196100
0.196100 0.196150 0.196207 0.196268 0.196330 0.196393 0.196453 0.196509 0.196600 0.196590 0.196576 0.196558 0.196536 0.196510 0.196483 0.196452 0.196214 0.196612 0.197079 0.197603 0.198170 0.198767 0.199381 0.200000 0.203366 0.203661 0.203912 0.204121 0.204288 0.204415 0.204501 0.204548 0.203864 0.204347 0.204902 0.205501 0.206121 0.206737 0.207323 0.207855 0.207948 0.207272 0.206561 0.205859 0.205214 0.204670 0.204273 0.204068 0.211861 0.212277 0.212560 0.212723 0.212780 0.212745 0.212631 0.212452 0.210523 0.214395 0.218802 0.223576 0.228548 0.233551 0.238418 0.242981 0.252324 0.253465 0.254538 0.255534 0.256447 0.257270 0.257995 0.258616 0.259448 0.259434 0.259439 0.259481 0.259578 0.259746 0.260005 0.260371 0.267409 0.267549 0.267593 0.267581 0.267551 0.267545 0.267602 0.267761 0.275112 0.275846 0.276505 0.277091 0.277603 0.278045 0.278417 0.278720 0.279027 0.278814 0.278603 0.278415 0.278271 0.278195 0.278207 0.278329 0.284109 0.284329 0.284463 0.284532 0.284560 0.284567 0.284575 0.284607 0.287325 0.287450 0.287530 0.287570 0.287578 0.287560 0.287523 0.287473 0.287325 0.288503 0.289576 0.290409 0.290866 0.290814 0.290115 0.288636 0.245087 0.243790 0.242822 0.241885 0.240676 0.238897 0.236246 0.232424 0.147628 0.142852 0.139388 0.137063 0.135702 0.135132 0.135178 0.135666 0.136857 0.136801 0.136719 0.136621 0.136516 0.136414 0.136326 0.136262 0.137300 0.137339 0.137361 0.137367 0.137361 0.137345 0.137324 0.137300 0.137300 0.137300 0.137300 0.137300 0.137300 0.137300 0.137300 0.137300 0.137300 0.137300 0.137300 0.137300 0.137300 0.137300 0.137300 0.137300 0.137300 0.136997 0.136723 0.136514 0.136405 0.136430 0.136626 0.137027 0.148529 0.146442 0.144115 0.141781 0.139669 0.138012 0.137041 0.136986 0.181688 0.188246 0.194502 0.200341 0.205647 0.210307 0.214204 0.217224 0.204133 0.204664 0.205538 0.206666 0.207964 0.209345 0.210721 0.212008 0.211254 0.210886 0.210473 0.210020 0.209535 0.209024 0.208492 0.207948 0.204307 0.204186 0.204127 0.204117 0.204142 0.204191 0.204250 0.204307 0.203568 0.203110 0.202618 0.202109 0.201601 0.201112 0.200659 0.200262 0.200500 0.200509 0.200514 0.200516 0.200514 0.200511 0.200506 0.200500 0.200500 0.199917 0.199288 0.198645 0.198021 0.197451 0.196966 0.196600 0.200148 0.199751 0.199233 0.198626 0.197966 0.197286 0.196623 0.196009
0.196100 0.196210 0.196333 0.196465 0.196601 0.196736 0.196867 0.196987 0.197157 0.197144 0.197123 0.197095 0.197062 0.197022 0.196978 0.196930 0.196532 0.196898 0.197330 0.197813 0.198336 0.198883 0.199442 0.200000 0.202729 0.203180 0.203615 0.204024 0.204396 0.204720 0.204987 0.205185 0.203782 0.204247 0.204796 0.205403 0.206039 0.206677 0.207291 0.207852 0.208027 0.207392 0.206723 0.206063 0.205455 0.204944 0.204572 0.204385 0.211863 0.212380 0.212775 0.213053 0.213218 0.213276 0.213232 0.213091 0.209804 0.212996 0.216706 0.220803 0.225155 0.229629 0.234093 0.238416 0.253601 0.254761 0.255731 0.256532 0.257184 0.257708 0.258124 0.258455 0.260085 0.260260 0.260452 0.260673 0.260934 0.261244 0.261614 0.262056 0.268048 0.268223 0.268325 0.268387 0.268441 0.268519 0.268654 0.268878 0.275667 0.276307 0.276877 0.277380 0.277820 0.278200 0.278526 0.278799 0.279598 0.279266 0.278921 0.278596 0.278326 0.278142 0.278079 0.278168 0.285862 0.286255 0.286533 0.286717 0.286826 0.286882 0.286905 0.286915 0.288359 0.288449 0.288515 0.288561 0.288590 0.288602 0.288600 0.288587 0.288359 0.289995 0.291509 0.292722 0.293453 0.293523 0.292752 0.290961 0.234758 0.231973 0.229692 0.227645 0.225563 0.223178 0.220220 0.216420 0.143638 0.139702 0.136914 0.135121 0.134167 0.133897 0.134155 0.134787 0.136618 0.136532 0.136406 0.136255 0.136094 0.135937 0.135802 0.135702 0.137300 0.137361 0.137393 0.137402 0.137393 0.137370 0.137337 0.137300 0.137300 0.137300 0.137300 0.137300 0.137300 0.137300 0.137300 0.137300 0.137300 0.137300 0.137300 0.137300 0.137300 0.137300 0.137300 0.137300 0.137300 0.136974 0.136672 0.136432 0.136288 0.136275 0.136430 0.136788 0.147968 0.146037 0.143876 0.141702 0.139732 0.138183 0.137273 0.137219 0.179041 0.185370 0.191456 0.197187 0.202452 0.207140 0.211141 0.214344 0.205098 0.205679 0.206520 0.207548 0.208690 0.209877 0.211034 0.212090 0.210603 0.210292 0.209960 0.209608 0.209238 0.208850 0.208446 0.208027 0.204783 0.204693 0.204657 0.204659 0.204687 0.204725 0.204762 0.204783 0.203327 0.202920 0.202502 0.202083 0.201677 0.201296 0.200953 0.200659 0.201057 0.201073 0.201081 0.201083 0.201081 0.201075 0.201067 0.201057 0.201057 0.200486 0.199866 0.199230 0.198609 0.198036 0.197541 0.197157 0.200227 0.199792 0.199241 0.198607 0.197925 0.197229 0.196552 0.195929
0.196100 0.196277 0.196475 0.196688 0.196906 0.197123 0.197330 0.197521 0.197749 0.197736 0.197715 0.197685 0.197648 0.197604 0.197554 0.197499 0.197021 0.197337 0.197711 0.198130 0.198582 0.199052 0.199529 0.200000 0.202047 0.202655 0.203276 0.203887 0.204467 0.204994 0.205445 0.205799 0.203690 0.204134 0.204675 0.205285 0.205934 0.206592 0.207229 0.207817 0.208050 0.207484 0.206887 0.206299 0.205761 0.205311 0.204990 0.204838 0.211829 0.212431 0.212927 0.213312 0.213585 0.213744 0.213785 0.213705 0.209565 0.211999 0.214917 0.218229 0.221843 0.225670 0.229619 0.233599 0.254707 0.255918 0.256820 0.257459 0.257883 0.258140 0.258276 0.258339 0.260699 0.261075 0.261470 0.261885 0.262324 0.262790 0.263284 0.263811 0.268628 0.268846 0.269019 0.269169 0.269321 0.269499 0.269726 0.270027 0.276188 0.276713 0.277172 0.277571 0.277918 0.278220 0.278484 0.278719 0.280136 0.279689 0.279214 0.278756 0.278359 0.278068 0.277929 0.277985 0.287625 0.288198 0.288626 0.288930 0.289126 0.289236 0.289277 0.289268 0.289416 0.289460 0.289503 0.289546 0.289585 0.289619 0.289647 0.289666 0.289416 0.291509 0.293461 0.295048 0.296046 0.296230 0.295377 0.293262 0.224280 0.219885 0.216165 0.212893 0.209837 0.206770 0.203462 0.199683 0.140770 0.137690 0.135556 0.134238 0.133607 0.133532 0.133885 0.134536 0.136550 0.136456 0.136317 0.136151 0.135973 0.135801 0.135652 0.135543 0.137300 0.137367 0.137402 0.137413 0.137402 0.137377 0.137341 0.137300 0.137300 0.137300 0.137300 0.137300 0.137300 0.137300 0.137300 0.137300 0.137300 0.137300 0.137300 0.137300 0.137300 0.137300 0.137300 0.137300 0.137300 0.136959 0.136641 0.136379 0.136210 0.136170 0.136294 0.136618 0.147465 0.145772 0.143866 0.141943 0.140203 0.138845 0.138066 0.138067 0.176565 0.182570 0.188393 0.193931 0.199081 0.203741 0.207808 0.211178 0.206647 0.207223 0.207951 0.208780 0.209658 0.210535 0.211359 0.212079 0.209905 0.209648 0.209395 0.209141 0.208883 0.208617 0.208341 0.208050 0.205315 0.205261 0.205249 0.205264 0.205292 0.205320 0.205332 0.205315 0.203189 0.202839 0.202497 0.202172 0.201870 0.201597 0.201362 0.201171 0.201649 0.201667 0.201677 0.201679 0.201677 0.201670 0.201660 0.201649 0.201649 0.201090 0.200482 0.199854 0.199237 0.198660 0.198154 0.197749 0.200250 0.199783 0.199209 0.198560 0.197869 0.197169 0.196492 0.195873
0.196100 0.196351 0.196632 0.196931 0.197239 0.197544 0.197835 0.198101 0.198351 0.198343 0.198325 0.198299 0.198265 0.198224 0.198177 0.198124 0.197646 0.197898 0.198197 0.198530 0.198889 0.199261 0.199635 0.200000 0.201376 0.202134 0.202933 0.203740 0.204521 0.205243 0.205874 0.206379 0.203621 0.204043 0.204574 0.205183 0.205839 0.206510 0.207164 0.207771 0.208027 0.207554 0.207056 0.206569 0.206127 0.205765 0.205517 0.205417 0.211783 0.212452 0.213032 0.213515 0.213891 0.214151 0.214285 0.214285 0.209725 0.211364 0.213439 0.215902 0.218708 0.221811 0.225165 0.228724 0.255515 0.256818 0.257700 0.258234 0.258490 0.258538 0.258449 0.258293 0.261279 0.261861 0.262465 0.263084 0.263712 0.264342 0.264970 0.265589 0.269162 0.269428 0.269678 0.269925 0.270185 0.270472 0.270800 0.271186 0.276699 0.277098 0.277433 0.277716 0.277959 0.278173 0.278369 0.278559 0.280664 0.280114 0.279519 0.278937 0.278422 0.278032 0.277822 0.277848 0.289364 0.290115 0.290693 0.291116 0.291403 0.291569 0.291632 0.291609 0.290506 0.290499 0.290514 0.290545 0.290588 0.290637 0.290688 0.290734 0.290506 0.293043 0.295419 0.297367 0.298620 0.298909 0.297968 0.295528 0.214020 0.207951 0.202726 0.198159 0.194068 0.190268 0.186576 0.182807 0.138863 0.136632 0.135115 0.134214 0.133830 0.133863 0.134215 0.134787 0.136618 0.136532 0.136406 0.136255 0.136094 0.135937 0.135802 0.135702 0.137300 0.137361 0.137393 0.137402 0.137393 0.137370 0.137337 0.137300 0.137300 0.137300 0.137300 0.137300 0.137300 0.137300 0.137300 0.137300 0.137300 0.137300 0.137300 0.137300 0.137300 0.137300 0.137300 0.137300 0.137300 0.136956 0.136632 0.136364 0.136186 0.136134 0.136243 0.136550 0.147168 0.145786 0.144210 0.142617 0.141182 0.140083 0.139497 0.139600 0.174467 0.180067 0.185547 0.190816 0.195781 0.200352 0.204437 0.207944 0.208631 0.209155 0.209709 0.210266 0.210801 0.211287 0.211699 0.212011 0.209217 0.209009 0.208825 0.208660 0.208504 0.208352 0.208196 0.208027 0.205895 0.205878 0.205890 0.205917 0.205945 0.205961 0.205948 0.205895 0.203166 0.202873 0.202608 0.202375 0.202173 0.202004 0.201871 0.201774 0.202251 0.202269 0.202279 0.202282 0.202279 0.202272 0.202262 0.202251 0.202251 0.201707 0.201112 0.200493 0.199880 0.199299 0.198780 0.198351 0.200227 0.199737 0.199150 0.198497 0.197810 0.197119 0.196455 0.195850
0.196100 0.196430 0.196799 0.197192 0.197595 0.197993 0.198371 0.198715 0.198943 0.198939 0.198927 0.198908 0.198883 0.198851 0.198814 0.198772 0.198374 0.198550 0.198758 0.198991 0.199240 0.199497 0.199753 0.200000 0.200773 0.201667 0.202628 0.203611 0.204574 0.205475 0.206269 0.206913 0.203610 0.204009 0.204526 0.205129 0.205785 0.206460 0.207122 0.207737 0.207971 0.207609 0.207234 0.206871 0.206549 0.206297 0.206142 0.206111 0.211748 0.212463 0.213110 0.213676 0.214144 0.214501 0.214730 0.214817 0.210204 0.211053 0.212276 0.213873 0.215844 0.218187 0.220901 0.223986 0.255901 0.257342 0.258271 0.258776 0.258947 0.258871 0.258639 0.258339 0.261813 0.262600 0.263414 0.264239 0.265060 0.265861 0.266627 0.267344 0.269661 0.269977 0.270306 0.270654 0.271024 0.271424 0.271859 0.272333 0.277223 0.277494 0.277704 0.277870 0.278007 0.278130 0.278256 0.278399 0.281202 0.280567 0.279872 0.279183 0.278568 0.278093 0.277823 0.277826 0.291046 0.291963 0.292684 0.293224 0.293598 0.293822 0.293912 0.293883 0.291643 0.291584 0.291566 0.291581 0.291621 0.291679 0.291745 0.291813 0.291643 0.294598 0.297373 0.299659 0.301148 0.301531 0.300501 0.297748 0.204342 0.196601 0.189857 0.183976 0.178823 0.174264 0.170164 0.166389 0.137756 0.136338 0.135391 0.134850 0.134647 0.134718 0.134996 0.135415 0.136788 0.136724 0.136630 0.136516 0.136395 0.136278 0.136176 0.136102 0.137300 0.137345 0.137370 0.137377 0.137370 0.137352 0.137328 0.137300 0.137300 0.137300 0.137300 0.137300 0.137300 0.137300 0.137300 0.137300 0.137300 0.137300 0.137300 0.137300 0.137300 0.137300 0.137300 0.137300 0.137300 0.136965 0.136651 0.136393 0.136226 0.136184 0.136303 0.136618 0.147226 0.146219 0.145039 0.143838 0.142770 0.141987 0.141642 0.141887 0.172953 0.178082 0.183151 0.188081 0.192794 0.197214 0.201261 0.204858 0.210900 0.211337 0.211673 0.211911 0.212053 0.212100 0.212054 0.211918 0.208599 0.208427 0.208299 0.208206 0.208136 0.208081 0.208029 0.207971 0.206509 0.206530 0.206566 0.206605 0.206632 0.206634 0.206598 0.206509 0.203269 0.203031 0.202839 0.202689 0.202579 0.202503 0.202460 0.202445 0.202843 0.202858 0.202866 0.202868 0.202866 0.202860 0.202852 0.202843 0.202843 0.202314 0.201731 0.201122 0.200512 0.199928 0.199396 0.198943 0.200171 0.199666 0.199077 0.198432 0.197761 0.197092 0.196453 0.195873
0.196100 0.196514 0.196975 0.197466 0.197968 0.198462 0.198929 0.199352 0.199500 0.199499 0.199494 0.199485 0.199471 0.199454 0.199433 0.199409 0.199170 0.199261 0.199368 0.199488 0.199616 0.199747 0.199877 0.200000 0.200296 0.201303 0.202398 0.203530 0.204646 0.205696 0.206628 0.207391 0.203692 0.204067 0.204567 0.205157 0.205803 0.206471 0.207128 0.207739 0.207891 0.207658 0.207422 0.207204 0.207023 0.206900 0.206855 0.206909 0.211745 0.212486 0.213180 0.213810 0.214356 0.214798 0.215116 0.215293 0.210922 0.211024 0.211434 0.212194 0.213346 0.214933 0.216997 0.219580 0.255738 0.257374 0.258429 0.259004 0.259198 0.259112 0.258846 0.258501 0.262291 0.263273 0.264290 0.265318 0.266331 0.267303 0.268211 0.269029 0.270136 0.270501 0.270908 0.271353 0.271832 0.272343 0.272882 0.273445 0.277782 0.277935 0.278030 0.278086 0.278123 0.278162 0.278220 0.278319 0.281773 0.281077 0.280307 0.279540 0.278849 0.278310 0.277998 0.277987 0.292636 0.293701 0.294550 0.295197 0.295655 0.295938 0.296059 0.296032 0.292836 0.292729 0.292679 0.292675 0.292708 0.292768 0.292845 0.292927 0.292836 0.296173 0.299310 0.301902 0.303603 0.304069 0.302952 0.299909 0.195613 0.186260 0.178042 0.170874 0.164671 0.159351 0.154829 0.151021 0.137288 0.136623 0.136186 0.135945 0.135867 0.135921 0.136074 0.136295 0.137027 0.136993 0.136943 0.136882 0.136817 0.136755 0.136701 0.136661 0.137300 0.137324 0.137337 0.137341 0.137337 0.137328 0.137315 0.137300 0.137300 0.137300 0.137300 0.137300 0.137300 0.137300 0.137300 0.137300 0.137300 0.137300 0.137300 0.137300 0.137300 0.137300 0.137300 0.137300 0.137300 0.136988 0.136702 0.136475 0.136343 0.136339 0.136499 0.136857 0.147787 0.147209 0.146477 0.145721 0.145068 0.144644 0.144578 0.144998 0.172229 0.176837 0.181437 0.185968 0.190365 0.194568 0.198513 0.202138 0.213306 0.213628 0.213722 0.213619 0.213348 0.212941 0.212427 0.211836 0.208107 0.207955 0.207863 0.207820 0.207812 0.207830 0.207860 0.207891 0.207148 0.207205 0.207264 0.207313 0.207338 0.207328 0.207269 0.207148 0.203510 0.203321 0.203192 0.203115 0.203081 0.203082 0.203112 0.203161 0.203400 0.203409 0.203414 0.203415 0.203414 0.203410 0.203405 0.203400 0.203400 0.202886 0.202316 0.201717 0.201110 0.200523 0.199978 0.199500 0.200091 0.199582 0.199003 0.198379 0.197736 0.197100 0.196497 0.195952
0.196100 0.196600 0.197157 0.197749 0.198351 0.198943 0.199500 0.200000 0.200000 0.200000 0.200000 0.200000 0.200000 0.200000 0.200000 0.200000 0.200000 0.200000 0.200000 0.200000 0.200000 0.200000 0.200000 0.200000 0.200000 0.201092 0.202285 0.203525 0.204753 0.205913 0.206947 0.207800 0.203900 0.204252 0.204730 0.205299 0.205924 0.206572 0.207209 0.207800 0.207800 0.207707 0.207625 0.207567 0.207543 0.207567 0.207648 0.207800 0.211800 0.212543 0.213261 0.213933 0.214535 0.215045 0.215441 0.215700 0.211800 0.211238 0.210916 0.210913 0.211310 0.212186 0.213623 0.215700 0.254900 0.256795 0.258073 0.258836 0.259187 0.259229 0.259066 0.258800 0.262700 0.263861 0.265069 0.266290 0.267488 0.268629 0.269678 0.270600 0.270600 0.271009 0.271487 0.272021 0.272601 0.273215 0.273852 0.274500 0.278400 0.278455 0.278453 0.278417 0.278371 0.278337 0.278339 0.278400 0.282400 0.281672 0.280862 0.280050 0.279317 0.278744 0.278411 0.278400 0.294100 0.295286 0.296243 0.296983 0.297517 0.297857 0.298014 0.298000 0.294100 0.293952 0.293873 0.293850 0.293873 0.293929 0.294009 0.294100 0.294100 0.297768 0.301219 0.304075 0.305959 0.306494 0.305300 0.302000 0.188200 0.177357 0.167764 0.159383 0.152182 0.146124 0.141175 0.137300 0.137300 0.137300 0.137300 0.137300 0.137300 0.137300 0.137300 0.137300 0.137300 0.137300 0.137300 0.137300 0.137300 0.137300 0.137300 0.137300 0.137300 0.137300 0.137300 0.137300 0.137300 0.137300 0.137300 0.137300 0.137300 0.137300 0.137300 0.137300 0.137300 0.137300 0.137300 0.137300 0.137300 0.137300 0.137300 0.137300 0.137300 0.137300 0.137300 0.137300 0.137300 0.137027 0.136788 0.136618 0.136550 0.136618 0.136857 0.137300 0.149000 0.148895 0.148655 0.148380 0.148175 0.148141 0.148382 0.149000 0.172500 0.176552 0.180640 0.184717 0.188738 0.192656 0.196425 0.200000 0.215700 0.215888 0.215733 0.215292 0.214621 0.213777 0.212818 0.211800 0.207800 0.207648 0.207567 0.207543 0.207567 0.207625 0.207707 0.207800 0.207800 0.207891 0.207971 0.208027 0.208050 0.208027 0.207948 0.207800 0.203900 0.203752 0.203673 0.203650 0.203673 0.203729 0.203809 0.203900 0.203900 0.203900 0.203900 0.203900 0.203900 0.203900 0.203900 0.203900 0.203900 0.203400 0.202843 0.202251 0.201649 0.201057 0.200500 0.200000 0.200000 0.199500 0.198943 0.198351 0.197749 0.197157 0.196600 0.196100
0.196100 0.197192 0.198385 0.199625 0.200853 0.202013 0.203047 0.203900 0.200000 0.199761 0.199602 0.199522 0.199522 0.199602 0.199761 0.200000 0.203900 0.203366 0.202729 0.202047 0.201376 0.200773 0.200296 0.200000 0.207800 0.208002 0.208080 0.208067 0.207998 0.207908 0.207830 0.207800 0.211800 0.212045 0.212208 0.212290 0.212290 0.212208 0.212045 0.211800 0.207800 0.208662 0.209709 0.210883 0.212127 0.213383 0.214593 0.215700 0.215700 0.215700 0.215700 0.215700 0.215700 0.215700 0.215700 0.215700 0.215700 0.216200 0.216757 0.217349 0.217951 0.218543 0.219100 0.219600 0.219600 0.225735 0.232545 0.239744 0.247045 0.254163 0.260810 0.266700 0.262700 0.264062 0.265666 0.267432 0.269278 0.271126 0.272893 0.274500 0.274500 0.274816 0.275212 0.275688 0.276245 0.276882 0.277600 0.278400 0.286300 0.287100 0.287818 0.288455 0.289012 0.289488 0.289884 0.290200 0.290200 0.290609 0.291087 0.291621 0.292201 0.292815 0.293452 0.294100 0.298000 0.298570 0.299141 0.299714 0.300286 0.300859 0.301430 0.302000 0.305900 0.306048 0.306127 0.306150 0.306127 0.306071 0.305991 0.305900 0.305900 0.309462 0.312817 0.315600 0.317445 0.317987 0.316861 0.313700 0.203900 0.191195 0.179440 0.168703 0.159052 0.150556 0.143283 0.137300 0.137300 0.137300 0.137300 0.137300 0.137300 0.137300 0.137300 0.137300 0.137300 0.137300 0.137300 0.137300 0.137300 0.137300 0.137300 0.137300 0.137300 0.137300 0.137300 0.137300 0.137300 0.137300 0.137300 0.137300 0.137300 0.137300 0.137300 0.137300 0.137300 0.137300 0.137300 0.137300 0.137300 0.137300 0.137300 0.137300 0.137300 0.137300 0.137300 0.137300 0.137300 0.137887 0.138758 0.139960 0.141540 0.143542 0.146013 0.149000 0.188200 0.191925 0.195284 0.198312 0.201043 0.203512 0.205753 0.207800 0.219600 0.220047 0.220288 0.220357 0.220288 0.220116 0.219875 0.219600 0.219600 0.219100 0.218543 0.217951 0.217349 0.216757 0.216200 0.215700 0.215700 0.214593 0.213383 0.212127 0.210883 0.209709 0.208662 0.207800 0.211800 0.211952 0.212033 0.212057 0.212033 0.211975 0.211893 0.211800 0.211800 0.211378 0.210886 0.210336 0.209741 0.209112 0.208461 0.207800 0.203900 0.203752 0.203673 0.203650 0.203673 0.203729 0.203809 0.203900 0.203900 0.203400 0.202843 0.202251 0.201649 0.201057 0.200500 0.200000 0.200000 0.200000 0.200000 0.200000 0.200000 0.200000 0.200000 0.200000
0.196009 0.197061 0.198212 0.199408 0.200594 0.201716 0.202718 0.203548 0.199909 0.199766 0.199706 0.199724 0.199816 0.199979 0.200209 0.200500 0.203957 0.203378 0.202700 0.201981 0.201276 0.200643 0.200138 0.199818 0.207504 0.207747 0.207871 0.207907 0.207886 0.207841 0.207801 0.207800 0.211493 0.211779 0.211996 0.212141 0.212212 0.212206 0.212120 0.211952 0.208222 0.208995 0.209938 0.211000 0.212131 0.213276 0.214386 0.215408 0.215757 0.215798 0.215840 0.215885 0.215933 0.215986 0.216044 0.216109 0.216848 0.217335 0.217853 0.218380 0.218895 0.219377 0.219804 0.220155 0.218669 0.224256 0.230487 0.237092 0.243802 0.250350 0.256465 0.261880 0.257578 0.259587 0.261920 0.264466 0.267114 0.269753 0.272272 0.274562 0.274830 0.275155 0.275555 0.276031 0.276586 0.277220 0.277934 0.278730 0.286690 0.287567 0.288375 0.289112 0.289777 0.290369 0.290887 0.291329 0.292194 0.292599 0.293050 0.293539 0.294057 0.294597 0.295150 0.295708 0.299070 0.299713 0.300373 0.301042 0.301712 0.302376 0.303025 0.303652 0.306757 0.307002 0.307208 0.307378 0.307514 0.307620 0.307699 0.307755 0.307755 0.310935 0.313945 0.316461 0.318163 0.318727 0.317833 0.315157 0.219503 0.208405 0.198010 0.188338 0.179408 0.171240 0.163855 0.157273 0.135366 0.134400 0.133798 0.133502 0.133452 0.133589 0.133855 0.134191 0.133552 0.133488 0.133427 0.133366 0.133304 0.133239 0.133170 0.133095 0.132271 0.132055 0.131846 0.131654 0.131489 0.131362 0.131284 0.131264 0.133643 0.133715 0.133753 0.133769 0.133773 0.133776 0.133790 0.133825 0.135599 0.135975 0.136433 0.136989 0.137662 0.138467 0.139422 0.140543 0.154491 0.155861 0.157236 0.158668 0.160213 0.161922 0.163849 0.166048 0.193529 0.196785 0.199862 0.202758 0.205470 0.207994 0.210327 0.212465 0.221701 0.221969 0.222059 0.222000 0.221821 0.221549 0.221214 0.220843 0.219657 0.219198 0.218710 0.218208 0.217706 0.217219 0.216762 0.216348 0.215908 0.214897 0.213797 0.212659 0.211533 0.210469 0.209515 0.208722 0.211861 0.211972 0.212029 0.212043 0.212022 0.211979 0.211921 0.211861 0.212193 0.211759 0.211246 0.210666 0.210033 0.209360 0.208661 0.207948 0.203716 0.203567 0.203497 0.203493 0.203543 0.203636 0.203759 0.203900 0.204400 0.203843 0.203212 0.202534 0.201837 0.201149 0.200497 0.199909 0.199909 0.199940 0.199974 0.200010 0.200047 0.200083 0.200117 0.200148
0.195929 0.196921 0.198007 0.199137 0.200259 0.201323 0.202277 0.203070 0.199829 0.199797 0.199847 0.199972 0.200163 0.200414 0.200714 0.201057 0.203957 0.203344 0.202638 0.201896 0.201172 0.200521 0.199999 0.199659 0.207027 0.207331 0.207526 0.207640 0.207697 0.207726 0.207751 0.207800 0.211001 0.211332 0.211613 0.211836 0.211996 0.212087 0.212101 0.212033 0.208714 0.209367 0.210171 0.211082 0.212057 0.213053 0.214026 0.214933 0.215757 0.215861 0.215966 0.216076 0.216191 0.216313 0.216444 0.216587 0.218042 0.218493 0.218950 0.219397 0.219814 0.220184 0.220488 0.220710 0.218424 0.223308 0.228772 0.234576 0.240477 0.246236 0.251611 0.256362 0.251897 0.254587 0.257685 0.261049 0.264537 0.268007 0.271317 0.274327 0.275069 0.275411 0.275821 0.276300 0.276852 0.277479 0.278184 0.278969 0.286931 0.287875 0.288764 0.289594 0.290364 0.291071 0.291713 0.292287 0.294200 0.294581 0.294980 0.295395 0.295824 0.296262 0.296707 0.297157 0.300199 0.300934 0.301697 0.302474 0.303249 0.304006 0.304730 0.305406 0.307475 0.307824 0.308168 0.308500 0.308814 0.309104 0.309363 0.309585 0.309585 0.312341 0.314964 0.317181 0.318720 0.319306 0.318665 0.316524 0.236558 0.227291 0.218461 0.210034 0.201975 0.194251 0.186827 0.179669 0.134152 0.132111 0.130823 0.130169 0.130027 0.130277 0.130798 0.131471 0.130272 0.130153 0.130038 0.129923 0.129807 0.129685 0.129556 0.129415 0.127871 0.127467 0.127074 0.126714 0.126405 0.126167 0.126019 0.125982 0.130443 0.130570 0.130634 0.130658 0.130664 0.130672 0.130705 0.130784 0.134468 0.135246 0.136193 0.137344 0.138735 0.140401 0.142378 0.144700 0.173613 0.175781 0.177644 0.179263 0.180700 0.182017 0.183275 0.184537 0.198654 0.201310 0.203997 0.206673 0.209294 0.211817 0.214200 0.216399 0.223058 0.223199 0.223199 0.223079 0.222858 0.222558 0.222198 0.221800 0.219657 0.219256 0.218851 0.218448 0.218053 0.217674 0.217315 0.216985 0.215990 0.215106 0.214155 0.213175 0.212208 0.211292 0.210467 0.209771 0.211863 0.211929 0.211960 0.211963 0.211948 0.211921 0.211890 0.211863 0.212436 0.211996 0.211469 0.210870 0.210211 0.209508 0.208776 0.208027 0.203554 0.203405 0.203341 0.203352 0.203425 0.203549 0.203711 0.203900 0.204957 0.204340 0.203629 0.202857 0.202059 0.201266 0.200512 0.199829 0.199829 0.199881 0.199937 0.199998 0.200059 0.200120 0.200176 0.200227
0.195873 0.196787 0.197789 0.198834 0.199874 0.200863 0.201755 0.202501 0.199773 0.199857 0.200023 0.200258 0.200551 0.200888 0.201258 0.201649 0.203923 0.203287 0.202568 0.201817 0.201087 0.200430 0.199899 0.199545 0.206424 0.206801 0.207085 0.207296 0.207454 0.207577 0.207686 0.207800 0.210382 0.210760 0.211109 0.211419 0.211679 0.211878 0.212008 0.212057 0.209264 0.209775 0.210414 0.211145 0.211936 0.212753 0.213563 0.214331 0.215723 0.215905 0.216090 0.216279 0.216475 0.216679 0.216894 0.217121 0.219248 0.219646 0.220029 0.220384 0.220698 0.220958 0.221152 0.221266 0.218751 0.222822 0.227385 0.232236 0.237168 0.241978 0.246459 0.250408 0.245895 0.249262 0.253117 0.257291 0.261611 0.265906 0.270006 0.273739 0.275205 0.275576 0.276001 0.276485 0.277033 0.277649 0.278338 0.279105 0.287034 0.288036 0.288995 0.289910 0.290777 0.291593 0.292355 0.293060 0.296149 0.296493 0.296825 0.297149 0.297469 0.297789 0.298113 0.298447 0.301362 0.302202 0.303078 0.303967 0.304848 0.305696 0.306488 0.307203 0.308078 0.308534 0.309022 0.309526 0.310029 0.310516 0.310968 0.311370 0.311370 0.313671 0.315881 0.317778 0.319139 0.319743 0.319368 0.317790 0.254436 0.247140 0.240009 0.232952 0.225877 0.218692 0.211307 0.203631 0.134058 0.130877 0.128843 0.127774 0.127488 0.127806 0.128546 0.129527 0.127930 0.127771 0.127617 0.127464 0.127309 0.127147 0.126974 0.126787 0.124729 0.124189 0.123665 0.123185 0.122773 0.122456 0.122259 0.122210 0.128157 0.128310 0.128381 0.128403 0.128405 0.128421 0.128479 0.128612 0.134240 0.135422 0.136861 0.138612 0.140727 0.143262 0.146270 0.149806 0.193879 0.196808 0.199109 0.200852 0.202109 0.202950 0.203446 0.203669 0.203528 0.205497 0.207716 0.210102 0.212574 0.215047 0.217441 0.219672 0.223809 0.223866 0.223823 0.223692 0.223483 0.223208 0.222879 0.222506 0.219623 0.219292 0.218977 0.218677 0.218390 0.218116 0.217853 0.217599 0.215979 0.215247 0.214471 0.213680 0.212901 0.212162 0.211490 0.210912 0.211829 0.211847 0.211852 0.211847 0.211837 0.211828 0.211824 0.211829 0.212540 0.212098 0.211566 0.210956 0.210285 0.209567 0.208817 0.208050 0.203439 0.203285 0.203223 0.203242 0.203331 0.203477 0.203671 0.203900 0.205549 0.204870 0.204079 0.203213 0.202311 0.201411 0.200552 0.199773 0.199773 0.199834 0.199902 0.199974 0.200048 0.200121 0.200189 0.200250
0.195850 0.196673 0.197577 0.198521 0.199465 0.200366 0.201184 0.201876 0.199750 0.199952 0.200233 0.200576 0.200966 0.201385 0.201819 0.202251 0.203877 0.203231 0.202512 0.201766 0.201044 0.200393 0.199862 0.199500 0.205753 0.206209 0.206590 0.206909 0.207178 0.207408 0.207611 0.207800 0.209695 0.210118 0.210535 0.210932 0.211295 0.211609 0.211860 0.212033 0.209859 0.210217 0.210674 0.211208 0.211796 0.212416 0.213045 0.213659 0.215677 0.215950 0.216224 0.216503 0.216788 0.217082 0.217385 0.217701 0.220430 0.220765 0.221067 0.221327 0.221539 0.221697 0.221794 0.221822 0.219536 0.222728 0.226308 0.230111 0.233974 0.237733 0.241224 0.244282 0.239815 0.243811 0.248373 0.253302 0.258401 0.263472 0.268317 0.272739 0.275228 0.275639 0.276086 0.276576 0.277119 0.277719 0.278387 0.279128 0.287011 0.288059 0.289078 0.290066 0.291019 0.291934 0.292809 0.293640 0.297973 0.298274 0.298531 0.298756 0.298961 0.299158 0.299359 0.299576 0.302538 0.303487 0.304476 0.305477 0.306459 0.307391 0.308244 0.308987 0.308589 0.309151 0.309785 0.310464 0.311162 0.311849 0.312499 0.313085 0.313085 0.314920 0.316704 0.318269 0.319445 0.320062 0.319951 0.318943 0.272509 0.267243 0.261874 0.256254 0.250236 0.243669 0.236407 0.228302 0.135485 0.131144 0.128324 0.126787 0.126298 0.126620 0.127516 0.128750 0.126993 0.126818 0.126648 0.126481 0.126310 0.126132 0.125942 0.125736 0.123471 0.122878 0.122302 0.121773 0.121320 0.120971 0.120755 0.120701 0.127243 0.127380 0.127432 0.127436 0.127432 0.127456 0.127547 0.127743 0.135248 0.136814 0.138720 0.141040 0.143845 0.147207 0.151199 0.155894 0.214499 0.218104 0.220759 0.222548 0.223549 0.223844 0.223515 0.222641 0.208105 0.209341 0.211044 0.213093 0.215369 0.217751 0.220118 0.222350 0.224091 0.224096 0.224044 0.223938 0.223779 0.223567 0.223305 0.222994 0.219577 0.219321 0.219098 0.218899 0.218716 0.218541 0.218364 0.218179 0.215911 0.215345 0.214762 0.214178 0.213605 0.213060 0.212557 0.212110 0.211783 0.211754 0.211732 0.211719 0.211717 0.211726 0.211748 0.211783 0.212517 0.212077 0.211545 0.210936 0.210265 0.209547 0.208796 0.208027 0.203393 0.203230 0.203162 0.203179 0.203271 0.203429 0.203642 0.203900 0.206151 0.205415 0.204547 0.203590 0.202587 0.201584 0.200624 0.199750 0.199750 0.199811 0.199879 0.199952 0.200026 0.200098 0.200166 0.200227
0.195873 0.196594 0.197388 0.198221 0.199057 0.199861 0.200596 0.201228 0.199773 0.200088 0.200476 0.200919 0.201396 0.201888 0.202377 0.202843 0.203843 0.203201 0.202495 0.201768 0.201066 0.200432 0.199910 0.199545 0.205071 0.205603 0.206081 0.206509 0.206892 0.207232 0.207533 0.207800 0.208997 0.209459 0.209939 0.210419 0.210881 0.211306 0.211677 0.211975 0.210488 0.210689 0.210959 0.211289 0.211666 0.212080 0.212521 0.212976 0.215643 0.216011 0.216381 0.216755 0.217133 0.217518 0.217912 0.218315 0.221556 0.221824 0.222043 0.222212 0.222330 0.222398 0.222415 0.222380 0.220666 0.222957 0.225523 0.228242 0.230994 0.233659 0.236116 0.238247 0.233895 0.238435 0.243607 0.249192 0.254970 0.260722 0.266229 0.271271 0.275125 0.275589 0.276064 0.276564 0.277098 0.277679 0.278318 0.279025 0.286873 0.287956 0.289022 0.290069 0.291094 0.292095 0.293069 0.294013 0.299602 0.299861 0.300046 0.300175 0.300270 0.300349 0.300434 0.300545 0.303701 0.304758 0.305857 0.306961 0.308034 0.309040 0.309941 0.310703 0.309031 0.309696 0.310474 0.311325 0.312212 0.313098 0.313943 0.314711 0.314711 0.316081 0.317441 0.318673 0.319659 0.320283 0.320425 0.319970 0.290146 0.286887 0.283273 0.279103 0.274175 0.268287 0.261237 0.252825 0.138834 0.133357 0.129733 0.127681 0.126917 0.127159 0.128123 0.129527 0.127930 0.127771 0.127617 0.127464 0.127309 0.127147 0.126974 0.126787 0.124729 0.124189 0.123665 0.123185 0.122773 0.122456 0.122259 0.122210 0.128157 0.128226 0.128224 0.128194 0.128176 0.128212 0.128343 0.128612 0.137822 0.139729 0.142051 0.144876 0.148295 0.152396 0.157268 0.163000 0.234685 0.238828 0.241722 0.243457 0.244127 0.243822 0.242634 0.240654 0.212340 0.212838 0.214007 0.215692 0.217740 0.219994 0.222299 0.224503 0.224042 0.224017 0.223978 0.223917 0.223827 0.223700 0.223527 0.223300 0.219543 0.219362 0.219226 0.219120 0.219031 0.218943 0.218842 0.218713 0.215818 0.215426 0.215044 0.214673 0.214315 0.213971 0.213642 0.213331 0.211748 0.211673 0.211628 0.211609 0.211615 0.211641 0.211687 0.211748 0.212379 0.211943 0.211418 0.210820 0.210161 0.209458 0.208722 0.207971 0.203439 0.203260 0.203176 0.203178 0.203259 0.203411 0.203627 0.203900 0.206743 0.205956 0.205019 0.203978 0.202885 0.201787 0.200733 0.199773 0.199773 0.199824 0.199881 0.199941 0.200002 0.200063 0.200120 0.200171
0.195952 0.196565 0.197242 0.197956 0.198678 0.199377 0.200024 0.200591 0.199852 0.200269 0.200752 0.201279 0.201828 0.202380 0.202911 0.203400 0.203843 0.203219 0.202540 0.201846 0.201176 0.200570 0.200066 0.199704 0.204434 0.205033 0.205599 0.206129 0.206618 0.207062 0.207458 0.207800 0.208346 0.208839 0.209372 0.209924 0.210474 0.210999 0.211480 0.211893 0.211139 0.211187 0.211275 0.211404 0.211574 0.211786 0.212040 0.212337 0.215643 0.216108 0.216574 0.217042 0.217513 0.217987 0.218467 0.218952 0.222590 0.222794 0.222937 0.223024 0.223062 0.223057 0.223014 0.222939 0.222025 0.223440 0.225012 0.226666 0.228325 0.229911 0.231350 0.232565 0.228377 0.233334 0.238977 0.245071 0.251383 0.257677 0.263720 0.269277 0.274887 0.275417 0.275928 0.276438 0.276962 0.277517 0.278120 0.278787 0.286632 0.287738 0.288836 0.289926 0.291005 0.292073 0.293129 0.294171 0.300968 0.301194 0.301316 0.301364 0.301363 0.301343 0.301330 0.301353 0.304830 0.305986 0.307181 0.308375 0.309524 0.310588 0.311525 0.312292 0.309427 0.310190 0.311103 0.312116 0.313183 0.314255 0.315284 0.316223 0.316223 0.317147 0.318098 0.319007 0.319806 0.320427 0.320801 0.320859 0.306720 0.305362 0.303425 0.300659 0.296816 0.291648 0.284907 0.276343 0.144505 0.137960 0.133540 0.130928 0.129809 0.129866 0.130785 0.132248 0.131209 0.131106 0.131006 0.130907 0.130806 0.130700 0.130588 0.130466 0.129129 0.128778 0.128438 0.128125 0.127857 0.127651 0.127524 0.127491 0.131357 0.131293 0.131197 0.131110 0.131071 0.131121 0.131302 0.131653 0.142295 0.144477 0.147134 0.150369 0.154286 0.158987 0.164576 0.171157 0.253648 0.258142 0.261123 0.262691 0.262951 0.262006 0.259957 0.256908 0.216187 0.215984 0.216631 0.217946 0.219744 0.221842 0.224054 0.226196 0.223799 0.223755 0.223737 0.223729 0.223713 0.223673 0.223593 0.223457 0.219543 0.219430 0.219370 0.219345 0.219333 0.219316 0.219276 0.219191 0.215736 0.215517 0.215332 0.215171 0.215023 0.214875 0.214718 0.214539 0.211745 0.211631 0.211566 0.211544 0.211558 0.211601 0.211666 0.211745 0.212136 0.211706 0.211195 0.210617 0.209983 0.209309 0.208607 0.207891 0.203601 0.203397 0.203283 0.203254 0.203305 0.203433 0.203633 0.203900 0.207300 0.206473 0.205479 0.204369 0.203199 0.202020 0.200887 0.199852 0.199852 0.199883 0.199917 0.199953 0.199990 0.200026 0.200060 0.200091
0.196100 0.196600 0.197157 0.197749 0.198351 0.198943 0.199500 0.200000 0.200000 0.200500 0.201057 0.201649 0.202251 0.202843 0.203400 0.203900 0.203900 0.203309 0.202672 0.202024 0.201399 0.200830 0.200352 0.200000 0.203900 0.204548 0.205185 0.205799 0.206379 0.206913 0.207391 0.207800 0.207800 0.208313 0.208885 0.209491 0.210109 0.210715 0.211287 0.211800 0.211800 0.211709 0.211629 0.211573 0.211550 0.211573 0.211652 0.211800 0.215700 0.216257 0.216814 0.217371 0.217929 0.218486 0.219043 0.219600 0.223500 0.223648 0.223727 0.223750 0.223727 0.223671 0.223591 0.223500 0.223500 0.224106 0.224759 0.225424 0.226066 0.226649 0.227138 0.227500 0.223500 0.228708 0.234639 0.241051 0.247704 0.254357 0.260769 0.266700 0.274500 0.275112 0.275667 0.276188 0.276699 0.277223 0.277782 0.278400 0.286300 0.287416 0.288530 0.289643 0.290757 0.291870 0.292984 0.294100 0.302000 0.302208 0.302290 0.302279 0.302210 0.302118 0.302036 0.302000 0.305900 0.307139 0.308413 0.309675 0.310880 0.311983 0.312938 0.313700 0.309800 0.310653 0.311687 0.312847 0.314075 0.315315 0.316509 0.317600 0.317600 0.318113 0.318685 0.319291 0.319909 0.320515 0.321087 0.321600 0.321600 0.321957 0.321547 0.320084 0.317283 0.312860 0.306527 0.298000 0.152900 0.145399 0.140210 0.136999 0.135434 0.135184 0.135917 0.137300 0.137300 0.137300 0.137300 0.137300 0.137300 0.137300 0.137300 0.137300 0.137300 0.137300 0.137300 0.137300 0.137300 0.137300 0.137300 0.137300 0.137300 0.137027 0.136788 0.136618 0.136550 0.136618 0.136857 0.137300 0.149000 0.151368 0.154251 0.157765 0.162023 0.167138 0.173226 0.180400 0.270600 0.275208 0.278090 0.279359 0.279131 0.277518 0.274637 0.270600 0.219600 0.218774 0.218943 0.219902 0.221443 0.223361 0.225449 0.227500 0.223500 0.223439 0.223437 0.223471 0.223517 0.223552 0.223555 0.223500 0.219600 0.219543 0.219543 0.219577 0.219623 0.219657 0.219657 0.219600 0.215700 0.215643 0.215643 0.215677 0.215723 0.215757 0.215757 0.215700 0.211800 0.211652 0.211573 0.211550 0.211573 0.211629 0.211709 0.211800 0.211800 0.211378 0.210886 0.210336 0.209741 0.209112 0.208461 0.207800 0.203900 0.203661 0.203502 0.203422 0.203422 0.203502 0.203661 0.203900 0.207800 0.206947 0.205913 0.204753 0.203525 0.202285 0.201092 0.200000 0.200000 0.200000 0.200000 0.200000 0.200000 0.200000 0.200000 0.200000
0.200000 0.199909 0.199829 0.199773 0.199750 0.199773 0.199852 0.200000 0.203900 0.203957 0.203957 0.203923 0.203877 0.203843 0.203843 0.203900 0.207800 0.207948 0.208027 0.208050 0.208027 0.207971 0.207891 0.207800 0.207800 0.207707 0.207625 0.207567 0.207543 0.207567 0.207648 0.207800 0.211800 0.211861 0.211863 0.211829 0.211783 0.211748 0.211745 0.211800 0.215700 0.215757 0.215757 0.215723 0.215677 0.215643 0.215643 0.215700 0.219600 0.220248 0.220885 0.221499 0.222079 0.222613 0.223091 0.223500 0.223500 0.224013 0.224585 0.225191 0.225809 0.226415 0.226987 0.227500 0.227500 0.228091 0.228728 0.229376 0.230001 0.230570 0.231048 0.231400 0.227500 0.226438 0.225558 0.224964 0.224758 0.225044 0.225923 0.227500 0.266700 0.268411 0.269527 0.270175 0.270480 0.270569 0.270567 0.270600 0.282400 0.283166 0.283804 0.284351 0.284839 0.285304 0.285779 0.286300 0.294100 0.295227 0.296356 0.297485 0.298615 0.299744 0.300873 0.302000 0.309800 0.310596 0.311312 0.311949 0.312506 0.312984 0.313382 0.313700 0.313700 0.314713 0.315842 0.317040 0.318260 0.319458 0.320587 0.321600 0.321600 0.321509 0.321429 0.321373 0.321350 0.321373 0.321452 0.321600 0.325500 0.325739 0.325898 0.325978 0.325978 0.325898 0.325739 0.325500 0.321600 0.314271 0.306346 0.298192 0.290175 0.282660 0.276013 0.270600 0.298000 0.300730 0.303368 0.305985 0.308648 0.311426 0.314387 0.317600 0.352900 0.362159 0.371132 0.379374 0.386438 0.391878 0.395248 0.396100 0.294100 0.289234 0.286038 0.284260 0.283650 0.283954 0.284922 0.286300 0.286300 0.285559 0.284670 0.283643 0.282490 0.281224 0.279857 0.278400 0.266700 0.261228 0.255389 0.249378 0.243389 0.237617 0.232256 0.227500 0.227500 0.228000 0.228557 0.229149 0.229751 0.230343 0.230900 0.231400 0.231400 0.230387 0.229258 0.228060 0.226840 0.225642 0.224513 0.223500 0.223500 0.223000 0.222443 0.221851 0.221249 0.220657 0.220100 0.219600 0.219600 0.219691 0.219771 0.219827 0.219850 0.219827 0.219748 0.219600 0.215700 0.215736 0.215818 0.215910 0.215979 0.215990 0.215908 0.215700 0.207800 0.207407 0.207164 0.207060 0.207083 0.207221 0.207464 0.207800 0.211800 0.210847 0.209721 0.208490 0.207223 0.205990 0.204859 0.203900 0.207800 0.207448 0.206970 0.206401 0.205776 0.205128 0.204491 0.203900 0.203900 0.203400 0.202843 0.202251 0.201649 0.201057 0.200500 0.200000
0.200739 0.200552 0.200366 0.200196 0.200059 0.199970 0.199945 0.200000 0.203957 0.203916 0.203806 0.203657 0.203495 0.203350 0.203248 0.203218 0.207357 0.207524 0.207623 0.207664 0.207661 0.207625 0.207569 0.207504 0.207855 0.207844 0.207844 0.207864 0.207912 0.207997 0.208128 0.208313 0.211861 0.212076 0.212252 0.212397 0.212523 0.212640 0.212759 0.212892 0.215075 0.215218 0.215352 0.215487 0.215635 0.215805 0.216009 0.216257 0.220155 0.220810 0.221454 0.222074 0.222657 0.223193 0.223668 0.224070 0.223831 0.224353 0.224942 0.225575 0.226227 0.226875 0.227494 0.228061 0.228561 0.229097 0.229664 0.230232 0.230774 0.231262 0.231665 0.231957 0.228470 0.227340 0.226349 0.225595 0.225176 0.225192 0.225742 0.226924 0.261194 0.262131 0.262489 0.262405 0.262014 0.261454 0.260862 0.260373 0.271355 0.272571 0.273667 0.274633 0.275459 0.276133 0.276646 0.276987 0.273686 0.274321 0.275138 0.276107 0.277196 0.278374 0.279610 0.280872 0.287820 0.291392 0.295215 0.299159 0.303092 0.306884 0.310402 0.313516 0.312981 0.313919 0.314975 0.316105 0.317263 0.318406 0.319487 0.320463 0.320554 0.320530 0.320525 0.320546 0.320604 0.320708 0.320865 0.321087 0.325183 0.325650 0.326051 0.326373 0.326604 0.326731 0.326742 0.326625 0.321168 0.314380 0.307082 0.299604 0.292277 0.285430 0.279396 0.274505 0.300020 0.302631 0.305168 0.307691 0.310260 0.312938 0.315785 0.318862 0.351972 0.360656 0.369121 0.376964 0.383781 0.389171 0.392729 0.394055 0.306958 0.302680 0.299774 0.298017 0.297188 0.297063 0.297419 0.298034 0.290861 0.289799 0.288660 0.287421 0.286060 0.284553 0.282879 0.281015 0.260735 0.255565 0.250261 0.244966 0.239826 0.234984 0.230586 0.226776 0.228709 0.229195 0.229693 0.230188 0.230667 0.231115 0.231519 0.231866 0.231518 0.230602 0.229589 0.228516 0.227424 0.226351 0.225338 0.224422 0.224070 0.223622 0.223125 0.222598 0.222057 0.221519 0.221002 0.220522 0.219657 0.219717 0.219781 0.219834 0.219862 0.219852 0.219788 0.219657 0.215666 0.215703 0.215793 0.215901 0.215993 0.216038 0.216000 0.215848 0.208753 0.208342 0.208056 0.207888 0.207829 0.207870 0.208004 0.208222 0.211402 0.210547 0.209541 0.208443 0.207312 0.206206 0.205185 0.204307 0.207115 0.206916 0.206630 0.206278 0.205882 0.205463 0.205041 0.204639 0.204139 0.203589 0.202987 0.202357 0.201720 0.201100 0.200519 0.200000
0.201455 0.201176 0.200888 0.200609 0.200361 0.200164 0.200037 0.200000 0.203957 0.203820 0.203605 0.203345 0.203072 0.202818 0.202618 0.202501 0.206799 0.206972 0.207076 0.207123 0.207128 0.207105 0.207067 0.207027 0.207852 0.207947 0.208050 0.208168 0.208305 0.208467 0.208659 0.208885 0.211863 0.212254 0.212627 0.212977 0.213302 0.213597 0.213859 0.214085 0.214358 0.214593 0.214870 0.215187 0.215542 0.215933 0.216358 0.216814 0.220710 0.221371 0.222020 0.222645 0.223232 0.223769 0.224243 0.224641 0.224243 0.224765 0.225361 0.226006 0.226679 0.227354 0.228009 0.228620 0.229678 0.230152 0.230640 0.231120 0.231570 0.231967 0.232289 0.232514 0.229507 0.228436 0.227465 0.226682 0.226173 0.226024 0.226324 0.227159 0.255276 0.255306 0.254783 0.253852 0.252661 0.251358 0.250089 0.249002 0.258857 0.260557 0.262150 0.263577 0.264776 0.265689 0.266256 0.266416 0.251125 0.251205 0.251661 0.252428 0.253444 0.254644 0.255965 0.257344 0.263256 0.269934 0.277236 0.284882 0.292596 0.300098 0.307110 0.313355 0.312183 0.313032 0.314003 0.315054 0.316140 0.317218 0.318245 0.319175 0.319346 0.319407 0.319494 0.319612 0.319768 0.319967 0.320214 0.320515 0.324613 0.325314 0.325949 0.326486 0.326893 0.327138 0.327190 0.327017 0.316836 0.310662 0.304135 0.297531 0.291126 0.285195 0.280015 0.275860 0.298656 0.301077 0.303442 0.305803 0.308210 0.310716 0.313371 0.316227 0.346129 0.353968 0.361665 0.368875 0.375255 0.380459 0.384142 0.385961 0.317532 0.313814 0.311088 0.309183 0.307923 0.307135 0.306646 0.306280 0.292620 0.291323 0.290023 0.288667 0.287199 0.285564 0.283706 0.281572 0.254243 0.249635 0.245115 0.240771 0.236693 0.232968 0.229685 0.226931 0.229905 0.230350 0.230776 0.231175 0.231539 0.231861 0.232131 0.232344 0.231520 0.230732 0.229868 0.228958 0.228033 0.227124 0.226260 0.225471 0.224641 0.224261 0.223844 0.223402 0.222944 0.222479 0.222018 0.221571 0.219657 0.219679 0.219723 0.219771 0.219806 0.219810 0.219767 0.219657 0.215586 0.215617 0.215706 0.215822 0.215934 0.216010 0.216018 0.215927 0.209879 0.209451 0.209118 0.208875 0.208718 0.208642 0.208642 0.208714 0.210831 0.210097 0.209244 0.208315 0.207359 0.206421 0.205547 0.204783 0.206397 0.206349 0.206255 0.206122 0.205958 0.205770 0.205567 0.205355 0.204298 0.203707 0.203071 0.202413 0.201755 0.201119 0.200527 0.200000
0.202126 0.201762 0.201378 0.200999 0.200647 0.200348 0.200124 0.200000 0.203923 0.203697 0.203384 0.203020 0.202643 0.202289 0.201995 0.201797 0.206174 0.206340 0.206436 0.206479 0.206484 0.206467 0.206441 0.206424 0.207817 0.208030 0.208250 0.208478 0.208715 0.208962 0.209220 0.209491 0.211829 0.212406 0.212988 0.213556 0.214093 0.214579 0.214996 0.215325 0.213619 0.213945 0.214367 0.214869 0.215436 0.216052 0.216703 0.217371 0.221266 0.221931 0.222584 0.223212 0.223802 0.224341 0.224816 0.225214 0.224736 0.225249 0.225841 0.226487 0.227167 0.227857 0.228534 0.229178 0.230827 0.231235 0.231639 0.232025 0.232377 0.232679 0.232916 0.233071 0.230599 0.229687 0.228842 0.228134 0.227632 0.227406 0.227524 0.228056 0.249173 0.248198 0.246698 0.244832 0.242758 0.240633 0.238616 0.236864 0.245296 0.247483 0.249582 0.251481 0.253069 0.254234 0.254864 0.254849 0.227308 0.226803 0.226868 0.227406 0.228322 0.229519 0.230902 0.232375 0.237127 0.247114 0.258122 0.269716 0.281460 0.292918 0.303657 0.313239 0.311386 0.312137 0.313015 0.313978 0.314983 0.315988 0.316951 0.317829 0.318056 0.318212 0.318403 0.318628 0.318891 0.319191 0.319530 0.319909 0.323781 0.324701 0.325546 0.326258 0.326782 0.327062 0.327042 0.326665 0.309346 0.303840 0.298194 0.292614 0.287307 0.282477 0.278332 0.275077 0.294527 0.296701 0.298841 0.300989 0.303183 0.305463 0.307868 0.310439 0.336377 0.343166 0.349898 0.356298 0.362089 0.366996 0.370743 0.373054 0.325854 0.322556 0.319807 0.317504 0.315544 0.313821 0.312233 0.310675 0.291898 0.290469 0.289104 0.287720 0.286234 0.284563 0.282624 0.280334 0.247499 0.243652 0.240102 0.236877 0.234007 0.231519 0.229442 0.227806 0.231077 0.231460 0.231807 0.232115 0.232377 0.232589 0.232746 0.232844 0.231452 0.230811 0.230120 0.229398 0.228667 0.227945 0.227254 0.226612 0.225214 0.224912 0.224589 0.224247 0.223886 0.223509 0.223118 0.222712 0.219623 0.219602 0.219623 0.219665 0.219707 0.219728 0.219707 0.219623 0.215495 0.215510 0.215590 0.215705 0.215828 0.215929 0.215979 0.215950 0.211111 0.210669 0.210289 0.209967 0.209705 0.209501 0.209354 0.209264 0.210155 0.209559 0.208878 0.208145 0.207389 0.206645 0.205943 0.205315 0.205691 0.205786 0.205876 0.205953 0.206012 0.206048 0.206054 0.206026 0.204378 0.203754 0.203094 0.202421 0.201754 0.201115 0.200523 0.200000
0.202729 0.202288 0.201819 0.201349 0.200905 0.200514 0.200203 0.200000 0.203877 0.203572 0.203172 0.202717 0.202247 0.201803 0.201423 0.201148 0.205526 0.205674 0.205755 0.205785 0.205783 0.205766 0.205750 0.205753 0.207771 0.208108 0.208449 0.208791 0.209131 0.209466 0.209793 0.210109 0.211783 0.212543 0.213333 0.214118 0.214867 0.215544 0.216117 0.216553 0.212926 0.213339 0.213900 0.214581 0.215352 0.216186 0.217055 0.217929 0.221822 0.222489 0.223145 0.223776 0.224368 0.224910 0.225387 0.225786 0.225309 0.225806 0.226382 0.227018 0.227691 0.228382 0.229070 0.229734 0.231986 0.232326 0.232645 0.232935 0.233187 0.233392 0.233542 0.233629 0.231736 0.231054 0.230413 0.229859 0.229440 0.229203 0.229196 0.229467 0.243116 0.241068 0.238526 0.235661 0.232640 0.229633 0.226809 0.224336 0.231059 0.233708 0.236291 0.238647 0.240614 0.242028 0.242728 0.242551 0.203125 0.202036 0.201702 0.201997 0.202794 0.203965 0.205385 0.206925 0.210450 0.223823 0.238624 0.254257 0.270127 0.285637 0.300191 0.313193 0.310669 0.311318 0.312096 0.312964 0.313881 0.314806 0.315698 0.316516 0.316766 0.317021 0.317317 0.317652 0.318021 0.318420 0.318845 0.319291 0.322674 0.323782 0.324795 0.325633 0.326211 0.326447 0.326257 0.325558 0.299444 0.294641 0.289948 0.285493 0.281401 0.277799 0.274812 0.272568 0.288250 0.290138 0.292018 0.293917 0.295862 0.297879 0.299996 0.302239 0.323723 0.329324 0.334957 0.340421 0.345515 0.350038 0.353789 0.356569 0.331958 0.328827 0.325755 0.322730 0.319739 0.316770 0.313811 0.310850 0.289014 0.287576 0.286246 0.284919 0.283492 0.281860 0.279919 0.277566 0.240778 0.237834 0.235374 0.233367 0.231781 0.230586 0.229749 0.229239 0.232213 0.232522 0.232791 0.233014 0.233189 0.233310 0.233375 0.233378 0.231360 0.230876 0.230369 0.229848 0.229323 0.228803 0.228295 0.227810 0.225786 0.225570 0.225349 0.225116 0.224863 0.224583 0.224268 0.223910 0.219577 0.219510 0.219506 0.219541 0.219591 0.219630 0.219634 0.219577 0.215427 0.215417 0.215476 0.215579 0.215702 0.215817 0.215901 0.215927 0.212377 0.211929 0.211506 0.211109 0.210743 0.210411 0.210115 0.209859 0.209445 0.208994 0.208495 0.207967 0.207426 0.206889 0.206373 0.205895 0.205042 0.205266 0.205521 0.205789 0.206053 0.206293 0.206491 0.206629 0.204378 0.203731 0.203059 0.202383 0.201719 0.201088 0.200509 0.200000
0.203241 0.202735 0.202194 0.201647 0.201123 0.200655 0.200270 0.200000 0.203843 0.203473 0.203001 0.202469 0.201921 0.201399 0.200945 0.200603 0.204901 0.205023 0.205081 0.205093 0.205079 0.205057 0.205048 0.205071 0.207737 0.208196 0.208655 0.209107 0.209546 0.209964 0.210356 0.210715 0.211748 0.212677 0.213660 0.214648 0.215595 0.216453 0.217175 0.217713 0.212346 0.212839 0.213527 0.214370 0.215327 0.216359 0.217425 0.218486 0.222380 0.223047 0.223703 0.224335 0.224929 0.225473 0.225954 0.226359 0.225961 0.226435 0.226987 0.227600 0.228254 0.228933 0.229618 0.230290 0.233133 0.233405 0.233640 0.233835 0.233988 0.234099 0.234165 0.234186 0.232905 0.232502 0.232114 0.231766 0.231481 0.231283 0.231196 0.231243 0.237333 0.234177 0.230557 0.226652 0.222644 0.218711 0.215036 0.211798 0.216538 0.219591 0.222607 0.225376 0.227688 0.229334 0.230102 0.229784 0.179469 0.177828 0.177109 0.177160 0.177824 0.178948 0.180377 0.181956 0.184242 0.200949 0.219488 0.239103 0.259041 0.278546 0.296863 0.313239 0.310113 0.310658 0.311335 0.312104 0.312927 0.313765 0.314578 0.315329 0.315556 0.315906 0.316304 0.316742 0.317209 0.317695 0.318190 0.318685 0.321283 0.322525 0.323652 0.324553 0.325118 0.325236 0.324795 0.323685 0.287873 0.283789 0.280086 0.276807 0.273992 0.271682 0.269919 0.268744 0.280442 0.282024 0.283624 0.285255 0.286933 0.288669 0.290477 0.292371 0.309171 0.313516 0.317979 0.322435 0.326763 0.330838 0.334539 0.337741 0.335878 0.332548 0.328757 0.324606 0.320197 0.315632 0.311012 0.306440 0.284290 0.282983 0.281794 0.280604 0.279299 0.277762 0.275877 0.273528 0.234354 0.232397 0.231083 0.230325 0.230033 0.230119 0.230496 0.231073 0.233303 0.233534 0.233728 0.233879 0.233983 0.234034 0.234027 0.233958 0.231291 0.230962 0.230639 0.230320 0.230002 0.229683 0.229360 0.229031 0.226359 0.226230 0.226114 0.225994 0.225852 0.225673 0.225438 0.225131 0.219543 0.219428 0.219398 0.219425 0.219482 0.219539 0.219569 0.219543 0.215416 0.215370 0.215397 0.215475 0.215583 0.215699 0.215802 0.215871 0.213610 0.213164 0.212707 0.212246 0.211786 0.211336 0.210901 0.210488 0.208769 0.208461 0.208144 0.207821 0.207494 0.207164 0.206835 0.206509 0.204497 0.204826 0.205221 0.205651 0.206088 0.206501 0.206862 0.207141 0.204298 0.203639 0.202967 0.202299 0.201651 0.201041 0.200485 0.200000
0.203638 0.203082 0.202484 0.201876 0.201292 0.200762 0.200321 0.200000 0.203843 0.203426 0.202900 0.202310 0.201701 0.201118 0.200604 0.200205 0.204343 0.204435 0.204465 0.204455 0.204425 0.204398 0.204394 0.204434 0.207739 0.208309 0.208874 0.209424 0.209950 0.210443 0.210892 0.211287 0.211745 0.212820 0.213968 0.215131 0.216250 0.217265 0.218117 0.218747 0.211948 0.212509 0.213305 0.214284 0.215397 0.216595 0.217826 0.219043 0.222939 0.223604 0.224259 0.224890 0.225485 0.226032 0.226518 0.226930 0.226691 0.227136 0.227655 0.228234 0.228857 0.229510 0.230178 0.230845 0.234245 0.234453 0.234606 0.234711 0.234772 0.234794 0.234783 0.234743 0.234097 0.233990 0.233878 0.233761 0.233639 0.233511 0.233378 0.233237 0.232051 0.227788 0.223081 0.218122 0.213105 0.208221 0.203664 0.199627 0.202122 0.205491 0.208856 0.211967 0.214569 0.216413 0.217244 0.216813 0.157230 0.155100 0.154033 0.153851 0.154377 0.155434 0.156843 0.158428 0.159519 0.179385 0.201463 0.224851 0.248644 0.271936 0.293823 0.313401 0.309796 0.310241 0.310817 0.311485 0.312211 0.312956 0.313684 0.314359 0.314507 0.314941 0.315429 0.315955 0.316502 0.317056 0.317598 0.318113 0.319595 0.320901 0.322069 0.322962 0.323442 0.323373 0.322616 0.321036 0.275377 0.272009 0.269298 0.267197 0.265663 0.264652 0.264118 0.264018 0.271719 0.272992 0.274310 0.275672 0.277080 0.278533 0.280032 0.281577 0.293728 0.296815 0.300098 0.303530 0.307064 0.310653 0.314249 0.317807 0.337648 0.333640 0.328637 0.322880 0.316607 0.310056 0.303467 0.297079 0.278045 0.277030 0.276092 0.275114 0.273981 0.272576 0.270783 0.268485 0.228503 0.227556 0.227379 0.227832 0.228776 0.230070 0.231573 0.233146 0.234336 0.234491 0.234620 0.234715 0.234767 0.234770 0.234715 0.234595 0.231289 0.231106 0.230956 0.230826 0.230702 0.230572 0.230422 0.230239 0.226930 0.226887 0.226874 0.226864 0.226832 0.226751 0.226595 0.226339 0.219543 0.219380 0.219324 0.219343 0.219407 0.219482 0.219538 0.219543 0.215495 0.215404 0.215385 0.215422 0.215497 0.215595 0.215698 0.215791 0.214741 0.214308 0.213832 0.213323 0.212789 0.212241 0.211688 0.211139 0.208198 0.208023 0.207875 0.207743 0.207616 0.207482 0.207330 0.207148 0.204101 0.204506 0.205004 0.205557 0.206126 0.206671 0.207155 0.207538 0.204139 0.203479 0.202818 0.202171 0.201551 0.200974 0.200452 0.200000
0.203900 0.203309 0.202672 0.202024 0.201399 0.200830 0.200352 0.200000 0.203900 0.203457 0.202899 0.202274 0.201626 0.201001 0.200443 0.200000 0.203900 0.203957 0.203957 0.203923 0.203877 0.203843 0.203843 0.203900 0.207800 0.208461 0.209112 0.209741 0.210336 0.210886 0.211378 0.211800 0.211800 0.212983 0.214256 0.215552 0.216803 0.217940 0.218895 0.219600 0.211800 0.212414 0.213289 0.214370 0.215598 0.216917 0.218270 0.219600 0.223500 0.224161 0.224812 0.225441 0.226036 0.226586 0.227078 0.227500 0.227500 0.227909 0.228387 0.228921 0.229501 0.230115 0.230752 0.231400 0.235300 0.235448 0.235527 0.235550 0.235527 0.235471 0.235391 0.235300 0.235300 0.235482 0.235641 0.235755 0.235800 0.235755 0.235596 0.235300 0.227500 0.222163 0.216390 0.210386 0.204359 0.198515 0.193059 0.188200 0.188200 0.191767 0.195369 0.198720 0.201535 0.203527 0.204410 0.203900 0.137300 0.134776 0.133417 0.133028 0.133417 0.134387 0.135747 0.137300 0.137300 0.160020 0.185299 0.212099 0.239379 0.266099 0.291219 0.313700 0.309800 0.310152 0.310630 0.311199 0.311824 0.312472 0.313109 0.313700 0.313700 0.314200 0.314757 0.315349 0.315951 0.316543 0.317100 0.317600 0.317600 0.318880 0.320001 0.320801 0.321121 0.320801 0.319681 0.317600 0.262700 0.260028 0.258271 0.257303 0.256997 0.257229 0.257872 0.258800 0.262700 0.263679 0.264728 0.265835 0.266987 0.268174 0.269382 0.270600 0.278400 0.280293 0.282450 0.284894 0.287648 0.290735 0.294178 0.298000 0.337300 0.332022 0.325222 0.317300 0.308657 0.299692 0.290806 0.282400 0.270600 0.270054 0.269484 0.268789 0.267866 0.266612 0.264924 0.262700 0.223500 0.223528 0.224414 0.225974 0.228026 0.230386 0.232872 0.235300 0.235300 0.235391 0.235471 0.235527 0.235550 0.235527 0.235448 0.235300 0.231400 0.231343 0.231343 0.231377 0.231423 0.231457 0.231457 0.231400 0.227500 0.227536 0.227618 0.227711 0.227779 0.227790 0.227708 0.227500 0.219600 0.219392 0.219310 0.219321 0.219389 0.219482 0.219564 0.219600 0.215700 0.215552 0.215473 0.215450 0.215473 0.215529 0.215609 0.215700 0.215700 0.215293 0.214818 0.214285 0.213705 0.213091 0.212452 0.211800 0.207800 0.207739 0.207737 0.207771 0.207817 0.207852 0.207855 0.207800 0.203900 0.204343 0.204901 0.205526 0.206174 0.206799 0.207357 0.207800 0.203900 0.203252 0.202615 0.202001 0.201421 0.200887 0.200409 0.200000
0.200000 0.199818 0.199659 0.199545 0.199500 0.199545 0.199704 0.200000 0.207800 0.208096 0.208255 0.208300 0.208255 0.208141 0.207982 0.207800 0.207800 0.207707 0.207625 0.207567 0.207543 0.207567 0.207648 0.207800 0.211800 0.211861 0.211863 0.211829 0.211783 0.211748 0.211745 0.211800 0.215700 0.215666 0.215586 0.215495 0.215427 0.215416 0.215495 0.215700 0.223500 0.223702 0.223780 0.223767 0.223698 0.223608 0.223530 0.223500 0.227500 0.228061 0.228620 0.229178 0.229734 0.230290 0.230845 0.231400 0.235300 0.235357 0.235357 0.235323 0.235277 0.235243 0.235243 0.235300 0.239200 0.239257 0.239257 0.239223 0.239177 0.239143 0.239143 0.239200 0.243100 0.242838 0.242441 0.241929 0.241326 0.240655 0.239939 0.239200 0.235300 0.226143 0.215901 0.204926 0.193574 0.182199 0.171157 0.160800 0.137300 0.136409 0.135930 0.135793 0.135930 0.136272 0.136752 0.137300 0.137300 0.137300 0.137300 0.137300 0.137300 0.137300 0.137300 0.137300 0.137300 0.160851 0.187100 0.214984 0.243439 0.271402 0.297810 0.321600 0.325500 0.325739 0.325898 0.325978 0.325978 0.325898 0.325739 0.325500 0.321600 0.321487 0.321316 0.321029 0.320571 0.319884 0.318913 0.317600 0.294100 0.291109 0.288072 0.284944 0.281678 0.278230 0.274552 0.270600 0.231400 0.231415 0.232287 0.233832 0.235868 0.238213 0.240685 0.243100 0.243100 0.243931 0.244901 0.245985 0.247160 0.248403 0.249691 0.251000 0.258800 0.259836 0.260885 0.261958 0.263065 0.264217 0.265425 0.266700 0.278400 0.238190 0.194335 0.149110 0.104788 0.063646 0.027959 0.000000 0.211800 0.221053 0.226806 0.229643 0.230147 0.228902 0.226492 0.223500 0.235300 0.236248 0.237045 0.237706 0.238239 0.238659 0.238975 0.239200 0.239200 0.239791 0.240428 0.241076 0.241701 0.242270 0.242748 0.243100 0.239200 0.238643 0.238086 0.237529 0.236971 0.236414 0.235857 0.235300 0.231400 0.231436 0.231518 0.231610 0.231679 0.231690 0.231608 0.231400 0.223500 0.223201 0.223039 0.222993 0.223039 0.223155 0.223316 0.223500 0.223500 0.222590 0.221556 0.220430 0.219248 0.218042 0.216848 0.215700 0.211800 0.212152 0.212630 0.213199 0.213824 0.214472 0.215109 0.215700 0.215700 0.215200 0.214643 0.214051 0.213449 0.212857 0.212300 0.211800 0.211800 0.210878 0.209829 0.208688 0.207490 0.206269 0.205061 0.203900 0.200000 0.199852 0.199773 0.199750 0.199773 0.199829 0.199909 0.200000
0.200352 0.200209 0.200089 0.200010 0.199992 0.200055 0.200218 0.200500 0.207448 0.207800 0.208039 0.208181 0.208242 0.208238 0.208184 0.208096 0.207855 0.207931 0.208038 0.208176 0.208346 0.208548 0.208783 0.209052 0.211952 0.211996 0.212006 0.212000 0.211998 0.212020 0.212084 0.212209 0.216439 0.216368 0.216240 0.216092 0.215962 0.215888 0.215905 0.216052 0.223850 0.224090 0.224208 0.224234 0.224202 0.224143 0.224088 0.224070 0.227652 0.228156 0.228665 0.229181 0.229707 0.230245 0.230797 0.231366 0.236005 0.236045 0.236013 0.235938 0.235847 0.235769 0.235732 0.235764 0.240270 0.240347 0.240353 0.240314 0.240253 0.240194 0.240162 0.240179 0.243727 0.243494 0.243137 0.242674 0.242127 0.241516 0.240860 0.240179 0.236412 0.227490 0.217483 0.206727 0.195560 0.184318 0.173338 0.162958 0.135371 0.134190 0.133491 0.133203 0.133257 0.133584 0.134113 0.134776 0.137300 0.137396 0.137447 0.137462 0.137447 0.137410 0.137359 0.137300 0.137300 0.157473 0.179963 0.203859 0.228254 0.252237 0.274899 0.295333 0.299576 0.299930 0.300253 0.300558 0.300854 0.301154 0.301467 0.301805 0.305793 0.308201 0.310614 0.312879 0.314845 0.316360 0.317272 0.317430 0.284666 0.281728 0.278974 0.276323 0.273690 0.270991 0.268143 0.265064 0.229989 0.230088 0.230965 0.232453 0.234386 0.236597 0.238920 0.241188 0.241538 0.242343 0.243268 0.244292 0.245393 0.246547 0.247732 0.248925 0.255634 0.256616 0.257620 0.258653 0.259720 0.260827 0.261980 0.263184 0.273519 0.231809 0.186382 0.139598 0.093817 0.051400 0.014705 0.000000 0.210388 0.220153 0.226215 0.229197 0.229719 0.228405 0.225876 0.222755 0.236564 0.237537 0.238323 0.238943 0.239418 0.239768 0.240015 0.240179 0.240771 0.241264 0.241778 0.242286 0.242763 0.243179 0.243510 0.243727 0.239812 0.239221 0.238630 0.238042 0.237459 0.236883 0.236317 0.235764 0.232457 0.232362 0.232291 0.232219 0.232123 0.231980 0.231766 0.231457 0.224661 0.224440 0.224336 0.224325 0.224385 0.224492 0.224622 0.224752 0.223702 0.222771 0.221738 0.220632 0.219486 0.218329 0.217193 0.216109 0.212562 0.212859 0.213265 0.213749 0.214280 0.214827 0.215360 0.215848 0.215408 0.214878 0.214296 0.213683 0.213060 0.212448 0.211869 0.211345 0.210995 0.210224 0.209350 0.208399 0.207397 0.206370 0.205343 0.204343 0.200262 0.200137 0.200088 0.200101 0.200161 0.200257 0.200374 0.200500
0.200830 0.200721 0.200633 0.200581 0.200582 0.200651 0.200804 0.201057 0.206970 0.207368 0.207681 0.207916 0.208082 0.208188 0.208243 0.208255 0.207852 0.208117 0.208429 0.208779 0.209156 0.209549 0.209947 0.210340 0.212033 0.212077 0.212114 0.212158 0.212223 0.212323 0.212473 0.212687 0.217155 0.217070 0.216919 0.216742 0.216575 0.216459 0.216431 0.216530 0.224007 0.224300 0.224480 0.224575 0.224611 0.224616 0.224617 0.224641 0.227733 0.228181 0.228643 0.229121 0.229621 0.230146 0.230700 0.231286 0.236642 0.236673 0.236619 0.236514 0.236391 0.236282 0.236220 0.236239 0.241399 0.241501 0.241519 0.241479 0.241404 0.241321 0.241254 0.241228 0.244298 0.244107 0.243807 0.243413 0.242943 0.242411 0.241834 0.241228 0.237524 0.228934 0.219274 0.208856 0.197997 0.187011 0.176212 0.165915 0.134332 0.132927 0.132072 0.131693 0.131713 0.132057 0.132650 0.133417 0.137300 0.137447 0.137526 0.137549 0.137526 0.137470 0.137391 0.137300 0.137300 0.153786 0.172171 0.191711 0.211666 0.231294 0.249855 0.266606 0.270931 0.271332 0.271757 0.272233 0.272784 0.273439 0.274222 0.275160 0.288259 0.293399 0.298604 0.303622 0.308202 0.312093 0.315044 0.316803 0.274672 0.271894 0.269547 0.267504 0.265641 0.263829 0.261943 0.259857 0.229034 0.229170 0.229999 0.231373 0.233143 0.235162 0.237283 0.239358 0.240183 0.240960 0.241838 0.242796 0.243812 0.244865 0.245935 0.246999 0.252513 0.253452 0.254429 0.255446 0.256501 0.257596 0.258731 0.259906 0.269280 0.226785 0.180550 0.132983 0.086491 0.043480 0.006357 0.000000 0.210141 0.220239 0.226496 0.229561 0.230081 0.228703 0.226075 0.222845 0.237757 0.238739 0.239514 0.240110 0.240552 0.240868 0.241084 0.241228 0.242456 0.242831 0.243199 0.243543 0.243843 0.244082 0.244240 0.244298 0.240367 0.239751 0.239135 0.238525 0.237926 0.237342 0.236778 0.236239 0.233572 0.233330 0.233087 0.232832 0.232554 0.232239 0.231878 0.231457 0.225869 0.225732 0.225689 0.225715 0.225787 0.225881 0.225973 0.226040 0.223780 0.222843 0.221832 0.220773 0.219693 0.218617 0.217573 0.216587 0.213517 0.213733 0.214035 0.214397 0.214793 0.215198 0.215584 0.215927 0.214933 0.214381 0.213783 0.213159 0.212527 0.211906 0.211315 0.210774 0.209948 0.209368 0.208717 0.208009 0.207258 0.206480 0.205690 0.204901 0.200659 0.200550 0.200520 0.200556 0.200642 0.200764 0.200907 0.201057
0.201399 0.201320 0.201259 0.201227 0.201238 0.201304 0.201436 0.201649 0.206401 0.206836 0.207215 0.207537 0.207806 0.208022 0.208186 0.208300 0.207817 0.208276 0.208800 0.209367 0.209954 0.210540 0.211102 0.211617 0.212057 0.212115 0.212197 0.212309 0.212459 0.212656 0.212908 0.213221 0.217826 0.217746 0.217595 0.217411 0.217231 0.217094 0.217037 0.217099 0.224017 0.224374 0.224634 0.224818 0.224948 0.225044 0.225125 0.225214 0.227757 0.228154 0.228574 0.229022 0.229503 0.230023 0.230585 0.231195 0.237222 0.237252 0.237187 0.237064 0.236920 0.236793 0.236720 0.236738 0.242562 0.242696 0.242731 0.242694 0.242610 0.242505 0.242405 0.242335 0.244836 0.244697 0.244466 0.244155 0.243775 0.243338 0.242854 0.242335 0.238637 0.230445 0.221205 0.211208 0.200742 0.190098 0.179565 0.169432 0.134035 0.132465 0.131511 0.131090 0.131116 0.131504 0.132170 0.133028 0.137300 0.137462 0.137549 0.137574 0.137549 0.137487 0.137400 0.137300 0.137300 0.149978 0.164121 0.179158 0.194521 0.209642 0.223953 0.236884 0.241006 0.241352 0.241777 0.242327 0.243048 0.243985 0.245186 0.246697 0.269831 0.277770 0.285822 0.293638 0.300871 0.307172 0.312192 0.315583 0.264438 0.261908 0.260057 0.258714 0.257708 0.256867 0.256019 0.254994 0.228432 0.228570 0.229310 0.230526 0.232090 0.233877 0.235758 0.237608 0.239000 0.239750 0.240578 0.241465 0.242391 0.243337 0.244283 0.245209 0.249485 0.250390 0.251354 0.252370 0.253435 0.254543 0.255689 0.256867 0.265603 0.222985 0.176652 0.129022 0.082513 0.039541 0.002525 0.000000 0.210865 0.221131 0.227481 0.230578 0.231082 0.229653 0.226953 0.223643 0.238894 0.239869 0.240634 0.241217 0.241649 0.241959 0.242178 0.242335 0.244211 0.244454 0.244663 0.244826 0.244935 0.244979 0.244950 0.244836 0.240888 0.240253 0.239621 0.238998 0.238392 0.237808 0.237255 0.236738 0.234720 0.234322 0.233898 0.233449 0.232977 0.232481 0.231963 0.231423 0.227090 0.227038 0.227054 0.227115 0.227196 0.227273 0.227322 0.227317 0.223767 0.222838 0.221868 0.220876 0.219884 0.218914 0.217986 0.217121 0.214620 0.214733 0.214905 0.215116 0.215346 0.215574 0.215783 0.215950 0.214331 0.213763 0.213159 0.212533 0.211902 0.211281 0.210686 0.210132 0.208740 0.208376 0.207978 0.207546 0.207083 0.206590 0.206071 0.205526 0.201171 0.201067 0.201047 0.201094 0.201193 0.201329 0.201486 0.201649
0.202024 0.201971 0.201931 0.201915 0.201929 0.201984 0.202089 0.202251 0.205776 0.206239 0.206675 0.207078 0.207444 0.207765 0.208037 0.208255 0.207771 0.208421 0.209152 0.209929 0.210719 0.211490 0.212207 0.212838 0.212033 0.212122 0.212263 0.212459 0.212710 0.213017 0.213380 0.213801 0.218429 0.218369 0.218236 0.218066 0.217894 0.217756 0.217687 0.217724 0.223926 0.224354 0.224707 0.224996 0.225236 0.225440 0.225618 0.225786 0.227733 0.228088 0.228477 0.228906 0.229381 0.229906 0.230486 0.231127 0.237756 0.237794 0.237729 0.237600 0.237448 0.237316 0.237244 0.237272 0.243738 0.243907 0.243965 0.243937 0.243850 0.243729 0.243599 0.243487 0.245364 0.245281 0.245128 0.244909 0.244630 0.244296 0.243914 0.243487 0.239751 0.231989 0.223210 0.213677 0.203653 0.193401 0.183185 0.173268 0.134332 0.132648 0.131644 0.131221 0.131284 0.131736 0.132479 0.133417 0.137300 0.137447 0.137526 0.137549 0.137526 0.137470 0.137391 0.137300 0.137300 0.146238 0.156211 0.166820 0.177666 0.188349 0.198470 0.207629 0.211239 0.211397 0.211682 0.212167 0.212924 0.214024 0.215542 0.217548 0.251346 0.262001 0.272800 0.283304 0.293077 0.301681 0.308678 0.313630 0.254284 0.252070 0.250773 0.250178 0.250067 0.250225 0.250436 0.250484 0.228080 0.228192 0.228816 0.229847 0.231180 0.232710 0.234330 0.235937 0.237955 0.238677 0.239455 0.240270 0.241104 0.241940 0.242760 0.243546 0.246593 0.247473 0.248433 0.249462 0.250550 0.251688 0.252864 0.254067 0.262407 0.220277 0.174500 0.127471 0.081585 0.039236 0.002818 0.000000 0.212367 0.222649 0.229001 0.232088 0.232571 0.231113 0.228376 0.225024 0.239984 0.240942 0.241697 0.242279 0.242718 0.243046 0.243292 0.243487 0.245989 0.246096 0.246139 0.246116 0.246028 0.245874 0.245652 0.245364 0.241399 0.240752 0.240110 0.239481 0.238875 0.238299 0.237762 0.237272 0.235880 0.235322 0.234713 0.234067 0.233398 0.232717 0.232039 0.231377 0.228288 0.228316 0.228387 0.228478 0.228562 0.228617 0.228617 0.228538 0.223698 0.222789 0.221872 0.220962 0.220075 0.219225 0.218429 0.217701 0.215825 0.215820 0.215843 0.215880 0.215920 0.215950 0.215956 0.215927 0.213659 0.213083 0.212479 0.211859 0.211237 0.210623 0.210029 0.209468 0.207450 0.207313 0.207179 0.207038 0.206878 0.206688 0.206457 0.206174 0.201774 0.201668 0.201647 0.201693 0.201793 0.201929 0.202087 0.202251
0.202672 0.202641 0.202618 0.202611 0.202624 0.202663 0.202734 0.202843 0.205128 0.205611 0.206096 0.206572 0.207027 0.207448 0.207823 0.208141 0.207737 0.208566 0.209486 0.210456 0.211431 0.212368 0.213224 0.213956 0.211975 0.212107 0.212323 0.212616 0.212978 0.213403 0.213884 0.214415 0.218941 0.218913 0.218814 0.218675 0.218529 0.218409 0.218346 0.218372 0.223778 0.224284 0.224736 0.225139 0.225499 0.225819 0.226104 0.226359 0.227675 0.228000 0.228372 0.228798 0.229280 0.229824 0.230434 0.231116 0.238256 0.238311 0.238255 0.238133 0.237987 0.237863 0.237804 0.237852 0.244901 0.245111 0.245197 0.245186 0.245102 0.244972 0.244821 0.244674 0.245902 0.245880 0.245807 0.245683 0.245509 0.245282 0.245004 0.244674 0.240866 0.233534 0.225219 0.216156 0.206584 0.196740 0.186861 0.177185 0.135074 0.133322 0.132305 0.131913 0.132035 0.132562 0.133383 0.134387 0.137300 0.137410 0.137470 0.137487 0.137470 0.137427 0.137368 0.137300 0.137300 0.142752 0.148839 0.155318 0.161947 0.168483 0.174683 0.180304 0.183073 0.182873 0.182840 0.183078 0.183693 0.184788 0.186470 0.188844 0.233639 0.246782 0.260073 0.272999 0.285048 0.295708 0.304465 0.310807 0.244530 0.242681 0.241964 0.242121 0.242895 0.244028 0.245262 0.246341 0.227877 0.227945 0.228438 0.229272 0.230364 0.231629 0.232985 0.234346 0.237013 0.237709 0.238437 0.239181 0.239924 0.240652 0.241348 0.241997 0.243885 0.244745 0.245707 0.246755 0.247874 0.249050 0.250265 0.251506 0.259611 0.218528 0.173906 0.128086 0.083410 0.042217 0.006848 0.000000 0.214453 0.224614 0.230889 0.233932 0.234398 0.232939 0.230209 0.226862 0.241041 0.241972 0.242718 0.243307 0.243768 0.244130 0.244422 0.244674 0.247744 0.247717 0.247597 0.247394 0.247115 0.246767 0.246360 0.245902 0.241923 0.241269 0.240623 0.239995 0.239394 0.238830 0.238313 0.237852 0.237028 0.236312 0.235523 0.234684 0.233821 0.232960 0.232126 0.231343 0.229429 0.229526 0.229643 0.229755 0.229836 0.229863 0.229811 0.229656 0.223608 0.222728 0.221874 0.221054 0.220279 0.219557 0.218900 0.218315 0.217087 0.216952 0.216812 0.216663 0.216499 0.216316 0.216108 0.215871 0.212976 0.212396 0.211798 0.211191 0.210582 0.209980 0.209392 0.208826 0.206160 0.206243 0.206368 0.206513 0.206653 0.206763 0.206820 0.206799 0.202445 0.202331 0.202299 0.202334 0.202420 0.202544 0.202690 0.202843
0.203309 0.203295 0.203286 0.203284 0.203291 0.203311 0.203347 0.203400 0.204491 0.204986 0.205512 0.206051 0.206585 0.207097 0.207569 0.207982 0.207739 0.208723 0.209806 0.210938 0.212068 0.213143 0.214113 0.214925 0.211893 0.212084 0.212385 0.212784 0.213265 0.213813 0.214414 0.215052 0.219339 0.219351 0.219297 0.219205 0.219102 0.219017 0.218976 0.219009 0.223621 0.224205 0.224758 0.225277 0.225758 0.226196 0.226588 0.226930 0.227593 0.227905 0.228279 0.228719 0.229228 0.229808 0.230463 0.231195 0.238734 0.238813 0.238778 0.238675 0.238550 0.238447 0.238412 0.238491 0.246030 0.246283 0.246403 0.246416 0.246346 0.246217 0.246054 0.245882 0.246473 0.246511 0.246518 0.246489 0.246416 0.246295 0.246119 0.245882 0.241982 0.235050 0.227165 0.218542 0.209394 0.199936 0.190380 0.180942 0.136113 0.134331 0.133332 0.132992 0.133188 0.133795 0.134689 0.135747 0.137300 0.137359 0.137391 0.137400 0.137391 0.137368 0.137336 0.137300 0.137300 0.139710 0.142403 0.145271 0.148209 0.151110 0.153867 0.156373 0.157946 0.157188 0.156619 0.156386 0.156634 0.157508 0.159154 0.161717 0.217545 0.232801 0.248175 0.263100 0.277010 0.289338 0.299516 0.306976 0.235495 0.234041 0.233897 0.234770 0.236367 0.238396 0.240563 0.242575 0.227718 0.227734 0.228094 0.228735 0.229593 0.230604 0.231706 0.232834 0.236139 0.236811 0.237491 0.238167 0.238825 0.239450 0.240031 0.240552 0.241405 0.242250 0.243216 0.244284 0.245435 0.246648 0.247904 0.249184 0.257136 0.217605 0.174681 0.130624 0.087689 0.048137 0.014224 0.000000 0.216929 0.226845 0.232975 0.235953 0.236413 0.234990 0.232317 0.229029 0.242075 0.242975 0.243713 0.244314 0.244806 0.245213 0.245563 0.245882 0.249429 0.249278 0.249009 0.248640 0.248186 0.247663 0.247086 0.246473 0.242482 0.241827 0.241183 0.240559 0.239968 0.239419 0.238923 0.238491 0.238143 0.237277 0.236317 0.235296 0.234253 0.233222 0.232240 0.231343 0.230478 0.230629 0.230777 0.230898 0.230967 0.230961 0.230855 0.230625 0.223530 0.222688 0.221901 0.221174 0.220512 0.219917 0.219396 0.218952 0.218361 0.218089 0.217781 0.217438 0.217064 0.216663 0.216238 0.215791 0.212337 0.211759 0.211173 0.210582 0.209991 0.209403 0.208823 0.208255 0.204950 0.205231 0.205593 0.206000 0.206416 0.206804 0.207130 0.207357 0.203161 0.203033 0.202981 0.202993 0.203054 0.203151 0.203271 0.203400
0.203900 0.203900 0.203900 0.203900 0.203900 0.203900 0.203900 0.203900 0.203900 0.204400 0.204957 0.205549 0.206151 0.206743 0.207300 0.207800 0.207800 0.208904 0.210113 0.211367 0.212610 0.213785 0.214834 0.215700 0.211800 0.212062 0.212459 0.212971 0.213574 0.214245 0.214961 0.215700 0.219600 0.219657 0.219657 0.219623 0.219577 0.219543 0.219543 0.219600 0.223500 0.224161 0.224812 0.225441 0.226036 0.226586 0.227078 0.227500 0.227500 0.227818 0.228216 0.228694 0.229251 0.229888 0.230604 0.231400 0.239200 0.239311 0.239309 0.239240 0.239148 0.239080 0.239083 0.239200 0.247100 0.247399 0.247561 0.247607 0.247561 0.247445 0.247284 0.247100 0.247100 0.247193 0.247275 0.247333 0.247357 0.247333 0.247252 0.247100 0.243100 0.236502 0.228979 0.220727 0.211939 0.202808 0.193531 0.184300 0.137300 0.135519 0.134559 0.134285 0.134559 0.135245 0.136204 0.137300 0.137300 0.137300 0.137300 0.137300 0.137300 0.137300 0.137300 0.137300 0.137300 0.137300 0.137300 0.137300 0.137300 0.137300 0.137300 0.137300 0.137300 0.135747 0.134387 0.133417 0.133028 0.133417 0.134776 0.137300 0.203900 0.220746 0.237640 0.253987 0.269191 0.282658 0.293793 0.302000 0.227500 0.226450 0.226840 0.228350 0.230660 0.233452 0.236405 0.239200 0.227500 0.227466 0.227705 0.228171 0.228819 0.229603 0.230479 0.231400 0.235300 0.235948 0.236585 0.237199 0.237779 0.238313 0.238791 0.239200 0.239200 0.240031 0.241001 0.242085 0.243260 0.244503 0.245791 0.247100 0.254900 0.217375 0.176638 0.134839 0.094126 0.056649 0.024557 0.000000 0.219600 0.229164 0.235092 0.237991 0.238466 0.237122 0.234565 0.231400 0.243100 0.243966 0.244696 0.245314 0.245841 0.246300 0.246712 0.247100 0.251000 0.250741 0.250345 0.249835 0.249233 0.248561 0.247843 0.247100 0.243100 0.242448 0.241809 0.241195 0.240615 0.240083 0.239607 0.239200 0.239200 0.238199 0.237085 0.235903 0.234697 0.233515 0.232401 0.231400 0.231400 0.231584 0.231745 0.231861 0.231907 0.231861 0.231699 0.231400 0.223500 0.222700 0.221982 0.221345 0.220788 0.220312 0.219916 0.219600 0.219600 0.219191 0.218713 0.218179 0.217599 0.216985 0.216348 0.215700 0.211800 0.211230 0.210659 0.210086 0.209514 0.208941 0.208370 0.207800 0.203900 0.204343 0.204901 0.205526 0.206174 0.206799 0.207357 0.207800 0.203900 0.203752 0.203673 0.203650 0.203673 0.203729 0.203809 0.203900
0.203900 0.203900 0.203900 0.203900 0.203900 0.203900 0.203900 0.203900 0.203900 0.204307 0.204783 0.205315 0.205895 0.206509 0.207148 0.207800 0.211800 0.211952 0.212033 0.212057 0.212033 0.211975 0.211893 0.211800 0.211800 0.212892 0.214085 0.215325 0.216553 0.217713 0.218747 0.219600 0.215700 0.215868 0.216185 0.216638 0.217217 0.217911 0.218709 0.219600 0.227500 0.228391 0.229189 0.229883 0.230462 0.230915 0.231232 0.231400 0.227500 0.228762 0.230274 0.231969 0.233776 0.235630 0.237460 0.239200 0.243100 0.243670 0.244241 0.244814 0.245386 0.245959 0.246530 0.247100 0.251000 0.251648 0.252285 0.252899 0.253479 0.254013 0.254491 0.254900 0.254900 0.254991 0.255071 0.255127 0.255150 0.255127 0.255048 0.254900 0.251000 0.242210 0.232287 0.221541 0.210281 0.198815 0.187452 0.176500 0.137300 0.135814 0.135014 0.134786 0.135014 0.135586 0.136386 0.137300 0.137300 0.137300 0.137300 0.137300 0.137300 0.137300 0.137300 0.137300 0.137300 0.153934 0.172328 0.191682 0.211196 0.230070 0.247504 0.262700 0.239200 0.222677 0.205399 0.188213 0.171964 0.157499 0.145662 0.137300 0.247100 0.248141 0.246929 0.243933 0.239622 0.234467 0.228937 0.223500 0.227500 0.227927 0.228249 0.228445 0.228490 0.228363 0.228041 0.227500 0.215700 0.216160 0.216952 0.218007 0.219258 0.220636 0.222073 0.223500 0.227500 0.228061 0.228620 0.229178 0.229734 0.230290 0.230845 0.231400 0.235300 0.235948 0.236585 0.237199 0.237779 0.238313 0.238791 0.239200 0.239200 0.224025 0.207627 0.190863 0.174592 0.159669 0.146953 0.137300 0.227500 0.232736 0.236644 0.239420 0.241258 0.242354 0.242903 0.243100 0.251000 0.251800 0.252518 0.253155 0.253712 0.254188 0.254584 0.254900 0.254900 0.254991 0.255071 0.255127 0.255150 0.255127 0.255048 0.254900 0.251000 0.250445 0.249890 0.249334 0.248778 0.248220 0.247661 0.247100 0.243100 0.242039 0.240922 0.239773 0.238614 0.237467 0.236355 0.235300 0.231400 0.230752 0.230115 0.229501 0.228921 0.228387 0.227909 0.227500 0.227500 0.226987 0.226415 0.225809 0.225191 0.224585 0.224013 0.223500 0.223500 0.222499 0.221385 0.220203 0.218997 0.217815 0.216701 0.215700 0.215700 0.215293 0.214818 0.214285 0.213705 0.213091 0.212452 0.211800 0.207800 0.207057 0.206339 0.205667 0.205065 0.204555 0.204159 0.203900 0.207800 0.207448 0.206970 0.206401 0.205776 0.205128 0.204491 0.203900
0.203900 0.203888 0.203878 0.203871 0.203868 0.203871 0.203881 0.203900 0.204400 0.204731 0.205112 0.205539 0.206008 0.206513 0.207051 0.207616 0.211952 0.212078 0.212125 0.212105 0.212034 0.211925 0.211793 0.211652 0.211618 0.212732 0.213953 0.215224 0.216488 0.217686 0.218761 0.219657 0.216052 0.216245 0.216580 0.217047 0.217635 0.218331 0.219126 0.220007 0.227652 0.228514 0.229291 0.229972 0.230548 0.231009 0.231345 0.231548 0.228410 0.229691 0.231207 0.232892 0.234679 0.236503 0.238297 0.239996 0.243670 0.244241 0.244821 0.245408 0.246001 0.246600 0.247202 0.247809 0.252057 0.252728 0.253383 0.254015 0.254613 0.255167 0.255667 0.256103 0.256527 0.256635 0.256723 0.256783 0.256803 0.256774 0.256686 0.256527 0.252616 0.243782 0.233804 0.222993 0.211656 0.200102 0.188640 0.177579 0.137300 0.135773 0.134951 0.134716 0.134951 0.135539 0.136361 0.137300 0.137300 0.137277 0.137256 0.137242 0.137236 0.137242 0.137262 0.137300 0.138301 0.155005 0.173460 0.192869 0.212436 0.231365 0.248858 0.264120 0.241561 0.225888 0.209493 0.193172 0.177722 0.163941 0.152624 0.144570 0.246450 0.247001 0.245427 0.242188 0.237743 0.232551 0.227072 0.221763 0.227952 0.228107 0.228076 0.227860 0.227458 0.226869 0.226093 0.225129 0.213050 0.213532 0.214355 0.215447 0.216739 0.218159 0.219638 0.221104 0.225092 0.225661 0.226229 0.226799 0.227368 0.227939 0.228510 0.229083 0.233146 0.233751 0.234322 0.234846 0.235310 0.235702 0.236007 0.236213 0.233762 0.217270 0.199538 0.181498 0.164081 0.148220 0.134846 0.124891 0.229209 0.234903 0.239015 0.241787 0.243460 0.244273 0.244467 0.244284 0.252616 0.253451 0.254195 0.254848 0.255408 0.255875 0.256249 0.256527 0.255773 0.255774 0.255774 0.255763 0.255732 0.255671 0.255570 0.255421 0.252209 0.251725 0.251226 0.250709 0.250171 0.249609 0.249019 0.248400 0.242973 0.242024 0.241061 0.240092 0.239128 0.238177 0.237250 0.236355 0.231809 0.231109 0.230430 0.229784 0.229183 0.228637 0.228160 0.227762 0.228152 0.227586 0.226946 0.226257 0.225547 0.224842 0.224169 0.223555 0.223148 0.222251 0.221260 0.220210 0.219142 0.218092 0.217099 0.216200 0.215757 0.215333 0.214852 0.214323 0.213758 0.213168 0.212562 0.211952 0.208461 0.207702 0.206951 0.206232 0.205569 0.204986 0.204508 0.204159 0.207357 0.207034 0.206606 0.206100 0.205548 0.204977 0.204418 0.203900
0.203900 0.203875 0.203854 0.203838 0.203832 0.203838 0.203860 0.203900 0.204957 0.205211 0.205496 0.205814 0.206167 0.206557 0.206985 0.207455 0.212033 0.212150 0.212180 0.212139 0.212042 0.211904 0.211743 0.211573 0.211459 0.212579 0.213812 0.215100 0.216385 0.217611 0.218721 0.219657 0.216530 0.216749 0.217102 0.217578 0.218164 0.218851 0.219628 0.220483 0.227733 0.228559 0.229307 0.229972 0.230544 0.231016 0.231380 0.231627 0.229444 0.230725 0.232218 0.233862 0.235595 0.237356 0.239082 0.240712 0.244241 0.244805 0.245381 0.245970 0.246572 0.247186 0.247811 0.248448 0.253172 0.253858 0.254525 0.255164 0.255768 0.256330 0.256841 0.257295 0.258213 0.258340 0.258438 0.258501 0.258519 0.258482 0.258383 0.258213 0.254287 0.245469 0.235502 0.224690 0.213339 0.201755 0.190241 0.179104 0.137300 0.135716 0.134862 0.134619 0.134862 0.135472 0.136325 0.137300 0.137300 0.137251 0.137208 0.137177 0.137164 0.137177 0.137220 0.137300 0.139415 0.155827 0.173942 0.192985 0.212179 0.230750 0.247924 0.262924 0.241969 0.227579 0.212523 0.197529 0.183325 0.170639 0.160199 0.152731 0.244850 0.245197 0.243614 0.240526 0.236356 0.231530 0.226472 0.221606 0.228587 0.228418 0.228008 0.227375 0.226537 0.225511 0.224313 0.222962 0.210640 0.211136 0.211979 0.213097 0.214417 0.215867 0.217375 0.218869 0.222843 0.223419 0.223997 0.224577 0.225158 0.225742 0.226327 0.226914 0.231073 0.231635 0.232143 0.232582 0.232936 0.233191 0.233331 0.233341 0.228484 0.209988 0.190181 0.170107 0.150814 0.133347 0.118754 0.108079 0.230962 0.237266 0.241658 0.244435 0.245900 0.246351 0.246089 0.245413 0.254287 0.255162 0.255934 0.256603 0.257166 0.257624 0.257973 0.258213 0.256726 0.256622 0.256523 0.256425 0.256320 0.256202 0.256062 0.255896 0.253405 0.252992 0.252549 0.252069 0.251547 0.250978 0.250356 0.249676 0.242811 0.241987 0.241189 0.240414 0.239659 0.238918 0.238189 0.237467 0.232287 0.231546 0.230838 0.230173 0.229562 0.229015 0.228544 0.228159 0.228791 0.228163 0.227446 0.226668 0.225860 0.225052 0.224273 0.223552 0.222670 0.221901 0.221059 0.220172 0.219270 0.218380 0.217533 0.216757 0.215757 0.215309 0.214817 0.214289 0.213736 0.213169 0.212598 0.212033 0.209112 0.208364 0.207608 0.206867 0.206167 0.205532 0.204986 0.204555 0.206799 0.206513 0.206144 0.205718 0.205257 0.204784 0.204324 0.203900
0.203900 0.203862 0.203828 0.203804 0.203794 0.203804 0.203838 0.203900 0.205549 0.205731 0.205924 0.206136 0.206376 0.206651 0.206969 0.207339 0.212057 0.212175 0.212203 0.212157 0.212052 0.211905 0.211733 0.211550 0.211345 0.212458 0.213688 0.214978 0.216273 0.217517 0.218652 0.219623 0.217099 0.217348 0.217719 0.218199 0.218780 0.219450 0.220199 0.221015 0.227757 0.228537 0.229253 0.229898 0.230467 0.230952 0.231349 0.231650 0.230570 0.231831 0.233278 0.234855 0.236507 0.238177 0.239810 0.241349 0.244814 0.245362 0.245927 0.246509 0.247109 0.247728 0.248368 0.249028 0.254320 0.255018 0.255688 0.256326 0.256927 0.257486 0.258001 0.258464 0.259934 0.260081 0.260192 0.260258 0.260272 0.260228 0.260117 0.259934 0.255992 0.247248 0.237353 0.226604 0.215300 0.203740 0.192220 0.181039 0.137300 0.135642 0.134750 0.134495 0.134750 0.135387 0.136280 0.137300 0.137300 0.137223 0.137156 0.137108 0.137088 0.137108 0.137175 0.137300 0.140597 0.156429 0.173883 0.192220 0.210701 0.228587 0.245138 0.259615 0.240790 0.228011 0.214641 0.201325 0.188707 0.177429 0.168137 0.161475 0.242552 0.242931 0.241623 0.238999 0.235430 0.231287 0.226942 0.222765 0.229427 0.228906 0.228111 0.227073 0.225824 0.224395 0.222818 0.221124 0.208630 0.209132 0.209985 0.211117 0.212453 0.213921 0.215446 0.216955 0.220914 0.221495 0.222080 0.222668 0.223258 0.223850 0.224445 0.225041 0.229239 0.229761 0.230212 0.230573 0.230828 0.230959 0.230948 0.230779 0.223687 0.202647 0.180175 0.157464 0.135705 0.116091 0.099814 0.088064 0.232725 0.239755 0.244483 0.247277 0.248508 0.248544 0.247754 0.246508 0.255992 0.256908 0.257709 0.258394 0.258960 0.259407 0.259732 0.259934 0.257759 0.257539 0.257332 0.257133 0.256940 0.256749 0.256557 0.256361 0.254577 0.254230 0.253837 0.253390 0.252881 0.252302 0.251646 0.250904 0.242662 0.241966 0.241337 0.240760 0.240216 0.239689 0.239161 0.238614 0.232821 0.232052 0.231326 0.230652 0.230041 0.229500 0.229041 0.228671 0.229405 0.228711 0.227913 0.227046 0.226140 0.225228 0.224343 0.223517 0.222101 0.221476 0.220801 0.220096 0.219380 0.218670 0.217987 0.217349 0.215723 0.215245 0.214735 0.214204 0.213660 0.213115 0.212577 0.212057 0.209741 0.209028 0.208290 0.207551 0.206836 0.206167 0.205569 0.205065 0.206174 0.205924 0.205622 0.205284 0.204926 0.204565 0.204218 0.203900
0.203900 0.203847 0.203802 0.203769 0.203756 0.203769 0.203815 0.203900 0.206151 0.206273 0.206385 0.206502 0.206638 0.206806 0.207020 0.207293 0.212033 0.212160 0.212197 0.212158 0.212061 0.211921 0.211753 0.211573 0.211300 0.212394 0.213609 0.214889 0.216181 0.217429 0.218579 0.219577 0.217724 0.218007 0.218397 0.218883 0.219457 0.220106 0.220822 0.221595 0.227733 0.228463 0.229142 0.229766 0.230331 0.230833 0.231266 0.231627 0.231753 0.232979 0.234361 0.235850 0.237398 0.238956 0.240475 0.241906 0.245386 0.245916 0.246463 0.247030 0.247620 0.248237 0.248883 0.249562 0.255480 0.256185 0.256852 0.257481 0.258071 0.258622 0.259132 0.259601 0.261666 0.261837 0.261960 0.262029 0.262041 0.261987 0.261864 0.261666 0.257708 0.249093 0.239330 0.228705 0.217507 0.206024 0.194542 0.183351 0.137300 0.135555 0.134615 0.134346 0.134615 0.135286 0.136226 0.137300 0.137300 0.137195 0.137103 0.137037 0.137011 0.137037 0.137129 0.137300 0.141803 0.156835 0.173388 0.190767 0.208280 0.225234 0.240937 0.254695 0.238388 0.227443 0.215997 0.204598 0.193798 0.184147 0.176195 0.170492 0.239806 0.240402 0.239585 0.237661 0.234934 0.231707 0.228287 0.224978 0.230495 0.229618 0.228451 0.227036 0.225416 0.223632 0.221727 0.219743 0.207180 0.207682 0.208537 0.209671 0.211010 0.212481 0.214010 0.215522 0.219464 0.220048 0.220636 0.221227 0.221821 0.222417 0.223015 0.223614 0.227806 0.228292 0.228693 0.228988 0.229157 0.229182 0.229043 0.228721 0.219690 0.195711 0.170141 0.144340 0.119670 0.097491 0.079164 0.066048 0.234464 0.242296 0.247402 0.250226 0.251214 0.250808 0.249453 0.247592 0.257708 0.258664 0.259493 0.260193 0.260762 0.261198 0.261500 0.261666 0.258873 0.258534 0.258211 0.257905 0.257615 0.257342 0.257087 0.256849 0.255713 0.255423 0.255072 0.254651 0.254149 0.253557 0.252865 0.252063 0.242571 0.242001 0.241537 0.241151 0.240811 0.240488 0.240152 0.239773 0.233401 0.232614 0.231879 0.231206 0.230601 0.230073 0.229628 0.229274 0.229985 0.229222 0.228347 0.227393 0.226394 0.225384 0.224399 0.223471 0.221476 0.221001 0.220504 0.219991 0.219471 0.218952 0.218443 0.217951 0.215677 0.215163 0.214631 0.214090 0.213550 0.213021 0.212512 0.212033 0.210336 0.209676 0.208978 0.208262 0.207551 0.206867 0.206232 0.205667 0.205526 0.205312 0.205077 0.204830 0.204579 0.204335 0.204105 0.203900
0.203900 0.203834 0.203776 0.203734 0.203718 0.203734 0.203792 0.203900 0.206743 0.206819 0.206867 0.206907 0.206955 0.207032 0.207153 0.207339 0.211975 0.212113 0.212164 0.212143 0.212064 0.211942 0.211793 0.211629 0.211345 0.212413 0.213603 0.214861 0.216136 0.217376 0.218529 0.219543 0.218372 0.218692 0.219105 0.219600 0.220168 0.220799 0.221483 0.222209 0.227675 0.228349 0.228989 0.229591 0.230153 0.230672 0.231146 0.231571 0.232958 0.234136 0.235438 0.236823 0.238251 0.239680 0.241071 0.242384 0.245959 0.246467 0.246992 0.247539 0.248114 0.248722 0.249369 0.250061 0.256628 0.257336 0.257996 0.258611 0.259185 0.259721 0.260223 0.260693 0.263387 0.263582 0.263718 0.263791 0.263799 0.263736 0.263600 0.263387 0.259413 0.250981 0.241407 0.230965 0.219929 0.208574 0.197174 0.186004 0.137300 0.135454 0.134460 0.134176 0.134460 0.135170 0.136164 0.137300 0.137300 0.137167 0.137051 0.136969 0.136935 0.136968 0.137085 0.137300 0.142985 0.157073 0.172563 0.188816 0.205191 0.221051 0.235757 0.248668 0.235129 0.226138 0.216740 0.207387 0.198532 0.190626 0.184123 0.179475 0.236864 0.237810 0.237634 0.236565 0.234836 0.232675 0.230312 0.227980 0.231815 0.230601 0.229095 0.227348 0.225410 0.223330 0.221159 0.218945 0.206452 0.206949 0.207796 0.208921 0.210250 0.211710 0.213227 0.214729 0.218655 0.219236 0.219821 0.220409 0.221000 0.221593 0.222187 0.222782 0.226931 0.227389 0.227750 0.227993 0.228096 0.228039 0.227800 0.227359 0.216814 0.189647 0.160698 0.131508 0.103623 0.078586 0.057941 0.043231 0.236146 0.244816 0.250326 0.253196 0.253946 0.253098 0.251172 0.248687 0.259413 0.260406 0.261261 0.261974 0.262545 0.262972 0.263253 0.263387 0.260068 0.259613 0.259176 0.258760 0.258370 0.258009 0.257683 0.257396 0.256803 0.256556 0.256234 0.255828 0.255325 0.254716 0.253988 0.253131 0.242583 0.242131 0.241819 0.241607 0.241452 0.241314 0.241151 0.240922 0.234015 0.233218 0.232484 0.231818 0.231226 0.230713 0.230284 0.229945 0.230517 0.229692 0.228745 0.227713 0.226631 0.225534 0.224458 0.223437 0.220828 0.220504 0.220183 0.219864 0.219543 0.219217 0.218885 0.218543 0.215643 0.215088 0.214527 0.213970 0.213426 0.212906 0.212419 0.211975 0.210886 0.210295 0.209652 0.208978 0.208290 0.207608 0.206951 0.206339 0.204901 0.204718 0.204545 0.204385 0.204239 0.204108 0.203995 0.203900
0.203900 0.203821 0.203751 0.203702 0.203682 0.203702 0.203771 0.203900 0.207300 0.207352 0.207360 0.207347 0.207332 0.207339 0.207388 0.207501 0.211893 0.212041 0.212108 0.212109 0.212056 0.211963 0.211843 0.211709 0.211504 0.212540 0.213695 0.214921 0.216167 0.217386 0.218527 0.219543 0.219009 0.219370 0.219811 0.220321 0.220890 0.221507 0.222163 0.222848 0.227593 0.228211 0.228810 0.229390 0.229949 0.230487 0.231001 0.231491 0.234152 0.235272 0.236483 0.237752 0.239048 0.240340 0.241595 0.242782 0.246530 0.247018 0.247520 0.248044 0.248599 0.249194 0.249837 0.250536 0.257743 0.258449 0.259098 0.259695 0.260250 0.260769 0.261260 0.261730 0.265073 0.265292 0.265442 0.265520 0.265523 0.265451 0.265302 0.265073 0.261084 0.252887 0.243557 0.233353 0.222534 0.211358 0.200082 0.188966 0.137300 0.135342 0.134287 0.133986 0.134287 0.135041 0.136095 0.137300 0.137300 0.137141 0.137003 0.136904 0.136864 0.136904 0.137042 0.137300 0.144099 0.157169 0.171516 0.186558 0.201714 0.216400 0.230035 0.242035 0.231378 0.224354 0.217020 0.209730 0.202840 0.196704 0.191677 0.188114 0.233978 0.235355 0.235900 0.235765 0.235105 0.234073 0.232823 0.231508 0.233409 0.231900 0.230109 0.228092 0.225904 0.223598 0.221230 0.218855 0.206605 0.207093 0.207924 0.209028 0.210333 0.211767 0.213258 0.214735 0.218646 0.219219 0.219793 0.220370 0.220949 0.221530 0.222111 0.222694 0.226776 0.227214 0.227548 0.227756 0.227817 0.227707 0.227405 0.226887 0.215377 0.184923 0.152467 0.119741 0.088480 0.060416 0.037284 0.020815 0.237736 0.247244 0.253167 0.256099 0.256635 0.255370 0.252899 0.249816 0.261084 0.262110 0.262986 0.263710 0.264283 0.264701 0.264965 0.265073 0.261343 0.260782 0.260237 0.259717 0.259228 0.258780 0.258379 0.258034 0.257836 0.257612 0.257303 0.256898 0.256386 0.255754 0.254990 0.254084 0.242744 0.242396 0.242214 0.242149 0.242149 0.242165 0.242145 0.242039 0.234652 0.233852 0.233125 0.232472 0.231896 0.231401 0.230988 0.230661 0.230993 0.230112 0.229106 0.228010 0.226860 0.225691 0.224539 0.223439 0.220191 0.220009 0.219857 0.219723 0.219593 0.219455 0.219295 0.219100 0.215643 0.215043 0.214447 0.213866 0.213310 0.212789 0.212313 0.211893 0.211378 0.210867 0.210295 0.209676 0.209028 0.208364 0.207702 0.207057 0.204343 0.204184 0.204065 0.203982 0.203929 0.203902 0.203894 0.203900
0.203900 0.203809 0.203729 0.203673 0.203650 0.203673 0.203752 0.203900 0.207800 0.207855 0.207852 0.207817 0.207771 0.207737 0.207739 0.207800 0.211800 0.211952 0.212033 0.212057 0.212033 0.211975 0.211893 0.211800 0.211800 0.212801 0.213915 0.215097 0.216303 0.217485 0.218599 0.219600 0.219600 0.220007 0.220483 0.221015 0.221595 0.222209 0.222848 0.223500 0.227500 0.228061 0.228620 0.229178 0.229734 0.230290 0.230845 0.231400 0.235300 0.236355 0.237467 0.238614 0.239773 0.240922 0.242039 0.243100 0.247100 0.247570 0.248050 0.248550 0.249084 0.249663 0.250297 0.251000 0.258800 0.259503 0.260137 0.260716 0.261250 0.261750 0.262230 0.262700 0.266700 0.266945 0.267108 0.267190 0.267190 0.267108 0.266945 0.266700 0.262700 0.254785 0.245752 0.235841 0.225291 0.214341 0.203231 0.192200 0.137300 0.135219 0.134099 0.133779 0.134099 0.134899 0.136020 0.137300 0.137300 0.137118 0.136959 0.136845 0.136800 0.136845 0.137004 0.137300 0.145100 0.157148 0.170352 0.184186 0.198124 0.211639 0.224207 0.235300 0.227500 0.222353 0.216988 0.211667 0.206655 0.202214 0.198608 0.196100 0.231400 0.233238 0.234516 0.235313 0.235710 0.235786 0.235623 0.235300 0.235300 0.233561 0.231559 0.229351 0.226994 0.224545 0.222061 0.219600 0.207800 0.208275 0.209083 0.210155 0.211422 0.212815 0.214264 0.215700 0.219600 0.220155 0.220710 0.221266 0.221822 0.222380 0.222939 0.223500 0.227500 0.227927 0.228249 0.228445 0.228490 0.228363 0.228041 0.227500 0.215700 0.182004 0.146067 0.109810 0.075155 0.044021 0.018329 0.000000 0.239200 0.249507 0.255835 0.258848 0.259209 0.257579 0.254622 0.251000 0.262700 0.263750 0.264642 0.265375 0.265948 0.266360 0.266611 0.266700 0.262700 0.262048 0.261409 0.260795 0.260215 0.259683 0.259207 0.258800 0.258800 0.258575 0.258259 0.257839 0.257306 0.256646 0.255848 0.254900 0.243100 0.242835 0.242753 0.242798 0.242912 0.243039 0.243120 0.243100 0.235300 0.234504 0.233788 0.233151 0.232594 0.232116 0.231718 0.231400 0.231400 0.230478 0.229429 0.228288 0.227090 0.225869 0.224661 0.223500 0.219600 0.219543 0.219543 0.219577 0.219623 0.219657 0.219657 0.219600 0.215700 0.215052 0.214415 0.213801 0.213221 0.212687 0.212209 0.211800 0.211800 0.211378 0.210886 0.210336 0.209741 0.209112 0.208461 0.207800 0.203900 0.203752 0.203673 0.203650 0.203673 0.203729 0.203809 0.203900
0.203900 0.203809 0.203729 0.203673 0.203650 0.203673 0.203752 0.203900 0.207800 0.209052 0.210340 0.211617 0.212838 0.213956 0.214925 0.215700 0.211800 0.211470 0.211231 0.211095 0.211072 0.211175 0.211413 0.211800 0.219600 0.220487 0.221283 0.221976 0.222556 0.223011 0.223329 0.223500 0.219600 0.220466 0.221515 0.222690 0.223933 0.225187 0.226396 0.227500 0.227500 0.227818 0.228216 0.228694 0.229251 0.229888 0.230604 0.231400 0.239200 0.239812 0.240367 0.240888 0.241399 0.241923 0.242482 0.243100 0.251000 0.251618 0.252177 0.252701 0.253212 0.253733 0.254288 0.254900 0.262700 0.263327 0.263898 0.264436 0.264964 0.265502 0.266073 0.266700 0.274500 0.274887 0.275125 0.275228 0.275205 0.275069 0.274830 0.274500 0.270600 0.265829 0.260144 0.253589 0.246211 0.238056 0.229171 0.219600 0.137300 0.134181 0.132501 0.132021 0.132501 0.133701 0.135380 0.137300 0.137300 0.137118 0.136959 0.136845 0.136800 0.136845 0.137004 0.137300 0.145100 0.155966 0.167897 0.180434 0.193121 0.205499 0.217112 0.227500 0.227500 0.224150 0.220615 0.217114 0.213864 0.211083 0.208989 0.207800 0.243100 0.244678 0.245731 0.246373 0.246717 0.246877 0.246967 0.247100 0.258800 0.259243 0.259482 0.259550 0.259482 0.259312 0.259073 0.258800 0.258800 0.259207 0.259683 0.260215 0.260795 0.261409 0.262048 0.262700 0.266700 0.266761 0.266763 0.266729 0.266683 0.266648 0.266645 0.266700 0.270600 0.271382 0.272256 0.273232 0.274323 0.275540 0.276895 0.278400 0.294100 0.251298 0.204643 0.156604 0.109651 0.066253 0.028880 0.000000 0.243100 0.254644 0.262244 0.266517 0.268082 0.267556 0.265556 0.262700 0.270600 0.271400 0.272118 0.272755 0.273312 0.273788 0.274184 0.274500 0.274500 0.274184 0.273788 0.273312 0.272755 0.272118 0.271400 0.270600 0.262700 0.261400 0.260125 0.258896 0.257737 0.256669 0.255716 0.254900 0.254900 0.254084 0.253131 0.252063 0.250904 0.249675 0.248400 0.247100 0.239200 0.238491 0.237852 0.237272 0.236738 0.236239 0.235764 0.235300 0.231400 0.230936 0.230461 0.229962 0.229428 0.228848 0.228209 0.227500 0.219600 0.219301 0.219139 0.219093 0.219139 0.219255 0.219416 0.219600 0.219600 0.218599 0.217485 0.216303 0.215097 0.213915 0.212801 0.211800 0.211800 0.211893 0.211975 0.212033 0.212057 0.212033 0.211952 0.211800 0.207800 0.207148 0.206509 0.205895 0.205315 0.204782 0.204307 0.203900
0.204400 0.204307 0.204222 0.204157 0.204122 0.204129 0.204187 0.204307 0.207800 0.208903 0.210040 0.211174 0.212264 0.213274 0.214163 0.214893 0.212300 0.212025 0.211817 0.211691 0.211662 0.211744 0.211952 0.212300 0.219896 0.220662 0.221333 0.221902 0.222365 0.222715 0.222947 0.223057 0.219916 0.220758 0.221769 0.222897 0.224091 0.225301 0.226475 0.227561 0.228410 0.228693 0.229033 0.229438 0.229912 0.230461 0.231092 0.231809 0.239755 0.240414 0.241020 0.241595 0.242160 0.242739 0.243352 0.244022 0.252148 0.252765 0.253314 0.253819 0.254304 0.254791 0.255303 0.255864 0.263088 0.263920 0.264727 0.265517 0.266300 0.267083 0.267875 0.268684 0.275536 0.275951 0.276242 0.276414 0.276474 0.276428 0.276280 0.276037 0.272140 0.267384 0.261703 0.255138 0.247731 0.239523 0.230556 0.220872 0.136479 0.133358 0.131723 0.131326 0.131915 0.133244 0.135061 0.137118 0.137300 0.137285 0.137301 0.137360 0.137476 0.137662 0.137933 0.138301 0.144734 0.155517 0.167382 0.179867 0.192511 0.204853 0.216430 0.226782 0.226171 0.222705 0.219073 0.215501 0.212215 0.209440 0.207402 0.206329 0.244782 0.246520 0.247686 0.248400 0.248785 0.248962 0.249054 0.249182 0.261339 0.261900 0.262292 0.262554 0.262728 0.262855 0.262976 0.263131 0.268652 0.268445 0.268115 0.267706 0.267261 0.266821 0.266430 0.266129 0.270135 0.270255 0.270319 0.270348 0.270359 0.270373 0.270409 0.270485 0.273790 0.274659 0.275659 0.276800 0.278093 0.279550 0.281179 0.282993 0.301730 0.262519 0.219639 0.175358 0.131946 0.091669 0.056795 0.029593 0.244486 0.255004 0.262076 0.266233 0.268010 0.267938 0.266551 0.264382 0.272049 0.272832 0.273537 0.274168 0.274723 0.275203 0.275610 0.275943 0.276279 0.275914 0.275455 0.274906 0.274269 0.273547 0.272745 0.271864 0.263770 0.262427 0.261106 0.259830 0.258620 0.257501 0.256495 0.255625 0.255256 0.254390 0.253392 0.252286 0.251095 0.249843 0.248554 0.247252 0.239755 0.239091 0.238488 0.237935 0.237418 0.236923 0.236437 0.235948 0.231309 0.230814 0.230326 0.229832 0.229320 0.228779 0.228197 0.227561 0.220613 0.220306 0.220113 0.220015 0.219993 0.220028 0.220100 0.220191 0.219748 0.218790 0.217726 0.216597 0.215441 0.214298 0.213208 0.212209 0.211103 0.211157 0.211226 0.211297 0.211357 0.211394 0.211394 0.211345 0.208554 0.207916 0.207265 0.206619 0.205994 0.205405 0.204868 0.204400
0.204957 0.204865 0.204778 0.204708 0.204663 0.204654 0.204691 0.204783 0.207800 0.208713 0.209658 0.210606 0.211528 0.212395 0.213176 0.213844 0.212857 0.212652 0.212485 0.212374 0.212338 0.212395 0.212562 0.212857 0.220055 0.220692 0.221233 0.221677 0.222026 0.222279 0.222437 0.222499 0.220312 0.221115 0.222068 0.223127 0.224249 0.225391 0.226510 0.227563 0.229444 0.229693 0.229974 0.230299 0.230680 0.231131 0.231662 0.232287 0.240310 0.241032 0.241707 0.242355 0.242996 0.243649 0.244334 0.245071 0.253342 0.253958 0.254500 0.254990 0.255453 0.255910 0.256383 0.256897 0.263500 0.264559 0.265627 0.266696 0.267760 0.268811 0.269843 0.270849 0.276585 0.277029 0.277377 0.277627 0.277780 0.277834 0.277788 0.277643 0.273748 0.268973 0.263261 0.256649 0.249178 0.240886 0.231813 0.221996 0.135761 0.132638 0.131042 0.130716 0.131402 0.132843 0.134781 0.136959 0.137300 0.137468 0.137675 0.137924 0.138220 0.138565 0.138962 0.139415 0.144413 0.155120 0.166927 0.179366 0.191973 0.204280 0.215821 0.226131 0.224646 0.221050 0.217310 0.213661 0.210336 0.207571 0.205598 0.204653 0.246466 0.248385 0.249680 0.250481 0.250916 0.251117 0.251212 0.251331 0.263741 0.264407 0.264935 0.265373 0.265766 0.266162 0.266605 0.267143 0.277465 0.276678 0.275599 0.274319 0.272929 0.271520 0.270184 0.269011 0.273021 0.273217 0.273362 0.273472 0.273560 0.273643 0.273733 0.273847 0.276513 0.277479 0.278614 0.279926 0.281421 0.283108 0.284993 0.287085 0.308126 0.273145 0.234752 0.194973 0.155838 0.119374 0.087609 0.062571 0.246011 0.255361 0.261816 0.265817 0.267802 0.268212 0.267487 0.266066 0.273578 0.274348 0.275045 0.275670 0.276224 0.276708 0.277122 0.277468 0.278046 0.277619 0.277084 0.276450 0.275724 0.274911 0.274020 0.273057 0.264899 0.263537 0.262193 0.260888 0.259643 0.258483 0.257427 0.256499 0.255417 0.254503 0.253470 0.252340 0.251138 0.249887 0.248611 0.247333 0.240310 0.239691 0.239125 0.238597 0.238094 0.237600 0.237102 0.236585 0.231229 0.230692 0.230178 0.229675 0.229174 0.228662 0.228129 0.227563 0.221742 0.221427 0.221199 0.221041 0.220939 0.220880 0.220847 0.220828 0.219827 0.218928 0.217934 0.216880 0.215796 0.214714 0.213667 0.212687 0.210370 0.210369 0.210409 0.210479 0.210563 0.210650 0.210724 0.210774 0.209287 0.208675 0.208026 0.207361 0.206701 0.206066 0.205478 0.204957
0.205549 0.205461 0.205377 0.205305 0.205255 0.205234 0.205251 0.205315 0.207800 0.208495 0.209220 0.209955 0.210683 0.211384 0.212041 0.212634 0.213449 0.213324 0.213205 0.213113 0.213070 0.213096 0.213216 0.213449 0.220100 0.220605 0.221017 0.221340 0.221582 0.221747 0.221843 0.221874 0.220788 0.221541 0.222420 0.223391 0.224421 0.225477 0.226524 0.227529 0.230570 0.230786 0.231006 0.231248 0.231531 0.231875 0.232299 0.232821 0.240866 0.241662 0.242420 0.243156 0.243886 0.244628 0.245398 0.246212 0.254548 0.255165 0.255705 0.256188 0.256636 0.257071 0.257514 0.257987 0.263959 0.265257 0.266598 0.267959 0.269316 0.270647 0.271929 0.273139 0.277658 0.278131 0.278539 0.278872 0.279123 0.279284 0.279348 0.279306 0.275413 0.270610 0.264858 0.258192 0.250651 0.242271 0.233090 0.223145 0.135248 0.132111 0.130536 0.130259 0.131015 0.132542 0.134573 0.136845 0.137300 0.137657 0.138064 0.138514 0.139000 0.139514 0.140049 0.140597 0.144185 0.154816 0.166563 0.178955 0.191519 0.203785 0.215281 0.225536 0.222972 0.219255 0.215423 0.211716 0.208377 0.205645 0.203761 0.202967 0.248151 0.250263 0.251699 0.252597 0.253093 0.253323 0.253426 0.253536 0.266029 0.266796 0.267455 0.268055 0.268645 0.269272 0.269986 0.270836 0.284676 0.283409 0.281718 0.279733 0.277583 0.275397 0.273305 0.271436 0.275448 0.275732 0.275972 0.276177 0.276357 0.276521 0.276680 0.276841 0.278859 0.279935 0.281214 0.282699 0.284391 0.286292 0.288405 0.290732 0.313174 0.282870 0.249469 0.214730 0.180413 0.148278 0.120085 0.097595 0.247650 0.255743 0.261525 0.265339 0.267526 0.268429 0.268390 0.267751 0.275185 0.275949 0.276642 0.277264 0.277817 0.278302 0.278721 0.279073 0.279790 0.279289 0.278670 0.277945 0.277123 0.276217 0.275236 0.274194 0.266062 0.264706 0.263360 0.262046 0.260784 0.259594 0.258496 0.257509 0.255429 0.254466 0.253403 0.252262 0.251064 0.249833 0.248590 0.247357 0.240866 0.240290 0.239756 0.239251 0.238757 0.238261 0.237746 0.237199 0.231173 0.230584 0.230034 0.229513 0.229012 0.228521 0.228030 0.227529 0.222940 0.222616 0.222346 0.222121 0.221931 0.221767 0.221618 0.221476 0.219850 0.219022 0.218114 0.217152 0.216158 0.215156 0.214169 0.213221 0.209648 0.209579 0.209578 0.209633 0.209730 0.209854 0.209993 0.210132 0.209974 0.209401 0.208765 0.208093 0.207410 0.206742 0.206113 0.205549
0.206151 0.206074 0.205998 0.205932 0.205881 0.205853 0.205855 0.205895 0.207800 0.208264 0.208753 0.209262 0.209783 0.210308 0.210831 0.211344 0.214051 0.214014 0.213947 0.213875 0.213824 0.213820 0.213887 0.214051 0.220055 0.220430 0.220717 0.220928 0.221073 0.221164 0.221211 0.221226 0.221345 0.222037 0.222829 0.223698 0.224621 0.225575 0.226537 0.227483 0.231753 0.231939 0.232098 0.232256 0.232439 0.232673 0.232985 0.233401 0.241422 0.242300 0.243150 0.243983 0.244813 0.245652 0.246514 0.247410 0.255730 0.256356 0.256901 0.257385 0.257830 0.258254 0.258679 0.259123 0.264486 0.266025 0.267641 0.269294 0.270945 0.272555 0.274085 0.275496 0.278765 0.279268 0.279736 0.280153 0.280505 0.280776 0.280951 0.281016 0.277122 0.272309 0.266535 0.259837 0.252248 0.243804 0.234539 0.224488 0.135042 0.131866 0.130281 0.130019 0.130809 0.132382 0.134469 0.136800 0.137300 0.137843 0.138450 0.139102 0.139781 0.140470 0.141150 0.141803 0.144093 0.154645 0.166326 0.178658 0.191166 0.203374 0.214806 0.224986 0.221195 0.217392 0.213509 0.209791 0.206482 0.203828 0.202074 0.201465 0.249837 0.252143 0.253727 0.254729 0.255294 0.255563 0.255680 0.255786 0.268226 0.269103 0.269895 0.270648 0.271410 0.272226 0.273143 0.274209 0.289726 0.288139 0.286055 0.283626 0.281005 0.278342 0.275788 0.273497 0.277509 0.277887 0.278229 0.278538 0.278818 0.279073 0.279308 0.279526 0.280919 0.282118 0.283549 0.285207 0.287086 0.289180 0.291483 0.293991 0.316759 0.291384 0.263276 0.233908 0.204755 0.177291 0.152991 0.133328 0.249382 0.256180 0.261262 0.264870 0.267249 0.268641 0.269289 0.269437 0.276872 0.277635 0.278327 0.278949 0.279502 0.279987 0.280406 0.280759 0.281499 0.280918 0.280209 0.279388 0.278471 0.277471 0.276403 0.275284 0.267238 0.265908 0.264584 0.263282 0.262021 0.260816 0.259686 0.258646 0.255338 0.254324 0.253233 0.252087 0.250903 0.249704 0.248507 0.247333 0.241422 0.240885 0.240380 0.239889 0.239399 0.238895 0.238359 0.237779 0.231150 0.230506 0.229914 0.229368 0.228860 0.228381 0.227925 0.227483 0.224160 0.223823 0.223508 0.223209 0.222924 0.222647 0.222374 0.222101 0.219827 0.219081 0.218272 0.217415 0.216525 0.215617 0.214704 0.213801 0.208984 0.208837 0.208785 0.208814 0.208910 0.209060 0.209251 0.209468 0.210593 0.210066 0.209454 0.208788 0.208095 0.207405 0.206747 0.206151
0.206743 0.206683 0.206623 0.206569 0.206525 0.206497 0.206490 0.206509 0.207800 0.208031 0.208286 0.208568 0.208882 0.209232 0.209621 0.210054 0.214643 0.214693 0.214678 0.214628 0.214570 0.214534 0.214549 0.214643 0.219941 0.220194 0.220368 0.220479 0.220542 0.220573 0.220587 0.220601 0.221982 0.222607 0.223303 0.224060 0.224864 0.225705 0.226570 0.227448 0.232958 0.233116 0.233217 0.233294 0.233379 0.233505 0.233706 0.234015 0.241980 0.242943 0.243888 0.244823 0.245756 0.246696 0.247651 0.248631 0.256856 0.257496 0.258058 0.258557 0.259012 0.259442 0.259863 0.260295 0.265104 0.266875 0.268754 0.270686 0.272618 0.274494 0.276261 0.277863 0.279917 0.280450 0.280978 0.281477 0.281927 0.282306 0.282590 0.282759 0.278864 0.274081 0.268334 0.261653 0.254068 0.245610 0.236310 0.226198 0.135248 0.131995 0.130358 0.130063 0.130837 0.132408 0.134502 0.136845 0.137300 0.138019 0.138816 0.139663 0.140531 0.141394 0.142221 0.142985 0.144185 0.154648 0.166247 0.178500 0.190928 0.203053 0.214393 0.224471 0.219360 0.215533 0.211667 0.208008 0.204800 0.202290 0.200722 0.200341 0.251524 0.254017 0.255746 0.256858 0.257500 0.257818 0.257959 0.258071 0.270355 0.271362 0.272297 0.273200 0.274109 0.275063 0.276101 0.277261 0.292054 0.290369 0.288194 0.285679 0.282978 0.280243 0.277627 0.275283 0.279293 0.279768 0.280214 0.280629 0.281013 0.281364 0.281680 0.281960 0.282785 0.284120 0.285710 0.287538 0.289590 0.291848 0.294296 0.296917 0.318768 0.298381 0.275661 0.251791 0.227951 0.205324 0.185090 0.168431 0.251183 0.256702 0.261087 0.264483 0.267038 0.268898 0.270212 0.271124 0.278636 0.279405 0.280101 0.280726 0.281279 0.281763 0.282178 0.282526 0.283162 0.282496 0.281697 0.280782 0.279770 0.278681 0.277531 0.276341 0.268401 0.267119 0.265838 0.264571 0.263331 0.262130 0.260981 0.259897 0.255189 0.254119 0.253000 0.251850 0.250685 0.249523 0.248381 0.247275 0.241980 0.241475 0.240989 0.240507 0.240012 0.239492 0.238931 0.238313 0.231173 0.230473 0.229838 0.229262 0.228740 0.228267 0.227838 0.227448 0.225358 0.225002 0.224634 0.224257 0.223870 0.223476 0.223076 0.222670 0.219771 0.219113 0.218411 0.217670 0.216894 0.216090 0.215262 0.214415 0.208424 0.208195 0.208083 0.208076 0.208160 0.208321 0.208548 0.208826 0.211119 0.210645 0.210066 0.209416 0.208726 0.208030 0.207357 0.206743
0.207300 0.207265 0.207230 0.207198 0.207170 0.207151 0.207143 0.207148 0.207800 0.207811 0.207844 0.207914 0.208034 0.208220 0.208486 0.208846 0.215200 0.215334 0.215370 0.215340 0.215276 0.215210 0.215174 0.215200 0.219782 0.219927 0.220004 0.220031 0.220030 0.220018 0.220016 0.220043 0.222700 0.223253 0.223849 0.224486 0.225164 0.225884 0.226645 0.227445 0.234152 0.234286 0.234333 0.234333 0.234326 0.234350 0.234445 0.234652 0.242539 0.243587 0.244626 0.245661 0.246696 0.247735 0.248781 0.249839 0.257890 0.258556 0.259146 0.259676 0.260160 0.260614 0.261052 0.261491 0.265834 0.267818 0.269937 0.272124 0.274311 0.276428 0.278409 0.280184 0.281125 0.281688 0.282272 0.282850 0.283392 0.283871 0.284258 0.284525 0.280627 0.275942 0.270296 0.263710 0.256209 0.247815 0.238553 0.228445 0.135966 0.132587 0.130842 0.130456 0.131154 0.132661 0.134703 0.137004 0.137300 0.138174 0.139143 0.140170 0.141216 0.142245 0.143219 0.144099 0.144505 0.154866 0.166360 0.178505 0.190820 0.202825 0.214039 0.223979 0.217513 0.213748 0.209994 0.206490 0.203477 0.201196 0.199886 0.199788 0.253212 0.255875 0.257743 0.258965 0.259691 0.260069 0.260249 0.260379 0.272439 0.273606 0.274704 0.275758 0.276789 0.277823 0.278883 0.279991 0.291099 0.289603 0.287718 0.285570 0.283286 0.280993 0.278817 0.276887 0.280893 0.281461 0.282008 0.282527 0.283012 0.283457 0.283854 0.284198 0.284548 0.286033 0.287788 0.289782 0.291987 0.294373 0.296910 0.299569 0.319086 0.303550 0.286110 0.267658 0.249085 0.231284 0.215148 0.201568 0.253030 0.257339 0.261059 0.264246 0.266958 0.269252 0.271184 0.272812 0.280479 0.281260 0.281965 0.282594 0.283149 0.283630 0.284038 0.284373 0.284766 0.284016 0.283128 0.282124 0.281026 0.279854 0.278630 0.277375 0.269530 0.268316 0.267100 0.265890 0.264693 0.263516 0.262367 0.261252 0.255027 0.253895 0.252744 0.251588 0.250441 0.249317 0.248229 0.247193 0.242539 0.242058 0.241581 0.241095 0.240587 0.240043 0.239449 0.238791 0.231252 0.230501 0.229822 0.229215 0.228677 0.228204 0.227794 0.227445 0.226487 0.226103 0.225677 0.225215 0.224725 0.224212 0.223684 0.223148 0.219691 0.219129 0.218539 0.217919 0.217263 0.216569 0.215833 0.215052 0.208014 0.207702 0.207525 0.207473 0.207532 0.207691 0.207936 0.208255 0.211529 0.211111 0.210574 0.209951 0.209279 0.208590 0.207919 0.207300
0.207800 0.207800 0.207800 0.207800 0.207800 0.207800 0.207800 0.207800 0.207800 0.207616 0.207455 0.207339 0.207293 0.207339 0.207501 0.207800 0.215700 0.215908 0.215990 0.215979 0.215911 0.215818 0.215736 0.215700 0.219600 0.219657 0.219657 0.219623 0.219577 0.219543 0.219543 0.219600 0.223500 0.223979 0.224471 0.224986 0.225536 0.226131 0.226782 0.227500 0.235300 0.235414 0.235414 0.235345 0.235255 0.235186 0.235186 0.235300 0.243100 0.244227 0.245356 0.246485 0.247615 0.248744 0.249873 0.251000 0.258800 0.259503 0.260137 0.260716 0.261250 0.261750 0.262230 0.262700 0.266700 0.268866 0.271190 0.273594 0.275996 0.278318 0.280479 0.282400 0.282400 0.282991 0.283628 0.284276 0.284901 0.285470 0.285948 0.286300 0.282400 0.277905 0.272460 0.266077 0.258768 0.250544 0.241418 0.231400 0.137300 0.133734 0.131813 0.131264 0.131813 0.133185 0.135105 0.137300 0.137300 0.138301 0.139415 0.140597 0.141803 0.142985 0.144099 0.145100 0.145100 0.155339 0.166698 0.178698 0.190857 0.202698 0.213738 0.223500 0.215700 0.212110 0.208587 0.205362 0.202661 0.200715 0.199751 0.200000 0.254900 0.257706 0.259700 0.261031 0.261847 0.262298 0.262533 0.262700 0.274500 0.275870 0.277159 0.278369 0.279498 0.280547 0.281514 0.282400 0.286300 0.285341 0.284211 0.282977 0.281711 0.280479 0.279353 0.278400 0.282400 0.283052 0.283691 0.284305 0.284885 0.285417 0.285893 0.286300 0.286300 0.287950 0.289875 0.292027 0.294362 0.296834 0.299395 0.302000 0.317600 0.306585 0.294110 0.280790 0.267243 0.254084 0.241931 0.231400 0.254900 0.258121 0.261239 0.264232 0.267078 0.269753 0.272234 0.274500 0.282400 0.283200 0.283918 0.284555 0.285112 0.285588 0.285984 0.286300 0.286300 0.285469 0.284499 0.283415 0.282240 0.280997 0.279709 0.278400 0.270600 0.269473 0.268344 0.267215 0.266085 0.264956 0.263827 0.262700 0.254900 0.253697 0.252505 0.251336 0.250199 0.249107 0.248070 0.247100 0.243100 0.242630 0.242150 0.241650 0.241116 0.240537 0.239903 0.239200 0.231400 0.230604 0.229888 0.229251 0.228694 0.228216 0.227818 0.227500 0.227500 0.227078 0.226586 0.226036 0.225441 0.224812 0.224161 0.223500 0.219600 0.219136 0.218661 0.218162 0.217628 0.217048 0.216409 0.215700 0.207800 0.207407 0.207164 0.207060 0.207083 0.207221 0.207464 0.207800 0.211800 0.211438 0.210949 0.210366 0.209724 0.209060 0.208406 0.207800
0.207800 0.208406 0.209059 0.209724 0.210366 0.210949 0.211438 0.211800 0.207800 0.208071 0.208481 0.209007 0.209626 0.210313 0.211046 0.211800 0.215700 0.215757 0.215757 0.215723 0.215677 0.215643 0.215643 0.215700 0.219600 0.220064 0.220539 0.221038 0.221572 0.222152 0.222791 0.223500 0.231400 0.231518 0.231520 0.231452 0.231360 0.231291 0.231289 0.231400 0.239200 0.239311 0.239309 0.239240 0.239148 0.239080 0.239083 0.239200 0.247100 0.248309 0.249505 0.250677 0.251813 0.252903 0.253936 0.254900 0.258800 0.260280 0.261886 0.263584 0.265339 0.267116 0.268882 0.270600 0.278400 0.280118 0.281884 0.283661 0.285416 0.287114 0.288720 0.290200 0.294100 0.294839 0.295555 0.296226 0.296829 0.297341 0.297738 0.298000 0.294100 0.295606 0.296734 0.297188 0.296669 0.294880 0.291523 0.286300 0.172500 0.164854 0.158776 0.154073 0.150548 0.148007 0.146256 0.145100 0.137300 0.137639 0.138273 0.139182 0.140341 0.141729 0.143322 0.145100 0.160800 0.169213 0.178174 0.187352 0.196415 0.205032 0.212871 0.219600 0.207800 0.210739 0.214423 0.218714 0.223474 0.228567 0.233855 0.239200 0.266700 0.268968 0.270960 0.272722 0.274301 0.275742 0.277093 0.278400 0.290200 0.295130 0.299293 0.302164 0.303216 0.301923 0.297760 0.290200 0.098000 0.115780 0.139792 0.168344 0.199743 0.232297 0.264314 0.294100 0.298000 0.298570 0.299141 0.299714 0.300286 0.300859 0.301430 0.302000 0.305900 0.309193 0.312383 0.315207 0.317403 0.318709 0.318862 0.317600 0.247100 0.242182 0.238417 0.235759 0.234164 0.233585 0.233979 0.235300 0.266700 0.270131 0.273334 0.276318 0.279095 0.281677 0.284075 0.286300 0.298000 0.299141 0.300112 0.300902 0.301498 0.301888 0.302059 0.302000 0.294100 0.293075 0.292041 0.290984 0.289894 0.288757 0.287564 0.286300 0.274500 0.274419 0.274499 0.274659 0.274819 0.274899 0.274820 0.274500 0.258800 0.256704 0.254712 0.252847 0.251131 0.249586 0.248235 0.247100 0.247100 0.246178 0.245129 0.243988 0.242790 0.241569 0.240361 0.239200 0.235300 0.234743 0.234186 0.233629 0.233071 0.232514 0.231957 0.231400 0.227500 0.226339 0.225131 0.223910 0.222712 0.221571 0.220522 0.219600 0.219600 0.219691 0.219771 0.219827 0.219850 0.219827 0.219748 0.219600 0.215700 0.215145 0.214590 0.214034 0.213478 0.212920 0.212361 0.211800 0.207800 0.207648 0.207567 0.207543 0.207567 0.207625 0.207707 0.207800
0.207800 0.208342 0.208927 0.209526 0.210107 0.210640 0.211094 0.211438 0.208222 0.208569 0.209043 0.209620 0.210274 0.210980 0.211715 0.212452 0.215609 0.215803 0.215966 0.216109 0.216243 0.216379 0.216528 0.216701 0.219509 0.220081 0.220690 0.221336 0.222017 0.222731 0.223478 0.224254 0.230411 0.230608 0.230734 0.230822 0.230905 0.231017 0.231190 0.231457 0.238757 0.238975 0.239100 0.239171 0.239225 0.239300 0.239434 0.239664 0.247161 0.248412 0.249665 0.250905 0.252119 0.253292 0.254410 0.255457 0.259632 0.261180 0.262854 0.264617 0.266431 0.268258 0.270063 0.271807 0.279175 0.281010 0.282915 0.284848 0.286765 0.288626 0.290388 0.292009 0.295875 0.296651 0.297413 0.298137 0.298799 0.299377 0.299845 0.300182 0.296873 0.298384 0.299527 0.300018 0.299567 0.297888 0.294694 0.289697 0.180109 0.172500 0.166412 0.161679 0.158140 0.155629 0.153983 0.153038 0.152295 0.151430 0.150603 0.149892 0.149372 0.149120 0.149211 0.149723 0.171460 0.176961 0.182553 0.188068 0.193336 0.198188 0.202456 0.205970 0.195257 0.200720 0.207173 0.214364 0.222038 0.229944 0.237829 0.245439 0.269796 0.271871 0.273719 0.275378 0.276891 0.278298 0.279641 0.280959 0.292943 0.297387 0.301099 0.303606 0.304435 0.303116 0.299176 0.292143 0.116669 0.132738 0.154474 0.180334 0.208781 0.238273 0.267272 0.294238 0.296724 0.297180 0.297645 0.298113 0.298577 0.299034 0.299476 0.299899 0.301839 0.304550 0.307161 0.309437 0.311141 0.312037 0.311890 0.310464 0.244837 0.240538 0.237354 0.235234 0.234125 0.233976 0.234737 0.236355 0.267372 0.270916 0.274252 0.277384 0.280318 0.283058 0.285608 0.287973 0.299739 0.300911 0.301911 0.302725 0.303338 0.303735 0.303901 0.303821 0.295136 0.294171 0.293216 0.292252 0.291260 0.290219 0.289111 0.287916 0.275479 0.275379 0.275449 0.275607 0.275768 0.275851 0.275771 0.275448 0.259355 0.257296 0.255349 0.253532 0.251863 0.250360 0.249039 0.247919 0.247161 0.246340 0.245419 0.244424 0.243380 0.242313 0.241249 0.240213 0.235948 0.235392 0.234841 0.234291 0.233740 0.233184 0.232621 0.232048 0.227500 0.226448 0.225373 0.224301 0.223257 0.222269 0.221361 0.220559 0.220100 0.220010 0.219905 0.219783 0.219641 0.219476 0.219285 0.219066 0.216500 0.215894 0.215254 0.214590 0.213909 0.213222 0.212536 0.211861 0.208162 0.207963 0.207823 0.207732 0.207683 0.207668 0.207679 0.207707
0.207800 0.208256 0.208751 0.209261 0.209761 0.210225 0.210629 0.210949 0.208714 0.209134 0.209664 0.210279 0.210954 0.211664 0.212385 0.213091 0.215529 0.215877 0.216221 0.216558 0.216887 0.217208 0.217517 0.217815 0.219429 0.220105 0.220846 0.221637 0.222461 0.223305 0.224152 0.224987 0.229203 0.229494 0.229765 0.230033 0.230317 0.230637 0.231010 0.231457 0.238199 0.238540 0.238811 0.239042 0.239262 0.239499 0.239782 0.240139 0.247163 0.248457 0.249772 0.251088 0.252388 0.253654 0.254869 0.256014 0.260601 0.262206 0.263932 0.265739 0.267588 0.269441 0.271258 0.273001 0.279826 0.281796 0.283862 0.285973 0.288079 0.290128 0.292070 0.293854 0.297641 0.298460 0.299275 0.300061 0.300793 0.301448 0.301999 0.302423 0.299751 0.301128 0.302140 0.302518 0.301994 0.300300 0.297167 0.292328 0.188122 0.180646 0.174633 0.169950 0.166469 0.164058 0.162587 0.161925 0.169015 0.166877 0.164498 0.162057 0.159738 0.157723 0.156192 0.155329 0.183230 0.185576 0.187528 0.189092 0.190273 0.191077 0.191509 0.191574 0.182224 0.190268 0.199550 0.209700 0.220348 0.231127 0.241667 0.251598 0.273073 0.274954 0.276648 0.278192 0.279622 0.280975 0.282288 0.283598 0.295743 0.299567 0.302712 0.304777 0.305361 0.304064 0.300486 0.294225 0.141650 0.155410 0.174065 0.196283 0.220733 0.246083 0.271002 0.294158 0.295051 0.295375 0.295715 0.296060 0.296398 0.296718 0.297009 0.297260 0.296956 0.298981 0.300917 0.302564 0.303720 0.304182 0.303750 0.302221 0.243876 0.240132 0.237404 0.235648 0.234821 0.234877 0.235774 0.237467 0.267929 0.271595 0.275078 0.278376 0.281485 0.284402 0.287123 0.289644 0.301422 0.302620 0.303645 0.304479 0.305106 0.305509 0.305670 0.305572 0.296185 0.295288 0.294420 0.293555 0.292667 0.291727 0.290710 0.289587 0.276528 0.276378 0.276405 0.276524 0.276651 0.276704 0.276596 0.276246 0.259910 0.257915 0.256040 0.254296 0.252696 0.251251 0.249973 0.248874 0.247163 0.246462 0.245693 0.244870 0.244008 0.243123 0.242229 0.241342 0.236585 0.236025 0.235477 0.234933 0.234389 0.233837 0.233271 0.232685 0.227500 0.226582 0.225667 0.224771 0.223910 0.223098 0.222353 0.221690 0.220657 0.220361 0.220046 0.219720 0.219388 0.219059 0.218737 0.218429 0.217218 0.216560 0.215836 0.215064 0.214262 0.213449 0.212643 0.211863 0.208651 0.208398 0.208186 0.208012 0.207872 0.207763 0.207682 0.207625
0.207800 0.208155 0.208544 0.208949 0.209352 0.209734 0.210078 0.210366 0.209264 0.209750 0.210326 0.210967 0.211650 0.212350 0.213043 0.213705 0.215473 0.215983 0.216515 0.217054 0.217586 0.218097 0.218572 0.218997 0.219373 0.220144 0.221007 0.221932 0.222891 0.223854 0.224791 0.225674 0.227879 0.228274 0.228699 0.229160 0.229659 0.230200 0.230786 0.231423 0.237574 0.238049 0.238480 0.238885 0.239285 0.239698 0.240143 0.240638 0.247129 0.248467 0.249844 0.251239 0.252630 0.253997 0.255318 0.256571 0.261685 0.263335 0.265097 0.266929 0.268792 0.270647 0.272453 0.274171 0.280387 0.282499 0.284736 0.287039 0.289345 0.291596 0.293731 0.295689 0.299384 0.300253 0.301129 0.301986 0.302798 0.303538 0.304180 0.304699 0.302676 0.303807 0.304568 0.304713 0.304003 0.302193 0.299042 0.294307 0.196456 0.189191 0.183319 0.178744 0.175371 0.173105 0.171850 0.171511 0.186787 0.183377 0.179436 0.175252 0.171114 0.167310 0.164129 0.161861 0.195776 0.194866 0.193069 0.190571 0.187555 0.184206 0.180708 0.177246 0.169490 0.180058 0.192101 0.205139 0.218688 0.232268 0.245399 0.257598 0.276476 0.278168 0.279709 0.281132 0.282471 0.283759 0.285030 0.286317 0.298577 0.301685 0.304182 0.305751 0.306076 0.304841 0.301728 0.296422 0.171252 0.182269 0.197261 0.215147 0.234843 0.255267 0.275334 0.293964 0.293139 0.293316 0.293516 0.293721 0.293916 0.294083 0.294206 0.294266 0.291546 0.292816 0.294014 0.294980 0.295551 0.295567 0.294865 0.293283 0.243999 0.240746 0.238362 0.236824 0.236106 0.236181 0.237026 0.238614 0.268418 0.272210 0.275849 0.279323 0.282619 0.285724 0.288627 0.291315 0.303073 0.304290 0.305333 0.306183 0.306821 0.307226 0.307381 0.307265 0.297258 0.296432 0.295654 0.294890 0.294107 0.293268 0.292342 0.291292 0.277635 0.277407 0.277360 0.277409 0.277472 0.277465 0.277304 0.276906 0.260466 0.258558 0.256777 0.255127 0.253613 0.252241 0.251016 0.249943 0.247129 0.246558 0.245954 0.245320 0.244658 0.243972 0.243265 0.242540 0.237199 0.236631 0.236084 0.235546 0.235008 0.234461 0.233894 0.233299 0.227500 0.226732 0.225994 0.225291 0.224627 0.224008 0.223438 0.222923 0.221249 0.220733 0.220197 0.219655 0.219123 0.218617 0.218153 0.217747 0.217855 0.217147 0.216341 0.215466 0.214549 0.213619 0.212703 0.211829 0.209234 0.208922 0.208631 0.208363 0.208120 0.207905 0.207720 0.207567
0.207800 0.208044 0.208316 0.208606 0.208902 0.209195 0.209472 0.209724 0.209859 0.210405 0.211016 0.211671 0.212347 0.213023 0.213676 0.214285 0.215450 0.216124 0.216844 0.217584 0.218316 0.219015 0.219652 0.220203 0.219350 0.220202 0.221172 0.222216 0.223292 0.224359 0.225373 0.226293 0.226543 0.227044 0.227626 0.228279 0.228993 0.229754 0.230553 0.231377 0.236926 0.237543 0.238142 0.238732 0.239321 0.239919 0.240533 0.241172 0.247083 0.248462 0.249901 0.251375 0.252859 0.254329 0.255761 0.257129 0.262860 0.264544 0.266325 0.268164 0.270021 0.271857 0.273632 0.275307 0.280891 0.283144 0.285552 0.288045 0.290552 0.293005 0.295333 0.297466 0.301094 0.302020 0.302965 0.303900 0.304798 0.305630 0.306370 0.306988 0.305590 0.306390 0.306807 0.306629 0.305646 0.303645 0.300416 0.295748 0.205032 0.198035 0.192351 0.187920 0.184683 0.182581 0.181554 0.181544 0.204936 0.200324 0.194899 0.189051 0.183172 0.177653 0.172886 0.169262 0.208769 0.204639 0.199147 0.192650 0.185509 0.178084 0.170735 0.163821 0.157843 0.170765 0.185377 0.201097 0.217339 0.233520 0.249054 0.263357 0.279947 0.281465 0.282862 0.284169 0.285418 0.286638 0.287860 0.289116 0.301423 0.303755 0.305556 0.306601 0.306664 0.305520 0.302944 0.298711 0.203781 0.211786 0.222756 0.235881 0.250353 0.265363 0.280101 0.293758 0.291149 0.291165 0.291211 0.291264 0.291302 0.291303 0.291243 0.291101 0.285909 0.286386 0.286813 0.287072 0.287045 0.286612 0.285657 0.284060 0.244990 0.242161 0.240025 0.238582 0.237834 0.237782 0.238428 0.239773 0.268883 0.272804 0.276602 0.280255 0.283741 0.287039 0.290128 0.292985 0.304714 0.305943 0.306998 0.307856 0.308498 0.308902 0.309047 0.308913 0.298365 0.297609 0.296919 0.296253 0.295570 0.294828 0.293988 0.293008 0.278787 0.278459 0.278311 0.278263 0.278233 0.278140 0.277903 0.277439 0.261022 0.259221 0.257551 0.256010 0.254596 0.253308 0.252144 0.251102 0.247083 0.246644 0.246209 0.245769 0.245314 0.244834 0.244320 0.243760 0.237779 0.237201 0.236651 0.236118 0.235588 0.235047 0.234481 0.233879 0.227500 0.226888 0.226333 0.225828 0.225367 0.224945 0.224554 0.224190 0.221851 0.221119 0.220362 0.219605 0.218873 0.218190 0.217583 0.217076 0.218412 0.217657 0.216776 0.215807 0.214786 0.213750 0.212737 0.211783 0.209876 0.209504 0.209132 0.208768 0.208418 0.208092 0.207798 0.207543
0.207800 0.207928 0.208079 0.208249 0.208435 0.208635 0.208844 0.209060 0.210488 0.211082 0.211717 0.212372 0.213029 0.213668 0.214271 0.214817 0.215473 0.216303 0.217202 0.218131 0.219053 0.219928 0.220718 0.221385 0.219373 0.220287 0.221341 0.222480 0.223651 0.224801 0.225875 0.226819 0.225299 0.225901 0.226633 0.227468 0.228382 0.229349 0.230345 0.231343 0.236301 0.237064 0.237836 0.238615 0.239397 0.240182 0.240968 0.241753 0.247048 0.248463 0.249960 0.251510 0.253086 0.254659 0.256201 0.257686 0.264103 0.265808 0.267593 0.269422 0.271255 0.273055 0.274781 0.276397 0.281372 0.283756 0.286322 0.288992 0.291688 0.294331 0.296841 0.299142 0.302757 0.303749 0.304769 0.305790 0.306779 0.307708 0.308548 0.309267 0.308437 0.308844 0.308854 0.308290 0.306976 0.304735 0.301391 0.296768 0.213768 0.207077 0.201608 0.197337 0.194241 0.192297 0.191481 0.191771 0.222787 0.217114 0.210367 0.203031 0.195590 0.188527 0.182327 0.177473 0.221874 0.214705 0.205731 0.195476 0.184464 0.173220 0.162268 0.152132 0.148070 0.163061 0.179927 0.197993 0.216586 0.235033 0.252661 0.268798 0.283429 0.284796 0.286069 0.287274 0.288441 0.289598 0.290774 0.291996 0.304257 0.305794 0.306885 0.307400 0.307206 0.306173 0.304171 0.301069 0.237544 0.242435 0.249243 0.257442 0.266506 0.275912 0.285133 0.293644 0.289239 0.289084 0.288964 0.288853 0.288724 0.288548 0.288297 0.287946 0.280340 0.280023 0.279678 0.279232 0.278611 0.277741 0.276551 0.274964 0.246632 0.244162 0.242188 0.240742 0.239859 0.239573 0.239916 0.240922 0.269371 0.273419 0.277373 0.281201 0.284874 0.288361 0.291632 0.294656 0.306367 0.307602 0.308659 0.309519 0.310157 0.310553 0.310683 0.310526 0.299517 0.298827 0.298217 0.297639 0.297047 0.296393 0.295631 0.294713 0.279974 0.279523 0.279253 0.279083 0.278937 0.278737 0.278403 0.277859 0.261580 0.259900 0.258354 0.256934 0.255630 0.254434 0.253337 0.252330 0.247048 0.246734 0.246464 0.246213 0.245960 0.245681 0.245355 0.244958 0.238313 0.237722 0.237171 0.236641 0.236118 0.235583 0.235020 0.234413 0.227500 0.227041 0.226663 0.226351 0.226088 0.225856 0.225639 0.225421 0.222443 0.221508 0.220545 0.219587 0.218668 0.217821 0.217078 0.216473 0.218888 0.218092 0.217146 0.216095 0.214984 0.213860 0.212766 0.211748 0.210541 0.210113 0.209664 0.209206 0.208754 0.208320 0.207920 0.207567
0.207800 0.207814 0.207845 0.207897 0.207975 0.208083 0.208225 0.208406 0.211139 0.211769 0.212413 0.213055 0.213680 0.214271 0.214814 0.215293 0.215552 0.216524 0.217584 0.218683 0.219773 0.220805 0.221730 0.222499 0.219452 0.220404 0.221513 0.222718 0.223955 0.225161 0.226274 0.227229 0.224250 0.224945 0.225807 0.226801 0.227889 0.229033 0.230197 0.231343 0.235743 0.236654 0.237599 0.238565 0.239539 0.240510 0.241465 0.242391 0.247045 0.248492 0.250040 0.251661 0.253322 0.254994 0.256644 0.258243 0.265391 0.267103 0.268879 0.270681 0.272474 0.274221 0.275886 0.277432 0.281864 0.284358 0.287059 0.289882 0.292740 0.295548 0.298219 0.300668 0.304364 0.305429 0.306533 0.307643 0.308728 0.309756 0.310694 0.311512 0.311159 0.311138 0.310705 0.309721 0.308046 0.305541 0.302065 0.297480 0.222585 0.216218 0.210970 0.206854 0.203880 0.202062 0.201412 0.201940 0.239666 0.233141 0.225321 0.216767 0.208040 0.199703 0.192315 0.186438 0.234762 0.224872 0.212793 0.199196 0.184749 0.170123 0.155988 0.143014 0.140959 0.157623 0.176298 0.196241 0.216710 0.236961 0.256251 0.273838 0.286866 0.288115 0.289290 0.290416 0.291520 0.292628 0.293765 0.294957 0.307057 0.307817 0.308217 0.308220 0.307786 0.306876 0.305451 0.303473 0.270848 0.272689 0.275417 0.278784 0.282545 0.286453 0.290261 0.293723 0.287570 0.287235 0.286941 0.286656 0.286350 0.285991 0.285546 0.284985 0.275138 0.274058 0.272971 0.271848 0.270659 0.269376 0.267969 0.266407 0.248708 0.246531 0.244648 0.243127 0.242037 0.241447 0.241424 0.242039 0.269928 0.274098 0.278199 0.282193 0.286041 0.289705 0.293147 0.296327 0.308055 0.309287 0.310339 0.311189 0.311815 0.312194 0.312302 0.312118 0.300725 0.300091 0.299549 0.299046 0.298530 0.297949 0.297251 0.296384 0.281182 0.280594 0.280181 0.279871 0.279588 0.279260 0.278814 0.278175 0.262139 0.260589 0.259177 0.257885 0.256698 0.255599 0.254573 0.253604 0.247045 0.246844 0.246722 0.246645 0.246577 0.246485 0.246333 0.246087 0.238791 0.238186 0.237631 0.237105 0.236588 0.236060 0.235501 0.234891 0.227500 0.227180 0.226966 0.226830 0.226747 0.226689 0.226632 0.226547 0.223000 0.221890 0.220750 0.219620 0.218539 0.217548 0.216687 0.215996 0.219284 0.218454 0.217456 0.216340 0.215159 0.213965 0.212810 0.211745 0.211194 0.210718 0.210200 0.209659 0.209115 0.208586 0.208090 0.207648
0.207800 0.207707 0.207625 0.207567 0.207543 0.207567 0.207648 0.207800 0.211800 0.212452 0.213091 0.213705 0.214285 0.214817 0.215293 0.215700 0.215700 0.216792 0.217985 0.219225 0.220453 0.221613 0.222647 0.223500 0.219600 0.220559 0.221690 0.222923 0.224190 0.225421 0.226547 0.227500 0.223500 0.224271 0.225238 0.226356 0.227577 0.228856 0.230145 0.231400 0.235300 0.236355 0.237467 0.238614 0.239773 0.240922 0.242039 0.243100 0.247100 0.248568 0.250160 0.251842 0.253580 0.255342 0.257093 0.258800 0.266700 0.268407 0.270158 0.271920 0.273658 0.275340 0.276932 0.278400 0.282400 0.284975 0.287777 0.290715 0.293697 0.296633 0.299431 0.302000 0.305900 0.307048 0.308242 0.309448 0.310630 0.311756 0.312790 0.313700 0.313700 0.313239 0.312356 0.310946 0.308909 0.306140 0.302538 0.298000 0.231400 0.225356 0.220318 0.216329 0.213438 0.211689 0.211127 0.211800 0.254900 0.247801 0.239240 0.229834 0.220199 0.210954 0.202715 0.196100 0.247100 0.234948 0.220303 0.203954 0.186691 0.169301 0.152575 0.137300 0.137300 0.155125 0.175041 0.196261 0.217994 0.239455 0.259852 0.278400 0.290200 0.291373 0.292487 0.293566 0.294634 0.295713 0.296827 0.298000 0.309800 0.309838 0.309601 0.309136 0.308487 0.307701 0.306823 0.305900 0.302000 0.301021 0.299972 0.298865 0.297713 0.296526 0.295318 0.294100 0.286300 0.285779 0.285304 0.284839 0.284351 0.283804 0.283166 0.282400 0.270600 0.268821 0.267054 0.265310 0.263601 0.261938 0.260334 0.258800 0.251000 0.249050 0.247201 0.245557 0.244221 0.243297 0.242889 0.243100 0.270600 0.274882 0.279117 0.283259 0.287264 0.291085 0.294679 0.298000 0.309800 0.311020 0.312057 0.312888 0.313490 0.313841 0.313918 0.313700 0.302000 0.301407 0.300915 0.300468 0.300009 0.299483 0.298831 0.298000 0.282400 0.281662 0.281092 0.280624 0.280188 0.279718 0.279144 0.278400 0.262700 0.261286 0.260011 0.258850 0.257782 0.256783 0.255830 0.254900 0.247100 0.246989 0.246991 0.247060 0.247152 0.247220 0.247217 0.247100 0.239200 0.238582 0.238023 0.237499 0.236988 0.236467 0.235912 0.235300 0.227500 0.227298 0.227220 0.227233 0.227302 0.227392 0.227470 0.227500 0.223500 0.222257 0.220981 0.219719 0.218514 0.217413 0.216459 0.215700 0.219600 0.218747 0.217713 0.216553 0.215325 0.214085 0.212892 0.211800 0.211800 0.211287 0.210715 0.210109 0.209491 0.208885 0.208313 0.207800
0.207800 0.207616 0.207455 0.207339 0.207293 0.207339 0.207501 0.207800 0.215700 0.215908 0.215990 0.215979 0.215911 0.215818 0.215736 0.215700 0.219600 0.220248 0.220885 0.221499 0.222079 0.222613 0.223091 0.223500 0.223500 0.223225 0.222984 0.222812 0.222743 0.222812 0.223053 0.223500 0.235300 0.235656 0.235817 0.235829 0.235738 0.235589 0.235427 0.235300 0.239200 0.240862 0.242627 0.244438 0.246239 0.247971 0.249577 0.251000 0.251000 0.252226 0.253656 0.255258 0.256997 0.258840 0.260752 0.262700 0.274500 0.275779 0.276989 0.278142 0.279248 0.280319 0.281366 0.282400 0.290200 0.291736 0.293343 0.295006 0.296716 0.298459 0.300225 0.302000 0.313700 0.315748 0.317752 0.319666 0.321444 0.323040 0.324407 0.325500 0.321600 0.319895 0.317973 0.315856 0.313567 0.311129 0.308566 0.305900 0.286300 0.280847 0.275245 0.269665 0.264280 0.259259 0.254775 0.251000 0.258800 0.261335 0.264053 0.266898 0.269812 0.272739 0.275620 0.278400 0.290200 0.286844 0.282916 0.278643 0.274257 0.269984 0.266056 0.262700 0.274500 0.276595 0.278758 0.280978 0.283244 0.285544 0.287866 0.290200 0.305900 0.308418 0.310902 0.313317 0.315628 0.317802 0.319804 0.321600 0.325500 0.325241 0.324845 0.324335 0.323733 0.323061 0.322343 0.321600 0.317600 0.317221 0.316821 0.316377 0.315866 0.315265 0.314550 0.313700 0.302000 0.300225 0.298459 0.296716 0.295006 0.293343 0.291736 0.290200 0.282400 0.280366 0.278204 0.275951 0.273639 0.271304 0.268979 0.266700 0.254900 0.252629 0.250553 0.248787 0.247445 0.246641 0.246487 0.247100 0.282400 0.286887 0.291201 0.295332 0.299268 0.302999 0.306513 0.309800 0.325500 0.326370 0.326932 0.327195 0.327172 0.326875 0.326313 0.325500 0.313700 0.312618 0.311584 0.310561 0.309516 0.308414 0.307220 0.305900 0.290200 0.288364 0.286597 0.284887 0.283223 0.281595 0.279991 0.278400 0.266700 0.266016 0.265445 0.264941 0.264459 0.263955 0.263384 0.262700 0.251000 0.250241 0.249606 0.249062 0.248573 0.248106 0.247627 0.247100 0.239200 0.238582 0.238023 0.237499 0.236988 0.236467 0.235912 0.235300 0.227500 0.226691 0.225961 0.225309 0.224736 0.224243 0.223831 0.223500 0.223500 0.223591 0.223671 0.223727 0.223750 0.223727 0.223648 0.223500 0.219600 0.219043 0.218486 0.217929 0.217371 0.216814 0.216257 0.215700 0.211800 0.211652 0.211573 0.211550 0.211573 0.211629 0.211709 0.211800
0.208406 0.208247 0.208107 0.208007 0.207967 0.208007 0.208147 0.208406 0.215257 0.215465 0.215571 0.215604 0.215594 0.215572 0.215567 0.215609 0.219748 0.220281 0.220791 0.221277 0.221734 0.222160 0.222552 0.222909 0.224161 0.223969 0.223791 0.223662 0.223620 0.223698 0.223934 0.224362 0.235747 0.236026 0.236113 0.236056 0.235904 0.235704 0.235506 0.235357 0.239755 0.241265 0.242864 0.244505 0.246146 0.247741 0.249246 0.250617 0.252740 0.253998 0.255413 0.256956 0.258600 0.260317 0.262080 0.263861 0.274520 0.275846 0.277138 0.278402 0.279642 0.280865 0.282075 0.283277 0.291918 0.293416 0.294963 0.296552 0.298179 0.299838 0.301522 0.303226 0.315234 0.317220 0.319152 0.320989 0.322691 0.324218 0.325528 0.326582 0.323365 0.321871 0.320166 0.318266 0.316186 0.313943 0.311552 0.309030 0.289015 0.283433 0.277695 0.271977 0.266454 0.261300 0.256692 0.252804 0.260462 0.263317 0.266391 0.269609 0.272897 0.276181 0.279387 0.282442 0.293347 0.290209 0.286547 0.282577 0.278517 0.274583 0.270992 0.267961 0.280615 0.282301 0.283991 0.285698 0.287433 0.289209 0.291037 0.292929 0.308962 0.311253 0.313483 0.315628 0.317668 0.319582 0.321349 0.322947 0.327652 0.327410 0.327015 0.326495 0.325873 0.325177 0.324431 0.323661 0.319748 0.319391 0.319014 0.318594 0.318105 0.317526 0.316832 0.316000 0.304321 0.302606 0.300899 0.299208 0.297539 0.295900 0.294296 0.292735 0.283573 0.281519 0.279369 0.277153 0.274901 0.272642 0.270407 0.268225 0.256971 0.254638 0.252484 0.250627 0.249187 0.248284 0.248038 0.248568 0.284073 0.288719 0.293202 0.297501 0.301598 0.305475 0.309110 0.312486 0.327245 0.327941 0.328339 0.328457 0.328313 0.327925 0.327311 0.326491 0.316473 0.315130 0.313768 0.312377 0.310941 0.309449 0.307887 0.306243 0.291312 0.289438 0.287619 0.285852 0.284133 0.282458 0.280826 0.279231 0.268866 0.268051 0.267306 0.266599 0.265898 0.265170 0.264385 0.263509 0.252148 0.251245 0.250442 0.249713 0.249032 0.248372 0.247706 0.247009 0.239016 0.238381 0.237808 0.237276 0.236762 0.236246 0.235705 0.235118 0.227909 0.227125 0.226407 0.225757 0.225176 0.224665 0.224226 0.223862 0.223500 0.223530 0.223552 0.223557 0.223534 0.223474 0.223367 0.223204 0.219691 0.219173 0.218648 0.218112 0.217566 0.217008 0.216435 0.215848 0.211194 0.211114 0.211128 0.211216 0.211360 0.211543 0.211746 0.211952
0.209059 0.208928 0.208813 0.208731 0.208698 0.208731 0.208846 0.209059 0.214699 0.214919 0.215065 0.215161 0.215232 0.215300 0.215392 0.215529 0.219827 0.220245 0.220630 0.220988 0.221326 0.221649 0.221962 0.222272 0.224812 0.224738 0.224659 0.224610 0.224626 0.224741 0.224990 0.225409 0.235988 0.236193 0.236217 0.236111 0.235923 0.235702 0.235497 0.235357 0.240310 0.241644 0.243046 0.244487 0.245939 0.247372 0.248756 0.250062 0.254570 0.255869 0.257270 0.258751 0.260293 0.261873 0.263473 0.265069 0.274439 0.275830 0.277227 0.278629 0.280032 0.281435 0.282836 0.284232 0.293684 0.295165 0.296677 0.298218 0.299787 0.301384 0.303007 0.304656 0.316838 0.318737 0.320573 0.322312 0.323920 0.325362 0.326606 0.327616 0.325290 0.324047 0.322594 0.320937 0.319082 0.317035 0.314801 0.312387 0.290929 0.285187 0.279306 0.273463 0.267834 0.262596 0.257927 0.254002 0.262227 0.265231 0.268457 0.271827 0.275262 0.278683 0.282012 0.285170 0.295913 0.292854 0.289288 0.285428 0.281489 0.277683 0.274224 0.271327 0.284697 0.286260 0.287799 0.289336 0.290892 0.292489 0.294146 0.295887 0.312159 0.314169 0.316084 0.317900 0.319611 0.321212 0.322698 0.324063 0.329815 0.329601 0.329215 0.328687 0.328047 0.327323 0.326546 0.325745 0.321909 0.321565 0.321199 0.320790 0.320314 0.319746 0.319064 0.318243 0.306629 0.305006 0.303393 0.301787 0.300191 0.298603 0.297024 0.295453 0.284687 0.282619 0.280491 0.278328 0.276155 0.273996 0.271875 0.269817 0.259214 0.256821 0.254585 0.252631 0.251087 0.250076 0.249725 0.250160 0.285744 0.290564 0.295232 0.299720 0.303997 0.308037 0.311809 0.315286 0.328933 0.329448 0.329679 0.329651 0.329389 0.328918 0.328262 0.327446 0.319351 0.317733 0.316029 0.314249 0.312403 0.310499 0.308549 0.306561 0.292424 0.290531 0.288680 0.286876 0.285122 0.283422 0.281781 0.280201 0.271190 0.270211 0.269257 0.268309 0.267351 0.266365 0.265334 0.264239 0.253342 0.252295 0.251321 0.250403 0.249523 0.248662 0.247804 0.246929 0.238855 0.238202 0.237615 0.237073 0.236556 0.236045 0.235519 0.234959 0.228387 0.227640 0.226947 0.226309 0.225729 0.225208 0.224748 0.224351 0.223500 0.223438 0.223370 0.223291 0.223194 0.223072 0.222918 0.222727 0.219771 0.219291 0.218792 0.218270 0.217725 0.217154 0.216556 0.215927 0.210541 0.210528 0.210631 0.210826 0.211088 0.211393 0.211716 0.212033
0.209724 0.209623 0.209534 0.209471 0.209445 0.209471 0.209559 0.209724 0.214074 0.214316 0.214515 0.214689 0.214854 0.215028 0.215229 0.215473 0.219850 0.220155 0.220419 0.220658 0.220884 0.221112 0.221354 0.221624 0.225441 0.225511 0.225559 0.225616 0.225715 0.225888 0.226167 0.226583 0.236057 0.236193 0.236168 0.236031 0.235830 0.235613 0.235428 0.235323 0.240866 0.242007 0.243197 0.244421 0.245667 0.246921 0.248171 0.249403 0.256424 0.257768 0.259157 0.260577 0.262014 0.263454 0.264884 0.266290 0.274312 0.275784 0.277304 0.278863 0.280449 0.282052 0.283661 0.285266 0.295461 0.296947 0.298448 0.299966 0.301503 0.303063 0.304647 0.306258 0.318501 0.320295 0.322019 0.323645 0.325148 0.326499 0.327672 0.328639 0.327373 0.326403 0.325219 0.323814 0.322184 0.320322 0.318223 0.315880 0.292203 0.286278 0.280248 0.274290 0.268580 0.263295 0.258612 0.254708 0.264038 0.267050 0.270263 0.273604 0.277001 0.280379 0.283667 0.286791 0.297953 0.294877 0.291286 0.287398 0.283429 0.279598 0.276122 0.273218 0.287191 0.288860 0.290506 0.292148 0.293805 0.295496 0.297242 0.299060 0.315471 0.317158 0.318718 0.320163 0.321506 0.322758 0.323932 0.325041 0.332001 0.331824 0.331453 0.330923 0.330267 0.329518 0.328709 0.327874 0.324095 0.323753 0.323391 0.322985 0.322511 0.321947 0.321268 0.320451 0.308914 0.307407 0.305911 0.304417 0.302917 0.301402 0.299866 0.298298 0.285766 0.283688 0.281591 0.279494 0.277415 0.275372 0.273382 0.271465 0.261560 0.259108 0.256792 0.254742 0.253091 0.251969 0.251509 0.251842 0.287415 0.292416 0.297280 0.301967 0.306437 0.310651 0.314570 0.318155 0.330586 0.330921 0.330989 0.330822 0.330449 0.329902 0.329213 0.328411 0.322275 0.320384 0.318337 0.316167 0.313907 0.311590 0.309247 0.306913 0.293537 0.291638 0.289771 0.287948 0.286178 0.284470 0.282836 0.281285 0.273594 0.272427 0.271238 0.270025 0.268785 0.267518 0.266220 0.264891 0.254548 0.253361 0.252219 0.251114 0.250036 0.248975 0.247924 0.246873 0.238739 0.238070 0.237468 0.236917 0.236397 0.235891 0.235380 0.234845 0.228921 0.228219 0.227558 0.226940 0.226366 0.225840 0.225362 0.224934 0.223500 0.223323 0.223144 0.222960 0.222769 0.222568 0.222354 0.222124 0.219827 0.219385 0.218908 0.218395 0.217845 0.217255 0.216624 0.215950 0.209876 0.209925 0.210113 0.210408 0.210780 0.211200 0.211635 0.212057
0.210366 0.210294 0.210232 0.210187 0.210169 0.210187 0.210250 0.210366 0.213426 0.213699 0.213962 0.214223 0.214492 0.214780 0.215096 0.215450 0.219827 0.220026 0.220180 0.220310 0.220436 0.220579 0.220759 0.220999 0.226036 0.226267 0.226459 0.226641 0.226840 0.227086 0.227406 0.227827 0.235988 0.236063 0.236002 0.235853 0.235659 0.235469 0.235326 0.235277 0.241422 0.242368 0.243340 0.244341 0.245376 0.246447 0.247557 0.248709 0.258231 0.259623 0.261003 0.262364 0.263700 0.265003 0.266268 0.267488 0.274198 0.275762 0.277418 0.279146 0.280926 0.282738 0.284562 0.286379 0.297216 0.298725 0.300237 0.301757 0.303288 0.304836 0.306404 0.307997 0.320210 0.321889 0.323493 0.325002 0.326395 0.327653 0.328756 0.329684 0.329616 0.328922 0.328003 0.326842 0.325421 0.323722 0.321727 0.319420 0.292997 0.286874 0.280691 0.274625 0.268850 0.263544 0.258881 0.255037 0.265839 0.268748 0.271819 0.274992 0.278207 0.281405 0.284526 0.287509 0.299525 0.296376 0.292687 0.288686 0.284596 0.280645 0.277057 0.274059 0.288542 0.290490 0.292436 0.294388 0.296355 0.298347 0.300372 0.302440 0.318874 0.320215 0.321396 0.322447 0.323400 0.324285 0.325132 0.325971 0.334221 0.334089 0.333741 0.333215 0.332547 0.331776 0.330938 0.330071 0.326315 0.325971 0.325604 0.325194 0.324716 0.324148 0.323467 0.322649 0.311164 0.309787 0.308425 0.307059 0.305672 0.304247 0.302766 0.301212 0.286834 0.284749 0.282690 0.280668 0.278692 0.276774 0.274926 0.273158 0.263940 0.261434 0.259041 0.256899 0.255145 0.253916 0.253349 0.253580 0.289085 0.294270 0.299332 0.304221 0.308888 0.313281 0.317350 0.321045 0.332227 0.332391 0.332307 0.332010 0.331538 0.330927 0.330213 0.329434 0.325190 0.323037 0.320662 0.318119 0.315462 0.312746 0.310025 0.307355 0.294651 0.292756 0.290887 0.289059 0.287287 0.285587 0.283973 0.282460 0.275996 0.274627 0.273189 0.271697 0.270164 0.268604 0.267033 0.265464 0.255730 0.254412 0.253111 0.251827 0.250559 0.249307 0.248071 0.246850 0.238693 0.238008 0.237394 0.236833 0.236310 0.235808 0.235310 0.234800 0.229501 0.228845 0.228219 0.227623 0.227059 0.226529 0.226034 0.225576 0.223500 0.223196 0.222894 0.222595 0.222300 0.222011 0.221728 0.221453 0.219850 0.219442 0.218986 0.218479 0.217922 0.217311 0.216647 0.215927 0.209234 0.209340 0.209603 0.209988 0.210460 0.210982 0.211518 0.212033
0.210949 0.210905 0.210868 0.210841 0.210830 0.210841 0.210878 0.210949 0.212801 0.213113 0.213445 0.213798 0.214175 0.214578 0.215010 0.215473 0.219771 0.219874 0.219931 0.219966 0.220007 0.220080 0.220212 0.220430 0.226586 0.226983 0.227328 0.227644 0.227955 0.228283 0.228651 0.229083 0.235816 0.235841 0.235759 0.235613 0.235446 0.235300 0.235218 0.235243 0.241980 0.242737 0.243499 0.244285 0.245114 0.246005 0.246977 0.248048 0.259926 0.261363 0.262736 0.264044 0.265288 0.266466 0.267580 0.268629 0.274153 0.275819 0.277618 0.279519 0.281494 0.283514 0.285550 0.287572 0.298914 0.300463 0.302008 0.303554 0.305105 0.306667 0.308244 0.309840 0.321954 0.323517 0.325001 0.326392 0.327679 0.328849 0.329889 0.330786 0.332018 0.331584 0.330909 0.329965 0.328723 0.327153 0.325226 0.322913 0.293471 0.287142 0.280805 0.274635 0.268805 0.263491 0.258865 0.255102 0.267571 0.270297 0.273134 0.276041 0.278976 0.281896 0.284762 0.287530 0.300685 0.297448 0.293638 0.289493 0.285248 0.281138 0.277401 0.274271 0.289197 0.291539 0.293913 0.296311 0.298727 0.301154 0.303585 0.306013 0.322345 0.323331 0.324128 0.324781 0.325342 0.325857 0.326376 0.326947 0.336487 0.336407 0.336089 0.335574 0.334903 0.334116 0.333255 0.332359 0.328583 0.328229 0.327855 0.327435 0.326949 0.326372 0.325683 0.324857 0.313369 0.312128 0.310906 0.309676 0.308412 0.307085 0.305670 0.304139 0.287913 0.285828 0.283811 0.281866 0.279998 0.278209 0.276504 0.274885 0.266286 0.263730 0.261269 0.259043 0.257196 0.255868 0.255203 0.255342 0.290756 0.296119 0.301375 0.306463 0.311322 0.315891 0.320109 0.323914 0.333878 0.333888 0.333669 0.333261 0.332704 0.332041 0.331312 0.330558 0.328037 0.325648 0.322975 0.320092 0.317073 0.313993 0.310925 0.307945 0.295766 0.293882 0.292020 0.290199 0.288438 0.286755 0.285171 0.283703 0.278318 0.276740 0.275050 0.273278 0.271452 0.269603 0.267762 0.265957 0.256856 0.255420 0.253974 0.252526 0.251084 0.249656 0.248249 0.246873 0.238739 0.238042 0.237416 0.236847 0.236321 0.235821 0.235334 0.234845 0.230115 0.229503 0.228909 0.228334 0.227778 0.227244 0.226731 0.226241 0.223500 0.223068 0.222642 0.222226 0.221825 0.221446 0.221093 0.220771 0.219827 0.219452 0.219015 0.218515 0.217951 0.217323 0.216630 0.215871 0.208651 0.208804 0.209131 0.209593 0.210149 0.210758 0.211380 0.211975
0.211438 0.211420 0.211403 0.211392 0.211387 0.211392 0.211408 0.211438 0.212243 0.212602 0.213007 0.213452 0.213935 0.214449 0.214990 0.215552 0.219691 0.219715 0.219692 0.219652 0.219626 0.219647 0.219745 0.219952 0.227078 0.227637 0.228134 0.228586 0.229011 0.229425 0.229847 0.230293 0.235575 0.235563 0.235474 0.235348 0.235224 0.235139 0.235132 0.235243 0.242539 0.243125 0.243697 0.244286 0.244927 0.245653 0.246495 0.247489 0.261438 0.262917 0.264286 0.265550 0.266715 0.267788 0.268773 0.269678 0.274235 0.276009 0.277951 0.280023 0.282186 0.284403 0.286635 0.288845 0.300520 0.302124 0.303723 0.305319 0.306917 0.308519 0.310130 0.311752 0.323721 0.325173 0.326544 0.327828 0.329019 0.330112 0.331101 0.331980 0.334580 0.334370 0.333899 0.333128 0.332018 0.330531 0.328628 0.326270 0.293785 0.287250 0.280760 0.274487 0.268604 0.263283 0.258697 0.255018 0.269177 0.271671 0.274220 0.276803 0.279399 0.281988 0.284548 0.287058 0.301492 0.298190 0.294284 0.290019 0.285641 0.281394 0.277524 0.274278 0.289601 0.292394 0.295259 0.298172 0.301105 0.304034 0.306931 0.309771 0.325861 0.326502 0.326925 0.327195 0.327379 0.327540 0.327745 0.328059 0.338809 0.338787 0.338507 0.338012 0.337347 0.336554 0.335678 0.334762 0.330907 0.330543 0.330157 0.329726 0.329228 0.328639 0.327938 0.327100 0.315518 0.314408 0.313325 0.312232 0.311091 0.309867 0.308522 0.307020 0.289027 0.286945 0.284973 0.283108 0.281345 0.279682 0.278113 0.276636 0.268529 0.265931 0.263410 0.261114 0.259188 0.257779 0.257032 0.257093 0.292427 0.297958 0.303397 0.308672 0.313712 0.318447 0.322804 0.326714 0.335561 0.335443 0.335113 0.334615 0.333993 0.333292 0.332557 0.331832 0.330759 0.328171 0.325245 0.322074 0.318747 0.315356 0.311990 0.308741 0.296882 0.295012 0.293164 0.291358 0.289616 0.287960 0.286411 0.284991 0.280479 0.278696 0.276761 0.274719 0.272615 0.270492 0.268395 0.266369 0.257890 0.256354 0.254782 0.253192 0.251598 0.250017 0.248463 0.246952 0.238901 0.238195 0.237561 0.236985 0.236455 0.235957 0.235478 0.235004 0.230752 0.230175 0.229606 0.229046 0.228494 0.227952 0.227418 0.226894 0.223500 0.222949 0.222406 0.221882 0.221384 0.220921 0.220502 0.220134 0.219748 0.219404 0.218986 0.218495 0.217930 0.217292 0.216579 0.215791 0.208162 0.208351 0.208728 0.209250 0.209871 0.210548 0.211237 0.211893
0.211800 0.211800 0.211800 0.211800 0.211800 0.211800 0.211800 0.211800 0.211800 0.212209 0.212687 0.213221 0.213801 0.214415 0.215052 0.215700 0.219600 0.219564 0.219482 0.219389 0.219321 0.219310 0.219392 0.219600 0.227500 0.228209 0.228848 0.229428 0.229962 0.230461 0.230936 0.231400 0.235300 0.235266 0.235186 0.235095 0.235027 0.235016 0.235095 0.235300 0.243100 0.243545 0.243957 0.244382 0.244863 0.245447 0.246178 0.247100 0.262700 0.264214 0.265581 0.266813 0.267920 0.268913 0.269803 0.270600 0.274500 0.276387 0.278468 0.280699 0.283034 0.285426 0.287830 0.290200 0.302000 0.303673 0.305344 0.307015 0.308685 0.310356 0.312027 0.313700 0.325500 0.326855 0.328128 0.329321 0.330434 0.331468 0.332423 0.333300 0.337300 0.337262 0.336935 0.336275 0.335237 0.333775 0.331845 0.329400 0.294100 0.287367 0.280727 0.274349 0.268406 0.263069 0.258510 0.254900 0.270600 0.272843 0.275086 0.277329 0.279571 0.281814 0.284057 0.286300 0.302000 0.298701 0.294773 0.290466 0.286034 0.281727 0.277799 0.274500 0.290200 0.293443 0.296801 0.300226 0.303674 0.307099 0.310457 0.313700 0.329400 0.329720 0.329799 0.329719 0.329559 0.329399 0.329319 0.329400 0.341200 0.341240 0.341006 0.340541 0.339893 0.339107 0.338227 0.337300 0.333300 0.332923 0.332525 0.332083 0.331572 0.330971 0.330254 0.329400 0.317600 0.316609 0.315654 0.314689 0.313666 0.312542 0.311268 0.309800 0.290200 0.288125 0.286199 0.284409 0.282746 0.281197 0.279752 0.278400 0.270600 0.267967 0.265402 0.263053 0.261069 0.259600 0.258794 0.258800 0.294100 0.299782 0.305384 0.310826 0.316029 0.320912 0.325396 0.329400 0.337300 0.337086 0.336676 0.336116 0.335452 0.334730 0.333997 0.333300 0.333300 0.330561 0.327444 0.324054 0.320491 0.316860 0.313262 0.309800 0.298000 0.296143 0.294310 0.292524 0.290808 0.289184 0.287673 0.286300 0.282400 0.280422 0.278261 0.275973 0.273616 0.271247 0.268922 0.266700 0.258800 0.257184 0.255513 0.253808 0.252092 0.250387 0.248716 0.247100 0.239200 0.238491 0.237852 0.237272 0.236738 0.236239 0.235764 0.235300 0.231400 0.230845 0.230290 0.229734 0.229178 0.228620 0.228061 0.227500 0.223500 0.222848 0.222209 0.221595 0.221015 0.220483 0.220007 0.219600 0.219600 0.219284 0.218888 0.218412 0.217855 0.217218 0.216500 0.215700 0.207800 0.208014 0.208424 0.208984 0.209648 0.210370 0.211103 0.211800
0.207800 0.207616 0.207455 0.207339 0.207293 0.207339 0.207501 0.207800 0.215700 0.216500 0.217218 0.217855 0.218412 0.218888 0.219284 0.219600 0.219600 0.220007 0.220483 0.221015 0.221595 0.222209 0.222848 0.223500 0.227500 0.228061 0.228620 0.229178 0.229734 0.230290 0.230845 0.231400 0.235300 0.235764 0.236239 0.236738 0.237272 0.237852 0.238491 0.239200 0.247100 0.248309 0.249505 0.250677 0.251813 0.252903 0.253936 0.254900 0.258800 0.260095 0.261540 0.263123 0.264832 0.266656 0.268582 0.270600 0.286300 0.288818 0.291302 0.293717 0.296028 0.298202 0.300204 0.302000 0.305900 0.308287 0.310926 0.313748 0.316685 0.319668 0.322629 0.325500 0.337300 0.338973 0.340644 0.342315 0.343985 0.345656 0.347327 0.349000 0.360800 0.358874 0.356319 0.353226 0.349686 0.345791 0.341632 0.337300 0.309800 0.302532 0.295080 0.287664 0.280501 0.273807 0.267801 0.262700 0.270600 0.273139 0.275859 0.278704 0.281618 0.284543 0.287423 0.290200 0.302000 0.303989 0.306056 0.308203 0.310430 0.312738 0.315127 0.317600 0.337300 0.338865 0.340222 0.341406 0.342451 0.343392 0.344263 0.345100 0.352900 0.353011 0.353009 0.352940 0.352848 0.352780 0.352783 0.352900 0.360800 0.361284 0.361606 0.361767 0.361767 0.361606 0.361284 0.360800 0.352900 0.352557 0.352239 0.351887 0.351445 0.350855 0.350059 0.349000 0.329400 0.328114 0.326999 0.325988 0.325012 0.324001 0.322886 0.321600 0.302000 0.300110 0.298344 0.296670 0.295052 0.293458 0.291852 0.290200 0.274500 0.271990 0.269755 0.267910 0.266568 0.265843 0.265849 0.266700 0.305900 0.311641 0.317245 0.322655 0.327813 0.332661 0.337143 0.341200 0.352900 0.353616 0.354094 0.354333 0.354333 0.354094 0.353616 0.352900 0.341200 0.339791 0.338346 0.336831 0.335213 0.333458 0.331531 0.329400 0.305900 0.303769 0.301842 0.300087 0.298469 0.296954 0.295509 0.294100 0.282400 0.280127 0.277806 0.275473 0.273162 0.270906 0.268741 0.266700 0.258800 0.257591 0.256395 0.255223 0.254087 0.252997 0.251964 0.251000 0.247100 0.246621 0.246129 0.245614 0.245064 0.244469 0.243818 0.243100 0.235300 0.234097 0.232905 0.231736 0.230599 0.229507 0.228470 0.227500 0.223500 0.223530 0.223608 0.223698 0.223767 0.223780 0.223702 0.223500 0.215700 0.215495 0.215416 0.215427 0.215495 0.215586 0.215666 0.215700 0.211800 0.211652 0.211573 0.211550 0.211573 0.211629 0.211709 0.211800
0.208255 0.208153 0.208077 0.208042 0.208067 0.208167 0.208360 0.208662 0.215257 0.216001 0.216687 0.217313 0.217876 0.218372 0.218800 0.219157 0.219416 0.219879 0.220407 0.220987 0.221606 0.222249 0.222903 0.223555 0.226894 0.227523 0.228169 0.228825 0.229483 0.230137 0.230778 0.231400 0.234618 0.235163 0.235740 0.236355 0.237009 0.237709 0.238457 0.239257 0.246645 0.247932 0.249225 0.250508 0.251764 0.252975 0.254125 0.255196 0.259059 0.260373 0.261837 0.263436 0.265157 0.266987 0.268911 0.270916 0.286065 0.288608 0.291138 0.293621 0.296020 0.298299 0.300423 0.302356 0.307549 0.309918 0.312513 0.315274 0.318140 0.321050 0.323945 0.326764 0.339291 0.341057 0.342808 0.344541 0.346254 0.347944 0.349608 0.351243 0.361643 0.359921 0.357621 0.354815 0.351578 0.347984 0.344108 0.340023 0.311818 0.304381 0.296758 0.289170 0.281839 0.274986 0.268833 0.263602 0.271416 0.273976 0.276721 0.279592 0.282530 0.285477 0.288375 0.291164 0.302725 0.304848 0.307080 0.309420 0.311863 0.314408 0.317051 0.319790 0.341417 0.342791 0.343888 0.344760 0.345457 0.346032 0.346534 0.347015 0.354072 0.354488 0.354840 0.355157 0.355467 0.355798 0.356179 0.356636 0.364373 0.364903 0.365272 0.365475 0.365508 0.365363 0.365036 0.364521 0.355200 0.354657 0.354144 0.353605 0.352982 0.352221 0.351265 0.350059 0.329890 0.328597 0.327492 0.326506 0.325570 0.324614 0.323569 0.322366 0.303673 0.301695 0.299814 0.298004 0.296239 0.294495 0.292745 0.290963 0.275479 0.272958 0.270707 0.268844 0.267484 0.266745 0.266742 0.267591 0.307164 0.312818 0.318327 0.323641 0.328710 0.333487 0.337922 0.341966 0.355230 0.355972 0.356443 0.356652 0.356603 0.356303 0.355758 0.354975 0.343331 0.341979 0.340589 0.339124 0.337546 0.335816 0.333896 0.331748 0.307109 0.304789 0.302678 0.300747 0.298964 0.297301 0.295727 0.294211 0.282718 0.280669 0.278584 0.276485 0.274393 0.272331 0.270320 0.268383 0.258709 0.257538 0.256420 0.255357 0.254347 0.253393 0.252493 0.251648 0.247308 0.246738 0.246159 0.245564 0.244948 0.244302 0.243620 0.242895 0.236039 0.234827 0.233605 0.232390 0.231196 0.230041 0.228940 0.227909 0.224013 0.223970 0.223968 0.223978 0.223970 0.223917 0.223788 0.223555 0.216553 0.216316 0.216184 0.216129 0.216123 0.216137 0.216142 0.216109 0.212452 0.212230 0.212062 0.211942 0.211862 0.211817 0.211798 0.211800
0.208826 0.208823 0.208847 0.208908 0.209016 0.209178 0.209406 0.209709 0.214699 0.215374 0.216019 0.216630 0.217200 0.217722 0.218191 0.218599 0.219255 0.219768 0.220341 0.220957 0.221601 0.222259 0.222915 0.223552 0.226241 0.226946 0.227687 0.228448 0.229215 0.229973 0.230706 0.231400 0.233901 0.234524 0.235201 0.235928 0.236702 0.237517 0.238370 0.239257 0.246074 0.247427 0.248808 0.250195 0.251566 0.252897 0.254168 0.255355 0.259455 0.260799 0.262285 0.263898 0.265623 0.267444 0.269345 0.271312 0.285590 0.288144 0.290715 0.293266 0.295759 0.298157 0.300422 0.302517 0.309300 0.311638 0.314168 0.316841 0.319606 0.322414 0.325214 0.327957 0.341361 0.343221 0.345049 0.346838 0.348583 0.350276 0.351913 0.353486 0.362200 0.360735 0.358752 0.356302 0.353440 0.350218 0.346688 0.342904 0.313744 0.306126 0.298321 0.290556 0.283058 0.276050 0.269761 0.264414 0.272369 0.274948 0.277711 0.280597 0.283547 0.286504 0.289407 0.292197 0.303599 0.305763 0.308057 0.310477 0.313023 0.315693 0.318485 0.321398 0.345020 0.346213 0.347064 0.347639 0.348006 0.348231 0.348384 0.348530 0.355039 0.355786 0.356519 0.357247 0.357982 0.358733 0.359512 0.360328 0.367969 0.368539 0.368947 0.369182 0.369236 0.369096 0.368753 0.368197 0.357443 0.356670 0.355929 0.355167 0.354332 0.353370 0.352229 0.350855 0.330288 0.328986 0.327886 0.326920 0.326017 0.325110 0.324128 0.323004 0.305344 0.303263 0.301247 0.299280 0.297347 0.295433 0.293522 0.291600 0.276528 0.273981 0.271695 0.269790 0.268387 0.267606 0.267566 0.268389 0.308357 0.313917 0.319320 0.324527 0.329499 0.334195 0.338577 0.342604 0.357550 0.358298 0.358741 0.358895 0.358774 0.358391 0.357762 0.356901 0.345576 0.344248 0.342874 0.341413 0.339826 0.338073 0.336115 0.333913 0.308305 0.305785 0.303475 0.301351 0.299387 0.297558 0.295841 0.294209 0.283116 0.281311 0.279478 0.277626 0.275764 0.273902 0.272049 0.270213 0.258629 0.257491 0.256448 0.255490 0.254605 0.253784 0.253014 0.252285 0.247390 0.246711 0.246029 0.245343 0.244649 0.243945 0.243228 0.242497 0.236755 0.235553 0.234318 0.233071 0.231834 0.230627 0.229471 0.228387 0.224585 0.224447 0.224344 0.224252 0.224150 0.224014 0.223822 0.223552 0.217587 0.217315 0.217121 0.216986 0.216886 0.216801 0.216709 0.216587 0.213091 0.212793 0.212537 0.212321 0.212142 0.211997 0.211884 0.211800
0.209468 0.209575 0.209712 0.209880 0.210080 0.210313 0.210581 0.210883 0.214074 0.214668 0.215267 0.215859 0.216437 0.216988 0.217504 0.217974 0.219139 0.219697 0.220304 0.220945 0.221602 0.222261 0.222905 0.223517 0.225576 0.226359 0.227196 0.228065 0.228943 0.229806 0.230633 0.231400 0.233196 0.233893 0.234664 0.235497 0.236382 0.237305 0.238256 0.239223 0.245432 0.246840 0.248297 0.249778 0.251256 0.252703 0.254093 0.255400 0.259965 0.261348 0.262861 0.264488 0.266212 0.268014 0.269879 0.271788 0.284953 0.287507 0.290112 0.292728 0.295317 0.297840 0.300257 0.302529 0.311096 0.313393 0.315845 0.318413 0.321060 0.323748 0.326438 0.329094 0.343509 0.345463 0.347363 0.349199 0.350963 0.352646 0.354237 0.355729 0.362586 0.361407 0.359777 0.357724 0.355277 0.352465 0.349318 0.345865 0.315568 0.307755 0.299761 0.291815 0.284149 0.276992 0.270574 0.265124 0.273437 0.276034 0.278808 0.281701 0.284654 0.287608 0.290505 0.293287 0.304609 0.306744 0.309018 0.311432 0.313991 0.316697 0.319553 0.322561 0.348152 0.349179 0.349799 0.350096 0.350154 0.350055 0.349884 0.349723 0.355916 0.357001 0.358117 0.359257 0.360415 0.361584 0.362758 0.363929 0.371531 0.372134 0.372572 0.372832 0.372897 0.372753 0.372386 0.371781 0.359651 0.358624 0.357628 0.356616 0.355540 0.354352 0.353003 0.351445 0.330663 0.329348 0.328246 0.327287 0.326406 0.325534 0.324605 0.323551 0.307015 0.304819 0.302653 0.300514 0.298398 0.296300 0.294217 0.292145 0.277635 0.275045 0.272703 0.270733 0.269260 0.268411 0.268310 0.269083 0.309494 0.314953 0.320245 0.325340 0.330208 0.334819 0.339143 0.343151 0.359850 0.360586 0.360981 0.361061 0.360847 0.360365 0.359638 0.358691 0.347889 0.346554 0.345155 0.343656 0.342016 0.340198 0.338163 0.335873 0.309477 0.306755 0.304240 0.301915 0.299760 0.297759 0.295891 0.294140 0.283594 0.282035 0.280454 0.278848 0.277212 0.275545 0.273842 0.272101 0.258573 0.257461 0.256487 0.255628 0.254863 0.254167 0.253520 0.252899 0.247379 0.246579 0.245784 0.244995 0.244215 0.243446 0.242691 0.241952 0.237426 0.236251 0.235020 0.233758 0.232492 0.231247 0.230048 0.228921 0.225191 0.224946 0.224728 0.224522 0.224313 0.224086 0.223825 0.223517 0.218747 0.218438 0.218178 0.217953 0.217750 0.217553 0.217348 0.217121 0.213705 0.213331 0.212989 0.212681 0.212406 0.212167 0.211965 0.211800
0.210132 0.210358 0.210616 0.210900 0.211201 0.211511 0.211822 0.212127 0.213426 0.213934 0.214482 0.215055 0.215640 0.216222 0.216789 0.217326 0.219093 0.219688 0.220319 0.220972 0.221629 0.222276 0.222895 0.223471 0.224934 0.225792 0.226723 0.227695 0.228678 0.229644 0.230561 0.231400 0.232548 0.233312 0.234168 0.235098 0.236083 0.237104 0.238142 0.239177 0.244768 0.246216 0.247736 0.249298 0.250871 0.252425 0.253930 0.255355 0.260567 0.261998 0.263544 0.265187 0.266907 0.268686 0.270505 0.272345 0.284236 0.286778 0.289408 0.292085 0.294767 0.297414 0.299985 0.302438 0.312881 0.315134 0.317502 0.319959 0.322481 0.325042 0.327619 0.330184 0.345736 0.347780 0.349744 0.351618 0.353389 0.355046 0.356577 0.357971 0.362914 0.362030 0.360762 0.359115 0.357093 0.354701 0.351943 0.348825 0.317277 0.309261 0.301070 0.292941 0.285107 0.277802 0.271262 0.265720 0.274596 0.277212 0.279994 0.282887 0.285833 0.288775 0.291658 0.294423 0.305746 0.307802 0.309997 0.312342 0.314846 0.317520 0.320373 0.323416 0.350860 0.351734 0.352142 0.352185 0.351961 0.351569 0.351108 0.350677 0.356817 0.358229 0.359710 0.361238 0.362792 0.364350 0.365891 0.367393 0.375002 0.375631 0.376092 0.376366 0.376435 0.376280 0.375885 0.375229 0.361849 0.360549 0.359277 0.357993 0.356653 0.355216 0.353642 0.351887 0.331082 0.329748 0.328631 0.327666 0.326788 0.325934 0.325039 0.324039 0.308685 0.306367 0.304043 0.301722 0.299411 0.297121 0.294858 0.292633 0.278787 0.276138 0.273716 0.271656 0.270088 0.269145 0.268959 0.269662 0.310584 0.315944 0.321125 0.326105 0.330866 0.335389 0.339653 0.343639 0.362116 0.362826 0.363159 0.363147 0.362826 0.362231 0.361395 0.360354 0.350223 0.348850 0.347392 0.345813 0.344080 0.342157 0.340010 0.337605 0.310613 0.307696 0.304981 0.302456 0.300112 0.297936 0.295919 0.294048 0.284151 0.282827 0.281483 0.280104 0.278676 0.277184 0.275615 0.273954 0.258550 0.257459 0.256546 0.255778 0.255120 0.254540 0.254004 0.253479 0.247310 0.246383 0.245465 0.244566 0.243693 0.242853 0.242054 0.241304 0.238029 0.236897 0.235687 0.234429 0.233152 0.231885 0.230659 0.229501 0.225809 0.225451 0.225113 0.224788 0.224468 0.224147 0.223817 0.223471 0.219975 0.219631 0.219304 0.218989 0.218678 0.218364 0.218041 0.217701 0.214285 0.213836 0.213412 0.213015 0.212651 0.212324 0.212039 0.211800
0.210774 0.211122 0.211507 0.211911 0.212317 0.212710 0.213070 0.213383 0.212801 0.213222 0.213717 0.214270 0.214862 0.215475 0.216094 0.216701 0.219139 0.219762 0.220407 0.221059 0.221704 0.222325 0.222908 0.223437 0.224351 0.225276 0.226289 0.227355 0.228435 0.229494 0.230494 0.231400 0.232003 0.232825 0.233756 0.234769 0.235840 0.236943 0.238052 0.239143 0.244126 0.245601 0.247168 0.248795 0.250448 0.252096 0.253704 0.255241 0.261239 0.262727 0.264312 0.265973 0.267691 0.269446 0.271216 0.272982 0.283519 0.286039 0.288684 0.291412 0.294179 0.296942 0.299660 0.302289 0.314598 0.316808 0.319094 0.321443 0.323845 0.326287 0.328756 0.331241 0.348043 0.350170 0.352188 0.354086 0.355851 0.357469 0.358928 0.360214 0.363300 0.362695 0.361772 0.360511 0.358893 0.356898 0.354508 0.351704 0.318860 0.310634 0.302243 0.293926 0.285922 0.278472 0.271815 0.266190 0.275824 0.278460 0.281248 0.284135 0.287068 0.289991 0.292851 0.295595 0.306997 0.308945 0.311027 0.313262 0.315669 0.318265 0.321069 0.324100 0.353191 0.353924 0.354141 0.353957 0.353484 0.352837 0.352127 0.351470 0.357855 0.359563 0.361368 0.363237 0.365136 0.367031 0.368889 0.370674 0.378325 0.378973 0.379449 0.379729 0.379795 0.379626 0.379199 0.378495 0.364057 0.362475 0.360913 0.359338 0.357716 0.356015 0.354200 0.352239 0.331616 0.330252 0.329104 0.328111 0.327215 0.326355 0.325471 0.324504 0.310356 0.307912 0.305425 0.302918 0.300410 0.297924 0.295479 0.293098 0.279974 0.277243 0.274720 0.272543 0.270854 0.269793 0.269500 0.270115 0.311641 0.316907 0.321979 0.326848 0.331504 0.335938 0.340141 0.344104 0.364337 0.365010 0.365267 0.365152 0.364713 0.363994 0.363042 0.361903 0.352534 0.351092 0.349539 0.347844 0.345980 0.343918 0.341630 0.339085 0.311703 0.308606 0.305703 0.302991 0.300466 0.298124 0.295964 0.293980 0.284788 0.283670 0.282531 0.281347 0.280093 0.278747 0.277285 0.275683 0.258573 0.257498 0.256636 0.255944 0.255379 0.254897 0.254456 0.254013 0.247218 0.246159 0.245117 0.244104 0.243133 0.242216 0.241367 0.240599 0.238541 0.237468 0.236298 0.235063 0.233794 0.232525 0.231288 0.230115 0.226415 0.225945 0.225489 0.225049 0.224623 0.224213 0.223817 0.223437 0.221215 0.220840 0.220452 0.220050 0.219636 0.219208 0.218768 0.218315 0.214817 0.214298 0.213795 0.213318 0.212872 0.212465 0.212105 0.211800
0.211345 0.211817 0.212329 0.212855 0.213371 0.213850 0.214266 0.214593 0.212243 0.212581 0.213026 0.213557 0.214155 0.214799 0.215469 0.216143 0.219301 0.219941 0.220588 0.221228 0.221847 0.222431 0.222966 0.223439 0.223862 0.224840 0.225921 0.227064 0.228225 0.229363 0.230435 0.231400 0.231605 0.232477 0.233468 0.234547 0.235685 0.236851 0.238014 0.239143 0.243555 0.245040 0.246637 0.248310 0.250025 0.251749 0.253446 0.255082 0.261957 0.263510 0.265141 0.266827 0.268548 0.270282 0.272006 0.273700 0.282880 0.285369 0.288019 0.290785 0.293624 0.296490 0.299339 0.302127 0.316190 0.318363 0.320577 0.322833 0.325131 0.327470 0.329852 0.332275 0.350431 0.352629 0.354689 0.356598 0.358342 0.359909 0.361285 0.362457 0.363857 0.363496 0.362873 0.361948 0.360681 0.359031 0.356958 0.354422 0.320305 0.311865 0.303270 0.294763 0.286589 0.278994 0.272223 0.266520 0.277100 0.279757 0.282550 0.285429 0.288342 0.291241 0.294074 0.296791 0.308352 0.310184 0.312141 0.314250 0.316539 0.319034 0.321762 0.324749 0.355189 0.355795 0.355845 0.355465 0.354783 0.353924 0.353016 0.352185 0.359145 0.361099 0.363166 0.365305 0.367472 0.369626 0.371725 0.373725 0.381443 0.382103 0.382584 0.382865 0.382923 0.382735 0.382280 0.381534 0.366300 0.364432 0.362570 0.360693 0.358776 0.356797 0.354732 0.352557 0.332332 0.330924 0.329726 0.328682 0.327739 0.326844 0.325942 0.324979 0.312027 0.309458 0.306811 0.304119 0.301415 0.298735 0.296110 0.293575 0.281182 0.278348 0.275697 0.273379 0.271544 0.270341 0.269921 0.270432 0.312675 0.317858 0.322830 0.327594 0.332149 0.336498 0.340641 0.344579 0.366503 0.367129 0.367301 0.367075 0.366510 0.365662 0.364589 0.363348 0.354775 0.353234 0.351553 0.349709 0.347681 0.345450 0.342994 0.340291 0.312736 0.309484 0.306415 0.303535 0.300847 0.298357 0.296067 0.293983 0.285504 0.284549 0.283568 0.282529 0.281402 0.280158 0.278766 0.277195 0.258652 0.257587 0.256764 0.256132 0.255640 0.255237 0.254871 0.254491 0.247136 0.245949 0.244782 0.243653 0.242581 0.241582 0.240677 0.239882 0.238938 0.237940 0.236828 0.235637 0.234399 0.233150 0.231923 0.230752 0.226987 0.226413 0.225851 0.225306 0.224786 0.224297 0.223846 0.223439 0.222408 0.222011 0.221571 0.221094 0.220588 0.220057 0.219510 0.218952 0.215293 0.214706 0.214133 0.213582 0.213063 0.212587 0.212163 0.211800
0.211800 0.212391 0.213028 0.213676 0.214301 0.214870 0.215348 0.215700 0.211800 0.212062 0.212459 0.212971 0.213574 0.214245 0.214961 0.215700 0.219600 0.220248 0.220885 0.221499 0.222079 0.222613 0.223091 0.223500 0.223500 0.224513 0.225642 0.226840 0.228060 0.229258 0.230387 0.231400 0.231400 0.232310 0.233344 0.234470 0.235652 0.236858 0.238052 0.239200 0.243100 0.244580 0.246186 0.247884 0.249639 0.251416 0.253182 0.254900 0.262700 0.264325 0.266009 0.267728 0.269460 0.271181 0.272869 0.274500 0.282400 0.284850 0.287493 0.290283 0.293174 0.296122 0.299079 0.302000 0.317600 0.319748 0.321909 0.324095 0.326315 0.328583 0.330907 0.333300 0.352900 0.355157 0.357242 0.359145 0.360855 0.362358 0.363643 0.364700 0.364700 0.364523 0.364129 0.363461 0.362462 0.361073 0.359239 0.356900 0.321600 0.312947 0.304145 0.295445 0.287100 0.279359 0.272476 0.266700 0.278400 0.281083 0.283880 0.286748 0.289640 0.292509 0.295311 0.298000 0.309800 0.311529 0.313372 0.315363 0.317537 0.319928 0.322571 0.325500 0.356900 0.357393 0.357301 0.356762 0.355915 0.354897 0.353846 0.352900 0.360800 0.362932 0.365176 0.367489 0.369823 0.372134 0.374375 0.376500 0.384300 0.384962 0.385441 0.385716 0.385762 0.385557 0.385077 0.384300 0.368600 0.366448 0.364285 0.362099 0.359879 0.357613 0.355291 0.352900 0.333300 0.331832 0.330558 0.329434 0.328411 0.327446 0.326491 0.325500 0.313700 0.311011 0.308209 0.305340 0.302448 0.299580 0.296782 0.294100 0.282400 0.279438 0.276634 0.274148 0.272142 0.270775 0.270207 0.270600 0.313700 0.318813 0.323699 0.328368 0.332832 0.337101 0.341187 0.345100 0.368600 0.369172 0.369254 0.368913 0.368219 0.367240 0.366044 0.364700 0.356900 0.355232 0.353391 0.351366 0.349146 0.346719 0.344074 0.341200 0.313700 0.310325 0.307123 0.304105 0.301282 0.298666 0.296268 0.294100 0.286300 0.285448 0.284560 0.283603 0.282542 0.281344 0.279974 0.278400 0.258800 0.257739 0.256941 0.256349 0.255906 0.255555 0.255239 0.254900 0.247100 0.245791 0.244503 0.243260 0.242085 0.241001 0.240031 0.239200 0.239200 0.238290 0.237256 0.236130 0.234948 0.233742 0.232548 0.231400 0.227500 0.226839 0.226188 0.225559 0.224964 0.224414 0.223922 0.223500 0.223500 0.223091 0.222613 0.222079 0.221499 0.220885 0.220248 0.219600 0.215700 0.215052 0.214415 0.213801 0.213221 0.212687 0.212209 0.211800
0.207800 0.208813 0.209942 0.211140 0.212360 0.213558 0.214687 0.215700 0.215700 0.216016 0.216412 0.216888 0.217445 0.218082 0.218800 0.219600 0.227500 0.227799 0.227961 0.228007 0.227961 0.227845 0.227684 0.227500 0.227500 0.227818 0.228216 0.228694 0.229251 0.229888 0.230604 0.231400 0.239200 0.239903 0.240537 0.241116 0.241650 0.242150 0.242630 0.243100 0.247100 0.247977 0.248932 0.249966 0.251079 0.252272 0.253545 0.254900 0.266700 0.268979 0.271304 0.273639 0.275951 0.278204 0.280366 0.282400 0.290200 0.292237 0.294400 0.296655 0.298967 0.301302 0.303625 0.305900 0.317600 0.320341 0.323312 0.326502 0.329898 0.333488 0.337259 0.341200 0.372500 0.374518 0.376126 0.377392 0.378385 0.379172 0.379821 0.380400 0.388200 0.385804 0.382769 0.379176 0.375102 0.370629 0.365835 0.360800 0.325500 0.315556 0.305382 0.295312 0.285676 0.276808 0.269038 0.262700 0.286300 0.289343 0.292304 0.295184 0.297983 0.300702 0.303341 0.305900 0.321600 0.324752 0.328030 0.331399 0.334824 0.338272 0.341709 0.345100 0.364700 0.364801 0.364640 0.364354 0.364079 0.363954 0.364115 0.364700 0.392200 0.392045 0.391316 0.390164 0.388736 0.387184 0.385655 0.384300 0.392200 0.392593 0.392836 0.392940 0.392917 0.392779 0.392536 0.392200 0.388200 0.384718 0.380883 0.376821 0.372657 0.368515 0.364521 0.360800 0.352900 0.350268 0.347466 0.344562 0.341625 0.338724 0.335926 0.333300 0.325500 0.322465 0.319190 0.315753 0.312236 0.308719 0.305280 0.302000 0.290200 0.285458 0.280739 0.276308 0.272425 0.269355 0.267359 0.266700 0.321600 0.327055 0.332085 0.336750 0.341106 0.345211 0.349123 0.352900 0.380400 0.380611 0.380203 0.379279 0.377943 0.376299 0.374450 0.372500 0.364700 0.361349 0.357678 0.353765 0.349692 0.345537 0.341380 0.337300 0.317600 0.315036 0.312567 0.310202 0.307953 0.305829 0.303841 0.302000 0.294100 0.290970 0.287613 0.284120 0.280580 0.277087 0.273730 0.270600 0.262700 0.261491 0.260295 0.259123 0.257987 0.256897 0.255864 0.254900 0.251000 0.249429 0.247744 0.245989 0.244211 0.242456 0.240771 0.239200 0.235300 0.235334 0.235414 0.235505 0.235573 0.235584 0.235505 0.235300 0.227500 0.227298 0.227220 0.227233 0.227302 0.227392 0.227470 0.227500 0.223500 0.223530 0.223608 0.223698 0.223767 0.223780 0.223702 0.223500 0.215700 0.214904 0.214188 0.213551 0.212994 0.212516 0.212118 0.211800
0.208162 0.209035 0.210013 0.211055 0.212124 0.213182 0.214190 0.215109 0.215848 0.216109 0.216426 0.216805 0.217253 0.217775 0.218377 0.219066 0.226786 0.227084 0.227254 0.227321 0.227309 0.227243 0.227147 0.227045 0.228243 0.228564 0.228942 0.229383 0.229893 0.230478 0.231145 0.231900 0.240178 0.240858 0.241455 0.241981 0.242452 0.242882 0.243283 0.243670 0.247161 0.248087 0.249108 0.250220 0.251418 0.252699 0.254058 0.255491 0.267261 0.269568 0.271924 0.274294 0.276642 0.278933 0.281131 0.283200 0.291087 0.293186 0.295413 0.297731 0.300101 0.302484 0.304843 0.307139 0.318247 0.321284 0.324584 0.328111 0.331833 0.335716 0.339727 0.343832 0.372376 0.374640 0.376573 0.378218 0.379616 0.380807 0.381833 0.382736 0.389056 0.386597 0.383527 0.379922 0.375858 0.371411 0.366657 0.361673 0.326739 0.316730 0.306481 0.296330 0.286615 0.277675 0.269847 0.263471 0.287873 0.290572 0.293147 0.295622 0.298020 0.300367 0.302686 0.305002 0.323139 0.326298 0.329520 0.332779 0.336049 0.339303 0.342516 0.345661 0.363573 0.363985 0.364204 0.364343 0.364516 0.364839 0.365425 0.366388 0.393299 0.392912 0.391954 0.390590 0.388982 0.387292 0.385684 0.384320 0.395289 0.395603 0.395685 0.395564 0.395267 0.394821 0.394253 0.393591 0.388625 0.385467 0.382004 0.378339 0.374574 0.370812 0.367154 0.363705 0.353974 0.351167 0.348212 0.345176 0.342128 0.339136 0.336269 0.333596 0.326038 0.323044 0.319806 0.316403 0.312914 0.309416 0.305988 0.302709 0.290496 0.285826 0.281197 0.276864 0.273086 0.270118 0.268218 0.267644 0.322309 0.327832 0.332942 0.337693 0.342137 0.346328 0.350318 0.354161 0.381391 0.381978 0.381981 0.381481 0.380557 0.379290 0.377760 0.376048 0.365721 0.362392 0.358794 0.354993 0.351054 0.347042 0.343022 0.339060 0.318395 0.315778 0.313265 0.310865 0.308584 0.306429 0.304408 0.302527 0.293895 0.290952 0.287810 0.284548 0.281241 0.277966 0.274799 0.271818 0.262573 0.261374 0.260220 0.259117 0.258070 0.257083 0.256161 0.255309 0.251739 0.250260 0.248661 0.246983 0.245268 0.243556 0.241889 0.240307 0.235061 0.235084 0.235179 0.235308 0.235430 0.235505 0.235494 0.235357 0.227500 0.227149 0.226913 0.226766 0.226682 0.226634 0.226598 0.226547 0.223591 0.223685 0.223810 0.223933 0.224020 0.224038 0.223956 0.223739 0.215700 0.214895 0.214174 0.213536 0.212980 0.212506 0.212113 0.211800
0.208651 0.209364 0.210166 0.211027 0.211918 0.212809 0.213670 0.214472 0.215927 0.216131 0.216367 0.216647 0.216982 0.217383 0.217862 0.218429 0.225819 0.226125 0.226318 0.226425 0.226468 0.226474 0.226468 0.226474 0.228961 0.229304 0.229678 0.230098 0.230573 0.231117 0.231741 0.232457 0.241053 0.241720 0.242291 0.242782 0.243208 0.243583 0.243922 0.244241 0.247163 0.248151 0.249253 0.250458 0.251758 0.253143 0.254603 0.256128 0.267820 0.270143 0.272518 0.274911 0.277284 0.279600 0.281824 0.283918 0.291883 0.294057 0.296364 0.298761 0.301207 0.303659 0.306075 0.308413 0.319055 0.322407 0.326049 0.329923 0.333975 0.338149 0.342387 0.346634 0.371899 0.374438 0.376741 0.378817 0.380677 0.382331 0.383788 0.385061 0.389627 0.387144 0.384086 0.380524 0.376527 0.372165 0.367508 0.362626 0.328013 0.317964 0.307666 0.297462 0.287695 0.278707 0.270841 0.264438 0.289387 0.291708 0.293864 0.295904 0.297876 0.299830 0.301812 0.303873 0.324573 0.327716 0.330854 0.333972 0.337052 0.340078 0.343034 0.345902 0.362126 0.362903 0.363558 0.364178 0.364853 0.365669 0.366714 0.368076 0.393860 0.393271 0.392132 0.390616 0.388896 0.387144 0.385534 0.384239 0.398491 0.398724 0.398637 0.398275 0.397681 0.396899 0.395973 0.394946 0.388627 0.385859 0.382848 0.379669 0.376394 0.373099 0.369858 0.366746 0.354786 0.351808 0.348710 0.345560 0.342423 0.339365 0.336454 0.333755 0.326359 0.323422 0.320243 0.316897 0.313458 0.310003 0.306608 0.303348 0.290655 0.286101 0.281608 0.277424 0.273799 0.270980 0.269217 0.268758 0.322948 0.328555 0.333768 0.338632 0.343194 0.347499 0.351595 0.355527 0.382346 0.383354 0.383820 0.383796 0.383338 0.382499 0.381333 0.379895 0.366754 0.363478 0.359994 0.356351 0.352596 0.348775 0.344936 0.341127 0.319283 0.316589 0.314012 0.311556 0.309223 0.307019 0.304945 0.303006 0.293497 0.290807 0.287957 0.285006 0.282011 0.279030 0.276122 0.273345 0.262411 0.261225 0.260123 0.259104 0.258164 0.257299 0.256508 0.255787 0.252455 0.251080 0.249585 0.248003 0.246371 0.244723 0.243093 0.241517 0.234902 0.234893 0.234983 0.235128 0.235283 0.235402 0.235442 0.235357 0.227500 0.226976 0.226555 0.226219 0.225954 0.225743 0.225571 0.225421 0.223671 0.223825 0.223989 0.224132 0.224226 0.224238 0.224139 0.223898 0.215700 0.214889 0.214165 0.213525 0.212971 0.212499 0.212109 0.211800
0.209234 0.209774 0.210386 0.211051 0.211747 0.212456 0.213155 0.213824 0.215950 0.216100 0.216259 0.216442 0.216667 0.216949 0.217303 0.217747 0.224667 0.224990 0.225220 0.225382 0.225500 0.225597 0.225700 0.225832 0.229633 0.230011 0.230398 0.230810 0.231265 0.231778 0.232367 0.233049 0.241804 0.242468 0.243029 0.243503 0.243903 0.244245 0.244544 0.244814 0.247129 0.248184 0.249372 0.250679 0.252089 0.253585 0.255153 0.256776 0.268378 0.270706 0.273090 0.275493 0.277879 0.280209 0.282447 0.284555 0.292576 0.294832 0.297228 0.299716 0.302251 0.304786 0.307276 0.309675 0.320024 0.323697 0.327683 0.331902 0.336276 0.340725 0.345172 0.349538 0.371193 0.374026 0.376723 0.379262 0.381618 0.383769 0.385692 0.387362 0.390028 0.387549 0.384538 0.381057 0.377167 0.372930 0.368407 0.363659 0.329275 0.319209 0.308890 0.298662 0.288869 0.279857 0.271971 0.265556 0.290786 0.292716 0.294445 0.296044 0.297588 0.299148 0.300796 0.302606 0.325882 0.328993 0.332031 0.334990 0.337864 0.340644 0.343326 0.345902 0.360439 0.361621 0.362756 0.363901 0.365115 0.366458 0.367988 0.369763 0.393987 0.393228 0.391953 0.390342 0.388572 0.386825 0.385278 0.384112 0.401680 0.401833 0.401576 0.400968 0.400070 0.398942 0.397642 0.396232 0.388263 0.385932 0.383429 0.380797 0.378077 0.375313 0.372547 0.369820 0.355393 0.352247 0.349017 0.345766 0.342557 0.339451 0.336511 0.333800 0.326484 0.323622 0.320520 0.317251 0.313885 0.310495 0.307152 0.303928 0.290700 0.286291 0.281968 0.277968 0.274530 0.271893 0.270295 0.269975 0.323528 0.329241 0.334581 0.339588 0.344297 0.348747 0.352975 0.357018 0.383311 0.384764 0.385720 0.386203 0.386240 0.385858 0.385082 0.383938 0.367810 0.364608 0.361266 0.357810 0.354269 0.350670 0.347042 0.343411 0.320274 0.317488 0.314830 0.312301 0.309901 0.307630 0.305488 0.303473 0.292952 0.290560 0.288056 0.285473 0.282849 0.280219 0.277620 0.275088 0.262262 0.261088 0.260043 0.259114 0.258290 0.257557 0.256905 0.256321 0.253126 0.251862 0.250480 0.249008 0.247473 0.245904 0.244328 0.242773 0.234822 0.234768 0.234837 0.234980 0.235149 0.235296 0.235370 0.235323 0.227500 0.226790 0.226166 0.225626 0.225163 0.224772 0.224449 0.224190 0.223727 0.223935 0.224130 0.224286 0.224376 0.224372 0.224248 0.223978 0.215700 0.214886 0.214160 0.213520 0.212966 0.212495 0.212107 0.211800
0.209876 0.210238 0.210657 0.211121 0.211619 0.212139 0.212669 0.213199 0.215927 0.216031 0.216121 0.216219 0.216344 0.216515 0.216752 0.217076 0.223400 0.223749 0.224027 0.224258 0.224464 0.224670 0.224896 0.225168 0.230235 0.230661 0.231074 0.231494 0.231941 0.232436 0.232999 0.233651 0.242406 0.243081 0.243651 0.244129 0.244528 0.244862 0.245144 0.245386 0.247083 0.248202 0.249475 0.250881 0.252399 0.254005 0.255680 0.257401 0.268934 0.271259 0.273641 0.276044 0.278430 0.280761 0.283001 0.285112 0.293156 0.295495 0.297982 0.300566 0.303198 0.305827 0.308405 0.310880 0.321153 0.325143 0.329462 0.334009 0.338684 0.343387 0.348018 0.352475 0.370385 0.373515 0.376614 0.379625 0.382490 0.385150 0.387549 0.389628 0.390372 0.387916 0.384974 0.381598 0.377838 0.373746 0.369374 0.364773 0.330480 0.320420 0.310105 0.299879 0.290089 0.281078 0.273192 0.266777 0.292014 0.293560 0.294875 0.296054 0.297191 0.298380 0.299716 0.301294 0.327041 0.330116 0.333051 0.335849 0.338514 0.341049 0.343457 0.345743 0.358593 0.360209 0.361852 0.363550 0.365332 0.367223 0.369253 0.371449 0.393781 0.392889 0.391524 0.389869 0.388106 0.386418 0.384988 0.383998 0.404732 0.404808 0.404386 0.403541 0.402346 0.400877 0.399208 0.397413 0.387592 0.385721 0.383758 0.381709 0.379584 0.377389 0.375134 0.372825 0.355852 0.352544 0.349191 0.345848 0.342576 0.339430 0.336471 0.333755 0.326438 0.323664 0.320657 0.317484 0.314211 0.310906 0.307634 0.304462 0.290655 0.286407 0.282271 0.278475 0.275245 0.272809 0.271393 0.271225 0.324062 0.329904 0.335401 0.340579 0.345468 0.350092 0.354480 0.358659 0.384334 0.386233 0.387683 0.388679 0.389219 0.389299 0.388918 0.388073 0.368901 0.365783 0.362594 0.359339 0.356028 0.352666 0.349261 0.345821 0.321381 0.318492 0.315742 0.313129 0.310648 0.308295 0.306068 0.303962 0.292304 0.290238 0.288109 0.285930 0.283713 0.281470 0.279214 0.276957 0.262171 0.261008 0.260018 0.259180 0.258470 0.257868 0.257353 0.256901 0.253729 0.252577 0.251313 0.249956 0.248527 0.247048 0.245537 0.244017 0.234822 0.234714 0.234750 0.234878 0.235048 0.235205 0.235299 0.235277 0.227500 0.226599 0.225769 0.225018 0.224351 0.223775 0.223297 0.222923 0.223750 0.224004 0.224222 0.224382 0.224461 0.224435 0.224281 0.223978 0.215700 0.214886 0.214160 0.213520 0.212966 0.212495 0.212107 0.211800
0.210541 0.210733 0.210965 0.211235 0.211539 0.211875 0.212239 0.212630 0.215871 0.215940 0.215977 0.216006 0.216047 0.216124 0.216259 0.216473 0.222087 0.222468 0.222804 0.223116 0.223424 0.223748 0.224109 0.224526 0.230745 0.231229 0.231680 0.232121 0.232575 0.233065 0.233613 0.234243 0.242838 0.243539 0.244138 0.244645 0.245071 0.245425 0.245718 0.245959 0.247048 0.248221 0.249569 0.251063 0.252677 0.254384 0.256158 0.257970 0.269490 0.271805 0.274176 0.276566 0.278940 0.281259 0.283488 0.285588 0.293611 0.296028 0.298603 0.301282 0.304013 0.306743 0.309417 0.311983 0.322443 0.326732 0.331360 0.336207 0.341152 0.346075 0.350857 0.355376 0.369599 0.373017 0.376508 0.379979 0.383340 0.386500 0.389366 0.391848 0.390773 0.388352 0.385488 0.382223 0.378597 0.374651 0.370428 0.365968 0.331583 0.321548 0.311262 0.301067 0.291306 0.282321 0.274457 0.268056 0.293013 0.294205 0.295145 0.295946 0.296721 0.297584 0.298648 0.300027 0.328029 0.331071 0.333911 0.336560 0.339032 0.341338 0.343491 0.345502 0.356668 0.358732 0.360900 0.363167 0.365528 0.367979 0.370516 0.373134 0.393346 0.392357 0.390947 0.389297 0.387591 0.386010 0.384736 0.383953 0.407519 0.407525 0.406952 0.405888 0.404419 0.402633 0.400617 0.398458 0.386669 0.385264 0.383847 0.382392 0.380873 0.379262 0.377533 0.375659 0.356218 0.352757 0.349286 0.345858 0.342526 0.339344 0.336364 0.333641 0.326243 0.323569 0.320672 0.317613 0.314451 0.311248 0.308065 0.304961 0.290541 0.286457 0.282514 0.278926 0.275910 0.273680 0.272452 0.272442 0.324561 0.330560 0.336244 0.341627 0.346727 0.351557 0.356133 0.360471 0.385458 0.387787 0.389711 0.391202 0.392226 0.392755 0.392755 0.392197 0.370038 0.367004 0.363965 0.360909 0.357824 0.354696 0.351515 0.348266 0.322613 0.319619 0.316772 0.314066 0.311493 0.309046 0.306719 0.304506 0.291599 0.289864 0.288121 0.286358 0.284562 0.282721 0.280825 0.278859 0.262182 0.261028 0.260088 0.259331 0.258726 0.258242 0.257849 0.257515 0.254241 0.253196 0.252046 0.250805 0.249486 0.248102 0.246666 0.245191 0.234902 0.234736 0.234733 0.234838 0.234996 0.235152 0.235253 0.235243 0.227500 0.226414 0.225384 0.224428 0.223564 0.222808 0.222177 0.221690 0.223727 0.224018 0.224251 0.224408 0.224471 0.224419 0.224234 0.223898 0.215700 0.214889 0.214165 0.213526 0.212971 0.212499 0.212109 0.211800
0.211194 0.211232 0.211294 0.211387 0.211514 0.211680 0.211892 0.212152 0.215791 0.215843 0.215849 0.215831 0.215813 0.215819 0.215872 0.215996 0.220798 0.221217 0.221619 0.222021 0.222439 0.222890 0.223389 0.223955 0.231141 0.231689 0.232190 0.232666 0.233141 0.233639 0.234184 0.234800 0.243077 0.243822 0.244474 0.245038 0.245520 0.245926 0.246261 0.246530 0.247045 0.248257 0.249660 0.251222 0.252914 0.254702 0.256557 0.258448 0.270045 0.272344 0.274696 0.277064 0.279413 0.281706 0.283909 0.285984 0.293929 0.296414 0.299068 0.301836 0.304663 0.307493 0.310270 0.312938 0.323892 0.328453 0.333354 0.338458 0.343628 0.348729 0.353623 0.358174 0.368962 0.372646 0.376499 0.380398 0.384221 0.387845 0.391148 0.394009 0.391344 0.388961 0.386172 0.383009 0.379502 0.375685 0.371588 0.367243 0.332538 0.322548 0.312314 0.302176 0.292472 0.283540 0.275718 0.269345 0.293727 0.294617 0.295242 0.295732 0.296215 0.296818 0.297669 0.298898 0.328822 0.331844 0.334610 0.337138 0.339449 0.341560 0.343491 0.345262 0.354743 0.357259 0.359954 0.362790 0.365732 0.368742 0.371783 0.374818 0.392785 0.391739 0.390328 0.388729 0.387121 0.385684 0.384595 0.384035 0.409917 0.409862 0.409159 0.407906 0.406199 0.404137 0.401815 0.399331 0.385553 0.384595 0.383708 0.382832 0.381905 0.380868 0.379659 0.378218 0.356548 0.352944 0.349361 0.345848 0.342454 0.339229 0.336222 0.333482 0.325923 0.323360 0.320586 0.317655 0.314622 0.311538 0.308458 0.305436 0.290382 0.286452 0.282691 0.279302 0.276489 0.274458 0.273412 0.273556 0.325036 0.331225 0.337129 0.342752 0.348096 0.353163 0.357956 0.362478 0.386732 0.389449 0.391807 0.393749 0.395217 0.396155 0.396504 0.396207 0.371234 0.368270 0.365365 0.362489 0.359610 0.356699 0.353724 0.350656 0.323983 0.320887 0.317942 0.315138 0.312465 0.309914 0.307476 0.305141 0.290882 0.289464 0.288094 0.286736 0.285353 0.283911 0.282373 0.280704 0.262344 0.261192 0.260290 0.259599 0.259079 0.258690 0.258395 0.258152 0.254638 0.253688 0.252645 0.251514 0.250301 0.249014 0.247657 0.246238 0.235061 0.234842 0.234797 0.234873 0.235011 0.235157 0.235253 0.235243 0.227500 0.226244 0.225031 0.223889 0.222844 0.221922 0.221152 0.220559 0.223648 0.223964 0.224204 0.224353 0.224396 0.224318 0.224104 0.223739 0.215700 0.214895 0.214174 0.213536 0.212980 0.212506 0.212113 0.211800
0.211800 0.211709 0.211629 0.211573 0.211550 0.211573 0.211652 0.211800 0.215700 0.215757 0.215757 0.215723 0.215677 0.215643 0.215643 0.215700 0.219600 0.220064 0.220539 0.221038 0.221572 0.222152 0.222791 0.223500 0.231400 0.232018 0.232577 0.233101 0.233612 0.234133 0.234688 0.235300 0.243100 0.243909 0.244639 0.245291 0.245864 0.246357 0.246769 0.247100 0.247100 0.248326 0.249756 0.251358 0.253097 0.254940 0.256852 0.258800 0.270600 0.272879 0.275204 0.277539 0.279851 0.282104 0.284266 0.286300 0.294100 0.296635 0.299353 0.302198 0.305112 0.308039 0.310920 0.313700 0.325500 0.330294 0.335418 0.340725 0.346065 0.351290 0.356251 0.360800 0.368600 0.372514 0.376682 0.380953 0.385180 0.389212 0.392902 0.396100 0.392200 0.389848 0.387118 0.384032 0.380613 0.376887 0.372874 0.368600 0.333300 0.323371 0.313214 0.303160 0.293540 0.284686 0.276929 0.270600 0.294100 0.294759 0.295155 0.295425 0.295708 0.296139 0.296858 0.298000 0.329400 0.332422 0.335147 0.337596 0.339794 0.341762 0.343523 0.345100 0.352900 0.355857 0.359067 0.362462 0.365971 0.369527 0.373059 0.376500 0.392200 0.391140 0.389771 0.388264 0.386791 0.385525 0.384637 0.384300 0.411800 0.411695 0.410891 0.409491 0.407599 0.405318 0.402750 0.400000 0.384300 0.383753 0.383355 0.383015 0.382641 0.382141 0.381425 0.380400 0.356900 0.353164 0.349472 0.345871 0.342407 0.339126 0.336075 0.333300 0.325500 0.323056 0.320418 0.317629 0.314738 0.311789 0.308827 0.305900 0.290200 0.286401 0.282797 0.279582 0.276950 0.275097 0.274215 0.274500 0.325500 0.331913 0.338075 0.343972 0.349595 0.354931 0.359970 0.364700 0.388200 0.391246 0.393972 0.396299 0.398146 0.399432 0.400077 0.400000 0.372500 0.369583 0.366780 0.364048 0.361340 0.358609 0.355811 0.352900 0.325500 0.322313 0.319275 0.316372 0.313595 0.310932 0.308370 0.305900 0.290200 0.289064 0.288031 0.287044 0.286046 0.284977 0.283781 0.282400 0.262700 0.261544 0.260664 0.260015 0.259550 0.259223 0.258989 0.258800 0.254900 0.254027 0.253074 0.252041 0.250927 0.249732 0.248457 0.247100 0.235300 0.235035 0.234953 0.234998 0.235112 0.235239 0.235320 0.235300 0.227500 0.226100 0.224733 0.223433 0.222235 0.221173 0.220284 0.219600 0.223500 0.223830 0.224069 0.224205 0.224228 0.224125 0.223887 0.223500 0.215700 0.214904 0.214188 0.213551 0.212994 0.212516 0.212118 0.211800
0.211800 0.212300 0.212857 0.213449 0.214051 0.214643 0.215200 0.215700 0.215700 0.216792 0.217985 0.219225 0.220453 0.221613 0.222647 0.223500 0.219600 0.220466 0.221515 0.222690 0.223933 0.225187 0.226396 0.227500 0.227500 0.228501 0.229615 0.230797 0.232003 0.233185 0.234299 0.235300 0.235300 0.237314 0.239557 0.241937 0.244363 0.246743 0.248986 0.251000 0.251000 0.251043 0.251200 0.251506 0.251994 0.252700 0.253657 0.254900 0.274500 0.276666 0.278672 0.280518 0.282204 0.283730 0.285096 0.286300 0.290200 0.292130 0.294369 0.296905 0.299728 0.302825 0.306187 0.309800 0.341200 0.345539 0.349773 0.353882 0.357841 0.361629 0.365222 0.368600 0.384300 0.387725 0.391242 0.394781 0.398274 0.401654 0.404852 0.407800 0.415700 0.412661 0.408820 0.404258 0.399054 0.393290 0.387046 0.380400 0.329400 0.320240 0.311195 0.302460 0.294228 0.286694 0.280054 0.274500 0.282400 0.285257 0.288375 0.291698 0.295169 0.298731 0.302327 0.305900 0.325500 0.329849 0.334243 0.338568 0.342710 0.346555 0.349990 0.352900 0.349000 0.353697 0.359056 0.364861 0.370894 0.376940 0.382781 0.388200 0.396100 0.396308 0.396390 0.396379 0.396310 0.396218 0.396136 0.396100 0.400000 0.400105 0.400027 0.399744 0.399233 0.398471 0.397434 0.396100 0.376500 0.376032 0.375873 0.375931 0.376114 0.376331 0.376490 0.376500 0.364700 0.360498 0.356010 0.351351 0.346636 0.341980 0.337496 0.333300 0.321600 0.320100 0.318576 0.317004 0.315363 0.313631 0.311784 0.309800 0.290200 0.285571 0.281171 0.277229 0.273971 0.271629 0.270429 0.270600 0.329400 0.338714 0.347914 0.356886 0.365514 0.373686 0.381286 0.388200 0.407800 0.409697 0.411230 0.412352 0.413016 0.413176 0.412786 0.411800 0.384300 0.380109 0.375954 0.371869 0.367887 0.364042 0.360369 0.356900 0.341200 0.338217 0.335084 0.331814 0.328419 0.324910 0.321300 0.317600 0.290200 0.288345 0.286833 0.285606 0.284606 0.283777 0.283061 0.282400 0.274500 0.272960 0.271352 0.269687 0.267978 0.266236 0.264473 0.262700 0.251000 0.249634 0.248346 0.247137 0.246008 0.244958 0.243988 0.243100 0.239200 0.239325 0.239484 0.239632 0.239723 0.239712 0.239552 0.239200 0.227500 0.226634 0.225904 0.225286 0.224759 0.224300 0.223888 0.223500 0.219600 0.219543 0.219543 0.219577 0.219623 0.219657 0.219657 0.219600 0.215700 0.215052 0.214415 0.213801 0.213221 0.212687 0.212209 0.211800
0.212391 0.212900 0.213467 0.214067 0.214679 0.215279 0.215843 0.216348 0.216291 0.217264 0.218333 0.219449 0.220561 0.221622 0.222580 0.223386 0.220613 0.221498 0.222541 0.223689 0.224887 0.226081 0.227218 0.228243 0.227762 0.228784 0.229930 0.231152 0.232399 0.233622 0.234773 0.235800 0.235414 0.237433 0.239687 0.242080 0.244518 0.246905 0.249146 0.251148 0.250466 0.250695 0.251067 0.251600 0.252316 0.253233 0.254372 0.255753 0.273872 0.276081 0.278178 0.280158 0.282016 0.283746 0.285343 0.286800 0.292657 0.294340 0.296270 0.298460 0.300923 0.303669 0.306711 0.310062 0.343162 0.347349 0.351375 0.355232 0.358912 0.362406 0.365707 0.368805 0.384120 0.387943 0.391907 0.395922 0.399900 0.403751 0.407386 0.410715 0.417957 0.415022 0.411300 0.406861 0.401775 0.396110 0.389935 0.383318 0.330450 0.321416 0.312556 0.304051 0.296083 0.288832 0.282480 0.277209 0.285793 0.288834 0.292141 0.295653 0.299306 0.303039 0.306789 0.310493 0.329919 0.333821 0.337732 0.341562 0.345219 0.348613 0.351653 0.354248 0.352327 0.357143 0.362594 0.368467 0.374551 0.380633 0.386501 0.391941 0.400230 0.400992 0.401663 0.402247 0.402750 0.403176 0.403530 0.403817 0.404352 0.404174 0.403863 0.403395 0.402746 0.401892 0.400810 0.399478 0.381137 0.380480 0.380089 0.379889 0.379804 0.379761 0.379683 0.379496 0.368837 0.364846 0.360558 0.356078 0.351514 0.346972 0.342559 0.338380 0.324655 0.323203 0.321771 0.320323 0.318823 0.317234 0.315521 0.313648 0.293036 0.288322 0.283862 0.279889 0.276636 0.274334 0.273215 0.273513 0.334769 0.343386 0.351759 0.359818 0.367491 0.374709 0.381402 0.387499 0.407585 0.409579 0.411212 0.412439 0.413212 0.413485 0.413210 0.412341 0.385670 0.381394 0.377127 0.372909 0.368783 0.364790 0.360972 0.357370 0.341704 0.338689 0.335524 0.332223 0.328800 0.325271 0.321649 0.317950 0.291107 0.289211 0.287640 0.286341 0.285262 0.284349 0.283549 0.282809 0.274856 0.273205 0.271475 0.269685 0.267851 0.265990 0.264120 0.262257 0.250852 0.249570 0.248364 0.247232 0.246170 0.245175 0.244243 0.243371 0.238666 0.238752 0.238890 0.239035 0.239140 0.239159 0.239046 0.238757 0.227909 0.227038 0.226283 0.225628 0.225054 0.224544 0.224082 0.223648 0.219952 0.219810 0.219715 0.219650 0.219598 0.219544 0.219471 0.219361 0.216200 0.215569 0.214934 0.214310 0.213712 0.213153 0.212648 0.212209
0.213028 0.213537 0.214103 0.214704 0.215316 0.215915 0.216479 0.216985 0.216928 0.217744 0.218647 0.219597 0.220554 0.221478 0.222329 0.223068 0.221742 0.222637 0.223657 0.224756 0.225883 0.226993 0.228035 0.228961 0.228159 0.229195 0.230363 0.231610 0.232885 0.234136 0.235311 0.236357 0.235732 0.237729 0.239958 0.242324 0.244730 0.247080 0.249278 0.251227 0.249829 0.250287 0.250918 0.251727 0.252714 0.253885 0.255242 0.256787 0.273154 0.275407 0.277605 0.279736 0.281788 0.283750 0.285610 0.287357 0.295457 0.296885 0.298490 0.300310 0.302380 0.304737 0.307418 0.310459 0.344917 0.348953 0.352779 0.356398 0.359815 0.363032 0.366054 0.368884 0.383642 0.387897 0.392350 0.396885 0.401391 0.405754 0.409860 0.413596 0.419872 0.417063 0.413494 0.409221 0.404300 0.398786 0.392735 0.386202 0.331660 0.322681 0.313924 0.305563 0.297770 0.290718 0.284580 0.279529 0.289150 0.292333 0.295776 0.299415 0.303186 0.307025 0.310867 0.314650 0.334074 0.337447 0.340782 0.344018 0.347093 0.349944 0.352509 0.354727 0.355289 0.360176 0.365655 0.371523 0.377578 0.383615 0.389433 0.394827 0.403675 0.405013 0.406296 0.407498 0.408597 0.409566 0.410382 0.411019 0.408429 0.407945 0.407369 0.406680 0.405856 0.404876 0.403719 0.402363 0.385533 0.384674 0.384030 0.383544 0.383160 0.382820 0.382467 0.382045 0.372357 0.368617 0.364575 0.360326 0.355967 0.351594 0.347301 0.343186 0.327377 0.325961 0.324608 0.323270 0.321897 0.320442 0.318854 0.317085 0.295518 0.290747 0.286257 0.282283 0.279059 0.276819 0.275799 0.276232 0.339659 0.347551 0.355074 0.362200 0.368905 0.375162 0.380945 0.386227 0.407028 0.409139 0.410893 0.412243 0.413142 0.413544 0.413400 0.412663 0.386959 0.382622 0.378264 0.373932 0.369677 0.365546 0.361587 0.357850 0.341945 0.338890 0.335690 0.332362 0.328923 0.325389 0.321778 0.318107 0.292140 0.290213 0.288587 0.287214 0.286046 0.285034 0.284130 0.283287 0.275017 0.273251 0.271402 0.269494 0.267548 0.265586 0.263629 0.261699 0.250773 0.249596 0.248491 0.247451 0.246468 0.245534 0.244641 0.243781 0.238029 0.238062 0.238169 0.238304 0.238421 0.238474 0.238415 0.238199 0.228387 0.227494 0.226696 0.225980 0.225337 0.224754 0.224221 0.223727 0.220430 0.220205 0.220012 0.219842 0.219686 0.219533 0.219375 0.219202 0.216757 0.216143 0.215511 0.214880 0.214265 0.213684 0.213152 0.212687
0.213676 0.214180 0.214741 0.215336 0.215942 0.216537 0.217096 0.217599 0.217576 0.218209 0.218915 0.219669 0.220440 0.221201 0.221923 0.222579 0.222940 0.223834 0.224817 0.225848 0.226886 0.227890 0.228819 0.229633 0.228671 0.229714 0.230891 0.232151 0.233440 0.234705 0.235892 0.236949 0.236221 0.238170 0.240346 0.242650 0.244989 0.247266 0.249385 0.251250 0.249147 0.249858 0.250778 0.251889 0.253176 0.254626 0.256221 0.257947 0.272413 0.274709 0.277009 0.279296 0.281550 0.283756 0.285895 0.287949 0.298463 0.299639 0.300917 0.302358 0.304023 0.305973 0.308268 0.310971 0.346420 0.350315 0.353958 0.357363 0.360544 0.363513 0.366285 0.368873 0.382970 0.387665 0.392615 0.397680 0.402723 0.407605 0.412187 0.416330 0.421420 0.418752 0.415358 0.411279 0.406557 0.401231 0.395344 0.388937 0.332950 0.323930 0.315165 0.306828 0.299087 0.292114 0.286079 0.281152 0.292037 0.295317 0.298841 0.302546 0.306371 0.310252 0.314129 0.317937 0.337463 0.340249 0.342944 0.345520 0.347946 0.350193 0.352231 0.354030 0.357438 0.362343 0.367785 0.373573 0.379518 0.385430 0.391121 0.396399 0.405908 0.407822 0.409715 0.411535 0.413230 0.414746 0.416031 0.417032 0.411638 0.410841 0.409987 0.409058 0.408039 0.406911 0.405659 0.404265 0.389128 0.388066 0.387163 0.386382 0.385684 0.385030 0.384382 0.383702 0.374804 0.371342 0.367582 0.363606 0.359497 0.355339 0.351213 0.347204 0.329356 0.327963 0.326677 0.325435 0.324178 0.322843 0.321371 0.319699 0.297290 0.292499 0.288015 0.284071 0.280904 0.278746 0.277834 0.278401 0.343509 0.350732 0.357478 0.363761 0.369593 0.374991 0.379966 0.384534 0.406266 0.408500 0.410379 0.411853 0.412878 0.413407 0.413393 0.412790 0.388169 0.383793 0.379364 0.374939 0.370570 0.366313 0.362222 0.358350 0.341980 0.338878 0.335642 0.332291 0.328844 0.325320 0.321738 0.318117 0.293264 0.291316 0.289639 0.288191 0.286928 0.285807 0.284786 0.283821 0.275029 0.273147 0.271185 0.269168 0.267123 0.265075 0.263050 0.261074 0.250750 0.249694 0.248705 0.247770 0.246875 0.246008 0.245156 0.244307 0.237347 0.237314 0.237381 0.237501 0.237627 0.237713 0.237711 0.237574 0.228921 0.227994 0.227135 0.226341 0.225608 0.224934 0.224316 0.223750 0.220999 0.220695 0.220407 0.220132 0.219869 0.219614 0.219366 0.219122 0.217349 0.216752 0.216126 0.215490 0.214863 0.214263 0.213709 0.213221
0.214301 0.214798 0.215352 0.215939 0.216538 0.217126 0.217680 0.218179 0.218201 0.218632 0.219124 0.219660 0.220227 0.220809 0.221389 0.221954 0.224160 0.225046 0.225978 0.226926 0.227857 0.228740 0.229543 0.230235 0.229274 0.230316 0.231493 0.232753 0.234041 0.235306 0.236494 0.237551 0.236846 0.238729 0.240825 0.243041 0.245283 0.247458 0.249470 0.251227 0.248476 0.249451 0.250668 0.252091 0.253687 0.255422 0.257263 0.259175 0.271719 0.274051 0.276447 0.278882 0.281334 0.283779 0.286192 0.288551 0.301537 0.302476 0.303439 0.304511 0.305776 0.307318 0.309223 0.311574 0.347625 0.351396 0.354884 0.358109 0.361094 0.363857 0.366421 0.368805 0.382207 0.387322 0.392746 0.398317 0.403871 0.409246 0.414277 0.418802 0.422580 0.420058 0.416848 0.412978 0.408473 0.403359 0.397662 0.391408 0.334240 0.325056 0.316144 0.307678 0.299832 0.292782 0.286703 0.281770 0.294020 0.297348 0.300897 0.304608 0.308424 0.312287 0.316138 0.319920 0.339582 0.341750 0.343771 0.345650 0.347393 0.349004 0.350487 0.351847 0.358329 0.363195 0.368530 0.374160 0.379914 0.385621 0.391107 0.396201 0.406404 0.408868 0.411346 0.413760 0.416029 0.418075 0.419818 0.421180 0.413384 0.412285 0.411156 0.409987 0.408767 0.407485 0.406130 0.404692 0.391362 0.390109 0.388957 0.387888 0.386879 0.385912 0.384966 0.384021 0.375719 0.372555 0.369103 0.365430 0.361607 0.357702 0.353783 0.349919 0.330179 0.328802 0.327570 0.326412 0.325255 0.324029 0.322660 0.321079 0.297999 0.293231 0.288793 0.284915 0.281832 0.279774 0.278975 0.279666 0.345759 0.352452 0.358592 0.364224 0.369393 0.374143 0.378519 0.382566 0.405434 0.407786 0.409775 0.411359 0.412492 0.413130 0.413229 0.412745 0.389298 0.384905 0.380429 0.375930 0.371466 0.367098 0.362884 0.358884 0.341865 0.338712 0.335440 0.332071 0.328624 0.325120 0.321581 0.318026 0.294446 0.292485 0.290762 0.289239 0.287880 0.286645 0.285498 0.284401 0.274938 0.272943 0.270874 0.268759 0.266628 0.264510 0.262433 0.260426 0.250773 0.249849 0.248985 0.248163 0.247364 0.246570 0.245763 0.244926 0.236676 0.236568 0.236587 0.236685 0.236815 0.236930 0.236983 0.236926 0.229501 0.228528 0.227595 0.226707 0.225870 0.225091 0.224375 0.223727 0.221624 0.221251 0.220874 0.220500 0.220132 0.219777 0.219439 0.219122 0.217951 0.217375 0.216758 0.216122 0.215487 0.214875 0.214306 0.213801
0.214870 0.215362 0.215910 0.216491 0.217085 0.217668 0.218218 0.218713 0.218770 0.218991 0.219258 0.219571 0.219926 0.220322 0.220756 0.221226 0.225358 0.226224 0.227095 0.227947 0.228760 0.229512 0.230181 0.230745 0.229945 0.230979 0.232146 0.233392 0.234667 0.235918 0.237094 0.238143 0.237574 0.239374 0.241372 0.243478 0.245601 0.247651 0.249538 0.251171 0.247873 0.249107 0.250612 0.252338 0.254233 0.256245 0.258322 0.260415 0.271140 0.273497 0.275973 0.278540 0.281170 0.283832 0.286500 0.289143 0.304543 0.305269 0.305944 0.306673 0.307562 0.308716 0.310242 0.312245 0.348487 0.352158 0.355527 0.358619 0.361459 0.364072 0.366481 0.368714 0.381456 0.386942 0.392787 0.398805 0.404811 0.410619 0.416043 0.420898 0.423328 0.420948 0.417922 0.414261 0.409976 0.405080 0.399585 0.393502 0.335448 0.325956 0.316726 0.307945 0.299803 0.292485 0.286179 0.281073 0.294664 0.297989 0.301506 0.305163 0.308909 0.312692 0.316460 0.320164 0.339930 0.341473 0.342814 0.343992 0.345048 0.346020 0.346948 0.347871 0.357518 0.362281 0.367435 0.372829 0.378312 0.383731 0.388935 0.393773 0.404635 0.407602 0.410616 0.413574 0.416372 0.418910 0.421084 0.422791 0.413073 0.411699 0.410318 0.408924 0.407515 0.406085 0.404632 0.403151 0.391675 0.390255 0.388880 0.387546 0.386250 0.384989 0.383759 0.382557 0.374645 0.371787 0.368657 0.365310 0.361799 0.358178 0.354499 0.350816 0.329435 0.328068 0.326880 0.325791 0.324720 0.323587 0.322312 0.320813 0.297290 0.292596 0.288249 0.284476 0.281505 0.279564 0.278877 0.279674 0.345848 0.352233 0.358036 0.363318 0.368142 0.372567 0.376657 0.380473 0.404672 0.407117 0.409190 0.410849 0.412054 0.412766 0.412945 0.412549 0.390347 0.385959 0.381457 0.376905 0.372366 0.367904 0.363581 0.359463 0.341659 0.338452 0.335145 0.331760 0.328319 0.324844 0.321356 0.317878 0.295652 0.293684 0.291919 0.290326 0.288872 0.287523 0.286249 0.285015 0.274789 0.272688 0.270521 0.268320 0.266116 0.263940 0.261825 0.259801 0.250829 0.250043 0.249309 0.248605 0.247907 0.247191 0.246435 0.245613 0.236073 0.235885 0.235849 0.235918 0.236045 0.236182 0.236283 0.236301 0.230115 0.229087 0.228068 0.227076 0.226124 0.225229 0.224406 0.223671 0.222272 0.221841 0.221387 0.220923 0.220461 0.220012 0.219588 0.219202 0.218543 0.217988 0.217385 0.216755 0.216122 0.215505 0.214929 0.214415
0.215348 0.215839 0.216387 0.216969 0.217562 0.218145 0.218696 0.219191 0.219248 0.219260 0.219307 0.219398 0.219545 0.219759 0.220050 0.220430 0.226487 0.227324 0.228123 0.228871 0.229557 0.230172 0.230703 0.231141 0.230661 0.231682 0.232827 0.234048 0.235295 0.236518 0.237670 0.238700 0.238370 0.240076 0.241961 0.243942 0.245931 0.247843 0.249591 0.251091 0.247396 0.248866 0.250634 0.252634 0.254799 0.257061 0.259353 0.261608 0.270744 0.273110 0.275645 0.278315 0.281087 0.283931 0.286812 0.289700 0.307343 0.307892 0.308320 0.308750 0.309306 0.310110 0.311287 0.312961 0.348961 0.352565 0.355861 0.358876 0.361635 0.364164 0.366488 0.368634 0.380819 0.386601 0.392782 0.399155 0.405518 0.411666 0.417396 0.422502 0.423643 0.421392 0.418534 0.415069 0.410994 0.406309 0.401013 0.395104 0.336495 0.326522 0.316775 0.307464 0.298797 0.290984 0.284232 0.278753 0.293535 0.296803 0.300230 0.303773 0.307388 0.311032 0.314662 0.318235 0.338004 0.338941 0.339625 0.340128 0.340524 0.340884 0.341283 0.341791 0.354556 0.359148 0.364048 0.369126 0.374254 0.379305 0.384149 0.388659 0.400076 0.403475 0.406951 0.410380 0.413640 0.416610 0.419167 0.421189 0.410110 0.408509 0.406914 0.405329 0.403756 0.402200 0.400664 0.399151 0.389508 0.387957 0.386398 0.384841 0.383298 0.381780 0.380299 0.378865 0.371124 0.368570 0.365769 0.362758 0.359576 0.356260 0.352849 0.349381 0.326713 0.325351 0.324197 0.323164 0.322164 0.321110 0.319914 0.318491 0.294809 0.290245 0.286041 0.282415 0.279587 0.277775 0.277196 0.278070 0.343215 0.349598 0.355429 0.360769 0.365676 0.370210 0.374432 0.378401 0.404115 0.406618 0.408728 0.410413 0.411638 0.412371 0.412579 0.412227 0.391314 0.386953 0.382447 0.377865 0.373273 0.368736 0.364322 0.360097 0.341418 0.338157 0.334817 0.331420 0.327989 0.324547 0.321117 0.317721 0.296848 0.294878 0.293077 0.291419 0.289875 0.288418 0.287019 0.285652 0.274627 0.272431 0.270178 0.267903 0.265639 0.263418 0.261276 0.259243 0.250909 0.250258 0.249656 0.249072 0.248478 0.247845 0.247144 0.246346 0.235596 0.235324 0.235227 0.235260 0.235374 0.235524 0.235663 0.235743 0.230752 0.229660 0.228549 0.227444 0.226371 0.225354 0.224419 0.223591 0.222909 0.222434 0.221919 0.221381 0.220838 0.220309 0.219810 0.219361 0.219100 0.218571 0.217987 0.217372 0.216748 0.216138 0.215565 0.215052
0.215700 0.216200 0.216757 0.217349 0.217951 0.218543 0.219100 0.219600 0.219600 0.219416 0.219255 0.219139 0.219093 0.219139 0.219301 0.219600 0.227500 0.228300 0.229018 0.229655 0.230212 0.230688 0.231084 0.231400 0.231400 0.232401 0.233515 0.234697 0.235903 0.237085 0.238199 0.239200 0.239200 0.240805 0.242570 0.244416 0.246262 0.248028 0.249634 0.251000 0.247100 0.248769 0.250757 0.252984 0.255371 0.257839 0.260308 0.262700 0.270600 0.272957 0.275518 0.278250 0.281118 0.284088 0.287127 0.290200 0.309800 0.310220 0.310457 0.310648 0.310930 0.311441 0.312319 0.313700 0.349000 0.352577 0.355857 0.358862 0.361616 0.364141 0.366462 0.368600 0.380400 0.386376 0.392774 0.399377 0.405968 0.412330 0.418246 0.423500 0.423500 0.421357 0.418642 0.415345 0.411454 0.406958 0.401843 0.396100 0.337300 0.326649 0.316157 0.306065 0.296613 0.288041 0.280590 0.274500 0.290200 0.293352 0.296630 0.299999 0.303424 0.306872 0.310309 0.313700 0.333300 0.333677 0.333756 0.333642 0.333436 0.333242 0.333162 0.333300 0.349000 0.353348 0.357913 0.362593 0.367285 0.371885 0.376291 0.380400 0.392200 0.395937 0.399776 0.403579 0.407210 0.410532 0.413408 0.415700 0.403900 0.402136 0.400385 0.398658 0.396965 0.395317 0.393725 0.392200 0.384300 0.382669 0.380981 0.379260 0.377528 0.375809 0.374125 0.372500 0.364700 0.362438 0.359959 0.357284 0.354438 0.351443 0.348323 0.345100 0.321600 0.320244 0.319115 0.318123 0.317177 0.316185 0.315056 0.313700 0.290200 0.285831 0.281827 0.278394 0.275739 0.274067 0.273586 0.274500 0.337300 0.344070 0.350392 0.356302 0.361833 0.367020 0.371898 0.376500 0.403900 0.406409 0.408497 0.410140 0.411315 0.411999 0.412169 0.411800 0.392200 0.387886 0.383401 0.378812 0.374188 0.369599 0.365114 0.360800 0.341200 0.337887 0.334515 0.331109 0.327691 0.324285 0.320913 0.317600 0.298000 0.296032 0.294201 0.292485 0.290860 0.289303 0.287791 0.286300 0.274500 0.272221 0.269896 0.267561 0.265249 0.262996 0.260834 0.258800 0.251000 0.250479 0.250004 0.249539 0.249051 0.248504 0.247866 0.247100 0.235300 0.234944 0.234783 0.234771 0.234862 0.235011 0.235173 0.235300 0.231400 0.230239 0.229031 0.227810 0.226612 0.225471 0.224422 0.223500 0.223500 0.223000 0.222443 0.221851 0.221249 0.220657 0.220100 0.219600 0.219600 0.219100 0.218543 0.217951 0.217349 0.216757 0.216200 0.215700
0.211800 0.212892 0.214085 0.215325 0.216553 0.217713 0.218747 0.219600 0.215700 0.215277 0.214957 0.214762 0.214716 0.214841 0.215162 0.215700 0.227500 0.227765 0.227847 0.227802 0.227688 0.227561 0.227480 0.227500 0.235300 0.236005 0.236642 0.237222 0.237756 0.238256 0.238734 0.239200 0.243100 0.244170 0.245299 0.246462 0.247638 0.248801 0.249930 0.251000 0.254900 0.255589 0.256381 0.257299 0.258366 0.259607 0.261044 0.262700 0.282400 0.283781 0.284977 0.286045 0.287044 0.288031 0.289064 0.290200 0.305900 0.307630 0.309301 0.310938 0.312562 0.314199 0.315870 0.317600 0.333300 0.338464 0.343983 0.349730 0.355580 0.361409 0.367091 0.372500 0.392200 0.394357 0.396350 0.398182 0.399852 0.401362 0.402711 0.403900 0.407800 0.405031 0.401601 0.397565 0.392980 0.387903 0.382391 0.376500 0.329400 0.306396 0.281827 0.256526 0.231329 0.207069 0.184581 0.164700 0.168600 0.169064 0.169539 0.170038 0.170572 0.171152 0.171791 0.172500 0.180400 0.180242 0.180003 0.179764 0.179603 0.179603 0.179841 0.180400 0.200000 0.200152 0.199915 0.199381 0.198641 0.197787 0.196910 0.196100 0.200000 0.201480 0.203086 0.204784 0.206539 0.208316 0.210082 0.211800 0.219600 0.219987 0.220225 0.220328 0.220305 0.220169 0.219930 0.219600 0.215700 0.215918 0.216159 0.216365 0.216480 0.216445 0.216204 0.215700 0.200000 0.198589 0.197315 0.196156 0.195089 0.194089 0.193134 0.192200 0.184300 0.183184 0.182070 0.180957 0.179843 0.178730 0.177616 0.176500 0.168600 0.167982 0.167423 0.166899 0.166388 0.165867 0.165312 0.164700 0.156900 0.184270 0.215159 0.248369 0.282698 0.316947 0.349914 0.380400 0.423500 0.423392 0.422268 0.420310 0.417701 0.414624 0.411263 0.407800 0.396100 0.392677 0.388989 0.385094 0.381050 0.376915 0.372745 0.368600 0.345100 0.341652 0.338215 0.334801 0.331421 0.328087 0.324809 0.321600 0.302000 0.300019 0.298174 0.296443 0.294802 0.293230 0.291704 0.290200 0.278400 0.276212 0.273967 0.271688 0.269399 0.267123 0.264882 0.262700 0.251000 0.250741 0.250663 0.250710 0.250824 0.250949 0.251027 0.251000 0.243100 0.242391 0.241753 0.241172 0.240638 0.240139 0.239664 0.239200 0.235300 0.233639 0.231873 0.230062 0.228261 0.226529 0.224923 0.223500 0.223500 0.223591 0.223671 0.223727 0.223750 0.223727 0.223648 0.223500 0.219600 0.219452 0.219373 0.219350 0.219373 0.219429 0.219509 0.219600
0.211652 0.212754 0.213962 0.215219 0.216468 0.217652 0.218715 0.219600 0.216052 0.215729 0.215507 0.215403 0.215438 0.215629 0.215994 0.216553 0.227409 0.227638 0.227696 0.227635 0.227508 0.227368 0.227268 0.227261 0.234265 0.235099 0.235893 0.236648 0.237365 0.238044 0.238686 0.239291 0.242563 0.243676 0.244869 0.246115 0.247387 0.248659 0.249902 0.251091 0.255605 0.256384 0.257259 0.258250 0.259380 0.260668 0.262136 0.263804 0.282847 0.283947 0.284855 0.285643 0.286382 0.287143 0.287998 0.289017 0.306753 0.308472 0.310096 0.311663 0.313208 0.314768 0.316380 0.318079 0.335492 0.340339 0.345474 0.350797 0.356208 0.361606 0.366892 0.371963 0.393057 0.394901 0.396553 0.398044 0.399408 0.400678 0.401886 0.403066 0.413299 0.406369 0.398202 0.389088 0.379314 0.369166 0.358934 0.348904 0.308514 0.288143 0.266369 0.243941 0.221610 0.200125 0.180234 0.162687 0.168429 0.168782 0.169093 0.169385 0.169682 0.170010 0.170392 0.170853 0.178353 0.178975 0.179594 0.180244 0.180961 0.181783 0.182745 0.183882 0.199793 0.201235 0.202487 0.203557 0.204448 0.205169 0.205725 0.206122 0.204969 0.207513 0.210273 0.213181 0.216167 0.219165 0.222107 0.224923 0.235437 0.238375 0.241316 0.244142 0.246736 0.248978 0.250751 0.251935 0.233815 0.231850 0.229961 0.228119 0.226297 0.224470 0.222608 0.220687 0.203262 0.201509 0.199883 0.198365 0.196935 0.195575 0.194265 0.192986 0.183301 0.181968 0.180649 0.179346 0.178059 0.176790 0.175539 0.174308 0.166289 0.165761 0.165290 0.164846 0.164396 0.163907 0.163348 0.162687 0.152486 0.176039 0.202916 0.232142 0.262740 0.293736 0.324151 0.353012 0.429506 0.430054 0.428915 0.426393 0.422791 0.418410 0.413555 0.408528 0.393959 0.390823 0.387510 0.384049 0.380469 0.376798 0.373067 0.369303 0.344475 0.341067 0.337709 0.334406 0.331163 0.327985 0.324877 0.321845 0.303152 0.301152 0.299261 0.297460 0.295728 0.294047 0.292396 0.290757 0.277957 0.275868 0.273755 0.271629 0.269505 0.267395 0.265312 0.263270 0.251225 0.250840 0.250636 0.250563 0.250569 0.250604 0.250617 0.250557 0.243818 0.242988 0.242193 0.241434 0.240710 0.240022 0.239371 0.238757 0.235539 0.233966 0.232278 0.230530 0.228775 0.227067 0.225462 0.224013 0.222815 0.222955 0.223118 0.223287 0.223442 0.223566 0.223641 0.223648 0.220282 0.220086 0.219941 0.219840 0.219777 0.219746 0.219738 0.219748
0.211573 0.212674 0.213883 0.215145 0.216403 0.217603 0.218687 0.219600 0.216530 0.216322 0.216212 0.216212 0.216337 0.216598 0.217011 0.217587 0.227329 0.227530 0.227575 0.227510 0.227383 0.227242 0.227132 0.227102 0.233071 0.234046 0.235016 0.235968 0.236892 0.237775 0.238605 0.239371 0.241924 0.243089 0.244359 0.245701 0.247086 0.248480 0.249852 0.251171 0.256242 0.257137 0.258125 0.259221 0.260441 0.261802 0.263321 0.265013 0.283088 0.283903 0.284528 0.285047 0.285544 0.286103 0.286809 0.287744 0.307787 0.309472 0.311021 0.312486 0.313921 0.315378 0.316911 0.318571 0.338210 0.342679 0.347352 0.352160 0.357031 0.361896 0.366684 0.371324 0.393775 0.395387 0.396780 0.398016 0.399154 0.400255 0.401379 0.402587 0.418434 0.407006 0.393749 0.379195 0.363876 0.348323 0.333068 0.318642 0.285536 0.268367 0.250012 0.231115 0.212316 0.194256 0.177579 0.162925 0.170910 0.171217 0.171427 0.171575 0.171699 0.171836 0.172022 0.172294 0.179712 0.181203 0.182771 0.184405 0.186096 0.187831 0.189602 0.191398 0.203793 0.206844 0.209943 0.213001 0.215926 0.218629 0.221018 0.223004 0.218009 0.221740 0.225781 0.230026 0.234369 0.238704 0.242926 0.246929 0.259929 0.265568 0.271378 0.277100 0.282478 0.287251 0.291164 0.293956 0.260458 0.255858 0.251360 0.246980 0.242737 0.238649 0.234735 0.231011 0.211817 0.209542 0.207360 0.205261 0.203238 0.201283 0.199387 0.197543 0.185379 0.183799 0.182256 0.180751 0.179283 0.177852 0.176457 0.175097 0.166540 0.166018 0.165559 0.165128 0.164686 0.164196 0.163622 0.162925 0.151525 0.170418 0.192329 0.216554 0.242389 0.269130 0.296073 0.322514 0.434392 0.435833 0.434900 0.432013 0.427593 0.422060 0.415835 0.409338 0.391555 0.388718 0.385801 0.382802 0.379718 0.376547 0.373288 0.369937 0.343758 0.340388 0.337107 0.333914 0.330809 0.327790 0.324857 0.322008 0.304348 0.302331 0.300393 0.298517 0.296687 0.294887 0.293102 0.291314 0.277399 0.275420 0.273450 0.271493 0.269551 0.267626 0.265722 0.263841 0.251541 0.251006 0.250648 0.250423 0.250289 0.250202 0.250120 0.249999 0.244469 0.243513 0.242556 0.241610 0.240688 0.239803 0.238969 0.238199 0.235698 0.234236 0.232648 0.230984 0.229296 0.227633 0.226046 0.224585 0.222097 0.222276 0.222513 0.222786 0.223068 0.223336 0.223564 0.223727 0.220999 0.220745 0.220522 0.220328 0.220163 0.220026 0.219914 0.219827
0.211550 0.212641 0.213842 0.215099 0.216357 0.217563 0.218662 0.219600 0.217099 0.217016 0.217027 0.217138 0.217358 0.217694 0.218154 0.218747 0.227273 0.227452 0.227493 0.227435 0.227319 0.227185 0.227072 0.227022 0.231798 0.232915 0.234066 0.235224 0.236364 0.237462 0.238491 0.239427 0.241241 0.242460 0.243810 0.245253 0.246753 0.248273 0.249777 0.251227 0.256822 0.257851 0.258970 0.260189 0.261517 0.262966 0.264546 0.266267 0.283157 0.283694 0.284050 0.284319 0.284598 0.284982 0.285567 0.286448 0.308947 0.310583 0.312038 0.313384 0.314690 0.316028 0.317470 0.319086 0.341261 0.345317 0.349482 0.353719 0.357991 0.362260 0.366490 0.370641 0.394378 0.395842 0.397066 0.398131 0.399118 0.400107 0.401179 0.402415 0.422437 0.406403 0.387968 0.367908 0.346996 0.326006 0.305714 0.286894 0.261417 0.247842 0.233339 0.218425 0.203618 0.189438 0.176401 0.165028 0.175496 0.175818 0.175992 0.176064 0.176084 0.176099 0.176158 0.176308 0.183963 0.186370 0.188936 0.191605 0.194320 0.197026 0.199666 0.202183 0.211646 0.216572 0.221814 0.227178 0.232472 0.237502 0.242077 0.246002 0.239111 0.244074 0.249442 0.255069 0.260809 0.266518 0.272050 0.277258 0.292447 0.300801 0.309499 0.318142 0.326328 0.333656 0.339727 0.344140 0.294955 0.287322 0.279777 0.272400 0.265271 0.258470 0.252076 0.246171 0.225197 0.222198 0.219230 0.216305 0.213433 0.210624 0.207891 0.205243 0.190007 0.188163 0.186389 0.184680 0.183032 0.181442 0.179903 0.178413 0.168952 0.168362 0.167846 0.167365 0.166882 0.166357 0.165752 0.165028 0.153387 0.167060 0.183361 0.201886 0.222235 0.244005 0.266793 0.290198 0.437517 0.440082 0.439610 0.436628 0.431664 0.425244 0.417897 0.410150 0.389025 0.386491 0.383977 0.381449 0.378872 0.376214 0.373440 0.370516 0.343019 0.339678 0.336464 0.333372 0.330395 0.327526 0.324760 0.322090 0.305554 0.303524 0.301540 0.299589 0.297660 0.295738 0.293813 0.291871 0.276774 0.274907 0.273087 0.271307 0.269557 0.267831 0.266119 0.264414 0.251961 0.251257 0.250722 0.250320 0.250018 0.249782 0.249579 0.249374 0.245064 0.243982 0.242860 0.241726 0.240604 0.239521 0.238502 0.237574 0.235778 0.234440 0.232969 0.231409 0.229805 0.228204 0.226651 0.225191 0.221391 0.221597 0.221898 0.222264 0.222662 0.223064 0.223436 0.223750 0.221703 0.221388 0.221082 0.220789 0.220514 0.220263 0.220040 0.219850
0.211573 0.212646 0.213831 0.215075 0.216327 0.217533 0.218641 0.219600 0.217724 0.217772 0.217907 0.218131 0.218448 0.218859 0.219367 0.219975 0.227250 0.227415 0.227459 0.227416 0.227318 0.227198 0.227089 0.227022 0.230524 0.231776 0.233100 0.234457 0.235809 0.237118 0.238344 0.239450 0.240569 0.241840 0.243264 0.244800 0.246409 0.248047 0.249675 0.251250 0.257356 0.258527 0.259784 0.261132 0.262575 0.264116 0.265760 0.267511 0.283088 0.283366 0.283476 0.283522 0.283612 0.283850 0.284343 0.285197 0.310175 0.311757 0.313112 0.314330 0.315502 0.316716 0.318065 0.319636 0.344449 0.348082 0.351726 0.355376 0.359029 0.362682 0.366330 0.369969 0.394889 0.396297 0.397444 0.398423 0.399326 0.400246 0.401276 0.402507 0.424542 0.404021 0.380590 0.355249 0.329001 0.302849 0.277794 0.254838 0.237104 0.227341 0.216927 0.206249 0.195692 0.185642 0.176484 0.168605 0.181637 0.182034 0.182239 0.182308 0.182299 0.182269 0.182277 0.182380 0.190592 0.193919 0.197487 0.201197 0.204950 0.208646 0.212186 0.215472 0.222997 0.230015 0.237633 0.245555 0.253485 0.261129 0.268190 0.274373 0.268262 0.274427 0.281088 0.288059 0.295155 0.302193 0.308986 0.315350 0.332362 0.343308 0.354769 0.366207 0.377084 0.386862 0.395002 0.400968 0.336631 0.325619 0.314631 0.303828 0.293370 0.283416 0.274127 0.265662 0.242934 0.238986 0.234980 0.230956 0.226953 0.223009 0.219164 0.215457 0.196659 0.194545 0.192542 0.190638 0.188823 0.187085 0.185413 0.183797 0.173125 0.172401 0.171765 0.171181 0.170609 0.170015 0.169359 0.168605 0.157445 0.165620 0.175974 0.188419 0.202868 0.219232 0.237424 0.257357 0.438241 0.442155 0.442436 0.439699 0.434559 0.427632 0.419535 0.410883 0.386508 0.384271 0.382151 0.380084 0.378005 0.375850 0.373553 0.371050 0.342326 0.338999 0.335836 0.332824 0.329954 0.327216 0.324598 0.322090 0.306736 0.304699 0.302674 0.300653 0.298627 0.296587 0.294524 0.292429 0.276126 0.274370 0.272701 0.271099 0.269546 0.268022 0.266508 0.264986 0.252494 0.251610 0.250880 0.250282 0.249790 0.249383 0.249036 0.248726 0.245614 0.244408 0.243127 0.241808 0.240491 0.239212 0.238011 0.236926 0.235778 0.234573 0.233229 0.231785 0.230281 0.228757 0.227253 0.225809 0.220742 0.220965 0.221316 0.221759 0.222258 0.222777 0.223278 0.223727 0.222352 0.221976 0.221587 0.221196 0.220814 0.220452 0.220119 0.219827
0.211629 0.212681 0.213844 0.215071 0.216309 0.217511 0.218624 0.219600 0.218372 0.218549 0.218806 0.219142 0.219553 0.220037 0.220592 0.221215 0.227273 0.227428 0.227482 0.227459 0.227384 0.227283 0.227181 0.227102 0.229331 0.230698 0.232175 0.233710 0.235254 0.236756 0.238164 0.239427 0.239967 0.241278 0.242762 0.244375 0.246074 0.247811 0.249544 0.251227 0.257856 0.259165 0.260557 0.262030 0.263581 0.265209 0.266912 0.268685 0.282916 0.282964 0.282860 0.282717 0.282652 0.282777 0.283208 0.284060 0.311415 0.312944 0.314204 0.315302 0.316345 0.317442 0.318702 0.320231 0.347581 0.350807 0.353948 0.357031 0.360087 0.363142 0.366226 0.369367 0.395331 0.396782 0.397949 0.398926 0.399808 0.400687 0.401659 0.402815 0.423982 0.399322 0.371341 0.341241 0.310222 0.279483 0.250227 0.223652 0.213547 0.207635 0.201358 0.194967 0.188712 0.182843 0.177612 0.173269 0.188784 0.189315 0.189620 0.189761 0.189805 0.189816 0.189858 0.189996 0.199084 0.203295 0.207825 0.212539 0.217299 0.221970 0.226415 0.230498 0.237493 0.246767 0.256933 0.267596 0.278364 0.288846 0.298647 0.307376 0.305452 0.312714 0.320553 0.328746 0.337073 0.345312 0.353243 0.360644 0.379045 0.392323 0.406274 0.420236 0.433544 0.445536 0.455548 0.462918 0.384814 0.370130 0.355344 0.340717 0.326507 0.312975 0.300380 0.288983 0.264558 0.259417 0.254097 0.248676 0.243234 0.237848 0.232596 0.227557 0.204809 0.202432 0.200213 0.198133 0.196171 0.194307 0.192522 0.190794 0.178658 0.177745 0.176935 0.176196 0.175494 0.174794 0.174063 0.173269 0.163069 0.165750 0.170131 0.176433 0.184877 0.195685 0.209080 0.225282 0.435923 0.441405 0.442766 0.440683 0.435833 0.428894 0.420543 0.411456 0.384139 0.382184 0.380437 0.378803 0.377191 0.375507 0.373658 0.371550 0.341746 0.338414 0.335275 0.332315 0.329522 0.326881 0.324381 0.322008 0.307860 0.305824 0.303767 0.301684 0.299570 0.297420 0.295226 0.292986 0.275501 0.273852 0.272328 0.270899 0.269538 0.268213 0.266896 0.265559 0.253155 0.252082 0.251147 0.250337 0.249640 0.249043 0.248534 0.248101 0.246129 0.244808 0.243376 0.241883 0.240379 0.238914 0.237538 0.236301 0.235698 0.234629 0.233418 0.232098 0.230703 0.229269 0.227828 0.226415 0.220197 0.220425 0.220810 0.221312 0.221889 0.222502 0.223109 0.223671 0.222897 0.222467 0.222004 0.221526 0.221047 0.220585 0.220154 0.219771
0.211709 0.212735 0.213874 0.215079 0.216302 0.217495 0.218610 0.219600 0.219009 0.219307 0.219680 0.220120 0.220620 0.221173 0.221771 0.222408 0.227352 0.227504 0.227571 0.227570 0.227522 0.227442 0.227349 0.227261 0.228296 0.229750 0.231347 0.233026 0.234727 0.236388 0.237949 0.239348 0.239492 0.240825 0.242346 0.244009 0.245768 0.247575 0.249384 0.251148 0.258334 0.259767 0.261278 0.262860 0.264504 0.266203 0.267949 0.269734 0.282675 0.282533 0.282256 0.281967 0.281786 0.281834 0.282233 0.283105 0.312608 0.314098 0.315278 0.316274 0.317208 0.318204 0.319388 0.320882 0.350463 0.353322 0.356011 0.358586 0.361105 0.363624 0.366201 0.368892 0.395727 0.397326 0.398614 0.399674 0.400590 0.401443 0.402317 0.403295 0.419990 0.391765 0.359952 0.325907 0.290985 0.256542 0.223933 0.194513 0.191696 0.189499 0.187213 0.184956 0.182850 0.181014 0.179567 0.178630 0.196388 0.197110 0.197584 0.197879 0.198064 0.198207 0.198376 0.198641 0.208925 0.213941 0.219349 0.224984 0.230681 0.236275 0.241602 0.246496 0.254778 0.266422 0.279245 0.292766 0.306508 0.319991 0.332736 0.344265 0.350668 0.358848 0.367670 0.376880 0.386229 0.395463 0.404331 0.412581 0.431867 0.447081 0.463104 0.479168 0.494506 0.508347 0.519924 0.528469 0.438828 0.420234 0.401336 0.382515 0.364153 0.346631 0.330329 0.315630 0.289603 0.283000 0.276064 0.268924 0.261710 0.254551 0.247576 0.240914 0.213931 0.211308 0.208899 0.206671 0.204593 0.202635 0.200763 0.198948 0.185150 0.184001 0.182971 0.182033 0.181159 0.180319 0.179485 0.178630 0.169630 0.167105 0.165794 0.166208 0.168853 0.174239 0.182873 0.195266 0.429923 0.437184 0.439989 0.439041 0.435044 0.428701 0.420715 0.411789 0.382058 0.380360 0.378947 0.377701 0.376503 0.375238 0.373786 0.372030 0.341348 0.337985 0.334837 0.331890 0.329131 0.326546 0.324122 0.321845 0.308893 0.306867 0.304789 0.302657 0.300470 0.298223 0.295915 0.293543 0.274943 0.273392 0.272002 0.270735 0.269552 0.268416 0.267288 0.266130 0.253952 0.252690 0.251545 0.250516 0.249602 0.248802 0.248116 0.247543 0.246621 0.245195 0.243627 0.241975 0.240301 0.238664 0.237125 0.235743 0.235539 0.234602 0.233522 0.232329 0.231051 0.229716 0.228351 0.226987 0.219801 0.220022 0.220422 0.220959 0.221589 0.222266 0.222948 0.223591 0.223295 0.222822 0.222301 0.221753 0.221197 0.220655 0.220146 0.219691
0.211800 0.212801 0.213915 0.215097 0.216303 0.217485 0.218599 0.219600 0.219600 0.220007 0.220483 0.221015 0.221595 0.222209 0.222848 0.223500 0.227500 0.227652 0.227733 0.227757 0.227733 0.227675 0.227593 0.227500 0.227500 0.229001 0.230672 0.232446 0.234254 0.236028 0.237699 0.239200 0.239200 0.240532 0.242058 0.243733 0.245511 0.247346 0.249191 0.251000 0.258800 0.260334 0.261938 0.263601 0.265310 0.267054 0.268821 0.270600 0.282400 0.282117 0.281719 0.281332 0.281080 0.281091 0.281489 0.282400 0.313700 0.315170 0.316298 0.317222 0.318078 0.319002 0.320130 0.321600 0.352900 0.355459 0.357779 0.359941 0.362024 0.364108 0.366274 0.368600 0.396100 0.397959 0.399473 0.400701 0.401699 0.402527 0.403241 0.403900 0.411800 0.380811 0.346150 0.309269 0.271621 0.234659 0.199834 0.168600 0.172500 0.173704 0.175070 0.176596 0.178282 0.180128 0.182134 0.184300 0.203900 0.204868 0.205584 0.206118 0.206537 0.206912 0.207310 0.207800 0.219600 0.225301 0.231458 0.237889 0.244411 0.250842 0.256999 0.262700 0.274500 0.288575 0.304102 0.320531 0.337314 0.353902 0.369747 0.384300 0.403900 0.412742 0.422271 0.432211 0.442289 0.452229 0.461758 0.470600 0.490200 0.506816 0.524346 0.541945 0.558767 0.573964 0.586690 0.596100 0.498000 0.475309 0.452026 0.428674 0.405781 0.383870 0.363468 0.345100 0.317600 0.309247 0.300369 0.291161 0.281816 0.272529 0.263492 0.254900 0.223500 0.220660 0.218094 0.215759 0.213607 0.211593 0.209673 0.207800 0.192200 0.190777 0.189490 0.188315 0.187230 0.186215 0.185245 0.184300 0.176500 0.169337 0.162927 0.158024 0.155386 0.155765 0.159918 0.168600 0.419600 0.428845 0.433494 0.434233 0.431747 0.426722 0.419845 0.411800 0.380400 0.378926 0.377796 0.376871 0.376016 0.375094 0.373967 0.372500 0.341200 0.337775 0.334577 0.331595 0.328818 0.326234 0.323831 0.321600 0.309800 0.307796 0.305712 0.303549 0.301306 0.298984 0.296582 0.294100 0.274500 0.273032 0.271758 0.270634 0.269611 0.268646 0.267691 0.266700 0.254900 0.253452 0.252097 0.250846 0.249709 0.248699 0.247825 0.247100 0.247100 0.245586 0.243901 0.242112 0.240288 0.238499 0.236814 0.235300 0.235300 0.234484 0.233531 0.232463 0.231304 0.230076 0.228800 0.227500 0.219600 0.219801 0.220197 0.220742 0.221391 0.222097 0.222815 0.223500 0.223500 0.223000 0.222443 0.221851 0.221249 0.220657 0.220100 0.219600
0.211800 0.212801 0.213915 0.215097 0.216303 0.217485 0.218599 0.219600 0.219600 0.219916 0.220312 0.220788 0.221345 0.221982 0.222700 0.223500 0.231400 0.231608 0.231690 0.231679 0.231610 0.231518 0.231436 0.231400 0.235300 0.235173 0.235011 0.234862 0.234771 0.234783 0.234944 0.235300 0.247100 0.247183 0.247106 0.246947 0.246787 0.246706 0.246784 0.247100 0.262700 0.263438 0.264008 0.264476 0.264912 0.265382 0.265956 0.266700 0.282400 0.283448 0.284403 0.285334 0.286311 0.287401 0.288675 0.290200 0.313700 0.316329 0.318811 0.321156 0.323376 0.325483 0.327487 0.329400 0.341200 0.345627 0.350432 0.355509 0.360758 0.366075 0.371356 0.376500 0.400000 0.407379 0.413775 0.418525 0.420965 0.420433 0.416266 0.407800 0.172500 0.163729 0.159178 0.158183 0.160082 0.164210 0.169904 0.176500 0.192200 0.193614 0.194889 0.196050 0.197118 0.198117 0.199070 0.200000 0.207800 0.211892 0.216453 0.221392 0.226618 0.232039 0.237564 0.243100 0.274500 0.278108 0.282183 0.286956 0.292655 0.299509 0.307748 0.317600 0.451000 0.479515 0.510086 0.542612 0.576988 0.613114 0.650885 0.690200 1.000000 1.000000 1.000000 1.000000 1.000000 1.000000 1.000000 1.000000 1.000000 1.000000 1.000000 1.000000 1.000000 1.000000 1.000000 1.000000 1.000000 0.947904 0.889715 0.827740 0.764292 0.701679 0.642212 0.588200 0.556900 0.526388 0.492763 0.457159 0.420708 0.384543 0.349796 0.317600 0.258800 0.256212 0.254459 0.253335 0.252633 0.252147 0.251671 0.251000 0.223500 0.219900 0.216382 0.212945 0.209588 0.206312 0.203116 0.200000 0.180400 0.180433 0.180831 0.181480 0.182265 0.183073 0.183790 0.184300 0.172500 0.200827 0.232609 0.266495 0.301137 0.335185 0.367289 0.396100 0.392200 0.390589 0.388748 0.386689 0.384423 0.381962 0.379317 0.376500 0.352900 0.347659 0.342294 0.336918 0.331647 0.326594 0.321873 0.317600 0.309800 0.308448 0.307003 0.305454 0.303791 0.302001 0.300075 0.298000 0.278400 0.276748 0.275313 0.274073 0.273005 0.272085 0.271291 0.270600 0.266700 0.264538 0.262216 0.259813 0.257410 0.255086 0.252923 0.251000 0.251000 0.249668 0.248142 0.246466 0.244689 0.242854 0.241009 0.239200 0.231400 0.230604 0.229888 0.229251 0.228694 0.228216 0.227818 0.227500 0.227500 0.227169 0.226757 0.226264 0.225691 0.225039 0.224309 0.223500 0.215700 0.215905 0.216303 0.216848 0.217496 0.218201 0.218918 0.219600
0.212391 0.213240 0.214188 0.215198 0.216232 0.217252 0.218220 0.219100 0.219600 0.220037 0.220549 0.221128 0.221770 0.222469 0.223218 0.224013 0.230350 0.230664 0.230900 0.231081 0.231232 0.231375 0.231534 0.231732 0.236187 0.236091 0.235947 0.235798 0.235690 0.235668 0.235776 0.236059 0.246702 0.246753 0.246664 0.246510 0.246369 0.246314 0.246423 0.246770 0.262257 0.263101 0.263787 0.264374 0.264924 0.265498 0.266157 0.266961 0.281794 0.283133 0.284422 0.285707 0.287036 0.288458 0.290020 0.291769 0.313291 0.315780 0.318162 0.320449 0.322656 0.324795 0.326878 0.328920 0.343137 0.347469 0.352126 0.357026 0.362086 0.367222 0.372351 0.377391 0.403165 0.405781 0.406945 0.406263 0.403340 0.397780 0.389189 0.377172 0.163943 0.157270 0.154575 0.155202 0.158494 0.163795 0.170449 0.177800 0.193631 0.195081 0.196397 0.197603 0.198720 0.199773 0.200785 0.201778 0.210144 0.214153 0.218621 0.223466 0.228606 0.233961 0.239448 0.244986 0.278327 0.281410 0.284898 0.289067 0.294190 0.300543 0.308400 0.318038 0.458425 0.485457 0.514022 0.544053 0.575478 0.608227 0.642232 0.677422 0.951066 0.955620 0.960777 0.966264 0.971805 0.977124 0.981948 0.985999 0.969652 0.967700 0.965885 0.964223 0.962727 0.961412 0.960291 0.959379 0.960025 0.913489 0.861385 0.805742 0.748588 0.691954 0.637868 0.588359 0.540447 0.513324 0.483788 0.452722 0.421012 0.389543 0.359200 0.330869 0.263200 0.259481 0.256679 0.254606 0.253072 0.251887 0.250862 0.249807 0.225659 0.222100 0.218555 0.215037 0.211559 0.208135 0.204778 0.201502 0.181971 0.182011 0.182370 0.182918 0.183524 0.184059 0.184392 0.184395 0.164239 0.188723 0.216607 0.246746 0.277992 0.309200 0.339222 0.366913 0.399136 0.398669 0.397294 0.395131 0.392298 0.388917 0.385106 0.380985 0.353525 0.348187 0.342792 0.337441 0.332233 0.327268 0.322644 0.318462 0.309891 0.308355 0.306722 0.304986 0.303139 0.301175 0.299089 0.296872 0.277181 0.275703 0.274462 0.273424 0.272557 0.271828 0.271206 0.270657 0.266134 0.264130 0.261990 0.259784 0.257578 0.255442 0.253442 0.251648 0.250557 0.249135 0.247541 0.245823 0.244028 0.242205 0.240402 0.238666 0.232435 0.231708 0.231031 0.230407 0.229839 0.229330 0.228883 0.228501 0.227893 0.227366 0.226757 0.226076 0.225332 0.224534 0.223692 0.222815 0.216496 0.216590 0.216833 0.217191 0.217630 0.218117 0.218618 0.219100
0.213028 0.213711 0.214477 0.215298 0.216143 0.216986 0.217795 0.218543 0.219600 0.220173 0.220814 0.221509 0.222247 0.223014 0.223797 0.224585 0.229140 0.229559 0.229955 0.230338 0.230720 0.231112 0.231526 0.231973 0.236983 0.236964 0.236884 0.236785 0.236707 0.236692 0.236780 0.237013 0.246131 0.246174 0.246108 0.246000 0.245921 0.245937 0.246118 0.246531 0.261699 0.262679 0.263516 0.264261 0.264967 0.265685 0.266465 0.267359 0.281141 0.282765 0.284382 0.286018 0.287700 0.289453 0.291305 0.293281 0.312813 0.315137 0.317395 0.319603 0.321779 0.323940 0.326101 0.328281 0.345461 0.349676 0.354146 0.358811 0.363610 0.368479 0.373360 0.378189 0.405404 0.402707 0.398090 0.391461 0.382729 0.371803 0.358590 0.343001 0.159631 0.154810 0.153526 0.155176 0.159158 0.164870 0.171710 0.179076 0.194752 0.196236 0.197598 0.198861 0.200048 0.201180 0.202281 0.203371 0.212625 0.216464 0.220733 0.225364 0.230291 0.235449 0.240769 0.246186 0.281216 0.283754 0.286622 0.290139 0.294619 0.300378 0.307734 0.317001 0.461952 0.486970 0.512937 0.539810 0.567546 0.596101 0.625432 0.655497 0.882878 0.892515 0.903419 0.915016 0.926728 0.937979 0.948193 0.956793 0.923389 0.919676 0.916266 0.913168 0.910397 0.907963 0.905880 0.904159 0.903276 0.863562 0.818990 0.771239 0.721989 0.672919 0.625708 0.582037 0.516514 0.493631 0.469151 0.443669 0.417778 0.392074 0.367150 0.343601 0.267200 0.262248 0.258286 0.255148 0.252666 0.250674 0.249005 0.247493 0.227271 0.223820 0.220312 0.216772 0.213229 0.209711 0.206243 0.202855 0.183656 0.183547 0.183712 0.184022 0.184350 0.184567 0.184546 0.184158 0.160404 0.180221 0.203199 0.228460 0.255124 0.282310 0.309138 0.334729 0.405293 0.406049 0.405181 0.402925 0.399517 0.395192 0.390187 0.384736 0.353923 0.348563 0.343213 0.337955 0.332872 0.328048 0.323566 0.319509 0.309971 0.308226 0.306382 0.304435 0.302385 0.300230 0.297967 0.295597 0.275826 0.274540 0.273508 0.272688 0.272036 0.271509 0.271064 0.270657 0.265246 0.263432 0.261516 0.259553 0.257595 0.255696 0.253908 0.252285 0.249999 0.248480 0.246813 0.245049 0.243238 0.241431 0.239678 0.238029 0.233629 0.232981 0.232348 0.231736 0.231150 0.230597 0.230083 0.229615 0.228136 0.227411 0.226612 0.225754 0.224856 0.223936 0.223010 0.222097 0.217531 0.217487 0.217539 0.217666 0.217849 0.218069 0.218306 0.218543
0.213676 0.214186 0.214763 0.215387 0.216038 0.216696 0.217340 0.217951 0.219600 0.220318 0.221096 0.221914 0.222753 0.223592 0.224411 0.225191 0.227850 0.228367 0.228917 0.229497 0.230108 0.230747 0.231415 0.232111 0.237676 0.237772 0.237799 0.237790 0.237783 0.237811 0.237909 0.238114 0.245455 0.245512 0.245496 0.245467 0.245484 0.245605 0.245889 0.246395 0.261074 0.262208 0.263222 0.264154 0.265045 0.265935 0.266864 0.267871 0.280476 0.282365 0.284292 0.286263 0.288281 0.290354 0.292485 0.294680 0.312279 0.314430 0.316555 0.318677 0.320817 0.322997 0.325239 0.327564 0.348002 0.352101 0.356373 0.360775 0.365269 0.369811 0.374363 0.378883 0.406190 0.397912 0.387274 0.374506 0.359836 0.343494 0.325706 0.306703 0.158842 0.155635 0.155372 0.157541 0.161630 0.167128 0.173524 0.180304 0.195573 0.197088 0.198500 0.199830 0.201100 0.202331 0.203543 0.204759 0.215142 0.218738 0.222719 0.227038 0.231646 0.236497 0.241542 0.246734 0.283192 0.285173 0.287403 0.290234 0.294019 0.299110 0.305858 0.314615 0.461762 0.484358 0.507282 0.530514 0.554031 0.577813 0.601838 0.626084 0.800193 0.815133 0.832027 0.849989 0.868131 0.885569 0.901415 0.914782 0.864503 0.859253 0.854478 0.850178 0.846348 0.842988 0.840095 0.837666 0.833469 0.801445 0.765411 0.726648 0.686439 0.646065 0.606809 0.569953 0.486829 0.468773 0.450006 0.430807 0.411455 0.392228 0.373403 0.355260 0.270720 0.264498 0.259324 0.255058 0.251561 0.248694 0.246319 0.244297 0.228347 0.225064 0.221651 0.218150 0.214600 0.211044 0.207520 0.204071 0.185411 0.185026 0.184873 0.184840 0.184815 0.184684 0.184336 0.183658 0.160218 0.174817 0.192192 0.211776 0.232998 0.255289 0.278078 0.300796 0.409974 0.411960 0.411607 0.409271 0.405305 0.400065 0.393906 0.387182 0.354105 0.348813 0.343581 0.338476 0.333567 0.328920 0.324603 0.320683 0.310027 0.308064 0.305999 0.303837 0.301579 0.299229 0.296790 0.294265 0.274437 0.273348 0.272531 0.271932 0.271496 0.271169 0.270896 0.270623 0.264117 0.262514 0.260850 0.259163 0.257488 0.255862 0.254320 0.252899 0.249374 0.247755 0.246014 0.244206 0.242382 0.240596 0.238900 0.237347 0.234902 0.234343 0.233758 0.233159 0.232554 0.231953 0.231364 0.230797 0.228240 0.227327 0.226350 0.225336 0.224308 0.223291 0.222311 0.221391 0.218724 0.218524 0.218359 0.218227 0.218123 0.218044 0.217988 0.217951
0.214301 0.214640 0.215029 0.215458 0.215916 0.216391 0.216872 0.217349 0.219600 0.220464 0.221382 0.222325 0.223267 0.224180 0.225037 0.225809 0.226560 0.227161 0.227848 0.228608 0.229429 0.230299 0.231205 0.232134 0.238256 0.238498 0.238664 0.238782 0.238878 0.238982 0.239119 0.239319 0.244745 0.244832 0.244888 0.244961 0.245099 0.245349 0.245757 0.246372 0.260426 0.261726 0.262931 0.264067 0.265162 0.266244 0.267339 0.268474 0.279834 0.281959 0.284164 0.286437 0.288763 0.291126 0.293512 0.295908 0.311699 0.313687 0.315688 0.317731 0.319841 0.322046 0.324372 0.326847 0.350588 0.354596 0.358684 0.362828 0.367002 0.371182 0.375344 0.379462 0.404999 0.391149 0.374563 0.355786 0.335365 0.313846 0.291774 0.269697 0.160856 0.159033 0.159456 0.161732 0.165466 0.170262 0.175726 0.181463 0.196107 0.197648 0.199110 0.200513 0.201876 0.203218 0.204559 0.205918 0.217591 0.220886 0.224510 0.228437 0.232643 0.237100 0.241783 0.246666 0.284276 0.285701 0.287286 0.289415 0.292469 0.296831 0.302882 0.311007 0.458040 0.477921 0.497507 0.516793 0.535774 0.554445 0.572802 0.590840 0.707766 0.727923 0.750702 0.774916 0.799377 0.822898 0.844290 0.862367 0.796289 0.789751 0.783861 0.778593 0.773921 0.769820 0.766264 0.763226 0.754322 0.730463 0.703531 0.674385 0.643883 0.612884 0.582246 0.552827 0.453118 0.440212 0.427502 0.414944 0.402492 0.390098 0.377719 0.365307 0.273680 0.266215 0.259836 0.254434 0.249902 0.246134 0.243023 0.240460 0.228898 0.225834 0.222574 0.219170 0.215674 0.212140 0.208618 0.205162 0.187189 0.186434 0.185873 0.185420 0.184989 0.184493 0.183847 0.182964 0.162902 0.172005 0.183393 0.196831 0.212082 0.228911 0.247082 0.266360 0.412483 0.415634 0.415770 0.413364 0.408887 0.402811 0.395609 0.387752 0.354083 0.348959 0.343920 0.339022 0.334319 0.329866 0.325717 0.321927 0.310050 0.307872 0.305594 0.303224 0.300770 0.298238 0.295635 0.292968 0.273118 0.272220 0.271610 0.271222 0.270991 0.270850 0.270734 0.270577 0.262828 0.261446 0.260049 0.258656 0.257284 0.255952 0.254677 0.253479 0.248726 0.247012 0.245203 0.243356 0.241525 0.239764 0.238130 0.236676 0.236175 0.235710 0.235180 0.234600 0.233980 0.233333 0.232670 0.232003 0.228217 0.227132 0.226002 0.224858 0.223729 0.222647 0.221641 0.220742 0.219998 0.219630 0.219236 0.218830 0.218425 0.218035 0.217671 0.217349
0.214870 0.215046 0.215257 0.215502 0.215777 0.216080 0.216408 0.216757 0.219600 0.220607 0.221660 0.222726 0.223768 0.224754 0.225648 0.226415 0.225352 0.226013 0.226809 0.227718 0.228717 0.229784 0.230896 0.232031 0.238711 0.239123 0.239455 0.239727 0.239956 0.240163 0.240365 0.240581 0.244069 0.244199 0.244342 0.244533 0.244806 0.245198 0.245742 0.246475 0.259801 0.261269 0.262669 0.264016 0.265323 0.266605 0.267874 0.269145 0.279251 0.281569 0.284008 0.286537 0.289124 0.291736 0.294342 0.296908 0.311085 0.312937 0.314839 0.316824 0.318922 0.321165 0.323584 0.326211 0.353047 0.357012 0.360961 0.364879 0.368750 0.372557 0.376284 0.379915 0.401305 0.382173 0.360020 0.335687 0.310017 0.283851 0.258031 0.233399 0.164950 0.164289 0.165121 0.167185 0.170220 0.173964 0.178155 0.182531 0.196365 0.197927 0.199438 0.200914 0.202374 0.203834 0.205313 0.206827 0.219868 0.222819 0.226035 0.229514 0.233254 0.237252 0.241506 0.246014 0.284490 0.285372 0.286321 0.287743 0.290045 0.293635 0.298918 0.306301 0.450966 0.467962 0.484062 0.499276 0.513611 0.527076 0.539677 0.551423 0.610354 0.635332 0.663545 0.693531 0.723827 0.752970 0.779498 0.801948 0.722038 0.714492 0.707750 0.701755 0.696455 0.691793 0.687716 0.684168 0.669551 0.653938 0.636233 0.616866 0.596267 0.574867 0.553094 0.531379 0.417108 0.409413 0.402792 0.396887 0.391336 0.385780 0.379856 0.373205 0.276000 0.267383 0.259865 0.253374 0.247837 0.243181 0.239333 0.236222 0.228933 0.226134 0.223080 0.219832 0.216453 0.213003 0.209544 0.206139 0.188944 0.187757 0.186730 0.185810 0.184944 0.184079 0.183163 0.182144 0.167679 0.171282 0.176609 0.183761 0.192841 0.203950 0.217192 0.232667 0.412121 0.416303 0.416869 0.414403 0.409488 0.402706 0.394642 0.385876 0.353866 0.349024 0.344256 0.339609 0.335132 0.330870 0.326871 0.323183 0.310027 0.307653 0.305185 0.302633 0.300009 0.297321 0.294581 0.291797 0.271970 0.271247 0.270824 0.270625 0.270573 0.270593 0.270608 0.270543 0.261458 0.260297 0.259168 0.258073 0.257010 0.255979 0.254980 0.254013 0.248101 0.246303 0.244438 0.242561 0.240730 0.239000 0.237429 0.236073 0.237369 0.237001 0.236534 0.235981 0.235357 0.234674 0.233946 0.233185 0.228079 0.226849 0.225597 0.224357 0.223162 0.222048 0.221048 0.220197 0.221271 0.220733 0.220110 0.219432 0.218728 0.218028 0.217362 0.216757
0.215348 0.215378 0.215430 0.215510 0.215622 0.215771 0.215962 0.216200 0.219600 0.220739 0.221918 0.223097 0.224234 0.225289 0.226220 0.226987 0.224305 0.224995 0.225862 0.226875 0.228005 0.229221 0.230493 0.231790 0.239029 0.239628 0.240146 0.240593 0.240978 0.241311 0.241601 0.241857 0.243498 0.243680 0.243918 0.244232 0.244646 0.245183 0.245864 0.246713 0.259243 0.260873 0.262464 0.264017 0.265532 0.267011 0.268454 0.269861 0.278762 0.281220 0.283834 0.286559 0.289347 0.292152 0.294927 0.297625 0.310448 0.312208 0.314052 0.316014 0.318130 0.320432 0.322956 0.325735 0.355208 0.359201 0.363084 0.366840 0.370452 0.373899 0.377165 0.380232 0.394580 0.370736 0.343710 0.314598 0.284496 0.254503 0.225714 0.199228 0.170406 0.170691 0.171708 0.173335 0.175449 0.177927 0.180646 0.183484 0.196359 0.197935 0.199489 0.201038 0.202594 0.204174 0.205791 0.207461 0.221873 0.224451 0.227226 0.230219 0.233452 0.236947 0.240727 0.244814 0.283857 0.284220 0.284553 0.285280 0.286826 0.289616 0.294073 0.300624 0.440726 0.454782 0.467399 0.478593 0.488383 0.496785 0.503815 0.509490 0.512713 0.541809 0.574658 0.609567 0.644843 0.678790 0.709716 0.735925 0.645044 0.636799 0.629483 0.623008 0.617289 0.612242 0.607779 0.603817 0.582871 0.575193 0.566399 0.556506 0.545535 0.533503 0.520429 0.506330 0.380527 0.377839 0.377028 0.377444 0.378439 0.379365 0.379573 0.378415 0.277600 0.267985 0.259456 0.251977 0.245511 0.240021 0.235470 0.231822 0.228464 0.225967 0.223169 0.220136 0.216937 0.213638 0.210308 0.207014 0.190629 0.188982 0.187463 0.186057 0.184750 0.183526 0.182369 0.181266 0.173771 0.172142 0.171645 0.172703 0.175740 0.181181 0.189448 0.200965 0.408193 0.413198 0.414101 0.411586 0.406333 0.399027 0.390349 0.380982 0.353469 0.349033 0.344613 0.340255 0.336007 0.331916 0.328029 0.324393 0.309948 0.307410 0.304789 0.302097 0.299344 0.296544 0.293706 0.290844 0.271096 0.270521 0.270252 0.270206 0.270296 0.270439 0.270550 0.270543 0.260089 0.259136 0.258265 0.257457 0.256693 0.255956 0.255228 0.254491 0.247543 0.245682 0.243776 0.241883 0.240061 0.238368 0.236860 0.235596 0.238404 0.238135 0.237738 0.237226 0.236613 0.235912 0.235136 0.234299 0.227836 0.226498 0.225164 0.223869 0.222650 0.221541 0.220580 0.219801 0.222465 0.221763 0.220922 0.219988 0.219004 0.218015 0.217066 0.216200
0.215700 0.215609 0.215529 0.215473 0.215450 0.215473 0.215552 0.215700 0.219600 0.220855 0.222144 0.223423 0.224644 0.225762 0.226729 0.227500 0.223500 0.224180 0.225068 0.226128 0.227327 0.228628 0.229998 0.231400 0.239200 0.239996 0.240712 0.241349 0.241906 0.242384 0.242782 0.243100 0.243100 0.243340 0.243673 0.244109 0.244659 0.245333 0.246143 0.247100 0.258800 0.260575 0.262341 0.264084 0.265794 0.267457 0.269064 0.270600 0.278400 0.280935 0.283653 0.286498 0.289412 0.292339 0.295220 0.298000 0.309800 0.311529 0.313372 0.315363 0.317537 0.319928 0.322571 0.325500 0.356900 0.361014 0.364932 0.368621 0.372046 0.375174 0.377970 0.380400 0.384300 0.356594 0.325698 0.292904 0.259506 0.226794 0.196061 0.168600 0.176500 0.177525 0.178559 0.179616 0.180706 0.181843 0.183036 0.184300 0.196100 0.197682 0.199274 0.200887 0.202535 0.204228 0.205979 0.207800 0.223500 0.225693 0.228011 0.230501 0.233209 0.236181 0.239462 0.243100 0.282400 0.282279 0.282030 0.282088 0.282889 0.284868 0.288460 0.294100 0.427500 0.438683 0.447967 0.455374 0.460928 0.464652 0.466568 0.466700 0.419600 0.451801 0.488142 0.526758 0.565787 0.603362 0.637622 0.666700 0.568600 0.559995 0.552397 0.545691 0.539764 0.534499 0.529783 0.525500 0.498000 0.497552 0.496912 0.495723 0.493632 0.490284 0.485325 0.478400 0.345100 0.346955 0.351359 0.357420 0.364247 0.370947 0.376629 0.380400 0.278400 0.268005 0.258652 0.250340 0.243070 0.236840 0.231650 0.227500 0.227500 0.225337 0.222841 0.220082 0.217129 0.214051 0.210918 0.207800 0.192200 0.190095 0.188091 0.186211 0.184479 0.182917 0.181550 0.180400 0.180400 0.174080 0.168309 0.163795 0.161248 0.161377 0.164891 0.172500 0.400000 0.405552 0.406666 0.404109 0.398648 0.391048 0.382077 0.372500 0.352900 0.349008 0.345015 0.340975 0.336947 0.332987 0.329153 0.325500 0.309800 0.307148 0.304427 0.301650 0.298827 0.295971 0.293091 0.290200 0.270600 0.270132 0.269973 0.270031 0.270214 0.270431 0.270590 0.270600 0.258800 0.258034 0.257396 0.256849 0.256361 0.255896 0.255421 0.254900 0.247100 0.245200 0.243275 0.241384 0.239583 0.237931 0.236484 0.235300 0.239200 0.239029 0.238711 0.238256 0.237676 0.236983 0.236187 0.235300 0.227500 0.226100 0.224733 0.223433 0.222235 0.221173 0.220284 0.219600 0.223500 0.222647 0.221613 0.220453 0.219225 0.217985 0.216792 0.215700
0.211800 0.212209 0.212687 0.213221 0.213801 0.214415 0.215052 0.215700 0.219600 0.220670 0.221799 0.222962 0.224138 0.225301 0.226430 0.227500 0.231400 0.230259 0.228969 0.227622 0.226310 0.225124 0.224157 0.223500 0.235300 0.237170 0.239017 0.240818 0.242550 0.244189 0.245714 0.247100 0.251000 0.251466 0.251944 0.252444 0.252978 0.253558 0.254195 0.254900 0.262700 0.264325 0.266009 0.267728 0.269460 0.271181 0.272869 0.274500 0.282400 0.282743 0.283061 0.283413 0.283855 0.284445 0.285241 0.286300 0.305900 0.310580 0.315386 0.320204 0.324919 0.329416 0.333581 0.337300 0.341200 0.350725 0.360090 0.368495 0.375139 0.379222 0.379942 0.376500 0.168600 0.161127 0.157360 0.156681 0.158472 0.162117 0.166999 0.172500 0.176500 0.177561 0.178678 0.179827 0.180986 0.182133 0.183245 0.184300 0.188200 0.189495 0.190940 0.192523 0.194232 0.196056 0.197982 0.200000 0.215700 0.216063 0.216300 0.216525 0.216853 0.217398 0.218276 0.219600 0.251000 0.249444 0.247201 0.244546 0.241754 0.239099 0.236856 0.235300 0.266700 0.269631 0.272276 0.274669 0.276843 0.278834 0.280675 0.282400 0.294100 0.293811 0.293409 0.293020 0.292768 0.292781 0.293183 0.294100 0.325500 0.326273 0.326187 0.325266 0.323534 0.321013 0.317727 0.313700 0.266700 0.264130 0.262359 0.261306 0.260894 0.261041 0.261670 0.262700 0.274500 0.273024 0.271102 0.268847 0.266375 0.263800 0.261237 0.258800 0.254900 0.250499 0.245617 0.240415 0.235052 0.229689 0.224485 0.219600 0.207800 0.208232 0.208883 0.209650 0.210428 0.211115 0.211607 0.211800 0.196100 0.193582 0.191098 0.188683 0.186372 0.184198 0.182196 0.180400 0.176500 0.175430 0.174301 0.173138 0.171962 0.170799 0.169670 0.168600 0.164700 0.160345 0.156583 0.153931 0.152902 0.154010 0.157772 0.164700 0.345100 0.349880 0.351162 0.349528 0.345562 0.339846 0.332965 0.325500 0.305900 0.305023 0.304386 0.303910 0.303513 0.303116 0.302638 0.302000 0.286300 0.284557 0.282872 0.281220 0.279580 0.277928 0.276243 0.274500 0.258800 0.257796 0.256998 0.256372 0.255883 0.255498 0.255182 0.254900 0.251000 0.250112 0.249142 0.248092 0.246963 0.245754 0.244466 0.243100 0.231400 0.231732 0.232291 0.232986 0.233726 0.234419 0.234974 0.235300 0.223500 0.223750 0.224242 0.224895 0.225628 0.226360 0.227011 0.227500 0.219600 0.218800 0.218082 0.217445 0.216888 0.216412 0.216016 0.215700
0.211561 0.212061 0.212641 0.213284 0.213977 0.214704 0.215450 0.216200 0.220282 0.221109 0.221965 0.222839 0.223720 0.224598 0.225463 0.226302 0.230593 0.229772 0.228821 0.227818 0.226838 0.225959 0.225256 0.224805 0.235152 0.236848 0.238537 0.240198 0.241810 0.243353 0.244805 0.246147 0.250708 0.251364 0.252034 0.252725 0.253441 0.254187 0.254967 0.255787 0.263030 0.264475 0.265972 0.267504 0.269055 0.270607 0.272143 0.273647 0.281854 0.282281 0.282688 0.283129 0.283662 0.284340 0.285220 0.286357 0.306162 0.311429 0.316751 0.321942 0.326817 0.331191 0.334878 0.337695 0.317463 0.325168 0.333139 0.340581 0.346701 0.350704 0.351796 0.349183 0.160425 0.154770 0.152607 0.153324 0.156307 0.160945 0.166627 0.172739 0.176169 0.177215 0.178326 0.179477 0.180643 0.181800 0.182922 0.183984 0.187676 0.188866 0.190191 0.191639 0.193202 0.194867 0.196624 0.198464 0.212756 0.213147 0.213426 0.213694 0.214050 0.214595 0.215429 0.216652 0.244541 0.243338 0.241518 0.239308 0.236936 0.234626 0.232607 0.231105 0.254113 0.256931 0.259620 0.262174 0.264590 0.266865 0.268992 0.270969 0.280244 0.278974 0.277531 0.276072 0.274758 0.273745 0.273192 0.273259 0.304356 0.305191 0.305210 0.304440 0.302912 0.300653 0.297693 0.294059 0.252167 0.249948 0.248476 0.247686 0.247513 0.247891 0.248757 0.250044 0.265421 0.264046 0.262172 0.259929 0.257449 0.254863 0.252301 0.249895 0.248425 0.244410 0.239920 0.235113 0.230147 0.225180 0.220371 0.215879 0.206601 0.206867 0.207283 0.207765 0.208231 0.208597 0.208781 0.208699 0.193734 0.191588 0.189499 0.187486 0.185569 0.183766 0.182098 0.180584 0.175930 0.175177 0.174370 0.173498 0.172548 0.171512 0.170378 0.169134 0.156464 0.152197 0.148639 0.146231 0.145413 0.146627 0.150314 0.156915 0.321754 0.329485 0.334381 0.336811 0.337150 0.335770 0.333043 0.329341 0.307435 0.306262 0.305348 0.304620 0.303999 0.303411 0.302778 0.302025 0.286986 0.285177 0.283408 0.281665 0.279932 0.278195 0.276439 0.274648 0.259907 0.258727 0.257712 0.256838 0.256083 0.255425 0.254841 0.254309 0.250134 0.249313 0.248423 0.247461 0.246422 0.245302 0.244098 0.242804 0.230922 0.231015 0.231325 0.231774 0.232285 0.232781 0.233185 0.233420 0.223862 0.224199 0.224737 0.225400 0.226113 0.226800 0.227388 0.227799 0.219452 0.218643 0.217923 0.217292 0.216747 0.216286 0.215907 0.215609
0.211402 0.211990 0.212669 0.213419 0.214221 0.215058 0.215910 0.216757 0.220999 0.221569 0.222136 0.222703 0.223272 0.223845 0.224425 0.225013 0.229544 0.229111 0.228579 0.228004 0.227443 0.226952 0.226589 0.226409 0.235073 0.236556 0.238047 0.239530 0.240986 0.242398 0.243749 0.245021 0.250233 0.251089 0.251966 0.252862 0.253773 0.254699 0.255636 0.256583 0.263269 0.264520 0.265816 0.267147 0.268501 0.269871 0.271244 0.272613 0.281203 0.281767 0.282318 0.282908 0.283588 0.284408 0.285420 0.286675 0.306559 0.312290 0.317983 0.323387 0.328248 0.332314 0.335332 0.337048 0.291371 0.296962 0.303278 0.309550 0.315011 0.318893 0.320427 0.318846 0.156023 0.151950 0.150979 0.152546 0.156087 0.161035 0.166827 0.172898 0.175757 0.176785 0.177889 0.179040 0.180213 0.181379 0.182513 0.183588 0.187198 0.188278 0.189472 0.190772 0.192170 0.193656 0.195221 0.196857 0.209560 0.210018 0.210385 0.210745 0.211181 0.211775 0.212611 0.213773 0.237968 0.237182 0.235869 0.234204 0.232366 0.230532 0.228879 0.227585 0.243471 0.246322 0.249182 0.252003 0.254742 0.257350 0.259784 0.261996 0.267440 0.265779 0.263967 0.262156 0.260499 0.259148 0.258256 0.257975 0.285956 0.286662 0.286639 0.285919 0.284533 0.282512 0.279889 0.276693 0.240959 0.239171 0.238049 0.237539 0.237585 0.238134 0.239131 0.240522 0.256696 0.255502 0.253814 0.251762 0.249472 0.247072 0.244690 0.242454 0.241616 0.237918 0.233783 0.229363 0.224810 0.220278 0.215919 0.211885 0.205564 0.205593 0.205684 0.205781 0.205827 0.205765 0.205540 0.205093 0.191013 0.189288 0.187644 0.186084 0.184611 0.183228 0.181938 0.180745 0.175359 0.174843 0.174290 0.173665 0.172935 0.172065 0.171021 0.169771 0.152378 0.148429 0.145206 0.143075 0.142399 0.143545 0.146875 0.152754 0.295903 0.306597 0.315256 0.322012 0.327001 0.330356 0.332212 0.332703 0.309186 0.307680 0.306434 0.305383 0.304459 0.303594 0.302722 0.301774 0.287386 0.285534 0.283710 0.281906 0.280113 0.278324 0.276532 0.274727 0.261117 0.259753 0.258505 0.257364 0.256320 0.255363 0.254483 0.253672 0.249085 0.248318 0.247498 0.246618 0.245668 0.244642 0.243531 0.242327 0.230604 0.230428 0.230449 0.230606 0.230841 0.231094 0.231304 0.231414 0.224351 0.224747 0.225294 0.225925 0.226574 0.227174 0.227658 0.227961 0.219373 0.218554 0.217830 0.217197 0.216653 0.216196 0.215822 0.215529
0.211322 0.211994 0.212766 0.213616 0.214522 0.215461 0.216411 0.217349 0.221703 0.222017 0.222296 0.222557 0.222813 0.223079 0.223370 0.223700 0.228334 0.228334 0.228271 0.228179 0.228093 0.228047 0.228074 0.228209 0.235050 0.236294 0.237563 0.238843 0.240119 0.241378 0.242607 0.243790 0.249631 0.250690 0.251776 0.252880 0.253992 0.255101 0.256200 0.257276 0.263405 0.264458 0.265549 0.266672 0.267827 0.269011 0.270220 0.271453 0.280505 0.281243 0.281978 0.282756 0.283622 0.284621 0.285798 0.287198 0.307071 0.313083 0.318948 0.324354 0.328987 0.332535 0.334683 0.335120 0.263931 0.267233 0.271727 0.276690 0.281394 0.285117 0.287131 0.286713 0.154765 0.152047 0.151909 0.153868 0.157438 0.162136 0.167477 0.172978 0.175264 0.176273 0.177367 0.178517 0.179695 0.180873 0.182021 0.183112 0.186733 0.187699 0.188757 0.189901 0.191123 0.192417 0.193776 0.195194 0.206181 0.206732 0.207220 0.207709 0.208262 0.208945 0.209819 0.210950 0.231406 0.231078 0.230322 0.229267 0.228040 0.226770 0.225585 0.224613 0.234554 0.237546 0.240665 0.243822 0.246928 0.249895 0.252635 0.255057 0.255699 0.254130 0.252495 0.250911 0.249493 0.248358 0.247622 0.247403 0.270083 0.270511 0.270333 0.269581 0.268288 0.266484 0.264204 0.261478 0.232641 0.231337 0.230594 0.230367 0.230608 0.231269 0.232303 0.233664 0.248361 0.247404 0.246008 0.244283 0.242337 0.240279 0.238217 0.236260 0.234624 0.231187 0.227378 0.223339 0.219213 0.215143 0.211272 0.207743 0.204609 0.204347 0.204051 0.203694 0.203249 0.202690 0.201989 0.201119 0.188064 0.186787 0.185616 0.184536 0.183534 0.182597 0.181710 0.180861 0.174786 0.174437 0.174077 0.173658 0.173133 0.172455 0.171578 0.170453 0.151711 0.148259 0.145473 0.143642 0.143052 0.143990 0.146743 0.151599 0.268565 0.282094 0.294478 0.305598 0.315338 0.323580 0.330208 0.335104 0.311051 0.309208 0.307604 0.306185 0.304898 0.303689 0.302505 0.301293 0.287534 0.285662 0.283807 0.281969 0.280146 0.278336 0.276538 0.274750 0.262373 0.260824 0.259340 0.257925 0.256582 0.255316 0.254128 0.253024 0.247910 0.247186 0.246428 0.245625 0.244765 0.243836 0.242826 0.241724 0.230445 0.229987 0.229698 0.229538 0.229468 0.229447 0.229437 0.229396 0.224934 0.225361 0.225886 0.226452 0.227003 0.227483 0.227837 0.228007 0.219350 0.218524 0.217794 0.217156 0.216607 0.216145 0.215768 0.215473
0.211322 0.212070 0.212927 0.213868 0.214867 0.215897 0.216934 0.217951 0.222352 0.222421 0.222429 0.222399 0.222359 0.222335 0.222350 0.222433 0.227044 0.227495 0.227924 0.228342 0.228759 0.229184 0.229628 0.230101 0.235073 0.236067 0.237101 0.238166 0.239250 0.240345 0.241439 0.242523 0.248959 0.250214 0.251503 0.252808 0.254113 0.255401 0.256654 0.257856 0.263428 0.264287 0.265176 0.266099 0.267061 0.268066 0.269119 0.270225 0.279817 0.280752 0.281694 0.282682 0.283754 0.284951 0.286309 0.287869 0.307674 0.313731 0.319512 0.324658 0.328808 0.331600 0.332674 0.331670 0.236147 0.237103 0.239705 0.243285 0.247173 0.250702 0.253203 0.254009 0.156023 0.154444 0.154831 0.156805 0.159987 0.163995 0.168452 0.172978 0.174691 0.175679 0.176762 0.177911 0.179094 0.180283 0.181447 0.182555 0.186245 0.187099 0.188020 0.189005 0.190049 0.191146 0.192293 0.193484 0.202687 0.203347 0.203976 0.204616 0.205312 0.206107 0.207046 0.208173 0.224982 0.225126 0.224949 0.224530 0.223952 0.223294 0.222638 0.222064 0.227146 0.230345 0.233771 0.237293 0.240781 0.244103 0.247130 0.249731 0.245034 0.243930 0.242891 0.241976 0.241241 0.240744 0.240543 0.240695 0.256517 0.256563 0.256149 0.255307 0.254068 0.252465 0.250527 0.248287 0.226781 0.225984 0.225628 0.225673 0.226075 0.226791 0.227781 0.229001 0.240449 0.239765 0.238733 0.237433 0.235941 0.234336 0.232695 0.231095 0.227598 0.224382 0.220878 0.217215 0.213524 0.209934 0.206576 0.203579 0.203656 0.203072 0.202353 0.201505 0.200533 0.199440 0.198233 0.196915 0.185013 0.184191 0.183498 0.182904 0.182378 0.181890 0.181410 0.180907 0.174214 0.173969 0.173746 0.173493 0.173156 0.172683 0.172024 0.171124 0.153731 0.150906 0.148629 0.147110 0.146560 0.147190 0.149211 0.152834 0.240758 0.256856 0.272737 0.288036 0.302385 0.315417 0.326766 0.336064 0.312927 0.310779 0.308819 0.307012 0.305323 0.303719 0.302166 0.300629 0.287466 0.285592 0.283730 0.281884 0.280057 0.278253 0.276476 0.274727 0.263617 0.261890 0.260178 0.258496 0.256861 0.255289 0.253796 0.252399 0.246667 0.245977 0.245275 0.244545 0.243773 0.242943 0.242042 0.241053 0.230445 0.229707 0.229106 0.228623 0.228238 0.227932 0.227686 0.227481 0.225576 0.226010 0.226487 0.226963 0.227392 0.227731 0.227936 0.227961 0.219373 0.218544 0.217808 0.217163 0.216607 0.216138 0.215753 0.215450
0.211402 0.212216 0.213148 0.214167 0.215245 0.216353 0.217462 0.218543 0.222897 0.222751 0.222518 0.222233 0.221932 0.221649 0.221421 0.221281 0.225754 0.226649 0.227566 0.228491 0.229409 0.230306 0.231169 0.231983 0.235129 0.235876 0.236678 0.237528 0.238421 0.239350 0.240308 0.241290 0.248275 0.249711 0.251185 0.252674 0.254154 0.255603 0.256997 0.258311 0.263325 0.264003 0.264706 0.265444 0.266230 0.267075 0.267989 0.268985 0.279199 0.280336 0.281490 0.282692 0.283975 0.285371 0.286912 0.288631 0.308345 0.314155 0.319542 0.324115 0.327484 0.329258 0.329047 0.326460 0.209027 0.207699 0.208431 0.210621 0.213670 0.216976 0.219938 0.221956 0.159167 0.158522 0.159179 0.160878 0.163359 0.166363 0.169629 0.172898 0.174039 0.175005 0.176077 0.177223 0.178411 0.179611 0.180791 0.181918 0.185700 0.186445 0.187234 0.188064 0.188932 0.189836 0.190773 0.191741 0.199146 0.199920 0.200696 0.201496 0.202346 0.203269 0.204289 0.205429 0.218822 0.219428 0.219819 0.220029 0.220097 0.220059 0.219952 0.219813 0.221029 0.224463 0.228204 0.232083 0.235931 0.239578 0.242855 0.245594 0.235454 0.235082 0.234932 0.234992 0.235244 0.235674 0.236266 0.237007 0.245044 0.244644 0.243944 0.242976 0.241767 0.240348 0.238747 0.236994 0.222943 0.222650 0.222668 0.222958 0.223482 0.224201 0.225075 0.226066 0.232996 0.232597 0.231969 0.231149 0.230178 0.229094 0.227935 0.226742 0.220686 0.217668 0.214457 0.211167 0.207913 0.204811 0.201973 0.199517 0.202624 0.201706 0.200557 0.199214 0.197712 0.196088 0.194378 0.192619 0.181985 0.181606 0.181376 0.181248 0.181179 0.181121 0.181030 0.180861 0.173641 0.173449 0.173314 0.173186 0.173014 0.172748 0.172335 0.171727 0.157707 0.155592 0.153862 0.152657 0.152114 0.152371 0.153567 0.155840 0.213499 0.231760 0.250725 0.269794 0.288367 0.305843 0.321622 0.335104 0.314712 0.312324 0.310039 0.307847 0.305740 0.303707 0.301740 0.299828 0.287214 0.285357 0.283510 0.281678 0.279871 0.278096 0.276360 0.274671 0.264791 0.262904 0.260982 0.259053 0.257145 0.255286 0.253506 0.251830 0.245413 0.244750 0.244099 0.243439 0.242755 0.242027 0.241238 0.240371 0.230604 0.229605 0.228708 0.227913 0.227223 0.226637 0.226157 0.225784 0.226241 0.226660 0.227070 0.227439 0.227733 0.227921 0.227969 0.227845 0.219429 0.218603 0.217866 0.217217 0.216655 0.216177 0.215784 0.215473
0.211561 0.212430 0.213422 0.214503 0.215644 0.216811 0.217974 0.219100 0.223295 0.222973 0.222547 0.222057 0.221548 0.221059 0.220634 0.220314 0.224546 0.225853 0.227225 0.228623 0.230012 0.231354 0.232613 0.233750 0.235209 0.235725 0.236309 0.236959 0.237672 0.238445 0.239275 0.240159 0.247637 0.249226 0.250858 0.252504 0.254133 0.255716 0.257225 0.258629 0.263087 0.263604 0.264145 0.264725 0.265362 0.266074 0.266878 0.267792 0.278707 0.280038 0.281391 0.282794 0.284272 0.285853 0.287562 0.289427 0.309061 0.314277 0.318902 0.322539 0.324790 0.325257 0.323543 0.319250 0.183576 0.180144 0.179122 0.179986 0.182209 0.185266 0.188631 0.191779 0.163569 0.163663 0.164386 0.165603 0.167181 0.168986 0.170883 0.172739 0.173309 0.174252 0.175313 0.176456 0.177649 0.178860 0.180054 0.181200 0.185063 0.185708 0.186373 0.187058 0.187761 0.188483 0.189221 0.189975 0.195628 0.196509 0.197425 0.198381 0.199382 0.200433 0.201540 0.202709 0.213053 0.214086 0.215001 0.215797 0.216470 0.217019 0.217441 0.217734 0.215987 0.219642 0.223666 0.227856 0.232009 0.235923 0.239396 0.242224 0.226973 0.227488 0.228395 0.229598 0.231003 0.232517 0.234044 0.235490 0.235444 0.234578 0.233577 0.232467 0.231275 0.230028 0.228752 0.227474 0.220694 0.220873 0.221229 0.221725 0.222326 0.222994 0.223694 0.224388 0.226034 0.225914 0.225694 0.225371 0.224942 0.224404 0.223751 0.222983 0.214037 0.211209 0.208287 0.205369 0.202551 0.199932 0.197610 0.195682 0.201432 0.200190 0.198630 0.196818 0.194820 0.192702 0.190529 0.188368 0.179105 0.179137 0.179331 0.179630 0.179975 0.180307 0.180568 0.180699 0.173070 0.172887 0.172797 0.172757 0.172722 0.172648 0.172490 0.172204 0.162907 0.161534 0.160361 0.159461 0.158904 0.158761 0.159103 0.160001 0.187808 0.207685 0.229130 0.251338 0.273507 0.294833 0.314512 0.331742 0.316304 0.313774 0.311225 0.308678 0.306155 0.303677 0.301263 0.298936 0.286814 0.284991 0.283176 0.281380 0.279613 0.277885 0.276208 0.274591 0.265838 0.263815 0.261713 0.259570 0.257424 0.255314 0.253278 0.251352 0.244204 0.243566 0.242961 0.242370 0.241772 0.241148 0.240475 0.239734 0.230922 0.229696 0.228537 0.227464 0.226496 0.225652 0.224954 0.224419 0.226894 0.227279 0.227610 0.227863 0.228019 0.228055 0.227950 0.227684 0.219509 0.218692 0.217960 0.217312 0.216748 0.216268 0.215869 0.215552
0.211800 0.212710 0.213744 0.214870 0.216052 0.217258 0.218452 0.219600 0.223500 0.223057 0.222499 0.221874 0.221226 0.220601 0.220043 0.219600 0.223500 0.225162 0.226927 0.228739 0.230539 0.232271 0.233877 0.235300 0.235300 0.235616 0.236012 0.236488 0.237045 0.237682 0.238400 0.239200 0.247100 0.248809 0.250562 0.252325 0.254064 0.255746 0.257336 0.258800 0.262700 0.263088 0.263500 0.263959 0.264486 0.265104 0.265834 0.266700 0.278400 0.279900 0.281424 0.282996 0.284637 0.286369 0.288216 0.290200 0.309800 0.314018 0.317459 0.319745 0.320500 0.319345 0.315904 0.309800 0.160800 0.155562 0.152999 0.152664 0.154113 0.156899 0.160577 0.164700 0.168600 0.169248 0.169885 0.170499 0.171079 0.171613 0.172091 0.172500 0.172500 0.173422 0.174471 0.175612 0.176810 0.178031 0.179239 0.180400 0.184300 0.184855 0.185410 0.185966 0.186522 0.187080 0.187639 0.188200 0.192200 0.193170 0.194207 0.195299 0.196436 0.197605 0.198797 0.200000 0.207800 0.209200 0.210567 0.211867 0.213065 0.214127 0.215016 0.215700 0.211800 0.215624 0.219859 0.224276 0.228647 0.232743 0.236337 0.239200 0.219600 0.221053 0.223055 0.225435 0.228020 0.230641 0.233124 0.235300 0.227500 0.226191 0.224903 0.223660 0.222485 0.221401 0.220431 0.219600 0.219600 0.220191 0.220828 0.221476 0.222101 0.222670 0.223148 0.223500 0.219600 0.219727 0.219889 0.220038 0.220129 0.220118 0.219956 0.219600 0.207800 0.205170 0.202541 0.199994 0.197606 0.195459 0.193630 0.192200 0.200000 0.198464 0.196539 0.194318 0.191892 0.189353 0.186792 0.184300 0.176500 0.176889 0.177448 0.178109 0.178803 0.179462 0.180017 0.180400 0.172500 0.172292 0.172210 0.172221 0.172290 0.172382 0.172464 0.172500 0.168600 0.167952 0.167315 0.166701 0.166121 0.165587 0.165109 0.164700 0.164700 0.185512 0.208644 0.233137 0.258030 0.282362 0.305172 0.325500 0.317600 0.315059 0.312337 0.309490 0.306576 0.303651 0.300773 0.298000 0.286300 0.284525 0.282759 0.281016 0.279306 0.277643 0.276036 0.274500 0.266700 0.264575 0.262334 0.260023 0.257689 0.255376 0.253132 0.251000 0.243100 0.242482 0.241923 0.241399 0.240888 0.240367 0.239812 0.239200 0.231400 0.229998 0.228628 0.227327 0.226128 0.225068 0.224180 0.223500 0.227500 0.227836 0.228079 0.228217 0.228240 0.228136 0.227893 0.227500 0.219600 0.218800 0.218082 0.217445 0.216888 0.216412 0.216016 0.215700
0.215700 0.216291 0.216928 0.217576 0.218201 0.218770 0.219248 0.219600 0.215700 0.217066 0.218672 0.220438 0.222284 0.224130 0.225895 0.227500 0.227500 0.227909 0.228387 0.228921 0.229501 0.230115 0.230752 0.231400 0.235300 0.236264 0.237297 0.238387 0.239523 0.240695 0.241891 0.243100 0.251000 0.251800 0.252518 0.253155 0.253712 0.254188 0.254584 0.254900 0.254900 0.255957 0.257242 0.258745 0.260455 0.262358 0.264443 0.266700 0.286300 0.286995 0.287473 0.287836 0.288187 0.288629 0.289266 0.290200 0.313700 0.294977 0.273613 0.250570 0.226807 0.203285 0.180962 0.160800 0.160800 0.161209 0.161687 0.162221 0.162801 0.163415 0.164052 0.164700 0.168600 0.168839 0.168998 0.169078 0.169078 0.168998 0.168839 0.168600 0.164700 0.165553 0.166587 0.167747 0.168975 0.170215 0.171408 0.172500 0.172500 0.173013 0.173585 0.174191 0.174809 0.175415 0.175987 0.176500 0.176500 0.176634 0.176871 0.177233 0.177744 0.178427 0.179305 0.180400 0.196100 0.196288 0.196133 0.195692 0.195021 0.194177 0.193218 0.192200 0.188200 0.188380 0.188710 0.189180 0.189775 0.190486 0.191298 0.192200 0.200000 0.200296 0.200455 0.200500 0.200455 0.200341 0.200182 0.200000 0.200000 0.199818 0.199659 0.199545 0.199500 0.199545 0.199704 0.200000 0.207800 0.207277 0.206481 0.205458 0.204252 0.202911 0.201478 0.200000 0.192200 0.191391 0.190661 0.190009 0.189436 0.188943 0.188531 0.188200 0.188200 0.188473 0.188712 0.188882 0.188950 0.188882 0.188643 0.188200 0.176500 0.175450 0.174558 0.173825 0.173252 0.172840 0.172589 0.172500 0.176500 0.176229 0.175819 0.175293 0.174674 0.173987 0.173254 0.172500 0.168600 0.168043 0.167486 0.166929 0.166371 0.165814 0.165257 0.164700 0.160800 0.160652 0.160573 0.160550 0.160573 0.160629 0.160709 0.160800 0.160800 0.157325 0.154284 0.152112 0.151243 0.152112 0.155153 0.160800 0.309800 0.313706 0.314743 0.313402 0.310176 0.305555 0.300033 0.294100 0.282400 0.281218 0.280092 0.278998 0.277914 0.276818 0.275688 0.274500 0.262700 0.261527 0.260413 0.259334 0.258266 0.257187 0.256073 0.254900 0.243100 0.242744 0.242582 0.242571 0.242662 0.242811 0.242973 0.243100 0.239200 0.239325 0.239484 0.239632 0.239723 0.239712 0.239552 0.239200 0.227500 0.227241 0.227163 0.227210 0.227325 0.227449 0.227527 0.227500 0.219600 0.219301 0.219139 0.219093 0.219139 0.219255 0.219416 0.219600
0.215757 0.216310 0.216912 0.217532 0.218141 0.218709 0.219205 0.219600 0.217011 0.218209 0.219601 0.221123 0.222708 0.224292 0.225809 0.227193 0.227652 0.228036 0.228478 0.228967 0.229497 0.230060 0.230648 0.231252 0.235300 0.236097 0.236948 0.237850 0.238805 0.239810 0.240866 0.241972 0.251057 0.251881 0.252602 0.253225 0.253756 0.254199 0.254559 0.254843 0.255105 0.256080 0.257279 0.258698 0.260336 0.262187 0.264249 0.266518 0.287922 0.289325 0.290426 0.291263 0.291873 0.292294 0.292563 0.292718 0.293734 0.275787 0.255814 0.234645 0.213113 0.192048 0.172284 0.154652 0.160800 0.161390 0.161934 0.162443 0.162923 0.163386 0.163838 0.164291 0.168191 0.168391 0.168511 0.168556 0.168528 0.168431 0.168268 0.168043 0.164996 0.165755 0.166667 0.167682 0.168750 0.169824 0.170854 0.171791 0.171643 0.172077 0.172566 0.173089 0.173627 0.174161 0.174670 0.175134 0.175483 0.175695 0.175997 0.176405 0.176936 0.177607 0.178433 0.179432 0.192629 0.192871 0.192836 0.192568 0.192114 0.191516 0.190820 0.190071 0.187080 0.187116 0.187264 0.187525 0.187898 0.188382 0.188977 0.189680 0.197609 0.197728 0.197691 0.197532 0.197283 0.196979 0.196651 0.196332 0.197126 0.196967 0.196812 0.196684 0.196608 0.196607 0.196706 0.196927 0.203929 0.203439 0.202702 0.201761 0.200656 0.199429 0.198123 0.196779 0.189832 0.189179 0.188603 0.188101 0.187671 0.187310 0.187016 0.186785 0.186732 0.186905 0.187041 0.187113 0.187094 0.186956 0.186673 0.186216 0.175885 0.174933 0.174120 0.173450 0.172923 0.172543 0.172313 0.172235 0.176169 0.175818 0.175325 0.174716 0.174021 0.173268 0.172485 0.171700 0.168543 0.167894 0.167224 0.166543 0.165861 0.165188 0.164532 0.163904 0.161096 0.160944 0.160836 0.160766 0.160728 0.160716 0.160723 0.160743 0.160743 0.156717 0.152990 0.149997 0.148171 0.147950 0.149767 0.154057 0.289890 0.296247 0.300299 0.302365 0.302765 0.301816 0.299839 0.297152 0.285273 0.283464 0.281651 0.279842 0.278045 0.276267 0.274517 0.272802 0.262455 0.261366 0.260315 0.259283 0.258251 0.257199 0.256107 0.254957 0.243613 0.243164 0.242892 0.242758 0.242725 0.242753 0.242803 0.242838 0.239405 0.239370 0.239350 0.239310 0.239218 0.239040 0.238743 0.238294 0.228091 0.227724 0.227498 0.227372 0.227301 0.227242 0.227152 0.226987 0.220100 0.219794 0.219603 0.219510 0.219495 0.219542 0.219632 0.219748
0.215757 0.216273 0.216842 0.217439 0.218038 0.218615 0.219144 0.219600 0.218620 0.219595 0.220708 0.221913 0.223161 0.224407 0.225602 0.226701 0.227733 0.228117 0.228545 0.229013 0.229514 0.230045 0.230599 0.231173 0.235300 0.235907 0.236551 0.237242 0.237991 0.238810 0.239708 0.240697 0.251057 0.251920 0.252659 0.253284 0.253804 0.254231 0.254574 0.254843 0.255503 0.256395 0.257500 0.258821 0.260364 0.262131 0.264128 0.266359 0.288879 0.291038 0.292821 0.294191 0.295111 0.295544 0.295453 0.294801 0.271413 0.254860 0.236989 0.218464 0.199946 0.182097 0.165579 0.151055 0.160800 0.161465 0.162015 0.162471 0.162857 0.163195 0.163506 0.163813 0.167713 0.167879 0.167967 0.167984 0.167938 0.167835 0.167682 0.167486 0.165473 0.166131 0.166906 0.167758 0.168649 0.169538 0.170386 0.171152 0.170925 0.171272 0.171668 0.172097 0.172545 0.172996 0.173435 0.173846 0.174671 0.174980 0.175365 0.175833 0.176393 0.177054 0.177826 0.178716 0.189019 0.189341 0.189465 0.189420 0.189236 0.188942 0.188569 0.188146 0.186283 0.186237 0.186268 0.186384 0.186591 0.186897 0.187309 0.187834 0.195287 0.195237 0.195028 0.194699 0.194289 0.193838 0.193386 0.192973 0.194481 0.194323 0.194147 0.193979 0.193844 0.193767 0.193773 0.193888 0.199853 0.199423 0.198781 0.197963 0.197006 0.195946 0.194819 0.193661 0.187748 0.187287 0.186899 0.186579 0.186319 0.186111 0.185950 0.185828 0.185458 0.185460 0.185423 0.185330 0.185164 0.184907 0.184541 0.184051 0.175646 0.174795 0.174051 0.173420 0.172908 0.172522 0.172269 0.172153 0.175757 0.175338 0.174779 0.174111 0.173367 0.172576 0.171771 0.170982 0.168543 0.167801 0.167020 0.166217 0.165413 0.164627 0.163879 0.163188 0.161573 0.161406 0.161254 0.161119 0.161000 0.160898 0.160812 0.160743 0.160743 0.156637 0.152719 0.149395 0.147069 0.146148 0.147037 0.150139 0.267888 0.276735 0.283953 0.289664 0.293989 0.297052 0.298972 0.299873 0.287836 0.285416 0.282936 0.280433 0.277945 0.275511 0.273168 0.270955 0.262292 0.261274 0.260269 0.259263 0.258243 0.257195 0.256104 0.254957 0.244185 0.243622 0.243213 0.242929 0.242739 0.242615 0.242525 0.242441 0.239484 0.239238 0.238982 0.238699 0.238372 0.237982 0.237512 0.236943 0.228728 0.228254 0.227874 0.227559 0.227283 0.227019 0.226739 0.226415 0.220657 0.220333 0.220097 0.219937 0.219843 0.219801 0.219800 0.219827
0.215723 0.216201 0.216738 0.217314 0.217908 0.218501 0.219072 0.219600 0.220421 0.221140 0.221931 0.222770 0.223630 0.224486 0.225312 0.226083 0.227757 0.228159 0.228593 0.229056 0.229547 0.230061 0.230596 0.231150 0.235300 0.235707 0.236134 0.236605 0.237141 0.237764 0.238498 0.239365 0.251023 0.251932 0.252696 0.253332 0.253852 0.254274 0.254610 0.254877 0.256048 0.256872 0.257890 0.259113 0.260549 0.262210 0.264105 0.266245 0.288909 0.291819 0.294297 0.296225 0.297486 0.297963 0.297539 0.296097 0.247664 0.232987 0.217760 0.202446 0.187510 0.173413 0.160621 0.149594 0.160800 0.161452 0.161955 0.162339 0.162634 0.162869 0.163074 0.163279 0.167179 0.167314 0.167376 0.167373 0.167316 0.167217 0.167084 0.166929 0.166076 0.166626 0.167256 0.167936 0.168638 0.169330 0.169985 0.170572 0.170322 0.170577 0.170874 0.171203 0.171555 0.171917 0.172282 0.172637 0.174029 0.174447 0.174922 0.175455 0.176047 0.176698 0.177409 0.178182 0.185373 0.185792 0.186098 0.186304 0.186423 0.186469 0.186455 0.186392 0.185726 0.185653 0.185622 0.185646 0.185737 0.185907 0.186169 0.186534 0.193021 0.192818 0.192462 0.191997 0.191467 0.190913 0.190380 0.189911 0.192054 0.191878 0.191662 0.191433 0.191217 0.191041 0.190933 0.190918 0.195687 0.195335 0.194812 0.194148 0.193373 0.192514 0.191603 0.190668 0.185915 0.185667 0.185490 0.185371 0.185297 0.185256 0.185237 0.185225 0.184334 0.184112 0.183850 0.183543 0.183187 0.182774 0.182301 0.181761 0.175681 0.174932 0.174248 0.173640 0.173119 0.172698 0.172387 0.172198 0.175264 0.174790 0.174186 0.173484 0.172716 0.171916 0.171114 0.170345 0.168577 0.167746 0.166857 0.165938 0.165020 0.164130 0.163297 0.162551 0.162176 0.161982 0.161775 0.161561 0.161347 0.161140 0.160948 0.160777 0.160777 0.156973 0.153271 0.150022 0.147578 0.146291 0.146510 0.148587 0.244663 0.255923 0.266302 0.275709 0.284056 0.291254 0.297215 0.301850 0.289701 0.286751 0.283693 0.280591 0.277511 0.274518 0.271676 0.269051 0.262210 0.261252 0.260278 0.259282 0.258254 0.257190 0.256082 0.254923 0.244791 0.244097 0.243532 0.243074 0.242706 0.242405 0.242153 0.241929 0.239473 0.238977 0.238445 0.237878 0.237276 0.236639 0.235967 0.235261 0.229376 0.228802 0.228265 0.227757 0.227266 0.226785 0.226302 0.225809 0.221249 0.220896 0.220604 0.220365 0.220175 0.220030 0.219923 0.219850
0.215677 0.216117 0.216622 0.217177 0.217768 0.218378 0.218994 0.219600 0.222313 0.222757 0.223205 0.223654 0.224101 0.224542 0.224974 0.225395 0.227733 0.228167 0.228622 0.229097 0.229590 0.230102 0.230629 0.231173 0.235300 0.235510 0.235727 0.235982 0.236310 0.236745 0.237320 0.238068 0.250977 0.251931 0.252722 0.253370 0.253894 0.254314 0.254651 0.254923 0.256697 0.257480 0.258434 0.259571 0.260904 0.262444 0.264205 0.266200 0.287748 0.291354 0.294495 0.296971 0.298583 0.299133 0.298421 0.296248 0.223413 0.210962 0.198745 0.187010 0.176006 0.165980 0.157183 0.149861 0.160800 0.161367 0.161782 0.162077 0.162284 0.162435 0.162563 0.162699 0.166599 0.166709 0.166748 0.166731 0.166671 0.166582 0.166477 0.166371 0.166747 0.167188 0.167671 0.168175 0.168683 0.169175 0.169633 0.170038 0.169811 0.169973 0.170169 0.170396 0.170648 0.170920 0.171208 0.171508 0.173526 0.174052 0.174616 0.175211 0.175831 0.176467 0.177113 0.177763 0.181794 0.182317 0.182813 0.183281 0.183714 0.184111 0.184466 0.184775 0.185329 0.185272 0.185225 0.185203 0.185220 0.185292 0.185432 0.185656 0.190801 0.190463 0.189989 0.189424 0.188811 0.188196 0.187622 0.187134 0.189834 0.189626 0.189355 0.189049 0.188737 0.188448 0.188209 0.188050 0.191545 0.191282 0.190894 0.190401 0.189826 0.189190 0.188515 0.187822 0.184297 0.184274 0.184317 0.184406 0.184525 0.184655 0.184778 0.184875 0.183311 0.182833 0.182315 0.181764 0.181190 0.180600 0.180002 0.179404 0.175887 0.175239 0.174608 0.174011 0.173466 0.172989 0.172599 0.172312 0.174691 0.174180 0.173551 0.172839 0.172074 0.171289 0.170517 0.169788 0.168623 0.167708 0.166720 0.165696 0.164674 0.163691 0.162785 0.161994 0.162847 0.162619 0.162348 0.162046 0.161728 0.161409 0.161102 0.160823 0.160823 0.157617 0.154448 0.151595 0.149339 0.147959 0.147735 0.148945 0.221082 0.234567 0.247944 0.260912 0.273169 0.284416 0.294351 0.302673 0.290479 0.287144 0.283668 0.280138 0.276638 0.273255 0.270074 0.267182 0.262210 0.261302 0.260346 0.259343 0.258295 0.257200 0.256061 0.254877 0.245409 0.244571 0.243834 0.243188 0.242623 0.242131 0.241702 0.241326 0.239405 0.238635 0.237801 0.236923 0.236020 0.235112 0.234219 0.233362 0.230001 0.229335 0.228647 0.227947 0.227243 0.226543 0.225856 0.225191 0.221851 0.221465 0.221108 0.220782 0.220488 0.220230 0.220009 0.219827
0.215643 0.216044 0.216515 0.217048 0.217633 0.218259 0.218918 0.219600 0.224193 0.224362 0.224467 0.224527 0.224560 0.224587 0.224626 0.224697 0.227675 0.228149 0.228634 0.229131 0.229639 0.230159 0.230689 0.231229 0.235300 0.235332 0.235356 0.235417 0.235559 0.235823 0.236255 0.236897 0.250943 0.251933 0.252743 0.253398 0.253922 0.254340 0.254677 0.254957 0.257401 0.258188 0.259116 0.260195 0.261438 0.262853 0.264452 0.266245 0.285135 0.289327 0.293053 0.296034 0.297989 0.298638 0.297703 0.294903 0.199585 0.189578 0.180564 0.172573 0.165635 0.159781 0.155039 0.151441 0.160800 0.161229 0.161523 0.161716 0.161837 0.161918 0.161990 0.162085 0.165985 0.166073 0.166095 0.166069 0.166010 0.165937 0.165866 0.165814 0.167429 0.167765 0.168103 0.168435 0.168752 0.169048 0.169313 0.169539 0.169369 0.169440 0.169537 0.169663 0.169816 0.169999 0.170213 0.170458 0.173125 0.173750 0.174393 0.175040 0.175678 0.176291 0.176866 0.177388 0.178387 0.179009 0.179690 0.180409 0.181146 0.181880 0.182592 0.183260 0.185013 0.185005 0.184977 0.184945 0.184924 0.184928 0.184974 0.185075 0.188615 0.188164 0.187602 0.186973 0.186318 0.185681 0.185104 0.184631 0.187809 0.187558 0.187222 0.186830 0.186414 0.186003 0.185627 0.185318 0.187541 0.187371 0.187121 0.186805 0.186435 0.186027 0.185593 0.185147 0.182862 0.183062 0.183321 0.183616 0.183923 0.184217 0.184475 0.184672 0.182346 0.181597 0.180809 0.180003 0.179202 0.178426 0.177697 0.177037 0.176160 0.175612 0.175030 0.174438 0.173858 0.173316 0.172835 0.172439 0.174039 0.173509 0.172880 0.172182 0.171446 0.170702 0.169981 0.169312 0.168657 0.167669 0.166595 0.165479 0.164368 0.163306 0.162341 0.161516 0.163529 0.163262 0.162922 0.162528 0.162104 0.161669 0.161247 0.160857 0.160857 0.158459 0.156051 0.153831 0.151994 0.150738 0.150259 0.150755 0.198016 0.213420 0.229478 0.245684 0.261536 0.276530 0.290162 0.301929 0.289780 0.286271 0.282610 0.278895 0.275222 0.271691 0.268397 0.265439 0.262292 0.261423 0.260475 0.259456 0.258375 0.257240 0.256060 0.254843 0.246015 0.245025 0.244106 0.243262 0.242493 0.241801 0.241188 0.240655 0.239314 0.238261 0.237113 0.235911 0.234694 0.233503 0.232378 0.231359 0.230570 0.229822 0.228995 0.228114 0.227206 0.226298 0.225415 0.224585 0.222443 0.222019 0.221593 0.221176 0.220775 0.220401 0.220063 0.219771
0.215643 0.216002 0.216438 0.216945 0.217520 0.218157 0.218852 0.219600 0.225956 0.225869 0.225654 0.225349 0.224996 0.224635 0.224305 0.224046 0.227593 0.228111 0.228633 0.229159 0.229689 0.230224 0.230764 0.231309 0.235300 0.235184 0.235051 0.234954 0.234943 0.235070 0.235386 0.235944 0.250943 0.251953 0.252768 0.253418 0.253932 0.254340 0.254672 0.254957 0.258118 0.258965 0.259919 0.260984 0.262162 0.263456 0.264869 0.266404 0.280807 0.285423 0.289613 0.293020 0.295288 0.296062 0.294986 0.291705 0.177105 0.169628 0.163837 0.159555 0.156601 0.154798 0.153965 0.153925 0.160800 0.161053 0.161206 0.161288 0.161325 0.161346 0.161378 0.161448 0.165348 0.165419 0.165428 0.165396 0.165343 0.165289 0.165253 0.165257 0.168066 0.168302 0.168504 0.168673 0.168811 0.168921 0.169005 0.169064 0.168973 0.168958 0.168963 0.168992 0.169053 0.169152 0.169295 0.169488 0.172795 0.173499 0.174201 0.174882 0.175521 0.176099 0.176595 0.176990 0.175255 0.175963 0.176805 0.177747 0.178754 0.179791 0.180822 0.181813 0.184697 0.184761 0.184778 0.184764 0.184732 0.184695 0.184668 0.184664 0.186452 0.185915 0.185298 0.184641 0.183982 0.183361 0.182817 0.182390 0.185968 0.185668 0.185261 0.184780 0.184257 0.183724 0.183213 0.182757 0.183787 0.183708 0.183591 0.183443 0.183270 0.183078 0.182875 0.182666 0.181574 0.181983 0.182444 0.182930 0.183409 0.183852 0.184231 0.184515 0.181391 0.180377 0.179325 0.178271 0.177248 0.176291 0.175436 0.174716 0.176399 0.175947 0.175411 0.174821 0.174208 0.173600 0.173027 0.172520 0.173309 0.172781 0.172175 0.171517 0.170836 0.170157 0.169508 0.168916 0.168657 0.167609 0.166465 0.165276 0.164095 0.162973 0.161964 0.161118 0.164166 0.163857 0.163446 0.162962 0.162433 0.161887 0.161352 0.160857 0.160857 0.159390 0.157882 0.156444 0.155183 0.154210 0.153632 0.153559 0.176332 0.193238 0.211501 0.230437 0.249361 0.267588 0.284432 0.299209 0.287217 0.283807 0.280263 0.276682 0.273160 0.269793 0.266679 0.263914 0.262455 0.261616 0.260667 0.259625 0.258506 0.257325 0.256099 0.254843 0.246587 0.245438 0.244334 0.243288 0.242313 0.241422 0.240626 0.239939 0.239234 0.237902 0.236444 0.234920 0.233389 0.231914 0.230553 0.229367 0.231048 0.230233 0.229283 0.228241 0.227150 0.226053 0.224993 0.224013 0.223000 0.222537 0.222043 0.221536 0.221031 0.220544 0.220092 0.219691
0.215700 0.216016 0.216412 0.216888 0.217445 0.218082 0.218800 0.219600 0.227500 0.227193 0.226701 0.226083 0.225395 0.224697 0.224046 0.223500 0.227500 0.228061 0.228620 0.229178 0.229734 0.230290 0.230845 0.231400 0.235300 0.235082 0.234841 0.234635 0.234520 0.234555 0.234796 0.235300 0.251000 0.252004 0.252802 0.253428 0.253917 0.254302 0.254618 0.254900 0.258800 0.259779 0.260828 0.261935 0.263087 0.264274 0.265482 0.266700 0.274500 0.279327 0.283813 0.287534 0.290066 0.290987 0.289873 0.286300 0.156900 0.151905 0.149184 0.148373 0.149105 0.151014 0.153734 0.156900 0.160800 0.160857 0.160857 0.160823 0.160777 0.160743 0.160743 0.160800 0.164700 0.164757 0.164757 0.164723 0.164677 0.164643 0.164643 0.164700 0.168600 0.168748 0.168827 0.168850 0.168827 0.168771 0.168691 0.168600 0.168600 0.168509 0.168429 0.168373 0.168350 0.168373 0.168452 0.168600 0.172500 0.173254 0.173987 0.174674 0.175293 0.175819 0.176229 0.176500 0.172500 0.173271 0.174238 0.175356 0.176577 0.177856 0.179145 0.180400 0.184300 0.184448 0.184527 0.184550 0.184527 0.184471 0.184391 0.184300 0.184300 0.183709 0.183072 0.182424 0.181799 0.181230 0.180752 0.180400 0.184300 0.183948 0.183470 0.182901 0.182276 0.181628 0.180991 0.180400 0.180400 0.180400 0.180400 0.180400 0.180400 0.180400 0.180400 0.180400 0.180400 0.180991 0.181628 0.182276 0.182901 0.183470 0.183948 0.184300 0.180400 0.179146 0.177856 0.176577 0.175356 0.174238 0.173271 0.172500 0.176500 0.176138 0.175649 0.175066 0.174424 0.173759 0.173106 0.172500 0.172500 0.172000 0.171443 0.170851 0.170249 0.169657 0.169100 0.168600 0.168600 0.167508 0.166315 0.165075 0.163847 0.162687 0.161653 0.160800 0.164700 0.164348 0.163870 0.163301 0.162676 0.162028 0.161391 0.160800 0.160800 0.160300 0.159743 0.159151 0.158549 0.157957 0.157400 0.156900 0.156900 0.174773 0.194612 0.215582 0.236850 0.257582 0.276943 0.294100 0.282400 0.279429 0.276376 0.273322 0.270346 0.267530 0.264954 0.262700 0.262700 0.261881 0.260926 0.259857 0.258698 0.257470 0.256196 0.254900 0.247100 0.245791 0.244503 0.243260 0.242085 0.241001 0.240031 0.239200 0.239200 0.237608 0.235857 0.234027 0.232196 0.230445 0.228853 0.227500 0.231400 0.230534 0.229485 0.228310 0.227067 0.225813 0.224604 0.223500 0.223500 0.223000 0.222443 0.221851 0.221249 0.220657 0.220100 0.219600
0.219600 0.219509 0.219429 0.219373 0.219350 0.219373 0.219452 0.219600 0.223500 0.224161 0.224812 0.225441 0.226036 0.226586 0.227078 0.227500 0.227500 0.227909 0.228387 0.228921 0.229501 0.230115 0.230752 0.231400 0.235300 0.236780 0.238386 0.240084 0.241839 0.243616 0.245382 0.247100 0.254900 0.254513 0.253956 0.253297 0.252603 0.251944 0.251387 0.251000 0.258800 0.263946 0.268829 0.273028 0.276117 0.277675 0.277277 0.274500 0.152900 0.148804 0.146894 0.146792 0.148119 0.150498 0.153551 0.156900 0.156900 0.156809 0.156729 0.156673 0.156650 0.156673 0.156752 0.156900 0.160800 0.160357 0.159799 0.159174 0.158526 0.157901 0.157343 0.156900 0.160800 0.160857 0.160857 0.160823 0.160777 0.160743 0.160743 0.160800 0.164700 0.164848 0.164927 0.164950 0.164927 0.164871 0.164791 0.164700 0.164700 0.164609 0.164529 0.164473 0.164450 0.164473 0.164552 0.164700 0.168600 0.168066 0.167429 0.166747 0.166076 0.165473 0.164996 0.164700 0.172500 0.172204 0.171727 0.171124 0.170453 0.169771 0.169134 0.168600 0.172500 0.172739 0.172898 0.172978 0.172978 0.172898 0.172739 0.172500 0.168600 0.168859 0.169255 0.169765 0.170367 0.171039 0.171757 0.172500 0.176500 0.176045 0.175474 0.174832 0.174168 0.173526 0.172955 0.172500 0.176500 0.176138 0.175649 0.175066 0.174424 0.173759 0.173106 0.172500 0.172500 0.172591 0.172671 0.172727 0.172750 0.172727 0.172648 0.172500 0.168600 0.167952 0.167315 0.166701 0.166121 0.165587 0.165109 0.164700 0.164700 0.164700 0.164700 0.164700 0.164700 0.164700 0.164700 0.164700 0.164700 0.165291 0.165928 0.166576 0.167201 0.167770 0.168248 0.168600 0.164700 0.164052 0.163415 0.162801 0.162221 0.161687 0.161209 0.160800 0.160800 0.160300 0.159743 0.159151 0.158549 0.157957 0.157400 0.156900 0.156900 0.156900 0.156900 0.156900 0.156900 0.156900 0.156900 0.156900 0.156900 0.156993 0.157075 0.157133 0.157157 0.157133 0.157052 0.156900 0.152900 0.167938 0.184750 0.202627 0.220860 0.238740 0.255556 0.270600 0.266700 0.265812 0.264842 0.263792 0.262663 0.261454 0.260166 0.258800 0.247100 0.244961 0.242877 0.240906 0.239106 0.237533 0.236245 0.235300 0.243100 0.241394 0.239325 0.237006 0.234550 0.232071 0.229683 0.227500 0.227500 0.226987 0.226415 0.225809 0.225191 0.224585 0.224013 0.223500 0.223500 0.223000 0.222443 0.221851 0.221249 0.220657 0.220100 0.219600
0.218565 0.218611 0.218679 0.218775 0.218902 0.219064 0.219265 0.219509 0.222757 0.223615 0.224496 0.225373 0.226221 0.227014 0.227728 0.228336 0.227500 0.227866 0.228313 0.228829 0.229400 0.230012 0.230653 0.231309 0.235209 0.236699 0.238314 0.240020 0.241781 0.243560 0.245323 0.247034 0.254548 0.254189 0.253684 0.253104 0.252520 0.252001 0.251619 0.251443 0.261952 0.264584 0.266668 0.267928 0.268088 0.266870 0.263999 0.259197 0.148291 0.144383 0.142475 0.142241 0.143352 0.145481 0.148301 0.151483 0.156387 0.156467 0.156472 0.156428 0.156362 0.156300 0.156268 0.156294 0.160300 0.159917 0.159423 0.158859 0.158267 0.157691 0.157172 0.156752 0.160152 0.160291 0.160388 0.160456 0.160511 0.160568 0.160640 0.160743 0.163552 0.163736 0.163880 0.163987 0.164062 0.164111 0.164136 0.164143 0.164052 0.163955 0.163872 0.163813 0.163791 0.163815 0.163899 0.164052 0.168043 0.167461 0.166770 0.166028 0.165296 0.164633 0.164099 0.163752 0.171590 0.171315 0.170856 0.170269 0.169609 0.168931 0.168291 0.167743 0.171143 0.171341 0.171471 0.171534 0.171531 0.171464 0.171334 0.171143 0.168187 0.168467 0.168861 0.169347 0.169903 0.170510 0.171147 0.171791 0.174782 0.174452 0.174037 0.173570 0.173087 0.172621 0.172208 0.171882 0.174929 0.174670 0.174311 0.173876 0.173392 0.172881 0.172370 0.171882 0.171200 0.171246 0.171293 0.171330 0.171345 0.171327 0.171263 0.171143 0.167743 0.167201 0.166671 0.166161 0.165680 0.165236 0.164838 0.164495 0.164344 0.164282 0.164216 0.164148 0.164081 0.164017 0.163957 0.163904 0.163904 0.164473 0.165086 0.165712 0.166317 0.166871 0.167339 0.167690 0.164143 0.163519 0.162900 0.162299 0.161727 0.161195 0.160716 0.160300 0.160152 0.159694 0.159192 0.158665 0.158137 0.157628 0.157159 0.156752 0.157437 0.157406 0.157356 0.157293 0.157221 0.157143 0.157066 0.156993 0.156993 0.156323 0.155559 0.154725 0.153846 0.152948 0.152053 0.151187 0.147992 0.161409 0.176490 0.192633 0.209237 0.225701 0.241423 0.255801 0.268308 0.267856 0.267016 0.265848 0.264408 0.262755 0.260946 0.259039 0.247785 0.245724 0.243708 0.241790 0.240023 0.238459 0.237151 0.236153 0.242247 0.240770 0.238981 0.236973 0.234838 0.232668 0.230555 0.228592 0.226746 0.226259 0.225758 0.225255 0.224765 0.224299 0.223873 0.223500 0.223500 0.223000 0.222443 0.221851 0.221249 0.220657 0.220100 0.219600
0.217371 0.217575 0.217815 0.218089 0.218392 0.218719 0.219067 0.219429 0.222039 0.223086 0.224187 0.225302 0.226393 0.227421 0.228349 0.229136 0.227500 0.227825 0.228245 0.228744 0.229307 0.229919 0.230565 0.231229 0.235129 0.236590 0.238173 0.239843 0.241566 0.243306 0.245031 0.246703 0.254070 0.253784 0.253377 0.252920 0.252482 0.252136 0.251952 0.252001 0.264830 0.264629 0.263590 0.261603 0.258559 0.254348 0.248859 0.241985 0.145810 0.142304 0.140539 0.140241 0.141138 0.142957 0.145425 0.148270 0.155815 0.155983 0.156029 0.155986 0.155891 0.155779 0.155683 0.155641 0.159743 0.159438 0.159025 0.158542 0.158027 0.157519 0.157054 0.156673 0.159515 0.159743 0.159943 0.160122 0.160286 0.160440 0.160591 0.160743 0.162358 0.162580 0.162792 0.162990 0.163172 0.163333 0.163472 0.163586 0.163415 0.163314 0.163227 0.163167 0.163144 0.163170 0.163257 0.163415 0.167486 0.166881 0.166162 0.165388 0.164620 0.163918 0.163343 0.162955 0.170556 0.170325 0.169917 0.169385 0.168778 0.168149 0.167548 0.167025 0.169868 0.170018 0.170114 0.170157 0.170152 0.170099 0.170004 0.169868 0.168026 0.168313 0.168685 0.169121 0.169604 0.170115 0.170638 0.171152 0.173016 0.172825 0.172582 0.172308 0.172024 0.171752 0.171511 0.171323 0.173244 0.173103 0.172896 0.172637 0.172337 0.172009 0.171667 0.171323 0.169924 0.169931 0.169952 0.169976 0.169992 0.169988 0.169950 0.169868 0.167025 0.166588 0.166162 0.165753 0.165368 0.165013 0.164693 0.164416 0.164183 0.164046 0.163899 0.163747 0.163595 0.163447 0.163310 0.163188 0.163188 0.163704 0.164262 0.164833 0.165387 0.165894 0.166327 0.166656 0.163586 0.162982 0.162375 0.161777 0.161203 0.160664 0.160173 0.159743 0.159515 0.159109 0.158670 0.158217 0.157771 0.157352 0.156979 0.156673 0.158076 0.158000 0.157886 0.157743 0.157580 0.157408 0.157236 0.157075 0.157075 0.155945 0.154672 0.153304 0.151888 0.150470 0.149097 0.147815 0.145349 0.156582 0.169314 0.183078 0.197410 0.211842 0.225910 0.239148 0.269422 0.269508 0.268883 0.267666 0.265972 0.263918 0.261621 0.259198 0.248503 0.246552 0.244635 0.242799 0.241089 0.239553 0.238237 0.237187 0.241213 0.239987 0.238514 0.236860 0.235093 0.233280 0.231488 0.229785 0.226013 0.225548 0.225112 0.224709 0.224342 0.224016 0.223734 0.223500 0.223500 0.223000 0.222443 0.221851 0.221249 0.220657 0.220100 0.219600
0.216098 0.216472 0.216899 0.217366 0.217860 0.218368 0.218877 0.219373 0.221367 0.222588 0.223891 0.225226 0.226541 0.227787 0.228912 0.229866 0.227500 0.227791 0.228187 0.228673 0.229232 0.229846 0.230498 0.231173 0.235073 0.236472 0.237987 0.239585 0.241233 0.242901 0.244556 0.246166 0.253501 0.253330 0.253060 0.252759 0.252497 0.252341 0.252362 0.252626 0.267078 0.263879 0.259564 0.254200 0.247855 0.240594 0.232485 0.223595 0.145101 0.142164 0.140651 0.140347 0.141035 0.142502 0.144532 0.146909 0.155209 0.155396 0.155447 0.155399 0.155291 0.155159 0.155041 0.154976 0.159151 0.158936 0.158618 0.158230 0.157806 0.157379 0.156983 0.156650 0.158901 0.159218 0.159525 0.159817 0.160091 0.160345 0.160575 0.160777 0.161152 0.161413 0.161693 0.161983 0.162272 0.162550 0.162805 0.163029 0.162801 0.162696 0.162607 0.162546 0.162523 0.162551 0.162639 0.162801 0.166929 0.166324 0.165601 0.164818 0.164036 0.163315 0.162715 0.162294 0.169430 0.169262 0.168932 0.168485 0.167965 0.167418 0.166889 0.166422 0.168673 0.168773 0.168832 0.168854 0.168845 0.168808 0.168749 0.168673 0.168048 0.168332 0.168667 0.169036 0.169426 0.169821 0.170208 0.170572 0.171239 0.171192 0.171128 0.171056 0.170980 0.170907 0.170845 0.170799 0.171489 0.171476 0.171434 0.171364 0.171266 0.171139 0.170984 0.170799 0.168696 0.168666 0.168666 0.168683 0.168705 0.168719 0.168712 0.168673 0.166422 0.166087 0.165761 0.165449 0.165156 0.164884 0.164640 0.164427 0.164171 0.163953 0.163716 0.163469 0.163221 0.162979 0.162753 0.162551 0.162551 0.162992 0.163468 0.163956 0.164431 0.164868 0.165243 0.165530 0.163029 0.162442 0.161842 0.161244 0.160661 0.160108 0.159600 0.159151 0.158901 0.158554 0.158184 0.157810 0.157452 0.157126 0.156853 0.156650 0.158759 0.158631 0.158441 0.158207 0.157944 0.157666 0.157391 0.157133 0.157133 0.155800 0.154305 0.152706 0.151059 0.149423 0.147854 0.146409 0.144594 0.153242 0.163181 0.174101 0.185689 0.197635 0.209626 0.221350 0.269792 0.270514 0.270206 0.269041 0.267193 0.264834 0.262138 0.259278 0.249209 0.247395 0.245603 0.243872 0.242243 0.240753 0.239441 0.238347 0.240053 0.239092 0.237954 0.236678 0.235306 0.233880 0.232439 0.231025 0.225326 0.224875 0.224498 0.224188 0.223939 0.223746 0.223601 0.223500 0.223500 0.223000 0.222443 0.221851 0.221249 0.220657 0.220100 0.219600
0.214824 0.215372 0.215990 0.216655 0.217346 0.218040 0.218716 0.219350 0.220765 0.222136 0.223616 0.225142 0.226654 0.228091 0.229390 0.230491 0.227500 0.227764 0.228145 0.228624 0.229182 0.229802 0.230464 0.231150 0.235050 0.236363 0.237781 0.239277 0.240823 0.242391 0.243952 0.245479 0.252876 0.252856 0.252756 0.252640 0.252571 0.252611 0.252824 0.253274 0.268344 0.262134 0.254561 0.245868 0.236299 0.226096 0.215502 0.204760 0.145810 0.143558 0.142377 0.142111 0.142602 0.143693 0.145226 0.147046 0.154591 0.154746 0.154777 0.154721 0.154613 0.154488 0.154384 0.154334 0.158549 0.158429 0.158214 0.157930 0.157606 0.157269 0.156949 0.156673 0.158321 0.158725 0.159133 0.159534 0.159916 0.160266 0.160573 0.160823 0.159970 0.160264 0.160609 0.160987 0.161380 0.161770 0.162140 0.162471 0.162221 0.162115 0.162025 0.161963 0.161940 0.161968 0.162058 0.162221 0.166371 0.165786 0.165080 0.164310 0.163536 0.162814 0.162203 0.161761 0.168248 0.168155 0.167920 0.167580 0.167171 0.166732 0.166299 0.165911 0.167559 0.167607 0.167628 0.167629 0.167615 0.167595 0.167574 0.167559 0.168185 0.168459 0.168748 0.169041 0.169327 0.169595 0.169836 0.170038 0.169484 0.169579 0.169695 0.169822 0.169953 0.170080 0.170194 0.170288 0.169711 0.169827 0.169954 0.170079 0.170187 0.170267 0.170305 0.170288 0.167537 0.167474 0.167455 0.167466 0.167495 0.167529 0.167555 0.167559 0.165911 0.165672 0.165441 0.165220 0.165013 0.164821 0.164647 0.164495 0.164262 0.163962 0.163633 0.163288 0.162939 0.162599 0.162279 0.161994 0.161994 0.162340 0.162714 0.163098 0.163473 0.163819 0.164117 0.164348 0.162471 0.161902 0.161308 0.160706 0.160112 0.159543 0.159017 0.158549 0.158321 0.158037 0.157740 0.157449 0.157179 0.156949 0.156774 0.156673 0.159431 0.159243 0.158975 0.158646 0.158279 0.157894 0.157513 0.157157 0.157157 0.155830 0.154346 0.152762 0.151137 0.149528 0.147993 0.146591 0.145349 0.151172 0.158051 0.165839 0.174388 0.183549 0.193174 0.203117 0.269165 0.270620 0.270748 0.269771 0.267913 0.265396 0.262443 0.259278 0.249858 0.248199 0.246554 0.244951 0.243421 0.241995 0.240703 0.239575 0.238825 0.238129 0.237329 0.236438 0.235471 0.234442 0.233364 0.232253 0.224707 0.224266 0.223940 0.223713 0.223570 0.223497 0.223479 0.223500 0.223500 0.223000 0.222443 0.221851 0.221249 0.220657 0.220100 0.219600
0.213631 0.214347 0.215149 0.216007 0.216889 0.217764 0.218603 0.219373 0.220255 0.221745 0.223366 0.225048 0.226720 0.228312 0.229755 0.230978 0.227500 0.227748 0.228122 0.228602 0.229167 0.229797 0.230473 0.231173 0.235073 0.236280 0.237581 0.238954 0.240375 0.241822 0.243271 0.244701 0.252228 0.252392 0.252492 0.252579 0.252710 0.252937 0.253316 0.253899 0.268272 0.259191 0.248550 0.236756 0.224218 0.211342 0.198537 0.186211 0.147582 0.146082 0.145284 0.145089 0.145396 0.146105 0.147115 0.148326 0.153985 0.154071 0.154067 0.154004 0.153910 0.153817 0.153754 0.153751 0.157957 0.157935 0.157824 0.157646 0.157426 0.157185 0.156945 0.156729 0.157787 0.158268 0.158769 0.159270 0.159750 0.160188 0.160564 0.160857 0.158844 0.159167 0.159569 0.160026 0.160514 0.161007 0.161482 0.161914 0.161687 0.161582 0.161493 0.161432 0.161409 0.161436 0.161525 0.161687 0.165814 0.165264 0.164593 0.163856 0.163107 0.162402 0.161795 0.161341 0.167042 0.167032 0.166902 0.166681 0.166399 0.166083 0.165764 0.165469 0.166526 0.166523 0.166507 0.166487 0.166470 0.166465 0.166481 0.166526 0.168368 0.168629 0.168870 0.169084 0.169264 0.169405 0.169499 0.169539 0.167786 0.168016 0.168300 0.168616 0.168943 0.169259 0.169540 0.169767 0.167956 0.168197 0.168486 0.168798 0.169107 0.169389 0.169617 0.169767 0.166469 0.166376 0.166339 0.166344 0.166378 0.166428 0.166482 0.166526 0.165469 0.165320 0.165176 0.165038 0.164909 0.164790 0.164681 0.164586 0.164411 0.164033 0.163616 0.163176 0.162730 0.162294 0.161884 0.161516 0.161516 0.161754 0.162011 0.162275 0.162534 0.162773 0.162980 0.163142 0.161914 0.161364 0.160777 0.160173 0.159569 0.158987 0.158443 0.157957 0.157787 0.157568 0.157346 0.157136 0.156955 0.156816 0.156736 0.156729 0.160033 0.159786 0.159439 0.159019 0.158552 0.158064 0.157582 0.157133 0.157133 0.155977 0.154685 0.153309 0.151900 0.150509 0.149186 0.147985 0.147237 0.150157 0.153883 0.158431 0.163816 0.170055 0.177163 0.185158 0.267292 0.269572 0.270271 0.269651 0.267973 0.265497 0.262485 0.259198 0.250403 0.248915 0.247432 0.245974 0.244562 0.243218 0.241962 0.240815 0.237585 0.237143 0.236669 0.236153 0.235580 0.234941 0.234222 0.233413 0.224181 0.223744 0.223458 0.223301 0.223250 0.223281 0.223372 0.223500 0.223500 0.223000 0.222443 0.221851 0.221249 0.220657 0.220100 0.219600
0.212596 0.213466 0.214437 0.215471 0.216528 0.217569 0.218557 0.219452 0.219859 0.221430 0.223149 0.224940 0.226726 0.228431 0.229979 0.231292 0.227500 0.227747 0.228126 0.228616 0.229195 0.229842 0.230535 0.231252 0.235152 0.236241 0.237411 0.238646 0.239929 0.241241 0.242567 0.243888 0.251591 0.251970 0.252290 0.252594 0.252921 0.253314 0.253812 0.254457 0.266509 0.254851 0.241501 0.227012 0.211934 0.196818 0.182217 0.168681 0.150064 0.149330 0.148936 0.148834 0.148976 0.149315 0.149804 0.150395 0.153413 0.153412 0.153367 0.153301 0.153236 0.153193 0.153194 0.153262 0.157400 0.157470 0.157459 0.157387 0.157268 0.157121 0.156962 0.156809 0.157309 0.157854 0.158434 0.159019 0.159582 0.160095 0.160529 0.160857 0.157810 0.158153 0.158600 0.159122 0.159689 0.160271 0.160837 0.161357 0.161209 0.161109 0.161024 0.160964 0.160941 0.160967 0.161052 0.161209 0.165257 0.164755 0.164135 0.163446 0.162741 0.162068 0.161480 0.161025 0.165848 0.165920 0.165898 0.165801 0.165650 0.165465 0.165266 0.165073 0.165573 0.165523 0.165473 0.165433 0.165413 0.165423 0.165473 0.165573 0.168529 0.168777 0.168973 0.169113 0.169195 0.169216 0.169174 0.169064 0.166180 0.166528 0.166962 0.167448 0.167950 0.168435 0.168867 0.169212 0.166271 0.166623 0.167058 0.167541 0.168034 0.168501 0.168906 0.169212 0.165516 0.165395 0.165338 0.165333 0.165366 0.165425 0.165499 0.165573 0.165073 0.165004 0.164937 0.164874 0.164815 0.164760 0.164710 0.164666 0.164573 0.164126 0.163631 0.163106 0.162573 0.162051 0.161559 0.161118 0.161118 0.161239 0.161369 0.161504 0.161635 0.161758 0.161864 0.161948 0.161357 0.160829 0.160254 0.159652 0.159044 0.158453 0.157898 0.157400 0.157309 0.157155 0.157007 0.156876 0.156778 0.156725 0.156731 0.156809 0.160508 0.160205 0.159787 0.159284 0.158729 0.158151 0.157581 0.157052 0.157052 0.156182 0.155212 0.154180 0.153125 0.152087 0.151103 0.150213 0.149880 0.149982 0.150636 0.152013 0.154285 0.157623 0.162199 0.168183 0.263920 0.267115 0.268540 0.268478 0.267213 0.265030 0.262210 0.259039 0.250799 0.249490 0.248181 0.246882 0.245604 0.244359 0.243157 0.242008 0.236392 0.236178 0.236004 0.235832 0.235626 0.235351 0.234970 0.234447 0.223771 0.223331 0.223075 0.222971 0.222992 0.223106 0.223286 0.223500 0.223500 0.223000 0.222443 0.221851 0.221249 0.220657 0.220100 0.219600
0.211800 0.212801 0.213915 0.215097 0.216303 0.217485 0.218599 0.219600 0.219600 0.221205 0.222970 0.224816 0.226662 0.228428 0.230034 0.231400 0.227500 0.227762 0.228159 0.228671 0.229274 0.229945 0.230661 0.231400 0.235300 0.236264 0.237297 0.238387 0.239523 0.240695 0.241891 0.243100 0.251000 0.251618 0.252177 0.252701 0.253212 0.253733 0.254288 0.254900 0.262700 0.248910 0.233384 0.216783 0.199772 0.183012 0.167167 0.152900 0.152900 0.152900 0.152900 0.152900 0.152900 0.152900 0.152900 0.152900 0.152900 0.152807 0.152725 0.152667 0.152643 0.152667 0.152748 0.152900 0.156900 0.157052 0.157133 0.157157 0.157133 0.157075 0.156993 0.156900 0.156900 0.157491 0.158128 0.158776 0.159401 0.159970 0.160448 0.160800 0.156900 0.157252 0.157730 0.158299 0.158924 0.159572 0.160209 0.160800 0.160800 0.160709 0.160629 0.160573 0.160550 0.160573 0.160652 0.160800 0.164700 0.164257 0.163699 0.163074 0.162426 0.161801 0.161243 0.160800 0.164700 0.164848 0.164927 0.164950 0.164927 0.164871 0.164791 0.164700 0.164700 0.164609 0.164529 0.164473 0.164450 0.164473 0.164552 0.164700 0.168600 0.168839 0.168998 0.169078 0.169078 0.168998 0.168839 0.168600 0.164700 0.165143 0.165701 0.166326 0.166974 0.167599 0.168157 0.168600 0.164700 0.165143 0.165701 0.166326 0.166974 0.167599 0.168157 0.168600 0.164700 0.164552 0.164473 0.164450 0.164473 0.164529 0.164609 0.164700 0.164700 0.164700 0.164700 0.164700 0.164700 0.164700 0.164700 0.164700 0.164700 0.164200 0.163643 0.163051 0.162449 0.161857 0.161300 0.160800 0.160800 0.160800 0.160800 0.160800 0.160800 0.160800 0.160800 0.160800 0.160800 0.160300 0.159743 0.159151 0.158549 0.157957 0.157400 0.156900 0.156900 0.156809 0.156729 0.156673 0.156650 0.156673 0.156752 0.156900 0.160800 0.160448 0.159970 0.159401 0.158776 0.158128 0.157491 0.156900 0.156900 0.156387 0.155815 0.155209 0.154591 0.153985 0.153413 0.152900 0.152900 0.150430 0.148269 0.146725 0.146108 0.146725 0.148886 0.152900 0.258800 0.262996 0.265316 0.266047 0.265475 0.263886 0.261566 0.258800 0.251000 0.249873 0.248744 0.247615 0.246485 0.245356 0.244227 0.243100 0.235300 0.235280 0.235361 0.235488 0.235602 0.235647 0.235565 0.235300 0.223500 0.223053 0.222812 0.222743 0.222812 0.222984 0.223225 0.223500 0.223500 0.223000 0.222443 0.221851 0.221249 0.220657 0.220100 0.219600
0.219600 0.220100 0.220657 0.221249 0.221851 0.222443 0.223000 0.223500 0.223500 0.223407 0.223325 0.223267 0.223243 0.223267 0.223348 0.223500 0.227500 0.228561 0.229678 0.230827 0.231986 0.233133 0.234245 0.235300 0.239200 0.239664 0.240139 0.240638 0.241172 0.241753 0.242391 0.243100 0.251000 0.253678 0.255921 0.257454 0.258003 0.257293 0.255050 0.251000 0.149000 0.145634 0.144110 0.144106 0.145304 0.147382 0.150021 0.152900 0.152900 0.152900 0.152900 0.152900 0.152900 0.152900 0.152900 0.152900 0.152900 0.153413 0.153985 0.154591 0.155209 0.155815 0.156387 0.156900 0.156900 0.156900 0.156900 0.156900 0.156900 0.156900 0.156900 0.156900 0.156900 0.156900 0.156900 0.156900 0.156900 0.156900 0.156900 0.156900 0.156900 0.156809 0.156729 0.156673 0.156650 0.156673 0.156752 0.156900 0.160800 0.160948 0.161027 0.161050 0.161027 0.160971 0.160891 0.160800 0.160800 0.160800 0.160800 0.160800 0.160800 0.160800 0.160800 0.160800 0.160800 0.160800 0.160800 0.160800 0.160800 0.160800 0.160800 0.160800 0.160800 0.160800 0.160800 0.160800 0.160800 0.160800 0.160800 0.160800 0.160800 0.161391 0.162028 0.162676 0.163301 0.163870 0.164348 0.164700 0.160800 0.160652 0.160573 0.160550 0.160573 0.160629 0.160709 0.160800 0.160800 0.160709 0.160629 0.160573 0.160550 0.160573 0.160652 0.160800 0.164700 0.164348 0.163870 0.163301 0.162676 0.162028 0.161391 0.160800 0.160800 0.160800 0.160800 0.160800 0.160800 0.160800 0.160800 0.160800 0.160800 0.160800 0.160800 0.160800 0.160800 0.160800 0.160800 0.160800 0.160800 0.160300 0.159743 0.159151 0.158549 0.157957 0.157400 0.156900 0.156900 0.156900 0.156900 0.156900 0.156900 0.156900 0.156900 0.156900 0.156900 0.156993 0.157075 0.157133 0.157157 0.157133 0.157052 0.156900 0.152900 0.152748 0.152667 0.152643 0.152667 0.152725 0.152807 0.152900 0.152900 0.152900 0.152900 0.152900 0.152900 0.152900 0.152900 0.152900 0.152900 0.152900 0.152900 0.152900 0.152900 0.152900 0.152900 0.152900 0.152900 0.166260 0.181072 0.196708 0.212537 0.227932 0.242263 0.254900 0.243100 0.242835 0.242753 0.242798 0.242912 0.243039 0.243120 0.243100 0.235300 0.234595 0.233958 0.233378 0.232844 0.232344 0.231866 0.231400 0.227500 0.226839 0.226188 0.225559 0.224964 0.224414 0.223922 0.223500 0.223500 0.223000 0.222443 0.221851 0.221249 0.220657 0.220100 0.219600
0.219896 0.220303 0.220757 0.221237 0.221726 0.222205 0.222655 0.223057 0.222963 0.222876 0.222805 0.222762 0.222759 0.222808 0.222920 0.223107 0.227500 0.228521 0.229587 0.230679 0.231779 0.232869 0.233931 0.234948 0.239257 0.239598 0.239940 0.240309 0.240726 0.241216 0.241803 0.242509 0.252788 0.253421 0.253385 0.252525 0.250687 0.247717 0.243462 0.237768 0.144691 0.142126 0.141303 0.141907 0.143623 0.146138 0.149138 0.152309 0.152900 0.152922 0.152934 0.152938 0.152935 0.152926 0.152914 0.152900 0.152900 0.153370 0.153893 0.154447 0.155010 0.155561 0.156077 0.156538 0.156387 0.156473 0.156569 0.156669 0.156767 0.156858 0.156935 0.156993 0.156387 0.156405 0.156440 0.156488 0.156547 0.156613 0.156682 0.156752 0.156993 0.156917 0.156843 0.156780 0.156739 0.156730 0.156762 0.156845 0.159693 0.159882 0.160030 0.160141 0.160219 0.160268 0.160294 0.160300 0.160152 0.160169 0.160190 0.160214 0.160238 0.160262 0.160283 0.160300 0.160152 0.160133 0.160117 0.160108 0.160105 0.160111 0.160126 0.160152 0.160743 0.160797 0.160839 0.160869 0.160885 0.160886 0.160870 0.160836 0.160004 0.160583 0.161226 0.161899 0.162563 0.163183 0.163721 0.164143 0.160743 0.160516 0.160338 0.160204 0.160109 0.160047 0.160014 0.160004 0.160152 0.160052 0.159959 0.159883 0.159838 0.159835 0.159886 0.160004 0.163699 0.163371 0.162927 0.162402 0.161829 0.161241 0.160671 0.160152 0.160743 0.160688 0.160613 0.160526 0.160430 0.160333 0.160238 0.160152 0.160245 0.160256 0.160265 0.160274 0.160282 0.160289 0.160295 0.160300 0.160300 0.159842 0.159334 0.158795 0.158246 0.157709 0.157204 0.156752 0.156845 0.156882 0.156918 0.156949 0.156975 0.156993 0.156999 0.156993 0.156387 0.156452 0.156517 0.156569 0.156594 0.156581 0.156516 0.156387 0.152601 0.152476 0.152420 0.152420 0.152465 0.152543 0.152641 0.152748 0.152748 0.152782 0.152818 0.152856 0.152894 0.152931 0.152963 0.152991 0.152900 0.152926 0.152935 0.152917 0.152863 0.152765 0.152614 0.152400 0.148386 0.160019 0.173089 0.187058 0.201389 0.215542 0.228981 0.241167 0.246193 0.246580 0.246845 0.246976 0.246960 0.246784 0.246435 0.245901 0.235891 0.235155 0.234529 0.233994 0.233529 0.233112 0.232724 0.232344 0.228152 0.227472 0.226804 0.226158 0.225545 0.224977 0.224462 0.224013 0.223591 0.223127 0.222620 0.222088 0.221551 0.221028 0.220538 0.220100
0.220055 0.220373 0.220725 0.221098 0.221477 0.221847 0.222192 0.222499 0.222324 0.222279 0.222258 0.222271 0.222329 0.222440 0.222615 0.222864 0.227500 0.228458 0.229451 0.230465 0.231487 0.232504 0.233503 0.234470 0.239257 0.239485 0.239704 0.239949 0.240253 0.240652 0.241180 0.241872 0.254233 0.252593 0.250048 0.246580 0.242170 0.236802 0.230457 0.223117 0.142370 0.140474 0.140130 0.141052 0.142953 0.145547 0.148549 0.151672 0.152900 0.152947 0.152972 0.152979 0.152972 0.152954 0.152929 0.152900 0.152900 0.153309 0.153764 0.154245 0.154733 0.155209 0.155654 0.156049 0.155815 0.155998 0.156198 0.156406 0.156610 0.156797 0.156956 0.157075 0.155815 0.155868 0.155957 0.156074 0.156211 0.156362 0.156518 0.156673 0.157075 0.157023 0.156965 0.156909 0.156862 0.156831 0.156824 0.156848 0.158483 0.158712 0.158930 0.159134 0.159320 0.159486 0.159628 0.159743 0.159515 0.159541 0.159574 0.159610 0.159648 0.159684 0.159717 0.159743 0.159515 0.159478 0.159448 0.159429 0.159423 0.159434 0.159463 0.159515 0.160743 0.160850 0.160933 0.160991 0.161020 0.161019 0.160986 0.160918 0.159288 0.159844 0.160482 0.161166 0.161856 0.162515 0.163104 0.163586 0.160743 0.160443 0.160173 0.159932 0.159723 0.159545 0.159400 0.159288 0.159515 0.159418 0.159323 0.159241 0.159186 0.159167 0.159197 0.159288 0.162585 0.162288 0.161891 0.161427 0.160926 0.160420 0.159939 0.159515 0.160743 0.160628 0.160474 0.160293 0.160095 0.159892 0.159695 0.159515 0.159690 0.159703 0.159715 0.159723 0.159731 0.159736 0.159740 0.159743 0.159743 0.159345 0.158903 0.158435 0.157959 0.157495 0.157060 0.156673 0.156848 0.156913 0.156974 0.157028 0.157070 0.157094 0.157098 0.157075 0.155815 0.155846 0.155890 0.155932 0.155959 0.155957 0.155914 0.155815 0.152439 0.152341 0.152304 0.152319 0.152374 0.152457 0.152559 0.152667 0.152667 0.152723 0.152784 0.152847 0.152911 0.152971 0.153025 0.153071 0.152900 0.152902 0.152873 0.152802 0.152676 0.152482 0.152208 0.151843 0.145668 0.155190 0.166059 0.177856 0.190163 0.202562 0.214633 0.225959 0.249242 0.250305 0.250914 0.251108 0.250923 0.250397 0.249569 0.248475 0.236528 0.235790 0.235203 0.234736 0.234359 0.234040 0.233750 0.233458 0.228791 0.228096 0.227418 0.226767 0.226149 0.225574 0.225050 0.224585 0.223671 0.223249 0.222800 0.222338 0.221878 0.221434 0.221023 0.220657
0.220100 0.220333 0.220591 0.220864 0.221139 0.221407 0.221655 0.221874 0.221641 0.221665 0.221723 0.221823 0.221969 0.222170 0.222431 0.222760 0.227500 0.228377 0.229279 0.230200 0.231130 0.232063 0.232989 0.233901 0.239223 0.239358 0.239470 0.239603 0.239800 0.240107 0.240567 0.241224 0.255071 0.251048 0.245899 0.239748 0.232721 0.224943 0.216538 0.207630 0.141707 0.140360 0.140307 0.141308 0.143121 0.145506 0.148220 0.151024 0.152900 0.152971 0.153009 0.153020 0.153009 0.152982 0.152944 0.152900 0.152900 0.153235 0.153607 0.154000 0.154397 0.154785 0.155146 0.155466 0.155209 0.155491 0.155800 0.156118 0.156428 0.156713 0.156953 0.157133 0.155209 0.155310 0.155466 0.155667 0.155898 0.156147 0.156402 0.156650 0.157133 0.157111 0.157079 0.157038 0.156995 0.156952 0.156913 0.156883 0.157227 0.157493 0.157780 0.158077 0.158374 0.158659 0.158922 0.159151 0.158901 0.158930 0.158965 0.159005 0.159047 0.159087 0.159123 0.159151 0.158901 0.158848 0.158805 0.158776 0.158766 0.158781 0.158824 0.158901 0.160777 0.160933 0.161053 0.161134 0.161173 0.161167 0.161114 0.161010 0.158651 0.159176 0.159799 0.160482 0.161185 0.161870 0.162497 0.163029 0.160777 0.160413 0.160059 0.159719 0.159403 0.159114 0.158862 0.158651 0.158901 0.158814 0.158728 0.158651 0.158595 0.158569 0.158585 0.158651 0.161403 0.161142 0.160803 0.160412 0.159999 0.159590 0.159215 0.158901 0.160777 0.160602 0.160368 0.160091 0.159789 0.159478 0.159177 0.158901 0.159134 0.159145 0.159153 0.159157 0.159158 0.159157 0.159155 0.159151 0.159151 0.158825 0.158463 0.158080 0.157692 0.157314 0.156962 0.156650 0.156883 0.156969 0.157049 0.157116 0.157165 0.157188 0.157180 0.157133 0.155209 0.155202 0.155220 0.155250 0.155277 0.155289 0.155271 0.155209 0.152393 0.152319 0.152297 0.152318 0.152374 0.152452 0.152546 0.152643 0.152643 0.152711 0.152785 0.152861 0.152937 0.153009 0.153074 0.153127 0.152900 0.152838 0.152737 0.152585 0.152371 0.152084 0.151715 0.151251 0.144459 0.151614 0.159965 0.169231 0.179135 0.189397 0.199739 0.209882 0.251880 0.253608 0.254541 0.254773 0.254394 0.253497 0.252172 0.250511 0.237176 0.236473 0.235951 0.235571 0.235293 0.235077 0.234884 0.234675 0.229405 0.228699 0.228019 0.227371 0.226759 0.226189 0.225664 0.225191 0.223727 0.223354 0.222970 0.222586 0.222211 0.221857 0.221533 0.221249
0.220055 0.220211 0.220384 0.220565 0.220747 0.220923 0.221085 0.221226 0.220969 0.221082 0.221240 0.221444 0.221699 0.222005 0.222365 0.222783 0.227500 0.228282 0.229083 0.229900 0.230731 0.231572 0.232422 0.233276 0.239177 0.239246 0.239275 0.239314 0.239415 0.239629 0.240007 0.240599 0.255041 0.248643 0.240927 0.232159 0.222606 0.212533 0.202207 0.191892 0.142370 0.141465 0.141550 0.142442 0.143957 0.145910 0.148119 0.150399 0.152900 0.152995 0.153046 0.153060 0.153046 0.153009 0.152958 0.152900 0.152900 0.153152 0.153432 0.153727 0.154026 0.154316 0.154586 0.154824 0.154591 0.154971 0.155385 0.155810 0.156223 0.156600 0.156919 0.157157 0.154591 0.154749 0.154985 0.155278 0.155612 0.155968 0.156327 0.156673 0.157157 0.157168 0.157165 0.157147 0.157114 0.157067 0.157005 0.156929 0.155983 0.156282 0.156633 0.157020 0.157424 0.157825 0.158206 0.158549 0.158321 0.158347 0.158380 0.158416 0.158454 0.158490 0.158523 0.158549 0.158321 0.158254 0.158199 0.158161 0.158148 0.158165 0.158221 0.158321 0.160823 0.161020 0.161169 0.161266 0.161308 0.161293 0.161218 0.161079 0.158094 0.158581 0.159179 0.159849 0.160553 0.161250 0.161903 0.162471 0.160823 0.160405 0.159977 0.159550 0.159137 0.158748 0.158397 0.158094 0.158321 0.158252 0.158181 0.158117 0.158068 0.158043 0.158049 0.158094 0.160197 0.159978 0.159702 0.159393 0.159077 0.158776 0.158516 0.158321 0.160823 0.160591 0.160279 0.159911 0.159508 0.159094 0.158691 0.158321 0.158578 0.158584 0.158585 0.158582 0.158576 0.158568 0.158558 0.158549 0.158549 0.158302 0.158029 0.157741 0.157449 0.157166 0.156904 0.156673 0.156929 0.157028 0.157118 0.157191 0.157240 0.157256 0.157231 0.157157 0.154591 0.154544 0.154535 0.154552 0.154579 0.154604 0.154613 0.154591 0.152439 0.152387 0.152376 0.152397 0.152445 0.152511 0.152587 0.152667 0.152667 0.152735 0.152809 0.152886 0.152962 0.153034 0.153098 0.153150 0.152900 0.152746 0.152545 0.152292 0.151982 0.151608 0.151166 0.150649 0.144474 0.149130 0.154785 0.161310 0.168577 0.176457 0.184821 0.193541 0.253742 0.256086 0.257307 0.257551 0.256966 0.255698 0.253894 0.251701 0.237801 0.237173 0.236742 0.236463 0.236289 0.236173 0.236067 0.235925 0.229985 0.229272 0.228596 0.227958 0.227360 0.226801 0.226284 0.225809 0.223750 0.223429 0.223115 0.222815 0.222534 0.222276 0.222047 0.221851
0.219941 0.220031 0.220130 0.220233 0.220337 0.220435 0.220525 0.220601 0.220367 0.220579 0.220846 0.221165 0.221534 0.221952 0.222415 0.222921 0.227500 0.228179 0.228872 0.229582 0.230309 0.231058 0.231830 0.232628 0.239143 0.239181 0.239158 0.239129 0.239147 0.239267 0.239543 0.240030 0.253878 0.245232 0.235121 0.223942 0.212091 0.199967 0.187966 0.176485 0.144028 0.143470 0.143574 0.144220 0.145288 0.146658 0.148212 0.149830 0.152900 0.153016 0.153079 0.153097 0.153079 0.153034 0.152972 0.152900 0.152900 0.153066 0.153249 0.153443 0.153638 0.153828 0.154005 0.154159 0.153985 0.154455 0.154966 0.155488 0.155994 0.156455 0.156845 0.157133 0.153985 0.154208 0.154528 0.154919 0.155360 0.155824 0.156289 0.156729 0.157133 0.157177 0.157205 0.157213 0.157197 0.157152 0.157076 0.156963 0.154809 0.155135 0.155544 0.156012 0.156512 0.157019 0.157510 0.157957 0.157787 0.157806 0.157831 0.157858 0.157886 0.157914 0.157938 0.157957 0.157787 0.157709 0.157643 0.157597 0.157580 0.157600 0.157667 0.157787 0.160857 0.161084 0.161251 0.161355 0.161393 0.161364 0.161263 0.161090 0.157616 0.158061 0.158625 0.159272 0.159963 0.160659 0.161322 0.161914 0.160857 0.160397 0.159909 0.159409 0.158914 0.158439 0.158001 0.157616 0.157787 0.157739 0.157689 0.157644 0.157609 0.157588 0.157589 0.157616 0.159015 0.158839 0.158629 0.158406 0.158191 0.158002 0.157861 0.157787 0.160857 0.160574 0.160193 0.159742 0.159249 0.158740 0.158243 0.157787 0.158020 0.158021 0.158017 0.158009 0.157998 0.157985 0.157971 0.157957 0.157957 0.157794 0.157614 0.157425 0.157234 0.157049 0.156878 0.156729 0.156963 0.157067 0.157160 0.157233 0.157277 0.157281 0.157236 0.157133 0.153985 0.153899 0.153863 0.153866 0.153893 0.153930 0.153965 0.153985 0.152555 0.152522 0.152517 0.152535 0.152570 0.152616 0.152670 0.152725 0.152725 0.152782 0.152844 0.152908 0.152972 0.153032 0.153084 0.153127 0.152900 0.152635 0.152319 0.151954 0.151543 0.151088 0.150592 0.150057 0.145426 0.147577 0.150500 0.154221 0.158762 0.164147 0.170400 0.177543 0.254460 0.257338 0.258791 0.259021 0.258230 0.256617 0.254386 0.251736 0.238370 0.237860 0.237547 0.237380 0.237307 0.237277 0.237239 0.237142 0.230517 0.229803 0.229137 0.228515 0.227936 0.227395 0.226889 0.226415 0.223727 0.223461 0.223222 0.223012 0.222829 0.222673 0.222545 0.222443
0.219782 0.219819 0.219859 0.219901 0.219943 0.219981 0.220016 0.220043 0.219892 0.220205 0.220581 0.221013 0.221494 0.222017 0.222576 0.223164 0.227500 0.228074 0.228658 0.229260 0.229887 0.230546 0.231245 0.231991 0.239143 0.239192 0.239157 0.239089 0.239042 0.239068 0.239221 0.239552 0.251318 0.240671 0.228469 0.215224 0.201444 0.187640 0.174320 0.161994 0.146348 0.146058 0.146095 0.146408 0.146943 0.147647 0.148468 0.149352 0.152900 0.153034 0.153107 0.153128 0.153107 0.153055 0.152983 0.152900 0.152900 0.152980 0.153068 0.153162 0.153256 0.153347 0.153432 0.153506 0.153413 0.153961 0.154553 0.155157 0.155741 0.156273 0.156721 0.157052 0.153413 0.153705 0.154111 0.154601 0.155146 0.155715 0.156279 0.156809 0.157052 0.157124 0.157181 0.157215 0.157218 0.157182 0.157099 0.156961 0.153762 0.154109 0.154566 0.155100 0.155681 0.156279 0.156862 0.157400 0.157309 0.157320 0.157333 0.157347 0.157362 0.157377 0.157390 0.157400 0.157309 0.157223 0.157149 0.157097 0.157077 0.157099 0.157173 0.157309 0.160857 0.161099 0.161271 0.161369 0.161394 0.161344 0.161215 0.161008 0.157218 0.157617 0.158141 0.158754 0.159419 0.160098 0.160757 0.161357 0.160857 0.160369 0.159837 0.159281 0.158721 0.158178 0.157670 0.157218 0.157309 0.157285 0.157260 0.157237 0.157218 0.157207 0.157206 0.157218 0.157901 0.157768 0.157625 0.157488 0.157372 0.157293 0.157267 0.157309 0.160857 0.160533 0.160095 0.159576 0.159006 0.158417 0.157841 0.157309 0.157461 0.157459 0.157453 0.157445 0.157435 0.157423 0.157412 0.157400 0.157400 0.157321 0.157233 0.157142 0.157049 0.156961 0.156879 0.156809 0.156961 0.157063 0.157153 0.157221 0.157255 0.157246 0.157181 0.157052 0.153413 0.153291 0.153231 0.153220 0.153246 0.153295 0.153355 0.153413 0.152716 0.152701 0.152700 0.152709 0.152728 0.152752 0.152779 0.152807 0.152807 0.152841 0.152879 0.152917 0.152955 0.152991 0.153022 0.153048 0.152900 0.152516 0.152078 0.151597 0.151087 0.150560 0.150027 0.149500 0.147030 0.146794 0.147092 0.148093 0.149965 0.152877 0.156997 0.162494 0.253668 0.256960 0.258574 0.258762 0.257778 0.255872 0.253297 0.250305 0.238848 0.238507 0.238337 0.238286 0.238304 0.238339 0.238340 0.238256 0.230993 0.230282 0.229629 0.229028 0.228471 0.227950 0.227458 0.226987 0.223648 0.223438 0.223277 0.223160 0.223079 0.223029 0.223005 0.223000
0.219600 0.219600 0.219600 0.219600 0.219600 0.219600 0.219600 0.219600 0.219600 0.220007 0.220483 0.221015 0.221595 0.222209 0.222848 0.223500 0.227500 0.227970 0.228450 0.228950 0.229484 0.230063 0.230697 0.231400 0.239200 0.239311 0.239309 0.239240 0.239148 0.239080 0.239083 0.239200 0.247100 0.234815 0.220962 0.206136 0.190931 0.175944 0.161769 0.149000 0.149000 0.148909 0.148829 0.148773 0.148750 0.148773 0.148852 0.149000 0.152900 0.153048 0.153127 0.153150 0.153127 0.153071 0.152991 0.152900 0.152900 0.152900 0.152900 0.152900 0.152900 0.152900 0.152900 0.152900 0.152900 0.153506 0.154159 0.154824 0.155466 0.156049 0.156538 0.156900 0.152900 0.153262 0.153751 0.154334 0.154976 0.155641 0.156294 0.156900 0.156900 0.156993 0.157075 0.157133 0.157157 0.157133 0.157052 0.156900 0.152900 0.153262 0.153751 0.154334 0.154976 0.155641 0.156294 0.156900 0.156900 0.156900 0.156900 0.156900 0.156900 0.156900 0.156900 0.156900 0.156900 0.156809 0.156729 0.156673 0.156650 0.156673 0.156752 0.156900 0.160800 0.161039 0.161198 0.161278 0.161278 0.161198 0.161039 0.160800 0.156900 0.157252 0.157730 0.158299 0.158924 0.159572 0.160209 0.160800 0.160800 0.160300 0.159743 0.159151 0.158549 0.157957 0.157400 0.156900 0.156900 0.156900 0.156900 0.156900 0.156900 0.156900 0.156900 0.156900 0.156900 0.156809 0.156729 0.156673 0.156650 0.156673 0.156752 0.156900 0.160800 0.160448 0.159970 0.159401 0.158776 0.158128 0.157491 0.156900 0.156900 0.156900 0.156900 0.156900 0.156900 0.156900 0.156900 0.156900 0.156900 0.156900 0.156900 0.156900 0.156900 0.156900 0.156900 0.156900 0.156900 0.156993 0.157075 0.157133 0.157157 0.157133 0.157052 0.156900 0.152900 0.152748 0.152667 0.152643 0.152667 0.152725 0.152807 0.152900 0.152900 0.152900 0.152900 0.152900 0.152900 0.152900 0.152900 0.152900 0.152900 0.152900 0.152900 0.152900 0.152900 0.152900 0.152900 0.152900 0.152900 0.152400 0.151843 0.151251 0.150649 0.150057 0.149500 0.149000 0.149000 0.146621 0.144539 0.143052 0.142458 0.143052 0.145134 0.149000 0.251000 0.254550 0.256236 0.256354 0.255203 0.253079 0.250279 0.247100 0.239200 0.239083 0.239080 0.239148 0.239240 0.239309 0.239311 0.239200 0.231400 0.230697 0.230063 0.229484 0.228950 0.228450 0.227970 0.227500 0.223500 0.223348 0.223267 0.223243 0.223267 0.223325 0.223407 0.223500
0.219600 0.220007 0.220483 0.221015 0.221595 0.222209 0.222848 0.223500 0.227500 0.227652 0.227733 0.227757 0.227733 0.227675 0.227593 0.227500 0.227500 0.227727 0.228046 0.228466 0.229001 0.229660 0.230456 0.231400 0.243100 0.245738 0.247897 0.249337 0.249818 0.249099 0.246939 0.243100 0.149000 0.145434 0.143513 0.142964 0.143513 0.144885 0.146805 0.149000 0.149000 0.149500 0.150057 0.150649 0.151251 0.151843 0.152400 0.152900 0.152900 0.152900 0.152900 0.152900 0.152900 0.152900 0.152900 0.152900 0.152900 0.152900 0.152900 0.152900 0.152900 0.152900 0.152900 0.152900 0.152900 0.152900 0.152900 0.152900 0.152900 0.152900 0.152900 0.152900 0.152900 0.153506 0.154159 0.154824 0.155466 0.156049 0.156538 0.156900 0.152900 0.152655 0.152492 0.152410 0.152410 0.152492 0.152655 0.152900 0.156900 0.157052 0.157133 0.157157 0.157133 0.157075 0.156993 0.156900 0.156900 0.156900 0.156900 0.156900 0.156900 0.156900 0.156900 0.156900 0.156900 0.156900 0.156900 0.156900 0.156900 0.156900 0.156900 0.156900 0.156900 0.156294 0.155641 0.154976 0.154334 0.153751 0.153262 0.152900 0.156900 0.157052 0.157133 0.157157 0.157133 0.157075 0.156993 0.156900 0.156900 0.156900 0.156900 0.156900 0.156900 0.156900 0.156900 0.156900 0.156900 0.156900 0.156900 0.156900 0.156900 0.156900 0.156900 0.156900 0.156900 0.156900 0.156900 0.156900 0.156900 0.156900 0.156900 0.156900 0.156900 0.156993 0.157075 0.157133 0.157157 0.157133 0.157052 0.156900 0.152900 0.153262 0.153751 0.154334 0.154976 0.155641 0.156294 0.156900 0.156900 0.156993 0.157075 0.157133 0.157157 0.157133 0.157052 0.156900 0.152900 0.152748 0.152667 0.152643 0.152667 0.152725 0.152807 0.152900 0.152900 0.152900 0.152900 0.152900 0.152900 0.152900 0.152900 0.152900 0.152900 0.152900 0.152900 0.152900 0.152900 0.152900 0.152900 0.152900 0.152900 0.152309 0.151672 0.151024 0.150399 0.149830 0.149352 0.149000 0.152900 0.152548 0.152070 0.151501 0.150876 0.150228 0.149591 0.149000 0.149000 0.149000 0.149000 0.149000 0.149000 0.149000 0.149000 0.149000 0.149000 0.146987 0.145226 0.143968 0.143465 0.143968 0.145729 0.149000 0.235300 0.238662 0.240503 0.241063 0.240582 0.239301 0.237461 0.235300 0.231400 0.230936 0.230461 0.229962 0.229428 0.228848 0.228209 0.227500 0.219600 0.219801 0.220197 0.220742 0.221391 0.222097 0.222815 0.223500
0.219100 0.219495 0.219961 0.220490 0.221074 0.221702 0.222366 0.223057 0.227893 0.227957 0.227925 0.227818 0.227656 0.227460 0.227249 0.227045 0.227500 0.228404 0.229385 0.230400 0.231404 0.232354 0.233205 0.233913 0.231177 0.233076 0.234773 0.236010 0.236526 0.236065 0.234368 0.231177 0.145282 0.142503 0.141282 0.141344 0.142420 0.144236 0.146520 0.149000 0.149000 0.149445 0.149942 0.150474 0.151019 0.151560 0.152076 0.152548 0.152991 0.152932 0.152857 0.152769 0.152676 0.152579 0.152486 0.152400 0.152400 0.152388 0.152378 0.152371 0.152368 0.152371 0.152381 0.152400 0.152900 0.152896 0.152881 0.152859 0.152832 0.152803 0.152774 0.152748 0.152900 0.153438 0.154013 0.154596 0.155155 0.155660 0.156081 0.156387 0.152748 0.152522 0.152370 0.152294 0.152293 0.152368 0.152520 0.152748 0.156538 0.156649 0.156692 0.156682 0.156633 0.156558 0.156472 0.156387 0.156993 0.157030 0.157055 0.157068 0.157068 0.157055 0.157030 0.156993 0.156387 0.156445 0.156522 0.156613 0.156711 0.156811 0.156907 0.156993 0.156845 0.156179 0.155464 0.154741 0.154045 0.153415 0.152890 0.152507 0.156993 0.157067 0.157050 0.156962 0.156820 0.156640 0.156440 0.156239 0.156239 0.156244 0.156253 0.156266 0.156286 0.156311 0.156345 0.156387 0.156993 0.156924 0.156838 0.156740 0.156640 0.156542 0.156456 0.156387 0.156993 0.156928 0.156844 0.156749 0.156649 0.156551 0.156461 0.156387 0.156845 0.156875 0.156881 0.156858 0.156802 0.156708 0.156571 0.156387 0.153355 0.153629 0.154000 0.154442 0.154928 0.155432 0.155927 0.156387 0.156387 0.156472 0.156546 0.156599 0.156620 0.156599 0.156525 0.156387 0.152748 0.152607 0.152530 0.152506 0.152527 0.152580 0.152658 0.152748 0.152900 0.152920 0.152937 0.152953 0.152967 0.152978 0.152986 0.152991 0.152900 0.152819 0.152733 0.152648 0.152568 0.152497 0.152439 0.152400 0.152991 0.152402 0.151752 0.151078 0.150415 0.149799 0.149266 0.148852 0.152309 0.152015 0.151613 0.151132 0.150600 0.150048 0.149505 0.149000 0.149000 0.149090 0.149169 0.149225 0.149248 0.149225 0.149147 0.149000 0.145134 0.143169 0.141503 0.140354 0.139940 0.140478 0.142186 0.145282 0.224082 0.228893 0.232498 0.235032 0.236631 0.237429 0.237562 0.237165 0.230900 0.230310 0.229752 0.229209 0.228667 0.228111 0.227524 0.226894 0.219952 0.220080 0.220374 0.220795 0.221307 0.221870 0.222447 0.223000
0.218543 0.218919 0.219369 0.219887 0.220465 0.221098 0.221778 0.222499 0.228136 0.228112 0.227969 0.227735 0.227439 0.227111 0.226780 0.226474 0.227500 0.229089 0.230733 0.232331 0.233782 0.234983 0.235833 0.236231 0.217813 0.218854 0.219999 0.220978 0.221520 0.221354 0.220209 0.217813 0.143280 0.141189 0.140485 0.140917 0.142236 0.144190 0.146528 0.149000 0.149000 0.149370 0.149789 0.150239 0.150708 0.151179 0.151638 0.152070 0.153071 0.152951 0.152796 0.152616 0.152420 0.152219 0.152023 0.151843 0.151843 0.151818 0.151796 0.151781 0.151775 0.151781 0.151802 0.151843 0.152900 0.152905 0.152888 0.152856 0.152812 0.152763 0.152713 0.152667 0.152900 0.153356 0.153842 0.154331 0.154799 0.155219 0.155566 0.155815 0.152667 0.152469 0.152335 0.152268 0.152266 0.152332 0.152465 0.152667 0.156049 0.156118 0.156128 0.156094 0.156030 0.155953 0.155877 0.155815 0.157075 0.157152 0.157203 0.157229 0.157229 0.157203 0.157152 0.157075 0.155815 0.155935 0.156093 0.156280 0.156484 0.156692 0.156893 0.157075 0.156848 0.156139 0.155381 0.154615 0.153880 0.153217 0.152665 0.152264 0.157075 0.157067 0.156952 0.156755 0.156497 0.156202 0.155891 0.155588 0.155588 0.155588 0.155595 0.155611 0.155639 0.155680 0.155739 0.155815 0.157075 0.156932 0.156752 0.156550 0.156341 0.156139 0.155959 0.155815 0.157075 0.156937 0.156762 0.156563 0.156355 0.156152 0.155967 0.155815 0.156848 0.156798 0.156711 0.156588 0.156433 0.156251 0.156044 0.155815 0.153926 0.154097 0.154328 0.154604 0.154907 0.155221 0.155529 0.155815 0.155815 0.155889 0.155953 0.155999 0.156017 0.155999 0.155935 0.155815 0.152667 0.152542 0.152473 0.152451 0.152468 0.152515 0.152584 0.152667 0.152900 0.152935 0.152967 0.152997 0.153023 0.153044 0.153061 0.153071 0.152900 0.152729 0.152550 0.152370 0.152201 0.152050 0.151928 0.151843 0.153071 0.152498 0.151850 0.151163 0.150475 0.149823 0.149243 0.148773 0.151672 0.151439 0.151117 0.150728 0.150299 0.149851 0.149410 0.149000 0.149000 0.149139 0.149260 0.149347 0.149381 0.149347 0.149225 0.149000 0.143052 0.141261 0.139776 0.138779 0.138450 0.138970 0.140520 0.143280 0.211673 0.217950 0.223401 0.228043 0.231893 0.234966 0.237278 0.238847 0.230343 0.229630 0.228989 0.228402 0.227851 0.227320 0.226789 0.226241 0.220430 0.220468 0.220637 0.220908 0.221253 0.221643 0.222049 0.222443
0.217951 0.218306 0.218737 0.219238 0.219807 0.220439 0.221130 0.221874 0.228240 0.228133 0.227885 0.227533 0.227114 0.226666 0.226226 0.225832 0.227500 0.229725 0.231975 0.234092 0.235919 0.237297 0.238070 0.238081 0.203570 0.203682 0.204220 0.204906 0.205462 0.205610 0.205072 0.203570 0.142708 0.141208 0.140865 0.141464 0.142791 0.144632 0.146773 0.149000 0.149000 0.149283 0.149607 0.149963 0.150340 0.150728 0.151119 0.151501 0.153127 0.152948 0.152714 0.152439 0.152139 0.151831 0.151530 0.151251 0.151251 0.151213 0.151179 0.151155 0.151146 0.151155 0.151189 0.151251 0.152900 0.152924 0.152915 0.152882 0.152832 0.152770 0.152705 0.152643 0.152900 0.153266 0.153653 0.154042 0.154412 0.154744 0.155016 0.155209 0.152643 0.152480 0.152370 0.152314 0.152313 0.152367 0.152477 0.152643 0.155466 0.155495 0.155476 0.155426 0.155359 0.155290 0.155235 0.155209 0.157133 0.157251 0.157330 0.157369 0.157369 0.157330 0.157251 0.157133 0.155209 0.155389 0.155630 0.155914 0.156224 0.156542 0.156851 0.157133 0.156883 0.156152 0.155370 0.154580 0.153823 0.153140 0.152572 0.152160 0.157133 0.157043 0.156834 0.156533 0.156168 0.155766 0.155354 0.154959 0.154959 0.154946 0.154943 0.154952 0.154980 0.155029 0.155104 0.155209 0.157133 0.156914 0.156640 0.156331 0.156011 0.155703 0.155428 0.155209 0.157133 0.156920 0.156651 0.156346 0.156027 0.155717 0.155437 0.155209 0.156883 0.156747 0.156555 0.156320 0.156055 0.155774 0.155487 0.155209 0.154568 0.154626 0.154704 0.154798 0.154900 0.155007 0.155112 0.155209 0.155209 0.155269 0.155321 0.155359 0.155374 0.155359 0.155306 0.155209 0.152643 0.152540 0.152483 0.152464 0.152477 0.152516 0.152574 0.152643 0.152900 0.152944 0.152987 0.153026 0.153061 0.153090 0.153113 0.153127 0.152900 0.152636 0.152358 0.152079 0.151815 0.151579 0.151386 0.151251 0.153127 0.152584 0.151950 0.151265 0.150564 0.149886 0.149269 0.148750 0.151024 0.150850 0.150608 0.150314 0.149988 0.149648 0.149313 0.149000 0.149000 0.149153 0.149286 0.149381 0.149420 0.149381 0.149248 0.149000 0.142458 0.140939 0.139701 0.138887 0.138638 0.139097 0.140406 0.142708 0.198567 0.206251 0.213532 0.220302 0.226452 0.231871 0.236451 0.240082 0.229751 0.228931 0.228217 0.227590 0.227032 0.226523 0.226044 0.225576 0.220999 0.220934 0.220963 0.221065 0.221224 0.221420 0.221635 0.221851
0.217349 0.217683 0.218094 0.218580 0.219138 0.219767 0.220464 0.221226 0.228217 0.228037 0.227696 0.227240 0.226715 0.226164 0.225633 0.225168 0.227500 0.230258 0.232999 0.235516 0.237601 0.239046 0.239644 0.239187 0.189007 0.188172 0.188081 0.188455 0.189014 0.189479 0.189570 0.189007 0.143280 0.142281 0.142164 0.142765 0.143916 0.145449 0.147200 0.149000 0.149000 0.149188 0.149409 0.149661 0.149937 0.150235 0.150549 0.150876 0.153150 0.152915 0.152605 0.152239 0.151839 0.151426 0.151023 0.150649 0.150649 0.150596 0.150550 0.150517 0.150504 0.150517 0.150563 0.150649 0.152900 0.152950 0.152958 0.152932 0.152882 0.152815 0.152740 0.152667 0.152900 0.153171 0.153456 0.153742 0.154013 0.154255 0.154452 0.154591 0.152667 0.152544 0.152460 0.152418 0.152416 0.152457 0.152540 0.152667 0.154824 0.154816 0.154775 0.154714 0.154651 0.154599 0.154574 0.154591 0.157157 0.157314 0.157418 0.157471 0.157471 0.157418 0.157314 0.157157 0.154591 0.154828 0.155147 0.155524 0.155937 0.156362 0.156776 0.157157 0.156929 0.156196 0.155411 0.154618 0.153857 0.153170 0.152598 0.152183 0.157157 0.156987 0.156689 0.156295 0.155834 0.155338 0.154838 0.154364 0.154364 0.154333 0.154313 0.154310 0.154330 0.154380 0.154465 0.154591 0.157157 0.156865 0.156498 0.156087 0.155661 0.155249 0.154883 0.154591 0.157157 0.156870 0.156508 0.156100 0.155675 0.155262 0.154891 0.154591 0.156929 0.156703 0.156403 0.156053 0.155675 0.155290 0.154921 0.154591 0.155232 0.155174 0.155096 0.155002 0.154900 0.154793 0.154688 0.154591 0.154591 0.154636 0.154675 0.154703 0.154714 0.154703 0.154664 0.154591 0.152667 0.152588 0.152544 0.152530 0.152540 0.152569 0.152613 0.152667 0.152900 0.152947 0.152992 0.153035 0.153074 0.153107 0.153133 0.153150 0.152900 0.152543 0.152166 0.151786 0.151425 0.151102 0.150837 0.150649 0.153150 0.152645 0.152038 0.151365 0.150665 0.149974 0.149331 0.148773 0.150399 0.150281 0.150114 0.149912 0.149686 0.149450 0.149217 0.149000 0.149000 0.149139 0.149260 0.149347 0.149381 0.149347 0.149225 0.149000 0.143052 0.141877 0.140932 0.140320 0.140145 0.140511 0.141521 0.143280 0.185255 0.194214 0.203212 0.212015 0.220391 0.228104 0.234921 0.240608 0.229149 0.228251 0.227483 0.226825 0.226260 0.225769 0.225333 0.224934 0.221624 0.221450 0.221329 0.221253 0.221214 0.221206 0.221220 0.221249
0.216757 0.217076 0.217472 0.217946 0.218496 0.219123 0.219824 0.220601 0.228079 0.227837 0.227422 0.226883 0.226273 0.225643 0.225044 0.224526 0.227500 0.230630 0.233691 0.236435 0.238613 0.239978 0.240282 0.239275 0.174685 0.172936 0.172229 0.172290 0.172841 0.173608 0.174314 0.174685 0.144710 0.144124 0.144125 0.144601 0.145439 0.146526 0.147751 0.149000 0.149000 0.149090 0.149206 0.149350 0.149523 0.149726 0.149961 0.150228 0.153127 0.152843 0.152464 0.152016 0.151524 0.151017 0.150519 0.150057 0.150057 0.149991 0.149933 0.149892 0.149875 0.149892 0.149950 0.150057 0.152900 0.152981 0.153011 0.152998 0.152954 0.152887 0.152807 0.152725 0.152900 0.153075 0.153259 0.153443 0.153617 0.153772 0.153897 0.153985 0.152725 0.152644 0.152589 0.152561 0.152560 0.152586 0.152641 0.152725 0.154159 0.154118 0.154058 0.153994 0.153940 0.153911 0.153921 0.153985 0.157133 0.157326 0.157455 0.157519 0.157519 0.157455 0.157326 0.157133 0.153985 0.154273 0.154662 0.155124 0.155630 0.156152 0.156662 0.157133 0.156963 0.156249 0.155484 0.154709 0.153965 0.153292 0.152730 0.152321 0.157133 0.156890 0.156514 0.156039 0.155498 0.154924 0.154352 0.153814 0.153814 0.153762 0.153723 0.153702 0.153710 0.153755 0.153843 0.153985 0.157133 0.156775 0.156325 0.155821 0.155297 0.154792 0.154343 0.153985 0.157133 0.156779 0.156333 0.155830 0.155308 0.154802 0.154349 0.153985 0.156963 0.156649 0.156246 0.155785 0.155296 0.154812 0.154364 0.153985 0.155874 0.155703 0.155472 0.155196 0.154893 0.154579 0.154271 0.153985 0.153985 0.154014 0.154040 0.154058 0.154065 0.154058 0.154032 0.153985 0.152725 0.152673 0.152644 0.152634 0.152640 0.152660 0.152689 0.152725 0.152900 0.152941 0.152982 0.153021 0.153056 0.153087 0.153111 0.153127 0.152900 0.152455 0.151982 0.151505 0.151049 0.150639 0.150300 0.150057 0.153127 0.152669 0.152097 0.151449 0.150761 0.150071 0.149414 0.148829 0.149830 0.149761 0.149663 0.149543 0.149409 0.149269 0.149130 0.149000 0.149000 0.149104 0.149195 0.149260 0.149286 0.149260 0.149169 0.149000 0.144539 0.143750 0.143122 0.142721 0.142613 0.142864 0.143541 0.144710 0.172229 0.182257 0.192760 0.203388 0.213792 0.223622 0.232529 0.240162 0.228557 0.227627 0.226831 0.226156 0.225586 0.225106 0.224699 0.224351 0.222272 0.221986 0.221713 0.221456 0.221219 0.221004 0.220816 0.220657
0.216200 0.216512 0.216902 0.217371 0.217919 0.218547 0.219255 0.220043 0.227836 0.227551 0.227083 0.226488 0.225822 0.225141 0.224500 0.223955 0.227500 0.230784 0.233936 0.236680 0.238742 0.239844 0.239712 0.238071 0.161162 0.158584 0.157310 0.157072 0.157604 0.158641 0.159916 0.161162 0.146712 0.146458 0.146490 0.146752 0.147190 0.147748 0.148369 0.149000 0.149000 0.148995 0.149009 0.149048 0.149120 0.149229 0.149384 0.149591 0.153048 0.152724 0.152287 0.151770 0.151202 0.150613 0.150036 0.149500 0.149500 0.149421 0.149352 0.149302 0.149282 0.149302 0.149371 0.149500 0.152900 0.153015 0.153069 0.153073 0.153038 0.152975 0.152894 0.152807 0.152900 0.152984 0.153071 0.153158 0.153241 0.153313 0.153372 0.153413 0.152807 0.152767 0.152741 0.152727 0.152726 0.152739 0.152766 0.152807 0.153506 0.153436 0.153363 0.153300 0.153260 0.153257 0.153303 0.153413 0.157052 0.157274 0.157423 0.157497 0.157497 0.157423 0.157274 0.157052 0.153413 0.153744 0.154191 0.154723 0.155307 0.155911 0.156503 0.157052 0.156961 0.156289 0.155567 0.154835 0.154130 0.153491 0.152956 0.152564 0.157052 0.156743 0.156302 0.155763 0.155160 0.154530 0.153905 0.153322 0.153322 0.153249 0.153188 0.153148 0.153141 0.153176 0.153264 0.153413 0.157052 0.156638 0.156118 0.155535 0.154930 0.154347 0.153827 0.153413 0.157052 0.156640 0.156122 0.155540 0.154936 0.154352 0.153830 0.153413 0.156961 0.156569 0.156073 0.155512 0.154925 0.154353 0.153836 0.153413 0.156445 0.156171 0.155800 0.155358 0.154872 0.154368 0.153873 0.153413 0.153413 0.153427 0.153440 0.153448 0.153452 0.153448 0.153436 0.153413 0.152807 0.152782 0.152767 0.152762 0.152765 0.152775 0.152789 0.152807 0.152900 0.152926 0.152952 0.152977 0.153000 0.153020 0.153037 0.153048 0.152900 0.152376 0.151814 0.151246 0.150701 0.150209 0.149798 0.149500 0.153048 0.152641 0.152113 0.151500 0.150837 0.150161 0.149506 0.148909 0.149352 0.149324 0.149283 0.149232 0.149175 0.149115 0.149056 0.149000 0.149000 0.149055 0.149104 0.149139 0.149153 0.149139 0.149090 0.149000 0.146621 0.146233 0.145927 0.145733 0.145684 0.145810 0.146142 0.146712 0.159980 0.170797 0.182496 0.194627 0.206740 0.218387 0.229117 0.238480 0.228000 0.227094 0.226309 0.225634 0.225061 0.224581 0.224184 0.223862 0.222909 0.222512 0.222092 0.221660 0.221232 0.220820 0.220438 0.220100
0.215700 0.216016 0.216412 0.216888 0.217445 0.218082 0.218800 0.219600 0.227500 0.227193 0.226701 0.226083 0.225395 0.224697 0.224046 0.223500 0.227500 0.230665 0.233622 0.236086 0.237771 0.238392 0.237664 0.235300 0.149000 0.145729 0.143968 0.143465 0.143968 0.145226 0.146987 0.149000 0.149000 0.149000 0.149000 0.149000 0.149000 0.149000 0.149000 0.149000 0.149000 0.148909 0.148829 0.148773 0.148750 0.148773 0.148852 0.149000 0.152900 0.152548 0.152070 0.151501 0.150876 0.150228 0.149591 0.149000 0.149000 0.148909 0.148829 0.148773 0.148750 0.148773 0.148852 0.149000 0.152900 0.153048 0.153127 0.153150 0.153127 0.153071 0.152991 0.152900 0.152900 0.152900 0.152900 0.152900 0.152900 0.152900 0.152900 0.152900 0.152900 0.152900 0.152900 0.152900 0.152900 0.152900 0.152900 0.152900 0.152900 0.152807 0.152725 0.152667 0.152643 0.152667 0.152748 0.152900 0.156900 0.157145 0.157308 0.157390 0.157390 0.157308 0.157145 0.156900 0.152900 0.153262 0.153751 0.154334 0.154976 0.155641 0.156294 0.156900 0.156900 0.156294 0.155641 0.154976 0.154334 0.153751 0.153262 0.152900 0.156900 0.156538 0.156049 0.155466 0.154824 0.154159 0.153506 0.152900 0.152900 0.152807 0.152725 0.152667 0.152643 0.152667 0.152748 0.152900 0.156900 0.156445 0.155874 0.155232 0.154568 0.153926 0.153355 0.152900 0.156900 0.156445 0.155874 0.155232 0.154568 0.153926 0.153355 0.152900 0.156900 0.156445 0.155874 0.155232 0.154568 0.153926 0.153355 0.152900 0.156900 0.156538 0.156049 0.155466 0.154824 0.154159 0.153506 0.152900 0.152900 0.152900 0.152900 0.152900 0.152900 0.152900 0.152900 0.152900 0.152900 0.152900 0.152900 0.152900 0.152900 0.152900 0.152900 0.152900 0.152900 0.152900 0.152900 0.152900 0.152900 0.152900 0.152900 0.152900 0.152900 0.152309 0.151672 0.151024 0.150399 0.149830 0.149352 0.149000 0.152900 0.152548 0.152070 0.151501 0.150876 0.150228 0.149591 0.149000 0.149000 0.149000 0.149000 0.149000 0.149000 0.149000 0.149000 0.149000 0.149000 0.149000 0.149000 0.149000 0.149000 0.149000 0.149000 0.149000 0.149000 0.149000 0.149000 0.149000 0.149000 0.149000 0.149000 0.149000 0.149000 0.160252 0.172740 0.185937 0.199318 0.212356 0.224525 0.235300 0.227500 0.226691 0.225961 0.225309 0.224736 0.224243 0.223831 0.223500 0.223500 0.223000 0.222443 0.221851 0.221249 0.220657 0.220100 0.219600
0.215700 0.216701 0.217815 0.218997 0.220203 0.221385 0.222499 0.223500 0.223500 0.224013 0.224585 0.225191 0.225809 0.226415 0.226987 0.227500 0.227500 0.217430 0.206216 0.194315 0.182185 0.170284 0.159070 0.149000 0.149000 0.149000 0.149000 0.149000 0.149000 0.149000 0.149000 0.149000 0.149000 0.149000 0.149000 0.149000 0.149000 0.149000 0.149000 0.149000 0.149000 0.149000 0.149000 0.149000 0.149000 0.149000 0.149000 0.149000 0.149000 0.149000 0.149000 0.149000 0.149000 0.149000 0.149000 0.149000 0.149000 0.148909 0.148829 0.148773 0.148750 0.148773 0.148852 0.149000 0.152900 0.153048 0.153127 0.153150 0.153127 0.153071 0.152991 0.152900 0.152900 0.152900 0.152900 0.152900 0.152900 0.152900 0.152900 0.152900 0.152900 0.152900 0.152900 0.152900 0.152900 0.152900 0.152900 0.152900 0.152900 0.152900 0.152900 0.152900 0.152900 0.152900 0.152900 0.152900 0.152900 0.152900 0.152900 0.152900 0.152900 0.152900 0.152900 0.152900 0.152900 0.152900 0.152900 0.152900 0.152900 0.152900 0.152900 0.152900 0.152900 0.153506 0.154159 0.154824 0.155466 0.156049 0.156538 0.156900 0.152900 0.152748 0.152667 0.152643 0.152667 0.152725 0.152807 0.152900 0.152900 0.152900 0.152900 0.152900 0.152900 0.152900 0.152900 0.152900 0.152900 0.152900 0.152900 0.152900 0.152900 0.152900 0.152900 0.152900 0.152900 0.152900 0.152900 0.152900 0.152900 0.152900 0.152900 0.152900 0.152900 0.152900 0.152900 0.152900 0.152900 0.152900 0.152900 0.152900 0.152900 0.152900 0.152900 0.152900 0.152900 0.152900 0.152900 0.152900 0.152900 0.152900 0.152900 0.152900 0.152900 0.152900 0.152900 0.152900 0.152900 0.152900 0.152900 0.152900 0.152900 0.152900 0.152900 0.152900 0.152900 0.152309 0.151672 0.151024 0.150399 0.149830 0.149352 0.149000 0.152900 0.152548 0.152070 0.151501 0.150876 0.150228 0.149591 0.149000 0.149000 0.148909 0.148829 0.148773 0.148750 0.148773 0.148852 0.149000 0.152900 0.152548 0.152070 0.151501 0.150876 0.150228 0.149591 0.149000 0.149000 0.149000 0.149000 0.149000 0.149000 0.149000 0.149000 0.149000 0.149000 0.149000 0.149000 0.149000 0.149000 0.149000 0.149000 0.149000 0.149000 0.147169 0.145567 0.144423 0.143965 0.144423 0.146025 0.149000 0.227500 0.230569 0.232252 0.232768 0.232334 0.231166 0.229483 0.227500 0.223500 0.222848 0.222209 0.221595 0.221015 0.220483 0.220007 0.219600
0.216200 0.217085 0.218071 0.219120 0.220192 0.221247 0.222245 0.223148 0.223439 0.224610 0.225837 0.227044 0.228155 0.229097 0.229791 0.230165 0.217430 0.207673 0.197104 0.186112 0.175088 0.164422 0.154506 0.145729 0.149000 0.149124 0.149191 0.149210 0.149191 0.149143 0.149076 0.149000 0.149000 0.149000 0.149000 0.149000 0.149000 0.149000 0.149000 0.149000 0.149000 0.149003 0.149006 0.149009 0.149009 0.149009 0.149006 0.149000 0.148852 0.148866 0.148884 0.148905 0.148929 0.148953 0.148978 0.149000 0.149000 0.148921 0.148851 0.148802 0.148782 0.148802 0.148871 0.149000 0.152400 0.152515 0.152572 0.152583 0.152560 0.152514 0.152457 0.152400 0.152991 0.153027 0.153051 0.153063 0.153063 0.153051 0.153027 0.152991 0.152400 0.152455 0.152530 0.152617 0.152712 0.152810 0.152905 0.152991 0.152900 0.152914 0.152930 0.152947 0.152963 0.152976 0.152986 0.152991 0.152748 0.152736 0.152728 0.152724 0.152725 0.152729 0.152737 0.152748 0.152900 0.152884 0.152864 0.152840 0.152816 0.152791 0.152768 0.152748 0.152839 0.153417 0.154038 0.154668 0.155276 0.155827 0.156289 0.156629 0.152839 0.152704 0.152635 0.152622 0.152653 0.152718 0.152804 0.152900 0.152900 0.152901 0.152903 0.152904 0.152904 0.152904 0.152902 0.152900 0.152839 0.152848 0.152859 0.152870 0.152881 0.152890 0.152897 0.152900 0.152748 0.152779 0.152816 0.152855 0.152895 0.152933 0.152966 0.152991 0.152748 0.152762 0.152782 0.152806 0.152832 0.152857 0.152881 0.152900 0.152748 0.152790 0.152835 0.152881 0.152923 0.152958 0.152982 0.152991 0.152309 0.152281 0.152268 0.152269 0.152284 0.152311 0.152350 0.152400 0.152991 0.152938 0.152865 0.152779 0.152684 0.152586 0.152489 0.152400 0.152400 0.151848 0.151257 0.150659 0.150086 0.149573 0.149150 0.148852 0.152991 0.152639 0.152157 0.151578 0.150938 0.150272 0.149614 0.149000 0.148852 0.148783 0.148729 0.148698 0.148701 0.148747 0.148843 0.149000 0.152548 0.152227 0.151793 0.151275 0.150707 0.150117 0.149538 0.149000 0.149000 0.149000 0.149000 0.149000 0.149000 0.149000 0.149000 0.149000 0.149000 0.149000 0.149000 0.149000 0.149000 0.149000 0.149000 0.149000 0.149000 0.146906 0.144974 0.143431 0.142507 0.142430 0.143428 0.145729 0.217521 0.221797 0.224974 0.227182 0.228554 0.229221 0.229315 0.228967 0.225238 0.224449 0.223652 0.222865 0.222107 0.221396 0.220752 0.220191
0.216757 0.217498 0.218327 0.219212 0.220121 0.221022 0.221882 0.222670 0.223437 0.225252 0.227109 0.228881 0.230441 0.231660 0.232410 0.232565 0.206216 0.197115 0.187582 0.177918 0.168424 0.159400 0.151148 0.143968 0.149000 0.149191 0.149293 0.149323 0.149293 0.149220 0.149117 0.149000 0.149000 0.149000 0.149000 0.149000 0.149000 0.149000 0.149000 0.149000 0.149000 0.149005 0.149010 0.149013 0.149015 0.149013 0.149009 0.149000 0.148773 0.148793 0.148821 0.148854 0.148891 0.148928 0.148966 0.149000 0.149000 0.148934 0.148876 0.148834 0.148818 0.148834 0.148892 0.149000 0.151843 0.151922 0.151955 0.151953 0.151930 0.151895 0.151862 0.151843 0.153071 0.153146 0.153196 0.153221 0.153221 0.153196 0.153146 0.153071 0.151843 0.151958 0.152111 0.152293 0.152491 0.152694 0.152891 0.153071 0.152900 0.152925 0.152954 0.152985 0.153014 0.153040 0.153060 0.153071 0.152667 0.152646 0.152633 0.152627 0.152628 0.152635 0.152649 0.152667 0.152900 0.152875 0.152843 0.152806 0.152768 0.152730 0.152696 0.152667 0.152837 0.153357 0.153912 0.154475 0.155016 0.155507 0.155918 0.156219 0.152837 0.152717 0.152657 0.152647 0.152676 0.152735 0.152813 0.152900 0.152900 0.152901 0.152903 0.152904 0.152904 0.152904 0.152902 0.152900 0.152837 0.152848 0.152861 0.152873 0.152885 0.152894 0.152899 0.152900 0.152667 0.152719 0.152780 0.152846 0.152912 0.152974 0.153029 0.153071 0.152667 0.152687 0.152717 0.152753 0.152793 0.152833 0.152870 0.152900 0.152667 0.152742 0.152824 0.152904 0.152976 0.153032 0.153066 0.153071 0.151672 0.151612 0.151583 0.151583 0.151610 0.151664 0.151742 0.151843 0.153071 0.152960 0.152809 0.152630 0.152433 0.152229 0.152029 0.151843 0.151843 0.151349 0.150822 0.150294 0.149795 0.149354 0.149004 0.148773 0.153071 0.152717 0.152227 0.151639 0.150986 0.150305 0.149631 0.149000 0.148773 0.148722 0.148687 0.148675 0.148694 0.148749 0.148849 0.149000 0.152070 0.151793 0.151417 0.150969 0.150477 0.149967 0.149465 0.149000 0.149000 0.149000 0.149000 0.149000 0.149000 0.149000 0.149000 0.149000 0.149000 0.149000 0.149000 0.149000 0.149000 0.149000 0.149000 0.149000 0.149000 0.146899 0.144906 0.143233 0.142092 0.141693 0.142248 0.143968 0.206386 0.211869 0.216595 0.220599 0.223915 0.226577 0.228620 0.230077 0.226758 0.225872 0.224957 0.224038 0.223141 0.222291 0.221511 0.220828
0.217349 0.217926 0.218577 0.219278 0.220004 0.220733 0.221440 0.222101 0.223471 0.225865 0.228279 0.230534 0.232455 0.233863 0.234583 0.234437 0.194315 0.186142 0.177946 0.169922 0.162267 0.155175 0.148842 0.143465 0.149000 0.149210 0.149323 0.149355 0.149323 0.149242 0.149129 0.149000 0.149000 0.149000 0.149000 0.149000 0.149000 0.149000 0.149000 0.149000 0.149000 0.149006 0.149011 0.149015 0.149016 0.149015 0.149009 0.149000 0.148750 0.148772 0.148803 0.148840 0.148880 0.148921 0.148962 0.149000 0.149000 0.148948 0.148902 0.148869 0.148856 0.148869 0.148915 0.149000 0.151251 0.151293 0.151301 0.151286 0.151262 0.151240 0.151233 0.151251 0.153127 0.153242 0.153319 0.153357 0.153357 0.153319 0.153242 0.153127 0.151251 0.151426 0.151661 0.151937 0.152240 0.152550 0.152852 0.153127 0.152900 0.152932 0.152970 0.153010 0.153049 0.153084 0.153111 0.153127 0.152643 0.152619 0.152604 0.152597 0.152599 0.152607 0.152622 0.152643 0.152900 0.152872 0.152835 0.152795 0.152752 0.152711 0.152674 0.152643 0.152871 0.153307 0.153773 0.154243 0.154694 0.155102 0.155443 0.155693 0.152871 0.152768 0.152714 0.152702 0.152723 0.152769 0.152830 0.152900 0.152900 0.152901 0.152901 0.152902 0.152902 0.152902 0.152901 0.152900 0.152871 0.152879 0.152888 0.152896 0.152902 0.152906 0.152905 0.152900 0.152643 0.152707 0.152781 0.152860 0.152939 0.153013 0.153078 0.153127 0.152643 0.152664 0.152696 0.152736 0.152780 0.152824 0.152866 0.152900 0.152643 0.152745 0.152852 0.152954 0.153043 0.153108 0.153139 0.153127 0.151024 0.150930 0.150881 0.150876 0.150912 0.150988 0.151102 0.151251 0.153127 0.152958 0.152728 0.152455 0.152154 0.151842 0.151536 0.151251 0.151251 0.150828 0.150382 0.149939 0.149527 0.149173 0.148905 0.148750 0.153127 0.152770 0.152275 0.151678 0.151016 0.150325 0.149641 0.149000 0.148750 0.148714 0.148694 0.148694 0.148719 0.148775 0.148867 0.149000 0.151501 0.151275 0.150969 0.150604 0.150203 0.149788 0.149379 0.149000 0.149000 0.149000 0.149000 0.149000 0.149000 0.149000 0.149000 0.149000 0.149000 0.149000 0.149000 0.149000 0.149000 0.149000 0.149000 0.149000 0.149000 0.147099 0.145265 0.143682 0.142529 0.141987 0.142239 0.143465 0.194542 0.201174 0.207429 0.213240 0.218536 0.223247 0.227304 0.230637 0.227844 0.226921 0.225955 0.224973 0.224005 0.223081 0.222228 0.221476
0.217951 0.218356 0.218818 0.219322 0.219855 0.220401 0.220947 0.221476 0.223517 0.226378 0.229223 0.231832 0.233986 0.235465 0.236049 0.235520 0.182185 0.175144 0.168493 0.162315 0.156691 0.151704 0.147436 0.143968 0.149000 0.149191 0.149293 0.149323 0.149293 0.149220 0.149117 0.149000 0.149000 0.149000 0.149000 0.149000 0.149000 0.149000 0.149000 0.149000 0.149000 0.149005 0.149010 0.149013 0.149015 0.149013 0.149009 0.149000 0.148773 0.148793 0.148821 0.148854 0.148891 0.148928 0.148966 0.149000 0.149000 0.148962 0.148928 0.148904 0.148894 0.148904 0.148938 0.149000 0.150649 0.150653 0.150635 0.150609 0.150584 0.150575 0.150592 0.150649 0.153150 0.153303 0.153405 0.153456 0.153456 0.153405 0.153303 0.153150 0.150649 0.150881 0.151192 0.151560 0.151963 0.152377 0.152780 0.153150 0.152900 0.152934 0.152974 0.153018 0.153061 0.153100 0.153131 0.153150 0.152667 0.152643 0.152628 0.152622 0.152624 0.152632 0.152647 0.152667 0.152900 0.152873 0.152839 0.152802 0.152763 0.152726 0.152693 0.152667 0.152917 0.153253 0.153611 0.153971 0.154315 0.154626 0.154885 0.155074 0.152917 0.152833 0.152787 0.152771 0.152781 0.152810 0.152852 0.152900 0.152900 0.152900 0.152899 0.152899 0.152899 0.152899 0.152899 0.152900 0.152917 0.152921 0.152924 0.152924 0.152923 0.152919 0.152911 0.152900 0.152667 0.152731 0.152805 0.152884 0.152963 0.153037 0.153101 0.153150 0.152667 0.152684 0.152712 0.152748 0.152788 0.152829 0.152868 0.152900 0.152667 0.152784 0.152905 0.153017 0.153109 0.153169 0.153187 0.153150 0.150399 0.150268 0.150197 0.150182 0.150222 0.150315 0.150458 0.150649 0.153150 0.152924 0.152618 0.152253 0.151852 0.151436 0.151028 0.150649 0.150649 0.150306 0.149949 0.149600 0.149285 0.149026 0.148847 0.148773 0.153150 0.152789 0.152290 0.151690 0.151024 0.150330 0.149643 0.149000 0.148773 0.148749 0.148739 0.148745 0.148770 0.148819 0.148894 0.149000 0.150876 0.150707 0.150477 0.150203 0.149902 0.149591 0.149284 0.149000 0.149000 0.149000 0.149000 0.149000 0.149000 0.149000 0.149000 0.149000 0.149000 0.149000 0.149000 0.149000 0.149000 0.149000 0.149000 0.149000 0.149000 0.147457 0.145953 0.144630 0.143628 0.143089 0.143155 0.143968 0.182435 0.190104 0.197793 0.205328 0.212536 0.219242 0.225273 0.230453 0.228278 0.227404 0.226477 0.225528 0.224586 0.223681 0.222843 0.222101
0.218543 0.218772 0.219043 0.219350 0.219687 0.220049 0.220432 0.220828 0.223552 0.226717 0.229818 0.232604 0.234823 0.236221 0.236548 0.235550 0.170284 0.164508 0.159519 0.155285 0.151771 0.148946 0.146775 0.145226 0.149000 0.149143 0.149220 0.149242 0.149220 0.149165 0.149088 0.149000 0.149000 0.149000 0.149000 0.149000 0.149000 0.149000 0.149000 0.149000 0.149000 0.149004 0.149007 0.149010 0.149011 0.149010 0.149006 0.149000 0.148829 0.148845 0.148866 0.148891 0.148918 0.148946 0.148974 0.149000 0.149000 0.148975 0.148954 0.148938 0.148932 0.148938 0.148960 0.149000 0.150057 0.150026 0.149985 0.149946 0.149922 0.149925 0.149966 0.150057 0.153127 0.153315 0.153441 0.153503 0.153503 0.153441 0.153315 0.153127 0.150057 0.150340 0.150721 0.151172 0.151665 0.152174 0.152671 0.153127 0.152900 0.152930 0.152966 0.153005 0.153044 0.153079 0.153108 0.153127 0.152725 0.152706 0.152694 0.152689 0.152690 0.152697 0.152709 0.152725 0.152900 0.152879 0.152853 0.152824 0.152795 0.152767 0.152743 0.152725 0.152952 0.153179 0.153417 0.153657 0.153886 0.154092 0.154263 0.154387 0.152952 0.152891 0.152855 0.152838 0.152839 0.152851 0.152873 0.152900 0.152900 0.152899 0.152898 0.152897 0.152897 0.152897 0.152898 0.152900 0.152952 0.152952 0.152949 0.152944 0.152936 0.152927 0.152915 0.152900 0.152725 0.152779 0.152842 0.152907 0.152973 0.153034 0.153087 0.153127 0.152725 0.152736 0.152757 0.152783 0.152814 0.152845 0.152875 0.152900 0.152725 0.152847 0.152968 0.153076 0.153159 0.153203 0.153197 0.153127 0.149830 0.149663 0.149565 0.149536 0.149572 0.149673 0.149835 0.150057 0.153127 0.152850 0.152474 0.152027 0.151534 0.151024 0.150523 0.150057 0.150057 0.149800 0.149537 0.149288 0.149073 0.148912 0.148824 0.148829 0.153127 0.152765 0.152266 0.151668 0.151006 0.150317 0.149636 0.149000 0.148829 0.148816 0.148812 0.148819 0.148839 0.148875 0.148928 0.149000 0.150228 0.150117 0.149967 0.149788 0.149591 0.149387 0.149186 0.149000 0.149000 0.149000 0.149000 0.149000 0.149000 0.149000 0.149000 0.149000 0.149000 0.149000 0.149000 0.149000 0.149000 0.149000 0.149000 0.149000 0.149000 0.147926 0.146871 0.145930 0.145200 0.144775 0.144752 0.145226 0.170512 0.179050 0.187999 0.197085 0.206035 0.214575 0.222432 0.229331 0.227844 0.227124 0.226354 0.225561 0.224771 0.224008 0.223299 0.222670
0.219100 0.219161 0.219249 0.219365 0.219514 0.219699 0.219924 0.220191 0.223555 0.226810 0.229943 0.232682 0.234756 0.235892 0.235818 0.234264 0.159070 0.154623 0.151321 0.149022 0.147581 0.146858 0.146707 0.146987 0.149000 0.149076 0.149117 0.149129 0.149117 0.149088 0.149047 0.149000 0.149000 0.149000 0.149000 0.149000 0.149000 0.149000 0.149000 0.149000 0.149000 0.149002 0.149004 0.149005 0.149006 0.149005 0.149003 0.149000 0.148909 0.148917 0.148928 0.148942 0.148956 0.148971 0.148986 0.149000 0.149000 0.148988 0.148978 0.148971 0.148968 0.148971 0.148981 0.149000 0.149500 0.149437 0.149374 0.149326 0.149302 0.149315 0.149377 0.149500 0.153048 0.153265 0.153410 0.153482 0.153482 0.153410 0.153265 0.153048 0.149500 0.149824 0.150262 0.150781 0.151351 0.151939 0.152516 0.153048 0.152900 0.152919 0.152942 0.152967 0.152992 0.153015 0.153035 0.153048 0.152807 0.152795 0.152789 0.152786 0.152787 0.152791 0.152798 0.152807 0.152900 0.152888 0.152874 0.152858 0.152842 0.152827 0.152815 0.152807 0.152955 0.153066 0.153183 0.153301 0.153412 0.153512 0.153594 0.153654 0.152955 0.152921 0.152899 0.152887 0.152882 0.152884 0.152891 0.152900 0.152900 0.152899 0.152898 0.152897 0.152897 0.152897 0.152898 0.152900 0.152955 0.152952 0.152947 0.152940 0.152932 0.152923 0.152912 0.152900 0.152807 0.152840 0.152877 0.152917 0.152956 0.152992 0.153024 0.153048 0.152807 0.152812 0.152822 0.152836 0.152853 0.152870 0.152886 0.152900 0.152807 0.152920 0.153028 0.153118 0.153177 0.153194 0.153155 0.153048 0.149352 0.149149 0.149022 0.148971 0.148995 0.149092 0.149261 0.149500 0.153048 0.152727 0.152293 0.151776 0.151207 0.150617 0.150038 0.149500 0.149500 0.149328 0.149159 0.149009 0.148894 0.148828 0.148828 0.148909 0.153048 0.152688 0.152196 0.151607 0.150958 0.150284 0.149619 0.149000 0.148909 0.148903 0.148903 0.148907 0.148918 0.148937 0.148964 0.149000 0.149591 0.149538 0.149465 0.149379 0.149284 0.149186 0.149090 0.149000 0.149000 0.149000 0.149000 0.149000 0.149000 0.149000 0.149000 0.149000 0.149000 0.149000 0.149000 0.149000 0.149000 0.149000 0.149000 0.149000 0.149000 0.148457 0.147919 0.147436 0.147054 0.146820 0.146782 0.146987 0.159218 0.168404 0.178363 0.188733 0.199152 0.209257 0.218687 0.227078 0.226324 0.225888 0.225418 0.224933 0.224446 0.223976 0.223537 0.223148
0.219600 0.219509 0.219429 0.219373 0.219350 0.219373 0.219452 0.219600 0.223500 0.226583 0.229473 0.231894 0.233573 0.234233 0.233601 0.231400 0.149000 0.145877 0.144195 0.143715 0.144195 0.145397 0.147078 0.149000 0.149000 0.149000 0.149000 0.149000 0.149000 0.149000 0.149000 0.149000 0.149000 0.149000 0.149000 0.149000 0.149000 0.149000 0.149000 0.149000 0.149000 0.149000 0.149000 0.149000 0.149000 0.149000 0.149000 0.149000 0.149000 0.149000 0.149000 0.149000 0.149000 0.149000 0.149000 0.149000 0.149000 0.149000 0.149000 0.149000 0.149000 0.149000 0.149000 0.149000 0.149000 0.148909 0.148829 0.148773 0.148750 0.148773 0.148852 0.149000 0.152900 0.153139 0.153298 0.153378 0.153378 0.153298 0.153139 0.152900 0.149000 0.149352 0.149830 0.150399 0.151024 0.151672 0.152309 0.152900 0.152900 0.152900 0.152900 0.152900 0.152900 0.152900 0.152900 0.152900 0.152900 0.152900 0.152900 0.152900 0.152900 0.152900 0.152900 0.152900 0.152900 0.152900 0.152900 0.152900 0.152900 0.152900 0.152900 0.152900 0.152900 0.152900 0.152900 0.152900 0.152900 0.152900 0.152900 0.152900 0.152900 0.152900 0.152900 0.152900 0.152900 0.152900 0.152900 0.152900 0.152900 0.152900 0.152900 0.152900 0.152900 0.152900 0.152900 0.152900 0.152900 0.152900 0.152900 0.152900 0.152900 0.152900 0.152900 0.152900 0.152900 0.152900 0.152900 0.152900 0.152900 0.152900 0.152900 0.152900 0.152900 0.152900 0.152900 0.152900 0.152900 0.152900 0.152900 0.152900 0.152900 0.152991 0.153071 0.153127 0.153150 0.153127 0.153048 0.152900 0.149000 0.148761 0.148602 0.148522 0.148522 0.148602 0.148761 0.149000 0.152900 0.152548 0.152070 0.151501 0.150876 0.150228 0.149591 0.149000 0.149000 0.148909 0.148829 0.148773 0.148750 0.148773 0.148852 0.149000 0.152900 0.152548 0.152070 0.151501 0.150876 0.150228 0.149591 0.149000 0.149000 0.149000 0.149000 0.149000 0.149000 0.149000 0.149000 0.149000 0.149000 0.149000 0.149000 0.149000 0.149000 0.149000 0.149000 0.149000 0.149000 0.149000 0.149000 0.149000 0.149000 0.149000 0.149000 0.149000 0.149000 0.149000 0.149000 0.149000 0.149000 0.149000 0.149000 0.149000 0.149000 0.149000 0.149000 0.149000 0.149000 0.149000 0.149000 0.149000 0.149000 0.158557 0.169200 0.180494 0.192006 0.203300 0.213943 0.223500 0.223500 0.223500 0.223500 0.223500 0.223500 0.223500 0.223500 0.223500
0.219600 0.219600 0.219600 0.219600 0.219600 0.219600 0.219600 0.219600 0.219600 0.209952 0.199230 0.187878 0.176344 0.165072 0.154509 0.145100 0.149000 0.149148 0.149227 0.149250 0.149227 0.149171 0.149091 0.149000 0.149000 0.149000 0.149000 0.149000 0.149000 0.149000 0.149000 0.149000 0.149000 0.149000 0.149000 0.149000 0.149000 0.149000 0.149000 0.149000 0.149000 0.149000 0.149000 0.149000 0.149000 0.149000 0.149000 0.149000 0.149000 0.149000 0.149000 0.149000 0.149000 0.149000 0.149000 0.149000 0.149000 0.149000 0.149000 0.149000 0.149000 0.149000 0.149000 0.149000 0.149000 0.149000 0.149000 0.149000 0.149000 0.149000 0.149000 0.149000 0.149000 0.149000 0.149000 0.149000 0.149000 0.149000 0.149000 0.149000 0.149000 0.148909 0.148829 0.148773 0.148750 0.148773 0.148852 0.149000 0.152900 0.152457 0.151899 0.151274 0.150626 0.150001 0.149443 0.149000 0.152900 0.153048 0.153127 0.153150 0.153127 0.153071 0.152991 0.152900 0.152900 0.152991 0.153071 0.153127 0.153150 0.153127 0.153048 0.152900 0.149000 0.148852 0.148773 0.148750 0.148773 0.148829 0.148909 0.149000 0.149000 0.149500 0.150057 0.150649 0.151251 0.151843 0.152400 0.152900 0.152900 0.152991 0.153071 0.153127 0.153150 0.153127 0.153048 0.152900 0.149000 0.149352 0.149830 0.150399 0.151024 0.151672 0.152309 0.152900 0.152900 0.152309 0.151672 0.151024 0.150399 0.149830 0.149352 0.149000 0.152900 0.153048 0.153127 0.153150 0.153127 0.153071 0.152991 0.152900 0.152900 0.152309 0.151672 0.151024 0.150399 0.149830 0.149352 0.149000 0.152900 0.152548 0.152070 0.151501 0.150876 0.150228 0.149591 0.149000 0.149000 0.149000 0.149000 0.149000 0.149000 0.149000 0.149000 0.149000 0.149000 0.149000 0.149000 0.149000 0.149000 0.149000 0.149000 0.149000 0.149000 0.149000 0.149000 0.149000 0.149000 0.149000 0.149000 0.149000 0.149000 0.149000 0.149000 0.149000 0.149000 0.149000 0.149000 0.149000 0.149000 0.149000 0.149000 0.149000 0.149000 0.149000 0.149000 0.149000 0.149000 0.149000 0.149000 0.149000 0.149000 0.149000 0.149000 0.149000 0.149000 0.149000 0.149000 0.149000 0.149000 0.149000 0.149000 0.149000 0.149000 0.149091 0.149171 0.149227 0.149250 0.149227 0.149148 0.149000 0.145100 0.144861 0.144702 0.144622 0.144622 0.144702 0.144861 0.145100 0.149000 0.158204 0.168370 0.179096 0.189982 0.200628 0.210634 0.219600
0.221338 0.219878 0.218256 0.216537 0.214789 0.213080 0.211475 0.210043 0.210487 0.201527 0.191579 0.181067 0.170414 0.160041 0.150372 0.141829 0.149091 0.149368 0.149518 0.149562 0.149520 0.149414 0.149264 0.149091 0.149000 0.148997 0.148995 0.148994 0.148995 0.148996 0.148998 0.149000 0.149000 0.149000 0.149000 0.149000 0.149000 0.149000 0.149000 0.149000 0.149000 0.149000 0.149000 0.149000 0.149000 0.149000 0.149000 0.149000 0.149000 0.149000 0.149000 0.149000 0.149000 0.149000 0.149000 0.149000 0.149000 0.149000 0.149000 0.149000 0.149000 0.149000 0.149000 0.149000 0.149000 0.149003 0.149006 0.149009 0.149009 0.149009 0.149006 0.149000 0.148852 0.148843 0.148837 0.148834 0.148834 0.148837 0.148843 0.148852 0.149000 0.148904 0.148813 0.148740 0.148696 0.148692 0.148740 0.148852 0.152400 0.151996 0.151490 0.150921 0.150331 0.149762 0.149256 0.148852 0.152400 0.152534 0.152607 0.152627 0.152607 0.152555 0.152482 0.152400 0.152400 0.152482 0.152555 0.152607 0.152627 0.152607 0.152534 0.152400 0.148852 0.148807 0.148832 0.148909 0.149025 0.149163 0.149307 0.149443 0.148852 0.149285 0.149780 0.150314 0.150866 0.151412 0.151931 0.152400 0.152400 0.152572 0.152741 0.152891 0.153006 0.153072 0.153072 0.152991 0.148852 0.149150 0.149573 0.150086 0.150659 0.151257 0.151848 0.152400 0.152400 0.151862 0.151283 0.150693 0.150124 0.149607 0.149173 0.148852 0.152400 0.152520 0.152581 0.152593 0.152569 0.152520 0.152460 0.152400 0.152991 0.152396 0.151742 0.151064 0.150399 0.149785 0.149257 0.148852 0.152548 0.152236 0.151808 0.151293 0.150725 0.150132 0.149547 0.149000 0.148852 0.148866 0.148884 0.148905 0.148929 0.148953 0.148978 0.149000 0.149000 0.149003 0.149006 0.149009 0.149009 0.149009 0.149006 0.149000 0.148852 0.148866 0.148884 0.148905 0.148929 0.148953 0.148978 0.149000 0.149000 0.149000 0.149000 0.149000 0.149000 0.149000 0.149000 0.149000 0.149000 0.149000 0.149000 0.149000 0.149000 0.149000 0.149000 0.149000 0.149000 0.149000 0.149000 0.149000 0.149000 0.149000 0.149000 0.149000 0.149000 0.149000 0.149000 0.149000 0.149000 0.149000 0.149000 0.149000 0.149000 0.149007 0.148995 0.148957 0.148886 0.148776 0.148619 0.148409 0.144861 0.144369 0.143916 0.143512 0.143170 0.142901 0.142717 0.142629 0.145676 0.154018 0.163241 0.172981 0.182872 0.192550 0.201649 0.209804
0.222858 0.219826 0.216454 0.212883 0.209253 0.205702 0.202372 0.199400 0.200401 0.192487 0.183703 0.174429 0.165048 0.155939 0.147486 0.140068 0.149171 0.149520 0.149709 0.149764 0.149712 0.149579 0.149389 0.149171 0.149000 0.148994 0.148990 0.148989 0.148990 0.148993 0.148996 0.149000 0.149000 0.149000 0.149000 0.149000 0.149000 0.149000 0.149000 0.149000 0.149000 0.149000 0.149000 0.149000 0.149000 0.149000 0.149000 0.149000 0.149000 0.149000 0.149000 0.149000 0.149000 0.149000 0.149000 0.149000 0.149000 0.149000 0.149000 0.149000 0.149000 0.149000 0.149000 0.149000 0.149000 0.149005 0.149010 0.149013 0.149015 0.149013 0.149009 0.149000 0.148773 0.148759 0.148749 0.148745 0.148745 0.148749 0.148759 0.148773 0.149000 0.148908 0.148817 0.148739 0.148685 0.148665 0.148691 0.148773 0.151843 0.151494 0.151055 0.150563 0.150052 0.149560 0.149122 0.148773 0.151843 0.151959 0.152022 0.152039 0.152022 0.151977 0.151914 0.151843 0.151843 0.151914 0.151977 0.152022 0.152039 0.152022 0.151959 0.151843 0.148773 0.148842 0.148980 0.149166 0.149381 0.149605 0.149818 0.150001 0.148773 0.149120 0.149533 0.149992 0.150473 0.150956 0.151420 0.151843 0.151843 0.152100 0.152363 0.152612 0.152827 0.152988 0.153076 0.153071 0.148773 0.149004 0.149354 0.149795 0.150294 0.150822 0.151349 0.151843 0.151843 0.151377 0.150876 0.150366 0.149873 0.149426 0.149050 0.148773 0.151843 0.151930 0.151968 0.151968 0.151943 0.151905 0.151868 0.151843 0.153071 0.152489 0.151833 0.151140 0.150450 0.149799 0.149228 0.148773 0.152070 0.151806 0.151440 0.150997 0.150505 0.149990 0.149479 0.149000 0.148773 0.148793 0.148821 0.148854 0.148891 0.148928 0.148966 0.149000 0.149000 0.149005 0.149010 0.149013 0.149015 0.149013 0.149009 0.149000 0.148773 0.148793 0.148821 0.148854 0.148891 0.148928 0.148966 0.149000 0.149000 0.149000 0.149000 0.149000 0.149000 0.149000 0.149000 0.149000 0.149000 0.149000 0.149000 0.149000 0.149000 0.149000 0.149000 0.149000 0.149000 0.149000 0.149000 0.149000 0.149000 0.149000 0.149000 0.149000 0.149000 0.149000 0.149000 0.149000 0.149000 0.149000 0.149000 0.149000 0.149000 0.148914 0.148801 0.148660 0.148488 0.148284 0.148046 0.147772 0.144702 0.144139 0.143590 0.143071 0.142595 0.142179 0.141838 0.141586 0.143599 0.150782 0.158738 0.167149 0.175698 0.184068 0.191942 0.199002
0.223944 0.219309 0.214156 0.208699 0.203152 0.197728 0.192642 0.188106 0.189732 0.183133 0.175802 0.168065 0.160247 0.152675 0.145672 0.139565 0.149227 0.149599 0.149801 0.149860 0.149805 0.149663 0.149461 0.149227 0.149000 0.148991 0.148987 0.148985 0.148987 0.148990 0.148995 0.149000 0.149000 0.149000 0.149000 0.149000 0.149000 0.149000 0.149000 0.149000 0.149000 0.149000 0.149000 0.149000 0.149000 0.149000 0.149000 0.149000 0.149000 0.149000 0.149000 0.149000 0.149000 0.149000 0.149000 0.149000 0.149000 0.149000 0.149000 0.149000 0.149000 0.149000 0.149000 0.149000 0.149000 0.149006 0.149011 0.149015 0.149016 0.149015 0.149009 0.149000 0.148750 0.148735 0.148724 0.148719 0.148719 0.148724 0.148735 0.148750 0.149000 0.148919 0.148837 0.148764 0.148710 0.148683 0.148693 0.148750 0.151251 0.150967 0.150610 0.150208 0.149793 0.149392 0.149034 0.148750 0.151251 0.151346 0.151397 0.151412 0.151397 0.151361 0.151310 0.151251 0.151251 0.151310 0.151361 0.151397 0.151412 0.151397 0.151346 0.151251 0.148750 0.148939 0.149195 0.149492 0.149807 0.150117 0.150398 0.150626 0.148750 0.149000 0.149319 0.149687 0.150084 0.150491 0.150887 0.151251 0.151251 0.151594 0.151951 0.152300 0.152615 0.152874 0.153053 0.153127 0.148750 0.148905 0.149173 0.149527 0.149939 0.150382 0.150828 0.151251 0.151251 0.150872 0.150464 0.150048 0.149647 0.149282 0.148976 0.148750 0.151251 0.151302 0.151315 0.151302 0.151277 0.151251 0.151239 0.151251 0.153127 0.152573 0.151930 0.151237 0.150533 0.149858 0.149251 0.148750 0.151501 0.151291 0.150995 0.150635 0.150234 0.149813 0.149395 0.149000 0.148750 0.148772 0.148803 0.148840 0.148880 0.148921 0.148962 0.149000 0.149000 0.149006 0.149011 0.149015 0.149016 0.149015 0.149009 0.149000 0.148750 0.148772 0.148803 0.148840 0.148880 0.148921 0.148962 0.149000 0.149000 0.149000 0.149000 0.149000 0.149000 0.149000 0.149000 0.149000 0.149000 0.149000 0.149000 0.149000 0.149000 0.149000 0.149000 0.149000 0.149000 0.149000 0.149000 0.149000 0.149000 0.149000 0.149000 0.149000 0.149000 0.149000 0.149000 0.149000 0.149000 0.149000 0.149000 0.149000 0.149000 0.148818 0.148601 0.148353 0.148077 0.147778 0.147459 0.147124 0.144622 0.144135 0.143652 0.143185 0.142747 0.142348 0.142002 0.141720 0.142573 0.148385 0.154839 0.161674 0.168631 0.175449 0.181869 0.187628
0.224378 0.218196 0.211323 0.204045 0.196649 0.189418 0.182638 0.176594 0.178868 0.173763 0.168079 0.162076 0.156014 0.150152 0.144750 0.140068 0.149250 0.149604 0.149797 0.149854 0.149802 0.149666 0.149474 0.149250 0.149000 0.148991 0.148985 0.148984 0.148985 0.148989 0.148994 0.149000 0.149000 0.149000 0.149000 0.149000 0.149000 0.149000 0.149000 0.149000 0.149000 0.149000 0.149000 0.149000 0.149000 0.149000 0.149000 0.149000 0.149000 0.149000 0.149000 0.149000 0.149000 0.149000 0.149000 0.149000 0.149000 0.149000 0.149000 0.149000 0.149000 0.149000 0.149000 0.149000 0.149000 0.149005 0.149010 0.149013 0.149015 0.149013 0.149009 0.149000 0.148773 0.148759 0.148749 0.148745 0.148745 0.148749 0.148759 0.148773 0.149000 0.148936 0.148870 0.148809 0.148762 0.148735 0.148736 0.148773 0.150649 0.150435 0.150167 0.149867 0.149555 0.149254 0.148986 0.148773 0.150649 0.150720 0.150758 0.150769 0.150758 0.150731 0.150692 0.150649 0.150649 0.150692 0.150731 0.150758 0.150769 0.150758 0.150720 0.150649 0.148773 0.149081 0.149451 0.149856 0.150268 0.150660 0.151004 0.151274 0.148773 0.148918 0.149135 0.149405 0.149710 0.150031 0.150350 0.150649 0.150649 0.151072 0.151518 0.151961 0.152373 0.152727 0.152995 0.153150 0.148773 0.148847 0.149026 0.149285 0.149600 0.149949 0.150306 0.150649 0.150649 0.150364 0.150058 0.149746 0.149445 0.149172 0.148942 0.148773 0.150649 0.150661 0.150649 0.150623 0.150598 0.150585 0.150598 0.150649 0.153150 0.152634 0.152017 0.151337 0.150634 0.149946 0.149313 0.148773 0.150876 0.150720 0.150500 0.150231 0.149930 0.149614 0.149298 0.149000 0.148773 0.148793 0.148821 0.148854 0.148891 0.148928 0.148966 0.149000 0.149000 0.149005 0.149010 0.149013 0.149015 0.149013 0.149009 0.149000 0.148773 0.148793 0.148821 0.148854 0.148891 0.148928 0.148966 0.149000 0.149000 0.149000 0.149000 0.149000 0.149000 0.149000 0.149000 0.149000 0.149000 0.149000 0.149000 0.149000 0.149000 0.149000 0.149000 0.149000 0.149000 0.149000 0.149000 0.149000 0.149000 0.149000 0.149000 0.149000 0.149000 0.149000 0.149000 0.149000 0.149000 0.149000 0.149000 0.149000 0.149000 0.148723 0.148404 0.148052 0.147676 0.147286 0.146891 0.146499 0.144622 0.144324 0.144030 0.143745 0.143474 0.143219 0.142987 0.142780 0.142405 0.146715 0.151523 0.156632 0.161843 0.166960 0.171783 0.176117
0.223944 0.216354 0.207917 0.198984 0.189905 0.181031 0.172713 0.165300 0.168199 0.164677 0.160736 0.156564 0.152349 0.148278 0.144541 0.141326 0.149227 0.149532 0.149698 0.149747 0.149703 0.149586 0.149420 0.149227 0.149000 0.148991 0.148987 0.148985 0.148987 0.148990 0.148995 0.149000 0.149000 0.149000 0.149000 0.149000 0.149000 0.149000 0.149000 0.149000 0.149000 0.149000 0.149000 0.149000 0.149000 0.149000 0.149000 0.149000 0.149000 0.149000 0.149000 0.149000 0.149000 0.149000 0.149000 0.149000 0.149000 0.149000 0.149000 0.149000 0.149000 0.149000 0.149000 0.149000 0.149000 0.149004 0.149007 0.149010 0.149011 0.149010 0.149006 0.149000 0.148829 0.148819 0.148812 0.148809 0.148809 0.148812 0.148819 0.148829 0.149000 0.148956 0.148910 0.148867 0.148833 0.148812 0.148809 0.148829 0.150057 0.149918 0.149742 0.149545 0.149341 0.149145 0.148969 0.148829 0.150057 0.150104 0.150129 0.150136 0.150129 0.150111 0.150086 0.150057 0.150057 0.150086 0.150111 0.150129 0.150136 0.150129 0.150104 0.150057 0.148829 0.149248 0.149724 0.150227 0.150727 0.151192 0.151593 0.151899 0.148829 0.148871 0.148983 0.149152 0.149359 0.149590 0.149828 0.150057 0.150057 0.150552 0.151078 0.151606 0.152105 0.152546 0.152896 0.153127 0.148829 0.148824 0.148912 0.149073 0.149288 0.149537 0.149800 0.150057 0.150057 0.149871 0.149671 0.149467 0.149270 0.149091 0.148940 0.148829 0.150057 0.150032 0.149995 0.149957 0.149932 0.149932 0.149970 0.150057 0.153127 0.152660 0.152080 0.151426 0.150736 0.150047 0.149399 0.148829 0.150228 0.150127 0.149984 0.149809 0.149612 0.149404 0.149197 0.149000 0.148829 0.148845 0.148866 0.148891 0.148918 0.148946 0.148974 0.149000 0.149000 0.149004 0.149007 0.149010 0.149011 0.149010 0.149006 0.149000 0.148829 0.148845 0.148866 0.148891 0.148918 0.148946 0.148974 0.149000 0.149000 0.149000 0.149000 0.149000 0.149000 0.149000 0.149000 0.149000 0.149000 0.149000 0.149000 0.149000 0.149000 0.149000 0.149000 0.149000 0.149000 0.149000 0.149000 0.149000 0.149000 0.149000 0.149000 0.149000 0.149000 0.149000 0.149000 0.149000 0.149000 0.149000 0.149000 0.149000 0.149000 0.148635 0.148221 0.147774 0.147307 0.146834 0.146370 0.145930 0.144702 0.144669 0.144650 0.144638 0.144625 0.144605 0.144571 0.144514 0.142899 0.145661 0.148771 0.152097 0.155506 0.158866 0.162042 0.164902
0.222424 0.213650 0.203898 0.193574 0.183083 0.172829 0.163219 0.154657 0.158113 0.156175 0.153976 0.151630 0.149252 0.146959 0.144866 0.143087 0.149148 0.149381 0.149508 0.149545 0.149511 0.149421 0.149295 0.149148 0.149000 0.148994 0.148991 0.148991 0.148991 0.148994 0.148997 0.149000 0.149000 0.149000 0.149000 0.149000 0.149000 0.149000 0.149000 0.149000 0.149000 0.149000 0.149000 0.149000 0.149000 0.149000 0.149000 0.149000 0.149000 0.149000 0.149000 0.149000 0.149000 0.149000 0.149000 0.149000 0.149000 0.149000 0.149000 0.149000 0.149000 0.149000 0.149000 0.149000 0.149000 0.149002 0.149004 0.149005 0.149006 0.149005 0.149003 0.149000 0.148909 0.148903 0.148900 0.148898 0.148898 0.148900 0.148903 0.148909 0.149000 0.148978 0.148955 0.148933 0.148915 0.148903 0.148900 0.148909 0.149500 0.149433 0.149349 0.149254 0.149156 0.149061 0.148976 0.148909 0.149500 0.149523 0.149535 0.149538 0.149535 0.149526 0.149514 0.149500 0.149500 0.149514 0.149526 0.149535 0.149538 0.149535 0.149523 0.149500 0.148909 0.149424 0.149992 0.150578 0.151150 0.151676 0.152122 0.152457 0.148909 0.148850 0.148862 0.148931 0.149044 0.149185 0.149342 0.149500 0.149500 0.150052 0.150643 0.151241 0.151814 0.152327 0.152750 0.153048 0.148909 0.148828 0.148828 0.148894 0.149009 0.149159 0.149328 0.149500 0.149500 0.149411 0.149314 0.149216 0.149121 0.149035 0.148962 0.148909 0.149500 0.149440 0.149380 0.149331 0.149307 0.149319 0.149380 0.149500 0.153048 0.152635 0.152103 0.151486 0.150822 0.150147 0.149497 0.148909 0.149591 0.149543 0.149475 0.149390 0.149296 0.149195 0.149095 0.149000 0.148909 0.148917 0.148928 0.148942 0.148956 0.148971 0.148986 0.149000 0.149000 0.149002 0.149004 0.149005 0.149006 0.149005 0.149003 0.149000 0.148909 0.148917 0.148928 0.148942 0.148956 0.148971 0.148986 0.149000 0.149000 0.149000 0.149000 0.149000 0.149000 0.149000 0.149000 0.149000 0.149000 0.149000 0.149000 0.149000 0.149000 0.149000 0.149000 0.149000 0.149000 0.149000 0.149000 0.149000 0.149000 0.149000 0.149000 0.149000 0.149000 0.149000 0.149000 0.149000 0.149000 0.149000 0.149000 0.149000 0.149000 0.148559 0.148064 0.147535 0.146990 0.146449 0.145930 0.145452 0.144861 0.145136 0.145440 0.145752 0.146052 0.146318 0.146532 0.146671 0.143863 0.145110 0.146561 0.148145 0.149792 0.151433 0.152999 0.154418
0.219600 0.209952 0.199230 0.187878 0.176344 0.165072 0.154509 0.145100 0.149000 0.148557 0.147999 0.147374 0.146726 0.146101 0.145543 0.145100 0.149000 0.149148 0.149227 0.149250 0.149227 0.149171 0.149091 0.149000 0.149000 0.149000 0.149000 0.149000 0.149000 0.149000 0.149000 0.149000 0.149000 0.149000 0.149000 0.149000 0.149000 0.149000 0.149000 0.149000 0.149000 0.149000 0.149000 0.149000 0.149000 0.149000 0.149000 0.149000 0.149000 0.149000 0.149000 0.149000 0.149000 0.149000 0.149000 0.149000 0.149000 0.149000 0.149000 0.149000 0.149000 0.149000 0.149000 0.149000 0.149000 0.149000 0.149000 0.149000 0.149000 0.149000 0.149000 0.149000 0.149000 0.149000 0.149000 0.149000 0.149000 0.149000 0.149000 0.149000 0.149000 0.149000 0.149000 0.149000 0.149000 0.149000 0.149000 0.149000 0.149000 0.149000 0.149000 0.149000 0.149000 0.149000 0.149000 0.149000 0.149000 0.149000 0.149000 0.149000 0.149000 0.149000 0.149000 0.149000 0.149000 0.149000 0.149000 0.149000 0.149000 0.149000 0.149000 0.149000 0.149000 0.149591 0.150228 0.150876 0.151501 0.152070 0.152548 0.152900 0.149000 0.148852 0.148773 0.148750 0.148773 0.148829 0.148909 0.149000 0.149000 0.149591 0.150228 0.150876 0.151501 0.152070 0.152548 0.152900 0.149000 0.148852 0.148773 0.148750 0.148773 0.148829 0.148909 0.149000 0.149000 0.149000 0.149000 0.149000 0.149000 0.149000 0.149000 0.149000 0.149000 0.148909 0.148829 0.148773 0.148750 0.148773 0.148852 0.149000 0.152900 0.152548 0.152070 0.151501 0.150876 0.150228 0.149591 0.149000 0.149000 0.149000 0.149000 0.149000 0.149000 0.149000 0.149000 0.149000 0.149000 0.149000 0.149000 0.149000 0.149000 0.149000 0.149000 0.149000 0.149000 0.149000 0.149000 0.149000 0.149000 0.149000 0.149000 0.149000 0.149000 0.149000 0.149000 0.149000 0.149000 0.149000 0.149000 0.149000 0.149000 0.149000 0.149000 0.149000 0.149000 0.149000 0.149000 0.149000 0.149000 0.149000 0.149000 0.149000 0.149000 0.149000 0.149000 0.149000 0.149000 0.149000 0.149000 0.149000 0.149000 0.149000 0.149000 0.149000 0.149000 0.149000 0.149000 0.149000 0.149000 0.149000 0.149000 0.149000 0.149000 0.148500 0.147943 0.147351 0.146749 0.146157 0.145600 0.145100 0.145100 0.145691 0.146328 0.146976 0.147601 0.148170 0.148648 0.149000 0.145100 0.144952 0.144873 0.144850 0.144873 0.144929 0.145009 0.145100
0.145100 0.145100 0.145100 0.145100 0.145100 0.145100 0.145100 0.145100 0.145100 0.145100 0.145100 0.145100 0.145100 0.145100 0.145100 0.145100 0.145100 0.145009 0.144929 0.144873 0.144850 0.144873 0.144952 0.145100 0.149000 0.149148 0.149227 0.149250 0.149227 0.149171 0.149091 0.149000 0.149000 0.149000 0.149000 0.149000 0.149000 0.149000 0.149000 0.149000 0.149000 0.149000 0.149000 0.149000 0.149000 0.149000 0.149000 0.149000 0.149000 0.149000 0.149000 0.149000 0.149000 0.149000 0.149000 0.149000 0.149000 0.149000 0.149000 0.149000 0.149000 0.149000 0.149000 0.149000 0.149000 0.149000 0.149000 0.149000 0.149000 0.149000 0.149000 0.149000 0.149000 0.149000 0.149000 0.149000 0.149000 0.149000 0.149000 0.149000 0.149000 0.149000 0.149000 0.149000 0.149000 0.149000 0.149000 0.149000 0.149000 0.149000 0.149000 0.149000 0.149000 0.149000 0.149000 0.149000 0.149000 0.149000 0.149000 0.149000 0.149000 0.149000 0.149000 0.149000 0.149000 0.149000 0.149000 0.149000 0.149000 0.149000 0.149000 0.149000 0.149000 0.149000 0.149000 0.149000 0.149000 0.149000 0.149000 0.149000 0.149000 0.149000 0.149000 0.149000 0.149000 0.149000 0.149000 0.149000 0.149000 0.149000 0.149000 0.149000 0.149000 0.149000 0.149000 0.149000 0.149000 0.149000 0.149000 0.149000 0.149000 0.149000 0.149000 0.149000 0.149000 0.149000 0.149000 0.149000 0.149000 0.149000 0.149000 0.149000 0.149000 0.149000 0.149000 0.149000 0.149000 0.149000 0.149000 0.149000 0.149000 0.149000 0.149000 0.149000 0.149000 0.149000 0.149000 0.149000 0.149000 0.149000 0.149000 0.149000 0.149000 0.149000 0.149000 0.149000 0.149000 0.149000 0.149000 0.149000 0.149000 0.149000 0.149000 0.149000 0.149000 0.149000 0.149000 0.149000 0.149000 0.149000 0.149000 0.149000 0.149000 0.149000 0.149000 0.149000 0.149000 0.149000 0.149000 0.149000 0.149000 0.149000 0.149000 0.149000 0.149000 0.149000 0.149000 0.149000 0.149000 0.149000 0.149000 0.149000 0.149000 0.149000 0.149000 0.149000 0.149000 0.149000 0.149000 0.149000 0.149000 0.149000 0.149000 0.149000 0.149000 0.149000 0.149000 0.149000 0.149000 0.149000 0.149000 0.149000 0.149000 0.149000 0.149000 0.149000 0.149000 0.149000 0.149000 0.149000 0.149000 0.149091 0.149171 0.149227 0.149250 0.149227 0.149148 0.149000 0.145100 0.145452 0.145930 0.146499 0.147124 0.147772 0.148409 0.149000
0.142276 0.142642 0.143048 0.143479 0.143916 0.144343 0.144743 0.145100 0.144952 0.144969 0.144990 0.145014 0.145038 0.145062 0.145083 0.145100 0.144952 0.144838 0.144738 0.144663 0.144626 0.144638 0.144713 0.144861 0.149000 0.149095 0.149110 0.149059 0.148958 0.148822 0.148664 0.148500 0.148409 0.148481 0.148564 0.148653 0.148745 0.148836 0.148922 0.149000 0.149000 0.149000 0.149000 0.149000 0.149000 0.149000 0.149000 0.149000 0.149000 0.149000 0.149000 0.149000 0.149000 0.149000 0.149000 0.149000 0.149000 0.149000 0.149000 0.149000 0.149000 0.149000 0.149000 0.149000 0.149000 0.149000 0.149000 0.149000 0.149000 0.149000 0.149000 0.149000 0.149000 0.149000 0.149000 0.149000 0.149000 0.149000 0.149000 0.149000 0.149000 0.149000 0.149000 0.149000 0.149000 0.149000 0.149000 0.149000 0.149000 0.149000 0.149000 0.149000 0.149000 0.149000 0.149000 0.149000 0.149000 0.149000 0.149000 0.149000 0.149000 0.149000 0.149000 0.149000 0.149000 0.149000 0.149000 0.149000 0.149000 0.149000 0.149000 0.149000 0.149000 0.148978 0.148953 0.148929 0.148905 0.148884 0.148866 0.148852 0.149000 0.149006 0.149009 0.149009 0.149009 0.149006 0.149003 0.149000 0.149000 0.148978 0.148953 0.148929 0.148905 0.148884 0.148866 0.148852 0.149000 0.149006 0.149009 0.149009 0.149009 0.149006 0.149003 0.149000 0.149000 0.149000 0.149000 0.149000 0.149000 0.149000 0.149000 0.149000 0.149000 0.149003 0.149006 0.149009 0.149009 0.149009 0.149006 0.149000 0.148852 0.148866 0.148884 0.148905 0.148929 0.148953 0.148978 0.149000 0.149000 0.149000 0.149000 0.149000 0.149000 0.149000 0.149000 0.149000 0.149000 0.149000 0.149000 0.149000 0.149000 0.149000 0.149000 0.149000 0.149000 0.149000 0.149000 0.149000 0.149000 0.149000 0.149000 0.149000 0.149000 0.149000 0.149000 0.149000 0.149000 0.149000 0.149000 0.149000 0.149000 0.149000 0.149000 0.149000 0.149000 0.149000 0.149000 0.149000 0.149000 0.149000 0.149000 0.149000 0.149000 0.149000 0.149000 0.149000 0.149000 0.149000 0.149000 0.149000 0.149000 0.149000 0.149000 0.149000 0.149000 0.148922 0.148836 0.148745 0.148653 0.148564 0.148481 0.148409 0.148500 0.148612 0.148731 0.148852 0.148970 0.149077 0.149169 0.149239 0.148648 0.148685 0.148722 0.148745 0.148746 0.148712 0.148634 0.148500 0.145100 0.145415 0.145839 0.146343 0.146897 0.147471 0.148034 0.148557
0.140756 0.141319 0.141944 0.142606 0.143278 0.143935 0.144551 0.145100 0.144873 0.144898 0.144931 0.144967 0.145005 0.145042 0.145074 0.145100 0.144873 0.144742 0.144625 0.144535 0.144485 0.144488 0.144556 0.144702 0.149000 0.149031 0.148971 0.148839 0.148651 0.148427 0.148185 0.147943 0.147772 0.147923 0.148095 0.148280 0.148471 0.148660 0.148839 0.149000 0.149000 0.149000 0.149000 0.149000 0.149000 0.149000 0.149000 0.149000 0.149000 0.149000 0.149000 0.149000 0.149000 0.149000 0.149000 0.149000 0.149000 0.149000 0.149000 0.149000 0.149000 0.149000 0.149000 0.149000 0.149000 0.149000 0.149000 0.149000 0.149000 0.149000 0.149000 0.149000 0.149000 0.149000 0.149000 0.149000 0.149000 0.149000 0.149000 0.149000 0.149000 0.149000 0.149000 0.149000 0.149000 0.149000 0.149000 0.149000 0.149000 0.149000 0.149000 0.149000 0.149000 0.149000 0.149000 0.149000 0.149000 0.149000 0.149000 0.149000 0.149000 0.149000 0.149000 0.149000 0.149000 0.149000 0.149000 0.149000 0.149000 0.149000 0.149000 0.149000 0.149000 0.148966 0.148928 0.148891 0.148854 0.148821 0.148793 0.148773 0.149000 0.149009 0.149013 0.149015 0.149013 0.149010 0.149005 0.149000 0.149000 0.148966 0.148928 0.148891 0.148854 0.148821 0.148793 0.148773 0.149000 0.149009 0.149013 0.149015 0.149013 0.149010 0.149005 0.149000 0.149000 0.149000 0.149000 0.149000 0.149000 0.149000 0.149000 0.149000 0.149000 0.149005 0.149010 0.149013 0.149015 0.149013 0.149009 0.149000 0.148773 0.148793 0.148821 0.148854 0.148891 0.148928 0.148966 0.149000 0.149000 0.149000 0.149000 0.149000 0.149000 0.149000 0.149000 0.149000 0.149000 0.149000 0.149000 0.149000 0.149000 0.149000 0.149000 0.149000 0.149000 0.149000 0.149000 0.149000 0.149000 0.149000 0.149000 0.149000 0.149000 0.149000 0.149000 0.149000 0.149000 0.149000 0.149000 0.149000 0.149000 0.149000 0.149000 0.149000 0.149000 0.149000 0.149000 0.149000 0.149000 0.149000 0.149000 0.149000 0.149000 0.149000 0.149000 0.149000 0.149000 0.149000 0.149000 0.149000 0.149000 0.149000 0.149000 0.149000 0.149000 0.148839 0.148660 0.148471 0.148280 0.148095 0.147923 0.147772 0.147943 0.148164 0.148401 0.148640 0.148871 0.149082 0.149262 0.149398 0.148170 0.148161 0.148161 0.148161 0.148149 0.148116 0.148051 0.147943 0.145100 0.145364 0.145720 0.146143 0.146608 0.147089 0.147561 0.147999
0.140322 0.140940 0.141628 0.142356 0.143096 0.143819 0.144497 0.145100 0.144850 0.144878 0.144914 0.144954 0.144996 0.145036 0.145072 0.145100 0.144850 0.144709 0.144582 0.144482 0.144423 0.144418 0.144480 0.144622 0.149000 0.148960 0.148818 0.148597 0.148318 0.148003 0.147674 0.147351 0.147124 0.147356 0.147619 0.147902 0.148194 0.148481 0.148754 0.149000 0.149000 0.149000 0.149000 0.149000 0.149000 0.149000 0.149000 0.149000 0.149000 0.149000 0.149000 0.149000 0.149000 0.149000 0.149000 0.149000 0.149000 0.149000 0.149000 0.149000 0.149000 0.149000 0.149000 0.149000 0.149000 0.149000 0.149000 0.149000 0.149000 0.149000 0.149000 0.149000 0.149000 0.149000 0.149000 0.149000 0.149000 0.149000 0.149000 0.149000 0.149000 0.149000 0.149000 0.149000 0.149000 0.149000 0.149000 0.149000 0.149000 0.149000 0.149000 0.149000 0.149000 0.149000 0.149000 0.149000 0.149000 0.149000 0.149000 0.149000 0.149000 0.149000 0.149000 0.149000 0.149000 0.149000 0.149000 0.149000 0.149000 0.149000 0.149000 0.149000 0.149000 0.148962 0.148921 0.148880 0.148840 0.148803 0.148772 0.148750 0.149000 0.149010 0.149015 0.149016 0.149015 0.149011 0.149006 0.149000 0.149000 0.148962 0.148921 0.148880 0.148840 0.148803 0.148772 0.148750 0.149000 0.149010 0.149015 0.149016 0.149015 0.149011 0.149006 0.149000 0.149000 0.149000 0.149000 0.149000 0.149000 0.149000 0.149000 0.149000 0.149000 0.149006 0.149011 0.149015 0.149016 0.149015 0.149009 0.149000 0.148750 0.148772 0.148803 0.148840 0.148880 0.148921 0.148962 0.149000 0.149000 0.149000 0.149000 0.149000 0.149000 0.149000 0.149000 0.149000 0.149000 0.149000 0.149000 0.149000 0.149000 0.149000 0.149000 0.149000 0.149000 0.149000 0.149000 0.149000 0.149000 0.149000 0.149000 0.149000 0.149000 0.149000 0.149000 0.149000 0.149000 0.149000 0.149000 0.149000 0.149000 0.149000 0.149000 0.149000 0.149000 0.149000 0.149000 0.149000 0.149000 0.149000 0.149000 0.149000 0.149000 0.149000 0.149000 0.149000 0.149000 0.149000 0.149000 0.149000 0.149000 0.149000 0.149000 0.149000 0.149000 0.148754 0.148481 0.148194 0.147902 0.147619 0.147356 0.147124 0.147351 0.147676 0.148023 0.148374 0.148712 0.149020 0.149281 0.149478 0.147601 0.147551 0.147523 0.147507 0.147492 0.147468 0.147425 0.147351 0.145100 0.145306 0.145585 0.145917 0.146281 0.146659 0.147030 0.147374
0.140756 0.141319 0.141944 0.142606 0.143278 0.143935 0.144551 0.145100 0.144873 0.144898 0.144931 0.144967 0.145005 0.145042 0.145074 0.145100 0.144873 0.144730 0.144600 0.144497 0.144434 0.144425 0.144483 0.144622 0.149000 0.148883 0.148656 0.148344 0.147972 0.147565 0.147149 0.146749 0.146499 0.146810 0.147162 0.147540 0.147928 0.148311 0.148673 0.149000 0.149000 0.149000 0.149000 0.149000 0.149000 0.149000 0.149000 0.149000 0.149000 0.149000 0.149000 0.149000 0.149000 0.149000 0.149000 0.149000 0.149000 0.149000 0.149000 0.149000 0.149000 0.149000 0.149000 0.149000 0.149000 0.149000 0.149000 0.149000 0.149000 0.149000 0.149000 0.149000 0.149000 0.149000 0.149000 0.149000 0.149000 0.149000 0.149000 0.149000 0.149000 0.149000 0.149000 0.149000 0.149000 0.149000 0.149000 0.149000 0.149000 0.149000 0.149000 0.149000 0.149000 0.149000 0.149000 0.149000 0.149000 0.149000 0.149000 0.149000 0.149000 0.149000 0.149000 0.149000 0.149000 0.149000 0.149000 0.149000 0.149000 0.149000 0.149000 0.149000 0.149000 0.148966 0.148928 0.148891 0.148854 0.148821 0.148793 0.148773 0.149000 0.149009 0.149013 0.149015 0.149013 0.149010 0.149005 0.149000 0.149000 0.148966 0.148928 0.148891 0.148854 0.148821 0.148793 0.148773 0.149000 0.149009 0.149013 0.149015 0.149013 0.149010 0.149005 0.149000 0.149000 0.149000 0.149000 0.149000 0.149000 0.149000 0.149000 0.149000 0.149000 0.149005 0.149010 0.149013 0.149015 0.149013 0.149009 0.149000 0.148773 0.148793 0.148821 0.148854 0.148891 0.148928 0.148966 0.149000 0.149000 0.149000 0.149000 0.149000 0.149000 0.149000 0.149000 0.149000 0.149000 0.149000 0.149000 0.149000 0.149000 0.149000 0.149000 0.149000 0.149000 0.149000 0.149000 0.149000 0.149000 0.149000 0.149000 0.149000 0.149000 0.149000 0.149000 0.149000 0.149000 0.149000 0.149000 0.149000 0.149000 0.149000 0.149000 0.149000 0.149000 0.149000 0.149000 0.149000 0.149000 0.149000 0.149000 0.149000 0.149000 0.149000 0.149000 0.149000 0.149000 0.149000 0.149000 0.149000 0.149000 0.149000 0.149000 0.149000 0.149000 0.148673 0.148311 0.147928 0.147540 0.147162 0.146810 0.146499 0.146749 0.147167 0.147613 0.148064 0.148499 0.148894 0.149228 0.149478 0.146976 0.146891 0.146841 0.146816 0.146805 0.146797 0.146782 0.146749 0.145100 0.145246 0.145445 0.145682 0.145942 0.146213 0.146479 0.146726
0.141842 0.142264 0.142733 0.143229 0.143734 0.144227 0.144689 0.145100 0.144929 0.144949 0.144973 0.145001 0.145029 0.145056 0.145081 0.145100 0.144929 0.144794 0.144670 0.144572 0.144513 0.144506 0.144564 0.144702 0.149000 0.148804 0.148490 0.148087 0.147624 0.147129 0.146631 0.146157 0.145930 0.146315 0.146749 0.147213 0.147689 0.148158 0.148601 0.149000 0.149000 0.149000 0.149000 0.149000 0.149000 0.149000 0.149000 0.149000 0.149000 0.149000 0.149000 0.149000 0.149000 0.149000 0.149000 0.149000 0.149000 0.149000 0.149000 0.149000 0.149000 0.149000 0.149000 0.149000 0.149000 0.149000 0.149000 0.149000 0.149000 0.149000 0.149000 0.149000 0.149000 0.149000 0.149000 0.149000 0.149000 0.149000 0.149000 0.149000 0.149000 0.149000 0.149000 0.149000 0.149000 0.149000 0.149000 0.149000 0.149000 0.149000 0.149000 0.149000 0.149000 0.149000 0.149000 0.149000 0.149000 0.149000 0.149000 0.149000 0.149000 0.149000 0.149000 0.149000 0.149000 0.149000 0.149000 0.149000 0.149000 0.149000 0.149000 0.149000 0.149000 0.148974 0.148946 0.148918 0.148891 0.148866 0.148845 0.148829 0.149000 0.149006 0.149010 0.149011 0.149010 0.149007 0.149004 0.149000 0.149000 0.148974 0.148946 0.148918 0.148891 0.148866 0.148845 0.148829 0.149000 0.149006 0.149010 0.149011 0.149010 0.149007 0.149004 0.149000 0.149000 0.149000 0.149000 0.149000 0.149000 0.149000 0.149000 0.149000 0.149000 0.149004 0.149007 0.149010 0.149011 0.149010 0.149006 0.149000 0.148829 0.148845 0.148866 0.148891 0.148918 0.148946 0.148974 0.149000 0.149000 0.149000 0.149000 0.149000 0.149000 0.149000 0.149000 0.149000 0.149000 0.149000 0.149000 0.149000 0.149000 0.149000 0.149000 0.149000 0.149000 0.149000 0.149000 0.149000 0.149000 0.149000 0.149000 0.149000 0.149000 0.149000 0.149000 0.149000 0.149000 0.149000 0.149000 0.149000 0.149000 0.149000 0.149000 0.149000 0.149000 0.149000 0.149000 0.149000 0.149000 0.149000 0.149000 0.149000 0.149000 0.149000 0.149000 0.149000 0.149000 0.149000 0.149000 0.149000 0.149000 0.149000 0.149000 0.149000 0.149000 0.148601 0.148158 0.147689 0.147213 0.146749 0.146315 0.145930 0.146157 0.146653 0.147184 0.147721 0.148238 0.148708 0.149104 0.149398 0.146328 0.146214 0.146149 0.146121 0.146118 0.146131 0.146148 0.146157 0.145100 0.145188 0.145310 0.145455 0.145616 0.145783 0.145948 0.146101
0.143362 0.143587 0.143838 0.144102 0.144371 0.144634 0.144881 0.145100 0.145009 0.145019 0.145032 0.145047 0.145062 0.145077 0.145090 0.145100 0.145009 0.144890 0.144783 0.144699 0.144653 0.144656 0.144721 0.144861 0.149000 0.148724 0.148326 0.147837 0.147288 0.146712 0.146139 0.145600 0.145452 0.145902 0.146406 0.146943 0.147492 0.148032 0.148541 0.149000 0.149000 0.149000 0.149000 0.149000 0.149000 0.149000 0.149000 0.149000 0.149000 0.149000 0.149000 0.149000 0.149000 0.149000 0.149000 0.149000 0.149000 0.149000 0.149000 0.149000 0.149000 0.149000 0.149000 0.149000 0.149000 0.149000 0.149000 0.149000 0.149000 0.149000 0.149000 0.149000 0.149000 0.149000 0.149000 0.149000 0.149000 0.149000 0.149000 0.149000 0.149000 0.149000 0.149000 0.149000 0.149000 0.149000 0.149000 0.149000 0.149000 0.149000 0.149000 0.149000 0.149000 0.149000 0.149000 0.149000 0.149000 0.149000 0.149000 0.149000 0.149000 0.149000 0.149000 0.149000 0.149000 0.149000 0.149000 0.149000 0.149000 0.149000 0.149000 0.149000 0.149000 0.148986 0.148971 0.148956 0.148942 0.148928 0.148917 0.148909 0.149000 0.149003 0.149005 0.149006 0.149005 0.149004 0.149002 0.149000 0.149000 0.148986 0.148971 0.148956 0.148942 0.148928 0.148917 0.148909 0.149000 0.149003 0.149005 0.149006 0.149005 0.149004 0.149002 0.149000 0.149000 0.149000 0.149000 0.149000 0.149000 0.149000 0.149000 0.149000 0.149000 0.149002 0.149004 0.149005 0.149006 0.149005 0.149003 0.149000 0.148909 0.148917 0.148928 0.148942 0.148956 0.148971 0.148986 0.149000 0.149000 0.149000 0.149000 0.149000 0.149000 0.149000 0.149000 0.149000 0.149000 0.149000 0.149000 0.149000 0.149000 0.149000 0.149000 0.149000 0.149000 0.149000 0.149000 0.149000 0.149000 0.149000 0.149000 0.149000 0.149000 0.149000 0.149000 0.149000 0.149000 0.149000 0.149000 0.149000 0.149000 0.149000 0.149000 0.149000 0.149000 0.149000 0.149000 0.149000 0.149000 0.149000 0.149000 0.149000 0.149000 0.149000 0.149000 0.149000 0.149000 0.149000 0.149000 0.149000 0.149000 0.149000 0.149000 0.149000 0.149000 0.148541 0.148032 0.147492 0.146943 0.146406 0.145902 0.145452 0.145600 0.146155 0.146751 0.147355 0.147937 0.148466 0.148910 0.149239 0.145691 0.145557 0.145482 0.145454 0.145464 0.145499 0.145548 0.145600 0.145100 0.145138 0.145191 0.145255 0.145327 0.145401 0.145475 0.145543
0.145100 0.145100 0.145100 0.145100 0.145100 0.145100 0.145100 0.145100 0.145100 0.145100 0.145100 0.145100 0.145100 0.145100 0.145100 0.145100 0.145100 0.145009 0.144929 0.144873 0.144850 0.144873 0.144952 0.145100 0.149000 0.148648 0.148170 0.147601 0.146976 0.146328 0.145691 0.145100 0.145100 0.145600 0.146157 0.146749 0.147351 0.147943 0.148500 0.149000 0.149000 0.149000 0.149000 0.149000 0.149000 0.149000 0.149000 0.149000 0.149000 0.149000 0.149000 0.149000 0.149000 0.149000 0.149000 0.149000 0.149000 0.149000 0.149000 0.149000 0.149000 0.149000 0.149000 0.149000 0.149000 0.149000 0.149000 0.149000 0.149000 0.149000 0.149000 0.149000 0.149000 0.149000 0.149000 0.149000 0.149000 0.149000 0.149000 0.149000 0.149000 0.149000 0.149000 0.149000 0.149000 0.149000 0.149000 0.149000 0.149000 0.149000 0.149000 0.149000 0.149000 0.149000 0.149000 0.149000 0.149000 0.149000 0.149000 0.149000 0.149000 0.149000 0.149000 0.149000 0.149000 0.149000 0.149000 0.149000 0.149000 0.149000 0.149000 0.149000 0.149000 0.149000 0.149000 0.149000 0.149000 0.149000 0.149000 0.149000 0.149000 0.149000 0.149000 0.149000 0.149000 0.149000 0.149000 0.149000 0.149000 0.149000 0.149000 0.149000 0.149000 0.149000 0.149000 0.149000 0.149000 0.149000 0.149000 0.149000 0.149000 0.149000 0.149000 0.149000 0.149000 0.149000 0.149000 0.149000 0.149000 0.149000 0.149000 0.149000 0.149000 0.149000 0.149000 0.149000 0.149000 0.149000 0.149000 0.149000 0.149000 0.149000 0.149000 0.149000 0.149000 0.149000 0.149000 0.149000 0.149000 0.149000 0.149000 0.149000 0.149000 0.149000 0.149000 0.149000 0.149000 0.149000 0.149000 0.149000 0.149000 0.149000 0.149000 0.149000 0.149000 0.149000 0.149000 0.149000 0.149000 0.149000 0.149000 0.149000 0.149000 0.149000 0.149000 0.149000 0.149000 0.149000 0.149000 0.149000 0.149000 0.149000 0.149000 0.149000 0.149000 0.149000 0.149000 0.149000 0.149000 0.149000 0.149000 0.149000 0.149000 0.149000 0.149000 0.149000 0.149000 0.149000 0.149000 0.149000 0.149000 0.149000 0.149000 0.149000 0.149000 0.148500 0.147943 0.147351 0.146749 0.146157 0.145600 0.145100 0.145100 0.145691 0.146328 0.146976 0.147601 0.148170 0.148648 0.149000 0.145100 0.144952 0.144873 0.144850 0.144873 0.144929 0.145009 0.145100 0.145100 0.145100 0.145100 0.145100 0.145100 0.145100 0.145100 0.145100
0.145100 0.145100 0.145100 0.145100 0.145100 0.145100 0.145100 0.145100 0.145100 0.145100 0.145100 0.145100 0.145100 0.145100 0.145100 0.145100 0.145100 0.145600 0.146157 0.146749 0.147351 0.147943 0.148500 0.149000 0.149000 0.148409 0.147772 0.147124 0.146499 0.145930 0.145452 0.145100 0.149000 0.149148 0.149227 0.149250 0.149227 0.149171 0.149091 0.149000 0.149000 0.149000 0.149000 0.149000 0.149000 0.149000 0.149000 0.149000 0.149000 0.149000 0.149000 0.149000 0.149000 0.149000 0.149000 0.149000 0.149000 0.149000 0.149000 0.149000 0.149000 0.149000 0.149000 0.149000 0.149000 0.149000 0.149000 0.149000 0.149000 0.149000 0.149000 0.149000 0.149000 0.149000 0.149000 0.149000 0.149000 0.149000 0.149000 0.149000 0.149000 0.149000 0.149000 0.149000 0.149000 0.149000 0.149000 0.149000 0.149000 0.149000 0.149000 0.149000 0.149000 0.149000 0.149000 0.149000 0.149000 0.149000 0.149000 0.149000 0.149000 0.149000 0.149000 0.149000 0.149000 0.149000 0.149000 0.149000 0.149000 0.149000 0.149000 0.149000 0.149000 0.149000 0.149000 0.149000 0.149000 0.149000 0.149000 0.149000 0.149000 0.149000 0.149000 0.149000 0.149000 0.149000 0.149000 0.149000 0.149000 0.149000 0.149000 0.149000 0.149000 0.149000 0.149000 0.149000 0.149000 0.149000 0.149000 0.149000 0.149000 0.149000 0.149000 0.149000 0.149000 0.149000 0.149000 0.149000 0.149000 0.149000 0.149000 0.149000 0.149000 0.149000 0.149000 0.149000 0.149000 0.149000 0.149000 0.149000 0.149000 0.149000 0.149000 0.149000 0.149000 0.149000 0.149000 0.149000 0.149000 0.149000 0.149000 0.149000 0.149000 0.149000 0.149000 0.149000 0.149000 0.149000 0.149000 0.149000 0.149000 0.149000 0.149000 0.149000 0.149000 0.149000 0.149000 0.149000 0.149000 0.149000 0.149000 0.149000 0.149000 0.149000 0.149000 0.149000 0.149000 0.149000 0.149000 0.149000 0.149000 0.149000 0.149000 0.149000 0.149000 0.149000 0.149000 0.149000 0.149000 0.149000 0.149000 0.149000 0.149000 0.149000 0.149000 0.149000 0.149000 0.149000 0.149000 0.149000 0.149000 0.149000 0.149000 0.149000 0.149000 0.149091 0.149171 0.149227 0.149250 0.149227 0.149148 0.149000 0.145100 0.144952 0.144873 0.144850 0.144873 0.144929 0.145009 0.145100 0.145100 0.145100 0.145100 0.145100 0.145100 0.145100 0.145100 0.145100 0.145100 0.145600 0.146157 0.146749 0.147351 0.147943 0.148500 0.149000
0.145100 0.145100 0.145100 0.145100 0.145100 0.145100 0.145100 0.145100 0.145100 0.145100 0.145100 0.145100 0.145100 0.145100 0.145100 0.145100 0.145100 0.145559 0.146068 0.146608 0.147157 0.147694 0.148198 0.148648 0.148500 0.148051 0.147574 0.147096 0.146642 0.146239 0.145914 0.145691 0.149239 0.149356 0.149410 0.149409 0.149366 0.149291 0.149196 0.149091 0.149000 0.148994 0.148991 0.148989 0.148989 0.148991 0.148994 0.149000 0.149091 0.149007 0.148914 0.148818 0.148723 0.148635 0.148559 0.148500 0.149000 0.149033 0.149058 0.149076 0.149088 0.149093 0.149094 0.149091 0.149000 0.148997 0.148995 0.148994 0.148995 0.148996 0.148998 0.149000 0.149000 0.149000 0.149000 0.149000 0.149000 0.149000 0.149000 0.149000 0.149000 0.149000 0.149000 0.149000 0.149000 0.149000 0.149000 0.149000 0.149000 0.149000 0.149000 0.149000 0.149000 0.149000 0.149000 0.149000 0.149000 0.149000 0.149000 0.149000 0.149000 0.149000 0.149000 0.149000 0.149000 0.149000 0.149000 0.149000 0.149000 0.149000 0.149000 0.149000 0.149000 0.149000 0.149000 0.149000 0.149000 0.149000 0.149000 0.149000 0.149000 0.149000 0.149000 0.149000 0.149000 0.149000 0.149000 0.149000 0.149000 0.149000 0.149000 0.149000 0.149000 0.149000 0.149000 0.149000 0.149000 0.149000 0.149000 0.149000 0.149000 0.149000 0.149000 0.149000 0.149000 0.149000 0.149000 0.149000 0.149000 0.149000 0.149000 0.149000 0.149000 0.149000 0.149000 0.149000 0.149000 0.149000 0.149000 0.149000 0.149000 0.149000 0.149000 0.149000 0.149000 0.149000 0.149000 0.149000 0.149000 0.149000 0.149000 0.149000 0.149000 0.149000 0.149000 0.149000 0.149000 0.148998 0.148996 0.148995 0.148994 0.148995 0.148997 0.149000 0.149091 0.149083 0.149072 0.149058 0.149044 0.149029 0.149014 0.149000 0.149000 0.149000 0.149000 0.149000 0.149000 0.149000 0.149000 0.149000 0.149000 0.149012 0.149022 0.149029 0.149032 0.149029 0.149019 0.149000 0.148500 0.148559 0.148635 0.148723 0.148818 0.148914 0.149007 0.149091 0.149000 0.149024 0.149049 0.149072 0.149091 0.149102 0.149103 0.149091 0.148409 0.148586 0.148775 0.148957 0.149114 0.149225 0.149273 0.149239 0.145100 0.145010 0.144998 0.145048 0.145143 0.145268 0.145407 0.145543 0.145100 0.145083 0.145074 0.145072 0.145074 0.145081 0.145090 0.145100 0.145100 0.145555 0.146062 0.146600 0.147148 0.147686 0.148192 0.148648
0.145100 0.145100 0.145100 0.145100 0.145100 0.145100 0.145100 0.145100 0.145100 0.145100 0.145100 0.145100 0.145100 0.145100 0.145100 0.145100 0.145100 0.145499 0.145942 0.146411 0.146887 0.147351 0.147785 0.148170 0.147943 0.147655 0.147357 0.147066 0.146800 0.146577 0.146413 0.146328 0.149398 0.149489 0.149523 0.149509 0.149457 0.149376 0.149278 0.149171 0.149000 0.148990 0.148983 0.148979 0.148979 0.148983 0.148990 0.149000 0.149171 0.148995 0.148801 0.148601 0.148404 0.148221 0.148064 0.147943 0.149000 0.149066 0.149115 0.149150 0.149171 0.149181 0.149180 0.149171 0.149000 0.148994 0.148990 0.148989 0.148990 0.148993 0.148996 0.149000 0.149000 0.149000 0.149000 0.149000 0.149000 0.149000 0.149000 0.149000 0.149000 0.149000 0.149000 0.149000 0.149000 0.149000 0.149000 0.149000 0.149000 0.149000 0.149000 0.149000 0.149000 0.149000 0.149000 0.149000 0.149000 0.149000 0.149000 0.149000 0.149000 0.149000 0.149000 0.149000 0.149000 0.149000 0.149000 0.149000 0.149000 0.149000 0.149000 0.149000 0.149000 0.149000 0.149000 0.149000 0.149000 0.149000 0.149000 0.149000 0.149000 0.149000 0.149000 0.149000 0.149000 0.149000 0.149000 0.149000 0.149000 0.149000 0.149000 0.149000 0.149000 0.149000 0.149000 0.149000 0.149000 0.149000 0.149000 0.149000 0.149000 0.149000 0.149000 0.149000 0.149000 0.149000 0.149000 0.149000 0.149000 0.149000 0.149000 0.149000 0.149000 0.149000 0.149000 0.149000 0.149000 0.149000 0.149000 0.149000 0.149000 0.149000 0.149000 0.149000 0.149000 0.149000 0.149000 0.149000 0.149000 0.149000 0.149000 0.149000 0.149000 0.149000 0.149000 0.149000 0.149000 0.148996 0.148993 0.148990 0.148989 0.148990 0.148994 0.149000 0.149171 0.149155 0.149134 0.149109 0.149082 0.149054 0.149026 0.149000 0.149000 0.149000 0.149000 0.149000 0.149000 0.149000 0.149000 0.149000 0.149000 0.149025 0.149046 0.149062 0.149068 0.149062 0.149040 0.149000 0.147943 0.148064 0.148221 0.148404 0.148601 0.148801 0.148995 0.149171 0.149000 0.149048 0.149097 0.149143 0.149178 0.149198 0.149198 0.149171 0.147772 0.148028 0.148319 0.148620 0.148905 0.149147 0.149320 0.149398 0.145100 0.145089 0.145164 0.145306 0.145491 0.145700 0.145910 0.146101 0.145100 0.145062 0.145042 0.145036 0.145042 0.145056 0.145077 0.145100 0.145100 0.145494 0.145932 0.146398 0.146872 0.147338 0.147776 0.148170
0.145100 0.145100 0.145100 0.145100 0.145100 0.145100 0.145100 0.145100 0.145100 0.145100 0.145100 0.145100 0.145100 0.145100 0.145100 0.145100 0.145100 0.145427 0.145789 0.146172 0.146560 0.146938 0.147290 0.147601 0.147351 0.147235 0.147126 0.147031 0.146960 0.146921 0.146924 0.146976 0.149478 0.149546 0.149566 0.149546 0.149494 0.149418 0.149326 0.149227 0.149000 0.148986 0.148977 0.148972 0.148972 0.148977 0.148986 0.149000 0.149227 0.148957 0.148660 0.148353 0.148052 0.147774 0.147535 0.147351 0.149000 0.149097 0.149168 0.149215 0.149242 0.149251 0.149245 0.149227 0.149000 0.148991 0.148987 0.148985 0.148987 0.148990 0.148995 0.149000 0.149000 0.149000 0.149000 0.149000 0.149000 0.149000 0.149000 0.149000 0.149000 0.149000 0.149000 0.149000 0.149000 0.149000 0.149000 0.149000 0.149000 0.149000 0.149000 0.149000 0.149000 0.149000 0.149000 0.149000 0.149000 0.149000 0.149000 0.149000 0.149000 0.149000 0.149000 0.149000 0.149000 0.149000 0.149000 0.149000 0.149000 0.149000 0.149000 0.149000 0.149000 0.149000 0.149000 0.149000 0.149000 0.149000 0.149000 0.149000 0.149000 0.149000 0.149000 0.149000 0.149000 0.149000 0.149000 0.149000 0.149000 0.149000 0.149000 0.149000 0.149000 0.149000 0.149000 0.149000 0.149000 0.149000 0.149000 0.149000 0.149000 0.149000 0.149000 0.149000 0.149000 0.149000 0.149000 0.149000 0.149000 0.149000 0.149000 0.149000 0.149000 0.149000 0.149000 0.149000 0.149000 0.149000 0.149000 0.149000 0.149000 0.149000 0.149000 0.149000 0.149000 0.149000 0.149000 0.149000 0.149000 0.149000 0.149000 0.149000 0.149000 0.149000 0.149000 0.149000 0.149000 0.148995 0.148990 0.148987 0.148985 0.148987 0.148991 0.149000 0.149227 0.149207 0.149179 0.149146 0.149109 0.149072 0.149034 0.149000 0.149000 0.149000 0.149000 0.149000 0.149000 0.149000 0.149000 0.149000 0.149000 0.149038 0.149072 0.149096 0.149106 0.149096 0.149062 0.149000 0.147351 0.147535 0.147774 0.148052 0.148353 0.148660 0.148957 0.149227 0.149000 0.149070 0.149140 0.149204 0.149253 0.149278 0.149273 0.149227 0.147124 0.147448 0.147831 0.148239 0.148641 0.149003 0.149292 0.149478 0.145100 0.145181 0.145357 0.145601 0.145888 0.146188 0.146477 0.146726 0.145100 0.145038 0.145005 0.144996 0.145005 0.145029 0.145062 0.145100 0.145100 0.145421 0.145778 0.146157 0.146544 0.146923 0.147281 0.147601
0.145100 0.145100 0.145100 0.145100 0.145100 0.145100 0.145100 0.145100 0.145100 0.145100 0.145100 0.145100 0.145100 0.145100 0.145100 0.145100 0.145100 0.145346 0.145619 0.145906 0.146198 0.146481 0.146744 0.146976 0.146749 0.146806 0.146885 0.146985 0.147107 0.147251 0.147416 0.147601 0.149478 0.149525 0.149536 0.149516 0.149472 0.149408 0.149333 0.149250 0.149000 0.148985 0.148974 0.148969 0.148969 0.148974 0.148985 0.149000 0.149250 0.148886 0.148488 0.148077 0.147676 0.147307 0.146990 0.146749 0.149000 0.149123 0.149210 0.149265 0.149292 0.149295 0.149280 0.149250 0.149000 0.148991 0.148985 0.148984 0.148985 0.148989 0.148994 0.149000 0.149000 0.149000 0.149000 0.149000 0.149000 0.149000 0.149000 0.149000 0.149000 0.149000 0.149000 0.149000 0.149000 0.149000 0.149000 0.149000 0.149000 0.149000 0.149000 0.149000 0.149000 0.149000 0.149000 0.149000 0.149000 0.149000 0.149000 0.149000 0.149000 0.149000 0.149000 0.149000 0.149000 0.149000 0.149000 0.149000 0.149000 0.149000 0.149000 0.149000 0.149000 0.149000 0.149000 0.149000 0.149000 0.149000 0.149000 0.149000 0.149000 0.149000 0.149000 0.149000 0.149000 0.149000 0.149000 0.149000 0.149000 0.149000 0.149000 0.149000 0.149000 0.149000 0.149000 0.149000 0.149000 0.149000 0.149000 0.149000 0.149000 0.149000 0.149000 0.149000 0.149000 0.149000 0.149000 0.149000 0.149000 0.149000 0.149000 0.149000 0.149000 0.149000 0.149000 0.149000 0.149000 0.149000 0.149000 0.149000 0.149000 0.149000 0.149000 0.149000 0.149000 0.149000 0.149000 0.149000 0.149000 0.149000 0.149000 0.149000 0.149000 0.149000 0.149000 0.149000 0.149000 0.148994 0.148989 0.148985 0.148984 0.148985 0.148991 0.149000 0.149250 0.149228 0.149197 0.149160 0.149120 0.149079 0.149038 0.149000 0.149000 0.149000 0.149000 0.149000 0.149000 0.149000 0.149000 0.149000 0.149000 0.149053 0.149098 0.149131 0.149144 0.149131 0.149085 0.149000 0.146749 0.146990 0.147307 0.147676 0.148077 0.148488 0.148886 0.149250 0.149000 0.149087 0.149174 0.149250 0.149306 0.149332 0.149317 0.149250 0.146499 0.146879 0.147337 0.147837 0.148339 0.148805 0.149197 0.149478 0.145100 0.145279 0.145561 0.145913 0.146303 0.146699 0.147066 0.147374 0.145100 0.145014 0.144967 0.144954 0.144967 0.145001 0.145047 0.145100 0.145100 0.145341 0.145609 0.145893 0.146183 0.146467 0.146735 0.146976
0.145100 0.145100 0.145100 0.145100 0.145100 0.145100 0.145100 0.145100 0.145100 0.145100 0.145100 0.145100 0.145100 0.145100 0.145100 0.145100 0.145100 0.145261 0.145440 0.145629 0.145820 0.146005 0.146177 0.146328 0.146157 0.146380 0.146639 0.146926 0.147230 0.147545 0.147861 0.148170 0.149398 0.149428 0.149433 0.149418 0.149386 0.149341 0.149287 0.149227 0.149000 0.148986 0.148977 0.148972 0.148972 0.148977 0.148986 0.149000 0.149227 0.148776 0.148284 0.147778 0.147286 0.146834 0.146449 0.146157 0.149000 0.149142 0.149237 0.149292 0.149312 0.149303 0.149273 0.149227 0.149000 0.148991 0.148987 0.148985 0.148987 0.148990 0.148995 0.149000 0.149000 0.149000 0.149000 0.149000 0.149000 0.149000 0.149000 0.149000 0.149000 0.149000 0.149000 0.149000 0.149000 0.149000 0.149000 0.149000 0.149000 0.149000 0.149000 0.149000 0.149000 0.149000 0.149000 0.149000 0.149000 0.149000 0.149000 0.149000 0.149000 0.149000 0.149000 0.149000 0.149000 0.149000 0.149000 0.149000 0.149000 0.149000 0.149000 0.149000 0.149000 0.149000 0.149000 0.149000 0.149000 0.149000 0.149000 0.149000 0.149000 0.149000 0.149000 0.149000 0.149000 0.149000 0.149000 0.149000 0.149000 0.149000 0.149000 0.149000 0.149000 0.149000 0.149000 0.149000 0.149000 0.149000 0.149000 0.149000 0.149000 0.149000 0.149000 0.149000 0.149000 0.149000 0.149000 0.149000 0.149000 0.149000 0.149000 0.149000 0.149000 0.149000 0.149000 0.149000 0.149000 0.149000 0.149000 0.149000 0.149000 0.149000 0.149000 0.149000 0.149000 0.149000 0.149000 0.149000 0.149000 0.149000 0.149000 0.149000 0.149000 0.149000 0.149000 0.149000 0.149000 0.148995 0.148990 0.148987 0.148985 0.148987 0.148991 0.149000 0.149227 0.149207 0.149179 0.149146 0.149109 0.149072 0.149034 0.149000 0.149000 0.149000 0.149000 0.149000 0.149000 0.149000 0.149000 0.149000 0.149000 0.149066 0.149124 0.149166 0.149182 0.149166 0.149108 0.149000 0.146157 0.146449 0.146834 0.147286 0.147778 0.148284 0.148776 0.149227 0.149000 0.149097 0.149193 0.149274 0.149330 0.149348 0.149318 0.149227 0.145930 0.146350 0.146866 0.147435 0.148015 0.148564 0.149039 0.149398 0.145100 0.145377 0.145762 0.146219 0.146709 0.147194 0.147637 0.147999 0.145100 0.144990 0.144931 0.144914 0.144931 0.144973 0.145032 0.145100 0.145100 0.145258 0.145433 0.145619 0.145809 0.145995 0.146170 0.146328
0.145100 0.145100 0.145100 0.145100 0.145100 0.145100 0.145100 0.145100 0.145100 0.145100 0.145100 0.145100 0.145100 0.145100 0.145100 0.145100 0.145100 0.145178 0.145264 0.145355 0.145447 0.145536 0.145619 0.145691 0.145600 0.145974 0.146395 0.146848 0.147316 0.147783 0.148232 0.148648 0.149239 0.149253 0.149255 0.149247 0.149230 0.149207 0.149179 0.149148 0.149000 0.148991 0.148985 0.148982 0.148982 0.148985 0.148991 0.149000 0.149148 0.148619 0.148046 0.147459 0.146891 0.146370 0.145930 0.145600 0.149000 0.149151 0.149245 0.149289 0.149293 0.149265 0.149214 0.149148 0.149000 0.148994 0.148991 0.148991 0.148991 0.148994 0.148997 0.149000 0.149000 0.149000 0.149000 0.149000 0.149000 0.149000 0.149000 0.149000 0.149000 0.149000 0.149000 0.149000 0.149000 0.149000 0.149000 0.149000 0.149000 0.149000 0.149000 0.149000 0.149000 0.149000 0.149000 0.149000 0.149000 0.149000 0.149000 0.149000 0.149000 0.149000 0.149000 0.149000 0.149000 0.149000 0.149000 0.149000 0.149000 0.149000 0.149000 0.149000 0.149000 0.149000 0.149000 0.149000 0.149000 0.149000 0.149000 0.149000 0.149000 0.149000 0.149000 0.149000 0.149000 0.149000 0.149000 0.149000 0.149000 0.149000 0.149000 0.149000 0.149000 0.149000 0.149000 0.149000 0.149000 0.149000 0.149000 0.149000 0.149000 0.149000 0.149000 0.149000 0.149000 0.149000 0.149000 0.149000 0.149000 0.149000 0.149000 0.149000 0.149000 0.149000 0.149000 0.149000 0.149000 0.149000 0.149000 0.149000 0.149000 0.149000 0.149000 0.149000 0.149000 0.149000 0.149000 0.149000 0.149000 0.149000 0.149000 0.149000 0.149000 0.149000 0.149000 0.149000 0.149000 0.148997 0.148994 0.148991 0.148991 0.148991 0.148994 0.149000 0.149148 0.149134 0.149116 0.149095 0.149071 0.149047 0.149022 0.149000 0.149000 0.149000 0.149000 0.149000 0.149000 0.149000 0.149000 0.149000 0.149000 0.149079 0.149149 0.149198 0.149218 0.149198 0.149129 0.149000 0.145600 0.145930 0.146370 0.146891 0.147459 0.148046 0.148619 0.149148 0.149000 0.149100 0.149193 0.149268 0.149314 0.149317 0.149265 0.149148 0.145452 0.145895 0.146445 0.147057 0.147688 0.148292 0.148824 0.149239 0.145100 0.145467 0.145947 0.146497 0.147076 0.147640 0.148148 0.148557 0.145100 0.144969 0.144898 0.144878 0.144898 0.144949 0.145019 0.145100 0.145100 0.145176 0.145260 0.145350 0.145441 0.145531 0.145615 0.145691
0.145100 0.145100 0.145100 0.145100 0.145100 0.145100 0.145100 0.145100 0.145100 0.145100 0.145100 0.145100 0.145100 0.145100 0.145100 0.145100 0.145100 0.145100 0.145100 0.145100 0.145100 0.145100 0.145100 0.145100 0.145100 0.145600 0.146157 0.146749 0.147351 0.147943 0.148500 0.149000 0.149000 0.149000 0.149000 0.149000 0.149000 0.149000 0.149000 0.149000 0.149000 0.149000 0.149000 0.149000 0.149000 0.149000 0.149000 0.149000 0.149000 0.148409 0.147772 0.147124 0.146499 0.145930 0.145452 0.145100 0.149000 0.149148 0.149227 0.149250 0.149227 0.149171 0.149091 0.149000 0.149000 0.149000 0.149000 0.149000 0.149000 0.149000 0.149000 0.149000 0.149000 0.149000 0.149000 0.149000 0.149000 0.149000 0.149000 0.149000 0.149000 0.149000 0.149000 0.149000 0.149000 0.149000 0.149000 0.149000 0.149000 0.149000 0.149000 0.149000 0.149000 0.149000 0.149000 0.149000 0.149000 0.149000 0.149000 0.149000 0.149000 0.149000 0.149000 0.149000 0.149000 0.149000 0.149000 0.149000 0.149000 0.149000 0.149000 0.149000 0.149000 0.149000 0.149000 0.149000 0.149000 0.149000 0.149000 0.149000 0.149000 0.149000 0.149000 0.149000 0.149000 0.149000 0.149000 0.149000 0.149000 0.149000 0.149000 0.149000 0.149000 0.149000 0.149000 0.149000 0.149000 0.149000 0.149000 0.149000 0.149000 0.149000 0.149000 0.149000 0.149000 0.149000 0.149000 0.149000 0.149000 0.149000 0.149000 0.149000 0.149000 0.149000 0.149000 0.149000 0.149000 0.149000 0.149000 0.149000 0.149000 0.149000 0.149000 0.149000 0.149000 0.149000 0.149000 0.149000 0.149000 0.149000 0.149000 0.149000 0.149000 0.149000 0.149000 0.149000 0.149000 0.149000 0.149000 0.149000 0.149000 0.149000 0.149000 0.149000 0.149000 0.149000 0.149000 0.149000 0.149000 0.149000 0.149000 0.149000 0.149000 0.149000 0.149000 0.149000 0.149000 0.149000 0.149000 0.149000 0.149000 0.149091 0.149171 0.149227 0.149250 0.149227 0.149148 0.149000 0.145100 0.145452 0.145930 0.146499 0.147124 0.147772 0.148409 0.149000 0.149000 0.149091 0.149171 0.149227 0.149250 0.149227 0.149148 0.149000 0.145100 0.145543 0.146101 0.146726 0.147374 0.147999 0.148557 0.149000 0.145100 0.145543 0.146101 0.146726 0.147374 0.147999 0.148557 0.149000 0.145100 0.144952 0.144873 0.144850 0.144873 0.144929 0.145009 0.145100 0.145100 0.145100 0.145100 0.145100 0.145100 0.145100 0.145100 0.145100
0.145100 0.145100 0.145100 0.145100 0.145100 0.145100 0.145100 0.145100 0.145100 0.145100 0.145100 0.145100 0.145100 0.145100 0.145100 0.145100 0.145100 0.145100 0.145100 0.145100 0.145100 0.145100 0.145100 0.145100 0.145100 0.145100 0.145100 0.145100 0.145100 0.145100 0.145100 0.145100 0.145100 0.145009 0.144929 0.144873 0.144850 0.144873 0.144952 0.145100 0.149000 0.149239 0.149398 0.149478 0.149478 0.149398 0.149239 0.149000 0.145100 0.144861 0.144702 0.144622 0.144622 0.144702 0.144861 0.145100 0.149000 0.148557 0.147999 0.147374 0.146726 0.146101 0.145543 0.145100 0.149000 0.149148 0.149227 0.149250 0.149227 0.149171 0.149091 0.149000 0.149000 0.149000 0.149000 0.149000 0.149000 0.149000 0.149000 0.149000 0.149000 0.149000 0.149000 0.149000 0.149000 0.149000 0.149000 0.149000 0.149000 0.149000 0.149000 0.149000 0.149000 0.149000 0.149000 0.149000 0.149000 0.149000 0.149000 0.149000 0.149000 0.149000 0.149000 0.149000 0.149000 0.149000 0.149000 0.149000 0.149000 0.149000 0.149000 0.149000 0.149000 0.149000 0.149000 0.149000 0.149000 0.149000 0.149000 0.149000 0.149000 0.149000 0.149000 0.149000 0.149000 0.149000 0.149000 0.149000 0.149000 0.149000 0.149000 0.149000 0.149000 0.149000 0.149000 0.149000 0.149000 0.149000 0.149000 0.149000 0.149000 0.149000 0.149000 0.149000 0.149000 0.149000 0.149000 0.149000 0.149000 0.149000 0.149000 0.149000 0.149000 0.149000 0.149000 0.149000 0.149000 0.149000 0.149000 0.149000 0.149000 0.149000 0.149000 0.149000 0.149000 0.149000 0.149000 0.149000 0.149000 0.149000 0.149000 0.149000 0.149000 0.149000 0.149000 0.149000 0.149000 0.149091 0.149171 0.149227 0.149250 0.149227 0.149148 0.149000 0.145100 0.145452 0.145930 0.146499 0.147124 0.147772 0.148409 0.149000 0.149000 0.149000 0.149000 0.149000 0.149000 0.149000 0.149000 0.149000 0.149000 0.149091 0.149171 0.149227 0.149250 0.149227 0.149148 0.149000 0.145100 0.144861 0.144702 0.144622 0.144622 0.144702 0.144861 0.145100 0.149000 0.148557 0.147999 0.147374 0.146726 0.146101 0.145543 0.145100 0.149000 0.148648 0.148170 0.147601 0.146976 0.146328 0.145691 0.145100 0.145100 0.145100 0.145100 0.145100 0.145100 0.145100 0.145100 0.145100 0.145100 0.145100 0.145100 0.145100 0.145100 0.145100 0.145100 0.145100 0.145100 0.145100 0.145100 0.145100 0.145100 0.145100 0.145100 0.145100
0.145100 0.145100 0.145100 0.145100 0.145100 0.145100 0.145100 0.145100 0.145100 0.145100 0.145100 0.145100 0.145100 0.145100 0.145100 0.145100 0.145100 0.145100 0.145100 0.145100 0.145100 0.145100 0.145100 0.145100 0.145100 0.145081 0.145060 0.145038 0.145015 0.144992 0.144971 0.144952 0.144952 0.144869 0.144797 0.144745 0.144725 0.144745 0.144818 0.144952 0.148500 0.148717 0.148862 0.148934 0.148934 0.148862 0.148717 0.148500 0.144952 0.144746 0.144615 0.144560 0.144581 0.144677 0.144850 0.145100 0.149000 0.148534 0.147953 0.147303 0.146631 0.145984 0.145409 0.144952 0.149000 0.149078 0.149079 0.149019 0.148915 0.148783 0.148639 0.148500 0.149000 0.148943 0.148872 0.148791 0.148708 0.148628 0.148557 0.148500 0.149000 0.148943 0.148872 0.148791 0.148708 0.148628 0.148557 0.148500 0.149000 0.149019 0.149029 0.149032 0.149029 0.149022 0.149012 0.149000 0.149000 0.149000 0.149000 0.149000 0.149000 0.149000 0.149000 0.149000 0.149000 0.149000 0.149000 0.149000 0.149000 0.149000 0.149000 0.149000 0.149000 0.149000 0.149000 0.149000 0.149000 0.149000 0.149000 0.149000 0.149000 0.149000 0.149000 0.149000 0.149000 0.149000 0.149000 0.149000 0.149000 0.149000 0.149000 0.149000 0.149000 0.149000 0.149000 0.149000 0.149000 0.149000 0.149000 0.149000 0.149000 0.149000 0.149000 0.149000 0.149000 0.149000 0.149000 0.149000 0.149000 0.149000 0.149000 0.149000 0.149000 0.149000 0.149000 0.149000 0.149000 0.149000 0.149000 0.149000 0.149000 0.149000 0.149000 0.149000 0.149000 0.149000 0.149000 0.149000 0.149000 0.149000 0.149000 0.149000 0.149000 0.149000 0.149000 0.149000 0.149000 0.149083 0.149155 0.149207 0.149228 0.149207 0.149134 0.149000 0.145452 0.145709 0.146072 0.146513 0.147005 0.147518 0.148026 0.148500 0.148500 0.148500 0.148500 0.148500 0.148500 0.148500 0.148500 0.148500 0.148500 0.148579 0.148648 0.148698 0.148718 0.148698 0.148629 0.148500 0.145100 0.144869 0.144707 0.144613 0.144589 0.144637 0.144757 0.144952 0.148500 0.148093 0.147583 0.147012 0.146422 0.145854 0.145350 0.144952 0.148648 0.148310 0.147855 0.147314 0.146720 0.146107 0.145507 0.144952 0.145100 0.145083 0.145062 0.145038 0.145014 0.144990 0.144969 0.144952 0.145100 0.145106 0.145109 0.145109 0.145109 0.145106 0.145103 0.145100 0.145100 0.145100 0.145100 0.145100 0.145100 0.145100 0.145100 0.145100
0.145100 0.145100 0.145100 0.145100 0.145100 0.145100 0.145100 0.145100 0.145100 0.145100 0.145100 0.145100 0.145100 0.145100 0.145100 0.145100 0.145100 0.145100 0.145100 0.145100 0.145100 0.145100 0.145100 0.145100 0.145100 0.145071 0.145038 0.145004 0.144969 0.144934 0.144902 0.144873 0.144873 0.144801 0.144738 0.144694 0.144676 0.144694 0.144756 0.144873 0.147943 0.148131 0.148256 0.148318 0.148318 0.148256 0.148131 0.147943 0.144873 0.144694 0.144585 0.144544 0.144575 0.144677 0.144851 0.145100 0.149000 0.148522 0.147928 0.147265 0.146580 0.145922 0.145337 0.144873 0.149000 0.148996 0.148908 0.148756 0.148562 0.148348 0.148134 0.147943 0.149000 0.148880 0.148729 0.148559 0.148383 0.148214 0.148063 0.147943 0.149000 0.148880 0.148729 0.148559 0.148383 0.148214 0.148063 0.147943 0.149000 0.149040 0.149062 0.149068 0.149062 0.149046 0.149025 0.149000 0.149000 0.149000 0.149000 0.149000 0.149000 0.149000 0.149000 0.149000 0.149000 0.149000 0.149000 0.149000 0.149000 0.149000 0.149000 0.149000 0.149000 0.149000 0.149000 0.149000 0.149000 0.149000 0.149000 0.149000 0.149000 0.149000 0.149000 0.149000 0.149000 0.149000 0.149000 0.149000 0.149000 0.149000 0.149000 0.149000 0.149000 0.149000 0.149000 0.149000 0.149000 0.149000 0.149000 0.149000 0.149000 0.149000 0.149000 0.149000 0.149000 0.149000 0.149000 0.149000 0.149000 0.149000 0.149000 0.149000 0.149000 0.149000 0.149000 0.149000 0.149000 0.149000 0.149000 0.149000 0.149000 0.149000 0.149000 0.149000 0.149000 0.149000 0.149000 0.149000 0.149000 0.149000 0.149000 0.149000 0.149000 0.149000 0.149000 0.149000 0.149000 0.149072 0.149134 0.149179 0.149197 0.149179 0.149116 0.149000 0.145930 0.146072 0.146297 0.146584 0.146913 0.147263 0.147613 0.147943 0.147943 0.147943 0.147943 0.147943 0.147943 0.147943 0.147943 0.147943 0.147943 0.148009 0.148067 0.148108 0.148125 0.148108 0.148050 0.147943 0.145100 0.144891 0.144738 0.144643 0.144606 0.144631 0.144719 0.144873 0.147943 0.147588 0.147145 0.146649 0.146138 0.145647 0.145213 0.144873 0.148170 0.147867 0.147458 0.146974 0.146444 0.145898 0.145364 0.144873 0.145100 0.145074 0.145042 0.145005 0.144967 0.144931 0.144898 0.144873 0.145100 0.145109 0.145113 0.145115 0.145113 0.145110 0.145105 0.145100 0.145100 0.145100 0.145100 0.145100 0.145100 0.145100 0.145100 0.145100
0.145100 0.145100 0.145100 0.145100 0.145100 0.145100 0.145100 0.145100 0.145100 0.145100 0.145100 0.145100 0.145100 0.145100 0.145100 0.145100 0.145100 0.145100 0.145100 0.145100 0.145100 0.145100 0.145100 0.145100 0.145100 0.145068 0.145032 0.144994 0.144956 0.144918 0.144882 0.144850 0.144850 0.144792 0.144740 0.144704 0.144689 0.144704 0.144755 0.144850 0.147351 0.147504 0.147607 0.147658 0.147658 0.147607 0.147504 0.147351 0.144850 0.144696 0.144601 0.144568 0.144598 0.144695 0.144862 0.145100 0.149000 0.148519 0.147921 0.147254 0.146566 0.145904 0.145316 0.144850 0.149000 0.148907 0.148723 0.148473 0.148185 0.147884 0.147597 0.147351 0.149000 0.148813 0.148577 0.148313 0.148039 0.147774 0.147539 0.147351 0.149000 0.148813 0.148577 0.148313 0.148039 0.147774 0.147539 0.147351 0.149000 0.149062 0.149096 0.149106 0.149096 0.149072 0.149038 0.149000 0.149000 0.149000 0.149000 0.149000 0.149000 0.149000 0.149000 0.149000 0.149000 0.149000 0.149000 0.149000 0.149000 0.149000 0.149000 0.149000 0.149000 0.149000 0.149000 0.149000 0.149000 0.149000 0.149000 0.149000 0.149000 0.149000 0.149000 0.149000 0.149000 0.149000 0.149000 0.149000 0.149000 0.149000 0.149000 0.149000 0.149000 0.149000 0.149000 0.149000 0.149000 0.149000 0.149000 0.149000 0.149000 0.149000 0.149000 0.149000 0.149000 0.149000 0.149000 0.149000 0.149000 0.149000 0.149000 0.149000 0.149000 0.149000 0.149000 0.149000 0.149000 0.149000 0.149000 0.149000 0.149000 0.149000 0.149000 0.149000 0.149000 0.149000 0.149000 0.149000 0.149000 0.149000 0.149000 0.149000 0.149000 0.149000 0.149000 0.149000 0.149000 0.149058 0.149109 0.149146 0.149160 0.149146 0.149095 0.149000 0.146499 0.146513 0.146584 0.146699 0.146845 0.147011 0.147184 0.147351 0.147351 0.147351 0.147351 0.147351 0.147351 0.147351 0.147351 0.147351 0.147351 0.147404 0.147450 0.147483 0.147496 0.147483 0.147437 0.147351 0.145100 0.144924 0.144792 0.144704 0.144664 0.144673 0.144735 0.144850 0.147351 0.147061 0.146699 0.146294 0.145877 0.145477 0.145125 0.144850 0.147601 0.147347 0.147005 0.146600 0.146157 0.145702 0.145258 0.144850 0.145100 0.145072 0.145036 0.144996 0.144954 0.144914 0.144878 0.144850 0.145100 0.145109 0.145115 0.145116 0.145115 0.145111 0.145106 0.145100 0.145100 0.145100 0.145100 0.145100 0.145100 0.145100 0.145100 0.145100
0.145100 0.145100 0.145100 0.145100 0.145100 0.145100 0.145100 0.145100 0.145100 0.145100 0.145100 0.145100 0.145100 0.145100 0.145100 0.145100 0.145100 0.145100 0.145100 0.145100 0.145100 0.145100 0.145100 0.145100 0.145100 0.145071 0.145038 0.145004 0.144969 0.144934 0.144902 0.144873 0.144873 0.144829 0.144791 0.144763 0.144752 0.144763 0.144801 0.144873 0.146749 0.146864 0.146940 0.146978 0.146978 0.146940 0.146864 0.146749 0.144873 0.144740 0.144654 0.144621 0.144644 0.144729 0.144879 0.145100 0.149000 0.148522 0.147928 0.147265 0.146580 0.145922 0.145337 0.144873 0.149000 0.148815 0.148532 0.148182 0.147797 0.147408 0.147048 0.146749 0.149000 0.148744 0.148422 0.148061 0.147687 0.147326 0.147005 0.146749 0.149000 0.148744 0.148422 0.148061 0.147687 0.147326 0.147005 0.146749 0.149000 0.149085 0.149131 0.149144 0.149131 0.149098 0.149053 0.149000 0.149000 0.149000 0.149000 0.149000 0.149000 0.149000 0.149000 0.149000 0.149000 0.149000 0.149000 0.149000 0.149000 0.149000 0.149000 0.149000 0.149000 0.149000 0.149000 0.149000 0.149000 0.149000 0.149000 0.149000 0.149000 0.149000 0.149000 0.149000 0.149000 0.149000 0.149000 0.149000 0.149000 0.149000 0.149000 0.149000 0.149000 0.149000 0.149000 0.149000 0.149000 0.149000 0.149000 0.149000 0.149000 0.149000 0.149000 0.149000 0.149000 0.149000 0.149000 0.149000 0.149000 0.149000 0.149000 0.149000 0.149000 0.149000 0.149000 0.149000 0.149000 0.149000 0.149000 0.149000 0.149000 0.149000 0.149000 0.149000 0.149000 0.149000 0.149000 0.149000 0.149000 0.149000 0.149000 0.149000 0.149000 0.149000 0.149000 0.149000 0.149000 0.149044 0.149082 0.149109 0.149120 0.149109 0.149071 0.149000 0.147124 0.147005 0.146913 0.146845 0.146798 0.146768 0.146753 0.146749 0.146749 0.146749 0.146749 0.146749 0.146749 0.146749 0.146749 0.146749 0.146749 0.146787 0.146821 0.146845 0.146854 0.146845 0.146811 0.146749 0.145100 0.144965 0.144860 0.144789 0.144752 0.144753 0.144792 0.144873 0.146749 0.146530 0.146257 0.145953 0.145640 0.145341 0.145077 0.144873 0.146976 0.146781 0.146518 0.146209 0.145870 0.145522 0.145183 0.144873 0.145100 0.145074 0.145042 0.145005 0.144967 0.144931 0.144898 0.144873 0.145100 0.145109 0.145113 0.145115 0.145113 0.145110 0.145105 0.145100 0.145100 0.145100 0.145100 0.145100 0.145100 0.145100 0.145100 0.145100
0.145100 0.145100 0.145100 0.145100 0.145100 0.145100 0.145100 0.145100 0.145100 0.145100 0.145100 0.145100 0.145100 0.145100 0.145100 0.145100 0.145100 0.145100 0.145100 0.145100 0.145100 0.145100 0.145100 0.145100 0.145100 0.145078 0.145054 0.145028 0.145002 0.144976 0.144951 0.144929 0.144929 0.144901 0.144876 0.144858 0.144851 0.144858 0.144883 0.144929 0.146157 0.146233 0.146283 0.146308 0.146308 0.146283 0.146233 0.146157 0.144929 0.144814 0.144734 0.144695 0.144706 0.144773 0.144902 0.145100 0.149000 0.148531 0.147946 0.147292 0.146617 0.145966 0.145388 0.144929 0.149000 0.148723 0.148342 0.147894 0.147414 0.146940 0.146509 0.146157 0.149000 0.148677 0.148271 0.147815 0.147343 0.146887 0.146481 0.146157 0.149000 0.148677 0.148271 0.147815 0.147343 0.146887 0.146481 0.146157 0.149000 0.149108 0.149166 0.149182 0.149166 0.149124 0.149066 0.149000 0.149000 0.149000 0.149000 0.149000 0.149000 0.149000 0.149000 0.149000 0.149000 0.149000 0.149000 0.149000 0.149000 0.149000 0.149000 0.149000 0.149000 0.149000 0.149000 0.149000 0.149000 0.149000 0.149000 0.149000 0.149000 0.149000 0.149000 0.149000 0.149000 0.149000 0.149000 0.149000 0.149000 0.149000 0.149000 0.149000 0.149000 0.149000 0.149000 0.149000 0.149000 0.149000 0.149000 0.149000 0.149000 0.149000 0.149000 0.149000 0.149000 0.149000 0.149000 0.149000 0.149000 0.149000 0.149000 0.149000 0.149000 0.149000 0.149000 0.149000 0.149000 0.149000 0.149000 0.149000 0.149000 0.149000 0.149000 0.149000 0.149000 0.149000 0.149000 0.149000 0.149000 0.149000 0.149000 0.149000 0.149000 0.149000 0.149000 0.149000 0.149000 0.149029 0.149054 0.149072 0.149079 0.149072 0.149047 0.149000 0.147772 0.147518 0.147263 0.147011 0.146768 0.146542 0.146336 0.146157 0.146157 0.146157 0.146157 0.146157 0.146157 0.146157 0.146157 0.146157 0.146157 0.146182 0.146204 0.146219 0.146225 0.146219 0.146198 0.146157 0.145100 0.145009 0.144938 0.144888 0.144861 0.144858 0.144880 0.144929 0.146157 0.146014 0.145835 0.145636 0.145430 0.145235 0.145063 0.144929 0.146328 0.146198 0.146023 0.145817 0.145591 0.145360 0.145135 0.144929 0.145100 0.145081 0.145056 0.145029 0.145001 0.144973 0.144949 0.144929 0.145100 0.145106 0.145110 0.145111 0.145110 0.145107 0.145104 0.145100 0.145100 0.145100 0.145100 0.145100 0.145100 0.145100 0.145100 0.145100
0.145100 0.145100 0.145100 0.145100 0.145100 0.145100 0.145100 0.145100 0.145100 0.145100 0.145100 0.145100 0.145100 0.145100 0.145100 0.145100 0.145100 0.145100 0.145100 0.145100 0.145100 0.145100 0.145100 0.145100 0.145100 0.145088 0.145075 0.145062 0.145047 0.145034 0.145021 0.145009 0.145009 0.144995 0.144983 0.144975 0.144971 0.144975 0.144987 0.145009 0.145600 0.145636 0.145661 0.145673 0.145673 0.145661 0.145636 0.145600 0.145009 0.144907 0.144829 0.144782 0.144777 0.144822 0.144927 0.145100 0.149000 0.148543 0.147971 0.147330 0.146668 0.146029 0.145461 0.145009 0.149000 0.148636 0.148162 0.147621 0.147052 0.146498 0.146001 0.145600 0.149000 0.148613 0.148128 0.147583 0.147018 0.146473 0.145987 0.145600 0.149000 0.148613 0.148128 0.147583 0.147018 0.146473 0.145987 0.145600 0.149000 0.149129 0.149198 0.149218 0.149198 0.149149 0.149079 0.149000 0.149000 0.149000 0.149000 0.149000 0.149000 0.149000 0.149000 0.149000 0.149000 0.149000 0.149000 0.149000 0.149000 0.149000 0.149000 0.149000 0.149000 0.149000 0.149000 0.149000 0.149000 0.149000 0.149000 0.149000 0.149000 0.149000 0.149000 0.149000 0.149000 0.149000 0.149000 0.149000 0.149000 0.149000 0.149000 0.149000 0.149000 0.149000 0.149000 0.149000 0.149000 0.149000 0.149000 0.149000 0.149000 0.149000 0.149000 0.149000 0.149000 0.149000 0.149000 0.149000 0.149000 0.149000 0.149000 0.149000 0.149000 0.149000 0.149000 0.149000 0.149000 0.149000 0.149000 0.149000 0.149000 0.149000 0.149000 0.149000 0.149000 0.149000 0.149000 0.149000 0.149000 0.149000 0.149000 0.149000 0.149000 0.149000 0.149000 0.149000 0.149000 0.149014 0.149026 0.149034 0.149038 0.149034 0.149022 0.149000 0.148409 0.148026 0.147613 0.147184 0.146753 0.146336 0.145947 0.145600 0.145600 0.145600 0.145600 0.145600 0.145600 0.145600 0.145600 0.145600 0.145600 0.145612 0.145622 0.145629 0.145632 0.145629 0.145619 0.145600 0.145100 0.145056 0.145020 0.144995 0.144980 0.144977 0.144987 0.145009 0.145600 0.145531 0.145445 0.145348 0.145250 0.145155 0.145073 0.145009 0.145691 0.145627 0.145542 0.145441 0.145331 0.145219 0.145109 0.145009 0.145100 0.145090 0.145077 0.145062 0.145047 0.145032 0.145019 0.145009 0.145100 0.145103 0.145105 0.145106 0.145105 0.145104 0.145102 0.145100 0.145100 0.145100 0.145100 0.145100 0.145100 0.145100 0.145100 0.145100
0.145100 0.145100 0.145100 0.145100 0.145100 0.145100 0.145100 0.145100 0.145100 0.145100 0.145100 0.145100 0.145100 0.145100 0.145100 0.145100 0.145100 0.145100 0.145100 0.145100 0.145100 0.145100 0.145100 0.145100 0.145100 0.145100 0.145100 0.145100 0.145100 0.145100 0.145100 0.145100 0.145100 0.145100 0.145100 0.145100 0.145100 0.145100 0.145100 0.145100 0.145100 0.145100 0.145100 0.145100 0.145100 0.145100 0.145100 0.145100 0.145100 0.145009 0.144929 0.144873 0.144850 0.144873 0.144952 0.145100 0.149000 0.148557 0.147999 0.147374 0.146726 0.146101 0.145543 0.145100 0.149000 0.148557 0.147999 0.147374 0.146726 0.146101 0.145543 0.145100 0.149000 0.148557 0.147999 0.147374 0.146726 0.146101 0.145543 0.145100 0.149000 0.148557 0.147999 0.147374 0.146726 0.146101 0.145543 0.145100 0.149000 0.149148 0.149227 0.149250 0.149227 0.149171 0.149091 0.149000 0.149000 0.149000 0.149000 0.149000 0.149000 0.149000 0.149000 0.149000 0.149000 0.149000 0.149000 0.149000 0.149000 0.149000 0.149000 0.149000 0.149000 0.149000 0.149000 0.149000 0.149000 0.149000 0.149000 0.149000 0.149000 0.149000 0.149000 0.149000 0.149000 0.149000 0.149000 0.149000 0.149000 0.149000 0.149000 0.149000 0.149000 0.149000 0.149000 0.149000 0.149000 0.149000 0.149000 0.149000 0.149000 0.149000 0.149000 0.149000 0.149000 0.149000 0.149000 0.149000 0.149000 0.149000 0.149000 0.149000 0.149000 0.149000 0.149000 0.149000 0.149000 0.149000 0.149000 0.149000 0.149000 0.149000 0.149000 0.149000 0.149000 0.149000 0.149000 0.149000 0.149000 0.149000 0.149000 0.149000 0.149000 0.149000 0.149000 0.149000 0.149000 0.149000 0.149000 0.149000 0.149000 0.149000 0.149000 0.149000 0.149000 0.148500 0.147943 0.147351 0.146749 0.146157 0.145600 0.145100 0.145100 0.145100 0.145100 0.145100 0.145100 0.145100 0.145100 0.145100 0.145100 0.145100 0.145100 0.145100 0.145100 0.145100 0.145100 0.145100 0.145100 0.145100 0.145100 0.145100 0.145100 0.145100 0.145100 0.145100 0.145100 0.145100 0.145100 0.145100 0.145100 0.145100 0.145100 0.145100 0.145100 0.145100 0.145100 0.145100 0.145100 0.145100 0.145100 0.145100 0.145100 0.145100 0.145100 0.145100 0.145100 0.145100 0.145100 0.145100 0.145100 0.145100 0.145100 0.145100 0.145100 0.145100 0.145100 0.145100 0.145100 0.145100 0.145100 0.145100 0.145100 0.145100 0.145100 0.145100
