256 256
0.207800 0.207800 0.207800 0.207800 0.207800 0.207800 0.207800 0.207800 0.207800 0.207800 0.207800 0.207800 0.207800 0.207800 0.207800 0.207800 0.207800 0.207800 0.207800 0.207800 0.207800 0.207800 0.207800 0.207800 0.207800 0.207800 0.207800 0.207800 0.207800 0.207800 0.207800 0.207800 0.211800 0.211800 0.211800 0.211800 0.211800 0.211800 0.211800 0.211800 0.211800 0.211800 0.211800 0.211800 0.211800 0.211800 0.211800 0.211800 0.211800 0.211800 0.211800 0.211800 0.211800 0.211800 0.211800 0.211800 0.211800 0.211800 0.211800 0.211800 0.211800 0.211800 0.211800 0.211800 0.211800 0.213766 0.215045 0.215731 0.215918 0.215700 0.215170 0.214421 0.213547 0.212642 0.211800 0.211114 0.210677 0.210583 0.210926 0.211800 0.211800 0.211114 0.210833 0.210895 0.211238 0.211800 0.212518 0.213329 0.214171 0.214982 0.215700 0.216262 0.216605 0.216667 0.216386 0.215700 0.215700 0.215700 0.215700 0.215700 0.215700 0.215700 0.215700 0.215700 0.215700 0.215700 0.215700 0.215700 0.215700 0.215700 0.215700 0.215700 0.215700 0.217666 0.218945 0.219631 0.219818 0.219600 0.219070 0.218321 0.217447 0.216542 0.215700 0.215014 0.214577 0.214483 0.214826 0.215700 0.211800 0.212892 0.213828 0.214608 0.215232 0.215700 0.216012 0.216168 0.216168 0.216012 0.215700 0.215232 0.214608 0.213828 0.212892 0.211800 0.211800 0.211114 0.210833 0.210895 0.211238 0.211800 0.212518 0.213329 0.214171 0.214982 0.215700 0.216262 0.216605 0.216667 0.216386 0.215700 0.215700 0.213547 0.212206 0.211550 0.211457 0.211800 0.212455 0.213298 0.214202 0.215045 0.215700 0.216043 0.215950 0.215294 0.213953 0.211800 0.215700 0.214421 0.213422 0.212674 0.212143 0.211800 0.211613 0.211550 0.211582 0.211675 0.211800 0.211925 0.212018 0.212050 0.211987 0.211800 0.215700 0.214229 0.213166 0.212450 0.212015 0.211800 0.211741 0.211774 0.211838 0.211867 0.211800 0.211573 0.211122 0.210386 0.209299 0.207800 0.207800 0.209112 0.210136 0.210904 0.211448 0.211800 0.211992 0.212056 0.212024 0.211928 0.211800 0.211672 0.211576 0.211544 0.211608 0.211800 0.207800 0.209816 0.211128 0.211832 0.212024 0.211800 0.211256 0.210488 0.209592 0.208664 0.207800 0.207096 0.206648 0.206552 0.206904 0.207800 0.211800 0.210488 0.209464 0.208696 0.208152 0.207800 0.207608 0.207544 0.207576 0.207672 0.207800 0.207928 0.208024 0.208056 0.207992 0.207800
0.207800 0.207272 0.207066 0.207125 0.207389 0.207800 0.208299 0.208829 0.209329 0.209741 0.210008 0.210070 0.209868 0.209344 0.208440 0.207096 0.209112 0.209482 0.209480 0.209180 0.208659 0.207992 0.207256 0.206525 0.205877 0.205387 0.205130 0.205183 0.205622 0.206521 0.207958 0.210008 0.209784 0.210507 0.211073 0.211499 0.211798 0.211987 0.212080 0.212093 0.212041 0.211938 0.211800 0.211642 0.211479 0.211327 0.211200 0.211114 0.210926 0.211030 0.211092 0.211121 0.211125 0.211114 0.211095 0.211077 0.211068 0.211078 0.211114 0.211184 0.211299 0.211465 0.211692 0.211987 0.213079 0.213471 0.213734 0.213885 0.213942 0.213922 0.213841 0.213719 0.213570 0.213414 0.213266 0.213145 0.213067 0.213050 0.213111 0.213266 0.211114 0.211652 0.212111 0.212497 0.212818 0.213079 0.213288 0.213451 0.213576 0.213668 0.213734 0.213782 0.213818 0.213849 0.213881 0.213922 0.215700 0.215321 0.215085 0.214970 0.214953 0.215014 0.215129 0.215277 0.215436 0.215585 0.215700 0.215760 0.215744 0.215629 0.215393 0.215014 0.214826 0.216588 0.217731 0.218344 0.218512 0.218321 0.217858 0.217210 0.216462 0.215701 0.215014 0.214486 0.214204 0.214255 0.214725 0.215700 0.213266 0.215229 0.216566 0.217362 0.217700 0.217666 0.217341 0.216811 0.216160 0.215470 0.214826 0.214312 0.214012 0.214009 0.214388 0.215232 0.212393 0.211978 0.211904 0.212105 0.212518 0.213079 0.213726 0.214393 0.215019 0.215538 0.215887 0.216003 0.215822 0.215281 0.214315 0.212861 0.212861 0.212552 0.212485 0.212613 0.212889 0.213266 0.213697 0.214134 0.214531 0.214840 0.215014 0.215005 0.214767 0.214253 0.213415 0.212206 0.216574 0.215826 0.215088 0.214374 0.213700 0.213079 0.212527 0.212059 0.211688 0.211431 0.211301 0.211313 0.211482 0.211823 0.212351 0.213079 0.215700 0.214353 0.213360 0.212668 0.212228 0.211987 0.211895 0.211900 0.211951 0.211997 0.211987 0.211869 0.211593 0.211107 0.210359 0.209299 0.209299 0.210119 0.210760 0.211240 0.211580 0.211800 0.211920 0.211960 0.211940 0.211880 0.211800 0.211720 0.211660 0.211640 0.211680 0.211800 0.209112 0.210056 0.210637 0.210902 0.210900 0.210680 0.210289 0.209777 0.209191 0.208580 0.207992 0.207476 0.207080 0.206852 0.206842 0.207096 0.212696 0.211291 0.210116 0.209155 0.208389 0.207800 0.207371 0.207085 0.206924 0.206869 0.206904 0.207010 0.207171 0.207368 0.207583 0.207800
0.207800 0.206950 0.206618 0.206712 0.207137 0.207800 0.208606 0.209461 0.210272 0.210944 0.211384 0.211497 0.211190 0.210369 0.208940 0.206808 0.210136 0.210620 0.210536 0.210002 0.209136 0.208056 0.206879 0.205724 0.204707 0.203948 0.203563 0.203671 0.204389 0.205836 0.208128 0.211384 0.208472 0.209643 0.210561 0.211252 0.211740 0.212050 0.212206 0.212235 0.212160 0.212007 0.211800 0.211564 0.211325 0.211107 0.210934 0.210833 0.210583 0.210723 0.210807 0.210845 0.210850 0.210833 0.210806 0.210781 0.210769 0.210782 0.210833 0.210932 0.211091 0.211323 0.211639 0.212050 0.214078 0.213342 0.212874 0.212636 0.212592 0.212705 0.212937 0.213253 0.213614 0.213985 0.214327 0.214605 0.214780 0.214817 0.214679 0.214327 0.210833 0.212195 0.213146 0.213741 0.214034 0.214078 0.213927 0.213635 0.213257 0.212846 0.212455 0.212140 0.211953 0.211949 0.212182 0.212705 0.215700 0.215166 0.214833 0.214671 0.214648 0.214733 0.214895 0.215104 0.215329 0.215538 0.215700 0.215785 0.215762 0.215599 0.215267 0.214733 0.214483 0.215917 0.216845 0.217341 0.217476 0.217322 0.216951 0.216435 0.215845 0.215254 0.214733 0.214354 0.214190 0.214311 0.214791 0.215700 0.214327 0.216775 0.218328 0.219119 0.219280 0.218945 0.218247 0.217318 0.216293 0.215304 0.214483 0.213965 0.213881 0.214366 0.215552 0.217572 0.213110 0.212872 0.212909 0.213163 0.213572 0.214078 0.214619 0.215137 0.215571 0.215862 0.215950 0.215774 0.215274 0.214392 0.213067 0.211238 0.211238 0.212090 0.212822 0.213436 0.213937 0.214327 0.214610 0.214789 0.214867 0.214847 0.214733 0.214528 0.214235 0.213857 0.213398 0.212861 0.216917 0.216656 0.216193 0.215576 0.214855 0.214078 0.213294 0.212554 0.211906 0.211399 0.211082 0.211006 0.211217 0.211767 0.212704 0.214078 0.215700 0.214423 0.213462 0.212774 0.212318 0.212050 0.211928 0.211909 0.211952 0.212013 0.212050 0.212020 0.211881 0.211591 0.211107 0.210386 0.210386 0.210850 0.211212 0.211483 0.211676 0.211800 0.211868 0.211891 0.211879 0.211845 0.211800 0.211755 0.211721 0.211709 0.211732 0.211800 0.210136 0.210233 0.210226 0.210129 0.209956 0.209720 0.209434 0.209111 0.208765 0.208409 0.208056 0.207720 0.207414 0.207151 0.206944 0.206808 0.213048 0.211606 0.210373 0.209335 0.208481 0.207800 0.207279 0.206905 0.206667 0.206554 0.206552 0.206650 0.206836 0.207098 0.207423 0.207800
0.207800 0.206802 0.206413 0.206522 0.207021 0.207800 0.208749 0.209759 0.210719 0.211522 0.212056 0.212213 0.211882 0.210955 0.209321 0.206872 0.210904 0.211292 0.211066 0.210359 0.209301 0.208024 0.206659 0.205337 0.204189 0.203346 0.202941 0.203103 0.203965 0.205656 0.208310 0.212056 0.207768 0.209157 0.210246 0.211066 0.211647 0.212018 0.212211 0.212255 0.212182 0.212020 0.211800 0.211553 0.211309 0.211097 0.210950 0.210895 0.210677 0.210802 0.210876 0.210909 0.210912 0.210895 0.210870 0.210846 0.210836 0.210848 0.210895 0.210987 0.211135 0.211348 0.211640 0.212018 0.214826 0.213357 0.212410 0.211914 0.211797 0.211987 0.212414 0.213004 0.213687 0.214391 0.215045 0.215576 0.215913 0.215985 0.215719 0.215045 0.210895 0.212733 0.213963 0.214667 0.214928 0.214826 0.214446 0.213867 0.213174 0.212447 0.211769 0.211222 0.210888 0.210850 0.211189 0.211987 0.215700 0.215201 0.214889 0.214737 0.214716 0.214795 0.214947 0.215143 0.215353 0.215548 0.215700 0.215780 0.215758 0.215606 0.215295 0.214795 0.214577 0.215588 0.216242 0.216590 0.216683 0.216574 0.216313 0.215954 0.215546 0.215143 0.214795 0.214555 0.214473 0.214603 0.214994 0.215700 0.215045 0.217650 0.219258 0.220023 0.220096 0.219631 0.218781 0.217697 0.216533 0.215442 0.214577 0.214089 0.214133 0.214860 0.216423 0.218976 0.213922 0.213773 0.213842 0.214075 0.214421 0.214826 0.215240 0.215608 0.215878 0.216000 0.215918 0.215583 0.214940 0.213938 0.212524 0.210646 0.210646 0.212080 0.213207 0.214056 0.214659 0.215045 0.215245 0.215290 0.215209 0.215034 0.214795 0.214522 0.214246 0.213998 0.213806 0.213703 0.216823 0.217000 0.216815 0.216343 0.215656 0.214826 0.213929 0.213035 0.212220 0.211555 0.211114 0.210970 0.211196 0.211865 0.213051 0.214826 0.215700 0.214449 0.213493 0.212793 0.212314 0.212018 0.211870 0.211833 0.211870 0.211944 0.212018 0.212057 0.212024 0.211881 0.211593 0.211122 0.211122 0.211345 0.211518 0.211648 0.211740 0.211800 0.211833 0.211843 0.211838 0.211822 0.211800 0.211778 0.211762 0.211757 0.211767 0.211800 0.210904 0.210356 0.209894 0.209508 0.209187 0.208920 0.208697 0.208506 0.208338 0.208181 0.208024 0.207857 0.207669 0.207450 0.207187 0.206872 0.212952 0.211520 0.210303 0.209286 0.208456 0.207800 0.207304 0.206954 0.206737 0.206640 0.206648 0.206748 0.206927 0.207171 0.207467 0.207800
0.207800 0.206798 0.206405 0.206514 0.207016 0.207800 0.208758 0.209782 0.210761 0.211588 0.212152 0.212345 0.212058 0.211181 0.209606 0.207224 0.211448 0.211576 0.211167 0.210342 0.209222 0.207928 0.206582 0.205306 0.204220 0.203446 0.203106 0.203320 0.204210 0.205898 0.208505 0.212152 0.207576 0.208997 0.210111 0.210948 0.211542 0.211925 0.212129 0.212186 0.212128 0.211989 0.211800 0.211593 0.211402 0.211257 0.211192 0.211238 0.211114 0.211188 0.211230 0.211249 0.211249 0.211238 0.211222 0.211208 0.211201 0.211209 0.211238 0.211295 0.211385 0.211516 0.211694 0.211925 0.215357 0.213495 0.212289 0.211648 0.211484 0.211706 0.212226 0.212953 0.213797 0.214670 0.215482 0.216142 0.216562 0.216651 0.216321 0.215482 0.211238 0.213260 0.214588 0.215317 0.215542 0.215357 0.214856 0.214134 0.213284 0.212402 0.211582 0.210917 0.210503 0.210434 0.210803 0.211706 0.215700 0.215390 0.215197 0.215103 0.215089 0.215138 0.215233 0.215354 0.215484 0.215606 0.215700 0.215749 0.215736 0.215642 0.215448 0.215138 0.215014 0.215538 0.215875 0.216054 0.216101 0.216043 0.215908 0.215723 0.215515 0.215311 0.215138 0.215025 0.214997 0.215082 0.215307 0.215700 0.215482 0.217970 0.219499 0.220219 0.220275 0.219818 0.218996 0.217956 0.216846 0.215816 0.215014 0.214587 0.214683 0.215452 0.217042 0.219600 0.214795 0.214660 0.214692 0.214846 0.215082 0.215357 0.215628 0.215852 0.215988 0.215993 0.215825 0.215440 0.214798 0.213854 0.212568 0.210895 0.210895 0.212437 0.213629 0.214508 0.215112 0.215482 0.215654 0.215667 0.215560 0.215371 0.215138 0.214901 0.214697 0.214565 0.214543 0.214670 0.216386 0.216943 0.217031 0.216738 0.216150 0.215357 0.214445 0.213502 0.212615 0.211873 0.211363 0.211173 0.211389 0.212100 0.213393 0.215357 0.215700 0.214445 0.213473 0.212751 0.212246 0.211925 0.211755 0.211703 0.211736 0.211821 0.211925 0.212015 0.212057 0.212020 0.211869 0.211573 0.211573 0.211647 0.211706 0.211749 0.211780 0.211800 0.211811 0.211815 0.211813 0.211807 0.211800 0.211793 0.211787 0.211785 0.211789 0.211800 0.211448 0.210437 0.209640 0.209032 0.208587 0.208280 0.208086 0.207979 0.207934 0.207925 0.207928 0.207917 0.207866 0.207751 0.207545 0.207224 0.212504 0.211119 0.209976 0.209056 0.208338 0.207800 0.207422 0.207184 0.207064 0.207041 0.207096 0.207207 0.207354 0.207515 0.207671 0.207800
0.207800 0.206904 0.206552 0.206648 0.207096 0.207800 0.208664 0.209592 0.210488 0.211256 0.211800 0.212024 0.211832 0.211128 0.209816 0.207800 0.211800 0.211554 0.210937 0.210043 0.208966 0.207800 0.206638 0.205573 0.204699 0.204110 0.203900 0.204162 0.204989 0.206475 0.208714 0.211800 0.207800 0.209112 0.210136 0.210904 0.211448 0.211800 0.211992 0.212056 0.212024 0.211928 0.211800 0.211672 0.211576 0.211544 0.211608 0.211800 0.211800 0.211800 0.211800 0.211800 0.211800 0.211800 0.211800 0.211800 0.211800 0.211800 0.211800 0.211800 0.211800 0.211800 0.211800 0.211800 0.215700 0.213734 0.212455 0.211769 0.211582 0.211800 0.212330 0.213079 0.213953 0.214858 0.215700 0.216386 0.216823 0.216917 0.216574 0.215700 0.211800 0.213766 0.215045 0.215731 0.215918 0.215700 0.215170 0.214421 0.213547 0.212642 0.211800 0.211114 0.210677 0.210583 0.210926 0.211800 0.215700 0.215700 0.215700 0.215700 0.215700 0.215700 0.215700 0.215700 0.215700 0.215700 0.215700 0.215700 0.215700 0.215700 0.215700 0.215700 0.215700 0.215700 0.215700 0.215700 0.215700 0.215700 0.215700 0.215700 0.215700 0.215700 0.215700 0.215700 0.215700 0.215700 0.215700 0.215700 0.215700 0.217853 0.219194 0.219850 0.219943 0.219600 0.218945 0.218102 0.217198 0.216355 0.215700 0.215357 0.215450 0.216106 0.217447 0.219600 0.215700 0.215513 0.215450 0.215482 0.215575 0.215700 0.215825 0.215918 0.215950 0.215887 0.215700 0.215357 0.214826 0.214078 0.213079 0.211800 0.211800 0.213079 0.214078 0.214826 0.215357 0.215700 0.215887 0.215950 0.215918 0.215825 0.215700 0.215575 0.215482 0.215450 0.215513 0.215700 0.215700 0.216574 0.216917 0.216823 0.216386 0.215700 0.214858 0.213953 0.213079 0.212330 0.211800 0.211582 0.211769 0.212455 0.213734 0.215700 0.215700 0.214421 0.213422 0.212674 0.212143 0.211800 0.211613 0.211550 0.211582 0.211675 0.211800 0.211925 0.212018 0.212050 0.211987 0.211800 0.211800 0.211800 0.211800 0.211800 0.211800 0.211800 0.211800 0.211800 0.211800 0.211800 0.211800 0.211800 0.211800 0.211800 0.211800 0.211800 0.211800 0.210488 0.209464 0.208696 0.208152 0.207800 0.207608 0.207544 0.207576 0.207672 0.207800 0.207928 0.208024 0.208056 0.207992 0.207800 0.211800 0.210488 0.209464 0.208696 0.208152 0.207800 0.207608 0.207544 0.207576 0.207672 0.207800 0.207928 0.208024 0.208056 0.207992 0.207800
0.207800 0.207090 0.206809 0.206883 0.207238 0.207800 0.208495 0.209250 0.209989 0.210640 0.211128 0.211379 0.211320 0.210875 0.209972 0.208536 0.211992 0.211302 0.210472 0.209555 0.208604 0.207672 0.206813 0.206079 0.205525 0.205203 0.205166 0.205468 0.206162 0.207302 0.208939 0.211128 0.208344 0.209449 0.210304 0.210940 0.211387 0.211675 0.211835 0.211897 0.211892 0.211849 0.211800 0.211775 0.211803 0.211916 0.212144 0.212518 0.212642 0.212561 0.212516 0.212498 0.212502 0.212518 0.212539 0.212557 0.212565 0.212554 0.212518 0.212447 0.212336 0.212175 0.211957 0.211675 0.215887 0.214054 0.212855 0.212205 0.212017 0.212206 0.212683 0.213364 0.214162 0.214990 0.215762 0.216392 0.216794 0.216880 0.216565 0.215762 0.212518 0.214243 0.215360 0.215951 0.216099 0.215887 0.215399 0.214716 0.213921 0.213099 0.212330 0.211699 0.211289 0.211181 0.211459 0.212206 0.215700 0.216096 0.216343 0.216464 0.216481 0.216418 0.216297 0.216142 0.215976 0.215821 0.215700 0.215637 0.215654 0.215775 0.216022 0.216418 0.216542 0.216011 0.215671 0.215493 0.215450 0.215513 0.215653 0.215842 0.216051 0.216253 0.216418 0.216518 0.216524 0.216409 0.216144 0.215700 0.215762 0.217416 0.218486 0.219060 0.219225 0.219070 0.218680 0.218146 0.217553 0.216989 0.216542 0.216301 0.216351 0.216781 0.217679 0.219132 0.216605 0.216309 0.216109 0.215986 0.215918 0.215887 0.215872 0.215853 0.215811 0.215725 0.215575 0.215342 0.215005 0.214544 0.213940 0.213173 0.213173 0.213922 0.214543 0.215048 0.215450 0.215762 0.215997 0.216167 0.216286 0.216365 0.216418 0.216457 0.216495 0.216544 0.216618 0.216730 0.214858 0.215978 0.216549 0.216663 0.216412 0.215887 0.215182 0.214388 0.213597 0.212901 0.212393 0.212164 0.212307 0.212914 0.214077 0.215887 0.215700 0.214389 0.213362 0.212588 0.212036 0.211675 0.211476 0.211407 0.211437 0.211537 0.211675 0.211821 0.211944 0.212013 0.211997 0.211867 0.211867 0.211845 0.211828 0.211815 0.211806 0.211800 0.211797 0.211796 0.211796 0.211798 0.211800 0.211802 0.211804 0.211804 0.211803 0.211800 0.211992 0.210520 0.209365 0.208495 0.207877 0.207480 0.207271 0.207218 0.207289 0.207451 0.207672 0.207920 0.208163 0.208368 0.208503 0.208536 0.210936 0.209714 0.208835 0.208254 0.207924 0.207800 0.207836 0.207986 0.208205 0.208446 0.208664 0.208813 0.208847 0.208720 0.208386 0.207800
0.207800 0.207323 0.207132 0.207178 0.207417 0.207800 0.208282 0.208816 0.209355 0.209854 0.210264 0.210540 0.210635 0.210502 0.210096 0.209368 0.212056 0.210901 0.209870 0.208969 0.208202 0.207576 0.207096 0.206767 0.206596 0.206588 0.206747 0.207081 0.207594 0.208291 0.209180 0.210264 0.209112 0.209957 0.210598 0.211063 0.211382 0.211582 0.211691 0.211740 0.211755 0.211765 0.211800 0.211887 0.212055 0.212332 0.212747 0.213329 0.213547 0.213392 0.213308 0.213280 0.213292 0.213329 0.213374 0.213413 0.213428 0.213406 0.213329 0.213182 0.212950 0.212616 0.212165 0.211582 0.215950 0.214431 0.213434 0.212887 0.212719 0.212861 0.213241 0.213788 0.214433 0.215104 0.215731 0.216243 0.216570 0.216641 0.216385 0.215731 0.213329 0.214683 0.215557 0.216016 0.216125 0.215950 0.215554 0.215004 0.214365 0.213702 0.213079 0.212563 0.212218 0.212109 0.212301 0.212861 0.215700 0.216544 0.217070 0.217327 0.217363 0.217229 0.216972 0.216642 0.216287 0.215957 0.215700 0.215565 0.215602 0.215859 0.216385 0.217229 0.217447 0.216406 0.215742 0.215400 0.215321 0.215450 0.215731 0.216105 0.216518 0.216911 0.217229 0.217414 0.217411 0.217162 0.216610 0.215700 0.215731 0.216778 0.217518 0.217994 0.218248 0.218321 0.218255 0.218093 0.217877 0.217647 0.217447 0.217318 0.217302 0.217441 0.217777 0.218352 0.217478 0.217028 0.216660 0.216364 0.216131 0.215950 0.215811 0.215705 0.215621 0.215550 0.215482 0.215405 0.215312 0.215191 0.215032 0.214826 0.214826 0.214882 0.215013 0.215207 0.215451 0.215731 0.216035 0.216350 0.216662 0.216960 0.217229 0.217457 0.217630 0.217737 0.217763 0.217697 0.213953 0.215244 0.216005 0.216320 0.216274 0.215950 0.215432 0.214805 0.214153 0.213560 0.213110 0.212888 0.212976 0.213460 0.214423 0.215950 0.215700 0.214361 0.213311 0.212518 0.211952 0.211582 0.211376 0.211304 0.211335 0.211438 0.211582 0.211736 0.211870 0.211952 0.211951 0.211838 0.211838 0.211825 0.211816 0.211808 0.211803 0.211800 0.211798 0.211798 0.211798 0.211799 0.211800 0.211801 0.211802 0.211802 0.211802 0.211800 0.212056 0.210544 0.209341 0.208422 0.207757 0.207320 0.207082 0.207017 0.207096 0.207291 0.207576 0.207922 0.208302 0.208688 0.209053 0.209368 0.210008 0.208882 0.208159 0.207778 0.207679 0.207800 0.208081 0.208461 0.208881 0.209278 0.209592 0.209763 0.209730 0.209432 0.208809 0.207800
0.207800 0.207573 0.207476 0.207494 0.207608 0.207800 0.208054 0.208352 0.208677 0.209010 0.209336 0.209636 0.209893 0.210090 0.210208 0.210232 0.212024 0.210430 0.209229 0.208377 0.207830 0.207544 0.207475 0.207578 0.207811 0.208127 0.208485 0.208839 0.209145 0.209359 0.209437 0.209336 0.210008 0.210584 0.210999 0.211280 0.211455 0.211550 0.211595 0.211614 0.211637 0.211690 0.211800 0.211995 0.212303 0.212750 0.213363 0.214171 0.214421 0.214213 0.214107 0.214080 0.214109 0.214171 0.214243 0.214302 0.214325 0.214289 0.214171 0.213949 0.213598 0.213097 0.212422 0.211550 0.215918 0.214846 0.214137 0.213743 0.213615 0.213703 0.213959 0.214332 0.214774 0.215236 0.215669 0.216023 0.216249 0.216298 0.216121 0.215669 0.214171 0.215078 0.215663 0.215969 0.216040 0.215918 0.215649 0.215274 0.214837 0.214382 0.213953 0.213592 0.213343 0.213250 0.213355 0.213703 0.215700 0.217009 0.217825 0.218223 0.218280 0.218071 0.217673 0.217161 0.216611 0.216098 0.215700 0.215491 0.215548 0.215947 0.216762 0.218071 0.218321 0.216820 0.215869 0.215384 0.215283 0.215482 0.215898 0.216448 0.217049 0.217618 0.218071 0.218326 0.218300 0.217909 0.217070 0.215700 0.215669 0.216055 0.216433 0.216796 0.217136 0.217447 0.217722 0.217954 0.218136 0.218260 0.218321 0.218310 0.218221 0.218047 0.217781 0.217416 0.218290 0.217648 0.217093 0.216621 0.216230 0.215918 0.215683 0.215520 0.215429 0.215407 0.215450 0.215558 0.215726 0.215953 0.216237 0.216574 0.216574 0.215876 0.215479 0.215340 0.215417 0.215669 0.216052 0.216526 0.217049 0.217578 0.218071 0.218487 0.218784 0.218920 0.218852 0.218539 0.213079 0.214458 0.215360 0.215858 0.216020 0.215918 0.215623 0.215206 0.214736 0.214284 0.213922 0.213719 0.213747 0.214075 0.214776 0.215918 0.215700 0.214350 0.213291 0.212492 0.211923 0.211550 0.211344 0.211272 0.211304 0.211407 0.211550 0.211703 0.211833 0.211909 0.211900 0.211774 0.211774 0.211783 0.211789 0.211794 0.211798 0.211800 0.211801 0.211802 0.211801 0.211801 0.211800 0.211799 0.211799 0.211798 0.211799 0.211800 0.212024 0.210571 0.209393 0.208472 0.207788 0.207320 0.207049 0.206956 0.207021 0.207223 0.207544 0.207963 0.208462 0.209019 0.209616 0.210232 0.209112 0.208080 0.207507 0.207320 0.207442 0.207800 0.208318 0.208920 0.209533 0.210080 0.210488 0.210681 0.210583 0.210120 0.209218 0.207800
0.207800 0.207806 0.207799 0.207789 0.207786 0.207800 0.207841 0.207918 0.208043 0.208224 0.208472 0.208797 0.209209 0.209717 0.210332 0.211064 0.211928 0.209967 0.208645 0.207871 0.207556 0.207608 0.207938 0.208454 0.209067 0.209686 0.210222 0.210582 0.210678 0.210418 0.209713 0.208472 0.210936 0.211278 0.211488 0.211596 0.211628 0.211613 0.211578 0.211551 0.211561 0.211634 0.211800 0.212085 0.212518 0.213127 0.213939 0.214982 0.215170 0.214946 0.214845 0.214836 0.214891 0.214982 0.215081 0.215159 0.215188 0.215138 0.214982 0.214692 0.214238 0.213593 0.212727 0.211613 0.215825 0.215276 0.214911 0.214705 0.214633 0.214670 0.214793 0.214976 0.215194 0.215423 0.215638 0.215814 0.215927 0.215951 0.215863 0.215638 0.214982 0.215420 0.215702 0.215850 0.215884 0.215825 0.215693 0.215510 0.215296 0.215071 0.214858 0.214675 0.214544 0.214486 0.214521 0.214670 0.215700 0.217457 0.218551 0.219086 0.219162 0.218882 0.218348 0.217660 0.216922 0.216235 0.215700 0.215420 0.215496 0.216031 0.217126 0.218882 0.219070 0.217189 0.216005 0.215412 0.215305 0.215575 0.216118 0.216826 0.217594 0.218315 0.218882 0.219190 0.219133 0.218602 0.217494 0.215700 0.215638 0.215365 0.215373 0.215608 0.216016 0.216542 0.217134 0.217736 0.218295 0.218758 0.219070 0.219177 0.219025 0.218561 0.217731 0.216480 0.219007 0.218149 0.217400 0.216762 0.216237 0.215825 0.215528 0.215347 0.215283 0.215338 0.215513 0.215809 0.216227 0.216768 0.217435 0.218227 0.218227 0.216822 0.215930 0.215482 0.215408 0.215638 0.216100 0.216726 0.217445 0.218188 0.218882 0.219460 0.219850 0.219983 0.219787 0.219194 0.212330 0.213707 0.214692 0.215339 0.215699 0.215825 0.215770 0.215587 0.215329 0.215047 0.214795 0.214626 0.214591 0.214745 0.215138 0.215825 0.215700 0.214366 0.213321 0.212536 0.211977 0.211613 0.211413 0.211344 0.211376 0.211476 0.211613 0.211755 0.211870 0.211928 0.211895 0.211741 0.211741 0.211760 0.211775 0.211787 0.211795 0.211800 0.211803 0.211804 0.211803 0.211802 0.211800 0.211798 0.211797 0.211796 0.211797 0.211800 0.211928 0.210612 0.209520 0.208640 0.207964 0.207480 0.207179 0.207052 0.207088 0.207276 0.207608 0.208073 0.208661 0.209362 0.210166 0.211064 0.208344 0.207391 0.206948 0.206927 0.207240 0.207800 0.208520 0.209313 0.210092 0.210769 0.211256 0.211467 0.211314 0.210710 0.209568 0.207800
0.207800 0.207992 0.208056 0.208024 0.207928 0.207800 0.207672 0.207576 0.207544 0.207608 0.207800 0.208152 0.208696 0.209464 0.210488 0.211800 0.211800 0.209592 0.208216 0.207544 0.207448 0.207800 0.208472 0.209336 0.210264 0.211128 0.211800 0.212152 0.212056 0.211384 0.210008 0.207800 0.211800 0.211987 0.212050 0.212018 0.211925 0.211800 0.211675 0.211582 0.211550 0.211613 0.211800 0.212143 0.212674 0.213422 0.214421 0.215700 0.215700 0.215513 0.215450 0.215482 0.215575 0.215700 0.215825 0.215918 0.215950 0.215887 0.215700 0.215357 0.214826 0.214078 0.213079 0.211800 0.215700 0.215700 0.215700 0.215700 0.215700 0.215700 0.215700 0.215700 0.215700 0.215700 0.215700 0.215700 0.215700 0.215700 0.215700 0.215700 0.215700 0.215700 0.215700 0.215700 0.215700 0.215700 0.215700 0.215700 0.215700 0.215700 0.215700 0.215700 0.215700 0.215700 0.215700 0.215700 0.215700 0.217853 0.219194 0.219850 0.219943 0.219600 0.218945 0.218102 0.217198 0.216355 0.215700 0.215357 0.215450 0.216106 0.217447 0.219600 0.219600 0.217447 0.216106 0.215450 0.215357 0.215700 0.216355 0.217198 0.218102 0.218945 0.219600 0.219943 0.219850 0.219194 0.217853 0.215700 0.215700 0.214826 0.214483 0.214577 0.215014 0.215700 0.216542 0.217447 0.218321 0.219070 0.219600 0.219818 0.219631 0.218945 0.217666 0.215700 0.219600 0.218508 0.217572 0.216792 0.216168 0.215700 0.215388 0.215232 0.215232 0.215388 0.215700 0.216168 0.216792 0.217572 0.218508 0.219600 0.219600 0.217634 0.216355 0.215669 0.215482 0.215700 0.216230 0.216979 0.217853 0.218758 0.219600 0.220286 0.220723 0.220817 0.220474 0.219600 0.211800 0.213079 0.214078 0.214826 0.215357 0.215700 0.215887 0.215950 0.215918 0.215825 0.215700 0.215575 0.215482 0.215450 0.215513 0.215700 0.215700 0.214421 0.213422 0.212674 0.212143 0.211800 0.211613 0.211550 0.211582 0.211675 0.211800 0.211925 0.212018 0.212050 0.211987 0.211800 0.211800 0.211800 0.211800 0.211800 0.211800 0.211800 0.211800 0.211800 0.211800 0.211800 0.211800 0.211800 0.211800 0.211800 0.211800 0.211800 0.211800 0.210680 0.209720 0.208920 0.208280 0.207800 0.207480 0.207320 0.207320 0.207480 0.207800 0.208280 0.208920 0.209720 0.210680 0.211800 0.207800 0.206904 0.206552 0.206648 0.207096 0.207800 0.208664 0.209592 0.210488 0.211256 0.211800 0.212024 0.211832 0.211128 0.209816 0.207800
0.207800 0.208099 0.208203 0.208158 0.208008 0.207800 0.207578 0.207386 0.207271 0.207276 0.207448 0.207831 0.208470 0.209411 0.210698 0.212376 0.211672 0.209384 0.208039 0.207487 0.207575 0.208152 0.209066 0.210166 0.211300 0.212316 0.213062 0.213388 0.213141 0.212170 0.210323 0.207448 0.212504 0.212660 0.212664 0.212554 0.212367 0.212143 0.211920 0.211736 0.211629 0.211637 0.211800 0.212155 0.212740 0.213594 0.214755 0.216262 0.215918 0.215833 0.215855 0.215954 0.216100 0.216262 0.216410 0.216514 0.216544 0.216470 0.216262 0.215888 0.215320 0.214526 0.213478 0.212143 0.215575 0.216097 0.216451 0.216659 0.216745 0.216730 0.216636 0.216485 0.216301 0.216105 0.215918 0.215765 0.215666 0.215643 0.215720 0.215918 0.216262 0.215910 0.215681 0.215560 0.215530 0.215575 0.215681 0.215830 0.216008 0.216199 0.216386 0.216555 0.216690 0.216774 0.216793 0.216730 0.215700 0.218163 0.219698 0.220447 0.220554 0.220162 0.219412 0.218448 0.217413 0.216450 0.215700 0.215307 0.215414 0.216164 0.217699 0.220162 0.219818 0.217531 0.216125 0.215463 0.215409 0.215825 0.216574 0.217519 0.218524 0.219450 0.220162 0.220521 0.220392 0.219637 0.218118 0.215700 0.215918 0.214556 0.213905 0.213845 0.214255 0.215014 0.216001 0.217096 0.218178 0.219126 0.219818 0.220136 0.219956 0.219160 0.217625 0.215232 0.220037 0.218705 0.217601 0.216716 0.216043 0.215575 0.215304 0.215223 0.215324 0.215600 0.216043 0.216646 0.217401 0.218301 0.219338 0.220505 0.220505 0.218231 0.216744 0.215935 0.215696 0.215918 0.216494 0.217314 0.218271 0.219257 0.220162 0.220878 0.221298 0.221313 0.220814 0.219694 0.211582 0.212661 0.213593 0.214384 0.215043 0.215575 0.215989 0.216292 0.216491 0.216593 0.216605 0.216535 0.216389 0.216176 0.215902 0.215575 0.215700 0.214527 0.213615 0.212933 0.212452 0.212143 0.211977 0.211923 0.211952 0.212036 0.212143 0.212246 0.212314 0.212318 0.212228 0.212015 0.212015 0.211945 0.211890 0.211848 0.211819 0.211800 0.211790 0.211786 0.211788 0.211793 0.211800 0.211807 0.211812 0.211814 0.211810 0.211800 0.211672 0.210785 0.209993 0.209306 0.208732 0.208280 0.207958 0.207776 0.207742 0.207864 0.208152 0.208614 0.209258 0.210095 0.211131 0.212376 0.207576 0.206703 0.206389 0.206533 0.207037 0.207800 0.208723 0.209707 0.210651 0.211457 0.212024 0.212253 0.212045 0.211300 0.209918 0.207800
0.207800 0.208094 0.208195 0.208150 0.208003 0.207800 0.207587 0.207409 0.207313 0.207342 0.207544 0.207963 0.208646 0.209637 0.210983 0.212728 0.211576 0.209421 0.208212 0.207792 0.208005 0.208696 0.209708 0.210886 0.212073 0.213113 0.213851 0.214131 0.213796 0.212690 0.210658 0.207544 0.212952 0.213245 0.213314 0.213208 0.212978 0.212674 0.212346 0.212044 0.211819 0.211721 0.211800 0.212106 0.212689 0.213600 0.214888 0.216605 0.215731 0.215829 0.215990 0.216189 0.216402 0.216605 0.216773 0.216881 0.216905 0.216821 0.216605 0.216231 0.215675 0.214914 0.213921 0.212674 0.215482 0.216444 0.217108 0.217512 0.217695 0.217697 0.217556 0.217313 0.217005 0.216673 0.216355 0.216091 0.215920 0.215881 0.216013 0.216355 0.216605 0.216042 0.215672 0.215471 0.215415 0.215482 0.215647 0.215887 0.216178 0.216498 0.216823 0.217129 0.217393 0.217591 0.217700 0.217697 0.215700 0.218352 0.220005 0.220812 0.220928 0.220505 0.219698 0.218660 0.217545 0.216507 0.215700 0.215277 0.215393 0.216200 0.217853 0.220505 0.219631 0.217376 0.216018 0.215417 0.215431 0.215918 0.216738 0.217748 0.218807 0.219773 0.220505 0.220861 0.220701 0.219881 0.218261 0.215700 0.216355 0.214671 0.213782 0.213556 0.213865 0.214577 0.215562 0.216691 0.217832 0.218855 0.219631 0.220029 0.219918 0.219168 0.217650 0.215232 0.220286 0.218719 0.217477 0.216539 0.215881 0.215482 0.215318 0.215368 0.215609 0.216018 0.216574 0.217252 0.218033 0.218891 0.219806 0.220754 0.220754 0.218529 0.217086 0.216317 0.216110 0.216355 0.216943 0.217761 0.218702 0.219653 0.220505 0.221147 0.221469 0.221361 0.220712 0.219413 0.211769 0.212539 0.213314 0.214075 0.214803 0.215482 0.216091 0.216614 0.217031 0.217326 0.217478 0.217471 0.217286 0.216905 0.216310 0.215482 0.215700 0.214697 0.213918 0.213339 0.212933 0.212674 0.212536 0.212492 0.212518 0.212588 0.212674 0.212751 0.212793 0.212774 0.212668 0.212450 0.212450 0.212237 0.212070 0.211946 0.211857 0.211800 0.211769 0.211758 0.211764 0.211779 0.211800 0.211821 0.211836 0.211842 0.211831 0.211800 0.211576 0.210938 0.210338 0.209793 0.209315 0.208920 0.208622 0.208436 0.208377 0.208459 0.208696 0.209104 0.209696 0.210488 0.211494 0.212728 0.207768 0.206875 0.206529 0.206632 0.207088 0.207800 0.208672 0.209608 0.210511 0.211285 0.211832 0.212057 0.211862 0.211153 0.209831 0.207800
0.207800 0.207946 0.207990 0.207960 0.207887 0.207800 0.207730 0.207707 0.207760 0.207920 0.208216 0.208679 0.209338 0.210223 0.211364 0.212792 0.211544 0.209784 0.208831 0.208551 0.208807 0.209464 0.210386 0.211437 0.212481 0.213384 0.214009 0.214220 0.213882 0.212859 0.211016 0.208216 0.213048 0.213690 0.213981 0.213987 0.213779 0.213422 0.212986 0.212538 0.212145 0.211877 0.211800 0.211983 0.212493 0.213398 0.214767 0.216667 0.215045 0.215421 0.215785 0.216122 0.216421 0.216667 0.216849 0.216953 0.216966 0.216875 0.216667 0.216330 0.215850 0.215214 0.214409 0.213422 0.215450 0.216722 0.217618 0.218188 0.218479 0.218539 0.218418 0.218162 0.217821 0.217441 0.217073 0.216763 0.216560 0.216511 0.216666 0.217073 0.216667 0.216088 0.215697 0.215474 0.215398 0.215450 0.215610 0.215856 0.216170 0.216530 0.216917 0.217310 0.217689 0.218033 0.218324 0.218539 0.215700 0.218387 0.220061 0.220879 0.220996 0.220567 0.219750 0.218698 0.217569 0.216518 0.215700 0.215272 0.215388 0.216206 0.217880 0.220567 0.218945 0.216916 0.215739 0.215277 0.215393 0.215950 0.216811 0.217841 0.218901 0.219855 0.220567 0.220900 0.220716 0.219879 0.218253 0.215700 0.217073 0.215290 0.214256 0.213855 0.213970 0.214483 0.215279 0.216239 0.217249 0.218189 0.218945 0.219398 0.219433 0.218932 0.217779 0.215856 0.220318 0.218528 0.217193 0.216265 0.215700 0.215450 0.215470 0.215714 0.216134 0.216686 0.217322 0.217998 0.218665 0.219279 0.219793 0.220162 0.220162 0.218444 0.217371 0.216849 0.216782 0.217073 0.217627 0.218350 0.219144 0.219915 0.220567 0.221005 0.221132 0.220853 0.220073 0.218695 0.212455 0.212802 0.213319 0.213962 0.214687 0.215450 0.216207 0.216914 0.217526 0.217999 0.218290 0.218353 0.218145 0.217621 0.216738 0.215450 0.215700 0.214941 0.214353 0.213918 0.213615 0.213422 0.213321 0.213291 0.213311 0.213362 0.213422 0.213473 0.213493 0.213462 0.213360 0.213166 0.213166 0.212718 0.212368 0.212106 0.211920 0.211800 0.211734 0.211713 0.211723 0.211756 0.211800 0.211844 0.211877 0.211887 0.211866 0.211800 0.211544 0.211151 0.210755 0.210374 0.210024 0.209720 0.209479 0.209317 0.209249 0.209293 0.209464 0.209778 0.210252 0.210902 0.211743 0.212792 0.208472 0.207506 0.207041 0.206992 0.207273 0.207800 0.208487 0.209248 0.209999 0.210654 0.211128 0.211336 0.211192 0.210612 0.209510 0.207800
0.207800 0.207624 0.207542 0.207547 0.207635 0.207800 0.208037 0.208339 0.208703 0.209123 0.209592 0.210106 0.210660 0.211248 0.211864 0.212504 0.211608 0.210550 0.209995 0.209857 0.210049 0.210488 0.211087 0.211761 0.212424 0.212992 0.213378 0.213496 0.213263 0.212591 0.211396 0.209592 0.212696 0.213943 0.214647 0.214899 0.214793 0.214421 0.213875 0.213247 0.212630 0.212117 0.211800 0.211771 0.212123 0.212948 0.214338 0.216386 0.213766 0.214531 0.215170 0.215689 0.216093 0.216386 0.216575 0.216664 0.216659 0.216565 0.216386 0.216130 0.215799 0.215401 0.214940 0.214421 0.215513 0.216907 0.217926 0.218616 0.219023 0.219194 0.219176 0.219014 0.218756 0.218447 0.218134 0.217863 0.217681 0.217635 0.217770 0.218134 0.216386 0.216039 0.215781 0.215609 0.215521 0.215513 0.215582 0.215726 0.215941 0.216225 0.216574 0.216985 0.217456 0.217983 0.218563 0.219194 0.215700 0.218232 0.219809 0.220580 0.220690 0.220286 0.219516 0.218525 0.217461 0.216471 0.215700 0.215296 0.215406 0.216177 0.217755 0.220286 0.217666 0.216088 0.215242 0.215008 0.215263 0.215887 0.216758 0.217755 0.218756 0.219640 0.220286 0.220573 0.220379 0.219583 0.218064 0.215700 0.218134 0.216530 0.215472 0.214886 0.214696 0.214826 0.215203 0.215750 0.216393 0.217057 0.217666 0.218145 0.218419 0.218413 0.218051 0.217260 0.220099 0.218111 0.216738 0.215901 0.215519 0.215513 0.215802 0.216308 0.216949 0.217647 0.218321 0.218891 0.219278 0.219402 0.219182 0.218539 0.218539 0.217893 0.217589 0.217568 0.217769 0.218134 0.218600 0.219109 0.219600 0.220012 0.220286 0.220362 0.220180 0.219678 0.218798 0.217478 0.213734 0.213535 0.213683 0.214108 0.214741 0.215513 0.216353 0.217192 0.217961 0.218589 0.219007 0.219146 0.218936 0.218306 0.217189 0.215513 0.215700 0.215271 0.214941 0.214697 0.214527 0.214421 0.214366 0.214350 0.214361 0.214389 0.214421 0.214445 0.214449 0.214423 0.214353 0.214229 0.214229 0.213432 0.212810 0.212344 0.212014 0.211800 0.211683 0.211645 0.211664 0.211722 0.211800 0.211878 0.211936 0.211955 0.211917 0.211800 0.211608 0.211434 0.211243 0.211045 0.210854 0.210680 0.210536 0.210432 0.210382 0.210397 0.210488 0.210667 0.210947 0.211338 0.211854 0.212504 0.209784 0.208682 0.207996 0.207664 0.207620 0.207800 0.208140 0.208576 0.209044 0.209478 0.209816 0.209992 0.209943 0.209604 0.208911 0.207800
0.207800 0.207096 0.206808 0.206872 0.207224 0.207800 0.208536 0.209368 0.210232 0.211064 0.211800 0.212376 0.212728 0.212792 0.212504 0.211800 0.211800 0.211800 0.211800 0.211800 0.211800 0.211800 0.211800 0.211800 0.211800 0.211800 0.211800 0.211800 0.211800 0.211800 0.211800 0.211800 0.211800 0.213953 0.215294 0.215950 0.216043 0.215700 0.215045 0.214202 0.213298 0.212455 0.211800 0.211457 0.211550 0.212206 0.213547 0.215700 0.211800 0.213079 0.214078 0.214826 0.215357 0.215700 0.215887 0.215950 0.215918 0.215825 0.215700 0.215575 0.215482 0.215450 0.215513 0.215700 0.215700 0.216979 0.217978 0.218726 0.219257 0.219600 0.219787 0.219850 0.219818 0.219725 0.219600 0.219475 0.219382 0.219350 0.219413 0.219600 0.215700 0.215887 0.215950 0.215918 0.215825 0.215700 0.215575 0.215482 0.215450 0.215513 0.215700 0.216043 0.216574 0.217322 0.218321 0.219600 0.215700 0.217853 0.219194 0.219850 0.219943 0.219600 0.218945 0.218102 0.217198 0.216355 0.215700 0.215357 0.215450 0.216106 0.217447 0.219600 0.215700 0.214826 0.214483 0.214577 0.215014 0.215700 0.216542 0.217447 0.218321 0.219070 0.219600 0.219818 0.219631 0.218945 0.217666 0.215700 0.219600 0.218508 0.217572 0.216792 0.216168 0.215700 0.215388 0.215232 0.215232 0.215388 0.215700 0.216168 0.216792 0.217572 0.218508 0.219600 0.219600 0.217447 0.216106 0.215450 0.215357 0.215700 0.216355 0.217198 0.218102 0.218945 0.219600 0.219943 0.219850 0.219194 0.217853 0.215700 0.215700 0.216792 0.217728 0.218508 0.219132 0.219600 0.219912 0.220068 0.220068 0.219912 0.219600 0.219132 0.218508 0.217728 0.216792 0.215700 0.215700 0.214826 0.214483 0.214577 0.215014 0.215700 0.216542 0.217447 0.218321 0.219070 0.219600 0.219818 0.219631 0.218945 0.217666 0.215700 0.215700 0.215700 0.215700 0.215700 0.215700 0.215700 0.215700 0.215700 0.215700 0.215700 0.215700 0.215700 0.215700 0.215700 0.215700 0.215700 0.215700 0.214421 0.213422 0.212674 0.212143 0.211800 0.211613 0.211550 0.211582 0.211675 0.211800 0.211925 0.212018 0.212050 0.211987 0.211800 0.211800 0.211800 0.211800 0.211800 0.211800 0.211800 0.211800 0.211800 0.211800 0.211800 0.211800 0.211800 0.211800 0.211800 0.211800 0.211800 0.211800 0.210488 0.209464 0.208696 0.208152 0.207800 0.207608 0.207544 0.207576 0.207672 0.207800 0.207928 0.208024 0.208056 0.207992 0.207800
0.203900 0.207195 0.209506 0.210958 0.211681 0.211800 0.211443 0.210738 0.209810 0.208789 0.207800 0.206971 0.206430 0.206302 0.206717 0.207800 0.211800 0.209784 0.208472 0.207768 0.207576 0.207800 0.208344 0.209112 0.210008 0.210936 0.211800 0.212504 0.212952 0.213048 0.212696 0.211800 0.211800 0.213079 0.214078 0.214826 0.215357 0.215700 0.215887 0.215950 0.215918 0.215825 0.215700 0.215575 0.215482 0.215450 0.215513 0.215700 0.215700 0.215014 0.214733 0.214795 0.215138 0.215700 0.216418 0.217229 0.218071 0.218882 0.219600 0.220162 0.220505 0.220567 0.220286 0.219600 0.215700 0.216979 0.217978 0.218726 0.219257 0.219600 0.219787 0.219850 0.219818 0.219725 0.219600 0.219475 0.219382 0.219350 0.219413 0.219600 0.219600 0.220474 0.220817 0.220723 0.220286 0.219600 0.218758 0.217853 0.216979 0.216230 0.215700 0.215482 0.215669 0.216355 0.217634 0.219600 0.219600 0.219600 0.219600 0.219600 0.219600 0.219600 0.219600 0.219600 0.219600 0.219600 0.219600 0.219600 0.219600 0.219600 0.219600 0.219600 0.219600 0.219600 0.219600 0.219600 0.219600 0.219600 0.219600 0.219600 0.219600 0.219600 0.219600 0.219600 0.219600 0.219600 0.219600 0.219600 0.219600 0.218726 0.218383 0.218477 0.218914 0.219600 0.220442 0.221347 0.222221 0.222970 0.223500 0.223718 0.223531 0.222845 0.221566 0.219600 0.223500 0.222408 0.221472 0.220692 0.220068 0.219600 0.219288 0.219132 0.219132 0.219288 0.219600 0.220068 0.220692 0.221472 0.222408 0.223500 0.219600 0.219787 0.219850 0.219818 0.219725 0.219600 0.219475 0.219382 0.219350 0.219413 0.219600 0.219943 0.220474 0.221222 0.222221 0.223500 0.219600 0.217447 0.216106 0.215450 0.215357 0.215700 0.216355 0.217198 0.218102 0.218945 0.219600 0.219943 0.219850 0.219194 0.217853 0.215700 0.215700 0.215700 0.215700 0.215700 0.215700 0.215700 0.215700 0.215700 0.215700 0.215700 0.215700 0.215700 0.215700 0.215700 0.215700 0.215700 0.215700 0.214608 0.213672 0.212892 0.212268 0.211800 0.211488 0.211332 0.211332 0.211488 0.211800 0.212268 0.212892 0.213672 0.214608 0.215700 0.211800 0.211800 0.211800 0.211800 0.211800 0.211800 0.211800 0.211800 0.211800 0.211800 0.211800 0.211800 0.211800 0.211800 0.211800 0.211800 0.211800 0.209592 0.208216 0.207544 0.207448 0.207800 0.208472 0.209336 0.210264 0.211128 0.211800 0.212152 0.212056 0.211384 0.210008 0.207800
0.206254 0.207982 0.209111 0.209730 0.209925 0.209784 0.209394 0.208843 0.208218 0.207607 0.207096 0.206773 0.206726 0.207042 0.207808 0.209112 0.211987 0.211676 0.211456 0.211320 0.211259 0.211265 0.211328 0.211441 0.211594 0.211779 0.211987 0.212210 0.212440 0.212667 0.212883 0.213079 0.215045 0.215915 0.216480 0.216782 0.216861 0.216761 0.216522 0.216186 0.215795 0.215390 0.215014 0.214707 0.214512 0.214470 0.214624 0.215014 0.216979 0.215935 0.215261 0.214913 0.214845 0.215014 0.215373 0.215878 0.216485 0.217148 0.217822 0.218462 0.219023 0.219462 0.219731 0.219787 0.217166 0.218198 0.219074 0.219807 0.220405 0.220879 0.221240 0.221497 0.221662 0.221744 0.221753 0.221700 0.221595 0.221448 0.221270 0.221071 0.218914 0.219206 0.219312 0.219272 0.219126 0.218914 0.218675 0.218450 0.218279 0.218202 0.218258 0.218488 0.218932 0.219629 0.220620 0.221945 0.220175 0.220909 0.221425 0.221751 0.221915 0.221945 0.221869 0.221716 0.221513 0.221289 0.221071 0.220889 0.220769 0.220741 0.220833 0.221071 0.220175 0.219436 0.219005 0.218835 0.218884 0.219106 0.219456 0.219892 0.220367 0.220837 0.221258 0.221586 0.221776 0.221783 0.221563 0.221071 0.222895 0.220128 0.218418 0.217603 0.217523 0.218018 0.218927 0.220090 0.221347 0.222537 0.223500 0.224075 0.224103 0.223422 0.221872 0.219293 0.224566 0.223891 0.223183 0.222462 0.221751 0.221071 0.220445 0.219894 0.219441 0.219107 0.218914 0.218883 0.219038 0.219400 0.219990 0.220830 0.221071 0.221239 0.221295 0.221267 0.221183 0.221071 0.220959 0.220875 0.220848 0.220903 0.221071 0.221379 0.221854 0.222525 0.223419 0.224566 0.221945 0.219944 0.218553 0.217685 0.217251 0.217166 0.217342 0.217692 0.218129 0.218565 0.218914 0.219087 0.219000 0.218562 0.217689 0.216293 0.215014 0.216347 0.217145 0.217491 0.217471 0.217166 0.216662 0.216043 0.215391 0.214791 0.214327 0.214083 0.214142 0.214589 0.215506 0.216979 0.215014 0.215658 0.215913 0.215849 0.215536 0.215045 0.214447 0.213812 0.213210 0.212714 0.212393 0.212317 0.212559 0.213187 0.214273 0.215887 0.211114 0.212241 0.212961 0.213333 0.213415 0.213266 0.212946 0.212511 0.212022 0.211537 0.211114 0.210812 0.210689 0.210805 0.211218 0.211987 0.211987 0.210494 0.209569 0.209122 0.209062 0.209299 0.209744 0.210307 0.210897 0.211425 0.211800 0.211933 0.211733 0.211111 0.209976 0.208238
0.208251 0.208776 0.209006 0.208995 0.208799 0.208472 0.208070 0.207647 0.207260 0.206961 0.206808 0.206854 0.207155 0.207766 0.208741 0.210136 0.212050 0.212944 0.213495 0.213757 0.213784 0.213630 0.213351 0.212998 0.212628 0.212294 0.212050 0.211950 0.212049 0.212400 0.213058 0.214078 0.217322 0.217700 0.217835 0.217766 0.217531 0.217166 0.216711 0.216202 0.215678 0.215176 0.214733 0.214387 0.214177 0.214139 0.214312 0.214733 0.217978 0.216740 0.215826 0.215207 0.214853 0.214733 0.214818 0.215077 0.215482 0.216001 0.216605 0.217264 0.217948 0.218627 0.219271 0.219850 0.218227 0.219164 0.219996 0.220724 0.221350 0.221878 0.222307 0.222642 0.222883 0.223033 0.223094 0.223068 0.222957 0.222763 0.222488 0.222134 0.218633 0.218496 0.218429 0.218430 0.218498 0.218633 0.218832 0.219095 0.219421 0.219808 0.220255 0.220761 0.221325 0.221945 0.222621 0.223350 0.220886 0.221908 0.222627 0.223081 0.223309 0.223350 0.223245 0.223031 0.222749 0.222436 0.222134 0.221879 0.221713 0.221674 0.221801 0.222134 0.220886 0.219604 0.218837 0.218511 0.218553 0.218889 0.219444 0.220145 0.220918 0.221688 0.222383 0.222928 0.223250 0.223274 0.222926 0.222134 0.225206 0.221355 0.218843 0.217474 0.217053 0.217385 0.218274 0.219526 0.220944 0.222334 0.223500 0.224247 0.224380 0.223703 0.222021 0.219138 0.224973 0.224688 0.224223 0.223617 0.222908 0.222134 0.221333 0.220544 0.219806 0.219156 0.218633 0.218275 0.218121 0.218209 0.218577 0.219263 0.222134 0.222270 0.222315 0.222293 0.222225 0.222134 0.222043 0.221975 0.221952 0.221997 0.222134 0.222383 0.222770 0.223315 0.224042 0.224973 0.223350 0.221521 0.220154 0.219190 0.218568 0.218227 0.218108 0.218149 0.218291 0.218472 0.218633 0.218712 0.218650 0.218386 0.217860 0.217010 0.214733 0.216866 0.218150 0.218715 0.218697 0.218227 0.217439 0.216466 0.215441 0.214496 0.213766 0.213382 0.213478 0.214188 0.215643 0.217978 0.214733 0.216460 0.217471 0.217879 0.217792 0.217322 0.216581 0.215678 0.214725 0.213832 0.213110 0.212671 0.212624 0.213081 0.214153 0.215950 0.210833 0.212652 0.213818 0.214423 0.214562 0.214327 0.213813 0.213113 0.212320 0.211529 0.210833 0.210325 0.210099 0.210249 0.210868 0.212050 0.212050 0.211117 0.210543 0.210269 0.210236 0.210386 0.210658 0.210995 0.211337 0.211625 0.211800 0.211803 0.211576 0.211059 0.210193 0.208919
0.209861 0.209526 0.209119 0.208670 0.208210 0.207768 0.207374 0.207057 0.206848 0.206776 0.206872 0.207165 0.207684 0.208461 0.209524 0.210904 0.212018 0.213683 0.214723 0.215235 0.215313 0.215054 0.214551 0.213901 0.213198 0.212539 0.212018 0.211731 0.211773 0.212240 0.213225 0.214826 0.218758 0.218590 0.218313 0.217947 0.217516 0.217042 0.216546 0.216051 0.215580 0.215154 0.214795 0.214527 0.214370 0.214348 0.214482 0.214795 0.218726 0.217433 0.216411 0.215643 0.215110 0.214795 0.214682 0.214752 0.214987 0.215372 0.215887 0.216516 0.217241 0.218045 0.218910 0.219818 0.218945 0.219912 0.220759 0.221491 0.222112 0.222626 0.223039 0.223353 0.223573 0.223704 0.223750 0.223714 0.223603 0.223418 0.223166 0.222850 0.218695 0.218264 0.218079 0.218110 0.218326 0.218695 0.219187 0.219769 0.220412 0.221084 0.221753 0.222389 0.222960 0.223435 0.223783 0.223974 0.221698 0.222642 0.223306 0.223724 0.223935 0.223974 0.223876 0.223679 0.223418 0.223130 0.222850 0.222616 0.222462 0.222426 0.222544 0.222850 0.221698 0.220046 0.219032 0.218567 0.218559 0.218919 0.219556 0.220380 0.221301 0.222227 0.223069 0.223736 0.224138 0.224185 0.223786 0.222850 0.226658 0.222411 0.219579 0.217959 0.217348 0.217543 0.218341 0.219539 0.220934 0.222322 0.223500 0.224266 0.224415 0.223746 0.222054 0.219138 0.224847 0.224921 0.224708 0.224259 0.223623 0.222850 0.221992 0.221097 0.220216 0.219398 0.218695 0.218156 0.217831 0.217770 0.218023 0.218641 0.222850 0.222946 0.222978 0.222962 0.222914 0.222850 0.222787 0.222739 0.222723 0.222755 0.222850 0.223026 0.223298 0.223681 0.224192 0.224847 0.223974 0.222326 0.221043 0.220080 0.219395 0.218945 0.218685 0.218574 0.218567 0.218622 0.218695 0.218743 0.218723 0.218592 0.218306 0.217822 0.214795 0.217278 0.218782 0.219459 0.219462 0.218945 0.218059 0.216958 0.215795 0.214721 0.213890 0.213455 0.213569 0.214383 0.216051 0.218726 0.214795 0.217042 0.218436 0.219104 0.219169 0.218758 0.217994 0.217004 0.215911 0.214842 0.213922 0.213274 0.213025 0.213299 0.214222 0.215918 0.210895 0.213041 0.214420 0.215141 0.215313 0.215045 0.214445 0.213621 0.212682 0.211738 0.210895 0.210264 0.209952 0.210068 0.210721 0.212018 0.212018 0.211508 0.211198 0.211053 0.211039 0.211122 0.211269 0.211444 0.211613 0.211744 0.211800 0.211749 0.211555 0.211185 0.210605 0.209781
0.211054 0.210178 0.209380 0.208673 0.208068 0.207576 0.207209 0.206979 0.206897 0.206975 0.207224 0.207656 0.208283 0.209116 0.210168 0.211448 0.211925 0.213988 0.215278 0.215914 0.216012 0.215691 0.215069 0.214264 0.213393 0.212574 0.211925 0.211564 0.211609 0.212177 0.213387 0.215357 0.219475 0.218745 0.218085 0.217494 0.216970 0.216511 0.216116 0.215783 0.215511 0.215296 0.215138 0.215036 0.214986 0.214988 0.215039 0.215138 0.219257 0.218021 0.216999 0.216183 0.215565 0.215138 0.214895 0.214828 0.214929 0.215191 0.215606 0.216168 0.216868 0.217699 0.218654 0.219725 0.219382 0.220472 0.221380 0.222121 0.222708 0.223157 0.223482 0.223699 0.223821 0.223864 0.223843 0.223772 0.223666 0.223540 0.223408 0.223285 0.219038 0.218430 0.218176 0.218227 0.218532 0.219038 0.219696 0.220453 0.221260 0.222063 0.222814 0.223459 0.223949 0.224231 0.224256 0.223971 0.222581 0.223158 0.223563 0.223819 0.223948 0.223971 0.223912 0.223791 0.223632 0.223456 0.223285 0.223141 0.223048 0.223026 0.223097 0.223285 0.222581 0.220708 0.219527 0.218940 0.218852 0.219166 0.219787 0.220618 0.221563 0.222526 0.223410 0.224119 0.224557 0.224629 0.224236 0.223285 0.227381 0.223302 0.220547 0.218927 0.218252 0.218334 0.218985 0.220016 0.221238 0.222462 0.223500 0.224163 0.224262 0.223609 0.222015 0.219291 0.224314 0.224713 0.224751 0.224488 0.223979 0.223285 0.222461 0.221567 0.220660 0.219798 0.219038 0.218439 0.218059 0.217954 0.218184 0.218806 0.223285 0.223334 0.223351 0.223342 0.223318 0.223285 0.223252 0.223227 0.223219 0.223235 0.223285 0.223375 0.223515 0.223713 0.223977 0.224314 0.223971 0.222510 0.221354 0.220470 0.219824 0.219382 0.219109 0.218973 0.218938 0.218971 0.219038 0.219106 0.219139 0.219104 0.218968 0.218695 0.215138 0.217600 0.219108 0.219808 0.219850 0.219382 0.218552 0.217508 0.216398 0.215372 0.214577 0.214161 0.214273 0.215061 0.216672 0.219257 0.215138 0.217434 0.218898 0.219647 0.219800 0.219475 0.218789 0.217861 0.216807 0.215746 0.214795 0.214073 0.213697 0.213785 0.214455 0.215825 0.211238 0.213410 0.214813 0.215554 0.215741 0.215482 0.214883 0.214051 0.213095 0.212122 0.211238 0.210552 0.210170 0.210200 0.210749 0.211925 0.211925 0.211720 0.211596 0.211541 0.211538 0.211573 0.211631 0.211698 0.211758 0.211797 0.211800 0.211753 0.211640 0.211447 0.211159 0.210762
0.211800 0.210680 0.209720 0.208920 0.208280 0.207800 0.207480 0.207320 0.207320 0.207480 0.207800 0.208280 0.208920 0.209720 0.210680 0.211800 0.211800 0.213953 0.215294 0.215950 0.216043 0.215700 0.215045 0.214202 0.213298 0.212455 0.211800 0.211457 0.211550 0.212206 0.213547 0.215700 0.219600 0.218321 0.217322 0.216574 0.216043 0.215700 0.215513 0.215450 0.215482 0.215575 0.215700 0.215825 0.215918 0.215950 0.215887 0.215700 0.219600 0.218508 0.217572 0.216792 0.216168 0.215700 0.215388 0.215232 0.215232 0.215388 0.215700 0.216168 0.216792 0.217572 0.218508 0.219600 0.219600 0.220879 0.221878 0.222626 0.223157 0.223500 0.223687 0.223750 0.223718 0.223625 0.223500 0.223375 0.223282 0.223250 0.223313 0.223500 0.219600 0.218914 0.218633 0.218695 0.219038 0.219600 0.220318 0.221129 0.221971 0.222782 0.223500 0.224062 0.224405 0.224467 0.224186 0.223500 0.223500 0.223500 0.223500 0.223500 0.223500 0.223500 0.223500 0.223500 0.223500 0.223500 0.223500 0.223500 0.223500 0.223500 0.223500 0.223500 0.223500 0.221534 0.220255 0.219569 0.219382 0.219600 0.220130 0.220879 0.221753 0.222658 0.223500 0.224186 0.224623 0.224717 0.224374 0.223500 0.227500 0.224035 0.221670 0.220246 0.219609 0.219600 0.220063 0.220842 0.221778 0.222717 0.223500 0.223971 0.223974 0.223350 0.221945 0.219600 0.223500 0.224186 0.224467 0.224405 0.224062 0.223500 0.222782 0.221971 0.221129 0.220318 0.219600 0.219038 0.218695 0.218633 0.218914 0.219600 0.223500 0.223500 0.223500 0.223500 0.223500 0.223500 0.223500 0.223500 0.223500 0.223500 0.223500 0.223500 0.223500 0.223500 0.223500 0.223500 0.223500 0.222221 0.221222 0.220474 0.219943 0.219600 0.219413 0.219350 0.219382 0.219475 0.219600 0.219725 0.219818 0.219850 0.219787 0.219600 0.215700 0.217853 0.219194 0.219850 0.219943 0.219600 0.218945 0.218102 0.217198 0.216355 0.215700 0.215357 0.215450 0.216106 0.217447 0.219600 0.215700 0.217666 0.218945 0.219631 0.219818 0.219600 0.219070 0.218321 0.217447 0.216542 0.215700 0.215014 0.214577 0.214483 0.214826 0.215700 0.211800 0.213766 0.215045 0.215731 0.215918 0.215700 0.215170 0.214421 0.213547 0.212642 0.211800 0.211114 0.210677 0.210583 0.210926 0.211800 0.211800 0.211800 0.211800 0.211800 0.211800 0.211800 0.211800 0.211800 0.211800 0.211800 0.211800 0.211800 0.211800 0.211800 0.211800 0.211800
0.212070 0.210980 0.210068 0.209328 0.208755 0.208344 0.208090 0.207987 0.208031 0.208216 0.208536 0.208987 0.209563 0.210260 0.211071 0.211992 0.211675 0.213672 0.214908 0.215501 0.215571 0.215237 0.214618 0.213833 0.213001 0.212242 0.211675 0.211419 0.211593 0.212316 0.213708 0.215887 0.219257 0.217476 0.216197 0.215355 0.214888 0.214733 0.214826 0.215104 0.215504 0.215963 0.216418 0.216805 0.217062 0.217125 0.216931 0.216418 0.219787 0.218899 0.218112 0.217433 0.216867 0.216418 0.216091 0.215891 0.215824 0.215893 0.216106 0.216465 0.216977 0.217646 0.218477 0.219475 0.219662 0.221165 0.222268 0.223021 0.223477 0.223687 0.223703 0.223575 0.223355 0.223094 0.222845 0.222658 0.222584 0.222676 0.222983 0.223559 0.220318 0.219636 0.219361 0.219428 0.219768 0.220318 0.221009 0.221777 0.222554 0.223276 0.223874 0.224285 0.224440 0.224275 0.223723 0.222717 0.224423 0.223715 0.223218 0.222904 0.222746 0.222717 0.222790 0.222938 0.223133 0.223350 0.223559 0.223735 0.223850 0.223877 0.223789 0.223559 0.224423 0.222469 0.221154 0.220392 0.220099 0.220190 0.220579 0.221184 0.221917 0.222696 0.223434 0.224048 0.224452 0.224562 0.224293 0.223559 0.227143 0.224615 0.222867 0.221787 0.221262 0.221182 0.221432 0.221901 0.222477 0.223048 0.223500 0.223722 0.223602 0.223027 0.221886 0.220065 0.222530 0.223464 0.223970 0.224111 0.223953 0.223559 0.222995 0.222324 0.221611 0.220921 0.220318 0.219866 0.219631 0.219676 0.220066 0.220866 0.223559 0.223510 0.223493 0.223502 0.223526 0.223559 0.223592 0.223617 0.223625 0.223609 0.223559 0.223469 0.223329 0.223131 0.222867 0.222530 0.222717 0.221609 0.220783 0.220205 0.219843 0.219662 0.219630 0.219713 0.219878 0.220090 0.220318 0.220526 0.220683 0.220753 0.220705 0.220505 0.216418 0.218054 0.219109 0.219670 0.219826 0.219662 0.219268 0.218731 0.218138 0.217577 0.217135 0.216901 0.216961 0.217404 0.218317 0.219787 0.216418 0.217766 0.218667 0.219178 0.219356 0.219257 0.218938 0.218457 0.217869 0.217233 0.216605 0.216041 0.215600 0.215337 0.215310 0.215575 0.212518 0.214113 0.215163 0.215741 0.215917 0.215762 0.215348 0.214745 0.214025 0.213259 0.212518 0.211872 0.211394 0.211155 0.211225 0.211675 0.211675 0.211800 0.211870 0.211898 0.211893 0.211867 0.211831 0.211795 0.211771 0.211769 0.211800 0.211875 0.212005 0.212201 0.212474 0.212834
0.211835 0.211026 0.210353 0.209813 0.209401 0.209112 0.208942 0.208888 0.208943 0.209105 0.209368 0.209729 0.210182 0.210724 0.211350 0.212056 0.211582 0.213241 0.214255 0.214726 0.214759 0.214458 0.213927 0.213270 0.212591 0.211993 0.211582 0.211460 0.211732 0.212501 0.213873 0.215950 0.218570 0.216369 0.214880 0.214007 0.213657 0.213734 0.214145 0.214795 0.215588 0.216431 0.217229 0.217887 0.218310 0.218405 0.218076 0.217229 0.219850 0.219198 0.218603 0.218071 0.217611 0.217229 0.216933 0.216731 0.216630 0.216637 0.216761 0.217008 0.217386 0.217903 0.218565 0.219382 0.219631 0.221363 0.222567 0.223318 0.223688 0.223750 0.223577 0.223243 0.222820 0.222383 0.222002 0.221753 0.221708 0.221939 0.222521 0.223526 0.221129 0.220517 0.220275 0.220339 0.220644 0.221129 0.221728 0.222378 0.223016 0.223578 0.223999 0.224217 0.224168 0.223787 0.223012 0.221778 0.225318 0.223849 0.222817 0.222166 0.221838 0.221778 0.221930 0.222237 0.222643 0.223091 0.223526 0.223890 0.224129 0.224185 0.224003 0.223526 0.225318 0.223458 0.222159 0.221348 0.220954 0.220905 0.221128 0.221552 0.222104 0.222713 0.223307 0.223814 0.224161 0.224276 0.224089 0.223526 0.226438 0.225047 0.224060 0.223417 0.223057 0.222921 0.222949 0.223080 0.223256 0.223416 0.223500 0.223448 0.223201 0.222698 0.221880 0.220686 0.221529 0.222669 0.223374 0.223708 0.223737 0.223526 0.223138 0.222640 0.222096 0.221570 0.221129 0.220836 0.220756 0.220955 0.221497 0.222447 0.223526 0.223430 0.223398 0.223414 0.223462 0.223526 0.223589 0.223637 0.223653 0.223621 0.223526 0.223350 0.223078 0.222695 0.222184 0.221529 0.221778 0.220823 0.220169 0.219779 0.219613 0.219631 0.219796 0.220067 0.220406 0.220773 0.221129 0.221435 0.221652 0.221741 0.221663 0.221378 0.217229 0.218223 0.218918 0.219357 0.219581 0.219631 0.219551 0.219381 0.219165 0.218943 0.218758 0.218651 0.218665 0.218841 0.219222 0.219850 0.217229 0.217765 0.218155 0.218411 0.218546 0.218570 0.218498 0.218340 0.218109 0.217818 0.217478 0.217102 0.216703 0.216291 0.215880 0.215482 0.213329 0.214456 0.215216 0.215653 0.215810 0.215731 0.215460 0.215041 0.214517 0.213932 0.213329 0.212752 0.212246 0.211852 0.211617 0.211582 0.211582 0.211768 0.211869 0.211901 0.211885 0.211838 0.211779 0.211727 0.211701 0.211719 0.211800 0.211963 0.212226 0.212608 0.213127 0.213803
0.211065 0.210765 0.210507 0.210293 0.210126 0.210008 0.209941 0.209928 0.209970 0.210071 0.210232 0.210456 0.210745 0.211101 0.211526 0.212024 0.211550 0.212754 0.213470 0.213782 0.213772 0.213522 0.213114 0.212630 0.212154 0.211767 0.211550 0.211588 0.211961 0.212752 0.214044 0.215918 0.217666 0.215157 0.213541 0.212697 0.212500 0.212830 0.213562 0.214575 0.215746 0.216952 0.218071 0.218981 0.219558 0.219681 0.219226 0.218071 0.219818 0.219412 0.219026 0.218669 0.218348 0.218071 0.217845 0.217678 0.217577 0.217550 0.217603 0.217745 0.217984 0.218326 0.218779 0.219350 0.219569 0.221505 0.222793 0.223529 0.223806 0.223718 0.223360 0.222824 0.222206 0.221599 0.221098 0.220796 0.220787 0.221166 0.222026 0.223462 0.221971 0.221477 0.221286 0.221342 0.221589 0.221971 0.222432 0.222915 0.223364 0.223724 0.223937 0.223947 0.223699 0.223137 0.222203 0.220842 0.226150 0.223948 0.222400 0.221423 0.220931 0.220842 0.221069 0.221529 0.222138 0.222810 0.223462 0.224010 0.224368 0.224452 0.224179 0.223462 0.226150 0.224444 0.223205 0.222375 0.221898 0.221715 0.221770 0.222004 0.222361 0.222783 0.223213 0.223592 0.223864 0.223972 0.223857 0.223462 0.225510 0.225338 0.225171 0.225005 0.224836 0.224659 0.224470 0.224264 0.224037 0.223784 0.223500 0.223181 0.222823 0.222421 0.221970 0.221466 0.220623 0.221923 0.222793 0.223296 0.223498 0.223462 0.223253 0.222936 0.222573 0.222230 0.221971 0.221860 0.221962 0.222341 0.223060 0.224185 0.223462 0.223326 0.223281 0.223303 0.223372 0.223462 0.223553 0.223621 0.223644 0.223599 0.223462 0.223213 0.222826 0.222281 0.221554 0.220623 0.220842 0.220012 0.219516 0.219309 0.219342 0.219569 0.219943 0.220417 0.220944 0.221478 0.221971 0.222377 0.222649 0.222739 0.222602 0.222190 0.218071 0.218379 0.218689 0.218996 0.219291 0.219569 0.219821 0.220042 0.220224 0.220360 0.220442 0.220465 0.220421 0.220304 0.220105 0.219818 0.218071 0.217692 0.217498 0.217453 0.217521 0.217666 0.217852 0.218043 0.218204 0.218298 0.218290 0.218143 0.217821 0.217289 0.216511 0.215450 0.214171 0.214800 0.215249 0.215534 0.215669 0.215669 0.215549 0.215324 0.215010 0.214620 0.214171 0.213677 0.213153 0.212614 0.212075 0.211550 0.211550 0.211756 0.211857 0.211878 0.211842 0.211774 0.211699 0.211639 0.211620 0.211666 0.211800 0.212047 0.212431 0.212975 0.213705 0.214645
0.209730 0.210144 0.210458 0.210684 0.210839 0.210936 0.210990 0.211015 0.211026 0.211038 0.211064 0.211120 0.211220 0.211378 0.211609 0.211928 0.211613 0.212304 0.212690 0.212827 0.212772 0.212583 0.212316 0.212029 0.211778 0.211620 0.211613 0.211813 0.212277 0.213062 0.214226 0.215825 0.216667 0.213997 0.212354 0.211593 0.211571 0.212143 0.213166 0.214495 0.215987 0.217498 0.218882 0.219998 0.220699 0.220843 0.220286 0.218882 0.219725 0.219544 0.219364 0.219191 0.219028 0.218882 0.218758 0.218659 0.218592 0.218560 0.218570 0.218627 0.218734 0.218897 0.219122 0.219413 0.219538 0.221624 0.222964 0.223669 0.223852 0.223625 0.223099 0.222388 0.221602 0.220853 0.220255 0.219919 0.219956 0.220480 0.221601 0.223433 0.222782 0.222435 0.222307 0.222352 0.222525 0.222782 0.223078 0.223368 0.223606 0.223749 0.223750 0.223564 0.223148 0.222456 0.221443 0.220063 0.226889 0.224057 0.222067 0.220810 0.220179 0.220063 0.220356 0.220947 0.221730 0.222594 0.223433 0.224136 0.224597 0.224705 0.224353 0.223433 0.226889 0.225373 0.224228 0.223412 0.222880 0.222590 0.222499 0.222562 0.222736 0.222979 0.223246 0.223494 0.223680 0.223761 0.223693 0.223433 0.224489 0.225492 0.226119 0.226420 0.226444 0.226238 0.225854 0.225338 0.224742 0.224112 0.223500 0.222953 0.222521 0.222253 0.222197 0.222403 0.219938 0.221350 0.222341 0.222977 0.223319 0.223433 0.223380 0.223226 0.223032 0.222863 0.222782 0.222853 0.223139 0.223703 0.224610 0.225922 0.223433 0.223265 0.223209 0.223237 0.223321 0.223433 0.223545 0.223628 0.223656 0.223601 0.223433 0.223125 0.222650 0.221979 0.221085 0.219938 0.220063 0.219326 0.218960 0.218910 0.219121 0.219538 0.220105 0.220769 0.221473 0.222163 0.222782 0.223277 0.223593 0.223673 0.223463 0.222907 0.218882 0.218540 0.218489 0.218674 0.219041 0.219538 0.220109 0.220701 0.221261 0.221733 0.222065 0.222202 0.222090 0.221676 0.220906 0.219725 0.218882 0.217576 0.216785 0.216425 0.216413 0.216667 0.217103 0.217638 0.218190 0.218674 0.219007 0.219108 0.218891 0.218276 0.217177 0.215513 0.214982 0.215151 0.215312 0.215454 0.215567 0.215638 0.215656 0.215611 0.215492 0.215286 0.214982 0.214571 0.214039 0.213376 0.212571 0.211613 0.211613 0.211812 0.211897 0.211894 0.211833 0.211741 0.211646 0.211576 0.211560 0.211625 0.211800 0.212112 0.212590 0.213262 0.214155 0.215298
0.207800 0.209112 0.210136 0.210904 0.211448 0.211800 0.211992 0.212056 0.212024 0.211928 0.211800 0.211672 0.211576 0.211544 0.211608 0.211800 0.211800 0.211987 0.212050 0.212018 0.211925 0.211800 0.211675 0.211582 0.211550 0.211613 0.211800 0.212143 0.212674 0.213422 0.214421 0.215700 0.215700 0.213048 0.211488 0.210864 0.211020 0.211800 0.213048 0.214608 0.216324 0.218040 0.219600 0.220848 0.221628 0.221784 0.221160 0.219600 0.219600 0.219600 0.219600 0.219600 0.219600 0.219600 0.219600 0.219600 0.219600 0.219600 0.219600 0.219600 0.219600 0.219600 0.219600 0.219600 0.219600 0.221753 0.223094 0.223750 0.223843 0.223500 0.222845 0.222002 0.221098 0.220255 0.219600 0.219257 0.219350 0.220006 0.221347 0.223500 0.223500 0.223313 0.223250 0.223282 0.223375 0.223500 0.223625 0.223718 0.223750 0.223687 0.223500 0.223157 0.222626 0.221878 0.220879 0.219600 0.227500 0.224222 0.221919 0.220465 0.219734 0.219600 0.219938 0.220623 0.221529 0.222530 0.223500 0.224314 0.224847 0.224973 0.224566 0.223500 0.227500 0.226188 0.225164 0.224396 0.223852 0.223500 0.223308 0.223244 0.223276 0.223372 0.223500 0.223628 0.223724 0.223756 0.223692 0.223500 0.223500 0.225516 0.226828 0.227532 0.227724 0.227500 0.226956 0.226188 0.225292 0.224364 0.223500 0.222796 0.222348 0.222252 0.222604 0.223500 0.219600 0.221071 0.222134 0.222850 0.223285 0.223500 0.223559 0.223526 0.223462 0.223433 0.223500 0.223727 0.224178 0.224914 0.226001 0.227500 0.223500 0.223313 0.223250 0.223282 0.223375 0.223500 0.223625 0.223718 0.223750 0.223687 0.223500 0.223157 0.222626 0.221878 0.220879 0.219600 0.219600 0.218914 0.218633 0.218695 0.219038 0.219600 0.220318 0.221129 0.221971 0.222782 0.223500 0.224062 0.224405 0.224467 0.224186 0.223500 0.219600 0.218726 0.218383 0.218477 0.218914 0.219600 0.220442 0.221347 0.222221 0.222970 0.223500 0.223718 0.223531 0.222845 0.221566 0.219600 0.219600 0.217447 0.216106 0.215450 0.215357 0.215700 0.216355 0.217198 0.218102 0.218945 0.219600 0.219943 0.219850 0.219194 0.217853 0.215700 0.215700 0.215513 0.215450 0.215482 0.215575 0.215700 0.215825 0.215918 0.215950 0.215887 0.215700 0.215357 0.214826 0.214078 0.213079 0.211800 0.211800 0.211987 0.212050 0.212018 0.211925 0.211800 0.211675 0.211582 0.211550 0.211613 0.211800 0.212143 0.212674 0.213422 0.214421 0.215700
0.205246 0.207616 0.209472 0.210869 0.211861 0.212504 0.212851 0.212958 0.212878 0.212666 0.212376 0.212063 0.211782 0.211587 0.211532 0.211672 0.212143 0.211897 0.211685 0.211515 0.211393 0.211329 0.211330 0.211404 0.211559 0.211803 0.212143 0.212589 0.213147 0.213825 0.214632 0.215575 0.214889 0.212467 0.211115 0.210678 0.211000 0.211925 0.213298 0.214964 0.216767 0.218551 0.220162 0.221443 0.222239 0.222394 0.221754 0.220162 0.219475 0.219585 0.219716 0.219861 0.220012 0.220162 0.220303 0.220427 0.220529 0.220598 0.220630 0.220615 0.220546 0.220416 0.220218 0.219943 0.219818 0.221924 0.223203 0.223784 0.223798 0.223375 0.222645 0.221738 0.220784 0.219914 0.219257 0.218943 0.219104 0.219867 0.221365 0.223727 0.224062 0.224030 0.224030 0.224046 0.224062 0.224062 0.224029 0.223948 0.223801 0.223574 0.223250 0.222813 0.222246 0.221534 0.220660 0.219609 0.227951 0.224490 0.222058 0.220522 0.219750 0.219609 0.219966 0.220689 0.221646 0.222702 0.223727 0.224587 0.225150 0.225282 0.224853 0.223727 0.227951 0.226835 0.225948 0.225266 0.224763 0.224414 0.224192 0.224072 0.224029 0.224037 0.224070 0.224104 0.224112 0.224069 0.223949 0.223727 0.222671 0.225415 0.227217 0.228209 0.228521 0.228286 0.227634 0.226699 0.225610 0.224500 0.223500 0.222742 0.222357 0.222477 0.223233 0.224757 0.219734 0.221210 0.222284 0.223018 0.223478 0.223727 0.223830 0.223851 0.223853 0.223902 0.224062 0.224396 0.224969 0.225844 0.227088 0.228762 0.223727 0.223535 0.223472 0.223504 0.223599 0.223727 0.223855 0.223951 0.223983 0.223919 0.223727 0.223376 0.222833 0.222066 0.221044 0.219734 0.219609 0.218925 0.218671 0.218780 0.219185 0.219818 0.220613 0.221502 0.222418 0.223294 0.224062 0.224655 0.225006 0.225049 0.224714 0.223937 0.220162 0.218956 0.218440 0.218492 0.218992 0.219818 0.220851 0.221968 0.223050 0.223975 0.224623 0.224873 0.224604 0.223695 0.222026 0.219475 0.220162 0.217334 0.215550 0.214652 0.214484 0.214889 0.215711 0.216793 0.217979 0.219113 0.220037 0.220595 0.220632 0.219990 0.218512 0.216043 0.216262 0.215891 0.215712 0.215685 0.215767 0.215918 0.216097 0.216262 0.216371 0.216385 0.216262 0.215960 0.215438 0.214655 0.213571 0.212143 0.212143 0.212331 0.212377 0.212317 0.212185 0.212015 0.211842 0.211699 0.211622 0.211644 0.211800 0.212124 0.212651 0.213415 0.214450 0.215790
0.202039 0.205603 0.208394 0.210495 0.211987 0.212952 0.213471 0.213627 0.213501 0.213174 0.212728 0.212245 0.211807 0.211495 0.211391 0.211576 0.212674 0.212129 0.211732 0.211473 0.211341 0.211326 0.211420 0.211611 0.211890 0.212248 0.212674 0.213158 0.213691 0.214262 0.214862 0.215482 0.214358 0.212412 0.211406 0.211203 0.211661 0.212642 0.214007 0.215615 0.217327 0.219003 0.220505 0.221692 0.222425 0.222565 0.221971 0.220505 0.219382 0.219504 0.219695 0.219937 0.220213 0.220505 0.220796 0.221068 0.221304 0.221486 0.221597 0.221619 0.221536 0.221328 0.220980 0.220474 0.220255 0.222171 0.223306 0.223786 0.223736 0.223282 0.222549 0.221664 0.220752 0.219939 0.219350 0.219112 0.219350 0.220190 0.221757 0.224178 0.224405 0.224506 0.224557 0.224558 0.224508 0.224405 0.224248 0.224037 0.223769 0.223445 0.223063 0.222622 0.222121 0.221559 0.220934 0.220246 0.228210 0.224906 0.222584 0.221118 0.220381 0.220246 0.220588 0.221278 0.222191 0.223199 0.224178 0.224999 0.225536 0.225662 0.225252 0.224178 0.228210 0.227258 0.226517 0.225961 0.225565 0.225301 0.225143 0.225066 0.225042 0.225046 0.225051 0.225031 0.224960 0.224812 0.224560 0.224178 0.222130 0.225196 0.227208 0.228319 0.228678 0.228437 0.227746 0.226755 0.225617 0.224482 0.223500 0.222823 0.222600 0.222985 0.224126 0.226174 0.220465 0.221890 0.222906 0.223581 0.223983 0.224178 0.224233 0.224216 0.224194 0.224235 0.224405 0.224772 0.225402 0.226364 0.227725 0.229551 0.224178 0.223999 0.223940 0.223970 0.224059 0.224178 0.224296 0.224386 0.224415 0.224356 0.224178 0.223851 0.223346 0.222633 0.221683 0.220465 0.220246 0.219508 0.219208 0.219278 0.219650 0.220255 0.221026 0.221895 0.222793 0.223652 0.224405 0.224983 0.225318 0.225342 0.224988 0.224186 0.220505 0.219249 0.218726 0.218807 0.219360 0.220255 0.221363 0.222553 0.223694 0.224656 0.225310 0.225524 0.225168 0.224113 0.222228 0.219382 0.220505 0.217267 0.215208 0.214152 0.213927 0.214358 0.215273 0.216497 0.217856 0.219177 0.220286 0.221010 0.221174 0.220605 0.219130 0.216574 0.216605 0.216290 0.216146 0.216133 0.216215 0.216355 0.216515 0.216657 0.216745 0.216740 0.216605 0.216303 0.215796 0.215047 0.214019 0.212674 0.212674 0.212892 0.212941 0.212858 0.212682 0.212450 0.212201 0.211973 0.211805 0.211734 0.211800 0.212040 0.212492 0.213195 0.214188 0.215507
0.198149 0.203021 0.206834 0.209700 0.211734 0.213048 0.213756 0.213971 0.213807 0.213376 0.212792 0.212169 0.211619 0.211256 0.211193 0.211544 0.213422 0.212777 0.212327 0.212051 0.211932 0.211950 0.212085 0.212319 0.212633 0.213007 0.213422 0.213860 0.214301 0.214726 0.215115 0.215450 0.214234 0.213040 0.212533 0.212607 0.213157 0.214078 0.215264 0.216612 0.218015 0.219368 0.220567 0.221507 0.222082 0.222187 0.221717 0.220567 0.219350 0.219362 0.219519 0.219792 0.220152 0.220567 0.221009 0.221447 0.221851 0.222192 0.222439 0.222563 0.222533 0.222319 0.221893 0.221222 0.220973 0.222527 0.223422 0.223768 0.223674 0.223250 0.222606 0.221849 0.221091 0.220440 0.220006 0.219897 0.220225 0.221097 0.222624 0.224914 0.224467 0.224661 0.224746 0.224733 0.224636 0.224467 0.224240 0.223967 0.223661 0.223334 0.223001 0.222673 0.222362 0.222083 0.221848 0.221670 0.228242 0.225515 0.223599 0.222389 0.221781 0.221670 0.221951 0.222521 0.223274 0.224107 0.224914 0.225592 0.226035 0.226140 0.225801 0.224914 0.228242 0.227401 0.226805 0.226419 0.226207 0.226131 0.226156 0.226246 0.226363 0.226472 0.226537 0.226520 0.226386 0.226098 0.225619 0.224914 0.222002 0.224863 0.226723 0.227732 0.228040 0.227795 0.227147 0.226244 0.225236 0.224271 0.223500 0.223070 0.223132 0.223834 0.225324 0.227754 0.221919 0.223232 0.224115 0.224641 0.224883 0.224914 0.224808 0.224637 0.224475 0.224394 0.224467 0.224768 0.225370 0.226345 0.227767 0.229709 0.224914 0.224771 0.224723 0.224747 0.224819 0.224914 0.225010 0.225082 0.225106 0.225058 0.224914 0.224651 0.224243 0.223668 0.222902 0.221919 0.221670 0.220814 0.220380 0.220304 0.220523 0.220973 0.221590 0.222312 0.223074 0.223814 0.224467 0.224971 0.225261 0.225275 0.224948 0.224218 0.220567 0.219623 0.219308 0.219506 0.220100 0.220973 0.222008 0.223088 0.224098 0.224918 0.225434 0.225528 0.225084 0.223984 0.222112 0.219350 0.220567 0.217275 0.215168 0.214073 0.213819 0.214234 0.215145 0.216381 0.217770 0.219139 0.220318 0.221133 0.221413 0.220986 0.219680 0.217322 0.216667 0.216716 0.216797 0.216894 0.216992 0.217073 0.217122 0.217121 0.217057 0.216911 0.216667 0.216310 0.215824 0.215191 0.214396 0.213422 0.213422 0.213722 0.213803 0.213708 0.213481 0.213166 0.212807 0.212447 0.212130 0.211900 0.211800 0.211874 0.212167 0.212721 0.213580 0.214789
0.193546 0.199818 0.204720 0.208401 0.211010 0.212696 0.213609 0.213897 0.213709 0.213195 0.212504 0.211785 0.211186 0.210858 0.210949 0.211608 0.214421 0.213936 0.213604 0.213408 0.213330 0.213355 0.213465 0.213644 0.213874 0.214138 0.214421 0.214704 0.214972 0.215208 0.215393 0.215513 0.214639 0.214510 0.214666 0.215059 0.215638 0.216355 0.217161 0.218006 0.218841 0.219618 0.220286 0.220798 0.221102 0.221152 0.220896 0.220286 0.219413 0.219163 0.219171 0.219390 0.219777 0.220286 0.220873 0.221492 0.222098 0.222648 0.223094 0.223394 0.223501 0.223371 0.222960 0.222221 0.222034 0.223022 0.223566 0.223743 0.223632 0.223313 0.222864 0.222364 0.221892 0.221526 0.221347 0.221433 0.221862 0.222714 0.224067 0.226001 0.224186 0.224417 0.224508 0.224483 0.224368 0.224186 0.223962 0.223720 0.223483 0.223277 0.223126 0.223053 0.223083 0.223241 0.223550 0.224035 0.228017 0.226365 0.225204 0.224471 0.224103 0.224035 0.224206 0.224551 0.225007 0.225512 0.226001 0.226411 0.226680 0.226743 0.226538 0.226001 0.228017 0.227209 0.226749 0.226578 0.226639 0.226874 0.227225 0.227633 0.228040 0.228389 0.228622 0.228679 0.228504 0.228038 0.227223 0.226001 0.222417 0.224422 0.225681 0.226317 0.226450 0.226202 0.225695 0.225050 0.224388 0.223831 0.223500 0.223517 0.224004 0.225082 0.226871 0.229495 0.224222 0.225360 0.226024 0.226297 0.226262 0.226001 0.225596 0.225129 0.224684 0.224342 0.224186 0.224299 0.224761 0.225657 0.227069 0.229078 0.226001 0.225915 0.225887 0.225901 0.225944 0.226001 0.226058 0.226100 0.226115 0.226086 0.226001 0.225844 0.225602 0.225261 0.224806 0.224222 0.224035 0.222991 0.222320 0.221972 0.221894 0.222034 0.222340 0.222760 0.223242 0.223735 0.224186 0.224544 0.224756 0.224771 0.224536 0.223999 0.220286 0.220098 0.220253 0.220678 0.221296 0.222034 0.222815 0.223564 0.224207 0.224668 0.224873 0.224745 0.224211 0.223194 0.221620 0.219413 0.220286 0.217388 0.215521 0.214538 0.214293 0.214639 0.215430 0.216518 0.217756 0.218999 0.220099 0.220910 0.221284 0.221075 0.220136 0.218321 0.216386 0.217173 0.217714 0.218038 0.218169 0.218134 0.217959 0.217671 0.217295 0.216858 0.216386 0.215906 0.215443 0.215024 0.214674 0.214421 0.214421 0.214870 0.215025 0.214935 0.214652 0.214229 0.213716 0.213165 0.212628 0.212156 0.211800 0.211612 0.211645 0.211948 0.212574 0.213574
0.188200 0.195941 0.201982 0.206514 0.209723 0.211800 0.212933 0.213310 0.213122 0.212555 0.211800 0.211045 0.210478 0.210290 0.210667 0.211800 0.215700 0.215700 0.215700 0.215700 0.215700 0.215700 0.215700 0.215700 0.215700 0.215700 0.215700 0.215700 0.215700 0.215700 0.215700 0.215700 0.215700 0.216979 0.217978 0.218726 0.219257 0.219600 0.219787 0.219850 0.219818 0.219725 0.219600 0.219475 0.219382 0.219350 0.219413 0.219600 0.219600 0.218914 0.218633 0.218695 0.219038 0.219600 0.220318 0.221129 0.221971 0.222782 0.223500 0.224062 0.224405 0.224467 0.224186 0.223500 0.223500 0.223692 0.223756 0.223724 0.223628 0.223500 0.223372 0.223276 0.223244 0.223308 0.223500 0.223852 0.224396 0.225164 0.226188 0.227500 0.223500 0.223692 0.223756 0.223724 0.223628 0.223500 0.223372 0.223276 0.223244 0.223308 0.223500 0.223852 0.224396 0.225164 0.226188 0.227500 0.227500 0.227500 0.227500 0.227500 0.227500 0.227500 0.227500 0.227500 0.227500 0.227500 0.227500 0.227500 0.227500 0.227500 0.227500 0.227500 0.227500 0.226626 0.226283 0.226377 0.226814 0.227500 0.228342 0.229247 0.230121 0.230870 0.231400 0.231618 0.231431 0.230745 0.229466 0.227500 0.223500 0.223879 0.224006 0.223942 0.223753 0.223500 0.223247 0.223058 0.222994 0.223121 0.223500 0.224195 0.225270 0.226786 0.228809 0.231400 0.227500 0.228396 0.228748 0.228652 0.228204 0.227500 0.226636 0.225708 0.224812 0.224044 0.223500 0.223276 0.223468 0.224172 0.225484 0.227500 0.227500 0.227500 0.227500 0.227500 0.227500 0.227500 0.227500 0.227500 0.227500 0.227500 0.227500 0.227500 0.227500 0.227500 0.227500 0.227500 0.227500 0.226188 0.225164 0.224396 0.223852 0.223500 0.223308 0.223244 0.223276 0.223372 0.223500 0.223628 0.223724 0.223756 0.223692 0.223500 0.219600 0.220692 0.221628 0.222408 0.223032 0.223500 0.223812 0.223968 0.223968 0.223812 0.223500 0.223032 0.222408 0.221628 0.220692 0.219600 0.219600 0.217634 0.216355 0.215669 0.215482 0.215700 0.216230 0.216979 0.217853 0.218758 0.219600 0.220286 0.220723 0.220817 0.220474 0.219600 0.215700 0.217666 0.218945 0.219631 0.219818 0.219600 0.219070 0.218321 0.217447 0.216542 0.215700 0.215014 0.214577 0.214483 0.214826 0.215700 0.215700 0.216386 0.216667 0.216605 0.216262 0.215700 0.214982 0.214171 0.213329 0.212518 0.211800 0.211238 0.210895 0.210833 0.211114 0.211800
0.188200 0.184046 0.182347 0.182725 0.184802 0.188200 0.192542 0.197451 0.202549 0.207458 0.211800 0.215198 0.217275 0.217653 0.215954 0.211800 0.215700 0.216761 0.217166 0.217042 0.216511 0.215700 0.214733 0.213734 0.212830 0.212143 0.211800 0.211925 0.212642 0.214078 0.216355 0.219600 0.219600 0.220474 0.220817 0.220723 0.220286 0.219600 0.218758 0.217853 0.216979 0.216230 0.215700 0.215482 0.215669 0.216355 0.217634 0.219600 0.219600 0.220879 0.221878 0.222626 0.223157 0.223500 0.223687 0.223750 0.223718 0.223625 0.223500 0.223375 0.223282 0.223250 0.223313 0.223500 0.219600 0.223087 0.225462 0.226882 0.227509 0.227500 0.227015 0.226214 0.225254 0.224297 0.223500 0.223023 0.223026 0.223666 0.225105 0.227500 0.227500 0.226814 0.226533 0.226595 0.226938 0.227500 0.228218 0.229029 0.229871 0.230682 0.231400 0.231962 0.232305 0.232367 0.232086 0.231400 0.227500 0.229653 0.230994 0.231650 0.231743 0.231400 0.230745 0.229902 0.228998 0.228155 0.227500 0.227157 0.227250 0.227906 0.229247 0.231400 0.231400 0.232274 0.232617 0.232523 0.232086 0.231400 0.230558 0.229653 0.228779 0.228030 0.227500 0.227282 0.227469 0.228155 0.229434 0.231400 0.231400 0.230339 0.229934 0.230058 0.230589 0.231400 0.232367 0.233366 0.234270 0.234957 0.235300 0.235175 0.234458 0.233022 0.230745 0.227500 0.227500 0.228592 0.229528 0.230308 0.230932 0.231400 0.231712 0.231868 0.231868 0.231712 0.231400 0.230932 0.230308 0.229528 0.228592 0.227500 0.227500 0.227308 0.227244 0.227276 0.227372 0.227500 0.227628 0.227724 0.227756 0.227692 0.227500 0.227148 0.226604 0.225836 0.224812 0.223500 0.227500 0.226380 0.225420 0.224620 0.223980 0.223500 0.223180 0.223020 0.223020 0.223180 0.223500 0.223980 0.224620 0.225420 0.226380 0.227500 0.227500 0.226188 0.225164 0.224396 0.223852 0.223500 0.223308 0.223244 0.223276 0.223372 0.223500 0.223628 0.223724 0.223756 0.223692 0.223500 0.223500 0.221347 0.220006 0.219350 0.219257 0.219600 0.220255 0.221098 0.222002 0.222845 0.223500 0.223843 0.223750 0.223094 0.221753 0.219600 0.219600 0.220286 0.220567 0.220505 0.220162 0.219600 0.218882 0.218071 0.217229 0.216418 0.215700 0.215138 0.214795 0.214733 0.215014 0.215700 0.215700 0.220540 0.222520 0.222080 0.219660 0.215700 0.210640 0.204920 0.198980 0.193260 0.188200 0.184240 0.181820 0.181380 0.183360 0.188200
0.190216 0.186312 0.184477 0.184392 0.185739 0.188200 0.191457 0.195191 0.199084 0.202818 0.206075 0.208536 0.209884 0.209799 0.207963 0.204059 0.220732 0.218662 0.216943 0.215556 0.214481 0.213698 0.213189 0.212932 0.212909 0.213100 0.213485 0.214044 0.214759 0.215608 0.216573 0.217634 0.221753 0.221029 0.220377 0.219804 0.219314 0.218914 0.218608 0.218404 0.218305 0.218319 0.218450 0.218705 0.219089 0.219608 0.220266 0.221071 0.219983 0.221000 0.221782 0.222355 0.222746 0.222983 0.223093 0.223102 0.223037 0.222926 0.222796 0.222673 0.222585 0.222558 0.222619 0.222796 0.222378 0.223827 0.224813 0.225404 0.225668 0.225671 0.225481 0.225164 0.224788 0.224419 0.224126 0.223974 0.224031 0.224364 0.225041 0.226127 0.227001 0.227109 0.227396 0.227826 0.228361 0.228966 0.229605 0.230242 0.230840 0.231363 0.231774 0.232039 0.232120 0.231982 0.231587 0.230901 0.228093 0.228923 0.229606 0.230155 0.230582 0.230901 0.231123 0.231262 0.231331 0.231341 0.231306 0.231239 0.231152 0.231059 0.230970 0.230901 0.231993 0.232475 0.232639 0.232540 0.232233 0.231774 0.231220 0.230625 0.230045 0.229536 0.229154 0.228953 0.228991 0.229322 0.230003 0.231088 0.230901 0.230195 0.230043 0.230335 0.230959 0.231806 0.232763 0.233721 0.234568 0.235194 0.235487 0.235338 0.234634 0.233266 0.231123 0.228093 0.228093 0.227542 0.227430 0.227677 0.228205 0.228935 0.229789 0.230687 0.231552 0.232305 0.232866 0.233158 0.233102 0.232619 0.231631 0.230058 0.228280 0.226851 0.226021 0.225690 0.225759 0.226127 0.226695 0.227363 0.228031 0.228599 0.228966 0.229035 0.228703 0.227872 0.226442 0.224313 0.226127 0.225802 0.225526 0.225300 0.225124 0.224999 0.224927 0.224909 0.224946 0.225038 0.225186 0.225393 0.225657 0.225982 0.226367 0.226814 0.225484 0.225576 0.225563 0.225455 0.225263 0.224999 0.224674 0.224298 0.223884 0.223442 0.222983 0.222519 0.222060 0.221619 0.221205 0.220830 0.222604 0.220408 0.219074 0.218468 0.218459 0.218914 0.219699 0.220683 0.221733 0.222716 0.223500 0.223952 0.223939 0.223329 0.221989 0.219787 0.219787 0.220512 0.220787 0.220681 0.220263 0.219600 0.218761 0.217815 0.216829 0.215873 0.215014 0.214320 0.213861 0.213704 0.213919 0.214572 0.219836 0.219401 0.217780 0.215192 0.211857 0.207992 0.203817 0.199551 0.195412 0.191619 0.188392 0.185949 0.184508 0.184289 0.185511 0.188392
0.191528 0.187963 0.186111 0.185709 0.186493 0.188200 0.190566 0.193326 0.196219 0.198980 0.201346 0.203052 0.203836 0.203434 0.201583 0.198018 0.222776 0.219241 0.216597 0.214741 0.213569 0.212979 0.212867 0.213130 0.213666 0.214369 0.215138 0.215870 0.216461 0.216807 0.216806 0.216355 0.223094 0.221378 0.220127 0.219287 0.218807 0.218633 0.218712 0.218993 0.219421 0.219945 0.220511 0.221067 0.221560 0.221937 0.222146 0.222134 0.220630 0.221371 0.221934 0.222339 0.222606 0.222758 0.222814 0.222796 0.222725 0.222622 0.222508 0.222404 0.222331 0.222310 0.222362 0.222508 0.224463 0.224404 0.224373 0.224366 0.224383 0.224422 0.224480 0.224555 0.224647 0.224752 0.224869 0.224996 0.225131 0.225272 0.225418 0.225566 0.226782 0.227459 0.228135 0.228798 0.229433 0.230027 0.230566 0.231037 0.231425 0.231717 0.231899 0.231958 0.231879 0.231650 0.231255 0.230682 0.228810 0.228732 0.228940 0.229373 0.229974 0.230682 0.231439 0.232186 0.232863 0.233411 0.233771 0.233884 0.233691 0.233132 0.232149 0.230682 0.232710 0.232761 0.232681 0.232494 0.232225 0.231899 0.231541 0.231175 0.230825 0.230518 0.230277 0.230127 0.230093 0.230199 0.230471 0.230932 0.230682 0.230399 0.230524 0.230968 0.231644 0.232461 0.233330 0.234163 0.234870 0.235362 0.235550 0.235344 0.234657 0.233398 0.231479 0.228810 0.228810 0.227128 0.226279 0.226135 0.226564 0.227438 0.228626 0.229998 0.231426 0.232779 0.233927 0.234741 0.235090 0.234846 0.233877 0.232055 0.229060 0.226893 0.225599 0.225038 0.225074 0.225566 0.226376 0.227366 0.228397 0.229330 0.230027 0.230350 0.230158 0.229315 0.227681 0.225118 0.225566 0.225702 0.225820 0.225922 0.226010 0.226086 0.226150 0.226206 0.226254 0.226296 0.226335 0.226372 0.226408 0.226446 0.226487 0.226533 0.224172 0.225218 0.225891 0.226233 0.226285 0.226086 0.225677 0.225099 0.224393 0.223599 0.222758 0.221910 0.221096 0.220356 0.219732 0.219263 0.222252 0.220033 0.218698 0.218110 0.218134 0.218633 0.219471 0.220514 0.221623 0.222664 0.223500 0.223995 0.224014 0.223420 0.222077 0.219850 0.219850 0.220599 0.220877 0.220755 0.220306 0.219600 0.218710 0.217706 0.216661 0.215646 0.214733 0.213993 0.213497 0.213318 0.213527 0.214196 0.221528 0.217494 0.213463 0.209492 0.205643 0.201976 0.198550 0.195425 0.192661 0.190318 0.188456 0.187135 0.186414 0.186354 0.187015 0.188456
0.192232 0.189076 0.187308 0.186716 0.187084 0.188200 0.189850 0.191821 0.193898 0.195868 0.197518 0.198634 0.199003 0.198410 0.196643 0.193486 0.222304 0.218676 0.216095 0.214422 0.213523 0.213261 0.213499 0.214101 0.214931 0.215853 0.216730 0.217425 0.217803 0.217727 0.217061 0.215669 0.223750 0.221556 0.220040 0.219115 0.218695 0.218695 0.219028 0.219609 0.220351 0.221169 0.221977 0.222688 0.223217 0.223478 0.223384 0.222850 0.221474 0.221944 0.222297 0.222546 0.222706 0.222790 0.222813 0.222789 0.222731 0.222654 0.222572 0.222498 0.222448 0.222434 0.222470 0.222572 0.225949 0.224852 0.224128 0.223726 0.223595 0.223686 0.223948 0.224331 0.224784 0.225257 0.225699 0.226061 0.226291 0.226340 0.226156 0.225690 0.226814 0.227857 0.228767 0.229548 0.230206 0.230745 0.231170 0.231487 0.231701 0.231816 0.231837 0.231769 0.231618 0.231389 0.231086 0.230714 0.229622 0.228994 0.228887 0.229202 0.229843 0.230714 0.231716 0.232754 0.233731 0.234549 0.235113 0.235324 0.235087 0.234304 0.232878 0.230714 0.233522 0.233121 0.232752 0.232415 0.232110 0.231837 0.231596 0.231388 0.231213 0.231072 0.230963 0.230889 0.230848 0.230841 0.230869 0.230932 0.230714 0.230890 0.231299 0.231879 0.232568 0.233303 0.234024 0.234668 0.235172 0.235477 0.235518 0.235236 0.234566 0.233449 0.231821 0.229622 0.229622 0.227254 0.225944 0.225533 0.225865 0.226782 0.228128 0.229744 0.231474 0.233160 0.234645 0.235772 0.236383 0.236322 0.235431 0.233553 0.229840 0.227358 0.225854 0.225177 0.225173 0.225690 0.226576 0.227676 0.228840 0.229914 0.230745 0.231181 0.231069 0.230256 0.228590 0.225918 0.225690 0.226002 0.226269 0.226493 0.226677 0.226822 0.226931 0.227005 0.227047 0.227058 0.227041 0.226997 0.226928 0.226837 0.226725 0.226595 0.223468 0.225079 0.226161 0.226774 0.226975 0.226822 0.226374 0.225689 0.224824 0.223839 0.222790 0.221737 0.220738 0.219850 0.219131 0.218641 0.222348 0.220128 0.218788 0.218193 0.218207 0.218695 0.219522 0.220551 0.221648 0.222676 0.223500 0.223985 0.223995 0.223394 0.222047 0.219818 0.219818 0.220573 0.220856 0.220741 0.220298 0.219600 0.218719 0.217726 0.216693 0.215692 0.214795 0.214074 0.213601 0.213447 0.213684 0.214384 0.221152 0.214973 0.209560 0.204867 0.200850 0.197464 0.194664 0.192404 0.190641 0.189329 0.188424 0.187880 0.187653 0.187698 0.187970 0.188424
0.192424 0.189727 0.188124 0.187448 0.187529 0.188200 0.189292 0.190636 0.192065 0.193409 0.194501 0.195172 0.195253 0.194577 0.192974 0.190277 0.219788 0.217146 0.215401 0.214426 0.214089 0.214262 0.214814 0.215616 0.216539 0.217453 0.218227 0.218734 0.218842 0.218422 0.217345 0.215482 0.223843 0.221597 0.220091 0.219228 0.218910 0.219038 0.219515 0.220242 0.221121 0.222053 0.222942 0.223688 0.224193 0.224360 0.224090 0.223285 0.222453 0.222670 0.222832 0.222944 0.223014 0.223049 0.223054 0.223038 0.223006 0.222966 0.222924 0.222887 0.222862 0.222855 0.222873 0.222924 0.226930 0.225201 0.224065 0.223440 0.223246 0.223401 0.223824 0.224435 0.225153 0.225897 0.226586 0.227140 0.227476 0.227515 0.227176 0.226377 0.227063 0.228299 0.229308 0.230112 0.230730 0.231182 0.231487 0.231667 0.231741 0.231728 0.231650 0.231525 0.231374 0.231217 0.231073 0.230963 0.230495 0.229621 0.229338 0.229538 0.230115 0.230963 0.231976 0.233048 0.234071 0.234941 0.235550 0.235792 0.235560 0.234749 0.233252 0.230963 0.234395 0.233545 0.232863 0.232332 0.231934 0.231650 0.231462 0.231352 0.231301 0.231292 0.231306 0.231326 0.231332 0.231306 0.231231 0.231088 0.230963 0.231608 0.232293 0.232986 0.233655 0.234270 0.234799 0.235211 0.235473 0.235555 0.235425 0.235051 0.234403 0.233449 0.232157 0.230495 0.230495 0.227826 0.226291 0.225725 0.225965 0.226845 0.228200 0.229866 0.231678 0.233472 0.235082 0.236343 0.237092 0.237163 0.236392 0.234614 0.230620 0.228168 0.226664 0.225962 0.225915 0.226377 0.227200 0.228239 0.229347 0.230376 0.231182 0.231616 0.231533 0.230785 0.229227 0.226711 0.226377 0.226627 0.226840 0.227017 0.227161 0.227273 0.227354 0.227405 0.227428 0.227425 0.227398 0.227347 0.227274 0.227180 0.227068 0.226938 0.223276 0.225127 0.226386 0.227120 0.227394 0.227273 0.226823 0.226110 0.225200 0.224158 0.223049 0.221939 0.220895 0.219980 0.219262 0.218806 0.222796 0.220597 0.219254 0.218634 0.218606 0.219038 0.219800 0.220758 0.221782 0.222740 0.223500 0.223931 0.223900 0.223277 0.221929 0.219725 0.219725 0.220460 0.220746 0.220652 0.220247 0.219600 0.218779 0.217854 0.216893 0.215964 0.215138 0.214483 0.214068 0.213961 0.214231 0.214948 0.219084 0.211990 0.206065 0.201205 0.197307 0.194268 0.191984 0.190351 0.189267 0.188627 0.188328 0.188267 0.188340 0.188443 0.188474 0.188328
0.192200 0.189992 0.188616 0.187944 0.187848 0.188200 0.188872 0.189736 0.190664 0.191528 0.192200 0.192552 0.192456 0.191784 0.190408 0.188200 0.215700 0.214826 0.214483 0.214577 0.215014 0.215700 0.216542 0.217447 0.218321 0.219070 0.219600 0.219818 0.219631 0.218945 0.217666 0.215700 0.223500 0.221534 0.220255 0.219569 0.219382 0.219600 0.220130 0.220879 0.221753 0.222658 0.223500 0.224186 0.224623 0.224717 0.224374 0.223500 0.223500 0.223500 0.223500 0.223500 0.223500 0.223500 0.223500 0.223500 0.223500 0.223500 0.223500 0.223500 0.223500 0.223500 0.223500 0.223500 0.227500 0.225484 0.224172 0.223468 0.223276 0.223500 0.224044 0.224812 0.225708 0.226636 0.227500 0.228204 0.228652 0.228748 0.228396 0.227500 0.227500 0.228779 0.229778 0.230526 0.231057 0.231400 0.231587 0.231650 0.231618 0.231525 0.231400 0.231275 0.231182 0.231150 0.231213 0.231400 0.231400 0.230526 0.230183 0.230277 0.230714 0.231400 0.232242 0.233147 0.234021 0.234770 0.235300 0.235518 0.235331 0.234645 0.233366 0.231400 0.235300 0.234021 0.233022 0.232274 0.231743 0.231400 0.231213 0.231150 0.231182 0.231275 0.231400 0.231525 0.231618 0.231650 0.231587 0.231400 0.231400 0.232492 0.233428 0.234208 0.234832 0.235300 0.235612 0.235768 0.235768 0.235612 0.235300 0.234832 0.234208 0.233428 0.232492 0.231400 0.231400 0.228748 0.227188 0.226564 0.226720 0.227500 0.228748 0.230308 0.232024 0.233740 0.235300 0.236548 0.237328 0.237484 0.236860 0.235300 0.231400 0.229247 0.227906 0.227250 0.227157 0.227500 0.228155 0.228998 0.229902 0.230745 0.231400 0.231743 0.231650 0.230994 0.229653 0.227500 0.227500 0.227500 0.227500 0.227500 0.227500 0.227500 0.227500 0.227500 0.227500 0.227500 0.227500 0.227500 0.227500 0.227500 0.227500 0.227500 0.223500 0.225329 0.226578 0.227314 0.227599 0.227500 0.227081 0.226406 0.225542 0.224551 0.223500 0.222453 0.221474 0.220630 0.219983 0.219600 0.223500 0.221347 0.220006 0.219350 0.219257 0.219600 0.220255 0.221098 0.222002 0.222845 0.223500 0.223843 0.223750 0.223094 0.221753 0.219600 0.219600 0.220286 0.220567 0.220505 0.220162 0.219600 0.218882 0.218071 0.217229 0.216418 0.215700 0.215138 0.214795 0.214733 0.215014 0.215700 0.215700 0.208696 0.202968 0.198392 0.194844 0.192200 0.190336 0.189128 0.188452 0.188184 0.188200 0.188376 0.188588 0.188712 0.188624 0.188200
0.191656 0.189948 0.188840 0.188242 0.188059 0.188200 0.188572 0.189083 0.189640 0.190151 0.190523 0.190664 0.190482 0.189883 0.188776 0.187067 0.210512 0.211897 0.213306 0.214701 0.216044 0.217294 0.218415 0.219366 0.220109 0.220606 0.220817 0.220703 0.220227 0.219348 0.218029 0.216230 0.222845 0.221403 0.220507 0.220078 0.220040 0.220318 0.220833 0.221510 0.222273 0.223044 0.223746 0.224305 0.224641 0.224681 0.224345 0.223559 0.224551 0.224385 0.224263 0.224181 0.224132 0.224111 0.224113 0.224132 0.224162 0.224199 0.224236 0.224268 0.224290 0.224295 0.224279 0.224236 0.227754 0.225731 0.224435 0.223766 0.223627 0.223919 0.224545 0.225405 0.226401 0.227435 0.228410 0.229225 0.229784 0.229987 0.229737 0.228935 0.228093 0.229293 0.230192 0.230827 0.231238 0.231462 0.231540 0.231509 0.231407 0.231275 0.231150 0.231072 0.231078 0.231208 0.231500 0.231993 0.232305 0.231622 0.231315 0.231317 0.231565 0.231993 0.232537 0.233133 0.233716 0.234220 0.234582 0.234737 0.234621 0.234167 0.233313 0.231993 0.236205 0.234539 0.233241 0.232269 0.231585 0.231150 0.230925 0.230871 0.230947 0.231116 0.231338 0.231573 0.231783 0.231928 0.231970 0.231868 0.231993 0.233481 0.234628 0.235465 0.236022 0.236330 0.236417 0.236315 0.236054 0.235664 0.235175 0.234618 0.234022 0.233417 0.232835 0.232305 0.232305 0.229926 0.228503 0.227902 0.227987 0.228623 0.229677 0.231012 0.232495 0.233990 0.235362 0.236478 0.237202 0.237399 0.236935 0.235674 0.232180 0.230518 0.229455 0.228898 0.228755 0.228935 0.229346 0.229896 0.230493 0.231046 0.231462 0.231651 0.231519 0.230975 0.229928 0.228285 0.228935 0.228546 0.228217 0.227946 0.227730 0.227567 0.227454 0.227387 0.227365 0.227384 0.227442 0.227536 0.227664 0.227821 0.228007 0.228218 0.224044 0.225652 0.226751 0.227398 0.227651 0.227567 0.227204 0.226620 0.225871 0.225016 0.224111 0.223215 0.222385 0.221679 0.221153 0.220866 0.224364 0.222283 0.220954 0.220260 0.220087 0.220318 0.220838 0.221532 0.222283 0.222978 0.223500 0.223734 0.223563 0.222874 0.221550 0.219475 0.219475 0.220078 0.220340 0.220312 0.220048 0.219600 0.219019 0.218359 0.217670 0.217006 0.216418 0.215958 0.215680 0.215635 0.215875 0.216452 0.211376 0.205244 0.200262 0.196316 0.193291 0.191072 0.189545 0.188597 0.188111 0.187974 0.188072 0.188290 0.188513 0.188627 0.188519 0.188072
0.190888 0.189670 0.188854 0.188378 0.188181 0.188200 0.188374 0.188640 0.188937 0.189204 0.189378 0.189397 0.189199 0.188723 0.187908 0.186690 0.204696 0.208534 0.211835 0.214624 0.216926 0.218763 0.220161 0.221145 0.221737 0.221963 0.221846 0.221412 0.220684 0.219686 0.218443 0.216979 0.222002 0.221238 0.220820 0.220697 0.220817 0.221129 0.221582 0.222124 0.222705 0.223272 0.223775 0.224162 0.224382 0.224384 0.224115 0.223526 0.225542 0.225276 0.225083 0.224954 0.224879 0.224850 0.224857 0.224891 0.224944 0.225006 0.225068 0.225122 0.225157 0.225166 0.225140 0.225068 0.227787 0.225975 0.224840 0.224292 0.224240 0.224594 0.225263 0.226157 0.227186 0.228258 0.229285 0.230175 0.230837 0.231182 0.231119 0.230558 0.228810 0.229836 0.230569 0.231051 0.231324 0.231431 0.231415 0.231318 0.231182 0.231049 0.230963 0.230966 0.231099 0.231406 0.231929 0.232710 0.233178 0.232822 0.232623 0.232555 0.232592 0.232710 0.232883 0.233086 0.233292 0.233477 0.233615 0.233681 0.233649 0.233493 0.233189 0.232710 0.237078 0.235090 0.233527 0.232347 0.231506 0.230963 0.230675 0.230598 0.230691 0.230910 0.231213 0.231557 0.231900 0.232198 0.232410 0.232492 0.232710 0.234513 0.235816 0.236677 0.237151 0.237297 0.237170 0.236829 0.236329 0.235727 0.235082 0.234448 0.233885 0.233447 0.233193 0.233178 0.233178 0.231265 0.230105 0.229592 0.229622 0.230090 0.230891 0.231920 0.233074 0.234245 0.235331 0.236226 0.236825 0.237024 0.236716 0.235799 0.232960 0.231905 0.231189 0.230761 0.230568 0.230558 0.230679 0.230879 0.231106 0.231307 0.231431 0.231426 0.231239 0.230818 0.230111 0.229066 0.230558 0.229688 0.228958 0.228361 0.227890 0.227538 0.227298 0.227163 0.227126 0.227181 0.227319 0.227535 0.227821 0.228170 0.228575 0.229029 0.224812 0.226064 0.226917 0.227416 0.227608 0.227538 0.227251 0.226793 0.226210 0.225547 0.224850 0.224164 0.223535 0.223009 0.222631 0.222447 0.225292 0.223311 0.222009 0.221281 0.221022 0.221129 0.221497 0.222022 0.222601 0.223128 0.223500 0.223612 0.223361 0.222641 0.221350 0.219382 0.219382 0.219860 0.220084 0.220089 0.219915 0.219600 0.219181 0.218696 0.218184 0.217682 0.217229 0.216862 0.216619 0.216538 0.216658 0.217016 0.206488 0.201787 0.197940 0.194864 0.192477 0.190696 0.189438 0.188619 0.188158 0.187971 0.187976 0.188090 0.188229 0.188312 0.188255 0.187976
0.189992 0.189235 0.188714 0.188392 0.188233 0.188200 0.188258 0.188370 0.188500 0.188613 0.188670 0.188638 0.188478 0.188156 0.187635 0.186878 0.198724 0.204916 0.210037 0.214172 0.217406 0.219825 0.221513 0.222555 0.223036 0.223042 0.222658 0.221967 0.221057 0.220011 0.218915 0.217853 0.221098 0.221073 0.221170 0.221367 0.221641 0.221971 0.222335 0.222709 0.223074 0.223405 0.223681 0.223880 0.223980 0.223958 0.223793 0.223462 0.226406 0.226125 0.225922 0.225787 0.225710 0.225682 0.225694 0.225734 0.225794 0.225863 0.225932 0.225991 0.226030 0.226040 0.226011 0.225932 0.227693 0.226247 0.225375 0.225003 0.225056 0.225458 0.226136 0.227013 0.228015 0.229067 0.230095 0.231023 0.231777 0.232281 0.232461 0.232242 0.229622 0.230403 0.230926 0.231233 0.231366 0.231369 0.231283 0.231150 0.231014 0.230917 0.230901 0.231008 0.231281 0.231763 0.232496 0.233522 0.233990 0.234039 0.233999 0.233887 0.233722 0.233522 0.233304 0.233086 0.232887 0.232725 0.232617 0.232581 0.232636 0.232799 0.233088 0.233522 0.237890 0.235662 0.233892 0.232536 0.231553 0.230901 0.230537 0.230419 0.230504 0.230752 0.231119 0.231564 0.232043 0.232516 0.232940 0.233272 0.233522 0.235529 0.236916 0.237762 0.238144 0.238139 0.237826 0.237283 0.236588 0.235817 0.235050 0.234365 0.233838 0.233548 0.233572 0.233990 0.233990 0.232670 0.231859 0.231486 0.231481 0.231774 0.232296 0.232976 0.233745 0.234533 0.235269 0.235884 0.236308 0.236472 0.236305 0.235737 0.233740 0.233329 0.232985 0.232695 0.232451 0.232242 0.232059 0.231889 0.231725 0.231555 0.231369 0.231157 0.230909 0.230614 0.230263 0.229846 0.232242 0.230849 0.229689 0.228749 0.228015 0.227474 0.227115 0.226923 0.226886 0.226991 0.227225 0.227574 0.228027 0.228569 0.229188 0.229871 0.225708 0.226531 0.227088 0.227411 0.227529 0.227474 0.227277 0.226969 0.226580 0.226141 0.225682 0.225236 0.224832 0.224502 0.224276 0.224185 0.226188 0.224337 0.223081 0.222329 0.221989 0.221971 0.222183 0.222533 0.222930 0.223283 0.223500 0.223490 0.223161 0.222423 0.221183 0.219350 0.219350 0.219660 0.219820 0.219850 0.219770 0.219600 0.219358 0.219065 0.218740 0.218402 0.218071 0.217767 0.217508 0.217315 0.217207 0.217204 0.201412 0.198476 0.195993 0.193924 0.192234 0.190884 0.189838 0.189058 0.188507 0.188148 0.187944 0.187858 0.187851 0.187889 0.187932 0.187944
0.189064 0.188720 0.188477 0.188320 0.188233 0.188200 0.188206 0.188236 0.188273 0.188303 0.188309 0.188276 0.188189 0.188032 0.187789 0.187445 0.193068 0.201221 0.207877 0.213170 0.217232 0.220198 0.222199 0.223368 0.223840 0.223746 0.223219 0.222394 0.221402 0.220376 0.219451 0.218758 0.220255 0.220942 0.221531 0.222029 0.222444 0.222782 0.223050 0.223255 0.223403 0.223502 0.223558 0.223577 0.223568 0.223536 0.223489 0.223433 0.227081 0.226883 0.226740 0.226646 0.226594 0.226577 0.226587 0.226618 0.226662 0.226713 0.226764 0.226807 0.226836 0.226843 0.226821 0.226764 0.227566 0.226578 0.226027 0.225858 0.226017 0.226449 0.227100 0.227916 0.228843 0.229826 0.230810 0.231743 0.232569 0.233234 0.233684 0.233865 0.230495 0.230988 0.231280 0.231410 0.231416 0.231338 0.231213 0.231081 0.230979 0.230948 0.231026 0.231250 0.231661 0.232296 0.233195 0.234395 0.234707 0.235185 0.235333 0.235211 0.234878 0.234395 0.233821 0.233215 0.232637 0.232148 0.231806 0.231671 0.231802 0.232261 0.233105 0.234395 0.238607 0.236245 0.234344 0.232866 0.231773 0.231026 0.230587 0.230418 0.230481 0.230738 0.231150 0.231680 0.232289 0.232939 0.233591 0.234208 0.234395 0.236467 0.237851 0.238640 0.238924 0.238794 0.238341 0.237655 0.236828 0.235950 0.235113 0.234406 0.233921 0.233749 0.233981 0.234707 0.234707 0.234047 0.233635 0.233438 0.233422 0.233553 0.233797 0.234122 0.234493 0.234876 0.235238 0.235545 0.235763 0.235859 0.235799 0.235550 0.234520 0.234716 0.234718 0.234558 0.234264 0.233865 0.233391 0.232872 0.232337 0.231816 0.231338 0.230932 0.230628 0.230456 0.230444 0.230623 0.233865 0.231955 0.230379 0.229115 0.228143 0.227441 0.226988 0.226764 0.226748 0.226918 0.227254 0.227734 0.228338 0.229045 0.229833 0.230682 0.226636 0.227021 0.227278 0.227424 0.227473 0.227441 0.227341 0.227190 0.227003 0.226793 0.226577 0.226369 0.226185 0.226038 0.225946 0.225922 0.226956 0.225265 0.224079 0.223322 0.222916 0.222782 0.222845 0.223025 0.223247 0.223431 0.223500 0.223377 0.222985 0.222245 0.221080 0.219413 0.219413 0.219502 0.219569 0.219610 0.219621 0.219600 0.219543 0.219446 0.219306 0.219119 0.218882 0.218592 0.218245 0.217838 0.217367 0.216828 0.196524 0.195465 0.194413 0.193383 0.192390 0.191448 0.190571 0.189775 0.189072 0.188479 0.188008 0.187675 0.187494 0.187480 0.187646 0.188008
0.188200 0.188200 0.188200 0.188200 0.188200 0.188200 0.188200 0.188200 0.188200 0.188200 0.188200 0.188200 0.188200 0.188200 0.188200 0.188200 0.188200 0.197626 0.205321 0.211443 0.216150 0.219600 0.221950 0.223357 0.223979 0.223974 0.223500 0.222714 0.221773 0.220835 0.220058 0.219600 0.219600 0.220879 0.221878 0.222626 0.223157 0.223500 0.223687 0.223750 0.223718 0.223625 0.223500 0.223375 0.223282 0.223250 0.223313 0.223500 0.227500 0.227500 0.227500 0.227500 0.227500 0.227500 0.227500 0.227500 0.227500 0.227500 0.227500 0.227500 0.227500 0.227500 0.227500 0.227500 0.227500 0.227001 0.226782 0.226814 0.227063 0.227500 0.228093 0.228810 0.229622 0.230495 0.231400 0.232305 0.233178 0.233990 0.234707 0.235300 0.231400 0.231587 0.231650 0.231618 0.231525 0.231400 0.231275 0.231182 0.231150 0.231213 0.231400 0.231743 0.232274 0.233022 0.234021 0.235300 0.235300 0.236174 0.236517 0.236423 0.235986 0.235300 0.234458 0.233553 0.232679 0.231930 0.231400 0.231182 0.231369 0.232055 0.233334 0.235300 0.239200 0.236829 0.234894 0.233366 0.232211 0.231400 0.230901 0.230682 0.230714 0.230963 0.231400 0.231993 0.232710 0.233522 0.234395 0.235300 0.235300 0.237266 0.238545 0.239231 0.239418 0.239200 0.238670 0.237921 0.237047 0.236142 0.235300 0.234614 0.234177 0.234083 0.234426 0.235300 0.235300 0.235300 0.235300 0.235300 0.235300 0.235300 0.235300 0.235300 0.235300 0.235300 0.235300 0.235300 0.235300 0.235300 0.235300 0.235300 0.235300 0.235986 0.236267 0.236205 0.235862 0.235300 0.234582 0.233771 0.232929 0.232118 0.231400 0.230838 0.230495 0.230433 0.230714 0.231400 0.235300 0.232929 0.230994 0.229466 0.228311 0.227500 0.227001 0.226782 0.226814 0.227063 0.227500 0.228093 0.228810 0.229622 0.230495 0.231400 0.227500 0.227500 0.227500 0.227500 0.227500 0.227500 0.227500 0.227500 0.227500 0.227500 0.227500 0.227500 0.227500 0.227500 0.227500 0.227500 0.227500 0.226001 0.224914 0.224178 0.223727 0.223500 0.223433 0.223462 0.223526 0.223559 0.223500 0.223285 0.222850 0.222134 0.221071 0.219600 0.219600 0.219413 0.219350 0.219382 0.219475 0.219600 0.219725 0.219818 0.219850 0.219787 0.219600 0.219257 0.218726 0.217978 0.216979 0.215700 0.192200 0.192904 0.193192 0.193128 0.192776 0.192200 0.191464 0.190632 0.189768 0.188936 0.188200 0.187624 0.187272 0.187208 0.187496 0.188200
0.187496 0.187752 0.187939 0.188070 0.188153 0.188200 0.188221 0.188226 0.188226 0.188231 0.188251 0.188298 0.188381 0.188512 0.188700 0.188955 0.184592 0.194309 0.202335 0.208818 0.213907 0.217750 0.220496 0.222292 0.223288 0.223630 0.223469 0.222951 0.222226 0.221441 0.220745 0.220286 0.219257 0.220920 0.222185 0.223099 0.223709 0.224062 0.224204 0.224182 0.224043 0.223835 0.223602 0.223394 0.223255 0.223233 0.223375 0.223727 0.227599 0.227929 0.228163 0.228315 0.228396 0.228419 0.228395 0.228337 0.228256 0.228165 0.228076 0.228000 0.227950 0.227938 0.227976 0.228076 0.227590 0.227546 0.227628 0.227827 0.228137 0.228547 0.229051 0.229640 0.230305 0.231039 0.231834 0.232680 0.233571 0.234497 0.235450 0.236423 0.232305 0.232195 0.232051 0.231894 0.231743 0.231618 0.231540 0.231527 0.231601 0.231781 0.232086 0.232538 0.233156 0.233960 0.234969 0.236205 0.235737 0.236918 0.237441 0.237421 0.236971 0.236205 0.235237 0.234180 0.233149 0.232257 0.231618 0.231347 0.231556 0.232359 0.233871 0.236205 0.239637 0.237402 0.235552 0.234063 0.232916 0.232086 0.231554 0.231297 0.231294 0.231523 0.231962 0.232589 0.233383 0.234322 0.235384 0.236548 0.236205 0.237865 0.238920 0.239454 0.239550 0.239294 0.238767 0.238055 0.237241 0.236409 0.235643 0.235027 0.234644 0.234579 0.234915 0.235737 0.235737 0.236335 0.236721 0.236925 0.236972 0.236891 0.236709 0.236453 0.236151 0.235830 0.235518 0.235243 0.235030 0.234909 0.234907 0.235050 0.236080 0.237065 0.237508 0.237492 0.237103 0.236423 0.235538 0.234530 0.233485 0.232487 0.231618 0.230965 0.230610 0.230637 0.231132 0.232177 0.236423 0.233694 0.231502 0.229805 0.228557 0.227715 0.227235 0.227074 0.227186 0.227529 0.228058 0.228730 0.229500 0.230325 0.231160 0.231962 0.228204 0.227936 0.227766 0.227681 0.227668 0.227715 0.227810 0.227941 0.228094 0.228258 0.228419 0.228566 0.228687 0.228768 0.228797 0.228762 0.227724 0.226451 0.225497 0.224813 0.224351 0.224062 0.223896 0.223806 0.223743 0.223657 0.223500 0.223223 0.222778 0.222115 0.221187 0.219943 0.219943 0.219418 0.219186 0.219181 0.219340 0.219600 0.219896 0.220164 0.220340 0.220361 0.220162 0.219679 0.218848 0.217607 0.215889 0.213632 0.188816 0.190947 0.192323 0.193046 0.193222 0.192952 0.192341 0.191492 0.190508 0.189494 0.188552 0.187786 0.187300 0.187196 0.187579 0.188552
0.187048 0.187451 0.187752 0.187967 0.188111 0.188200 0.188250 0.188276 0.188294 0.188320 0.188370 0.188459 0.188602 0.188817 0.189118 0.189522 0.182716 0.191448 0.198884 0.205120 0.210249 0.214367 0.217568 0.219947 0.221598 0.222615 0.223094 0.223130 0.222815 0.222247 0.221518 0.220723 0.219350 0.221097 0.222427 0.223388 0.224031 0.224405 0.224558 0.224541 0.224403 0.224192 0.223959 0.223752 0.223622 0.223616 0.223785 0.224178 0.227314 0.228119 0.228691 0.229059 0.229252 0.229302 0.229236 0.229086 0.228882 0.228652 0.228428 0.228239 0.228114 0.228084 0.228179 0.228428 0.227931 0.228246 0.228551 0.228857 0.229178 0.229526 0.229911 0.230348 0.230847 0.231420 0.232081 0.232840 0.233711 0.234704 0.235833 0.237110 0.233178 0.232806 0.232503 0.232274 0.232123 0.232055 0.232076 0.232191 0.232405 0.232722 0.233147 0.233686 0.234344 0.235125 0.236035 0.237078 0.235986 0.237330 0.237997 0.238101 0.237757 0.237078 0.236181 0.235177 0.234183 0.233312 0.232679 0.232398 0.232583 0.233348 0.234809 0.237078 0.239886 0.237955 0.236326 0.234989 0.233932 0.233147 0.232623 0.232349 0.232316 0.232512 0.232929 0.233555 0.234381 0.235396 0.236589 0.237952 0.237078 0.238204 0.238900 0.239228 0.239245 0.239013 0.238589 0.238034 0.237407 0.236767 0.236174 0.235686 0.235365 0.235268 0.235455 0.235986 0.235986 0.237056 0.237767 0.238165 0.238295 0.238202 0.237930 0.237524 0.237030 0.236492 0.235955 0.235465 0.235065 0.234802 0.234720 0.234863 0.236860 0.237875 0.238317 0.238277 0.237844 0.237110 0.236163 0.235094 0.233993 0.232950 0.232055 0.231398 0.231070 0.231160 0.231758 0.232954 0.237110 0.234174 0.231870 0.230138 0.228917 0.228150 0.227775 0.227735 0.227969 0.228418 0.229023 0.229725 0.230463 0.231178 0.231812 0.232305 0.228652 0.228296 0.228089 0.228009 0.228036 0.228150 0.228329 0.228555 0.228806 0.229062 0.229302 0.229506 0.229653 0.229723 0.229696 0.229551 0.227532 0.226520 0.225736 0.225146 0.224713 0.224405 0.224185 0.224019 0.223873 0.223712 0.223500 0.223203 0.222787 0.222217 0.221457 0.220474 0.220474 0.219545 0.219095 0.219022 0.219224 0.219600 0.220047 0.220463 0.220746 0.220794 0.220505 0.219777 0.218508 0.216596 0.213940 0.210436 0.186748 0.189746 0.191797 0.193025 0.193557 0.193516 0.193028 0.192217 0.191208 0.190126 0.189096 0.188243 0.187692 0.187567 0.187993 0.189096
0.186952 0.187375 0.187696 0.187929 0.188092 0.188200 0.188268 0.188313 0.188350 0.188394 0.188462 0.188570 0.188733 0.188967 0.189287 0.189710 0.183044 0.189220 0.194935 0.200174 0.204923 0.209169 0.212896 0.216092 0.218741 0.220830 0.222346 0.223273 0.223597 0.223305 0.222383 0.220817 0.220006 0.221446 0.222578 0.223436 0.224054 0.224467 0.224710 0.224816 0.224821 0.224759 0.224665 0.224572 0.224517 0.224532 0.224653 0.224914 0.226578 0.228024 0.229046 0.229699 0.230037 0.230114 0.229986 0.229705 0.229326 0.228904 0.228492 0.228145 0.227918 0.227863 0.228037 0.228492 0.228617 0.229131 0.229537 0.229861 0.230129 0.230370 0.230611 0.230878 0.231199 0.231601 0.232111 0.232757 0.233564 0.234562 0.235776 0.237234 0.233990 0.233417 0.233022 0.232793 0.232714 0.232773 0.232955 0.233247 0.233635 0.234106 0.234645 0.235239 0.235874 0.236537 0.237213 0.237890 0.236018 0.237324 0.238075 0.238360 0.238268 0.237890 0.237312 0.236626 0.235919 0.235281 0.234801 0.234568 0.234671 0.235200 0.236243 0.237890 0.239918 0.238478 0.237228 0.236170 0.235308 0.234645 0.234182 0.233923 0.233870 0.234027 0.234395 0.234978 0.235779 0.236799 0.238043 0.239512 0.237890 0.238221 0.238409 0.238472 0.238428 0.238295 0.238091 0.237834 0.237541 0.237231 0.236922 0.236632 0.236379 0.236180 0.236053 0.236018 0.236018 0.237369 0.238305 0.238874 0.239125 0.239106 0.238867 0.238455 0.237920 0.237309 0.236673 0.236059 0.235516 0.235093 0.234838 0.234801 0.237640 0.238338 0.238571 0.238414 0.237943 0.237234 0.236363 0.235406 0.234438 0.233535 0.232773 0.232228 0.231976 0.232092 0.232653 0.233734 0.237234 0.234294 0.232065 0.230470 0.229429 0.228866 0.228703 0.228862 0.229264 0.229832 0.230489 0.231156 0.231755 0.232208 0.232438 0.232367 0.228748 0.228548 0.228482 0.228528 0.228663 0.228866 0.229115 0.229386 0.229658 0.229908 0.230114 0.230255 0.230306 0.230248 0.230056 0.229709 0.226828 0.226115 0.225543 0.225093 0.224741 0.224467 0.224249 0.224065 0.223893 0.223712 0.223500 0.223236 0.222898 0.222464 0.221913 0.221222 0.221222 0.219817 0.219098 0.218919 0.219135 0.219600 0.220169 0.220695 0.221034 0.221040 0.220567 0.219470 0.217602 0.214819 0.210975 0.205924 0.186372 0.189453 0.191606 0.192953 0.193612 0.193704 0.193349 0.192668 0.191780 0.190805 0.189864 0.189076 0.188563 0.188442 0.188836 0.189864
0.187304 0.187599 0.187826 0.187995 0.188116 0.188200 0.188258 0.188300 0.188337 0.188379 0.188437 0.188521 0.188642 0.188811 0.189038 0.189333 0.186048 0.187804 0.190453 0.193807 0.197676 0.201874 0.206211 0.210499 0.214551 0.218178 0.221191 0.223403 0.224626 0.224671 0.223349 0.220474 0.221347 0.222001 0.222614 0.223183 0.223708 0.224186 0.224616 0.224996 0.225323 0.225596 0.225814 0.225974 0.226074 0.226113 0.226090 0.226001 0.225329 0.227593 0.229188 0.230202 0.230719 0.230825 0.230606 0.230149 0.229539 0.228862 0.228204 0.227651 0.227288 0.227202 0.227479 0.228204 0.229742 0.230235 0.230575 0.230795 0.230931 0.231017 0.231087 0.231175 0.231316 0.231544 0.231894 0.232400 0.233097 0.234018 0.235199 0.236673 0.234707 0.234021 0.233626 0.233488 0.233569 0.233834 0.234245 0.234768 0.235366 0.236003 0.236642 0.237247 0.237782 0.238212 0.238499 0.238607 0.235799 0.236811 0.237566 0.238095 0.238431 0.238607 0.238654 0.238605 0.238492 0.238347 0.238202 0.238089 0.238041 0.238090 0.238268 0.238607 0.239699 0.238958 0.238266 0.237637 0.237090 0.236642 0.236308 0.236105 0.236051 0.236162 0.236454 0.236945 0.237651 0.238589 0.239776 0.241228 0.238607 0.237856 0.237370 0.237107 0.237024 0.237078 0.237228 0.237430 0.237641 0.237819 0.237921 0.237904 0.237727 0.237345 0.236717 0.235799 0.235799 0.237179 0.238203 0.238904 0.239319 0.239481 0.239426 0.239189 0.238804 0.238308 0.237734 0.237117 0.236493 0.235897 0.235362 0.234926 0.238420 0.238379 0.238147 0.237761 0.237257 0.236673 0.236045 0.235410 0.234805 0.234267 0.233834 0.233541 0.233425 0.233525 0.233876 0.234515 0.236673 0.233977 0.232055 0.230806 0.230130 0.229929 0.230102 0.230550 0.231174 0.231874 0.232550 0.233102 0.233432 0.233438 0.233023 0.232086 0.228396 0.228657 0.228957 0.229280 0.229609 0.229929 0.230223 0.230476 0.230671 0.230793 0.230825 0.230751 0.230555 0.230222 0.229735 0.229078 0.225516 0.225139 0.224828 0.224572 0.224361 0.224186 0.224037 0.223904 0.223776 0.223645 0.223500 0.223331 0.223129 0.222883 0.222583 0.222221 0.222221 0.220262 0.219216 0.218887 0.219080 0.219600 0.220253 0.220843 0.221175 0.221054 0.220286 0.218676 0.216028 0.212147 0.206839 0.199908 0.188064 0.190220 0.191743 0.192715 0.193216 0.193328 0.193132 0.192708 0.192139 0.191505 0.190888 0.190368 0.190027 0.189946 0.190206 0.190888
0.188200 0.188200 0.188200 0.188200 0.188200 0.188200 0.188200 0.188200 0.188200 0.188200 0.188200 0.188200 0.188200 0.188200 0.188200 0.188200 0.192200 0.187378 0.185405 0.185843 0.188254 0.192200 0.197242 0.202941 0.208859 0.214558 0.219600 0.223546 0.225957 0.226395 0.224422 0.219600 0.223500 0.222796 0.222508 0.222572 0.222924 0.223500 0.224236 0.225068 0.225932 0.226764 0.227500 0.228076 0.228428 0.228492 0.228204 0.227500 0.223500 0.226778 0.229081 0.230535 0.231266 0.231400 0.231062 0.230377 0.229471 0.228470 0.227500 0.226686 0.226153 0.226027 0.226434 0.227500 0.231400 0.231587 0.231650 0.231618 0.231525 0.231400 0.231275 0.231182 0.231150 0.231213 0.231400 0.231743 0.232274 0.233022 0.234021 0.235300 0.235300 0.234614 0.234333 0.234395 0.234738 0.235300 0.236018 0.236829 0.237671 0.238482 0.239200 0.239762 0.240105 0.240167 0.239886 0.239200 0.235300 0.235706 0.236361 0.237203 0.238170 0.239200 0.240230 0.241197 0.242039 0.242694 0.243100 0.243194 0.242913 0.242195 0.240978 0.239200 0.239200 0.239387 0.239450 0.239418 0.239325 0.239200 0.239075 0.238982 0.238950 0.239013 0.239200 0.239543 0.240074 0.240822 0.241821 0.243100 0.239200 0.237047 0.235706 0.235050 0.234957 0.235300 0.235955 0.236798 0.237702 0.238545 0.239200 0.239543 0.239450 0.238794 0.237453 0.235300 0.235300 0.236392 0.237328 0.238108 0.238732 0.239200 0.239512 0.239668 0.239668 0.239512 0.239200 0.238732 0.238108 0.237328 0.236392 0.235300 0.239200 0.237921 0.236922 0.236174 0.235643 0.235300 0.235113 0.235050 0.235082 0.235175 0.235300 0.235425 0.235518 0.235550 0.235487 0.235300 0.235300 0.233147 0.231806 0.231150 0.231057 0.231400 0.232055 0.232898 0.233802 0.234645 0.235300 0.235643 0.235550 0.234894 0.233553 0.231400 0.227500 0.228592 0.229528 0.230308 0.230932 0.231400 0.231712 0.231868 0.231868 0.231712 0.231400 0.230932 0.230308 0.229528 0.228592 0.227500 0.223500 0.223500 0.223500 0.223500 0.223500 0.223500 0.223500 0.223500 0.223500 0.223500 0.223500 0.223500 0.223500 0.223500 0.223500 0.223500 0.223500 0.220906 0.219469 0.218939 0.219066 0.219600 0.220290 0.220885 0.221135 0.220790 0.219600 0.217314 0.213681 0.208451 0.201374 0.192200 0.192200 0.192200 0.192200 0.192200 0.192200 0.192200 0.192200 0.192200 0.192200 0.192200 0.192200 0.192200 0.192200 0.192200 0.192200 0.192200
0.192200 0.192200 0.192200 0.192200 0.192200 0.192200 0.192200 0.192200 0.192200 0.192200 0.192200 0.192200 0.192200 0.192200 0.192200 0.192200 0.196100 0.195450 0.194609 0.193703 0.192858 0.192200 0.191854 0.191945 0.192599 0.193942 0.196100 0.199198 0.203361 0.208715 0.215386 0.223500 0.219600 0.222191 0.224214 0.225730 0.226805 0.227500 0.227879 0.228006 0.227942 0.227753 0.227500 0.227247 0.227058 0.226994 0.227121 0.227500 0.227500 0.228779 0.229778 0.230526 0.231057 0.231400 0.231587 0.231650 0.231618 0.231525 0.231400 0.231275 0.231182 0.231150 0.231213 0.231400 0.231400 0.233740 0.235144 0.235768 0.235768 0.235300 0.234520 0.233584 0.232648 0.231868 0.231400 0.231400 0.232024 0.233428 0.235768 0.239200 0.239200 0.239200 0.239200 0.239200 0.239200 0.239200 0.239200 0.239200 0.239200 0.239200 0.239200 0.239200 0.239200 0.239200 0.239200 0.239200 0.239200 0.239200 0.239200 0.239200 0.239200 0.239200 0.239200 0.239200 0.239200 0.239200 0.239200 0.239200 0.239200 0.239200 0.239200 0.239200 0.239200 0.240479 0.241478 0.242226 0.242757 0.243100 0.243287 0.243350 0.243318 0.243225 0.243100 0.242975 0.242882 0.242850 0.242913 0.243100 0.243100 0.243100 0.243100 0.243100 0.243100 0.243100 0.243100 0.243100 0.243100 0.243100 0.243100 0.243100 0.243100 0.243100 0.243100 0.243100 0.243100 0.242913 0.242850 0.242882 0.242975 0.243100 0.243225 0.243318 0.243350 0.243287 0.243100 0.242757 0.242226 0.241478 0.240479 0.239200 0.243100 0.240947 0.239606 0.238950 0.238857 0.239200 0.239855 0.240698 0.241602 0.242445 0.243100 0.243443 0.243350 0.242694 0.241353 0.239200 0.231400 0.233771 0.235706 0.237234 0.238389 0.239200 0.239699 0.239918 0.239886 0.239637 0.239200 0.238607 0.237890 0.237078 0.236205 0.235300 0.231400 0.232274 0.232617 0.232523 0.232086 0.231400 0.230558 0.229653 0.228779 0.228030 0.227500 0.227282 0.227469 0.228155 0.229434 0.231400 0.231400 0.227913 0.225538 0.224118 0.223491 0.223500 0.223985 0.224786 0.225746 0.226703 0.227500 0.227977 0.227974 0.227334 0.225895 0.223500 0.223500 0.214513 0.207498 0.202238 0.198511 0.196100 0.194785 0.194346 0.194566 0.195223 0.196100 0.196977 0.197634 0.197854 0.197415 0.196100 0.192200 0.191326 0.190983 0.191077 0.191514 0.192200 0.193042 0.193947 0.194821 0.195570 0.196100 0.196318 0.196131 0.195445 0.194166 0.192200
0.192200 0.192112 0.192052 0.192017 0.192003 0.192008 0.192028 0.192061 0.192102 0.192150 0.192200 0.192250 0.192297 0.192338 0.192369 0.192387 0.194134 0.193309 0.192586 0.192014 0.191640 0.191514 0.191683 0.192197 0.193103 0.194450 0.196287 0.198662 0.201624 0.205221 0.209501 0.214513 0.212079 0.219934 0.225719 0.229691 0.232104 0.233214 0.233275 0.232544 0.231275 0.229724 0.228146 0.226795 0.225928 0.225800 0.226665 0.228779 0.228093 0.228824 0.229483 0.230076 0.230609 0.231088 0.231518 0.231905 0.232255 0.232574 0.232866 0.233139 0.233398 0.233648 0.233895 0.234146 0.233464 0.235483 0.236571 0.236892 0.236611 0.235893 0.234901 0.233801 0.232758 0.231935 0.231498 0.231612 0.232440 0.234147 0.236898 0.240858 0.241978 0.241132 0.240566 0.240241 0.240115 0.240150 0.240303 0.240534 0.240803 0.241069 0.241292 0.241431 0.241445 0.241295 0.240939 0.240337 0.238402 0.239962 0.241078 0.241812 0.242227 0.242384 0.242346 0.242174 0.241931 0.241679 0.241479 0.241394 0.241487 0.241818 0.242450 0.243445 0.241698 0.242734 0.243587 0.244268 0.244789 0.245161 0.245396 0.245505 0.245500 0.245391 0.245192 0.244913 0.244565 0.244160 0.243710 0.243226 0.244506 0.244839 0.245063 0.245189 0.245228 0.245192 0.245092 0.244941 0.244748 0.244527 0.244287 0.244042 0.243801 0.243578 0.243382 0.243226 0.245192 0.245730 0.246093 0.246294 0.246343 0.246253 0.246034 0.245697 0.245255 0.244719 0.244100 0.243410 0.242659 0.241861 0.241025 0.240164 0.242084 0.240166 0.238847 0.238036 0.237644 0.237582 0.237759 0.238086 0.238475 0.238834 0.239074 0.239107 0.238841 0.238188 0.237058 0.235362 0.232340 0.233270 0.234066 0.234737 0.235291 0.235736 0.236081 0.236335 0.236506 0.236602 0.236632 0.236604 0.236527 0.236409 0.236259 0.236085 0.231239 0.231920 0.232310 0.232455 0.232397 0.232180 0.231848 0.231445 0.231015 0.230600 0.230246 0.229995 0.229891 0.229978 0.230300 0.230901 0.230901 0.228574 0.226788 0.225489 0.224620 0.224126 0.223949 0.224035 0.224327 0.224770 0.225306 0.225882 0.226440 0.226924 0.227279 0.227449 0.215574 0.208746 0.203615 0.199970 0.197598 0.196287 0.195827 0.196005 0.196610 0.197430 0.198253 0.198867 0.199062 0.198625 0.197344 0.195008 0.191514 0.191010 0.190810 0.190862 0.191113 0.191514 0.192011 0.192555 0.193093 0.193574 0.193947 0.194160 0.194162 0.193902 0.193327 0.192387
0.192200 0.192083 0.192003 0.191956 0.191938 0.191944 0.191971 0.192014 0.192069 0.192133 0.192200 0.192267 0.192330 0.192384 0.192425 0.192450 0.192855 0.191958 0.191352 0.191033 0.190995 0.191233 0.191740 0.192510 0.193539 0.194821 0.196350 0.198119 0.200125 0.202360 0.204820 0.207498 0.206126 0.216964 0.224977 0.230513 0.233918 0.235537 0.235718 0.234806 0.233149 0.231093 0.228985 0.227170 0.225995 0.225807 0.226953 0.229778 0.228810 0.229088 0.229452 0.229889 0.230387 0.230932 0.231512 0.232114 0.232726 0.233335 0.233927 0.234491 0.235013 0.235482 0.235883 0.236205 0.235244 0.236983 0.237825 0.237933 0.237474 0.236610 0.235508 0.234331 0.233244 0.232412 0.231999 0.232170 0.233089 0.234922 0.237831 0.241983 0.244063 0.242593 0.241623 0.241080 0.240892 0.240985 0.241285 0.241720 0.242215 0.242698 0.243096 0.243335 0.243341 0.243042 0.242364 0.241234 0.238551 0.241176 0.243038 0.244246 0.244905 0.245124 0.245008 0.244666 0.244203 0.243727 0.243346 0.243165 0.243292 0.243834 0.244898 0.246590 0.244157 0.244649 0.245140 0.245612 0.246049 0.246434 0.246751 0.246982 0.247111 0.247121 0.246996 0.246718 0.246272 0.245640 0.244805 0.243751 0.246029 0.246589 0.246941 0.247110 0.247120 0.246996 0.246762 0.246443 0.246063 0.245646 0.245218 0.244802 0.244422 0.244105 0.243873 0.243751 0.246996 0.247930 0.248503 0.248756 0.248729 0.248462 0.247998 0.247376 0.246636 0.245820 0.244968 0.244121 0.243319 0.242603 0.242014 0.241592 0.241640 0.240089 0.238964 0.238202 0.237739 0.237509 0.237449 0.237495 0.237583 0.237648 0.237627 0.237455 0.237068 0.236402 0.235393 0.233977 0.234264 0.234169 0.234151 0.234203 0.234314 0.234476 0.234679 0.234915 0.235174 0.235446 0.235724 0.235997 0.236258 0.236495 0.236701 0.236866 0.231706 0.232154 0.232497 0.232740 0.232892 0.232960 0.232952 0.232874 0.232736 0.232543 0.232305 0.232028 0.231719 0.231387 0.231039 0.230682 0.230682 0.229055 0.227665 0.226506 0.225576 0.224869 0.224380 0.224106 0.224042 0.224182 0.224523 0.225060 0.225789 0.226705 0.227803 0.229078 0.208965 0.203991 0.200439 0.198113 0.196816 0.196350 0.196518 0.197123 0.197969 0.198859 0.199594 0.199979 0.199817 0.198909 0.197060 0.194072 0.191233 0.190984 0.190882 0.190906 0.191030 0.191233 0.191490 0.191780 0.192077 0.192360 0.192606 0.192790 0.192889 0.192881 0.192742 0.192450
0.192200 0.192098 0.192028 0.191986 0.191970 0.191976 0.191999 0.192037 0.192086 0.192141 0.192200 0.192259 0.192313 0.192361 0.192397 0.192418 0.192169 0.191282 0.190792 0.190657 0.190838 0.191295 0.191988 0.192877 0.193922 0.195082 0.196318 0.197591 0.198859 0.200082 0.201222 0.202238 0.201582 0.213475 0.222409 0.228739 0.232819 0.235003 0.235647 0.235103 0.233726 0.231871 0.229891 0.228142 0.226976 0.226749 0.227814 0.230526 0.229622 0.229543 0.229660 0.229947 0.230379 0.230932 0.231581 0.232302 0.233069 0.233858 0.234645 0.235404 0.236111 0.236741 0.237269 0.237671 0.236772 0.238263 0.238916 0.238889 0.238339 0.237422 0.236295 0.235117 0.234044 0.233233 0.232841 0.233025 0.233943 0.235752 0.238608 0.242669 0.245549 0.243657 0.242428 0.241764 0.241566 0.241735 0.242173 0.242782 0.243462 0.244116 0.244644 0.244948 0.244930 0.244490 0.243531 0.241954 0.239489 0.242745 0.245033 0.246489 0.247250 0.247452 0.247232 0.246726 0.246072 0.245405 0.244862 0.244581 0.244696 0.245346 0.246666 0.248794 0.246547 0.246274 0.246242 0.246398 0.246694 0.247078 0.247499 0.247907 0.248250 0.248480 0.248544 0.248392 0.247974 0.247238 0.246135 0.244613 0.247639 0.248327 0.248724 0.248867 0.248794 0.248544 0.248154 0.247662 0.247106 0.246524 0.245954 0.245434 0.245002 0.244696 0.244554 0.244613 0.248544 0.249599 0.250202 0.250413 0.250288 0.249886 0.249263 0.248480 0.247592 0.246658 0.245736 0.244884 0.244159 0.243619 0.243323 0.243328 0.241704 0.240599 0.239786 0.239219 0.238851 0.238635 0.238524 0.238472 0.238430 0.238353 0.238193 0.237903 0.237437 0.236748 0.235788 0.234511 0.236888 0.236123 0.235568 0.235202 0.235002 0.234948 0.235017 0.235189 0.235441 0.235752 0.236100 0.236464 0.236822 0.237153 0.237435 0.237646 0.232642 0.232850 0.233080 0.233316 0.233541 0.233740 0.233896 0.233994 0.234016 0.233947 0.233771 0.233472 0.233032 0.232437 0.231669 0.230714 0.230714 0.229408 0.228248 0.227241 0.226389 0.225699 0.225175 0.224822 0.224645 0.224648 0.224837 0.225216 0.225790 0.226565 0.227544 0.228734 0.203579 0.200172 0.197919 0.196643 0.196169 0.196318 0.196916 0.197784 0.198747 0.199628 0.200250 0.200436 0.200010 0.198795 0.196615 0.193292 0.191295 0.191202 0.191163 0.191169 0.191216 0.191295 0.191401 0.191526 0.191664 0.191807 0.191950 0.192086 0.192207 0.192308 0.192380 0.192418
0.192200 0.192141 0.192101 0.192078 0.192069 0.192072 0.192085 0.192107 0.192135 0.192166 0.192200 0.192234 0.192265 0.192292 0.192313 0.192325 0.191982 0.191172 0.190790 0.190779 0.191081 0.191638 0.192393 0.193286 0.194261 0.195260 0.196225 0.197097 0.197820 0.198335 0.198585 0.198511 0.198293 0.209660 0.218433 0.224908 0.229380 0.232146 0.233502 0.233743 0.233166 0.232066 0.230738 0.229480 0.228587 0.228355 0.229080 0.231057 0.230495 0.230157 0.230079 0.230228 0.230575 0.231088 0.231737 0.232492 0.233322 0.234195 0.235082 0.235951 0.236772 0.237514 0.238146 0.238638 0.238080 0.239348 0.239859 0.239759 0.239190 0.238295 0.237219 0.236104 0.235093 0.234332 0.233962 0.234127 0.234971 0.236637 0.239269 0.243010 0.246530 0.244399 0.243040 0.242337 0.242173 0.242430 0.242994 0.243746 0.244570 0.245350 0.245968 0.246308 0.246254 0.245688 0.244494 0.242555 0.241058 0.244574 0.247013 0.248529 0.249274 0.249400 0.249060 0.248407 0.247593 0.246771 0.246093 0.245712 0.245781 0.246452 0.247878 0.250211 0.248838 0.247658 0.246996 0.246765 0.246878 0.247247 0.247785 0.248403 0.249015 0.249533 0.249868 0.249934 0.249643 0.248907 0.247638 0.245750 0.249306 0.250034 0.250403 0.250464 0.250269 0.249868 0.249312 0.248653 0.247941 0.247226 0.246561 0.245995 0.245580 0.245367 0.245407 0.245750 0.249868 0.250822 0.251316 0.251414 0.251180 0.250679 0.249976 0.249136 0.248223 0.247301 0.246436 0.245692 0.245133 0.244824 0.244830 0.245216 0.242212 0.241579 0.241139 0.240856 0.240693 0.240614 0.240583 0.240563 0.240518 0.240411 0.240206 0.239866 0.239355 0.238636 0.237673 0.236430 0.239928 0.238789 0.237923 0.237302 0.236898 0.236680 0.236620 0.236690 0.236860 0.237101 0.237384 0.237681 0.237962 0.238199 0.238362 0.238423 0.233893 0.233879 0.233963 0.234117 0.234313 0.234520 0.234711 0.234857 0.234930 0.234900 0.234738 0.234418 0.233908 0.233182 0.232210 0.230963 0.230963 0.229682 0.228622 0.227765 0.227092 0.226586 0.226230 0.226004 0.225892 0.225874 0.225934 0.226052 0.226212 0.226395 0.226584 0.226759 0.199322 0.197213 0.196001 0.195533 0.195659 0.196225 0.197080 0.198071 0.199047 0.199855 0.200343 0.200360 0.199753 0.198370 0.196059 0.192668 0.191638 0.191622 0.191614 0.191614 0.191622 0.191638 0.191664 0.191698 0.191741 0.191794 0.191857 0.191929 0.192012 0.192106 0.192210 0.192325
0.192200 0.192200 0.192200 0.192200 0.192200 0.192200 0.192200 0.192200 0.192200 0.192200 0.192200 0.192200 0.192200 0.192200 0.192200 0.192200 0.192200 0.191514 0.191233 0.191295 0.191638 0.192200 0.192918 0.193729 0.194571 0.195382 0.196100 0.196662 0.197005 0.197067 0.196786 0.196100 0.196100 0.205713 0.213470 0.219562 0.224175 0.227500 0.229725 0.231038 0.231630 0.231687 0.231400 0.230957 0.230546 0.230358 0.230579 0.231400 0.231400 0.230901 0.230682 0.230714 0.230963 0.231400 0.231993 0.232710 0.233522 0.234395 0.235300 0.236205 0.237078 0.237890 0.238607 0.239200 0.239200 0.240261 0.240666 0.240542 0.240011 0.239200 0.238233 0.237234 0.236330 0.235643 0.235300 0.235425 0.236142 0.237578 0.239855 0.243100 0.247100 0.244892 0.243516 0.242844 0.242748 0.243100 0.243772 0.244636 0.245564 0.246428 0.247100 0.247452 0.247356 0.246684 0.245308 0.243100 0.243100 0.246565 0.248930 0.250354 0.250991 0.251000 0.250537 0.249758 0.248822 0.247883 0.247100 0.246629 0.246626 0.247250 0.248655 0.251000 0.251000 0.248847 0.247506 0.246850 0.246757 0.247100 0.247755 0.248598 0.249502 0.250345 0.251000 0.251343 0.251250 0.250594 0.249253 0.247100 0.251000 0.251686 0.251967 0.251905 0.251562 0.251000 0.250282 0.249471 0.248629 0.247818 0.247100 0.246538 0.246195 0.246133 0.246414 0.247100 0.251000 0.251686 0.251967 0.251905 0.251562 0.251000 0.250282 0.249471 0.248629 0.247818 0.247100 0.246538 0.246195 0.246133 0.246414 0.247100 0.243100 0.242913 0.242850 0.242882 0.242975 0.243100 0.243225 0.243318 0.243350 0.243287 0.243100 0.242757 0.242226 0.241478 0.240479 0.239200 0.243100 0.241821 0.240822 0.240074 0.239543 0.239200 0.239013 0.238950 0.238982 0.239075 0.239200 0.239325 0.239418 0.239450 0.239387 0.239200 0.235300 0.235113 0.235050 0.235082 0.235175 0.235300 0.235425 0.235518 0.235550 0.235487 0.235300 0.234957 0.234426 0.233678 0.232679 0.231400 0.231400 0.229929 0.228866 0.228150 0.227715 0.227500 0.227441 0.227474 0.227538 0.227567 0.227500 0.227273 0.226822 0.226086 0.224999 0.223500 0.196100 0.195039 0.194634 0.194758 0.195289 0.196100 0.197067 0.198066 0.198970 0.199657 0.200000 0.199875 0.199158 0.197722 0.195445 0.192200 0.192200 0.192200 0.192200 0.192200 0.192200 0.192200 0.192200 0.192200 0.192200 0.192200 0.192200 0.192200 0.192200 0.192200 0.192200 0.192200
0.192200 0.192259 0.192299 0.192322 0.192331 0.192328 0.192315 0.192293 0.192265 0.192234 0.192200 0.192167 0.192135 0.192108 0.192087 0.192075 0.192730 0.192197 0.192005 0.192100 0.192423 0.192918 0.193527 0.194195 0.194863 0.195476 0.195975 0.196305 0.196407 0.196226 0.195704 0.194785 0.194847 0.201827 0.207941 0.213241 0.217777 0.221598 0.224755 0.227298 0.229278 0.230745 0.231750 0.232341 0.232570 0.232488 0.232143 0.231587 0.232305 0.231743 0.231445 0.231384 0.231534 0.231868 0.232359 0.232981 0.233707 0.234509 0.235362 0.236239 0.237113 0.237957 0.238745 0.239450 0.240164 0.241027 0.241350 0.241235 0.240786 0.240105 0.239293 0.238454 0.237689 0.237102 0.236794 0.236869 0.237427 0.238573 0.240408 0.243034 0.247354 0.245211 0.243914 0.243331 0.243328 0.243774 0.244534 0.245477 0.246470 0.247379 0.248072 0.248416 0.248279 0.247527 0.246028 0.243649 0.245458 0.248622 0.250736 0.251950 0.252416 0.252284 0.251706 0.250832 0.249814 0.248802 0.247947 0.247401 0.247314 0.247837 0.249121 0.251317 0.253002 0.249892 0.247876 0.246793 0.246486 0.246793 0.247556 0.248614 0.249810 0.250982 0.251972 0.252620 0.252766 0.252252 0.250917 0.248602 0.252690 0.253264 0.253408 0.253193 0.252691 0.251972 0.251109 0.250172 0.249233 0.248364 0.247635 0.247119 0.246886 0.247008 0.247556 0.248602 0.251972 0.252277 0.252280 0.252034 0.251591 0.251005 0.250327 0.249611 0.248910 0.248275 0.247760 0.247417 0.247300 0.247460 0.247950 0.248824 0.244304 0.244484 0.244748 0.245066 0.245409 0.245746 0.246047 0.246285 0.246427 0.246446 0.246310 0.245991 0.245459 0.244684 0.243636 0.242286 0.246120 0.244875 0.243873 0.243084 0.242482 0.242036 0.241719 0.241503 0.241358 0.241258 0.241172 0.241073 0.240933 0.240722 0.240413 0.239977 0.236707 0.236424 0.236245 0.236144 0.236098 0.236080 0.236066 0.236031 0.235950 0.235798 0.235550 0.235180 0.234665 0.233979 0.233096 0.231993 0.231993 0.230198 0.229064 0.228468 0.228290 0.228410 0.228705 0.229055 0.229338 0.229434 0.229222 0.228581 0.227389 0.225526 0.222870 0.219301 0.193818 0.193574 0.193765 0.194293 0.195062 0.195975 0.196937 0.197852 0.198622 0.199152 0.199345 0.199105 0.198335 0.196940 0.194823 0.191888 0.192918 0.192891 0.192883 0.192888 0.192902 0.192918 0.192931 0.192937 0.192930 0.192904 0.192855 0.192778 0.192666 0.192515 0.192320 0.192075
0.192200 0.192302 0.192372 0.192414 0.192430 0.192424 0.192401 0.192363 0.192314 0.192259 0.192200 0.192141 0.192087 0.192039 0.192003 0.191982 0.193479 0.193108 0.192993 0.193087 0.193348 0.193729 0.194186 0.194675 0.195150 0.195567 0.195882 0.196049 0.196023 0.195761 0.195217 0.194346 0.194378 0.198195 0.202266 0.206487 0.210757 0.214973 0.219032 0.222833 0.226273 0.229250 0.231661 0.233404 0.234377 0.234477 0.233602 0.231650 0.233178 0.232653 0.232339 0.232219 0.232276 0.232492 0.232849 0.233329 0.233914 0.234588 0.235331 0.236127 0.236958 0.237806 0.238652 0.239481 0.241004 0.241669 0.241922 0.241840 0.241499 0.240978 0.240355 0.239706 0.239110 0.238643 0.238383 0.238408 0.238796 0.239623 0.240968 0.242907 0.247387 0.245430 0.244292 0.243842 0.243949 0.244481 0.245306 0.246294 0.247312 0.248230 0.248916 0.249238 0.249065 0.248266 0.246709 0.244262 0.247975 0.250649 0.252381 0.253306 0.253561 0.253284 0.252611 0.251679 0.250625 0.249586 0.248698 0.248098 0.247923 0.248311 0.249397 0.251318 0.254813 0.250840 0.248209 0.246732 0.246220 0.246482 0.247332 0.248579 0.250034 0.251510 0.252816 0.253764 0.254165 0.253830 0.252569 0.250195 0.254345 0.254745 0.254715 0.254333 0.253674 0.252816 0.251836 0.250810 0.249816 0.248930 0.248230 0.247791 0.247691 0.248008 0.248817 0.250195 0.252816 0.252680 0.252378 0.251948 0.251426 0.250850 0.250257 0.249683 0.249165 0.248742 0.248448 0.248322 0.248400 0.248720 0.249318 0.250232 0.245760 0.246176 0.246660 0.247179 0.247704 0.248205 0.248650 0.249010 0.249254 0.249351 0.249271 0.248984 0.248459 0.247666 0.246574 0.245153 0.248704 0.247607 0.246681 0.245904 0.245256 0.244716 0.244264 0.243880 0.243542 0.243230 0.242924 0.242603 0.242246 0.241832 0.241342 0.240754 0.237958 0.237685 0.237450 0.237242 0.237049 0.236860 0.236664 0.236449 0.236204 0.235919 0.235581 0.235179 0.234703 0.234140 0.233479 0.232710 0.232710 0.230541 0.229295 0.228792 0.228849 0.229285 0.229918 0.230566 0.231048 0.231183 0.230787 0.229680 0.227681 0.224606 0.220275 0.214506 0.192381 0.192743 0.193342 0.194110 0.194980 0.195882 0.196749 0.197512 0.198104 0.198457 0.198502 0.198172 0.197398 0.196112 0.194246 0.191732 0.193729 0.193652 0.193627 0.193640 0.193678 0.193729 0.193778 0.193813 0.193820 0.193786 0.193698 0.193542 0.193306 0.192976 0.192539 0.191982
0.192200 0.192317 0.192397 0.192444 0.192462 0.192456 0.192429 0.192386 0.192331 0.192267 0.192200 0.192133 0.192070 0.192016 0.191975 0.191950 0.194353 0.194138 0.194081 0.194154 0.194327 0.194571 0.194858 0.195159 0.195443 0.195684 0.195850 0.195915 0.195847 0.195619 0.195202 0.194566 0.194534 0.195011 0.196864 0.199841 0.203690 0.208159 0.212998 0.217953 0.222775 0.227210 0.231007 0.233915 0.235682 0.236056 0.234785 0.231618 0.233990 0.233600 0.233339 0.233200 0.233179 0.233272 0.233473 0.233778 0.234182 0.234681 0.235269 0.235942 0.236695 0.237523 0.238422 0.239387 0.241752 0.242213 0.242396 0.242353 0.242133 0.241790 0.241373 0.240935 0.240527 0.240200 0.240005 0.239994 0.240218 0.240728 0.241576 0.242813 0.247293 0.245623 0.244708 0.244424 0.244646 0.245251 0.246114 0.247111 0.248118 0.249011 0.249664 0.249954 0.249758 0.248949 0.247406 0.245002 0.250493 0.252550 0.253817 0.254408 0.254441 0.254032 0.253296 0.252351 0.251311 0.250293 0.249414 0.248790 0.248536 0.248770 0.249606 0.251162 0.256403 0.251740 0.248611 0.246806 0.246114 0.246326 0.247230 0.248616 0.250274 0.251994 0.253564 0.254775 0.255416 0.255277 0.254148 0.251817 0.255935 0.256108 0.255879 0.255327 0.254529 0.253564 0.252509 0.251441 0.250440 0.249582 0.248946 0.248610 0.248651 0.249147 0.250176 0.251817 0.253564 0.252981 0.252385 0.251794 0.251225 0.250694 0.250217 0.249812 0.249496 0.249285 0.249196 0.249246 0.249451 0.249829 0.250395 0.251168 0.247404 0.247873 0.248412 0.248990 0.249573 0.250131 0.250631 0.251042 0.251331 0.251467 0.251417 0.251150 0.250633 0.249835 0.248724 0.247267 0.250568 0.249672 0.248852 0.248100 0.247408 0.246768 0.246172 0.245614 0.245084 0.244575 0.244080 0.243590 0.243099 0.242597 0.242078 0.241534 0.238894 0.238767 0.238570 0.238310 0.237997 0.237640 0.237247 0.236826 0.236387 0.235938 0.235487 0.235044 0.234618 0.234216 0.233848 0.233522 0.233522 0.231007 0.229643 0.229193 0.229422 0.230095 0.230977 0.231831 0.232424 0.232519 0.231881 0.230275 0.227465 0.223217 0.217294 0.209462 0.191695 0.192469 0.193313 0.194186 0.195045 0.195850 0.196559 0.197130 0.197521 0.197691 0.197598 0.197200 0.196456 0.195325 0.193764 0.191732 0.194571 0.194438 0.194394 0.194415 0.194482 0.194571 0.194662 0.194732 0.194760 0.194724 0.194602 0.194374 0.194016 0.193507 0.192826 0.191950
0.192200 0.192288 0.192348 0.192383 0.192397 0.192392 0.192372 0.192340 0.192298 0.192250 0.192200 0.192150 0.192103 0.192062 0.192031 0.192013 0.195258 0.195172 0.195155 0.195193 0.195273 0.195382 0.195508 0.195637 0.195756 0.195852 0.195913 0.195925 0.195874 0.195749 0.195537 0.195223 0.195161 0.192469 0.192156 0.193843 0.197147 0.201690 0.207091 0.212969 0.218944 0.224635 0.229662 0.233645 0.236203 0.236956 0.235524 0.231525 0.234707 0.234555 0.234418 0.234306 0.234232 0.234208 0.234245 0.234354 0.234548 0.234839 0.235238 0.235756 0.236406 0.237199 0.238147 0.239262 0.242440 0.242682 0.242785 0.242773 0.242672 0.242507 0.242303 0.242085 0.241878 0.241707 0.241598 0.241574 0.241662 0.241887 0.242273 0.242846 0.247166 0.245864 0.245219 0.245120 0.245456 0.246114 0.246984 0.247954 0.248912 0.249748 0.250348 0.250602 0.250399 0.249626 0.248173 0.245927 0.252854 0.254228 0.254995 0.255246 0.255070 0.254560 0.253806 0.252898 0.251927 0.250984 0.250161 0.249547 0.249233 0.249311 0.249871 0.251003 0.257742 0.252640 0.249184 0.247153 0.246325 0.246479 0.247395 0.248851 0.250626 0.252499 0.254248 0.255653 0.256492 0.256545 0.255590 0.253406 0.257430 0.257332 0.256891 0.256181 0.255275 0.254248 0.253172 0.252121 0.251167 0.250386 0.249849 0.249630 0.249803 0.250441 0.251617 0.253406 0.254248 0.253266 0.252425 0.251721 0.251145 0.250691 0.250354 0.250126 0.250002 0.249974 0.250036 0.250182 0.250406 0.250700 0.251059 0.251476 0.249172 0.249457 0.249833 0.250267 0.250727 0.251178 0.251590 0.251929 0.252162 0.252257 0.252182 0.251902 0.251386 0.250602 0.249515 0.248094 0.251428 0.250726 0.249995 0.249243 0.248482 0.247720 0.246968 0.246237 0.245536 0.244875 0.244264 0.243713 0.243233 0.242834 0.242524 0.242315 0.239361 0.239544 0.239508 0.239286 0.238912 0.238420 0.237843 0.237215 0.236570 0.235941 0.235362 0.234867 0.234489 0.234262 0.234219 0.234395 0.234395 0.231648 0.230188 0.229743 0.230042 0.230810 0.231778 0.232672 0.233220 0.233150 0.232190 0.230067 0.226510 0.221247 0.214005 0.204511 0.191666 0.192677 0.193626 0.194494 0.195262 0.195913 0.196427 0.196787 0.196974 0.196970 0.196755 0.196312 0.195623 0.194668 0.193429 0.191888 0.195382 0.195207 0.195147 0.195176 0.195264 0.195382 0.195504 0.195599 0.195640 0.195598 0.195445 0.195152 0.194690 0.194033 0.193149 0.192013
0.192200 0.192200 0.192200 0.192200 0.192200 0.192200 0.192200 0.192200 0.192200 0.192200 0.192200 0.192200 0.192200 0.192200 0.192200 0.192200 0.196100 0.196100 0.196100 0.196100 0.196100 0.196100 0.196100 0.196100 0.196100 0.196100 0.196100 0.196100 0.196100 0.196100 0.196100 0.196100 0.196100 0.190761 0.188562 0.189034 0.191703 0.196100 0.201753 0.208190 0.214942 0.221535 0.227500 0.232365 0.235658 0.236910 0.235647 0.231400 0.235300 0.235487 0.235550 0.235518 0.235425 0.235300 0.235175 0.235082 0.235050 0.235113 0.235300 0.235643 0.236174 0.236922 0.237921 0.239200 0.243100 0.243100 0.243100 0.243100 0.243100 0.243100 0.243100 0.243100 0.243100 0.243100 0.243100 0.243100 0.243100 0.243100 0.243100 0.243100 0.247100 0.246226 0.245883 0.245977 0.246414 0.247100 0.247942 0.248847 0.249721 0.250470 0.251000 0.251218 0.251031 0.250345 0.249066 0.247100 0.254900 0.255586 0.255867 0.255805 0.255462 0.254900 0.254182 0.253371 0.252529 0.251718 0.251000 0.250438 0.250095 0.250033 0.250314 0.251000 0.258800 0.253590 0.250033 0.247911 0.247006 0.247100 0.247974 0.249409 0.251187 0.253090 0.254900 0.256398 0.257365 0.257583 0.256834 0.254900 0.258800 0.258394 0.257739 0.256897 0.255930 0.254900 0.253870 0.252903 0.252061 0.251406 0.251000 0.250906 0.251187 0.251905 0.253122 0.254900 0.254900 0.253621 0.252622 0.251874 0.251343 0.251000 0.250813 0.250750 0.250782 0.250875 0.251000 0.251125 0.251218 0.251250 0.251187 0.251000 0.251000 0.250813 0.250750 0.250782 0.250875 0.251000 0.251125 0.251218 0.251250 0.251187 0.251000 0.250657 0.250126 0.249378 0.248379 0.247100 0.251000 0.250425 0.249714 0.248902 0.248019 0.247100 0.246177 0.245282 0.244450 0.243711 0.243100 0.242649 0.242390 0.242358 0.242583 0.243100 0.239200 0.239886 0.240167 0.240105 0.239762 0.239200 0.238482 0.237671 0.236829 0.236018 0.235300 0.234738 0.234395 0.234333 0.234614 0.235300 0.235300 0.232514 0.231013 0.230515 0.230738 0.231400 0.232218 0.232909 0.233191 0.232782 0.231400 0.228762 0.224585 0.218587 0.210486 0.200000 0.192200 0.193292 0.194228 0.195008 0.195632 0.196100 0.196412 0.196568 0.196568 0.196412 0.196100 0.195632 0.195008 0.194228 0.193292 0.192200 0.196100 0.195913 0.195850 0.195882 0.195975 0.196100 0.196225 0.196318 0.196350 0.196287 0.196100 0.195757 0.195226 0.194478 0.193479 0.192200
0.192200 0.192039 0.191929 0.191864 0.191839 0.191848 0.191885 0.191944 0.192020 0.192107 0.192200 0.192292 0.192378 0.192453 0.192510 0.192543 0.196786 0.196810 0.196802 0.196770 0.196721 0.196662 0.196598 0.196538 0.196488 0.196454 0.196443 0.196463 0.196519 0.196619 0.196769 0.196977 0.197195 0.190081 0.186503 0.185955 0.187930 0.191922 0.197423 0.203928 0.210929 0.217920 0.224394 0.229844 0.233764 0.235647 0.234986 0.231275 0.235737 0.236365 0.236707 0.236817 0.236746 0.236548 0.236277 0.235985 0.235726 0.235553 0.235518 0.235676 0.236080 0.236782 0.237835 0.239294 0.243764 0.243491 0.243355 0.243332 0.243400 0.243537 0.243719 0.243924 0.244129 0.244312 0.244450 0.244521 0.244500 0.244367 0.244098 0.243670 0.247190 0.246786 0.246759 0.247039 0.247556 0.248238 0.249014 0.249815 0.250569 0.251205 0.251652 0.251840 0.251698 0.251154 0.250139 0.248581 0.256474 0.256529 0.256385 0.256074 0.255629 0.255084 0.254471 0.253823 0.253172 0.252552 0.251995 0.251534 0.251203 0.251033 0.251057 0.251309 0.259546 0.254636 0.251261 0.249220 0.248315 0.248345 0.249111 0.250415 0.252056 0.253835 0.255552 0.257009 0.258005 0.258342 0.257819 0.256238 0.260014 0.259275 0.258416 0.257479 0.256510 0.255552 0.254649 0.253844 0.253183 0.252708 0.252463 0.252493 0.252842 0.253553 0.254671 0.256238 0.255552 0.254132 0.253100 0.252401 0.251978 0.251777 0.251740 0.251812 0.251936 0.252058 0.252120 0.252067 0.251843 0.251392 0.250657 0.249584 0.252824 0.251823 0.250991 0.250302 0.249730 0.249250 0.248834 0.248458 0.248096 0.247720 0.247306 0.246828 0.246259 0.245574 0.244746 0.243750 0.249000 0.248423 0.247617 0.246644 0.245564 0.244436 0.243322 0.242282 0.241377 0.240667 0.240212 0.240073 0.240311 0.240986 0.242158 0.243889 0.238255 0.239667 0.240452 0.240703 0.240515 0.239980 0.239193 0.238247 0.237236 0.236254 0.235394 0.234749 0.234415 0.234483 0.235049 0.236205 0.236205 0.233654 0.232198 0.231580 0.231544 0.231834 0.232193 0.232365 0.232094 0.231124 0.229198 0.226061 0.221456 0.215128 0.206818 0.196273 0.193202 0.194237 0.195067 0.195703 0.196158 0.196443 0.196571 0.196555 0.196405 0.196135 0.195757 0.195282 0.194724 0.194094 0.193405 0.192668 0.196662 0.196513 0.196466 0.196494 0.196568 0.196662 0.196746 0.196794 0.196778 0.196671 0.196443 0.196069 0.195519 0.194767 0.193784 0.192543
0.192200 0.191790 0.191510 0.191346 0.191282 0.191304 0.191398 0.191549 0.191743 0.191965 0.192200 0.192435 0.192654 0.192843 0.192988 0.193074 0.197223 0.197189 0.197146 0.197098 0.197050 0.197005 0.196967 0.196942 0.196931 0.196941 0.196974 0.197034 0.197127 0.197255 0.197423 0.197634 0.198290 0.190622 0.186398 0.185147 0.186401 0.189689 0.194542 0.200491 0.207066 0.213798 0.220217 0.225853 0.230237 0.232900 0.233371 0.231182 0.235986 0.237159 0.237865 0.238181 0.238184 0.237952 0.237561 0.237089 0.236612 0.236209 0.235955 0.235929 0.236207 0.236866 0.237983 0.239637 0.244464 0.243880 0.243562 0.243468 0.243557 0.243786 0.244115 0.244501 0.244903 0.245279 0.245587 0.245786 0.245833 0.245688 0.245308 0.244651 0.247531 0.247615 0.247903 0.248352 0.248917 0.249557 0.250226 0.250883 0.251482 0.251981 0.252336 0.252504 0.252440 0.252103 0.251447 0.250430 0.257419 0.256960 0.256498 0.256040 0.255587 0.255144 0.254715 0.254303 0.253912 0.253547 0.253210 0.252905 0.252637 0.252408 0.252224 0.252086 0.259949 0.255829 0.252972 0.251218 0.250405 0.250370 0.250954 0.251994 0.253328 0.254796 0.256236 0.257486 0.258385 0.258771 0.258483 0.257359 0.261041 0.259952 0.258910 0.257932 0.257035 0.256236 0.255552 0.254999 0.254595 0.254357 0.254302 0.254446 0.254807 0.255401 0.256246 0.257359 0.256236 0.254884 0.253982 0.253449 0.253208 0.253178 0.253281 0.253437 0.253566 0.253589 0.253428 0.253002 0.252233 0.251042 0.249347 0.247072 0.254580 0.252371 0.250382 0.248598 0.247002 0.245581 0.244317 0.243196 0.242203 0.241321 0.240535 0.239830 0.239191 0.238601 0.238045 0.237509 0.245144 0.244376 0.243311 0.242040 0.240657 0.239256 0.237929 0.236769 0.235869 0.235323 0.235224 0.235664 0.236737 0.238536 0.241153 0.244682 0.236370 0.238758 0.240265 0.241017 0.241140 0.240760 0.240004 0.238997 0.237866 0.236737 0.235737 0.234991 0.234626 0.234768 0.235544 0.237078 0.237078 0.235121 0.233826 0.233011 0.232490 0.232081 0.231599 0.230861 0.229683 0.227881 0.225271 0.221670 0.216894 0.210758 0.203080 0.193674 0.194577 0.195438 0.196091 0.196554 0.196843 0.196974 0.196964 0.196830 0.196589 0.196257 0.195850 0.195387 0.194883 0.194354 0.193818 0.193292 0.197005 0.196963 0.196958 0.196973 0.196994 0.197005 0.196989 0.196931 0.196816 0.196627 0.196350 0.195967 0.195464 0.194824 0.194033 0.193074
0.192200 0.191439 0.190919 0.190614 0.190495 0.190536 0.190710 0.190991 0.191351 0.191763 0.192200 0.192636 0.193043 0.193394 0.193663 0.193822 0.197317 0.197126 0.197017 0.196978 0.196999 0.197067 0.197172 0.197301 0.197443 0.197588 0.197722 0.197836 0.197918 0.197955 0.197938 0.197854 0.199226 0.192578 0.188667 0.187151 0.187688 0.189935 0.193550 0.198191 0.203515 0.209180 0.214843 0.220162 0.224795 0.228399 0.230631 0.231150 0.236018 0.237839 0.238996 0.239592 0.239730 0.239512 0.239041 0.238418 0.237748 0.237132 0.236673 0.236473 0.236636 0.237264 0.238458 0.240323 0.245232 0.244290 0.243733 0.243507 0.243553 0.243818 0.244244 0.244776 0.245358 0.245934 0.246449 0.246845 0.247069 0.247062 0.246770 0.246137 0.248217 0.248789 0.249374 0.249960 0.250535 0.251087 0.251604 0.252075 0.252486 0.252826 0.253084 0.253247 0.253303 0.253240 0.253046 0.252710 0.257577 0.256781 0.256160 0.255690 0.255348 0.255112 0.254958 0.254863 0.254805 0.254761 0.254706 0.254620 0.254478 0.254257 0.253936 0.253490 0.259979 0.257215 0.255271 0.254043 0.253432 0.253334 0.253647 0.254271 0.255103 0.256041 0.256984 0.257829 0.258476 0.258821 0.258763 0.258201 0.261851 0.260404 0.259213 0.258259 0.257523 0.256984 0.256624 0.256423 0.256361 0.256419 0.256578 0.256819 0.257120 0.257464 0.257831 0.258201 0.256984 0.255964 0.255392 0.255167 0.255190 0.255362 0.255582 0.255751 0.255770 0.255538 0.254956 0.253925 0.252344 0.250114 0.247135 0.243308 0.256204 0.252341 0.248752 0.245439 0.242403 0.239647 0.237173 0.234981 0.233074 0.231453 0.230121 0.229078 0.228328 0.227870 0.227708 0.227843 0.239148 0.237941 0.236400 0.234658 0.232844 0.231088 0.229522 0.228275 0.227479 0.227264 0.227760 0.229098 0.231409 0.234823 0.239470 0.245482 0.233386 0.237032 0.239511 0.240983 0.241606 0.241540 0.240943 0.239974 0.238792 0.237555 0.236423 0.235554 0.235108 0.235242 0.236117 0.237890 0.237890 0.236964 0.235979 0.234878 0.233608 0.232111 0.230334 0.228220 0.225714 0.222760 0.219305 0.215291 0.210664 0.205368 0.199349 0.192550 0.196231 0.196818 0.197248 0.197534 0.197689 0.197722 0.197648 0.197477 0.197222 0.196894 0.196506 0.196068 0.195595 0.195096 0.194584 0.194072 0.197067 0.197219 0.197288 0.197281 0.197205 0.197067 0.196875 0.196634 0.196352 0.196037 0.195694 0.195332 0.194957 0.194575 0.194195 0.193822
0.192200 0.190971 0.190131 0.189637 0.189445 0.189512 0.189794 0.190247 0.190828 0.191494 0.192200 0.192904 0.193561 0.194129 0.194563 0.194821 0.196974 0.196509 0.196301 0.196306 0.196483 0.196786 0.197175 0.197606 0.198036 0.198422 0.198721 0.198890 0.198888 0.198669 0.198193 0.197415 0.199849 0.196142 0.193731 0.192508 0.192365 0.193194 0.194888 0.197338 0.200436 0.204075 0.208146 0.212542 0.217155 0.221876 0.226598 0.231213 0.235799 0.238373 0.240074 0.241031 0.241372 0.241228 0.240727 0.239998 0.239170 0.238372 0.237734 0.237383 0.237451 0.238064 0.239353 0.241446 0.246100 0.244746 0.243883 0.243446 0.243373 0.243599 0.244060 0.244692 0.245431 0.246213 0.246974 0.247649 0.248176 0.248490 0.248526 0.248222 0.249342 0.250381 0.251229 0.251909 0.252445 0.252858 0.253174 0.253416 0.253606 0.253769 0.253928 0.254106 0.254327 0.254613 0.254990 0.255479 0.256790 0.255898 0.255321 0.255013 0.254928 0.255020 0.255244 0.255555 0.255906 0.256253 0.256549 0.256749 0.256807 0.256678 0.256316 0.255675 0.259606 0.258845 0.258260 0.257835 0.257551 0.257391 0.257337 0.257372 0.257477 0.257635 0.257828 0.258039 0.258249 0.258442 0.258598 0.258702 0.262414 0.260610 0.259315 0.258464 0.257991 0.257828 0.257910 0.258170 0.258543 0.258960 0.259357 0.259666 0.259822 0.259757 0.259406 0.258702 0.257828 0.257458 0.257454 0.257700 0.258082 0.258483 0.258788 0.258882 0.258648 0.257971 0.256736 0.254827 0.252128 0.248523 0.243898 0.238136 0.257632 0.251615 0.245927 0.240594 0.235643 0.231102 0.226999 0.223359 0.220211 0.217581 0.215498 0.213987 0.213076 0.212793 0.213165 0.214218 0.230728 0.228771 0.226493 0.224067 0.221665 0.219460 0.217625 0.216333 0.215757 0.216070 0.217444 0.220052 0.224068 0.229664 0.237013 0.246287 0.229149 0.234360 0.238093 0.240537 0.241882 0.242320 0.242040 0.241232 0.240087 0.238795 0.237546 0.236531 0.235939 0.235961 0.236787 0.238607 0.238607 0.239234 0.238737 0.237255 0.234928 0.231894 0.228293 0.224262 0.219941 0.215470 0.210986 0.206628 0.202536 0.198849 0.195705 0.193243 0.198070 0.198301 0.198485 0.198619 0.198699 0.198721 0.198682 0.198579 0.198408 0.198165 0.197847 0.197451 0.196972 0.196408 0.195754 0.195008 0.196786 0.197237 0.197420 0.197377 0.197152 0.196786 0.196324 0.195806 0.195277 0.194778 0.194353 0.194044 0.193893 0.193944 0.194239 0.194821
0.192200 0.190371 0.189122 0.188386 0.188101 0.188200 0.188619 0.189294 0.190158 0.191149 0.192200 0.193247 0.194226 0.195070 0.195717 0.196100 0.196100 0.195226 0.194883 0.194977 0.195414 0.196100 0.196942 0.197847 0.198721 0.199470 0.200000 0.200218 0.200031 0.199345 0.198066 0.196100 0.200000 0.201507 0.202010 0.201758 0.201005 0.200000 0.198995 0.198242 0.197990 0.198493 0.200000 0.202763 0.207034 0.213062 0.221101 0.231400 0.235300 0.238732 0.241072 0.242476 0.243100 0.243100 0.242632 0.241852 0.240916 0.239980 0.239200 0.238732 0.238732 0.239356 0.240760 0.243100 0.247100 0.245271 0.244022 0.243286 0.243001 0.243100 0.243519 0.244194 0.245058 0.246049 0.247100 0.248147 0.249126 0.249970 0.250617 0.251000 0.251000 0.252466 0.253527 0.254245 0.254682 0.254900 0.254962 0.254931 0.254869 0.254838 0.254900 0.255118 0.255555 0.256273 0.257334 0.258800 0.254900 0.254214 0.253933 0.253995 0.254338 0.254900 0.255618 0.256429 0.257271 0.258082 0.258800 0.259362 0.259705 0.259767 0.259486 0.258800 0.258800 0.260766 0.262045 0.262731 0.262918 0.262700 0.262170 0.261421 0.260547 0.259642 0.258800 0.258114 0.257677 0.257583 0.257926 0.258800 0.262700 0.260547 0.259206 0.258550 0.258457 0.258800 0.259455 0.260298 0.261202 0.262045 0.262700 0.263043 0.262950 0.262294 0.260953 0.258800 0.258800 0.259450 0.260291 0.261197 0.262042 0.262700 0.263046 0.262955 0.262301 0.260958 0.258800 0.255702 0.251539 0.246185 0.239514 0.231400 0.258800 0.250078 0.241735 0.233833 0.226434 0.219600 0.213394 0.207879 0.203117 0.199170 0.196100 0.193970 0.192843 0.192781 0.193846 0.196100 0.219600 0.216524 0.213196 0.209836 0.206664 0.203900 0.201764 0.200476 0.200256 0.201324 0.203900 0.208204 0.214456 0.222876 0.233684 0.247100 0.223500 0.230615 0.235914 0.239614 0.241937 0.243100 0.243323 0.242826 0.241826 0.240545 0.239200 0.238011 0.237198 0.236978 0.237573 0.239200 0.239200 0.241981 0.242182 0.240214 0.236483 0.231400 0.225373 0.218810 0.212122 0.205715 0.200000 0.195385 0.192278 0.191090 0.192227 0.196100 0.200000 0.199813 0.199750 0.199782 0.199875 0.200000 0.200125 0.200218 0.200250 0.200187 0.200000 0.199657 0.199126 0.198378 0.197379 0.196100 0.196100 0.196974 0.197317 0.197223 0.196786 0.196100 0.195258 0.194353 0.193479 0.192730 0.192200 0.191982 0.192169 0.192855 0.194134 0.196100
0.192200 0.192387 0.192450 0.192418 0.192325 0.192200 0.192075 0.191982 0.191950 0.192013 0.192200 0.192543 0.193074 0.193822 0.194821 0.196100 0.200000 0.200000 0.200000 0.200000 0.200000 0.200000 0.200000 0.200000 0.200000 0.200000 0.200000 0.200000 0.200000 0.200000 0.200000 0.200000 0.200000 0.201279 0.202278 0.203026 0.203557 0.203900 0.204087 0.204150 0.204118 0.204025 0.203900 0.203775 0.203682 0.203650 0.203713 0.203900 0.235300 0.234997 0.235362 0.236270 0.237591 0.239200 0.240969 0.242770 0.244478 0.245963 0.247100 0.247761 0.247818 0.247146 0.245615 0.243100 0.251000 0.248348 0.246788 0.246164 0.246320 0.247100 0.248348 0.249908 0.251624 0.253340 0.254900 0.256148 0.256928 0.257084 0.256460 0.254900 0.254900 0.254401 0.254182 0.254214 0.254463 0.254900 0.255493 0.256210 0.257022 0.257895 0.258800 0.259705 0.260578 0.261390 0.262107 0.262700 0.262700 0.263766 0.264173 0.264047 0.263514 0.262700 0.261730 0.260729 0.259823 0.259138 0.258800 0.258934 0.259665 0.261119 0.263422 0.266700 0.266700 0.266887 0.266950 0.266918 0.266825 0.266700 0.266575 0.266482 0.266450 0.266513 0.266700 0.267043 0.267574 0.268322 0.269321 0.270600 0.270600 0.268068 0.266600 0.266008 0.266104 0.266700 0.267608 0.268640 0.269608 0.270324 0.270600 0.270248 0.269080 0.266908 0.263544 0.258800 0.247100 0.241620 0.237076 0.233312 0.230172 0.227500 0.225140 0.222936 0.220732 0.218372 0.215700 0.212560 0.208796 0.204252 0.198772 0.192200 0.164700 0.153766 0.148975 0.149261 0.153558 0.160800 0.169922 0.179859 0.189545 0.197914 0.203900 0.206438 0.204463 0.196909 0.182710 0.160800 0.184300 0.182223 0.181374 0.181562 0.182601 0.184300 0.186471 0.188926 0.191474 0.193929 0.196100 0.197799 0.198838 0.199026 0.198177 0.196100 0.215700 0.223377 0.228862 0.232470 0.234511 0.235300 0.235149 0.234370 0.233278 0.232183 0.231400 0.231241 0.232018 0.234046 0.237635 0.243100 0.239200 0.227434 0.218335 0.211589 0.206882 0.203900 0.202330 0.201859 0.202173 0.202958 0.203900 0.204686 0.205003 0.204537 0.202974 0.200000 0.200000 0.200874 0.201217 0.201123 0.200686 0.200000 0.199158 0.198253 0.197379 0.196630 0.196100 0.195882 0.196069 0.196755 0.198034 0.200000 0.200000 0.198721 0.197722 0.196974 0.196443 0.196100 0.195913 0.195850 0.195882 0.195975 0.196100 0.196225 0.196318 0.196350 0.196287 0.196100
0.193479 0.193761 0.193882 0.193881 0.193797 0.193666 0.193529 0.193422 0.193383 0.193452 0.193666 0.194064 0.194683 0.195562 0.196739 0.198253 0.202839 0.202080 0.201422 0.200860 0.200388 0.200000 0.199691 0.199455 0.199286 0.199178 0.199126 0.199124 0.199167 0.199247 0.199361 0.199501 0.199314 0.200729 0.201773 0.202499 0.202961 0.203214 0.203310 0.203304 0.203250 0.203202 0.203214 0.203339 0.203631 0.204145 0.204934 0.206053 0.225576 0.222062 0.220996 0.221969 0.224569 0.228384 0.233003 0.238015 0.243009 0.247574 0.251297 0.253768 0.254575 0.253308 0.249555 0.242905 0.251187 0.250514 0.250207 0.250211 0.250473 0.250938 0.251551 0.252258 0.253005 0.253737 0.254401 0.254941 0.255303 0.255433 0.255277 0.254780 0.254976 0.255128 0.255453 0.255918 0.256488 0.257129 0.257807 0.258488 0.259137 0.259721 0.260206 0.260556 0.260739 0.260719 0.260463 0.259937 0.264110 0.264452 0.264548 0.264454 0.264226 0.263918 0.263587 0.263286 0.263071 0.262998 0.263121 0.263496 0.264178 0.265222 0.266683 0.268617 0.269522 0.268486 0.267827 0.267488 0.267416 0.267556 0.267853 0.268253 0.268701 0.269142 0.269522 0.269786 0.269879 0.269747 0.269336 0.268590 0.274093 0.266684 0.262409 0.260715 0.261051 0.262863 0.265600 0.268708 0.271636 0.273831 0.274741 0.273812 0.270493 0.264232 0.254475 0.240670 0.216982 0.218326 0.218292 0.217061 0.214812 0.211724 0.207977 0.203750 0.199223 0.194575 0.189985 0.185633 0.181698 0.178361 0.175799 0.174193 0.155713 0.148365 0.145146 0.145338 0.148225 0.153092 0.159222 0.165900 0.172408 0.178032 0.182055 0.183761 0.182434 0.177357 0.167815 0.153092 0.168884 0.168260 0.167973 0.167999 0.168311 0.168884 0.169692 0.170708 0.171908 0.173265 0.174754 0.176349 0.178024 0.179754 0.181511 0.183272 0.204834 0.206682 0.209480 0.212999 0.217014 0.221297 0.225620 0.229756 0.233478 0.236560 0.238772 0.239889 0.239682 0.237926 0.234391 0.228852 0.228005 0.219594 0.213142 0.208417 0.205186 0.203214 0.202268 0.202116 0.202524 0.203259 0.204087 0.204776 0.205091 0.204800 0.203670 0.201466 0.203245 0.203820 0.203912 0.203608 0.202993 0.202153 0.201173 0.200138 0.199135 0.198250 0.197566 0.197172 0.197151 0.197589 0.198573 0.200187 0.200187 0.199095 0.198170 0.197402 0.196778 0.196287 0.195917 0.195657 0.195494 0.195417 0.195414 0.195473 0.195583 0.195732 0.195908 0.196100
0.194478 0.194793 0.194935 0.194944 0.194861 0.194727 0.194583 0.194471 0.194430 0.194502 0.194727 0.195148 0.195803 0.196736 0.197986 0.199594 0.204462 0.203236 0.202190 0.201310 0.200584 0.200000 0.199546 0.199210 0.198978 0.198840 0.198783 0.198795 0.198863 0.198975 0.199119 0.199282 0.199033 0.200526 0.201596 0.202309 0.202732 0.202933 0.202977 0.202933 0.202866 0.202843 0.202933 0.203201 0.203714 0.204539 0.205744 0.207394 0.218248 0.212722 0.210722 0.211673 0.214998 0.220120 0.226464 0.233453 0.240510 0.247060 0.252526 0.256332 0.257901 0.256658 0.252025 0.243426 0.251250 0.252110 0.252787 0.253302 0.253677 0.253933 0.254091 0.254174 0.254202 0.254198 0.254182 0.254177 0.254203 0.254283 0.254437 0.254688 0.255468 0.255987 0.256636 0.257374 0.258163 0.258962 0.259733 0.260434 0.261027 0.261472 0.261729 0.261758 0.261520 0.260976 0.260084 0.258806 0.265635 0.265478 0.265370 0.265315 0.265316 0.265379 0.265508 0.265705 0.265977 0.266327 0.266758 0.267276 0.267885 0.268588 0.269390 0.270294 0.272073 0.270228 0.269094 0.268558 0.268507 0.268828 0.269409 0.270137 0.270898 0.271581 0.272073 0.272260 0.272030 0.271271 0.269869 0.267711 0.276714 0.267260 0.261681 0.259279 0.259353 0.261206 0.264137 0.267448 0.270439 0.272412 0.272666 0.270504 0.265226 0.256133 0.242525 0.223703 0.192711 0.198728 0.201823 0.202401 0.200865 0.197620 0.193071 0.187621 0.181676 0.175639 0.169914 0.164907 0.161022 0.158662 0.158233 0.160138 0.148698 0.144150 0.142157 0.142276 0.144063 0.147076 0.150871 0.155005 0.159034 0.162515 0.165006 0.166062 0.165240 0.162097 0.156190 0.147076 0.156852 0.157141 0.157211 0.157136 0.156991 0.156852 0.156793 0.156889 0.157216 0.157847 0.158859 0.160326 0.162323 0.164925 0.168207 0.172244 0.196607 0.195093 0.196413 0.200011 0.205331 0.211814 0.218906 0.226049 0.232687 0.238263 0.242220 0.244002 0.243053 0.238815 0.230732 0.218248 0.219614 0.213851 0.209467 0.206296 0.204174 0.202933 0.202408 0.202433 0.202842 0.203470 0.204150 0.204716 0.205003 0.204844 0.204074 0.202527 0.205522 0.205792 0.205649 0.205169 0.204426 0.203494 0.202450 0.201366 0.200318 0.199380 0.198627 0.198134 0.197975 0.198225 0.198958 0.200250 0.200250 0.199231 0.198336 0.197560 0.196899 0.196350 0.195908 0.195569 0.195329 0.195185 0.195133 0.195167 0.195286 0.195483 0.195756 0.196100
0.195226 0.195529 0.195661 0.195665 0.195579 0.195445 0.195302 0.195190 0.195150 0.195221 0.195445 0.195861 0.196509 0.197430 0.198663 0.200250 0.205054 0.203615 0.202409 0.201417 0.200621 0.200000 0.199537 0.199212 0.199006 0.198901 0.198877 0.198915 0.198997 0.199103 0.199215 0.199314 0.199095 0.200617 0.201696 0.202405 0.202814 0.202995 0.203021 0.202962 0.202890 0.202877 0.202995 0.203315 0.203909 0.204848 0.206205 0.208050 0.213032 0.206528 0.204025 0.204883 0.208463 0.214124 0.221227 0.229132 0.237198 0.244787 0.251258 0.255970 0.258286 0.257563 0.253163 0.244446 0.251218 0.253213 0.254631 0.255549 0.256040 0.256179 0.256041 0.255701 0.255234 0.254713 0.254214 0.253811 0.253579 0.253593 0.253927 0.254656 0.256312 0.256961 0.257748 0.258625 0.259545 0.260462 0.261327 0.262095 0.262718 0.263148 0.263339 0.263244 0.262815 0.262006 0.260769 0.259058 0.267245 0.266777 0.266551 0.266536 0.266703 0.267021 0.267459 0.267987 0.268574 0.269191 0.269806 0.270389 0.270910 0.271338 0.271642 0.271794 0.274383 0.272088 0.270693 0.270054 0.270022 0.270452 0.271196 0.272108 0.273041 0.273848 0.274383 0.274499 0.274049 0.272886 0.270865 0.267837 0.278370 0.269179 0.263519 0.260726 0.260130 0.261066 0.262867 0.264866 0.266396 0.266790 0.265382 0.261504 0.254489 0.243672 0.228385 0.207961 0.173689 0.182513 0.187535 0.189289 0.188307 0.185124 0.180273 0.174288 0.167702 0.161048 0.154862 0.149675 0.146021 0.144435 0.145449 0.149598 0.143438 0.140988 0.139915 0.139979 0.140942 0.142564 0.144607 0.146833 0.149003 0.150877 0.152218 0.152787 0.152345 0.150652 0.147472 0.142564 0.147828 0.148568 0.148816 0.148694 0.148323 0.147828 0.147330 0.146951 0.146814 0.147042 0.147757 0.149081 0.151137 0.154047 0.157934 0.162920 0.190673 0.187883 0.188747 0.192558 0.198609 0.206194 0.214604 0.223134 0.231077 0.237725 0.242372 0.244311 0.242835 0.237237 0.226810 0.210848 0.213682 0.209937 0.207106 0.205079 0.203746 0.202995 0.202717 0.202801 0.203136 0.203612 0.204118 0.204545 0.204782 0.204717 0.204242 0.203245 0.206958 0.206924 0.206565 0.205942 0.205117 0.204150 0.203103 0.202037 0.201015 0.200097 0.199345 0.198820 0.198583 0.198696 0.199221 0.200218 0.200218 0.199180 0.198277 0.197503 0.196852 0.196318 0.195896 0.195578 0.195359 0.195234 0.195195 0.195238 0.195356 0.195543 0.195793 0.196100
0.195757 0.196012 0.196115 0.196103 0.196013 0.195882 0.195745 0.195640 0.195603 0.195671 0.195882 0.196270 0.196874 0.197730 0.198874 0.200343 0.204805 0.203362 0.202185 0.201250 0.200530 0.200000 0.199635 0.199409 0.199298 0.199274 0.199314 0.199391 0.199479 0.199555 0.199591 0.199563 0.199438 0.200948 0.202024 0.202734 0.203149 0.203338 0.203372 0.203319 0.203249 0.203233 0.203338 0.203636 0.204196 0.205088 0.206380 0.208143 0.209644 0.203030 0.200389 0.201103 0.204550 0.210112 0.217169 0.225102 0.233291 0.241117 0.247959 0.253199 0.256217 0.256394 0.253109 0.245743 0.251125 0.253899 0.255842 0.257063 0.257670 0.257770 0.257473 0.256885 0.256116 0.255272 0.254463 0.253797 0.253380 0.253323 0.253732 0.254716 0.257444 0.258032 0.258807 0.259711 0.260690 0.261687 0.262648 0.263516 0.264235 0.264751 0.265006 0.264947 0.264516 0.263658 0.262318 0.260439 0.268910 0.268278 0.268001 0.268027 0.268305 0.268782 0.269407 0.270128 0.270895 0.271654 0.272355 0.272946 0.273375 0.273591 0.273541 0.273175 0.276482 0.274040 0.272567 0.271903 0.271889 0.272364 0.273169 0.274143 0.275126 0.275960 0.276482 0.276535 0.275957 0.274589 0.272270 0.268842 0.278963 0.271820 0.267024 0.264083 0.262501 0.261785 0.261440 0.260973 0.259888 0.257692 0.253891 0.247990 0.239496 0.227913 0.212747 0.193506 0.159318 0.169366 0.175294 0.177683 0.177115 0.174172 0.169436 0.163489 0.156913 0.150289 0.144199 0.139226 0.135950 0.134955 0.136821 0.142131 0.139711 0.138749 0.138327 0.138353 0.138731 0.139368 0.140171 0.141045 0.141898 0.142634 0.143161 0.143384 0.143210 0.142546 0.141296 0.139368 0.141436 0.142242 0.142519 0.142393 0.141990 0.141436 0.140856 0.140375 0.140120 0.140217 0.140790 0.141965 0.143868 0.146626 0.150362 0.155204 0.186686 0.184326 0.185565 0.189692 0.195999 0.203775 0.212311 0.220897 0.228823 0.235379 0.239856 0.241544 0.239733 0.233714 0.222777 0.206212 0.209859 0.207583 0.205859 0.204621 0.203802 0.203338 0.203163 0.203209 0.203413 0.203706 0.204025 0.204302 0.204472 0.204470 0.204228 0.203682 0.207675 0.207351 0.206799 0.206066 0.205199 0.204243 0.203247 0.202255 0.201316 0.200476 0.199782 0.199279 0.199016 0.199038 0.199392 0.200125 0.200125 0.198993 0.198053 0.197289 0.196685 0.196225 0.195893 0.195675 0.195553 0.195513 0.195538 0.195614 0.195723 0.195851 0.195982 0.196100
0.196100 0.196287 0.196350 0.196318 0.196225 0.196100 0.195975 0.195882 0.195850 0.195913 0.196100 0.196443 0.196974 0.197722 0.198721 0.200000 0.203900 0.202621 0.201622 0.200874 0.200343 0.200000 0.199813 0.199750 0.199782 0.199875 0.200000 0.200125 0.200218 0.200250 0.200187 0.200000 0.200000 0.201466 0.202527 0.203245 0.203682 0.203900 0.203962 0.203931 0.203869 0.203838 0.203900 0.204118 0.204555 0.205273 0.206334 0.207800 0.207800 0.201779 0.199302 0.199834 0.202845 0.207800 0.214167 0.221414 0.229006 0.236413 0.243100 0.248535 0.252186 0.253518 0.252001 0.247100 0.251000 0.254245 0.256522 0.257958 0.258675 0.258800 0.258457 0.257770 0.256866 0.255867 0.254900 0.254089 0.253558 0.253434 0.253839 0.254900 0.258800 0.259183 0.259830 0.260674 0.261653 0.262700 0.263751 0.264742 0.265606 0.266281 0.266700 0.266799 0.266514 0.265778 0.264529 0.262700 0.270600 0.269914 0.269633 0.269695 0.270038 0.270600 0.271318 0.272129 0.272971 0.273782 0.274500 0.275062 0.275405 0.275467 0.275186 0.274500 0.278400 0.276060 0.274656 0.274032 0.274032 0.274500 0.275280 0.276216 0.277152 0.277932 0.278400 0.278400 0.277776 0.276372 0.274032 0.270600 0.278400 0.274564 0.271296 0.268376 0.265584 0.262700 0.259504 0.255776 0.251296 0.245844 0.239200 0.231144 0.221456 0.209916 0.196304 0.180400 0.149000 0.158972 0.164964 0.167540 0.167264 0.164700 0.160412 0.154964 0.148920 0.142844 0.137300 0.132852 0.130064 0.129500 0.131724 0.137300 0.137300 0.137300 0.137300 0.137300 0.137300 0.137300 0.137300 0.137300 0.137300 0.137300 0.137300 0.137300 0.137300 0.137300 0.137300 0.137300 0.137300 0.137862 0.138049 0.137955 0.137674 0.137300 0.136926 0.136645 0.136551 0.136738 0.137300 0.138330 0.139921 0.142167 0.145162 0.149000 0.184300 0.183695 0.185950 0.190466 0.196649 0.203900 0.211623 0.219222 0.226098 0.231657 0.235300 0.236431 0.234454 0.228770 0.218785 0.203900 0.207800 0.206521 0.205522 0.204774 0.204243 0.203900 0.203713 0.203650 0.203682 0.203775 0.203900 0.204025 0.204118 0.204150 0.204087 0.203900 0.207800 0.207207 0.206490 0.205678 0.204805 0.203900 0.202995 0.202122 0.201310 0.200593 0.200000 0.199563 0.199314 0.199282 0.199501 0.200000 0.200000 0.198721 0.197722 0.196974 0.196443 0.196100 0.195913 0.195850 0.195882 0.195975 0.196100 0.196225 0.196318 0.196350 0.196287 0.196100
0.196287 0.196399 0.196418 0.196369 0.196275 0.196162 0.196055 0.195976 0.195952 0.196006 0.196162 0.196446 0.196882 0.197494 0.198307 0.199345 0.202527 0.201538 0.200826 0.200357 0.200093 0.200000 0.200042 0.200182 0.200387 0.200619 0.200842 0.201023 0.201123 0.201109 0.200944 0.200593 0.200718 0.202118 0.203157 0.203886 0.204355 0.204618 0.204724 0.204726 0.204674 0.204621 0.204618 0.204715 0.204965 0.205419 0.206129 0.207145 0.207216 0.202326 0.200247 0.200581 0.202933 0.206904 0.212097 0.218116 0.224562 0.231039 0.237149 0.242495 0.246680 0.249307 0.249978 0.248297 0.250875 0.254328 0.256775 0.258344 0.259164 0.259362 0.259065 0.258402 0.257501 0.256488 0.255493 0.254642 0.254063 0.253885 0.254235 0.255240 0.260316 0.260396 0.260834 0.261557 0.262490 0.263561 0.264695 0.265818 0.266858 0.267739 0.268390 0.268735 0.268701 0.268214 0.267202 0.265589 0.272286 0.271615 0.271357 0.271448 0.271823 0.272414 0.273158 0.273987 0.274836 0.275640 0.276333 0.276849 0.277122 0.277087 0.276678 0.275829 0.280166 0.278123 0.276903 0.276367 0.276378 0.276796 0.277484 0.278303 0.279115 0.279782 0.280166 0.280127 0.279528 0.278230 0.276096 0.272986 0.276585 0.276793 0.275437 0.272633 0.268499 0.263151 0.256708 0.249285 0.241000 0.231970 0.222313 0.212145 0.201583 0.190744 0.179747 0.168706 0.142138 0.151017 0.156412 0.158819 0.158731 0.156644 0.153052 0.148451 0.143335 0.138199 0.133537 0.129844 0.127616 0.127347 0.129532 0.134665 0.135985 0.136510 0.136740 0.136726 0.136520 0.136172 0.135734 0.135257 0.134792 0.134391 0.134103 0.133981 0.134076 0.134439 0.135120 0.136172 0.135044 0.135129 0.135136 0.135101 0.135058 0.135044 0.135093 0.135241 0.135523 0.135975 0.136630 0.137526 0.138697 0.140178 0.142004 0.144212 0.183170 0.185265 0.188986 0.193933 0.199707 0.205909 0.212138 0.217994 0.223078 0.226991 0.229332 0.229702 0.227700 0.222928 0.214985 0.203472 0.207157 0.206481 0.205895 0.205392 0.204968 0.204618 0.204335 0.204114 0.203951 0.203840 0.203775 0.203752 0.203764 0.203807 0.203875 0.203962 0.207457 0.206626 0.205774 0.204916 0.204068 0.203245 0.202463 0.201738 0.201086 0.200522 0.200062 0.199722 0.199518 0.199465 0.199579 0.199875 0.199875 0.198413 0.197343 0.196613 0.196174 0.195975 0.195966 0.196096 0.196315 0.196572 0.196818 0.197001 0.197071 0.196978 0.196671 0.196100
0.196350 0.196392 0.196374 0.196313 0.196226 0.196131 0.196045 0.195984 0.195967 0.196010 0.196131 0.196347 0.196675 0.197132 0.197735 0.198502 0.200874 0.200259 0.199902 0.199766 0.199811 0.200000 0.200294 0.200653 0.201041 0.201419 0.201747 0.201988 0.202104 0.202055 0.201803 0.201310 0.201529 0.202850 0.203862 0.204604 0.205114 0.205429 0.205588 0.205629 0.205591 0.205512 0.205429 0.205381 0.205406 0.205543 0.205829 0.206302 0.207608 0.204220 0.202710 0.202846 0.204400 0.207140 0.210836 0.215258 0.220175 0.225358 0.230574 0.235595 0.240190 0.244129 0.247180 0.249114 0.250782 0.254224 0.256701 0.258335 0.259244 0.259549 0.259370 0.258826 0.258038 0.257126 0.256210 0.255410 0.254846 0.254637 0.254905 0.255768 0.261928 0.261653 0.261838 0.262400 0.263258 0.264330 0.265535 0.266791 0.268016 0.269127 0.270045 0.270686 0.270969 0.270813 0.270135 0.268854 0.273939 0.273312 0.273085 0.273195 0.273576 0.274163 0.274893 0.275701 0.276522 0.277292 0.277946 0.278420 0.278649 0.278569 0.278115 0.277222 0.281809 0.280203 0.279249 0.278835 0.278851 0.279188 0.279734 0.280380 0.281014 0.281528 0.281809 0.281748 0.281234 0.280158 0.278408 0.275875 0.273422 0.277887 0.278547 0.275880 0.270364 0.262478 0.252699 0.241508 0.229381 0.216797 0.204234 0.192172 0.181087 0.171460 0.163767 0.158487 0.138135 0.145187 0.149505 0.151477 0.151492 0.149940 0.147209 0.143689 0.139769 0.135837 0.132282 0.129494 0.127862 0.127773 0.129619 0.133786 0.135546 0.136246 0.136553 0.136534 0.136260 0.135796 0.135212 0.134576 0.133956 0.133421 0.133038 0.132875 0.133002 0.133485 0.134394 0.135796 0.134292 0.133743 0.133510 0.133550 0.133824 0.134292 0.134913 0.135647 0.136454 0.137292 0.138123 0.138906 0.139599 0.140164 0.140559 0.140744 0.182951 0.188308 0.193756 0.199145 0.204324 0.209142 0.213451 0.217099 0.219937 0.221814 0.222580 0.222085 0.220178 0.216710 0.211530 0.204488 0.207582 0.207196 0.206774 0.206331 0.205878 0.205429 0.204996 0.204592 0.204230 0.203922 0.203682 0.203521 0.203453 0.203490 0.203645 0.203931 0.206770 0.205743 0.204792 0.203917 0.203120 0.202402 0.201764 0.201207 0.200732 0.200340 0.200031 0.199808 0.199670 0.199619 0.199656 0.199782 0.199782 0.198122 0.196973 0.196264 0.195924 0.195882 0.196065 0.196402 0.196823 0.197256 0.197629 0.197871 0.197910 0.197676 0.197096 0.196100
0.196318 0.196310 0.196270 0.196210 0.196140 0.196069 0.196008 0.195967 0.195957 0.195987 0.196069 0.196211 0.196425 0.196721 0.197108 0.197598 0.199126 0.198928 0.198955 0.199168 0.199530 0.200000 0.200540 0.201111 0.201674 0.202190 0.202621 0.202926 0.203068 0.203007 0.202705 0.202122 0.202371 0.203608 0.204593 0.205349 0.205900 0.206271 0.206486 0.206570 0.206546 0.206438 0.206271 0.206070 0.205857 0.205658 0.205497 0.205398 0.208692 0.207013 0.206176 0.206132 0.206831 0.208224 0.210260 0.212890 0.216065 0.219733 0.223846 0.228353 0.233205 0.238353 0.243745 0.249334 0.250750 0.254010 0.256405 0.258042 0.259023 0.259455 0.259441 0.259087 0.258495 0.257772 0.257022 0.256348 0.255856 0.255651 0.255836 0.256516 0.263572 0.262937 0.262857 0.263245 0.264012 0.265070 0.266330 0.267705 0.269106 0.270446 0.271635 0.272586 0.273211 0.273422 0.273129 0.272246 0.275529 0.274937 0.274729 0.274842 0.275215 0.275785 0.276491 0.277270 0.278062 0.278804 0.279434 0.279890 0.280111 0.280034 0.279599 0.278742 0.283359 0.282276 0.281636 0.281362 0.281379 0.281612 0.281985 0.282421 0.282846 0.283184 0.283359 0.283295 0.282917 0.282149 0.280916 0.279141 0.268818 0.277228 0.279728 0.277144 0.270299 0.260018 0.247128 0.232453 0.216818 0.201049 0.185970 0.172406 0.161182 0.153124 0.149057 0.149805 0.136393 0.141167 0.144106 0.145471 0.145523 0.144524 0.142735 0.140418 0.137834 0.135244 0.132910 0.131093 0.130054 0.130056 0.131360 0.134226 0.135766 0.136378 0.136646 0.136630 0.136390 0.135984 0.135473 0.134917 0.134374 0.133906 0.133570 0.133428 0.133539 0.133962 0.134757 0.135984 0.134668 0.133407 0.132900 0.133024 0.133655 0.134668 0.135939 0.137344 0.138759 0.140059 0.141121 0.141819 0.142031 0.141631 0.140495 0.138500 0.183297 0.192100 0.199346 0.205155 0.209646 0.212942 0.215160 0.216422 0.216848 0.216558 0.215672 0.214310 0.212593 0.210640 0.208571 0.206508 0.208730 0.208395 0.207958 0.207442 0.206872 0.206271 0.205664 0.205074 0.204526 0.204043 0.203650 0.203371 0.203229 0.203249 0.203454 0.203869 0.205866 0.204691 0.203680 0.202818 0.202095 0.201498 0.201014 0.200631 0.200337 0.200121 0.199969 0.199869 0.199810 0.199778 0.199763 0.199750 0.199750 0.197896 0.196671 0.195983 0.195740 0.195850 0.196221 0.196761 0.197377 0.197978 0.198471 0.198765 0.198766 0.198384 0.197526 0.196100
0.196225 0.196198 0.196161 0.196120 0.196077 0.196038 0.196006 0.195985 0.195981 0.195997 0.196038 0.196107 0.196209 0.196348 0.196529 0.196755 0.197473 0.197691 0.198089 0.198631 0.199280 0.200000 0.200753 0.201504 0.202214 0.202848 0.203370 0.203741 0.203926 0.203888 0.203590 0.202995 0.203182 0.204340 0.205298 0.206067 0.206658 0.207082 0.207350 0.207474 0.207463 0.207328 0.207082 0.206735 0.206298 0.205781 0.205197 0.204555 0.210184 0.210254 0.210131 0.209941 0.209813 0.209872 0.210246 0.211062 0.212447 0.214528 0.217431 0.221284 0.226215 0.232348 0.239813 0.248735 0.250813 0.253762 0.255989 0.257577 0.258611 0.259174 0.259353 0.259229 0.258889 0.258416 0.257895 0.257410 0.257045 0.256885 0.257014 0.257516 0.265184 0.264230 0.263911 0.264134 0.264808 0.265839 0.267136 0.268606 0.270157 0.271696 0.273130 0.274369 0.275319 0.275887 0.275982 0.275511 0.277026 0.276422 0.276200 0.276299 0.276658 0.277218 0.277916 0.278693 0.279488 0.280239 0.280887 0.281371 0.281629 0.281602 0.281228 0.280447 0.284846 0.284317 0.284005 0.283875 0.283887 0.284004 0.284189 0.284403 0.284609 0.284770 0.284846 0.284802 0.284599 0.284199 0.283564 0.282658 0.262675 0.274196 0.278082 0.275451 0.267422 0.255113 0.239643 0.222131 0.203694 0.185452 0.168523 0.154026 0.143078 0.136799 0.136308 0.142722 0.136314 0.138643 0.140083 0.140759 0.140800 0.140332 0.139481 0.138375 0.137140 0.135903 0.134791 0.133931 0.133449 0.133473 0.134128 0.135543 0.136423 0.136773 0.136926 0.136917 0.136780 0.136548 0.136256 0.135938 0.135628 0.135360 0.135169 0.135088 0.135151 0.135393 0.135847 0.136548 0.135796 0.133818 0.133037 0.133244 0.134233 0.135796 0.137726 0.139815 0.141856 0.143642 0.144966 0.145619 0.145395 0.144086 0.141485 0.137384 0.183862 0.195913 0.204837 0.211015 0.214825 0.216647 0.216862 0.215848 0.213986 0.211656 0.209236 0.207107 0.205648 0.205240 0.206261 0.209092 0.210251 0.209811 0.209244 0.208581 0.207850 0.207082 0.206306 0.205552 0.204848 0.204225 0.203713 0.203340 0.203136 0.203132 0.203356 0.203838 0.204867 0.203606 0.202577 0.201758 0.201125 0.200655 0.200325 0.200111 0.199991 0.199941 0.199938 0.199958 0.199979 0.199977 0.199930 0.199813 0.199813 0.197788 0.196496 0.195826 0.195669 0.195913 0.196447 0.197162 0.197947 0.198690 0.199282 0.199612 0.199570 0.199044 0.197924 0.196100
0.196100 0.196100 0.196100 0.196100 0.196100 0.196100 0.196100 0.196100 0.196100 0.196100 0.196100 0.196100 0.196100 0.196100 0.196100 0.196100 0.196100 0.196693 0.197410 0.198222 0.199095 0.200000 0.200905 0.201778 0.202590 0.203307 0.203900 0.204337 0.204586 0.204618 0.204399 0.203900 0.203900 0.204992 0.205928 0.206708 0.207332 0.207800 0.208112 0.208268 0.208268 0.208112 0.207800 0.207332 0.206708 0.205928 0.204992 0.203900 0.211800 0.213494 0.214059 0.213777 0.212930 0.211800 0.210670 0.209823 0.209541 0.210106 0.211800 0.214906 0.219707 0.226485 0.235522 0.247100 0.251000 0.253558 0.255555 0.257053 0.258114 0.258800 0.259174 0.259299 0.259237 0.259050 0.258800 0.258550 0.258363 0.258301 0.258426 0.258800 0.266700 0.265514 0.265015 0.265109 0.265702 0.266700 0.268010 0.269539 0.271193 0.272878 0.274500 0.275966 0.277183 0.278057 0.278494 0.278400 0.278400 0.277696 0.277408 0.277472 0.277824 0.278400 0.279136 0.279968 0.280832 0.281664 0.282400 0.282976 0.283328 0.283392 0.283104 0.282400 0.286300 0.286300 0.286300 0.286300 0.286300 0.286300 0.286300 0.286300 0.286300 0.286300 0.286300 0.286300 0.286300 0.286300 0.286300 0.286300 0.254900 0.268172 0.272708 0.269828 0.260852 0.247100 0.229892 0.210548 0.190388 0.170732 0.152900 0.138212 0.127988 0.123548 0.126212 0.137300 0.137300 0.137300 0.137300 0.137300 0.137300 0.137300 0.137300 0.137300 0.137300 0.137300 0.137300 0.137300 0.137300 0.137300 0.137300 0.137300 0.137300 0.137300 0.137300 0.137300 0.137300 0.137300 0.137300 0.137300 0.137300 0.137300 0.137300 0.137300 0.137300 0.137300 0.137300 0.137300 0.137300 0.134679 0.133650 0.133930 0.135241 0.137300 0.139827 0.142542 0.145162 0.147409 0.149000 0.149655 0.149094 0.147034 0.143197 0.137300 0.184300 0.199021 0.209314 0.215778 0.219007 0.219600 0.218153 0.215262 0.211526 0.207539 0.203900 0.201205 0.200050 0.201034 0.204751 0.211800 0.211800 0.211174 0.210431 0.209601 0.208714 0.207800 0.206890 0.206015 0.205205 0.204490 0.203900 0.203466 0.203219 0.203189 0.203406 0.203900 0.203900 0.202621 0.201622 0.200874 0.200343 0.200000 0.199813 0.199750 0.199782 0.199875 0.200000 0.200125 0.200218 0.200250 0.200187 0.200000 0.200000 0.197847 0.196506 0.195850 0.195757 0.196100 0.196755 0.197598 0.198502 0.199345 0.200000 0.200343 0.200250 0.199594 0.198253 0.196100
0.195975 0.196061 0.196140 0.196210 0.196270 0.196318 0.196353 0.196372 0.196374 0.196356 0.196318 0.196258 0.196173 0.196063 0.195925 0.195757 0.195195 0.196079 0.197024 0.198007 0.199006 0.200000 0.200966 0.201883 0.202729 0.203481 0.204118 0.204618 0.204959 0.205118 0.205074 0.204805 0.204462 0.205510 0.206432 0.207219 0.207865 0.208362 0.208703 0.208880 0.208888 0.208717 0.208362 0.207814 0.207067 0.206113 0.204946 0.203557 0.213256 0.216285 0.217447 0.217142 0.215768 0.213724 0.211409 0.209223 0.207563 0.206830 0.207421 0.209736 0.214173 0.221131 0.231010 0.244209 0.251343 0.253474 0.255207 0.256581 0.257640 0.258426 0.258979 0.259341 0.259555 0.259663 0.259705 0.259724 0.259761 0.259858 0.260057 0.260400 0.268056 0.266773 0.266188 0.266211 0.266749 0.267713 0.269010 0.270550 0.272241 0.273993 0.275714 0.277312 0.278697 0.279778 0.280463 0.280661 0.279622 0.278692 0.278266 0.278270 0.278630 0.279270 0.280117 0.281094 0.282128 0.283143 0.284065 0.284819 0.285330 0.285524 0.285326 0.284661 0.287750 0.288201 0.288461 0.288564 0.288545 0.288436 0.288273 0.288088 0.287917 0.287793 0.287750 0.287822 0.288043 0.288448 0.289069 0.289942 0.245397 0.258537 0.262708 0.259302 0.249709 0.235319 0.217524 0.197714 0.177281 0.157614 0.140105 0.126144 0.117123 0.114432 0.119461 0.133602 0.138754 0.136824 0.135624 0.135050 0.134998 0.135364 0.136043 0.136931 0.137925 0.138919 0.139809 0.140491 0.140861 0.140815 0.140248 0.139057 0.138177 0.137827 0.137674 0.137683 0.137820 0.138052 0.138344 0.138662 0.138972 0.139240 0.139431 0.139512 0.139449 0.139207 0.138753 0.138052 0.138804 0.135690 0.134468 0.134804 0.136361 0.138804 0.141798 0.145006 0.148094 0.150726 0.152566 0.153280 0.152530 0.149983 0.145302 0.138152 0.184266 0.200698 0.211861 0.218496 0.221343 0.221141 0.218630 0.214550 0.209640 0.204641 0.200292 0.197333 0.196504 0.198544 0.204193 0.214192 0.213029 0.212217 0.211317 0.210356 0.209361 0.208362 0.207384 0.206455 0.205604 0.204858 0.204243 0.203789 0.203521 0.203469 0.203658 0.204118 0.203089 0.201870 0.200953 0.200302 0.199882 0.199657 0.199591 0.199650 0.199798 0.199999 0.200218 0.200420 0.200569 0.200629 0.200566 0.200343 0.200343 0.198125 0.196759 0.196111 0.196051 0.196443 0.197157 0.198058 0.199014 0.199893 0.200562 0.200887 0.200736 0.199977 0.198475 0.196100
0.195882 0.196125 0.196334 0.196509 0.196649 0.196755 0.196826 0.196862 0.196862 0.196827 0.196755 0.196648 0.196504 0.196323 0.196105 0.195850 0.194946 0.195995 0.197034 0.198054 0.199045 0.200000 0.200910 0.201767 0.202561 0.203286 0.203931 0.204489 0.204952 0.205309 0.205555 0.205678 0.204805 0.205841 0.206759 0.207548 0.208200 0.208705 0.209054 0.209237 0.209247 0.209072 0.208705 0.208135 0.207354 0.206353 0.205121 0.203650 0.214268 0.218175 0.219779 0.219539 0.217913 0.215360 0.212340 0.209311 0.206733 0.205063 0.204762 0.206288 0.210101 0.216658 0.226419 0.239842 0.251874 0.253587 0.255046 0.256275 0.257299 0.258145 0.258837 0.259401 0.259862 0.260246 0.260578 0.260884 0.261188 0.261517 0.261895 0.262348 0.269188 0.267987 0.267447 0.267481 0.268007 0.268938 0.270192 0.271684 0.273329 0.275043 0.276741 0.278339 0.279752 0.280897 0.281689 0.282042 0.280663 0.279340 0.278685 0.278601 0.278994 0.279767 0.280824 0.282069 0.283407 0.284740 0.285974 0.287013 0.287759 0.288119 0.287994 0.287290 0.289225 0.289994 0.290430 0.290594 0.290546 0.290348 0.290060 0.289742 0.289457 0.289264 0.289225 0.289400 0.289850 0.290636 0.291819 0.293459 0.234070 0.244672 0.247184 0.242900 0.233111 0.219110 0.202188 0.183638 0.164753 0.146823 0.131142 0.119002 0.111695 0.110512 0.116747 0.131691 0.140079 0.136900 0.134920 0.133968 0.133871 0.134460 0.135563 0.137008 0.138626 0.140243 0.141690 0.142796 0.143388 0.143296 0.142348 0.140374 0.138834 0.138222 0.137954 0.137970 0.138210 0.138616 0.139127 0.139683 0.140226 0.140694 0.141030 0.141172 0.141061 0.140638 0.139843 0.138616 0.139932 0.136551 0.135223 0.135585 0.137276 0.139932 0.143191 0.146691 0.150068 0.152961 0.155007 0.155844 0.155108 0.152438 0.147471 0.139844 0.183415 0.200217 0.211561 0.218223 0.220981 0.220610 0.217890 0.213595 0.208504 0.203393 0.199040 0.196221 0.195713 0.198294 0.204740 0.215828 0.213590 0.212669 0.211698 0.210699 0.209694 0.208705 0.207754 0.206863 0.206055 0.205351 0.204774 0.204345 0.204086 0.204020 0.204169 0.204555 0.202558 0.201489 0.200708 0.200182 0.199874 0.199750 0.199775 0.199913 0.200129 0.200388 0.200655 0.200895 0.201071 0.201150 0.201096 0.200874 0.200874 0.198672 0.197314 0.196666 0.196597 0.196974 0.197663 0.198534 0.199453 0.200287 0.200905 0.201173 0.200959 0.200131 0.198555 0.196100
0.195850 0.196336 0.196736 0.197055 0.197299 0.197473 0.197582 0.197631 0.197626 0.197571 0.197473 0.197336 0.197165 0.196967 0.196745 0.196506 0.195538 0.196587 0.197547 0.198430 0.199244 0.200000 0.200707 0.201376 0.202015 0.202635 0.203245 0.203855 0.204475 0.205114 0.205782 0.206490 0.204867 0.205932 0.206859 0.207644 0.208281 0.208767 0.209097 0.209267 0.209271 0.209106 0.208767 0.208250 0.207549 0.206662 0.205582 0.204306 0.214552 0.218716 0.220541 0.220470 0.218950 0.216424 0.213338 0.210137 0.207266 0.205170 0.204294 0.205082 0.207980 0.213432 0.221885 0.233782 0.252622 0.253973 0.255175 0.256245 0.257198 0.258051 0.258821 0.259523 0.260175 0.260791 0.261390 0.261986 0.262596 0.263237 0.263925 0.264676 0.270032 0.269141 0.268808 0.268962 0.269529 0.270438 0.271614 0.272987 0.274482 0.276028 0.277551 0.278980 0.280241 0.281262 0.281971 0.282294 0.281493 0.279572 0.278576 0.278374 0.278835 0.279829 0.281225 0.282893 0.284702 0.286522 0.288222 0.289671 0.290739 0.291295 0.291209 0.290350 0.290755 0.291655 0.292150 0.292316 0.292231 0.291972 0.291615 0.291239 0.290918 0.290731 0.290755 0.291066 0.291742 0.292859 0.294494 0.296725 0.220826 0.225957 0.225236 0.219648 0.210177 0.197810 0.183532 0.168328 0.153184 0.139086 0.127018 0.117966 0.112915 0.112852 0.118762 0.131629 0.140677 0.137215 0.135054 0.134010 0.133895 0.134524 0.135711 0.137270 0.139014 0.140759 0.142318 0.143504 0.144133 0.144019 0.142974 0.140814 0.139054 0.138354 0.138047 0.138065 0.138341 0.138804 0.139388 0.140024 0.140644 0.141179 0.141562 0.141725 0.141598 0.141115 0.140206 0.138804 0.140308 0.136963 0.135643 0.135996 0.137668 0.140308 0.143562 0.147077 0.150502 0.153482 0.155665 0.156698 0.156229 0.153905 0.149373 0.142280 0.181401 0.196853 0.207498 0.214011 0.217069 0.217350 0.215529 0.212284 0.208292 0.204229 0.200772 0.198598 0.198384 0.200806 0.206542 0.216268 0.213138 0.212263 0.211374 0.210485 0.209611 0.208767 0.207968 0.207229 0.206566 0.205992 0.205522 0.205173 0.204958 0.204894 0.204993 0.205273 0.202434 0.201610 0.201025 0.200649 0.200453 0.200406 0.200478 0.200641 0.200864 0.201118 0.201373 0.201599 0.201767 0.201846 0.201808 0.201622 0.201622 0.199538 0.198229 0.197571 0.197443 0.197722 0.198288 0.199017 0.199788 0.200479 0.200967 0.201131 0.200848 0.199997 0.198455 0.196100
0.195913 0.196739 0.197399 0.197908 0.198281 0.198534 0.198681 0.198740 0.198724 0.198650 0.198534 0.198389 0.198233 0.198080 0.197947 0.197847 0.197161 0.197998 0.198667 0.199202 0.199635 0.200000 0.200330 0.200659 0.201019 0.201443 0.201966 0.202619 0.203437 0.204452 0.205698 0.207207 0.204586 0.205729 0.206682 0.207454 0.208052 0.208486 0.208764 0.208895 0.208887 0.208747 0.208486 0.208112 0.207632 0.207056 0.206391 0.205647 0.213824 0.217459 0.219218 0.219440 0.218465 0.216632 0.214281 0.211751 0.209382 0.207513 0.206483 0.206632 0.208300 0.211825 0.217548 0.225807 0.253621 0.254709 0.255698 0.256604 0.257445 0.258238 0.259002 0.259753 0.260509 0.261288 0.262107 0.262984 0.263935 0.264980 0.266134 0.267416 0.270524 0.270215 0.270290 0.270695 0.271374 0.272271 0.273333 0.274503 0.275727 0.276949 0.278114 0.279168 0.280055 0.280720 0.281108 0.281163 0.282082 0.279319 0.277850 0.277494 0.278069 0.279394 0.281286 0.283564 0.286046 0.288552 0.290899 0.292906 0.294391 0.295173 0.295069 0.293899 0.292370 0.293158 0.293561 0.293657 0.293525 0.293244 0.292893 0.292552 0.292298 0.292211 0.292370 0.292854 0.293741 0.295111 0.297042 0.299614 0.205567 0.201775 0.195966 0.188573 0.180027 0.170761 0.161206 0.151794 0.142957 0.135126 0.128735 0.124215 0.121997 0.122513 0.126196 0.133478 0.139950 0.137453 0.135893 0.135135 0.135046 0.135492 0.136339 0.137454 0.138702 0.139950 0.141063 0.141909 0.142353 0.142261 0.141500 0.139935 0.138615 0.138090 0.137860 0.137874 0.138080 0.138428 0.138866 0.139343 0.139808 0.140209 0.140497 0.140619 0.140524 0.140161 0.139480 0.138428 0.139556 0.136626 0.135458 0.135755 0.137221 0.139556 0.142464 0.145649 0.148811 0.151655 0.153882 0.155195 0.155297 0.153891 0.150679 0.145364 0.177878 0.189880 0.198755 0.204912 0.208758 0.210699 0.211145 0.210502 0.209177 0.207580 0.206116 0.205194 0.205221 0.206604 0.209752 0.215072 0.211323 0.210730 0.210142 0.209567 0.209013 0.208486 0.207995 0.207545 0.207144 0.206801 0.206521 0.206312 0.206182 0.206137 0.206185 0.206334 0.202839 0.202369 0.202043 0.201843 0.201750 0.201747 0.201815 0.201936 0.202091 0.202263 0.202434 0.202584 0.202696 0.202752 0.202733 0.202621 0.202621 0.200776 0.199562 0.198882 0.198634 0.198721 0.199042 0.199499 0.199991 0.200420 0.200686 0.200691 0.200333 0.199516 0.198138 0.196100
0.196100 0.197379 0.198378 0.199126 0.199657 0.200000 0.200187 0.200250 0.200218 0.200125 0.200000 0.199875 0.199782 0.199750 0.199813 0.200000 0.200000 0.200374 0.200499 0.200437 0.200250 0.200000 0.199750 0.199563 0.199501 0.199626 0.200000 0.200686 0.201747 0.203245 0.205242 0.207800 0.203900 0.205179 0.206178 0.206926 0.207457 0.207800 0.207987 0.208050 0.208018 0.207925 0.207800 0.207675 0.207582 0.207550 0.207613 0.207800 0.211800 0.213953 0.215294 0.215950 0.216043 0.215700 0.215045 0.214202 0.213298 0.212455 0.211800 0.211457 0.211550 0.212206 0.213547 0.215700 0.254900 0.255872 0.256716 0.257464 0.258148 0.258800 0.259452 0.260136 0.260884 0.261728 0.262700 0.263832 0.265156 0.266704 0.268508 0.270600 0.270600 0.271193 0.271910 0.272722 0.273595 0.274500 0.275405 0.276278 0.277090 0.277807 0.278400 0.278837 0.279086 0.279118 0.278899 0.278400 0.282400 0.278512 0.276420 0.275872 0.276616 0.278400 0.280972 0.284080 0.287472 0.290896 0.294100 0.296832 0.298840 0.299872 0.299676 0.298000 0.294100 0.294479 0.294606 0.294542 0.294353 0.294100 0.293847 0.293658 0.293594 0.293721 0.294100 0.294795 0.295870 0.297386 0.299409 0.302000 0.188200 0.171505 0.158474 0.148702 0.141779 0.137300 0.134857 0.134042 0.134450 0.135671 0.137300 0.138929 0.140150 0.140558 0.139743 0.137300 0.137300 0.137300 0.137300 0.137300 0.137300 0.137300 0.137300 0.137300 0.137300 0.137300 0.137300 0.137300 0.137300 0.137300 0.137300 0.137300 0.137300 0.137300 0.137300 0.137300 0.137300 0.137300 0.137300 0.137300 0.137300 0.137300 0.137300 0.137300 0.137300 0.137300 0.137300 0.137300 0.137300 0.135241 0.134398 0.134586 0.135615 0.137300 0.139453 0.141886 0.144414 0.146847 0.149000 0.150685 0.151714 0.151902 0.151059 0.149000 0.172500 0.178570 0.184417 0.189979 0.195194 0.200000 0.204334 0.208133 0.211335 0.213878 0.215700 0.216738 0.216929 0.216211 0.214522 0.211800 0.207800 0.207800 0.207800 0.207800 0.207800 0.207800 0.207800 0.207800 0.207800 0.207800 0.207800 0.207800 0.207800 0.207800 0.207800 0.207800 0.203900 0.203900 0.203900 0.203900 0.203900 0.203900 0.203900 0.203900 0.203900 0.203900 0.203900 0.203900 0.203900 0.203900 0.203900 0.203900 0.203900 0.202434 0.201373 0.200655 0.200218 0.200000 0.199938 0.199969 0.200031 0.200062 0.200000 0.199782 0.199345 0.198627 0.197566 0.196100
0.196100 0.199345 0.201622 0.203058 0.203775 0.203900 0.203557 0.202870 0.201966 0.200967 0.200000 0.199189 0.198658 0.198534 0.198939 0.200000 0.203900 0.201248 0.199688 0.199064 0.199220 0.200000 0.201248 0.202808 0.204524 0.206240 0.207800 0.209048 0.209828 0.209984 0.209360 0.207800 0.211800 0.212883 0.213298 0.213170 0.212629 0.211800 0.210811 0.209790 0.208862 0.208157 0.207800 0.207919 0.208642 0.210094 0.212405 0.215700 0.215700 0.215887 0.215950 0.215918 0.215825 0.215700 0.215575 0.215482 0.215450 0.215513 0.215700 0.216043 0.216574 0.217322 0.218321 0.219600 0.219600 0.236319 0.248854 0.257738 0.263509 0.266700 0.267847 0.267486 0.266150 0.264377 0.262700 0.261655 0.261778 0.263602 0.267665 0.274500 0.274500 0.274576 0.275068 0.275912 0.277044 0.278400 0.279916 0.281528 0.283172 0.284784 0.286300 0.287656 0.288788 0.289632 0.290124 0.290200 0.290200 0.290985 0.291766 0.292546 0.293323 0.294100 0.294877 0.295654 0.296434 0.297215 0.298000 0.298789 0.299582 0.300382 0.301187 0.302000 0.305900 0.306274 0.306399 0.306337 0.306150 0.305900 0.305650 0.305463 0.305401 0.305526 0.305900 0.306586 0.307647 0.309145 0.311142 0.313700 0.203900 0.182055 0.165006 0.152218 0.143161 0.137300 0.134103 0.133038 0.133570 0.135169 0.137300 0.139431 0.141030 0.141562 0.140497 0.137300 0.137300 0.137300 0.137300 0.137300 0.137300 0.137300 0.137300 0.137300 0.137300 0.137300 0.137300 0.137300 0.137300 0.137300 0.137300 0.137300 0.137300 0.137300 0.137300 0.137300 0.137300 0.137300 0.137300 0.137300 0.137300 0.137300 0.137300 0.137300 0.137300 0.137300 0.137300 0.137300 0.137300 0.135179 0.135666 0.138382 0.142953 0.149000 0.156147 0.164018 0.172234 0.180421 0.188200 0.195195 0.201030 0.205326 0.207709 0.207800 0.219600 0.219413 0.219350 0.219382 0.219475 0.219600 0.219725 0.219818 0.219850 0.219787 0.219600 0.219257 0.218726 0.217978 0.216979 0.215700 0.215700 0.212405 0.210094 0.208642 0.207919 0.207800 0.208157 0.208862 0.209790 0.210811 0.211800 0.212629 0.213170 0.213298 0.212883 0.211800 0.211800 0.211174 0.210431 0.209601 0.208714 0.207800 0.206890 0.206015 0.205205 0.204490 0.203900 0.203466 0.203219 0.203189 0.203406 0.203900 0.203900 0.202621 0.201622 0.200874 0.200343 0.200000 0.199813 0.199750 0.199782 0.199875 0.200000 0.200125 0.200218 0.200250 0.200187 0.200000
0.195601 0.198571 0.200635 0.201915 0.202536 0.202621 0.202292 0.201674 0.200889 0.200061 0.199314 0.198769 0.198552 0.198784 0.199590 0.201092 0.203026 0.200324 0.198652 0.197873 0.197848 0.198440 0.199511 0.200924 0.202541 0.204224 0.205834 0.207236 0.208290 0.208859 0.208806 0.207992 0.209784 0.211534 0.212520 0.212870 0.212713 0.212174 0.211383 0.210466 0.209551 0.208766 0.208238 0.208095 0.208464 0.209473 0.211250 0.213922 0.215201 0.215368 0.215586 0.215848 0.216150 0.216485 0.216847 0.217230 0.217629 0.218038 0.218450 0.218861 0.219263 0.219651 0.220020 0.220362 0.220550 0.233406 0.242552 0.248549 0.251959 0.253343 0.253262 0.252277 0.250950 0.249841 0.249513 0.250526 0.253441 0.258820 0.267225 0.279215 0.273991 0.273729 0.273821 0.274227 0.274906 0.275818 0.276922 0.278180 0.279550 0.280991 0.282465 0.283930 0.285345 0.286672 0.287869 0.288897 0.287934 0.288396 0.288637 0.288732 0.288757 0.288786 0.288894 0.289157 0.289650 0.290447 0.291625 0.293257 0.295419 0.298187 0.301635 0.305838 0.306306 0.307433 0.308154 0.308545 0.308686 0.308654 0.308529 0.308388 0.308309 0.308372 0.308654 0.309234 0.310191 0.311601 0.313545 0.316099 0.241440 0.236202 0.227146 0.215044 0.200668 0.184790 0.168183 0.151618 0.135868 0.121704 0.109898 0.101224 0.096452 0.096354 0.101704 0.113273 0.107322 0.106913 0.106289 0.105468 0.104469 0.103311 0.102012 0.100591 0.099066 0.097455 0.095778 0.094053 0.092299 0.090533 0.088775 0.087042 0.111777 0.111374 0.111038 0.110815 0.110750 0.110889 0.111276 0.111957 0.112978 0.114384 0.116219 0.118530 0.121362 0.124760 0.128769 0.133435 0.179635 0.185949 0.190569 0.193753 0.195759 0.196845 0.197267 0.197285 0.197155 0.197135 0.197483 0.198457 0.200314 0.203312 0.207709 0.213762 0.219489 0.220364 0.220944 0.221264 0.221357 0.221258 0.221003 0.220626 0.220160 0.219642 0.219106 0.218585 0.218116 0.217732 0.217468 0.217358 0.215014 0.213024 0.211564 0.210567 0.209969 0.209705 0.209709 0.209917 0.210264 0.210685 0.211114 0.211486 0.211738 0.211803 0.211616 0.211114 0.212883 0.212363 0.211547 0.210503 0.209296 0.207992 0.206656 0.205355 0.204155 0.203120 0.202318 0.201813 0.201671 0.201960 0.202743 0.204087 0.204992 0.203257 0.201876 0.200813 0.200033 0.199501 0.199181 0.199038 0.199036 0.199139 0.199314 0.199523 0.199731 0.199904 0.200006 0.200000
0.195382 0.198029 0.199860 0.200993 0.201542 0.201622 0.201350 0.200839 0.200206 0.199565 0.199033 0.198724 0.198753 0.199237 0.200290 0.202028 0.202683 0.200069 0.198393 0.197539 0.197386 0.197816 0.198710 0.199950 0.201417 0.202991 0.204555 0.205989 0.207175 0.207994 0.208327 0.208056 0.208472 0.210504 0.211788 0.212438 0.212570 0.212299 0.211740 0.211007 0.210216 0.209482 0.208919 0.208643 0.208769 0.209411 0.210685 0.212705 0.214982 0.215190 0.215551 0.216037 0.216618 0.217266 0.217953 0.218650 0.219327 0.219957 0.220511 0.220960 0.221276 0.221429 0.221392 0.221135 0.221385 0.231129 0.237611 0.241391 0.243030 0.243090 0.242130 0.240711 0.239395 0.238743 0.239314 0.241671 0.246374 0.253983 0.265060 0.280166 0.273926 0.273590 0.273562 0.273816 0.274324 0.275061 0.275999 0.277113 0.278375 0.279759 0.281238 0.282787 0.284378 0.285984 0.287580 0.289138 0.289015 0.289185 0.289086 0.288818 0.288480 0.288173 0.287997 0.288052 0.288439 0.289257 0.290606 0.292588 0.295301 0.298846 0.303323 0.308833 0.306961 0.308690 0.309894 0.310660 0.311077 0.311235 0.311222 0.311127 0.311038 0.311045 0.311235 0.311699 0.312524 0.313800 0.315615 0.318058 0.271164 0.277417 0.274198 0.263118 0.245790 0.223823 0.198829 0.172419 0.146204 0.121795 0.100803 0.084839 0.075515 0.074440 0.083227 0.103486 0.095187 0.094611 0.093736 0.092589 0.091194 0.089578 0.087765 0.085781 0.083653 0.081405 0.079063 0.076653 0.074200 0.071729 0.069267 0.066839 0.101178 0.100592 0.100118 0.099830 0.099799 0.100098 0.100800 0.101976 0.103700 0.106043 0.109078 0.112877 0.117512 0.123057 0.129582 0.137162 0.213350 0.224452 0.231119 0.234021 0.233826 0.231202 0.226820 0.221348 0.215454 0.209807 0.205078 0.201933 0.201043 0.203076 0.208701 0.218587 0.219918 0.221322 0.222198 0.222619 0.222657 0.222383 0.221871 0.221194 0.220423 0.219630 0.218889 0.218271 0.217849 0.217696 0.217883 0.218483 0.214733 0.213763 0.212966 0.212325 0.211824 0.211446 0.211176 0.210996 0.210889 0.210841 0.210833 0.210850 0.210874 0.210891 0.210883 0.210833 0.213298 0.212818 0.211974 0.210846 0.209514 0.208056 0.206553 0.205085 0.203731 0.202571 0.201685 0.201152 0.201052 0.201466 0.202471 0.204150 0.205928 0.203839 0.202171 0.200883 0.199934 0.199282 0.198887 0.198705 0.198697 0.198820 0.199033 0.199295 0.199564 0.199799 0.199958 0.200000
0.195414 0.197696 0.199281 0.200271 0.200768 0.200874 0.200690 0.200318 0.199861 0.199419 0.199095 0.198991 0.199209 0.199849 0.201015 0.202808 0.202777 0.200362 0.198774 0.197913 0.197679 0.197972 0.198693 0.199743 0.201022 0.202431 0.203869 0.205237 0.206437 0.207367 0.207930 0.208024 0.207768 0.209772 0.211128 0.211929 0.212268 0.212237 0.211929 0.211437 0.210853 0.210270 0.209781 0.209478 0.209455 0.209804 0.210617 0.211987 0.215014 0.215313 0.215806 0.216451 0.217211 0.218046 0.218916 0.219784 0.220609 0.221353 0.221977 0.222441 0.222706 0.222733 0.222483 0.221917 0.222135 0.229437 0.233895 0.236049 0.236436 0.235594 0.234062 0.232378 0.231079 0.230703 0.231790 0.234876 0.240499 0.249199 0.261513 0.277978 0.274114 0.273893 0.273952 0.274270 0.274825 0.275595 0.276560 0.277698 0.278986 0.280404 0.281930 0.283542 0.285218 0.286938 0.288680 0.290422 0.292409 0.292339 0.292077 0.291708 0.291323 0.291007 0.290850 0.290940 0.291363 0.292209 0.293566 0.295520 0.298161 0.301575 0.305852 0.311079 0.307803 0.309995 0.311578 0.312644 0.313290 0.313609 0.313696 0.313645 0.313550 0.313507 0.313609 0.313951 0.314627 0.315732 0.317361 0.319606 0.293888 0.307217 0.307959 0.298166 0.279889 0.255181 0.226092 0.194675 0.162981 0.133061 0.106969 0.086754 0.074470 0.072167 0.081898 0.105714 0.098041 0.097502 0.096690 0.095626 0.094334 0.092838 0.091161 0.089327 0.087357 0.085277 0.083109 0.080876 0.078602 0.076310 0.074023 0.071765 0.103342 0.102718 0.102240 0.101991 0.102055 0.102514 0.103451 0.104950 0.107093 0.109964 0.113646 0.118223 0.123776 0.130390 0.138147 0.147130 0.239226 0.252047 0.259026 0.261052 0.259013 0.253798 0.246294 0.237391 0.227978 0.218941 0.211170 0.205554 0.202981 0.204338 0.210515 0.222401 0.220794 0.222282 0.223167 0.223536 0.223474 0.223069 0.222407 0.221574 0.220657 0.219744 0.218919 0.218271 0.217885 0.217848 0.218247 0.219169 0.214795 0.214590 0.214290 0.213916 0.213488 0.213026 0.212549 0.212077 0.211631 0.211231 0.210895 0.210645 0.210500 0.210480 0.210605 0.210895 0.213170 0.212679 0.211843 0.210738 0.209440 0.208024 0.206567 0.205144 0.203832 0.202707 0.201843 0.201318 0.201207 0.201586 0.202531 0.204118 0.206708 0.204365 0.202502 0.201071 0.200025 0.199314 0.198890 0.198704 0.198709 0.198855 0.199095 0.199380 0.199661 0.199891 0.200020 0.200000
0.195663 0.197549 0.198876 0.199728 0.200190 0.200343 0.200274 0.200064 0.199800 0.199563 0.199438 0.199510 0.199861 0.200576 0.201738 0.203432 0.203214 0.201086 0.199657 0.198846 0.198571 0.198752 0.199309 0.200161 0.201228 0.202428 0.203682 0.204908 0.206026 0.206956 0.207617 0.207928 0.207576 0.209315 0.210568 0.211399 0.211872 0.212050 0.211997 0.211778 0.211457 0.211096 0.210762 0.210516 0.210424 0.210549 0.210955 0.211706 0.215263 0.215695 0.216306 0.217057 0.217909 0.218823 0.219759 0.220679 0.221542 0.222309 0.222942 0.223400 0.223645 0.223637 0.223337 0.222706 0.222830 0.228274 0.231268 0.232307 0.231890 0.230513 0.228673 0.226867 0.225592 0.225345 0.226623 0.229923 0.235742 0.244577 0.256924 0.273281 0.274369 0.274373 0.274650 0.275178 0.275931 0.276886 0.278019 0.279306 0.280722 0.282244 0.283847 0.285508 0.287202 0.288905 0.290594 0.292243 0.297082 0.296845 0.296571 0.296311 0.296115 0.296034 0.296119 0.296420 0.296987 0.297871 0.299123 0.300794 0.302933 0.305592 0.308821 0.312670 0.308770 0.311299 0.313164 0.314462 0.315289 0.315742 0.315915 0.315906 0.315810 0.315723 0.315742 0.315962 0.316479 0.317390 0.318791 0.320777 0.310428 0.327122 0.330229 0.321911 0.304329 0.279646 0.250022 0.217618 0.184598 0.153121 0.125350 0.103445 0.089569 0.085883 0.094549 0.117727 0.113030 0.112696 0.112195 0.111542 0.110750 0.109833 0.108805 0.107681 0.106475 0.105199 0.103870 0.102499 0.101103 0.099693 0.098286 0.096894 0.116103 0.115515 0.115103 0.114947 0.115126 0.115719 0.116807 0.118469 0.120785 0.123834 0.127697 0.132452 0.138179 0.144959 0.152870 0.161993 0.258049 0.270095 0.276001 0.276714 0.273183 0.266355 0.257179 0.246602 0.235573 0.225039 0.215949 0.209250 0.205891 0.206819 0.212983 0.225330 0.222019 0.223239 0.223905 0.224102 0.223909 0.223410 0.222685 0.221816 0.220886 0.219975 0.219166 0.218541 0.218181 0.218168 0.218584 0.219510 0.215138 0.215474 0.215527 0.215342 0.214966 0.214443 0.213820 0.213142 0.212456 0.211806 0.211238 0.210799 0.210534 0.210488 0.210708 0.211238 0.212629 0.212085 0.211285 0.210287 0.209148 0.207928 0.206684 0.205474 0.204357 0.203391 0.202634 0.202145 0.201981 0.202201 0.202863 0.204025 0.207332 0.204833 0.202862 0.201364 0.200283 0.199563 0.199149 0.198986 0.199016 0.199186 0.199438 0.199718 0.199970 0.200138 0.200167 0.200000
0.196100 0.197566 0.198627 0.199345 0.199782 0.200000 0.200062 0.200031 0.199969 0.199938 0.200000 0.200218 0.200655 0.201373 0.202434 0.203900 0.203900 0.202122 0.200905 0.200187 0.199906 0.200000 0.200406 0.201061 0.201903 0.202870 0.203900 0.204930 0.205897 0.206739 0.207394 0.207800 0.207800 0.209112 0.210136 0.210904 0.211448 0.211800 0.211992 0.212056 0.212024 0.211928 0.211800 0.211672 0.211576 0.211544 0.211608 0.211800 0.215700 0.216293 0.217010 0.217822 0.218695 0.219600 0.220505 0.221378 0.222190 0.222907 0.223500 0.223937 0.224186 0.224218 0.223999 0.223500 0.223500 0.227590 0.229593 0.229951 0.229106 0.227500 0.225574 0.223769 0.222527 0.222290 0.223500 0.226598 0.232025 0.240223 0.251634 0.266700 0.274500 0.274763 0.275318 0.276130 0.277169 0.278400 0.279791 0.281310 0.282922 0.284597 0.286300 0.287999 0.289662 0.291254 0.292745 0.294100 0.302000 0.301688 0.301532 0.301532 0.301688 0.302000 0.302468 0.303092 0.303872 0.304808 0.305900 0.307148 0.308552 0.310112 0.311828 0.313700 0.309800 0.312550 0.314611 0.316077 0.317042 0.317600 0.317846 0.317875 0.317781 0.317658 0.317600 0.317702 0.318059 0.318765 0.319914 0.321600 0.321600 0.338648 0.342804 0.336076 0.320472 0.298000 0.270668 0.240484 0.209456 0.179592 0.152900 0.131388 0.117064 0.111936 0.118012 0.137300 0.137300 0.137300 0.137300 0.137300 0.137300 0.137300 0.137300 0.137300 0.137300 0.137300 0.137300 0.137300 0.137300 0.137300 0.137300 0.137300 0.137300 0.136748 0.136408 0.136344 0.136620 0.137300 0.138448 0.140128 0.142404 0.145340 0.149000 0.153448 0.158748 0.164964 0.172160 0.180400 0.270600 0.279955 0.283754 0.282874 0.278197 0.270600 0.260963 0.250166 0.239086 0.228605 0.219600 0.212951 0.209538 0.210238 0.215933 0.227500 0.223500 0.224186 0.224467 0.224405 0.224062 0.223500 0.222782 0.221971 0.221129 0.220318 0.219600 0.219038 0.218695 0.218633 0.218914 0.219600 0.215700 0.216386 0.216667 0.216605 0.216262 0.215700 0.214982 0.214171 0.213329 0.212518 0.211800 0.211238 0.210895 0.210833 0.211114 0.211800 0.211800 0.211174 0.210431 0.209601 0.208714 0.207800 0.206890 0.206015 0.205205 0.204490 0.203900 0.203466 0.203219 0.203189 0.203406 0.203900 0.207800 0.205242 0.203245 0.201747 0.200686 0.200000 0.199626 0.199501 0.199563 0.199750 0.200000 0.200250 0.200437 0.200499 0.200374 0.200000
0.196693 0.197725 0.198514 0.199100 0.199520 0.199813 0.200017 0.200171 0.200314 0.200483 0.200718 0.201056 0.201536 0.202196 0.203075 0.204212 0.204742 0.203349 0.202379 0.201788 0.201530 0.201560 0.201832 0.202300 0.202920 0.203645 0.204430 0.205231 0.206001 0.206694 0.207267 0.207672 0.208344 0.209140 0.209858 0.210499 0.211063 0.211550 0.211961 0.212294 0.212551 0.212731 0.212834 0.212861 0.212812 0.212686 0.212484 0.212206 0.216293 0.217066 0.217878 0.218711 0.219550 0.220377 0.221175 0.221928 0.222619 0.223231 0.223746 0.224150 0.224423 0.224550 0.224514 0.224298 0.224174 0.227329 0.228734 0.228766 0.227800 0.226211 0.224377 0.222673 0.221476 0.221161 0.222105 0.224683 0.229272 0.236247 0.245986 0.258863 0.274319 0.274799 0.275614 0.276717 0.278062 0.279602 0.281290 0.283080 0.284925 0.286780 0.288597 0.290330 0.291932 0.293357 0.294558 0.295489 0.306130 0.305856 0.305922 0.306278 0.306871 0.307650 0.308562 0.309557 0.310582 0.311586 0.312517 0.313323 0.313952 0.314352 0.314473 0.314262 0.310830 0.313701 0.315878 0.317452 0.318513 0.319150 0.319455 0.319517 0.319427 0.319275 0.319150 0.319144 0.319347 0.319848 0.320738 0.322107 0.328220 0.343314 0.347483 0.342386 0.329681 0.311026 0.288082 0.262506 0.235956 0.210093 0.186574 0.167059 0.153206 0.146673 0.149120 0.162205 0.167998 0.168424 0.169051 0.169864 0.170845 0.171979 0.173249 0.174638 0.176129 0.177707 0.179354 0.181055 0.182792 0.184550 0.186310 0.188058 0.164769 0.164179 0.163853 0.163830 0.164146 0.164841 0.165952 0.167518 0.169577 0.172168 0.175327 0.179094 0.183507 0.188604 0.194424 0.201003 0.277663 0.282987 0.283995 0.281400 0.275916 0.268257 0.259136 0.249267 0.239365 0.230141 0.222311 0.216588 0.213686 0.214317 0.219197 0.229038 0.225141 0.225121 0.224907 0.224533 0.224031 0.223434 0.222776 0.222090 0.221408 0.220763 0.220190 0.219719 0.219386 0.219222 0.219260 0.219534 0.216418 0.217295 0.217700 0.217705 0.217380 0.216797 0.216028 0.215144 0.214216 0.213317 0.212518 0.211889 0.211504 0.211432 0.211746 0.212518 0.210811 0.210085 0.209412 0.208788 0.208209 0.207672 0.207173 0.206708 0.206274 0.205866 0.205482 0.205116 0.204767 0.204429 0.204100 0.203775 0.208112 0.205589 0.203644 0.202208 0.201214 0.200593 0.200278 0.200201 0.200294 0.200488 0.200718 0.200913 0.201007 0.200931 0.200618 0.200000
0.197410 0.198001 0.198518 0.198973 0.199379 0.199750 0.200099 0.200438 0.200781 0.201140 0.201529 0.201960 0.202446 0.203001 0.203637 0.204368 0.205647 0.204650 0.203944 0.203500 0.203287 0.203276 0.203436 0.203736 0.204147 0.204638 0.205179 0.205740 0.206290 0.206800 0.207239 0.207576 0.209112 0.209376 0.209761 0.210240 0.210784 0.211363 0.211950 0.212517 0.213033 0.213472 0.213803 0.214000 0.214032 0.213872 0.213491 0.212861 0.217010 0.217972 0.218865 0.219692 0.220455 0.221154 0.221793 0.222373 0.222895 0.223362 0.223775 0.224137 0.224448 0.224711 0.224927 0.225099 0.224881 0.227440 0.228557 0.228536 0.227683 0.226302 0.224696 0.223171 0.222031 0.221580 0.222122 0.223963 0.227407 0.232757 0.240320 0.250398 0.273638 0.274216 0.275201 0.276529 0.278135 0.279957 0.281929 0.283988 0.286070 0.288111 0.290046 0.291813 0.293346 0.294582 0.295457 0.295906 0.308439 0.308335 0.308704 0.309455 0.310494 0.311729 0.313067 0.314415 0.315681 0.316771 0.317594 0.318057 0.318066 0.317530 0.316355 0.314449 0.311797 0.314700 0.316923 0.318552 0.319669 0.320359 0.320707 0.320797 0.320713 0.320539 0.320359 0.320259 0.320321 0.320631 0.321272 0.322330 0.331104 0.342639 0.346065 0.342564 0.333318 0.319507 0.302313 0.282917 0.262500 0.242243 0.223327 0.206934 0.194246 0.186442 0.184704 0.190214 0.202271 0.203176 0.204496 0.206197 0.208246 0.210610 0.213255 0.216149 0.219258 0.222548 0.225987 0.229541 0.233177 0.236862 0.240561 0.244243 0.196346 0.195573 0.195140 0.195051 0.195312 0.195926 0.196898 0.198232 0.199933 0.202004 0.204450 0.207275 0.210483 0.214080 0.218069 0.222454 0.280022 0.280551 0.278435 0.274158 0.268202 0.261050 0.253186 0.245093 0.237254 0.230152 0.224270 0.220091 0.218098 0.218776 0.222605 0.230071 0.226846 0.226036 0.225279 0.224573 0.223917 0.223307 0.222743 0.222223 0.221744 0.221305 0.220905 0.220540 0.220210 0.219912 0.219646 0.219407 0.217229 0.218170 0.218617 0.218643 0.218324 0.217734 0.216948 0.216040 0.215084 0.214156 0.213329 0.212678 0.212278 0.212204 0.212529 0.213329 0.209790 0.208956 0.208358 0.207956 0.207709 0.207576 0.207518 0.207493 0.207463 0.207385 0.207221 0.206929 0.206470 0.205802 0.204886 0.203682 0.208268 0.205874 0.204053 0.202733 0.201842 0.201310 0.201066 0.201036 0.201151 0.201339 0.201529 0.201648 0.201627 0.201392 0.200874 0.200000
0.198222 0.198373 0.198618 0.198943 0.199335 0.199782 0.200269 0.200785 0.201316 0.201849 0.202371 0.202870 0.203332 0.203744 0.204094 0.204368 0.206521 0.205904 0.205460 0.205172 0.205022 0.204992 0.205066 0.205226 0.205456 0.205737 0.206053 0.206386 0.206719 0.207034 0.207315 0.207544 0.210008 0.209798 0.209873 0.210183 0.210675 0.211301 0.212008 0.212747 0.213467 0.214116 0.214645 0.215002 0.215137 0.215000 0.214539 0.213703 0.217822 0.218969 0.219932 0.220731 0.221391 0.221934 0.222381 0.222757 0.223084 0.223384 0.223681 0.223996 0.224353 0.224774 0.225283 0.225901 0.225651 0.227868 0.228923 0.229047 0.228472 0.227426 0.226143 0.224851 0.223783 0.223168 0.223238 0.224223 0.226354 0.229861 0.234977 0.241930 0.272266 0.272747 0.273737 0.275154 0.276913 0.278931 0.281123 0.283406 0.285695 0.287907 0.289958 0.291763 0.293238 0.294301 0.294866 0.294850 0.307893 0.308112 0.308841 0.309970 0.311388 0.312983 0.314646 0.316265 0.317730 0.318930 0.319754 0.320091 0.319830 0.318861 0.317073 0.314355 0.312639 0.315498 0.317705 0.319339 0.320475 0.321193 0.321568 0.321678 0.321601 0.321413 0.321193 0.321016 0.320961 0.321105 0.321525 0.322298 0.331068 0.338139 0.340347 0.338335 0.332747 0.324225 0.313412 0.300952 0.287486 0.273659 0.260113 0.247491 0.236436 0.227590 0.221598 0.219102 0.237265 0.238665 0.240680 0.243261 0.246361 0.249930 0.253922 0.258289 0.262981 0.267952 0.273153 0.278536 0.284053 0.289656 0.295297 0.300929 0.229870 0.228692 0.227966 0.227656 0.227727 0.228142 0.228866 0.229863 0.231098 0.232535 0.234138 0.235872 0.237702 0.239590 0.241502 0.243402 0.278458 0.274006 0.268785 0.263016 0.256916 0.250706 0.244604 0.238829 0.233601 0.229139 0.225662 0.223390 0.222541 0.223334 0.225989 0.230725 0.228522 0.226929 0.225639 0.224615 0.223819 0.223213 0.222759 0.222421 0.222159 0.221936 0.221715 0.221458 0.221127 0.220684 0.220092 0.219313 0.218071 0.218981 0.219406 0.219422 0.219100 0.218514 0.217736 0.216840 0.215898 0.214984 0.214171 0.213532 0.213139 0.213066 0.213386 0.214171 0.208862 0.207926 0.207402 0.207214 0.207286 0.207544 0.207911 0.208312 0.208670 0.208911 0.208959 0.208738 0.208172 0.207186 0.205704 0.203650 0.208268 0.206094 0.204465 0.203308 0.202551 0.202122 0.201948 0.201959 0.202081 0.202242 0.202371 0.202395 0.202242 0.201840 0.201117 0.200000
0.199095 0.198818 0.198796 0.198991 0.199363 0.199875 0.200488 0.201164 0.201864 0.202549 0.203182 0.203724 0.204137 0.204381 0.204419 0.204212 0.207270 0.206994 0.206792 0.206655 0.206578 0.206552 0.206571 0.206629 0.206717 0.206829 0.206958 0.207096 0.207238 0.207375 0.207500 0.207608 0.210936 0.210385 0.210221 0.210383 0.210805 0.211426 0.212182 0.213010 0.213847 0.214631 0.215298 0.215784 0.216028 0.215966 0.215534 0.214670 0.218695 0.220016 0.221035 0.221795 0.222341 0.222715 0.222963 0.223127 0.223251 0.223380 0.223558 0.223827 0.224232 0.224817 0.225626 0.226702 0.226514 0.228561 0.229698 0.230084 0.229879 0.229241 0.228330 0.227305 0.226324 0.225548 0.225135 0.225245 0.226036 0.227667 0.230299 0.234089 0.270017 0.270126 0.270884 0.272184 0.273921 0.275990 0.278287 0.280705 0.283140 0.285487 0.287639 0.289493 0.290943 0.291883 0.292209 0.291815 0.303458 0.304173 0.305295 0.306729 0.308382 0.310158 0.311965 0.313709 0.315294 0.316628 0.317615 0.318163 0.318177 0.317563 0.316227 0.314074 0.313294 0.316045 0.318182 0.319777 0.320899 0.321618 0.322003 0.322126 0.322056 0.321863 0.321618 0.321389 0.321247 0.321263 0.321505 0.322045 0.328928 0.331333 0.332127 0.331422 0.329330 0.325962 0.321429 0.315844 0.309317 0.301960 0.293886 0.285204 0.276027 0.266466 0.256633 0.246639 0.270126 0.272000 0.274651 0.278021 0.282050 0.286681 0.291854 0.297512 0.303595 0.310046 0.316806 0.323816 0.331018 0.338353 0.345763 0.353190 0.263175 0.261301 0.260033 0.259292 0.258998 0.259071 0.259433 0.260002 0.260701 0.261448 0.262165 0.262771 0.263188 0.263334 0.263132 0.262501 0.273757 0.264712 0.256756 0.249840 0.243920 0.238947 0.234876 0.231660 0.229253 0.227607 0.226677 0.226415 0.226776 0.227712 0.229178 0.231126 0.230071 0.227792 0.226040 0.224745 0.223837 0.223246 0.222901 0.222734 0.222673 0.222648 0.222590 0.222429 0.222094 0.221515 0.220622 0.219346 0.218882 0.219696 0.220060 0.220042 0.219711 0.219135 0.218383 0.217523 0.216624 0.215755 0.214982 0.214376 0.214005 0.213936 0.214239 0.214982 0.208157 0.207133 0.206673 0.206669 0.207016 0.207608 0.208339 0.209104 0.209796 0.210309 0.210538 0.210377 0.209720 0.208461 0.206494 0.203713 0.208112 0.206248 0.204874 0.203920 0.203317 0.202995 0.202886 0.202919 0.203026 0.203137 0.203182 0.203093 0.202800 0.202232 0.201322 0.200000
0.200000 0.199314 0.199033 0.199095 0.199438 0.200000 0.200718 0.201529 0.202371 0.203182 0.203900 0.204462 0.204805 0.204867 0.204586 0.203900 0.207800 0.207800 0.207800 0.207800 0.207800 0.207800 0.207800 0.207800 0.207800 0.207800 0.207800 0.207800 0.207800 0.207800 0.207800 0.207800 0.211800 0.211114 0.210833 0.210895 0.211238 0.211800 0.212518 0.213329 0.214171 0.214982 0.215700 0.216262 0.216605 0.216667 0.216386 0.215700 0.219600 0.221071 0.222134 0.222850 0.223285 0.223500 0.223559 0.223526 0.223462 0.223433 0.223500 0.223727 0.224178 0.224914 0.226001 0.227500 0.227500 0.229466 0.230745 0.231431 0.231618 0.231400 0.230870 0.230121 0.229247 0.228342 0.227500 0.226814 0.226377 0.226283 0.226626 0.227500 0.266700 0.266090 0.266301 0.267207 0.268682 0.270600 0.272834 0.275257 0.277743 0.280166 0.282400 0.284318 0.285793 0.286699 0.286910 0.286300 0.294100 0.295506 0.297029 0.298639 0.300306 0.302000 0.303690 0.305345 0.306935 0.308430 0.309800 0.311014 0.312041 0.312851 0.313414 0.313700 0.313700 0.316291 0.318314 0.319830 0.320905 0.321600 0.321979 0.322106 0.322042 0.321853 0.321600 0.321347 0.321158 0.321094 0.321221 0.321600 0.325500 0.323738 0.323203 0.323549 0.324430 0.325500 0.326414 0.326827 0.326393 0.324766 0.321600 0.316550 0.309271 0.299417 0.286642 0.270600 0.298000 0.300290 0.303457 0.307439 0.312174 0.317600 0.323654 0.330273 0.337395 0.344958 0.352900 0.361158 0.369669 0.378371 0.387202 0.396100 0.294100 0.291162 0.289039 0.287605 0.286734 0.286300 0.286178 0.286243 0.286369 0.286430 0.286300 0.285854 0.284967 0.283513 0.281366 0.278400 0.266700 0.254030 0.244057 0.236499 0.231074 0.227500 0.225494 0.224773 0.225055 0.226058 0.227500 0.229098 0.230569 0.231631 0.232002 0.231400 0.231400 0.228622 0.226537 0.225051 0.224070 0.223500 0.223246 0.223213 0.223307 0.223434 0.223500 0.223410 0.223069 0.222383 0.221258 0.219600 0.219600 0.220286 0.220567 0.220505 0.220162 0.219600 0.218882 0.218071 0.217229 0.216418 0.215700 0.215138 0.214795 0.214733 0.215014 0.215700 0.207800 0.206717 0.206302 0.206430 0.206971 0.207800 0.208789 0.209810 0.210738 0.211443 0.211800 0.211681 0.210958 0.209506 0.207195 0.203900 0.207800 0.206334 0.205273 0.204555 0.204118 0.203900 0.203838 0.203869 0.203931 0.203962 0.203900 0.203682 0.203245 0.202527 0.201466 0.200000
0.200905 0.199836 0.199308 0.199236 0.199536 0.200125 0.200918 0.201833 0.202784 0.203688 0.204462 0.205020 0.205281 0.205159 0.204570 0.203432 0.208018 0.208203 0.208348 0.208457 0.208533 0.208580 0.208600 0.208598 0.208576 0.208538 0.208486 0.208426 0.208358 0.208288 0.208218 0.208152 0.212504 0.211962 0.211734 0.211776 0.212042 0.212486 0.213063 0.213728 0.214434 0.215137 0.215790 0.216349 0.216768 0.217002 0.217004 0.216730 0.220505 0.222092 0.223185 0.223863 0.224205 0.224289 0.224194 0.223999 0.223783 0.223625 0.223602 0.223795 0.224282 0.225142 0.226453 0.228294 0.228638 0.230529 0.231928 0.232874 0.233405 0.233559 0.233375 0.232890 0.232143 0.231173 0.230017 0.228713 0.227301 0.225817 0.224301 0.222791 0.262127 0.260371 0.259649 0.259815 0.260722 0.262226 0.264178 0.266432 0.268843 0.271264 0.273549 0.275550 0.277123 0.278120 0.278394 0.277801 0.278786 0.281096 0.283005 0.284607 0.285992 0.287254 0.288484 0.289774 0.291217 0.292904 0.294929 0.297382 0.300356 0.303943 0.308236 0.313326 0.313794 0.316187 0.318057 0.319462 0.320459 0.321106 0.321461 0.321581 0.321523 0.321346 0.321106 0.320863 0.320672 0.320592 0.320681 0.320995 0.321600 0.316874 0.315374 0.316440 0.319409 0.323622 0.328418 0.333136 0.337114 0.339693 0.340210 0.338006 0.332420 0.322790 0.308456 0.288757 0.318034 0.320642 0.324143 0.328479 0.333593 0.339427 0.345924 0.353027 0.360677 0.368817 0.377390 0.386339 0.395605 0.405131 0.414860 0.424734 0.320481 0.316041 0.312685 0.310243 0.308543 0.307413 0.306682 0.306178 0.305730 0.305166 0.304315 0.303006 0.301066 0.298325 0.294610 0.289751 0.258071 0.243317 0.232399 0.224859 0.220241 0.218089 0.217945 0.219352 0.221855 0.224996 0.228319 0.231367 0.233683 0.234811 0.234294 0.231674 0.232413 0.229412 0.227184 0.225622 0.224619 0.224070 0.223869 0.223909 0.224083 0.224287 0.224414 0.224357 0.224010 0.223267 0.222023 0.220170 0.220162 0.220721 0.220918 0.220812 0.220456 0.219909 0.219226 0.218463 0.217677 0.216925 0.216262 0.215744 0.215430 0.215373 0.215632 0.216262 0.207919 0.206815 0.206422 0.206604 0.207226 0.208152 0.209246 0.210372 0.211395 0.212178 0.212586 0.212482 0.211732 0.210200 0.207749 0.204243 0.207332 0.206349 0.205656 0.205201 0.204934 0.204805 0.204763 0.204758 0.204740 0.204658 0.204462 0.204100 0.203524 0.202682 0.201524 0.200000
0.201778 0.200364 0.199602 0.199392 0.199631 0.200218 0.201051 0.202028 0.203047 0.204007 0.204805 0.205339 0.205509 0.205211 0.204345 0.202808 0.207831 0.208084 0.208299 0.208477 0.208622 0.208736 0.208821 0.208880 0.208915 0.208929 0.208923 0.208901 0.208865 0.208817 0.208760 0.208696 0.212952 0.212907 0.212954 0.213082 0.213283 0.213547 0.213866 0.214231 0.214632 0.215061 0.215507 0.215963 0.216419 0.216866 0.217295 0.217697 0.221378 0.223037 0.224148 0.224800 0.225082 0.225082 0.224890 0.224592 0.224279 0.224038 0.223959 0.224130 0.224639 0.225575 0.227027 0.229083 0.229957 0.231697 0.233111 0.234197 0.234952 0.235374 0.235458 0.235203 0.234605 0.233662 0.232370 0.230728 0.228731 0.226378 0.223665 0.220590 0.256110 0.252704 0.250588 0.249596 0.249566 0.250333 0.251733 0.253604 0.255780 0.258098 0.260394 0.262505 0.264266 0.265514 0.266085 0.265814 0.256483 0.259930 0.262187 0.263538 0.264268 0.264665 0.265012 0.265596 0.266702 0.268616 0.271622 0.276008 0.282057 0.290056 0.300290 0.313045 0.313513 0.315682 0.317372 0.318636 0.319528 0.320103 0.320415 0.320516 0.320462 0.320306 0.320103 0.319906 0.319770 0.319747 0.319893 0.320262 0.318044 0.312258 0.310438 0.311818 0.315631 0.321111 0.327491 0.334003 0.339882 0.344360 0.346671 0.346048 0.341725 0.332934 0.318909 0.298882 0.327375 0.330167 0.333757 0.338104 0.343166 0.348902 0.355270 0.362228 0.369736 0.377750 0.386231 0.395136 0.404424 0.414053 0.423981 0.434167 0.340154 0.333699 0.328671 0.324854 0.322034 0.319994 0.318521 0.317399 0.316411 0.315344 0.313982 0.312109 0.309510 0.305970 0.301274 0.295206 0.248654 0.233936 0.223493 0.216788 0.213282 0.212438 0.213718 0.216585 0.220499 0.224924 0.229322 0.233154 0.235883 0.236972 0.235882 0.232075 0.233014 0.230159 0.228036 0.226545 0.225583 0.225051 0.224848 0.224872 0.225023 0.225199 0.225301 0.225226 0.224875 0.224146 0.222938 0.221151 0.220505 0.220968 0.221104 0.220964 0.220599 0.220062 0.219405 0.218679 0.217935 0.217227 0.216605 0.216121 0.215827 0.215776 0.216017 0.216605 0.208642 0.207566 0.207162 0.207300 0.207855 0.208696 0.209697 0.210729 0.211666 0.212377 0.212737 0.212616 0.211887 0.210423 0.208094 0.204774 0.206708 0.206293 0.206016 0.205843 0.205741 0.205678 0.205622 0.205539 0.205397 0.205163 0.204805 0.204289 0.203584 0.202655 0.201472 0.200000
0.202590 0.200873 0.199896 0.199544 0.199700 0.200250 0.201078 0.202069 0.203108 0.204079 0.204867 0.205357 0.205434 0.204981 0.203884 0.202028 0.207145 0.207324 0.207514 0.207710 0.207911 0.208112 0.208311 0.208504 0.208688 0.208860 0.209017 0.209155 0.209273 0.209365 0.209430 0.209464 0.213048 0.213928 0.214518 0.214867 0.215026 0.215045 0.214974 0.214862 0.214761 0.214720 0.214789 0.215018 0.215458 0.216158 0.217168 0.218539 0.222190 0.223864 0.224980 0.225628 0.225898 0.225882 0.225669 0.225350 0.225016 0.224757 0.224665 0.224829 0.225341 0.226290 0.227768 0.229865 0.231487 0.232917 0.234158 0.235186 0.235975 0.236498 0.236732 0.236649 0.236224 0.235431 0.234246 0.232641 0.230592 0.228073 0.225059 0.221522 0.248458 0.242824 0.238778 0.236141 0.234737 0.234387 0.234915 0.236142 0.237891 0.239985 0.242246 0.244496 0.246557 0.248253 0.249406 0.249838 0.226157 0.230996 0.233536 0.234339 0.233966 0.232979 0.231940 0.231411 0.231954 0.234130 0.238502 0.245630 0.256077 0.270406 0.289176 0.312951 0.312795 0.314727 0.316216 0.317315 0.318078 0.318557 0.318805 0.318877 0.318823 0.318699 0.318557 0.318449 0.318430 0.318551 0.318867 0.319430 0.315648 0.311407 0.310192 0.311408 0.314459 0.318749 0.323682 0.328663 0.333097 0.336386 0.337937 0.337152 0.333437 0.326195 0.314831 0.298750 0.323169 0.325972 0.329345 0.333276 0.337753 0.342762 0.348293 0.354332 0.360867 0.367886 0.375377 0.383327 0.391724 0.400555 0.409809 0.419473 0.350958 0.341901 0.334695 0.329084 0.324814 0.321630 0.319276 0.317498 0.316041 0.314650 0.313070 0.311047 0.308324 0.304648 0.299763 0.293414 0.239230 0.227244 0.219049 0.214152 0.212058 0.212274 0.214304 0.217655 0.221834 0.226345 0.230694 0.234389 0.236933 0.237834 0.236598 0.232729 0.233110 0.230857 0.229148 0.227908 0.227062 0.226537 0.226258 0.226153 0.226146 0.226163 0.226131 0.225976 0.225622 0.224998 0.224027 0.222637 0.220567 0.220999 0.221114 0.220962 0.220595 0.220062 0.219413 0.218699 0.217970 0.217276 0.216667 0.216195 0.215908 0.215858 0.216094 0.216667 0.210094 0.209109 0.208653 0.208627 0.208930 0.209464 0.210128 0.210823 0.211449 0.211906 0.212095 0.211916 0.211269 0.210054 0.208172 0.205522 0.205928 0.206164 0.206347 0.206468 0.206518 0.206490 0.206374 0.206162 0.205846 0.205417 0.204867 0.204187 0.203369 0.202404 0.201284 0.200000
0.203307 0.201342 0.200170 0.199670 0.199716 0.200187 0.200959 0.201908 0.202911 0.203845 0.204586 0.205012 0.204999 0.204423 0.203162 0.201092 0.205866 0.205804 0.205856 0.206008 0.206244 0.206552 0.206917 0.207326 0.207764 0.208218 0.208674 0.209117 0.209534 0.209911 0.210233 0.210488 0.212696 0.215002 0.216454 0.217188 0.217338 0.217042 0.216432 0.215645 0.214817 0.214081 0.213574 0.213430 0.213785 0.214774 0.216532 0.219194 0.222907 0.224532 0.225640 0.226313 0.226635 0.226687 0.226554 0.226317 0.226059 0.225864 0.225814 0.225991 0.226480 0.227362 0.228720 0.230638 0.233258 0.234136 0.234933 0.235625 0.236186 0.236589 0.236808 0.236818 0.236591 0.236103 0.235327 0.234237 0.232807 0.231011 0.228823 0.226217 0.238985 0.230466 0.223880 0.219040 0.215760 0.213854 0.213136 0.213419 0.214516 0.216243 0.218411 0.220836 0.223330 0.225707 0.227782 0.229367 0.186774 0.193280 0.196016 0.195917 0.193915 0.190942 0.187933 0.185820 0.185536 0.188014 0.194187 0.204989 0.221352 0.244209 0.274493 0.313138 0.311578 0.313272 0.314548 0.315464 0.316074 0.316434 0.316599 0.316627 0.316571 0.316488 0.316434 0.316463 0.316632 0.316996 0.317611 0.318533 0.315228 0.315840 0.316435 0.316934 0.317254 0.317318 0.317043 0.316350 0.315159 0.313390 0.310962 0.307794 0.303808 0.298922 0.293057 0.286131 0.302562 0.305167 0.307955 0.310960 0.314214 0.317749 0.321598 0.325793 0.330367 0.335352 0.340782 0.346687 0.353102 0.360058 0.367589 0.375726 0.350727 0.338410 0.328458 0.320581 0.314493 0.309903 0.306525 0.304069 0.302247 0.300771 0.299353 0.297703 0.295535 0.292558 0.288486 0.283029 0.230585 0.224602 0.220779 0.218819 0.218431 0.219319 0.221190 0.223750 0.226705 0.229762 0.232625 0.235001 0.236597 0.237119 0.236271 0.233762 0.232603 0.231501 0.230573 0.229798 0.229155 0.228622 0.228178 0.227802 0.227474 0.227172 0.226874 0.226561 0.226210 0.225800 0.225311 0.224722 0.220286 0.220782 0.220938 0.220809 0.220448 0.219907 0.219241 0.218503 0.217745 0.217022 0.216386 0.215892 0.215591 0.215538 0.215785 0.216386 0.212405 0.211582 0.211027 0.210691 0.210527 0.210488 0.210526 0.210594 0.210644 0.210630 0.210502 0.210215 0.209721 0.208972 0.207921 0.206521 0.204992 0.205960 0.206642 0.207062 0.207243 0.207207 0.206978 0.206578 0.206031 0.205360 0.204586 0.203735 0.202827 0.201887 0.200937 0.200000
0.203900 0.201747 0.200406 0.199750 0.199657 0.200000 0.200655 0.201498 0.202402 0.203245 0.203900 0.204243 0.204150 0.203494 0.202153 0.200000 0.203900 0.203406 0.203189 0.203219 0.203466 0.203900 0.204490 0.205205 0.206015 0.206890 0.207800 0.208714 0.209601 0.210431 0.211174 0.211800 0.211800 0.216106 0.218789 0.220099 0.220286 0.219600 0.218290 0.216605 0.214795 0.213110 0.211800 0.211114 0.211301 0.212611 0.215294 0.219600 0.223500 0.224999 0.226086 0.226822 0.227273 0.227500 0.227567 0.227538 0.227474 0.227441 0.227500 0.227715 0.228150 0.228866 0.229929 0.231400 0.235300 0.235300 0.235300 0.235300 0.235300 0.235300 0.235300 0.235300 0.235300 0.235300 0.235300 0.235300 0.235300 0.235300 0.235300 0.235300 0.227500 0.215363 0.205554 0.197882 0.192161 0.188200 0.185811 0.184806 0.184994 0.186189 0.188200 0.190839 0.193918 0.197246 0.200637 0.203900 0.137300 0.145767 0.148590 0.147178 0.142945 0.137300 0.131655 0.127422 0.126010 0.128833 0.137300 0.152823 0.176814 0.210682 0.255841 0.313700 0.309800 0.311266 0.312327 0.313045 0.313482 0.313700 0.313762 0.313731 0.313669 0.313638 0.313700 0.313918 0.314355 0.315073 0.316134 0.317600 0.317600 0.327075 0.330966 0.330118 0.325381 0.317600 0.307623 0.296298 0.284470 0.272989 0.262700 0.254451 0.249090 0.247462 0.250417 0.258800 0.262700 0.264859 0.266634 0.268118 0.269409 0.270600 0.271787 0.273066 0.274530 0.276277 0.278400 0.280995 0.284158 0.287982 0.292565 0.298000 0.337300 0.320990 0.307659 0.296993 0.288678 0.282400 0.277846 0.274703 0.272657 0.271394 0.270600 0.269962 0.269167 0.267901 0.265850 0.262700 0.223500 0.227370 0.230391 0.232657 0.234262 0.235300 0.235866 0.236055 0.235961 0.235678 0.235300 0.234922 0.234639 0.234545 0.234734 0.235300 0.231400 0.232086 0.232367 0.232305 0.231962 0.231400 0.230682 0.229871 0.229029 0.228218 0.227500 0.226938 0.226595 0.226533 0.226814 0.227500 0.219600 0.220286 0.220567 0.220505 0.220162 0.219600 0.218882 0.218071 0.217229 0.216418 0.215700 0.215138 0.214795 0.214733 0.215014 0.215700 0.215700 0.215125 0.214414 0.213602 0.212719 0.211800 0.210877 0.209982 0.209150 0.208411 0.207800 0.207349 0.207090 0.207058 0.207283 0.207800 0.203900 0.205678 0.206895 0.207613 0.207894 0.207800 0.207394 0.206739 0.205897 0.204930 0.203900 0.202870 0.201903 0.201061 0.200406 0.200000
0.200000 0.198627 0.198066 0.198190 0.198877 0.200000 0.201435 0.203058 0.204742 0.206365 0.207800 0.208923 0.209610 0.209734 0.209173 0.207800 0.207800 0.207096 0.206808 0.206872 0.207224 0.207800 0.208536 0.209368 0.210232 0.211064 0.211800 0.212376 0.212728 0.212792 0.212504 0.211800 0.215700 0.214327 0.213766 0.213890 0.214577 0.215700 0.217135 0.218758 0.220442 0.222065 0.223500 0.224623 0.225310 0.225434 0.224873 0.223500 0.227500 0.228093 0.228810 0.229622 0.230495 0.231400 0.232305 0.233178 0.233990 0.234707 0.235300 0.235737 0.235986 0.236018 0.235799 0.235300 0.239200 0.238326 0.237983 0.238077 0.238514 0.239200 0.240042 0.240947 0.241821 0.242570 0.243100 0.243318 0.243131 0.242445 0.241166 0.239200 0.235300 0.215000 0.197620 0.182940 0.170740 0.160800 0.152900 0.146820 0.142340 0.139240 0.137300 0.136300 0.136020 0.136240 0.136740 0.137300 0.137300 0.146146 0.149095 0.147621 0.143198 0.137300 0.131402 0.126979 0.125505 0.128454 0.137300 0.153518 0.178583 0.213969 0.261150 0.321600 0.325500 0.325994 0.326211 0.326181 0.325934 0.325500 0.324910 0.324195 0.323385 0.322510 0.321600 0.320686 0.319799 0.318969 0.318226 0.317600 0.294100 0.293853 0.290846 0.285614 0.278687 0.270600 0.261885 0.253074 0.244702 0.237299 0.231400 0.227537 0.226242 0.228050 0.233491 0.243100 0.243100 0.244698 0.246285 0.247863 0.249434 0.251000 0.252562 0.254121 0.255679 0.257238 0.258800 0.260366 0.261937 0.263515 0.265102 0.266700 0.278400 0.150370 0.064037 0.013879 0.000000 0.000000 0.025234 0.064553 0.112435 0.163358 0.211800 0.252238 0.279149 0.287011 0.270302 0.223500 0.235300 0.236766 0.237827 0.238545 0.238982 0.239200 0.239262 0.239231 0.239169 0.239138 0.239200 0.239418 0.239855 0.240573 0.241634 0.243100 0.239200 0.238607 0.237890 0.237078 0.236205 0.235300 0.234395 0.233522 0.232710 0.231993 0.231400 0.230963 0.230714 0.230682 0.230901 0.231400 0.223500 0.223126 0.223001 0.223063 0.223250 0.223500 0.223750 0.223937 0.223999 0.223874 0.223500 0.222814 0.221753 0.220255 0.218258 0.215700 0.211800 0.212892 0.213828 0.214608 0.215232 0.215700 0.216012 0.216168 0.216168 0.216012 0.215700 0.215232 0.214608 0.213828 0.212892 0.211800 0.211800 0.209895 0.208154 0.206574 0.205157 0.203900 0.202803 0.201866 0.201086 0.200465 0.200000 0.199691 0.199538 0.199538 0.199693 0.200000
0.201279 0.200376 0.200003 0.200081 0.200532 0.201279 0.202243 0.203346 0.204510 0.205657 0.206708 0.207586 0.208212 0.208509 0.208397 0.207800 0.207096 0.208303 0.209280 0.210051 0.210642 0.211078 0.211383 0.211582 0.211702 0.211766 0.211800 0.211829 0.211877 0.211971 0.212134 0.212393 0.217853 0.216701 0.216141 0.216089 0.216459 0.217166 0.218127 0.219255 0.220466 0.221674 0.222796 0.223746 0.224438 0.224789 0.224713 0.224126 0.227874 0.227575 0.227740 0.228289 0.229140 0.230214 0.231430 0.232705 0.233960 0.235114 0.236085 0.236793 0.237157 0.237096 0.236529 0.235376 0.241479 0.240633 0.240213 0.240147 0.240364 0.240793 0.241361 0.241998 0.242632 0.243192 0.243606 0.243802 0.243710 0.243257 0.242372 0.240985 0.237030 0.221119 0.206522 0.193241 0.181277 0.170634 0.161314 0.153318 0.146649 0.141309 0.137300 0.134624 0.133285 0.133282 0.134620 0.137300 0.137300 0.142038 0.143613 0.142818 0.140449 0.137300 0.134166 0.131842 0.131122 0.132801 0.137674 0.146536 0.160181 0.179405 0.205000 0.237764 0.245274 0.253358 0.259072 0.262876 0.265230 0.266593 0.267425 0.268186 0.269335 0.271333 0.274638 0.279710 0.287009 0.296995 0.310127 0.326866 0.272630 0.274851 0.274432 0.271838 0.267532 0.261981 0.255649 0.249002 0.242504 0.236621 0.231818 0.228560 0.227312 0.228539 0.232706 0.240278 0.241535 0.243297 0.244790 0.246061 0.247156 0.248123 0.249009 0.249861 0.250726 0.251651 0.252683 0.253870 0.255258 0.256894 0.258826 0.261100 0.272327 0.130444 0.035441 0.000000 0.000000 0.000000 0.000000 0.044998 0.100101 0.158360 0.213530 0.259363 0.289614 0.298036 0.278384 0.224411 0.237030 0.238037 0.238930 0.239714 0.240396 0.240985 0.241486 0.241907 0.242255 0.242536 0.242758 0.242928 0.243053 0.243140 0.243195 0.243226 0.239463 0.238482 0.237614 0.236846 0.236166 0.235563 0.235024 0.234538 0.234092 0.233674 0.233272 0.232875 0.232470 0.232045 0.231588 0.231088 0.226278 0.226883 0.227238 0.227360 0.227264 0.226965 0.226479 0.225823 0.225011 0.224059 0.222983 0.221799 0.220522 0.219169 0.217754 0.216293 0.213485 0.214462 0.215169 0.215627 0.215859 0.215887 0.215733 0.215418 0.214966 0.214397 0.213734 0.213000 0.212216 0.211403 0.210586 0.209784 0.208714 0.208877 0.208616 0.208008 0.207128 0.206053 0.204858 0.203620 0.202414 0.201318 0.200406 0.199754 0.199440 0.199539 0.200127 0.201279
0.202278 0.201760 0.201541 0.201580 0.201839 0.202278 0.202856 0.203534 0.204272 0.205032 0.205772 0.206454 0.207037 0.207482 0.207750 0.207800 0.206808 0.209305 0.211122 0.212349 0.213072 0.213381 0.213364 0.213108 0.212704 0.212238 0.211800 0.211477 0.211359 0.211532 0.212087 0.213110 0.219194 0.218237 0.217719 0.217583 0.217771 0.218227 0.218893 0.219711 0.220625 0.221576 0.222508 0.223363 0.224084 0.224614 0.224894 0.224869 0.227999 0.227256 0.227164 0.227616 0.228502 0.229715 0.231145 0.232684 0.234223 0.235653 0.236866 0.237753 0.238206 0.238115 0.237372 0.235868 0.243346 0.242620 0.242211 0.242068 0.242141 0.242378 0.242729 0.243144 0.243570 0.243958 0.244257 0.244415 0.244383 0.244110 0.243544 0.242634 0.238645 0.225646 0.212875 0.200486 0.188631 0.177463 0.167136 0.157804 0.149618 0.142732 0.137300 0.133474 0.131408 0.131255 0.133168 0.137300 0.137300 0.139291 0.139948 0.139610 0.138614 0.137300 0.136006 0.135070 0.134831 0.135628 0.137799 0.141683 0.147618 0.155943 0.166996 0.181116 0.189571 0.199708 0.207165 0.212531 0.216398 0.219354 0.221991 0.224899 0.228666 0.233885 0.241145 0.251036 0.264148 0.281071 0.302396 0.328713 0.255705 0.259727 0.261222 0.260602 0.258277 0.254658 0.250157 0.245184 0.240150 0.235466 0.231543 0.228792 0.227624 0.228450 0.231681 0.237727 0.239974 0.241811 0.243210 0.244245 0.244996 0.245538 0.245948 0.246305 0.246685 0.247165 0.247822 0.248733 0.249976 0.251627 0.253764 0.256464 0.267066 0.120520 0.022779 0.000000 0.000000 0.000000 0.000000 0.037866 0.095984 0.157252 0.215145 0.263142 0.294720 0.303357 0.282530 0.225718 0.238645 0.239337 0.240114 0.240942 0.241793 0.242634 0.243436 0.244166 0.244795 0.245291 0.245623 0.245761 0.245674 0.245330 0.244700 0.243751 0.240018 0.238743 0.237761 0.237026 0.236494 0.236118 0.235852 0.235652 0.235472 0.235266 0.234988 0.234593 0.234036 0.233270 0.232251 0.230932 0.228363 0.229561 0.230190 0.230317 0.230008 0.229330 0.228351 0.227138 0.225756 0.224274 0.222758 0.221274 0.219891 0.218675 0.217692 0.217010 0.215138 0.215828 0.216224 0.216356 0.216254 0.215950 0.215473 0.214855 0.214125 0.213315 0.212455 0.211576 0.210707 0.209880 0.209125 0.208472 0.206475 0.207950 0.208661 0.208726 0.208264 0.207394 0.206234 0.204902 0.203517 0.202197 0.201061 0.200226 0.199812 0.199937 0.200720 0.202278
0.203026 0.202815 0.202719 0.202728 0.202833 0.203026 0.203298 0.203640 0.204042 0.204496 0.204992 0.205522 0.206077 0.206648 0.207225 0.207800 0.206872 0.210120 0.212411 0.213874 0.214639 0.214835 0.214591 0.214036 0.213300 0.212511 0.211800 0.211295 0.211125 0.211420 0.212309 0.213922 0.219850 0.219065 0.218622 0.218481 0.218602 0.218945 0.219469 0.220134 0.220899 0.221726 0.222572 0.223398 0.224165 0.224830 0.225355 0.225699 0.227937 0.227127 0.227027 0.227519 0.228486 0.229809 0.231371 0.233053 0.234738 0.236308 0.237646 0.238632 0.239150 0.239081 0.238308 0.236712 0.244862 0.244331 0.244006 0.243857 0.243851 0.243958 0.244144 0.244379 0.244630 0.244866 0.245055 0.245165 0.245165 0.245022 0.244705 0.244182 0.240175 0.228822 0.217058 0.205124 0.193266 0.181725 0.170745 0.160569 0.151441 0.143604 0.137300 0.132773 0.130267 0.130023 0.132287 0.137300 0.137300 0.137714 0.137846 0.137771 0.137564 0.137300 0.137053 0.136899 0.136912 0.137166 0.137737 0.138699 0.140127 0.142096 0.144681 0.147956 0.155161 0.162806 0.168913 0.173956 0.178410 0.182750 0.187451 0.192988 0.199835 0.208469 0.219363 0.232993 0.249833 0.270359 0.295046 0.324367 0.242855 0.248076 0.250882 0.251644 0.250729 0.248506 0.245343 0.241609 0.237673 0.233904 0.230669 0.228337 0.227278 0.227859 0.230449 0.235417 0.238414 0.240251 0.241556 0.242422 0.242942 0.243210 0.243321 0.243368 0.243444 0.243643 0.244058 0.244785 0.245915 0.247543 0.249763 0.252668 0.262490 0.118842 0.023245 0.000000 0.000000 0.000000 0.000000 0.040967 0.098640 0.159353 0.216675 0.264176 0.295425 0.303991 0.283446 0.227358 0.240175 0.240680 0.241386 0.242241 0.243190 0.244182 0.245161 0.246075 0.246870 0.247492 0.247889 0.248006 0.247791 0.247189 0.246147 0.244613 0.240830 0.239349 0.238288 0.237578 0.237149 0.236930 0.236853 0.236845 0.236839 0.236763 0.236548 0.236124 0.235420 0.234367 0.232894 0.230932 0.229849 0.231309 0.232034 0.232120 0.231662 0.230754 0.229491 0.227968 0.226281 0.224523 0.222790 0.221177 0.219779 0.218691 0.218006 0.217822 0.216730 0.217002 0.217029 0.216839 0.216459 0.215918 0.215244 0.214464 0.213606 0.212698 0.211769 0.210845 0.209955 0.209127 0.208389 0.207768 0.204989 0.207128 0.208373 0.208853 0.208701 0.208050 0.207030 0.205773 0.204412 0.203078 0.201903 0.201019 0.200557 0.200650 0.201429 0.203026
0.203557 0.203579 0.203575 0.203561 0.203550 0.203557 0.203596 0.203683 0.203830 0.204054 0.204368 0.204787 0.205325 0.205997 0.206817 0.207800 0.207224 0.210767 0.213222 0.214739 0.215470 0.215566 0.215178 0.214456 0.213552 0.212616 0.211800 0.211254 0.211130 0.211578 0.212749 0.214795 0.219943 0.219311 0.218971 0.218891 0.219038 0.219382 0.219889 0.220529 0.221270 0.222078 0.222924 0.223774 0.224598 0.225362 0.226036 0.226586 0.227750 0.227180 0.227272 0.227914 0.228995 0.230402 0.232023 0.233748 0.235464 0.237060 0.238423 0.239442 0.240006 0.240002 0.239319 0.237844 0.246093 0.245809 0.245626 0.245529 0.245502 0.245531 0.245602 0.245699 0.245808 0.245914 0.246002 0.246058 0.246066 0.246012 0.245882 0.245659 0.241650 0.230888 0.219446 0.207605 0.195648 0.183858 0.172517 0.161908 0.152314 0.144017 0.137300 0.132445 0.129735 0.129452 0.131880 0.137300 0.137300 0.137114 0.137048 0.137076 0.137169 0.137300 0.137441 0.137564 0.137642 0.137646 0.137550 0.137325 0.136943 0.136378 0.135601 0.134584 0.138814 0.140412 0.142738 0.145957 0.150236 0.155743 0.162645 0.171108 0.181299 0.193386 0.207534 0.223912 0.242686 0.264024 0.288090 0.315054 0.233610 0.239496 0.243081 0.244701 0.244694 0.243395 0.241141 0.238266 0.235109 0.232005 0.229290 0.227300 0.226371 0.226841 0.229044 0.233318 0.236857 0.238630 0.239843 0.240594 0.240983 0.241109 0.241069 0.240963 0.240890 0.240948 0.241237 0.241854 0.242899 0.244471 0.246667 0.249588 0.258477 0.123657 0.034032 0.000000 0.000000 0.000000 0.006498 0.052111 0.106623 0.163986 0.218150 0.263067 0.292687 0.300961 0.281839 0.229273 0.241650 0.242076 0.242752 0.243617 0.244607 0.245659 0.246711 0.247698 0.248559 0.249231 0.249650 0.249753 0.249477 0.248760 0.247539 0.245750 0.241869 0.240263 0.239156 0.238462 0.238095 0.237969 0.237998 0.238097 0.238180 0.238160 0.237952 0.237470 0.236629 0.235342 0.233524 0.231088 0.230830 0.232273 0.232948 0.232957 0.232404 0.231391 0.230022 0.228401 0.226629 0.224811 0.223049 0.221446 0.220107 0.219133 0.218628 0.218695 0.218227 0.217994 0.217620 0.217123 0.216519 0.215825 0.215057 0.214232 0.213367 0.212478 0.211582 0.210695 0.209834 0.209017 0.208258 0.207576 0.204162 0.206429 0.207838 0.208513 0.208574 0.208143 0.207342 0.206293 0.205116 0.203935 0.202870 0.202044 0.201578 0.201594 0.202213 0.203557
0.203900 0.204087 0.204150 0.204118 0.204025 0.203900 0.203775 0.203682 0.203650 0.203713 0.203900 0.204243 0.204774 0.205522 0.206521 0.207800 0.207800 0.211265 0.213630 0.215054 0.215691 0.215700 0.215237 0.214458 0.213522 0.212583 0.211800 0.211329 0.211326 0.211950 0.213355 0.215700 0.219600 0.219106 0.218889 0.218919 0.219166 0.219600 0.220190 0.220905 0.221715 0.222590 0.223500 0.224414 0.225301 0.226131 0.226874 0.227500 0.227500 0.227406 0.227843 0.228717 0.229934 0.231400 0.233022 0.234707 0.236361 0.237890 0.239200 0.240198 0.240791 0.240885 0.240386 0.239200 0.247100 0.247100 0.247100 0.247100 0.247100 0.247100 0.247100 0.247100 0.247100 0.247100 0.247100 0.247100 0.247100 0.247100 0.247100 0.247100 0.243100 0.232086 0.220417 0.208375 0.196242 0.184300 0.172830 0.162113 0.152431 0.144066 0.137300 0.132414 0.129689 0.129407 0.131850 0.137300 0.137300 0.137300 0.137300 0.137300 0.137300 0.137300 0.137300 0.137300 0.137300 0.137300 0.137300 0.137300 0.137300 0.137300 0.137300 0.137300 0.137300 0.130287 0.127062 0.127342 0.130849 0.137300 0.146415 0.157914 0.171514 0.186937 0.203900 0.222123 0.241326 0.261226 0.281545 0.302000 0.227500 0.233584 0.237484 0.239512 0.239980 0.239200 0.237484 0.235144 0.232492 0.229840 0.227500 0.225784 0.225004 0.225472 0.227500 0.231400 0.235300 0.236958 0.238083 0.238769 0.239110 0.239200 0.239134 0.239007 0.238913 0.238946 0.239200 0.239770 0.240751 0.242237 0.244322 0.247100 0.254900 0.133210 0.052333 0.006811 0.000000 0.000000 0.027794 0.069109 0.118487 0.170470 0.219600 0.260418 0.287465 0.295283 0.278414 0.231400 0.243100 0.243538 0.244219 0.245081 0.246062 0.247100 0.248134 0.249103 0.249945 0.250598 0.251000 0.251090 0.250807 0.250089 0.248874 0.247100 0.243100 0.241446 0.240323 0.239637 0.239294 0.239200 0.239262 0.239387 0.239481 0.239450 0.239200 0.238638 0.237671 0.236205 0.234146 0.231400 0.231400 0.232603 0.233110 0.233014 0.232413 0.231400 0.230071 0.228522 0.226846 0.225141 0.223500 0.222019 0.220794 0.219918 0.219489 0.219600 0.219600 0.218815 0.218034 0.217254 0.216477 0.215700 0.214923 0.214146 0.213366 0.212585 0.211800 0.211011 0.210218 0.209418 0.208613 0.207800 0.203900 0.205866 0.207145 0.207831 0.208018 0.207800 0.207270 0.206521 0.205647 0.204742 0.203900 0.203214 0.202777 0.202683 0.203026 0.203900
0.204087 0.204377 0.204481 0.204439 0.204294 0.204087 0.203861 0.203656 0.203514 0.203478 0.203588 0.203887 0.204416 0.205216 0.206331 0.207800 0.208536 0.211632 0.213713 0.214928 0.215428 0.215362 0.214880 0.214133 0.213271 0.212443 0.211800 0.211492 0.211668 0.212479 0.214074 0.216605 0.218945 0.218576 0.218497 0.218674 0.219074 0.219662 0.220405 0.221267 0.222216 0.223217 0.224236 0.225239 0.226192 0.227061 0.227811 0.228410 0.227250 0.227798 0.228684 0.229843 0.231207 0.232710 0.234286 0.235867 0.237387 0.238779 0.239977 0.240913 0.241522 0.241737 0.241490 0.240716 0.247947 0.248247 0.248456 0.248588 0.248653 0.248665 0.248635 0.248577 0.248501 0.248422 0.248350 0.248298 0.248278 0.248303 0.248385 0.248537 0.244554 0.232654 0.220348 0.207885 0.195515 0.183490 0.172060 0.161476 0.151987 0.143845 0.137300 0.132603 0.130003 0.129753 0.132102 0.137300 0.137300 0.138081 0.138345 0.138218 0.137827 0.137300 0.136763 0.136342 0.136166 0.136359 0.137050 0.138366 0.140432 0.143376 0.147324 0.152404 0.147390 0.130192 0.120307 0.116921 0.119219 0.126385 0.137604 0.152060 0.168939 0.187424 0.206702 0.225956 0.244371 0.261131 0.275423 0.286430 0.224054 0.229938 0.233759 0.235813 0.236393 0.235793 0.234307 0.232230 0.229857 0.227480 0.225394 0.223895 0.223274 0.223828 0.225850 0.229634 0.233743 0.235249 0.236291 0.236950 0.237309 0.237451 0.237459 0.237414 0.237399 0.237497 0.237791 0.238363 0.239295 0.240670 0.242571 0.245080 0.251635 0.145746 0.075341 0.035474 0.028896 0.029657 0.053815 0.089771 0.132787 0.178127 0.221054 0.256829 0.280717 0.287979 0.273879 0.233679 0.244554 0.245080 0.245793 0.246641 0.247573 0.248537 0.249481 0.250355 0.251106 0.251683 0.252034 0.252109 0.251854 0.251219 0.250152 0.248602 0.244491 0.242860 0.241749 0.241062 0.240708 0.240591 0.240618 0.240696 0.240730 0.240627 0.240292 0.239632 0.238554 0.236963 0.234766 0.231868 0.231654 0.232447 0.232697 0.232479 0.231867 0.230937 0.229762 0.228417 0.226977 0.225517 0.224111 0.222834 0.221760 0.220964 0.220521 0.220505 0.220817 0.219477 0.218305 0.217279 0.216376 0.215575 0.214854 0.214191 0.213564 0.212951 0.212330 0.211680 0.210978 0.210203 0.209332 0.208344 0.204110 0.205455 0.206378 0.206932 0.207170 0.207145 0.206910 0.206518 0.206022 0.205475 0.204930 0.204439 0.204057 0.203836 0.203828 0.204087
0.204150 0.204486 0.204607 0.204561 0.204393 0.204150 0.203878 0.203624 0.203434 0.203354 0.203432 0.203713 0.204244 0.205071 0.206241 0.207800 0.209368 0.211888 0.213545 0.214473 0.214806 0.214677 0.214221 0.213571 0.212862 0.212227 0.211800 0.211716 0.212107 0.213109 0.214855 0.217478 0.218102 0.217849 0.217917 0.218264 0.218849 0.219631 0.220570 0.221624 0.222753 0.223914 0.225068 0.226173 0.227188 0.228073 0.228785 0.229285 0.227063 0.228346 0.229739 0.231208 0.232720 0.234239 0.235732 0.237164 0.238502 0.239710 0.240754 0.241601 0.242217 0.242566 0.242614 0.242328 0.248698 0.249294 0.249724 0.250008 0.250168 0.250226 0.250205 0.250125 0.250008 0.249877 0.249753 0.249658 0.249613 0.249641 0.249764 0.250002 0.246041 0.232836 0.219616 0.206582 0.193932 0.181867 0.170586 0.160290 0.151177 0.143447 0.137300 0.132936 0.130554 0.130354 0.132537 0.137300 0.137300 0.139265 0.139926 0.139604 0.138622 0.137300 0.135961 0.134926 0.134517 0.135056 0.136863 0.140262 0.145572 0.153117 0.163218 0.176196 0.165855 0.137887 0.120896 0.113501 0.114318 0.121962 0.135051 0.152201 0.172028 0.193149 0.214181 0.233739 0.250440 0.262902 0.269739 0.269569 0.222801 0.228154 0.231574 0.233342 0.233739 0.233046 0.231544 0.229515 0.227238 0.224995 0.223067 0.221736 0.221281 0.221985 0.224128 0.227991 0.232186 0.233515 0.234479 0.235143 0.235571 0.235830 0.235983 0.236097 0.236237 0.236467 0.236854 0.237461 0.238354 0.239599 0.241261 0.243404 0.248558 0.159513 0.100251 0.066441 0.059932 0.061510 0.081729 0.111907 0.148078 0.186277 0.222541 0.252903 0.273401 0.280067 0.268938 0.236050 0.246041 0.246712 0.247479 0.248307 0.249159 0.250002 0.250801 0.251520 0.252124 0.252578 0.252847 0.252897 0.252691 0.252196 0.251376 0.250195 0.246010 0.244466 0.243392 0.242698 0.242300 0.242110 0.242040 0.242004 0.241914 0.241685 0.241228 0.240457 0.239285 0.237625 0.235389 0.232492 0.231687 0.231953 0.231889 0.231538 0.230946 0.230158 0.229219 0.228174 0.227067 0.225944 0.224850 0.223829 0.222926 0.222187 0.221656 0.221378 0.221846 0.219991 0.218471 0.217243 0.216261 0.215482 0.214861 0.214355 0.213918 0.213508 0.213079 0.212588 0.211990 0.211240 0.210296 0.209112 0.204699 0.205213 0.205624 0.205940 0.206164 0.206302 0.206361 0.206344 0.206257 0.206107 0.205897 0.205633 0.205322 0.204967 0.204574 0.204150
0.204118 0.204449 0.204568 0.204522 0.204357 0.204118 0.203852 0.203605 0.203422 0.203349 0.203432 0.203718 0.204251 0.205079 0.206247 0.207800 0.210232 0.212051 0.213203 0.213799 0.213951 0.213771 0.213371 0.212862 0.212356 0.211964 0.211800 0.211974 0.212598 0.213784 0.215644 0.218290 0.217198 0.217055 0.217271 0.217795 0.218577 0.219569 0.220720 0.221982 0.223304 0.224637 0.225932 0.227139 0.228208 0.229090 0.229736 0.230095 0.227001 0.229042 0.230951 0.232729 0.234376 0.235893 0.237279 0.238537 0.239664 0.240663 0.241534 0.242276 0.242891 0.243378 0.243738 0.243972 0.249414 0.250286 0.250931 0.251377 0.251652 0.251786 0.251805 0.251739 0.251616 0.251464 0.251311 0.251186 0.251117 0.251133 0.251261 0.251530 0.247591 0.232870 0.218598 0.204915 0.191958 0.179869 0.168785 0.158848 0.150194 0.142966 0.137300 0.133337 0.131217 0.131077 0.133059 0.137300 0.137300 0.140660 0.141787 0.141234 0.139554 0.137300 0.135027 0.133286 0.132633 0.133620 0.136801 0.142728 0.151956 0.165038 0.182527 0.204976 0.189465 0.151132 0.127252 0.115891 0.115117 0.122998 0.137600 0.156992 0.179241 0.202414 0.224579 0.243804 0.258155 0.265700 0.264507 0.252643 0.223271 0.227830 0.230595 0.231837 0.231826 0.230834 0.229129 0.226985 0.224670 0.222456 0.220613 0.219412 0.219124 0.220019 0.222367 0.226441 0.230626 0.231767 0.232661 0.233352 0.233884 0.234302 0.234651 0.234973 0.235315 0.235719 0.236230 0.236894 0.237753 0.238852 0.240235 0.241948 0.245542 0.172756 0.124255 0.096403 0.089899 0.092266 0.108705 0.133327 0.162913 0.194241 0.224091 0.249243 0.266475 0.272567 0.264299 0.238450 0.247591 0.248448 0.249285 0.250087 0.250840 0.251530 0.252142 0.252663 0.253078 0.253373 0.253533 0.253544 0.253393 0.253064 0.252543 0.251817 0.247622 0.246226 0.245211 0.244504 0.244033 0.243722 0.243499 0.243290 0.243021 0.242618 0.242008 0.241117 0.239872 0.238198 0.236023 0.233272 0.231593 0.231270 0.230862 0.230378 0.229828 0.229222 0.228568 0.227878 0.227161 0.226425 0.225682 0.224941 0.224212 0.223503 0.222826 0.222190 0.222658 0.220368 0.218568 0.217191 0.216174 0.215450 0.214955 0.214623 0.214389 0.214187 0.213953 0.213621 0.213125 0.212402 0.211384 0.210008 0.205573 0.205153 0.204970 0.204979 0.205136 0.205398 0.205720 0.206059 0.206371 0.206613 0.206739 0.206707 0.206473 0.205993 0.205223 0.204118
0.204025 0.204304 0.204403 0.204362 0.204222 0.204025 0.203810 0.203618 0.203490 0.203466 0.203588 0.203896 0.204430 0.205232 0.206342 0.207800 0.211064 0.212140 0.212762 0.213017 0.212991 0.212770 0.212443 0.212096 0.211815 0.211687 0.211800 0.212240 0.213094 0.214448 0.216391 0.219007 0.216355 0.216321 0.216681 0.217375 0.218346 0.219538 0.220891 0.222347 0.223851 0.225342 0.226764 0.228059 0.229169 0.230036 0.230602 0.230810 0.227126 0.229877 0.232264 0.234320 0.236080 0.237578 0.238846 0.239921 0.240834 0.241621 0.242315 0.242951 0.243561 0.244181 0.244844 0.245584 0.250161 0.251266 0.252106 0.252711 0.253113 0.253343 0.253434 0.253416 0.253321 0.253181 0.253026 0.252890 0.252803 0.252796 0.252902 0.253151 0.249234 0.232999 0.217672 0.203332 0.190059 0.177934 0.167035 0.157442 0.149236 0.142495 0.137300 0.133730 0.131866 0.131786 0.133571 0.137300 0.137300 0.142076 0.143672 0.142881 0.140494 0.137300 0.134091 0.131659 0.130793 0.132285 0.136926 0.145506 0.158817 0.177650 0.202795 0.235044 0.214990 0.167690 0.137795 0.122898 0.120588 0.128455 0.144092 0.165087 0.189033 0.213520 0.236138 0.254479 0.266133 0.268690 0.259742 0.236878 0.224994 0.228564 0.230490 0.231035 0.230461 0.229027 0.226996 0.224630 0.222188 0.219933 0.218126 0.217028 0.216900 0.218004 0.220602 0.224954 0.229065 0.230018 0.230850 0.231583 0.232238 0.232837 0.233402 0.233956 0.234520 0.235115 0.235765 0.236490 0.237313 0.238256 0.239340 0.240588 0.242465 0.183719 0.144547 0.122050 0.115584 0.118627 0.131908 0.151843 0.175848 0.201340 0.225734 0.246448 0.260898 0.266499 0.260668 0.240821 0.249234 0.250300 0.251215 0.251990 0.252633 0.253151 0.253554 0.253851 0.254049 0.254158 0.254186 0.254141 0.254032 0.253867 0.253655 0.253406 0.249297 0.248100 0.247166 0.246440 0.245869 0.245397 0.244970 0.244535 0.244037 0.243420 0.242632 0.241617 0.240322 0.238692 0.236672 0.234208 0.231466 0.230546 0.229795 0.229186 0.228692 0.228283 0.227934 0.227616 0.227302 0.226965 0.226577 0.226110 0.225537 0.224831 0.223963 0.222907 0.223219 0.220619 0.218630 0.217171 0.216160 0.215513 0.215148 0.214982 0.214934 0.214920 0.214858 0.214665 0.214259 0.213557 0.212477 0.210936 0.206638 0.205293 0.204502 0.204174 0.204222 0.204555 0.205086 0.205724 0.206380 0.206967 0.207394 0.207573 0.207415 0.206830 0.205730 0.204025
0.203900 0.204087 0.204150 0.204118 0.204025 0.203900 0.203775 0.203682 0.203650 0.203713 0.203900 0.204243 0.204774 0.205522 0.206521 0.207800 0.211800 0.212174 0.212299 0.212237 0.212050 0.211800 0.211550 0.211363 0.211301 0.211426 0.211800 0.212486 0.213547 0.215045 0.217042 0.219600 0.215700 0.215776 0.216268 0.217112 0.218244 0.219600 0.221116 0.222728 0.224372 0.225984 0.227500 0.228856 0.229988 0.230832 0.231324 0.231400 0.227500 0.230843 0.233622 0.235898 0.237737 0.239200 0.240351 0.241254 0.241970 0.242565 0.243100 0.243639 0.244246 0.244982 0.245913 0.247100 0.251000 0.252279 0.253278 0.254026 0.254557 0.254900 0.255087 0.255150 0.255118 0.255025 0.254900 0.254775 0.254682 0.254650 0.254713 0.254900 0.251000 0.233463 0.217214 0.202282 0.188701 0.176500 0.165711 0.156366 0.148494 0.142129 0.137300 0.134039 0.132378 0.132346 0.133977 0.137300 0.137300 0.143319 0.145326 0.144322 0.141313 0.137300 0.133287 0.130278 0.129274 0.131281 0.137300 0.148335 0.165390 0.189466 0.221569 0.262700 0.239200 0.185319 0.150950 0.133330 0.129701 0.137300 0.153367 0.175142 0.199862 0.224769 0.247100 0.264095 0.272994 0.271034 0.255457 0.223500 0.227500 0.229951 0.230926 0.230674 0.229449 0.227500 0.225079 0.222438 0.219826 0.217497 0.215700 0.214687 0.214710 0.216018 0.218865 0.223500 0.227500 0.228280 0.229060 0.229840 0.230620 0.231400 0.232180 0.232960 0.233740 0.234520 0.235300 0.236080 0.236860 0.237640 0.238420 0.239200 0.239200 0.190650 0.158319 0.140073 0.133778 0.137300 0.148506 0.165263 0.185437 0.206894 0.227500 0.245122 0.257627 0.262881 0.258750 0.243100 0.251000 0.252279 0.253278 0.254026 0.254557 0.254900 0.255087 0.255150 0.255118 0.255025 0.254900 0.254775 0.254682 0.254650 0.254713 0.254900 0.251000 0.250050 0.249215 0.248465 0.247770 0.247100 0.246426 0.245719 0.244949 0.244086 0.243100 0.241962 0.240643 0.239113 0.237342 0.235300 0.231400 0.229929 0.228866 0.228150 0.227715 0.227500 0.227441 0.227474 0.227538 0.227567 0.227500 0.227273 0.226822 0.226086 0.224999 0.223500 0.223500 0.220754 0.218695 0.217229 0.216262 0.215700 0.215450 0.215419 0.215513 0.215638 0.215700 0.215606 0.215263 0.214577 0.213454 0.211800 0.207800 0.205647 0.204306 0.203650 0.203557 0.203900 0.204555 0.205398 0.206302 0.207145 0.207800 0.208143 0.208050 0.207394 0.206053 0.203900
0.203775 0.203836 0.203848 0.203830 0.203800 0.203775 0.203774 0.203815 0.203916 0.204094 0.204368 0.204755 0.205274 0.205943 0.206779 0.207800 0.212376 0.212172 0.211889 0.211569 0.211254 0.210986 0.210805 0.210755 0.210876 0.211210 0.211800 0.212687 0.213912 0.215517 0.217545 0.220037 0.215357 0.215547 0.216155 0.217114 0.218357 0.219818 0.221432 0.223131 0.224848 0.226519 0.228076 0.229453 0.230584 0.231401 0.231840 0.231834 0.228186 0.231932 0.234968 0.237379 0.239250 0.240666 0.241712 0.242473 0.243032 0.243476 0.243889 0.244355 0.244961 0.245789 0.246926 0.248456 0.251995 0.253369 0.254475 0.255340 0.255992 0.256457 0.256763 0.256936 0.257005 0.256995 0.256934 0.256849 0.256766 0.256714 0.256720 0.256809 0.252918 0.234503 0.217601 0.202214 0.188348 0.176006 0.165193 0.155911 0.148166 0.141961 0.137300 0.134187 0.132627 0.132623 0.134179 0.137300 0.137300 0.144200 0.146490 0.145331 0.141881 0.137300 0.132746 0.129379 0.128357 0.130840 0.137986 0.150956 0.170907 0.199000 0.236392 0.284244 0.258866 0.201782 0.165137 0.145997 0.141428 0.148497 0.164269 0.185809 0.210185 0.234462 0.255706 0.270982 0.277357 0.271897 0.251667 0.213734 0.230318 0.231590 0.231569 0.230492 0.228598 0.226125 0.223312 0.220398 0.217620 0.215218 0.213430 0.212495 0.212651 0.214136 0.217190 0.222050 0.225931 0.226565 0.227304 0.228129 0.229020 0.229959 0.230926 0.231900 0.232864 0.233797 0.234679 0.235492 0.236216 0.236832 0.237320 0.237660 0.235623 0.191794 0.162766 0.147162 0.141269 0.144989 0.155667 0.171399 0.190234 0.210224 0.229418 0.245867 0.257622 0.262733 0.259252 0.245227 0.252918 0.254399 0.255478 0.256204 0.256631 0.256809 0.256790 0.256625 0.256365 0.256064 0.255770 0.255538 0.255416 0.255459 0.255715 0.256238 0.252699 0.252039 0.251318 0.250538 0.249699 0.248799 0.247840 0.246822 0.245745 0.244608 0.243412 0.242157 0.240843 0.239470 0.238038 0.236548 0.231490 0.229567 0.228253 0.227455 0.227078 0.227029 0.227214 0.227539 0.227911 0.228236 0.228419 0.228368 0.227988 0.227185 0.225866 0.223937 0.223469 0.220786 0.218799 0.217410 0.216523 0.216043 0.215874 0.215920 0.216085 0.216272 0.216386 0.216332 0.216012 0.215332 0.214194 0.212504 0.208966 0.206231 0.204468 0.203532 0.203277 0.203557 0.204227 0.205141 0.206154 0.207120 0.207894 0.208329 0.208280 0.207602 0.206149 0.203775
0.203682 0.203586 0.203536 0.203535 0.203583 0.203682 0.203833 0.204038 0.204299 0.204616 0.204992 0.205428 0.205925 0.206485 0.207110 0.207800 0.212728 0.212152 0.211608 0.211125 0.210731 0.210453 0.210320 0.210360 0.210601 0.211072 0.211800 0.212814 0.214141 0.215810 0.217849 0.220286 0.215450 0.215763 0.216463 0.217487 0.218772 0.220255 0.221873 0.223562 0.225260 0.226903 0.228428 0.229773 0.230873 0.231667 0.232090 0.232081 0.229247 0.233135 0.236246 0.238678 0.240525 0.241883 0.242848 0.243514 0.243979 0.244336 0.244682 0.245113 0.245723 0.246609 0.247865 0.249588 0.253210 0.254579 0.255725 0.256667 0.257424 0.258014 0.258457 0.258771 0.258975 0.259088 0.259129 0.259116 0.259069 0.259007 0.258948 0.258910 0.255017 0.236360 0.219210 0.203576 0.189467 0.176891 0.165856 0.156371 0.148445 0.142085 0.137300 0.134099 0.132490 0.132481 0.134082 0.137300 0.137300 0.144525 0.146910 0.145683 0.142070 0.137300 0.132600 0.129197 0.128319 0.131193 0.139047 0.153109 0.174605 0.204763 0.244811 0.295976 0.270759 0.214838 0.178779 0.159705 0.154741 0.161010 0.175637 0.195745 0.218459 0.240901 0.260197 0.273469 0.277842 0.270440 0.248386 0.208805 0.232977 0.233078 0.232087 0.230225 0.227714 0.224774 0.221629 0.218498 0.215604 0.213168 0.211411 0.210556 0.210823 0.212434 0.215611 0.220575 0.224358 0.224885 0.225595 0.226454 0.227428 0.228482 0.229581 0.230691 0.231779 0.232808 0.233746 0.234556 0.235206 0.235660 0.235884 0.235844 0.231610 0.185397 0.155081 0.140009 0.134848 0.138398 0.150558 0.168060 0.188795 0.210650 0.231517 0.249284 0.261840 0.267076 0.262880 0.247142 0.255017 0.256672 0.257821 0.258533 0.258874 0.258910 0.258711 0.258342 0.257871 0.257365 0.256891 0.256517 0.256310 0.256336 0.256663 0.257359 0.254362 0.254026 0.253434 0.252620 0.251618 0.250462 0.249186 0.247824 0.246411 0.244981 0.243568 0.242206 0.240929 0.239772 0.238768 0.237952 0.231831 0.229609 0.228134 0.227288 0.226958 0.227026 0.227378 0.227897 0.228468 0.228975 0.229302 0.229333 0.228953 0.228045 0.226495 0.224186 0.223094 0.220726 0.218977 0.217760 0.216988 0.216574 0.216430 0.216471 0.216608 0.216754 0.216823 0.216727 0.216379 0.215692 0.214579 0.212952 0.210043 0.207060 0.205076 0.203943 0.203517 0.203650 0.204198 0.205015 0.205953 0.206868 0.207613 0.208042 0.208009 0.207369 0.205975 0.203682
0.203650 0.203374 0.203254 0.203272 0.203410 0.203650 0.203976 0.204369 0.204811 0.205284 0.205772 0.206256 0.206718 0.207142 0.207508 0.207800 0.212792 0.212133 0.211532 0.211015 0.210605 0.210327 0.210207 0.210270 0.210540 0.211041 0.211800 0.212840 0.214188 0.215866 0.217901 0.220318 0.216106 0.216552 0.217315 0.218341 0.219578 0.220973 0.222474 0.224029 0.225585 0.227091 0.228492 0.229738 0.230775 0.231551 0.232014 0.232111 0.230745 0.234443 0.237401 0.239711 0.241466 0.242757 0.243676 0.244316 0.244769 0.245127 0.245482 0.245925 0.246550 0.247448 0.248711 0.250432 0.254706 0.255954 0.257058 0.258025 0.258862 0.259574 0.260167 0.260649 0.261026 0.261303 0.261487 0.261585 0.261603 0.261546 0.261423 0.261238 0.257327 0.239274 0.222419 0.206817 0.192524 0.179593 0.168080 0.158039 0.149526 0.142594 0.137300 0.133697 0.131841 0.131786 0.133588 0.137300 0.137300 0.144104 0.146329 0.145152 0.141750 0.137300 0.132980 0.129967 0.129439 0.132573 0.140545 0.154533 0.175715 0.205268 0.244369 0.294196 0.271649 0.222248 0.190298 0.173263 0.168610 0.173806 0.186315 0.203604 0.223140 0.242389 0.258815 0.269886 0.273068 0.265827 0.245629 0.209939 0.235007 0.234012 0.232148 0.229612 0.226604 0.223322 0.219963 0.216727 0.213812 0.211416 0.209737 0.208974 0.209325 0.210988 0.214162 0.219045 0.222778 0.223251 0.223947 0.224821 0.225831 0.226934 0.228088 0.229248 0.230373 0.231419 0.232342 0.233101 0.233652 0.233952 0.233959 0.233628 0.227034 0.169705 0.132457 0.115304 0.111303 0.114234 0.130346 0.153058 0.179673 0.207495 0.233827 0.255974 0.271240 0.276927 0.270340 0.248782 0.257327 0.259109 0.260315 0.261021 0.261303 0.261238 0.260900 0.260367 0.259715 0.259019 0.258357 0.257803 0.257434 0.257327 0.257557 0.258201 0.255954 0.255974 0.255522 0.254670 0.253490 0.252054 0.250435 0.248705 0.246936 0.245199 0.243568 0.242114 0.240909 0.240026 0.239536 0.239512 0.232517 0.230204 0.228686 0.227838 0.227534 0.227650 0.228058 0.228635 0.229253 0.229788 0.230114 0.230106 0.229638 0.228584 0.226819 0.224218 0.222346 0.220584 0.219265 0.218325 0.217699 0.217322 0.217130 0.217059 0.217042 0.217016 0.216917 0.216679 0.216237 0.215528 0.214487 0.213048 0.210937 0.208150 0.206214 0.205009 0.204412 0.204306 0.204568 0.205078 0.205716 0.206362 0.206895 0.207195 0.207140 0.206612 0.205489 0.203650
0.203713 0.203238 0.203040 0.203079 0.203316 0.203713 0.204229 0.204826 0.205464 0.206104 0.206708 0.207235 0.207648 0.207905 0.207969 0.207800 0.212504 0.212134 0.211737 0.211348 0.211002 0.210734 0.210580 0.210574 0.210752 0.211149 0.211800 0.212740 0.214005 0.215630 0.217650 0.220099 0.217447 0.218043 0.218832 0.219781 0.220860 0.222034 0.223271 0.224539 0.225806 0.227038 0.228204 0.229271 0.230205 0.230976 0.231550 0.231894 0.232742 0.235848 0.238375 0.240394 0.241977 0.243194 0.244116 0.244816 0.245363 0.245830 0.246287 0.246806 0.247458 0.248314 0.249446 0.250924 0.256549 0.257538 0.258502 0.259430 0.260312 0.261135 0.261890 0.262566 0.263152 0.263637 0.264010 0.264261 0.264379 0.264352 0.264171 0.263823 0.259878 0.243486 0.227604 0.212385 0.197982 0.184550 0.172240 0.161207 0.151603 0.143583 0.137300 0.132907 0.130557 0.130403 0.132600 0.137300 0.137300 0.142745 0.144490 0.143513 0.140790 0.137300 0.134019 0.131926 0.131997 0.135209 0.142542 0.154971 0.173474 0.199029 0.232613 0.275204 0.258306 0.221774 0.198117 0.185480 0.182008 0.185847 0.195143 0.208041 0.222686 0.237225 0.249802 0.258564 0.261655 0.257222 0.243409 0.218362 0.235938 0.233989 0.231417 0.228390 0.225075 0.221639 0.218250 0.215074 0.212279 0.210033 0.208502 0.207853 0.208254 0.209873 0.212875 0.217430 0.221193 0.221678 0.222372 0.223234 0.224219 0.225285 0.226388 0.227485 0.228534 0.229491 0.230313 0.230957 0.231379 0.231537 0.231388 0.230888 0.221773 0.142963 0.092087 0.069737 0.067424 0.069199 0.092198 0.124201 0.161423 0.200077 0.236378 0.266541 0.286779 0.293307 0.282339 0.250089 0.259878 0.261724 0.262966 0.263679 0.263939 0.263823 0.263407 0.262767 0.261979 0.261118 0.260262 0.259485 0.258865 0.258477 0.258397 0.258702 0.257445 0.257844 0.257540 0.256647 0.255277 0.253545 0.251563 0.249445 0.247305 0.245256 0.243412 0.241885 0.240790 0.240240 0.240348 0.241228 0.233642 0.231498 0.230087 0.229290 0.228986 0.229055 0.229379 0.229838 0.230311 0.230680 0.230825 0.230626 0.229963 0.228718 0.226770 0.223999 0.221191 0.220371 0.219700 0.219152 0.218701 0.218321 0.217986 0.217669 0.217346 0.216989 0.216574 0.216073 0.215460 0.214711 0.213798 0.212696 0.211554 0.209516 0.207971 0.206853 0.206100 0.205647 0.205432 0.205391 0.205461 0.205578 0.205678 0.205699 0.205576 0.205246 0.204646 0.203713
0.203900 0.203214 0.202933 0.202995 0.203338 0.203900 0.204618 0.205429 0.206271 0.207082 0.207800 0.208362 0.208705 0.208767 0.208486 0.207800 0.211800 0.212174 0.212299 0.212237 0.212050 0.211800 0.211550 0.211363 0.211301 0.211426 0.211800 0.212486 0.213547 0.215045 0.217042 0.219600 0.219600 0.220362 0.221135 0.221917 0.222706 0.223500 0.224298 0.225099 0.225901 0.226702 0.227500 0.228294 0.229083 0.229865 0.230638 0.231400 0.235300 0.237342 0.239113 0.240643 0.241962 0.243100 0.244086 0.244949 0.245719 0.246426 0.247100 0.247770 0.248465 0.249215 0.250050 0.251000 0.258800 0.259375 0.260086 0.260898 0.261781 0.262700 0.263623 0.264518 0.265350 0.266089 0.266700 0.267151 0.267410 0.267442 0.267217 0.266700 0.262700 0.249238 0.235143 0.220729 0.206310 0.192200 0.178714 0.166167 0.154873 0.145146 0.137300 0.131650 0.128511 0.128197 0.131022 0.137300 0.137300 0.140257 0.141138 0.140542 0.139063 0.137300 0.135849 0.135306 0.136270 0.139335 0.145100 0.154161 0.167114 0.184558 0.207087 0.235300 0.227500 0.211175 0.200658 0.195162 0.193905 0.196100 0.200963 0.207710 0.215554 0.223713 0.231400 0.237831 0.242222 0.243786 0.241741 0.235300 0.235300 0.232606 0.229563 0.226297 0.222934 0.219600 0.216422 0.213527 0.211041 0.209090 0.207800 0.207298 0.207711 0.209165 0.211786 0.215700 0.219600 0.220175 0.220886 0.221698 0.222581 0.223500 0.224423 0.225318 0.226150 0.226889 0.227500 0.227951 0.228210 0.228242 0.228017 0.227500 0.215700 0.103418 0.031165 0.000000 0.000000 0.000000 0.033282 0.079301 0.132599 0.187718 0.239200 0.281586 0.309417 0.317235 0.299582 0.251000 0.262700 0.264529 0.265778 0.266514 0.266799 0.266700 0.266281 0.265606 0.264742 0.263751 0.262700 0.261653 0.260674 0.259830 0.259183 0.258800 0.258800 0.259598 0.259449 0.258511 0.256942 0.254900 0.252542 0.250025 0.247507 0.245146 0.243100 0.241526 0.240581 0.240423 0.241210 0.243100 0.235300 0.233642 0.232517 0.231831 0.231490 0.231400 0.231466 0.231593 0.231687 0.231654 0.231400 0.230830 0.229849 0.228363 0.226278 0.223500 0.219600 0.220099 0.220318 0.220286 0.220037 0.219600 0.219007 0.218290 0.217478 0.216605 0.215700 0.214795 0.213922 0.213110 0.212393 0.211800 0.211800 0.211174 0.210431 0.209601 0.208714 0.207800 0.206890 0.206015 0.205205 0.204490 0.203900 0.203466 0.203219 0.203189 0.203406 0.203900
0.203900 0.203593 0.203438 0.203438 0.203591 0.203900 0.204365 0.204986 0.205766 0.206703 0.207800 0.209057 0.210474 0.212054 0.213795 0.215700 0.211800 0.210614 0.210115 0.210209 0.210802 0.211800 0.213110 0.214639 0.216293 0.217978 0.219600 0.221066 0.222283 0.223157 0.223594 0.223500 0.219600 0.222378 0.224463 0.225949 0.226930 0.227500 0.227754 0.227787 0.227693 0.227566 0.227500 0.227590 0.227931 0.228617 0.229742 0.231400 0.239200 0.239276 0.239768 0.240612 0.241744 0.243100 0.244616 0.246228 0.247872 0.249484 0.251000 0.252356 0.253488 0.254332 0.254824 0.254900 0.262700 0.262639 0.263102 0.263994 0.265225 0.266700 0.268327 0.270014 0.271666 0.273193 0.274500 0.275495 0.276086 0.276178 0.275681 0.274500 0.270600 0.268357 0.261226 0.250118 0.235939 0.219600 0.202009 0.184074 0.166706 0.150811 0.137300 0.127081 0.121062 0.120154 0.125263 0.137300 0.137300 0.139882 0.140639 0.140105 0.138814 0.137300 0.136098 0.135743 0.136769 0.139710 0.145100 0.153474 0.165367 0.181313 0.201846 0.227500 0.227500 0.215018 0.207497 0.204247 0.204578 0.207800 0.213222 0.220153 0.227903 0.235782 0.243100 0.249166 0.253289 0.254779 0.252946 0.247100 0.258800 0.258987 0.259050 0.259018 0.258925 0.258800 0.258675 0.258582 0.258550 0.258613 0.258800 0.259143 0.259674 0.260422 0.261421 0.262700 0.266700 0.266388 0.266232 0.266232 0.266388 0.266700 0.267168 0.267792 0.268572 0.269508 0.270600 0.271848 0.273252 0.274812 0.276528 0.278400 0.294100 0.155790 0.063311 0.010577 0.000000 0.000000 0.029986 0.075375 0.130081 0.188018 0.243100 0.289242 0.320359 0.330365 0.313174 0.262700 0.270600 0.271692 0.272628 0.273408 0.274032 0.274500 0.274812 0.274968 0.274968 0.274812 0.274500 0.274032 0.273408 0.272628 0.271692 0.270600 0.262700 0.259767 0.257646 0.256210 0.255337 0.254900 0.254775 0.254838 0.254962 0.255025 0.254900 0.254463 0.253590 0.252154 0.250033 0.247100 0.239200 0.238420 0.237640 0.236860 0.236080 0.235300 0.234520 0.233740 0.232960 0.232180 0.231400 0.230620 0.229840 0.229060 0.228280 0.227500 0.219600 0.219226 0.219101 0.219163 0.219350 0.219600 0.219850 0.220037 0.220099 0.219974 0.219600 0.218914 0.217853 0.216355 0.214358 0.211800 0.211800 0.212317 0.212542 0.212510 0.212251 0.211800 0.211189 0.210450 0.209618 0.208723 0.207800 0.206881 0.205998 0.205186 0.204475 0.203900
0.205179 0.204453 0.204031 0.203881 0.203975 0.204283 0.204775 0.205422 0.206194 0.207060 0.207992 0.208960 0.209933 0.210883 0.211779 0.212592 0.213079 0.212222 0.211910 0.212063 0.212604 0.213454 0.214534 0.215768 0.217075 0.218379 0.219600 0.220660 0.221481 0.221985 0.222093 0.221726 0.219110 0.221363 0.223212 0.224706 0.225890 0.226814 0.227524 0.228068 0.228495 0.228851 0.229185 0.229543 0.229974 0.230526 0.231245 0.232180 0.239775 0.240133 0.240930 0.242090 0.243536 0.245192 0.246981 0.248827 0.250652 0.252382 0.253938 0.255244 0.256224 0.256802 0.256900 0.256442 0.262145 0.264332 0.266306 0.268075 0.269651 0.271043 0.272262 0.273316 0.274217 0.274975 0.275598 0.276099 0.276485 0.276769 0.276958 0.277065 0.273352 0.268412 0.259187 0.246534 0.231309 0.214370 0.196572 0.178772 0.161828 0.146596 0.133932 0.124694 0.119738 0.119920 0.126098 0.139129 0.142945 0.145670 0.146430 0.145762 0.144208 0.142306 0.140597 0.139620 0.139915 0.142022 0.146479 0.153828 0.164607 0.179356 0.198615 0.222924 0.221636 0.206762 0.198053 0.194640 0.195653 0.200224 0.207483 0.216561 0.226590 0.236700 0.246022 0.253686 0.258825 0.260569 0.258048 0.250394 0.262127 0.253289 0.250302 0.252113 0.257671 0.265922 0.275814 0.286296 0.296314 0.304817 0.310753 0.313068 0.310712 0.302631 0.287773 0.265086 0.268542 0.269102 0.269403 0.269511 0.269496 0.269425 0.269365 0.269386 0.269554 0.269938 0.270606 0.271625 0.273063 0.274988 0.277469 0.280573 0.314403 0.207199 0.134179 0.090878 0.078546 0.075587 0.094672 0.125626 0.163987 0.205293 0.245081 0.278888 0.302251 0.310709 0.299798 0.265055 0.272291 0.273108 0.273933 0.274737 0.275492 0.276169 0.276739 0.277173 0.277443 0.277521 0.277377 0.276983 0.276309 0.275329 0.274012 0.272330 0.264984 0.261769 0.259332 0.257561 0.256344 0.255569 0.255124 0.254896 0.254775 0.254647 0.254401 0.253924 0.253106 0.251832 0.249993 0.247474 0.239775 0.239730 0.239383 0.238776 0.237954 0.236958 0.235833 0.234622 0.233367 0.232112 0.230901 0.229775 0.228780 0.227956 0.227349 0.227001 0.222191 0.222126 0.222097 0.222076 0.222035 0.221945 0.221779 0.221508 0.221104 0.220540 0.219787 0.218817 0.217602 0.216114 0.214324 0.212206 0.209285 0.209177 0.209212 0.209350 0.209553 0.209784 0.210004 0.210174 0.210257 0.210215 0.210008 0.209599 0.208950 0.208023 0.206779 0.205179
0.206178 0.205328 0.204820 0.204612 0.204662 0.204930 0.205372 0.205947 0.206614 0.207331 0.208056 0.208748 0.209364 0.209863 0.210204 0.210344 0.214078 0.213401 0.213182 0.213351 0.213839 0.214577 0.215496 0.216527 0.217601 0.218648 0.219600 0.220388 0.220942 0.221193 0.221072 0.220511 0.219413 0.221092 0.222639 0.224058 0.225354 0.226533 0.227599 0.228557 0.229414 0.230172 0.230838 0.231417 0.231914 0.232333 0.232680 0.232960 0.240486 0.241118 0.242163 0.243543 0.245180 0.246996 0.248915 0.250858 0.252748 0.254508 0.256061 0.257328 0.258233 0.258697 0.258644 0.257995 0.262390 0.266145 0.269170 0.271548 0.273360 0.274690 0.275618 0.276228 0.276601 0.276820 0.276967 0.277124 0.277373 0.277796 0.278476 0.279494 0.275844 0.270092 0.260134 0.246828 0.231039 0.213625 0.195448 0.177371 0.160253 0.144955 0.132340 0.123268 0.118600 0.119198 0.125922 0.139634 0.144826 0.148197 0.149343 0.148832 0.147234 0.145119 0.143057 0.141618 0.141370 0.142884 0.146730 0.153476 0.163693 0.177950 0.196817 0.220864 0.218056 0.201826 0.192485 0.189057 0.190565 0.196032 0.204482 0.214937 0.226421 0.237957 0.248569 0.257279 0.263111 0.265088 0.262234 0.253571 0.265330 0.253124 0.249143 0.251898 0.259897 0.271653 0.285674 0.300470 0.314552 0.326430 0.334614 0.337614 0.333940 0.322102 0.300611 0.267975 0.271251 0.272457 0.273120 0.273355 0.273276 0.272998 0.272637 0.272307 0.272122 0.272198 0.272649 0.273590 0.275136 0.277401 0.280501 0.284550 0.325558 0.244086 0.187429 0.152420 0.139425 0.134670 0.145590 0.165484 0.191182 0.219515 0.247314 0.271412 0.288640 0.295828 0.289809 0.267414 0.274378 0.275056 0.275826 0.276645 0.277466 0.278246 0.278940 0.279504 0.279892 0.280059 0.279962 0.279556 0.278796 0.277637 0.276035 0.273945 0.266852 0.263689 0.261191 0.259269 0.257828 0.256778 0.256028 0.255485 0.255057 0.254654 0.254182 0.253552 0.252670 0.251445 0.249785 0.247599 0.240486 0.240813 0.240668 0.240120 0.239236 0.238083 0.236731 0.235247 0.233699 0.232154 0.230682 0.229350 0.228226 0.227378 0.226874 0.226782 0.224214 0.224211 0.224130 0.223965 0.223707 0.223350 0.222888 0.222314 0.221621 0.220802 0.219850 0.218758 0.217520 0.216129 0.214578 0.212861 0.207754 0.207227 0.207118 0.207344 0.207823 0.208472 0.209209 0.209951 0.210616 0.211121 0.211384 0.211322 0.210853 0.209894 0.208363 0.206178
0.206926 0.206193 0.205749 0.205557 0.205579 0.205774 0.206106 0.206536 0.207024 0.207533 0.208024 0.208458 0.208798 0.209003 0.209037 0.208860 0.214826 0.214216 0.214018 0.214170 0.214606 0.215263 0.216076 0.216980 0.217912 0.218807 0.219600 0.220228 0.220625 0.220728 0.220472 0.219793 0.220351 0.221435 0.222635 0.223916 0.225248 0.226595 0.227927 0.229209 0.230408 0.231493 0.232430 0.233185 0.233727 0.234022 0.234037 0.233740 0.241298 0.242198 0.243442 0.244960 0.246683 0.248544 0.250473 0.252401 0.254260 0.255981 0.257495 0.258734 0.259628 0.260109 0.260108 0.259557 0.263314 0.268051 0.271734 0.274490 0.276448 0.277734 0.278478 0.278806 0.278847 0.278728 0.278577 0.278522 0.278692 0.279213 0.280213 0.281822 0.278140 0.273132 0.263572 0.250368 0.234433 0.216675 0.198007 0.179338 0.161579 0.145640 0.132432 0.122866 0.117851 0.118300 0.125121 0.139226 0.143886 0.148205 0.149984 0.149836 0.148373 0.146209 0.143954 0.142223 0.141627 0.142778 0.146290 0.152775 0.162845 0.177113 0.196191 0.220692 0.216228 0.199641 0.190230 0.186974 0.188854 0.194848 0.203937 0.215100 0.227318 0.239570 0.250835 0.260094 0.266326 0.268512 0.265630 0.256661 0.268438 0.257511 0.254216 0.257161 0.264948 0.276183 0.289471 0.303417 0.316626 0.327702 0.335250 0.337875 0.334181 0.322775 0.302260 0.271241 0.274609 0.276259 0.277197 0.277566 0.277509 0.277170 0.276692 0.276218 0.275893 0.275859 0.276259 0.277238 0.278938 0.281503 0.285077 0.289802 0.328910 0.268301 0.225184 0.197390 0.184655 0.179098 0.184264 0.196079 0.212375 0.230984 0.249738 0.266467 0.279004 0.285179 0.282826 0.269774 0.276798 0.277456 0.278221 0.279045 0.279878 0.280670 0.281372 0.281934 0.282308 0.282443 0.282290 0.281799 0.280922 0.279609 0.277810 0.275475 0.268368 0.265532 0.263186 0.261264 0.259702 0.258434 0.257394 0.256517 0.255739 0.254993 0.254214 0.253336 0.252295 0.251025 0.249461 0.247537 0.241298 0.241699 0.241569 0.240986 0.240027 0.238769 0.237290 0.235668 0.233979 0.232302 0.230714 0.229291 0.228113 0.227255 0.226797 0.226814 0.225730 0.225592 0.225344 0.224989 0.224531 0.223974 0.223320 0.222575 0.221740 0.220820 0.219818 0.218738 0.217583 0.216356 0.215062 0.213703 0.207082 0.206306 0.206091 0.206332 0.206926 0.207768 0.208754 0.209780 0.210742 0.211535 0.212056 0.212200 0.211863 0.210942 0.209331 0.206926
0.207457 0.207025 0.206762 0.206644 0.206649 0.206753 0.206932 0.207162 0.207421 0.207684 0.207928 0.208130 0.208266 0.208313 0.208247 0.208044 0.215357 0.214731 0.214506 0.214619 0.215007 0.215606 0.216356 0.217193 0.218054 0.218878 0.219600 0.220159 0.220492 0.220537 0.220230 0.219510 0.221766 0.222261 0.223092 0.224192 0.225496 0.226938 0.228454 0.229976 0.231439 0.232778 0.233927 0.234820 0.235392 0.235576 0.235307 0.234520 0.242181 0.243339 0.244739 0.246329 0.248056 0.249868 0.251712 0.253537 0.255289 0.256916 0.258366 0.259587 0.260526 0.261130 0.261347 0.261126 0.264791 0.270024 0.274037 0.276982 0.279010 0.280273 0.280921 0.281106 0.280980 0.280693 0.280398 0.280244 0.280384 0.280969 0.282151 0.284079 0.280304 0.277268 0.269009 0.256521 0.240797 0.222830 0.203614 0.184141 0.165405 0.148399 0.134116 0.123549 0.117693 0.117538 0.124080 0.138311 0.141063 0.146432 0.148959 0.149299 0.148109 0.146046 0.143765 0.141924 0.141179 0.142185 0.145601 0.152081 0.162283 0.176862 0.196476 0.221780 0.215620 0.199642 0.190727 0.187869 0.190060 0.196296 0.205569 0.216874 0.229204 0.241553 0.252914 0.262282 0.268651 0.271013 0.268362 0.259694 0.271485 0.265471 0.264167 0.266692 0.272165 0.279702 0.288424 0.297449 0.305895 0.312880 0.317523 0.318943 0.316258 0.308586 0.295047 0.274758 0.278398 0.280315 0.281447 0.281948 0.281976 0.281687 0.281238 0.280785 0.280484 0.280493 0.280966 0.282062 0.283937 0.286746 0.290647 0.295795 0.325809 0.281699 0.249563 0.227973 0.216250 0.210725 0.212213 0.218540 0.228280 0.240004 0.252287 0.263702 0.272821 0.278217 0.278465 0.272137 0.279493 0.280230 0.281032 0.281853 0.282649 0.283375 0.283987 0.284439 0.284687 0.284686 0.284391 0.283759 0.282743 0.281299 0.279384 0.276950 0.269596 0.267303 0.265275 0.263478 0.261878 0.260439 0.259128 0.257909 0.256748 0.255611 0.254463 0.253270 0.251996 0.250608 0.249071 0.247350 0.242181 0.242420 0.242158 0.241469 0.240428 0.239110 0.237588 0.235938 0.234234 0.232551 0.230963 0.229545 0.228372 0.227517 0.227056 0.227063 0.226805 0.226380 0.225880 0.225308 0.224670 0.223971 0.223216 0.222408 0.221554 0.220658 0.219725 0.218759 0.217766 0.216750 0.215717 0.214670 0.207139 0.206252 0.205959 0.206154 0.206728 0.207576 0.208589 0.209661 0.210683 0.211549 0.212152 0.212384 0.212137 0.211306 0.209781 0.207457
0.207800 0.207800 0.207800 0.207800 0.207800 0.207800 0.207800 0.207800 0.207800 0.207800 0.207800 0.207800 0.207800 0.207800 0.207800 0.207800 0.215700 0.215014 0.214733 0.214795 0.215138 0.215700 0.216418 0.217229 0.218071 0.218882 0.219600 0.220162 0.220505 0.220567 0.220286 0.219600 0.223500 0.223439 0.223902 0.224794 0.226025 0.227500 0.229127 0.230814 0.232466 0.233993 0.235300 0.236295 0.236886 0.236978 0.236481 0.235300 0.243100 0.244506 0.246029 0.247639 0.249306 0.251000 0.252690 0.254345 0.255935 0.257430 0.258800 0.260014 0.261041 0.261851 0.262414 0.262700 0.266700 0.272037 0.276118 0.279102 0.281143 0.282400 0.283029 0.283186 0.283030 0.282715 0.282400 0.282241 0.282394 0.283018 0.284267 0.286300 0.282400 0.282234 0.275953 0.264655 0.249438 0.231400 0.211638 0.191249 0.171331 0.152982 0.137300 0.125382 0.118325 0.117227 0.123186 0.137300 0.137300 0.143622 0.146873 0.147743 0.146922 0.145100 0.142966 0.141209 0.140519 0.141586 0.145100 0.151750 0.162225 0.177215 0.197410 0.223500 0.215700 0.201262 0.193415 0.191217 0.193726 0.200000 0.209098 0.220079 0.232001 0.243922 0.254900 0.263994 0.270263 0.272765 0.270558 0.262700 0.274500 0.276026 0.277641 0.279283 0.280890 0.282400 0.283750 0.284877 0.285719 0.286214 0.286300 0.285914 0.284993 0.283475 0.281298 0.278400 0.282400 0.284433 0.285682 0.286306 0.286459 0.286300 0.285985 0.285670 0.285514 0.285671 0.286300 0.287557 0.289598 0.292582 0.296663 0.302000 0.317600 0.286131 0.262686 0.246354 0.236229 0.231400 0.230959 0.233998 0.239606 0.246877 0.254900 0.262767 0.269570 0.274398 0.276345 0.274500 0.282400 0.283300 0.284172 0.284984 0.285704 0.286300 0.286740 0.286992 0.287024 0.286804 0.286300 0.285480 0.284312 0.282764 0.280804 0.278400 0.270600 0.269007 0.267422 0.265842 0.264269 0.262700 0.261135 0.259574 0.258014 0.256457 0.254900 0.253343 0.251786 0.250226 0.248665 0.247100 0.243100 0.243006 0.242507 0.241665 0.240542 0.239200 0.237702 0.236111 0.234489 0.232898 0.231400 0.230058 0.228935 0.228093 0.227594 0.227500 0.227500 0.226687 0.225882 0.225082 0.224289 0.223500 0.222715 0.221934 0.221154 0.220377 0.219600 0.218823 0.218046 0.217266 0.216485 0.215700 0.207800 0.206904 0.206552 0.206648 0.207096 0.207800 0.208664 0.209592 0.210488 0.211256 0.211800 0.212024 0.211832 0.211128 0.209816 0.207800
0.207987 0.208495 0.208807 0.208951 0.208957 0.208851 0.208664 0.208424 0.208160 0.207899 0.207672 0.207506 0.207431 0.207474 0.207665 0.208032 0.215887 0.215127 0.214785 0.214797 0.215102 0.215638 0.216342 0.217152 0.218007 0.218844 0.219600 0.220214 0.220623 0.220766 0.220580 0.220002 0.225394 0.224838 0.224957 0.225635 0.226760 0.228218 0.229894 0.231676 0.233450 0.235101 0.236517 0.237583 0.238186 0.238213 0.237548 0.236080 0.244023 0.245664 0.247285 0.248879 0.250443 0.251972 0.253461 0.254905 0.256300 0.257640 0.258922 0.260139 0.261289 0.262365 0.263363 0.264278 0.268917 0.274063 0.278017 0.280928 0.282943 0.284211 0.284882 0.285103 0.285023 0.284790 0.284554 0.284463 0.284665 0.285309 0.286543 0.288517 0.284492 0.287765 0.283910 0.274138 0.259662 0.241694 0.221445 0.200129 0.178956 0.159140 0.141892 0.128425 0.119949 0.117679 0.122826 0.136601 0.133537 0.140513 0.144332 0.145692 0.145296 0.143842 0.142032 0.140565 0.140142 0.141462 0.145227 0.152137 0.162891 0.178190 0.198734 0.225224 0.215936 0.203935 0.197732 0.196495 0.199390 0.205584 0.214244 0.224537 0.235631 0.246691 0.256886 0.265381 0.271344 0.273942 0.272342 0.265710 0.277515 0.288195 0.293282 0.293723 0.290468 0.284466 0.276664 0.268013 0.259460 0.251954 0.246445 0.243880 0.245209 0.251379 0.263341 0.282042 0.286398 0.288419 0.289718 0.290442 0.290740 0.290757 0.290641 0.290539 0.290599 0.290966 0.291790 0.293215 0.295390 0.298462 0.302578 0.307885 0.305631 0.283450 0.266673 0.254721 0.246607 0.242975 0.242023 0.243580 0.247067 0.251904 0.257513 0.263314 0.268729 0.273178 0.276082 0.276863 0.285459 0.286587 0.287555 0.288352 0.288965 0.289381 0.289586 0.289569 0.289315 0.288813 0.288049 0.287010 0.285684 0.284058 0.282119 0.279854 0.271444 0.270650 0.269586 0.268287 0.266787 0.265121 0.263322 0.261426 0.259466 0.257477 0.255493 0.253548 0.251677 0.249914 0.248294 0.246850 0.244023 0.243489 0.242690 0.241668 0.240468 0.239134 0.237710 0.236240 0.234768 0.233338 0.231993 0.230778 0.229736 0.228912 0.228350 0.228093 0.227879 0.226625 0.225493 0.224471 0.223550 0.222717 0.221960 0.221269 0.220633 0.220038 0.219475 0.218932 0.218397 0.217860 0.217307 0.216730 0.208937 0.208102 0.207699 0.207655 0.207895 0.208344 0.208928 0.209573 0.210204 0.210748 0.211128 0.211271 0.211104 0.210550 0.209536 0.207987
0.208050 0.209087 0.209726 0.210026 0.210044 0.209842 0.209477 0.209008 0.208496 0.207999 0.207576 0.207286 0.207189 0.207344 0.207809 0.208644 0.215950 0.215138 0.214748 0.214722 0.214996 0.215513 0.216210 0.217028 0.217906 0.218783 0.219600 0.220295 0.220809 0.221081 0.221049 0.220655 0.227289 0.226327 0.226149 0.226625 0.227627 0.229029 0.230702 0.232518 0.234349 0.236068 0.237546 0.238657 0.239271 0.239262 0.238501 0.236860 0.244918 0.246781 0.248480 0.250037 0.251475 0.252816 0.254083 0.255297 0.256483 0.257662 0.258857 0.260090 0.261385 0.262762 0.264246 0.265859 0.271318 0.276076 0.279773 0.282539 0.284505 0.285802 0.286560 0.286912 0.286987 0.286917 0.286831 0.286862 0.287140 0.287795 0.288959 0.290762 0.286644 0.293598 0.292387 0.284338 0.270774 0.253021 0.232404 0.210248 0.187879 0.166621 0.147800 0.132741 0.122768 0.119207 0.123384 0.136622 0.130714 0.137848 0.141941 0.143670 0.143712 0.142743 0.141441 0.140480 0.140540 0.142294 0.146422 0.153598 0.164500 0.179803 0.200186 0.226324 0.215796 0.207094 0.203118 0.203180 0.206594 0.212672 0.220727 0.230071 0.240017 0.249877 0.258965 0.266593 0.272073 0.274718 0.273841 0.268755 0.280562 0.301001 0.309735 0.308802 0.300240 0.286089 0.268385 0.249169 0.230477 0.214349 0.202822 0.197936 0.201728 0.216237 0.243501 0.285559 0.290175 0.292080 0.293366 0.294162 0.294599 0.294806 0.294915 0.295055 0.295357 0.295950 0.296965 0.298531 0.300780 0.303840 0.307843 0.312918 0.291250 0.275509 0.263646 0.255259 0.249401 0.247302 0.246927 0.248418 0.251373 0.255388 0.260062 0.264993 0.269777 0.274012 0.277296 0.279226 0.288610 0.290011 0.291095 0.291873 0.292356 0.292554 0.292480 0.292143 0.291555 0.290727 0.289670 0.288396 0.286915 0.285238 0.283376 0.281341 0.272192 0.272235 0.271729 0.270743 0.269345 0.267606 0.265595 0.263380 0.261032 0.258619 0.256210 0.253876 0.251685 0.249706 0.248009 0.246663 0.244918 0.243900 0.242778 0.241574 0.240309 0.239007 0.237690 0.236379 0.235097 0.233867 0.232710 0.231650 0.230707 0.229905 0.229265 0.228810 0.228006 0.226304 0.224855 0.223635 0.222618 0.221778 0.221092 0.220535 0.220080 0.219704 0.219382 0.219087 0.218797 0.218485 0.218127 0.217697 0.210422 0.209684 0.209230 0.209014 0.208991 0.209112 0.209332 0.209604 0.209881 0.210116 0.210264 0.210277 0.210109 0.209712 0.209042 0.208050
0.208018 0.209552 0.210500 0.210950 0.210989 0.210706 0.210190 0.209527 0.208806 0.208116 0.207544 0.207178 0.207107 0.207418 0.208200 0.209540 0.215918 0.215110 0.214711 0.214667 0.214922 0.215419 0.216104 0.216920 0.217812 0.218724 0.219600 0.220385 0.221023 0.221458 0.221634 0.221497 0.229027 0.227776 0.227370 0.227673 0.228552 0.229871 0.231496 0.233292 0.235124 0.236858 0.238358 0.239489 0.240118 0.240110 0.239328 0.237640 0.245750 0.247822 0.249589 0.251103 0.252411 0.253564 0.254611 0.255602 0.256586 0.257612 0.258731 0.259992 0.261443 0.263136 0.265118 0.267441 0.273782 0.278050 0.281425 0.284014 0.285925 0.287266 0.288146 0.288671 0.288950 0.289091 0.289201 0.289388 0.289761 0.290427 0.291494 0.293070 0.288920 0.299467 0.300893 0.294622 0.282080 0.264691 0.243882 0.221076 0.197699 0.175176 0.154932 0.138392 0.126981 0.122124 0.125247 0.137774 0.129774 0.136366 0.140306 0.142199 0.142652 0.142273 0.141667 0.141443 0.142206 0.144564 0.149122 0.156489 0.167271 0.182074 0.201505 0.226172 0.214748 0.210172 0.209009 0.210748 0.214879 0.220888 0.228266 0.236500 0.245080 0.253494 0.261231 0.267780 0.272629 0.275267 0.275183 0.271865 0.283670 0.313463 0.325645 0.323310 0.309550 0.287459 0.260130 0.230657 0.202131 0.177647 0.160298 0.153175 0.159374 0.181986 0.224106 0.288825 0.293513 0.295224 0.296439 0.297268 0.297817 0.298198 0.298517 0.298883 0.299406 0.300194 0.301355 0.302999 0.305233 0.308168 0.311910 0.316570 0.275802 0.264159 0.255723 0.250153 0.246627 0.246230 0.247191 0.249640 0.253235 0.257631 0.262486 0.267454 0.272191 0.276355 0.279602 0.281586 0.291790 0.293496 0.294707 0.295462 0.295799 0.295758 0.295375 0.294689 0.293739 0.292562 0.291198 0.289683 0.288057 0.286357 0.284623 0.282891 0.272908 0.273769 0.273813 0.273141 0.271856 0.270062 0.267859 0.265351 0.262641 0.259830 0.257022 0.254318 0.251821 0.249635 0.247860 0.246601 0.245750 0.244269 0.242845 0.241477 0.240166 0.238913 0.237717 0.236580 0.235502 0.234482 0.233522 0.232621 0.231780 0.231000 0.230280 0.229622 0.227942 0.225837 0.224113 0.222733 0.221655 0.220842 0.220252 0.219848 0.219589 0.219437 0.219350 0.219292 0.219220 0.219098 0.218884 0.218539 0.212130 0.211489 0.210973 0.210565 0.210249 0.210008 0.209825 0.209683 0.209565 0.209455 0.209336 0.209191 0.209004 0.208757 0.208434 0.208018
0.207925 0.209867 0.211072 0.211651 0.211716 0.211381 0.210756 0.209954 0.209087 0.208268 0.207608 0.207220 0.207215 0.207706 0.208805 0.210624 0.215825 0.215109 0.214760 0.214732 0.214978 0.215450 0.216104 0.216893 0.217769 0.218687 0.219600 0.220462 0.221226 0.221845 0.222274 0.222466 0.230450 0.229053 0.228511 0.228692 0.229460 0.230682 0.232225 0.233954 0.235735 0.237435 0.238919 0.240054 0.240705 0.240739 0.240022 0.238420 0.246489 0.248752 0.250586 0.252064 0.253260 0.254248 0.255103 0.255899 0.256709 0.257608 0.258670 0.259970 0.261581 0.263577 0.266032 0.269022 0.276183 0.279957 0.283012 0.285431 0.287300 0.288701 0.289718 0.290437 0.290939 0.291310 0.291634 0.291993 0.292473 0.293156 0.294128 0.295471 0.291384 0.305108 0.308932 0.304358 0.292885 0.276014 0.255246 0.232079 0.208015 0.184554 0.163196 0.145441 0.132791 0.126744 0.128801 0.140463 0.131655 0.136809 0.140032 0.141802 0.142599 0.142902 0.143189 0.143941 0.145635 0.148751 0.153769 0.161166 0.171423 0.185019 0.202431 0.224140 0.212260 0.212603 0.214846 0.218677 0.223784 0.229856 0.236581 0.243647 0.250744 0.257558 0.263778 0.269094 0.273192 0.275762 0.276492 0.275070 0.286873 0.324602 0.339657 0.336036 0.317740 0.288766 0.253116 0.214789 0.177783 0.146099 0.123735 0.114692 0.122969 0.152565 0.207480 0.291714 0.296194 0.297657 0.298752 0.299564 0.300178 0.300679 0.301154 0.301686 0.302363 0.303269 0.304490 0.306112 0.308218 0.310896 0.314231 0.318307 0.260637 0.251253 0.245027 0.241590 0.240303 0.241613 0.244336 0.248376 0.253366 0.258936 0.264719 0.270347 0.275452 0.279665 0.282619 0.283945 0.294941 0.296961 0.298302 0.299032 0.299218 0.298927 0.298226 0.297182 0.295862 0.294334 0.292663 0.290918 0.289166 0.287473 0.285907 0.284534 0.273656 0.275256 0.275798 0.275412 0.274233 0.272391 0.270021 0.267253 0.264222 0.261058 0.257895 0.254865 0.252101 0.249735 0.247899 0.246726 0.246489 0.244628 0.242962 0.241473 0.240140 0.238946 0.237871 0.236897 0.236006 0.235178 0.234395 0.233638 0.232888 0.232127 0.231336 0.230495 0.227753 0.225335 0.223409 0.221924 0.220827 0.220063 0.219581 0.219328 0.219251 0.219297 0.219413 0.219546 0.219644 0.219653 0.219521 0.219194 0.213931 0.213356 0.212758 0.212148 0.211537 0.210936 0.210356 0.209809 0.209305 0.208856 0.208472 0.208165 0.207946 0.207825 0.207814 0.207925
0.207800 0.210008 0.211384 0.212056 0.212152 0.211800 0.211128 0.210264 0.209336 0.208472 0.207800 0.207448 0.207544 0.208216 0.209592 0.211800 0.215700 0.215201 0.214982 0.215014 0.215263 0.215700 0.216293 0.217010 0.217822 0.218695 0.219600 0.220505 0.221378 0.222190 0.222907 0.223500 0.231400 0.230027 0.229466 0.229590 0.230277 0.231400 0.232835 0.234458 0.236142 0.237765 0.239200 0.240323 0.241010 0.241134 0.240573 0.239200 0.247100 0.249538 0.251443 0.252909 0.254030 0.254900 0.255614 0.256267 0.256953 0.257766 0.258800 0.260150 0.261911 0.264177 0.267042 0.270600 0.278400 0.281771 0.284574 0.286870 0.288725 0.290200 0.291359 0.292266 0.292982 0.293573 0.294100 0.294627 0.295218 0.295934 0.296841 0.298000 0.294100 0.310255 0.316014 0.312914 0.302497 0.286300 0.265863 0.242726 0.218426 0.194505 0.172500 0.153951 0.140398 0.133378 0.134433 0.145100 0.137300 0.139918 0.141725 0.143003 0.144034 0.145100 0.146482 0.148461 0.151319 0.155338 0.160800 0.167986 0.177177 0.188655 0.202702 0.219600 0.207800 0.213821 0.220066 0.226442 0.232851 0.239200 0.245393 0.251334 0.256930 0.262083 0.266700 0.270685 0.273942 0.276378 0.277895 0.278400 0.290200 0.333440 0.350416 0.345772 0.324152 0.290200 0.248560 0.203876 0.160792 0.123952 0.098000 0.087580 0.097336 0.131912 0.195952 0.294100 0.298000 0.299187 0.300118 0.300854 0.301461 0.302000 0.302535 0.303130 0.303846 0.304749 0.305900 0.307363 0.309202 0.311478 0.314257 0.317600 0.247100 0.238644 0.233676 0.231756 0.232444 0.235300 0.239884 0.245756 0.252476 0.259604 0.266700 0.273324 0.279036 0.283396 0.285964 0.286300 0.298000 0.300328 0.301796 0.302500 0.302536 0.302000 0.300988 0.299596 0.297920 0.296056 0.294100 0.292148 0.290296 0.288640 0.287276 0.286300 0.274500 0.276702 0.277645 0.277487 0.276386 0.274500 0.271986 0.269001 0.265703 0.262250 0.258800 0.255510 0.252537 0.250039 0.248174 0.247100 0.247100 0.245008 0.243204 0.241656 0.240332 0.239200 0.238228 0.237384 0.236636 0.235952 0.235300 0.234648 0.233964 0.233216 0.232372 0.231400 0.227500 0.224909 0.222886 0.221370 0.220295 0.219600 0.219221 0.219094 0.219158 0.219347 0.219600 0.219853 0.220042 0.220106 0.219979 0.219600 0.215700 0.215125 0.214414 0.213602 0.212719 0.211800 0.210877 0.209982 0.209150 0.208411 0.207800 0.207349 0.207090 0.207058 0.207283 0.207800
0.207675 0.209952 0.211380 0.212092 0.212221 0.211899 0.211258 0.210431 0.209549 0.208745 0.208152 0.207901 0.208126 0.208957 0.210529 0.212972 0.215575 0.215450 0.215464 0.215610 0.215879 0.216262 0.216751 0.217338 0.218014 0.218771 0.219600 0.220493 0.221442 0.222438 0.223473 0.224538 0.231718 0.230568 0.230125 0.230280 0.230928 0.231962 0.233273 0.234757 0.236305 0.237812 0.239169 0.240270 0.241009 0.241278 0.240971 0.239980 0.247551 0.250146 0.252135 0.253627 0.254730 0.255552 0.256202 0.256788 0.257418 0.258201 0.259246 0.260659 0.262551 0.265028 0.268200 0.272174 0.280309 0.283466 0.286149 0.288410 0.290296 0.291859 0.293149 0.294215 0.295107 0.295875 0.296570 0.297242 0.297939 0.298713 0.299613 0.300689 0.297132 0.314645 0.321644 0.319659 0.310220 0.294858 0.275102 0.252484 0.228532 0.204778 0.182752 0.163984 0.150003 0.142341 0.142528 0.152093 0.147649 0.146432 0.145990 0.146325 0.147441 0.149338 0.152021 0.155492 0.159752 0.164806 0.170655 0.177302 0.184750 0.193001 0.202058 0.211924 0.200836 0.213258 0.224109 0.233519 0.241621 0.248544 0.254421 0.259383 0.263560 0.267086 0.270090 0.272704 0.275059 0.277287 0.279519 0.281886 0.293683 0.338997 0.356567 0.351307 0.328130 0.291950 0.247679 0.200231 0.154519 0.115457 0.087957 0.076933 0.087298 0.123965 0.191847 0.295858 0.298714 0.299621 0.300349 0.300943 0.301448 0.301909 0.302370 0.302877 0.303473 0.304204 0.305114 0.306248 0.307650 0.309366 0.311440 0.313917 0.236539 0.228184 0.223791 0.222837 0.225067 0.229143 0.235356 0.242909 0.251277 0.259938 0.268365 0.276035 0.282423 0.287004 0.289255 0.288651 0.300907 0.303519 0.305102 0.305780 0.305676 0.304913 0.303615 0.301905 0.299908 0.297745 0.295541 0.293419 0.291502 0.289914 0.288778 0.288218 0.275504 0.278110 0.279316 0.279297 0.278231 0.276293 0.273660 0.270508 0.267014 0.263354 0.259705 0.256242 0.253143 0.250582 0.248738 0.247786 0.247551 0.245439 0.243642 0.242122 0.240844 0.239770 0.238866 0.238093 0.237416 0.236799 0.236205 0.235597 0.234940 0.234196 0.233330 0.232305 0.227247 0.224671 0.222687 0.221228 0.220225 0.219609 0.219312 0.219265 0.219400 0.219649 0.219943 0.220214 0.220393 0.220411 0.220201 0.219694 0.217309 0.216634 0.215771 0.214766 0.213662 0.212504 0.211336 0.210202 0.209146 0.208214 0.207448 0.206894 0.206595 0.206596 0.206941 0.207675
0.207582 0.209674 0.211002 0.211687 0.211850 0.211614 0.211099 0.210428 0.209723 0.209105 0.208696 0.208617 0.208991 0.209939 0.211583 0.214044 0.215482 0.215921 0.216293 0.216619 0.216923 0.217229 0.217560 0.217939 0.218390 0.218936 0.219600 0.220406 0.221378 0.222539 0.223911 0.225519 0.231245 0.230545 0.230380 0.230672 0.231340 0.232305 0.233487 0.234807 0.236184 0.237540 0.238794 0.239868 0.240681 0.241154 0.241207 0.240760 0.247810 0.250541 0.252635 0.254207 0.255369 0.256236 0.256922 0.257541 0.258206 0.259032 0.260133 0.261622 0.263614 0.266222 0.269560 0.273743 0.281786 0.285014 0.287778 0.290128 0.292110 0.293774 0.295168 0.296340 0.297340 0.298216 0.299015 0.299787 0.300580 0.301443 0.302423 0.303570 0.300544 0.318012 0.325330 0.323959 0.315360 0.300997 0.282330 0.260821 0.237932 0.215124 0.193860 0.175601 0.161809 0.153945 0.153472 0.161850 0.163642 0.157094 0.153433 0.152292 0.153300 0.156087 0.160284 0.165521 0.171428 0.177635 0.183774 0.189473 0.194363 0.198075 0.200238 0.200484 0.190836 0.210350 0.226413 0.239387 0.249633 0.257512 0.263385 0.267614 0.270558 0.272580 0.274041 0.275301 0.276722 0.278664 0.281490 0.285559 0.297354 0.340293 0.356754 0.351431 0.329016 0.294205 0.251690 0.206165 0.162325 0.124862 0.098470 0.087844 0.097676 0.132661 0.197492 0.296863 0.298119 0.298765 0.299258 0.299633 0.299920 0.300154 0.300367 0.300591 0.300860 0.301206 0.301661 0.302258 0.303031 0.304011 0.305232 0.306726 0.230302 0.221726 0.217493 0.217018 0.220189 0.224994 0.232273 0.240964 0.250481 0.260239 0.269650 0.278129 0.285090 0.289945 0.292110 0.290998 0.303602 0.306455 0.308134 0.308786 0.308560 0.307602 0.306061 0.304085 0.301820 0.299416 0.297018 0.294777 0.292838 0.291350 0.290460 0.290317 0.276732 0.279487 0.280771 0.280773 0.279678 0.277674 0.274949 0.271690 0.268084 0.264317 0.260578 0.257054 0.253932 0.251398 0.249641 0.248847 0.247810 0.245954 0.244349 0.242966 0.241776 0.240751 0.239861 0.239078 0.238372 0.237716 0.237078 0.236432 0.235748 0.234997 0.234150 0.233178 0.227058 0.224733 0.222956 0.221660 0.220779 0.220246 0.219995 0.219959 0.220071 0.220265 0.220474 0.220631 0.220670 0.220525 0.220128 0.219413 0.218630 0.217721 0.216658 0.215481 0.214232 0.212952 0.211683 0.210467 0.209344 0.208356 0.207544 0.206950 0.206616 0.206582 0.206890 0.207582
0.207550 0.209153 0.210194 0.210767 0.210964 0.210878 0.210603 0.210231 0.209856 0.209569 0.209464 0.209634 0.210172 0.211170 0.212722 0.214920 0.215450 0.216681 0.217555 0.218138 0.218496 0.218695 0.218800 0.218878 0.218993 0.219212 0.219600 0.220223 0.221147 0.222438 0.224160 0.226381 0.229823 0.229826 0.230124 0.230676 0.231438 0.232367 0.233422 0.234560 0.235738 0.236914 0.238046 0.239089 0.240003 0.240745 0.241271 0.241540 0.247842 0.250689 0.252917 0.254637 0.255956 0.256984 0.257831 0.258605 0.259417 0.260374 0.261587 0.263165 0.265216 0.267850 0.271177 0.275305 0.282710 0.286390 0.289500 0.292103 0.294261 0.296038 0.297497 0.298700 0.299710 0.300591 0.301405 0.302215 0.303084 0.304076 0.305253 0.306678 0.304400 0.320092 0.326579 0.325182 0.317224 0.304027 0.286913 0.267205 0.246224 0.225292 0.205732 0.188866 0.176016 0.168503 0.167651 0.174782 0.186222 0.172643 0.164660 0.161426 0.162094 0.165817 0.171747 0.179036 0.186839 0.194308 0.200594 0.204852 0.206234 0.203893 0.196981 0.184652 0.177268 0.204528 0.226416 0.243521 0.256429 0.265728 0.272006 0.275849 0.277845 0.278582 0.278647 0.278627 0.279110 0.280683 0.283934 0.289449 0.301242 0.336350 0.349623 0.344933 0.326153 0.297155 0.261810 0.223991 0.187569 0.156417 0.134406 0.125408 0.133295 0.161940 0.215214 0.296989 0.295997 0.296427 0.296660 0.296728 0.296660 0.296486 0.296235 0.295939 0.295626 0.295327 0.295071 0.294889 0.294811 0.294867 0.295085 0.295498 0.229734 0.221121 0.216902 0.216485 0.219826 0.224702 0.232155 0.241051 0.250800 0.260810 0.270494 0.279259 0.286516 0.291675 0.294146 0.293338 0.306022 0.309057 0.310806 0.311435 0.311112 0.310006 0.308282 0.306109 0.303653 0.301083 0.298566 0.296268 0.294358 0.293003 0.292370 0.292627 0.278248 0.280837 0.281973 0.281845 0.280641 0.278550 0.275760 0.272461 0.268840 0.265087 0.261390 0.257937 0.254918 0.252520 0.250933 0.250345 0.247842 0.246582 0.245397 0.244283 0.243231 0.242237 0.241293 0.240392 0.239529 0.238697 0.237890 0.237100 0.236321 0.235548 0.234773 0.233990 0.226994 0.225205 0.223834 0.222825 0.222122 0.221670 0.221413 0.221295 0.221261 0.221256 0.221222 0.221106 0.220851 0.220401 0.219701 0.218695 0.219538 0.218228 0.216903 0.215585 0.214294 0.213048 0.211869 0.210776 0.209789 0.208929 0.208216 0.207669 0.207309 0.207156 0.207230 0.207550
0.207613 0.208364 0.208898 0.209259 0.209488 0.209629 0.209723 0.209814 0.209943 0.210154 0.210488 0.210989 0.211698 0.212659 0.213913 0.215504 0.215513 0.217793 0.219338 0.220266 0.220698 0.220754 0.220555 0.220219 0.219869 0.219622 0.219600 0.219923 0.220710 0.222082 0.224159 0.227062 0.227294 0.228281 0.229249 0.230202 0.231147 0.232086 0.233027 0.233973 0.234929 0.235900 0.236891 0.237907 0.238954 0.240034 0.241155 0.242320 0.247617 0.250556 0.252955 0.254905 0.256499 0.257828 0.258985 0.260062 0.261151 0.262344 0.263734 0.265413 0.267472 0.270005 0.273103 0.276858 0.282955 0.287566 0.291354 0.294415 0.296847 0.298749 0.300217 0.301350 0.302244 0.302998 0.303710 0.304476 0.305395 0.306564 0.308081 0.310043 0.308764 0.320620 0.324898 0.322697 0.315117 0.303258 0.288221 0.271104 0.253008 0.235032 0.218276 0.203840 0.192825 0.186329 0.185452 0.191295 0.216327 0.193820 0.180276 0.174251 0.174306 0.178998 0.186885 0.196526 0.206480 0.215304 0.221557 0.223797 0.220583 0.210474 0.192026 0.163800 0.159600 0.195226 0.223557 0.245397 0.261549 0.272816 0.280002 0.283910 0.285344 0.285107 0.284002 0.282834 0.282404 0.283517 0.286977 0.293586 0.305381 0.326188 0.333818 0.330605 0.318885 0.300990 0.279257 0.256020 0.233613 0.214370 0.200627 0.194718 0.198977 0.215739 0.247338 0.296110 0.292130 0.292413 0.292368 0.292033 0.291448 0.290651 0.289683 0.288582 0.287387 0.286138 0.284874 0.283634 0.282458 0.281384 0.280451 0.279699 0.236185 0.228223 0.224137 0.223425 0.225995 0.230121 0.236526 0.244300 0.252943 0.261954 0.270831 0.279074 0.286180 0.291650 0.294981 0.295673 0.308109 0.311247 0.313031 0.313640 0.313256 0.312059 0.310231 0.307951 0.305402 0.302763 0.300215 0.297940 0.296118 0.294930 0.294556 0.295178 0.280116 0.282165 0.282882 0.282444 0.281032 0.278823 0.275998 0.272735 0.269212 0.265610 0.262107 0.258882 0.256114 0.253982 0.252665 0.252342 0.247617 0.247354 0.246860 0.246167 0.245310 0.244322 0.243237 0.242089 0.240912 0.239740 0.238607 0.237547 0.236592 0.235779 0.235139 0.234707 0.227121 0.226200 0.225465 0.224882 0.224416 0.224035 0.223705 0.223392 0.223063 0.222684 0.222221 0.221641 0.220910 0.219995 0.218863 0.217478 0.219903 0.217991 0.216337 0.214920 0.213714 0.212696 0.211842 0.211129 0.210532 0.210027 0.209592 0.209201 0.208832 0.208460 0.208062 0.207613
0.207800 0.207283 0.207058 0.207090 0.207349 0.207800 0.208411 0.209150 0.209982 0.210877 0.211800 0.212719 0.213602 0.214414 0.215125 0.215700 0.215700 0.219324 0.221728 0.223100 0.223628 0.223500 0.222904 0.222028 0.221060 0.220188 0.219600 0.219484 0.220028 0.221420 0.223848 0.227500 0.223500 0.225779 0.227646 0.229162 0.230393 0.231400 0.232247 0.232998 0.233714 0.234461 0.235300 0.236295 0.237510 0.239006 0.240849 0.243100 0.247100 0.250109 0.252722 0.255002 0.257007 0.258800 0.260441 0.261990 0.263510 0.265059 0.266700 0.268493 0.270498 0.272778 0.275391 0.278400 0.282400 0.288517 0.293378 0.297142 0.299963 0.302000 0.303409 0.304346 0.304970 0.305435 0.305900 0.306521 0.307454 0.308858 0.310887 0.313700 0.313700 0.319331 0.319794 0.315870 0.308345 0.298000 0.285619 0.271986 0.257882 0.244093 0.231400 0.220587 0.212438 0.207734 0.207261 0.211800 0.254900 0.221367 0.200886 0.191290 0.190417 0.196100 0.206175 0.218478 0.230842 0.241105 0.247100 0.246663 0.237630 0.217834 0.185113 0.137300 0.137300 0.181878 0.217275 0.244493 0.264534 0.278400 0.287094 0.291619 0.292977 0.292170 0.290200 0.288070 0.286783 0.287341 0.290746 0.298000 0.309800 0.308828 0.307984 0.307236 0.306552 0.305900 0.305248 0.304564 0.303816 0.302972 0.302000 0.300868 0.299544 0.297996 0.296192 0.294100 0.286300 0.286531 0.286194 0.285350 0.284065 0.282400 0.280419 0.278186 0.275762 0.273213 0.270600 0.267987 0.265438 0.263014 0.260781 0.258800 0.251000 0.244884 0.241320 0.240024 0.240712 0.243100 0.246904 0.251840 0.257624 0.263972 0.270600 0.277224 0.283560 0.289324 0.294232 0.298000 0.309800 0.312946 0.314723 0.315317 0.314914 0.313700 0.311862 0.309587 0.307061 0.304470 0.302000 0.299838 0.298171 0.297185 0.297066 0.298000 0.282400 0.283477 0.283458 0.282502 0.280763 0.278400 0.275569 0.272426 0.269130 0.265835 0.262700 0.259881 0.257534 0.255818 0.254887 0.254900 0.247100 0.248303 0.248810 0.248714 0.248113 0.247100 0.245771 0.244222 0.242546 0.240841 0.239200 0.237719 0.236494 0.235618 0.235189 0.235300 0.227500 0.227830 0.227993 0.227991 0.227826 0.227500 0.227014 0.226369 0.225567 0.224610 0.223500 0.222238 0.220825 0.219263 0.217554 0.215700 0.219600 0.216850 0.214789 0.213323 0.212358 0.211800 0.211554 0.211525 0.211619 0.211742 0.211800 0.211698 0.211341 0.210635 0.209486 0.207800
0.207800 0.206410 0.205841 0.205967 0.206662 0.207800 0.209254 0.210897 0.212603 0.214246 0.215700 0.216838 0.217533 0.217659 0.217090 0.215700 0.219600 0.220879 0.221878 0.222626 0.223157 0.223500 0.223687 0.223750 0.223718 0.223625 0.223500 0.223375 0.223282 0.223250 0.223313 0.223500 0.235300 0.235180 0.235088 0.235056 0.235116 0.235300 0.235640 0.236168 0.236916 0.237916 0.239200 0.240800 0.242748 0.245076 0.247816 0.251000 0.251000 0.253140 0.255412 0.257784 0.260224 0.262700 0.265180 0.267632 0.270024 0.272324 0.274500 0.276520 0.278352 0.279964 0.281324 0.282400 0.290200 0.292578 0.294945 0.297303 0.299654 0.302000 0.304342 0.306681 0.309019 0.311358 0.313700 0.316046 0.318397 0.320755 0.323122 0.325500 0.321600 0.318206 0.315033 0.311987 0.308974 0.305900 0.302670 0.299189 0.295363 0.291098 0.286300 0.280874 0.274725 0.267759 0.259882 0.251000 0.258800 0.261832 0.265560 0.269732 0.274096 0.278400 0.282392 0.285820 0.288432 0.289976 0.290200 0.288852 0.285680 0.280432 0.272856 0.262700 0.274500 0.277640 0.280780 0.283920 0.287060 0.290200 0.293340 0.296480 0.299620 0.302760 0.305900 0.309040 0.312180 0.315320 0.318460 0.321600 0.325500 0.324738 0.323965 0.323183 0.322394 0.321600 0.320802 0.320001 0.319199 0.318398 0.317600 0.316806 0.316017 0.315235 0.314462 0.313700 0.302000 0.298749 0.296038 0.293774 0.291859 0.290200 0.288701 0.287266 0.285802 0.284211 0.282400 0.280273 0.277734 0.274690 0.271043 0.266700 0.254900 0.247444 0.243344 0.242192 0.243580 0.247100 0.252344 0.258904 0.266372 0.274340 0.282400 0.290144 0.297164 0.303052 0.307400 0.309800 0.325500 0.327202 0.327927 0.327801 0.326950 0.325500 0.323578 0.321311 0.318825 0.316246 0.313700 0.311314 0.309215 0.307529 0.306382 0.305900 0.290200 0.288197 0.285954 0.283534 0.280995 0.278400 0.275809 0.273282 0.270882 0.268667 0.266700 0.265041 0.263750 0.262890 0.262519 0.262700 0.251000 0.250924 0.250432 0.249588 0.248456 0.247100 0.245584 0.243972 0.242328 0.240716 0.239200 0.237844 0.236712 0.235868 0.235376 0.235300 0.227500 0.226188 0.225164 0.224396 0.223852 0.223500 0.223308 0.223244 0.223276 0.223372 0.223500 0.223628 0.223724 0.223756 0.223692 0.223500 0.219600 0.219007 0.218290 0.217478 0.216605 0.215700 0.214795 0.213922 0.213110 0.212393 0.211800 0.211363 0.211114 0.211082 0.211301 0.211800
0.210008 0.209541 0.209368 0.209447 0.209737 0.210195 0.210780 0.211450 0.212162 0.212875 0.213547 0.214136 0.214601 0.214899 0.214988 0.214826 0.219600 0.219762 0.220059 0.220468 0.220967 0.221534 0.222148 0.222785 0.223425 0.224044 0.224620 0.225132 0.225557 0.225873 0.226059 0.226091 0.235113 0.234495 0.234150 0.234063 0.234222 0.234614 0.235224 0.236039 0.237046 0.238232 0.239583 0.241086 0.242727 0.244494 0.246372 0.248348 0.255711 0.258236 0.260421 0.262319 0.263986 0.265478 0.266850 0.268156 0.269453 0.270794 0.272236 0.273833 0.275641 0.277715 0.280110 0.282882 0.293946 0.295628 0.297521 0.299593 0.301809 0.304135 0.306538 0.308984 0.311439 0.313870 0.316242 0.318523 0.320677 0.322672 0.324474 0.326049 0.322801 0.322594 0.321465 0.319474 0.316684 0.313158 0.308958 0.304146 0.298784 0.292935 0.286662 0.280025 0.273088 0.265913 0.258563 0.251098 0.263045 0.264722 0.267684 0.271571 0.276023 0.280679 0.285181 0.289168 0.292281 0.294160 0.294445 0.292776 0.288793 0.282136 0.272447 0.259364 0.272301 0.276544 0.280730 0.284841 0.288856 0.292756 0.296522 0.300133 0.303572 0.306818 0.309851 0.312653 0.315204 0.317484 0.319474 0.321155 0.328328 0.327258 0.326278 0.325374 0.324533 0.323742 0.322986 0.322253 0.321528 0.320800 0.320054 0.319276 0.318454 0.317575 0.316623 0.315587 0.305227 0.303065 0.300957 0.298881 0.296815 0.294739 0.292631 0.290468 0.288231 0.285896 0.283443 0.280850 0.278096 0.275158 0.272016 0.268648 0.259742 0.251765 0.247175 0.245571 0.246558 0.249734 0.254704 0.261067 0.268425 0.276381 0.284535 0.292490 0.299846 0.306205 0.311169 0.314339 0.327378 0.326927 0.326529 0.326136 0.325701 0.325175 0.324510 0.323657 0.322569 0.321197 0.319492 0.317407 0.314893 0.311902 0.308386 0.304296 0.291742 0.288742 0.286065 0.283675 0.281538 0.279618 0.277880 0.276288 0.274807 0.273402 0.272037 0.270676 0.269285 0.267828 0.266269 0.264574 0.253558 0.252628 0.251415 0.249971 0.248349 0.246601 0.244779 0.242937 0.241127 0.239400 0.237810 0.236408 0.235248 0.234382 0.233862 0.233740 0.228280 0.227330 0.226550 0.225917 0.225407 0.224999 0.224670 0.224398 0.224159 0.223931 0.223692 0.223419 0.223089 0.222680 0.222170 0.221534 0.220661 0.220224 0.219457 0.218431 0.217218 0.215887 0.214511 0.213160 0.211906 0.210819 0.209971 0.209433 0.209276 0.209570 0.210388 0.211800
0.211384 0.211475 0.211534 0.211573 0.211602 0.211634 0.211678 0.211746 0.211850 0.211999 0.212206 0.212480 0.212835 0.213279 0.213825 0.214483 0.219600 0.218999 0.218824 0.219015 0.219512 0.220255 0.221185 0.222243 0.223367 0.224500 0.225580 0.226549 0.227346 0.227913 0.228188 0.228114 0.235050 0.234092 0.233589 0.233493 0.233757 0.234333 0.235174 0.236231 0.237458 0.238807 0.240230 0.241679 0.243107 0.244466 0.245709 0.246788 0.259050 0.261790 0.263902 0.265495 0.266679 0.267563 0.268257 0.268871 0.269513 0.270295 0.271324 0.272711 0.274566 0.276997 0.280115 0.284029 0.296873 0.298250 0.299944 0.301903 0.304074 0.306406 0.308846 0.311344 0.313848 0.316305 0.318663 0.320872 0.322878 0.324630 0.326077 0.327166 0.325190 0.326891 0.326955 0.325540 0.322808 0.318919 0.314033 0.308309 0.301908 0.294991 0.287717 0.280246 0.272739 0.265355 0.258255 0.251599 0.266190 0.267074 0.269567 0.273253 0.277718 0.282546 0.287321 0.291628 0.295052 0.297178 0.297590 0.295873 0.291612 0.284391 0.273795 0.259408 0.273242 0.278168 0.283005 0.287719 0.292275 0.296636 0.300768 0.304636 0.308204 0.311438 0.314302 0.316760 0.318778 0.320320 0.321352 0.321838 0.331312 0.330114 0.329048 0.328094 0.327233 0.326445 0.325710 0.325009 0.324323 0.323630 0.322913 0.322150 0.321323 0.320412 0.319397 0.318258 0.308434 0.307159 0.305535 0.303602 0.301401 0.298970 0.296349 0.293580 0.290702 0.287754 0.284778 0.281812 0.278897 0.276072 0.273379 0.270856 0.263607 0.255311 0.250415 0.248529 0.249262 0.252223 0.257023 0.263272 0.270579 0.278553 0.286806 0.294945 0.302581 0.309324 0.314784 0.318570 0.329527 0.327697 0.326586 0.326032 0.325874 0.325950 0.326098 0.326158 0.325968 0.325367 0.324192 0.322283 0.319478 0.315615 0.310534 0.304072 0.293295 0.289665 0.286730 0.284388 0.282538 0.281079 0.279911 0.278931 0.278040 0.277136 0.276118 0.274886 0.273337 0.271371 0.268887 0.265785 0.255555 0.253957 0.252201 0.250327 0.248374 0.246382 0.244392 0.242443 0.240575 0.238827 0.237241 0.235855 0.234710 0.233845 0.233300 0.233116 0.229060 0.228326 0.227677 0.227096 0.226571 0.226086 0.225626 0.225178 0.224727 0.224257 0.223756 0.223208 0.222598 0.221912 0.221136 0.220255 0.221066 0.220808 0.220068 0.218945 0.217539 0.215950 0.214276 0.212616 0.211071 0.209740 0.208722 0.208115 0.208021 0.208537 0.209764 0.211800
0.212056 0.212400 0.212557 0.212563 0.212456 0.212274 0.212055 0.211835 0.211653 0.211545 0.211550 0.211705 0.212048 0.212616 0.213446 0.214577 0.219600 0.218547 0.218101 0.218178 0.218695 0.219569 0.220717 0.222055 0.223500 0.224970 0.226380 0.227648 0.228690 0.229423 0.229765 0.229630 0.235082 0.233925 0.233350 0.233284 0.233657 0.234395 0.235428 0.236685 0.238092 0.239579 0.241074 0.242506 0.243802 0.244892 0.245703 0.246164 0.261202 0.264017 0.266073 0.267506 0.268453 0.269049 0.269431 0.269736 0.270098 0.270656 0.271544 0.272899 0.274858 0.277556 0.281130 0.285715 0.299107 0.300504 0.302225 0.304215 0.306418 0.308778 0.311241 0.313749 0.316247 0.318681 0.320993 0.323128 0.325031 0.326647 0.327918 0.328790 0.328550 0.331077 0.331619 0.330381 0.327572 0.323401 0.318074 0.311800 0.304786 0.297241 0.289371 0.281386 0.273492 0.265898 0.258812 0.252441 0.268394 0.268965 0.271243 0.274803 0.279219 0.284062 0.288909 0.293331 0.296904 0.299200 0.299794 0.298258 0.294167 0.287095 0.276614 0.262300 0.276854 0.282091 0.287230 0.292225 0.297027 0.301588 0.305862 0.309800 0.313355 0.316480 0.319126 0.321247 0.322795 0.323722 0.323980 0.323522 0.334452 0.333279 0.332230 0.331288 0.330433 0.329647 0.328913 0.328211 0.327523 0.326830 0.326115 0.325359 0.324543 0.323649 0.322659 0.321554 0.311586 0.311012 0.309766 0.307937 0.305615 0.302890 0.299853 0.296592 0.293198 0.289761 0.286370 0.283116 0.280088 0.277376 0.275070 0.273260 0.266621 0.258173 0.253128 0.251101 0.251707 0.254565 0.259289 0.265496 0.272803 0.280825 0.289178 0.297480 0.305346 0.312392 0.318235 0.322490 0.331917 0.329372 0.327896 0.327268 0.327265 0.327666 0.328249 0.328791 0.329071 0.328867 0.327956 0.326117 0.323128 0.318767 0.312811 0.305040 0.294857 0.290906 0.287858 0.285571 0.283905 0.282721 0.281877 0.281233 0.280650 0.279986 0.279102 0.277856 0.276110 0.273722 0.270552 0.266459 0.257053 0.254959 0.252821 0.250666 0.248522 0.246414 0.244369 0.242416 0.240580 0.238888 0.237367 0.236045 0.234947 0.234101 0.233534 0.233272 0.229840 0.229196 0.228580 0.227984 0.227401 0.226822 0.226240 0.225647 0.225036 0.224397 0.223724 0.223009 0.222243 0.221420 0.220531 0.219569 0.220942 0.220873 0.220219 0.219097 0.217625 0.215918 0.214096 0.212274 0.210570 0.209102 0.207986 0.207341 0.207282 0.207927 0.209394 0.211800
0.212152 0.212508 0.212656 0.212638 0.212498 0.212277 0.212018 0.211764 0.211558 0.211441 0.211457 0.211648 0.212056 0.212725 0.213697 0.215014 0.219600 0.218361 0.217814 0.217865 0.218419 0.219382 0.220659 0.222156 0.223778 0.225431 0.227020 0.228451 0.229630 0.230461 0.230851 0.230705 0.235175 0.233949 0.233379 0.233378 0.233860 0.234738 0.235927 0.237339 0.238888 0.240488 0.242053 0.243496 0.244730 0.245670 0.246229 0.246320 0.262357 0.265134 0.267150 0.268545 0.269458 0.270030 0.270400 0.270710 0.271099 0.271708 0.272676 0.274144 0.276251 0.279139 0.282947 0.287814 0.300774 0.302446 0.304375 0.306513 0.308811 0.311221 0.313695 0.316184 0.318641 0.321016 0.323262 0.325330 0.327171 0.328738 0.329982 0.330855 0.332659 0.335133 0.335572 0.334191 0.331202 0.326822 0.321263 0.314740 0.307468 0.299660 0.291530 0.283294 0.275165 0.267357 0.260084 0.253562 0.269811 0.270470 0.272748 0.276245 0.280560 0.285293 0.290043 0.294411 0.297995 0.300395 0.301211 0.300042 0.296488 0.290148 0.280621 0.267508 0.282663 0.287890 0.293030 0.298026 0.302822 0.307360 0.311584 0.315437 0.318862 0.321802 0.324201 0.326001 0.327147 0.327580 0.327245 0.326085 0.337748 0.336728 0.335783 0.334902 0.334073 0.333286 0.332531 0.331795 0.331068 0.330340 0.329598 0.328834 0.328034 0.327190 0.326289 0.325321 0.314653 0.314607 0.313640 0.311881 0.309459 0.306501 0.303137 0.299495 0.295704 0.291892 0.288189 0.284722 0.281621 0.279014 0.277029 0.275796 0.268910 0.260443 0.255373 0.253322 0.253910 0.256758 0.261486 0.267715 0.275067 0.283162 0.291621 0.300064 0.308113 0.315388 0.321511 0.326101 0.334518 0.331807 0.330255 0.329624 0.329675 0.330169 0.330868 0.331533 0.331926 0.331808 0.330940 0.329085 0.326003 0.321456 0.315205 0.307012 0.296426 0.292403 0.289355 0.287124 0.285552 0.284482 0.283756 0.283216 0.282706 0.282067 0.281143 0.279776 0.277807 0.275081 0.271438 0.266722 0.258114 0.255679 0.253303 0.250999 0.248781 0.246663 0.244659 0.242783 0.241049 0.239471 0.238062 0.236837 0.235810 0.234994 0.234403 0.234052 0.230620 0.229960 0.229297 0.228630 0.227956 0.227273 0.226577 0.225868 0.225141 0.224395 0.223628 0.222837 0.222019 0.221172 0.220294 0.219382 0.220411 0.220533 0.220010 0.218967 0.217529 0.215825 0.213979 0.212117 0.210366 0.208852 0.207701 0.207038 0.206991 0.207685 0.209246 0.211800
0.211800 0.211987 0.212050 0.212018 0.211925 0.211800 0.211675 0.211582 0.211550 0.211613 0.211800 0.212143 0.212674 0.213422 0.214421 0.215700 0.219600 0.218397 0.217890 0.217986 0.218587 0.219600 0.220929 0.222478 0.224154 0.225859 0.227500 0.228981 0.230206 0.231082 0.231511 0.231400 0.235300 0.234119 0.233622 0.233714 0.234305 0.235300 0.236607 0.238134 0.239786 0.241473 0.243100 0.244575 0.245806 0.246698 0.247161 0.247100 0.262700 0.265358 0.267351 0.268805 0.269846 0.270600 0.271194 0.271755 0.272409 0.273282 0.274500 0.276190 0.278479 0.281493 0.285358 0.290200 0.302000 0.304135 0.306406 0.308778 0.311221 0.313700 0.316183 0.318638 0.321030 0.323329 0.325500 0.327511 0.329330 0.330922 0.332257 0.333300 0.337300 0.339040 0.338932 0.337164 0.333924 0.329400 0.323780 0.317252 0.310004 0.302224 0.294100 0.285820 0.277572 0.269544 0.261924 0.254900 0.270600 0.271666 0.274115 0.277601 0.281778 0.286300 0.290822 0.294999 0.298485 0.300934 0.302000 0.301338 0.298603 0.293449 0.285530 0.274500 0.290200 0.295145 0.300030 0.304794 0.309371 0.313700 0.317717 0.321358 0.324562 0.327263 0.329400 0.330909 0.331726 0.331790 0.331035 0.329400 0.341200 0.340438 0.339665 0.338883 0.338094 0.337300 0.336502 0.335701 0.334899 0.334098 0.333300 0.332506 0.331717 0.330935 0.330162 0.329400 0.317600 0.317925 0.317150 0.315434 0.312931 0.309800 0.306197 0.302278 0.298202 0.294123 0.290200 0.286589 0.283446 0.280930 0.279195 0.278400 0.270600 0.262211 0.257214 0.255230 0.255885 0.258800 0.263599 0.269906 0.277342 0.285533 0.294100 0.302667 0.310858 0.318294 0.324601 0.329400 0.337300 0.334860 0.333460 0.332880 0.332900 0.333300 0.333860 0.334360 0.334580 0.334300 0.333300 0.331360 0.328260 0.323780 0.317700 0.309800 0.298000 0.294095 0.291130 0.288946 0.287389 0.286300 0.285523 0.284902 0.284278 0.283497 0.282400 0.280831 0.278634 0.275650 0.271725 0.266700 0.258800 0.256166 0.253677 0.251335 0.249142 0.247100 0.245210 0.243473 0.241891 0.240466 0.239200 0.238094 0.237149 0.236367 0.235750 0.235300 0.231400 0.230638 0.229865 0.229083 0.228294 0.227500 0.226702 0.225901 0.225099 0.224298 0.223500 0.222706 0.221917 0.221135 0.220362 0.219600 0.219600 0.219903 0.219538 0.218630 0.217309 0.215700 0.213931 0.212130 0.210422 0.208937 0.207800 0.207139 0.207082 0.207754 0.209285 0.211800
0.211128 0.211028 0.210957 0.210923 0.210936 0.211003 0.211134 0.211336 0.211617 0.211988 0.212455 0.213028 0.213715 0.214524 0.215463 0.216542 0.219600 0.218611 0.218256 0.218449 0.219103 0.220130 0.221444 0.222957 0.224582 0.226232 0.227820 0.229259 0.230461 0.231340 0.231809 0.231779 0.235425 0.234389 0.234022 0.234233 0.234928 0.236018 0.237408 0.239009 0.240727 0.242472 0.244151 0.245673 0.246945 0.247876 0.248374 0.248348 0.262419 0.264906 0.266893 0.268480 0.269767 0.270854 0.271842 0.272830 0.273919 0.275207 0.276796 0.278785 0.281275 0.284365 0.288155 0.292746 0.302910 0.305629 0.308328 0.310995 0.313617 0.316183 0.318680 0.321096 0.323419 0.325638 0.327738 0.329710 0.331540 0.333217 0.334728 0.336061 0.342253 0.342779 0.341814 0.339496 0.335964 0.331354 0.325806 0.319457 0.312446 0.304909 0.296986 0.288813 0.280530 0.272274 0.264183 0.256394 0.270917 0.272631 0.275381 0.278896 0.282908 0.287147 0.291344 0.295228 0.298532 0.300984 0.302317 0.302259 0.300543 0.296898 0.291055 0.282744 0.298993 0.303433 0.307856 0.312196 0.316385 0.320356 0.324042 0.327377 0.330293 0.332722 0.334599 0.335856 0.336426 0.336242 0.335237 0.333343 0.344808 0.344381 0.343832 0.343178 0.342436 0.341626 0.340763 0.339868 0.338956 0.338047 0.337158 0.336306 0.335510 0.334788 0.334157 0.333635 0.320395 0.320948 0.320288 0.318592 0.316033 0.312787 0.309029 0.304934 0.300676 0.296430 0.292371 0.288675 0.285515 0.283068 0.281507 0.281008 0.271818 0.263570 0.258710 0.256861 0.257647 0.260690 0.265615 0.272043 0.279599 0.287904 0.296583 0.305259 0.313554 0.321091 0.327495 0.332387 0.340234 0.338388 0.337307 0.336816 0.336740 0.336903 0.337132 0.337250 0.337083 0.336455 0.335192 0.333118 0.330059 0.325839 0.320283 0.313216 0.299578 0.295921 0.293088 0.290938 0.289327 0.288114 0.287157 0.286312 0.285437 0.284390 0.283029 0.281210 0.278792 0.275633 0.271589 0.266518 0.259174 0.256465 0.253972 0.251685 0.249595 0.247693 0.245968 0.244411 0.243013 0.241764 0.240654 0.239674 0.238814 0.238065 0.237417 0.236860 0.232180 0.231250 0.230319 0.229392 0.228474 0.227567 0.226678 0.225809 0.224966 0.224152 0.223372 0.222630 0.221931 0.221278 0.220677 0.220130 0.218633 0.219096 0.218901 0.218167 0.217018 0.215575 0.213960 0.212295 0.210702 0.209303 0.208219 0.207573 0.207486 0.208080 0.209478 0.211800
0.210264 0.209819 0.209596 0.209572 0.209729 0.210046 0.210501 0.211074 0.211745 0.212493 0.213298 0.214138 0.214994 0.215844 0.216669 0.217447 0.219600 0.218958 0.218837 0.219165 0.219870 0.220879 0.222122 0.223525 0.225017 0.226526 0.227980 0.229307 0.230435 0.231292 0.231806 0.231906 0.235518 0.234714 0.234527 0.234874 0.235669 0.236829 0.238269 0.239904 0.241651 0.243425 0.245142 0.246716 0.248064 0.249102 0.249745 0.249908 0.261702 0.263993 0.265991 0.267763 0.269373 0.270887 0.272373 0.273895 0.275521 0.277315 0.279344 0.281674 0.284371 0.287501 0.291131 0.295325 0.303629 0.306986 0.310155 0.313146 0.315970 0.318638 0.321160 0.323547 0.325811 0.327960 0.330007 0.331962 0.333836 0.335638 0.337381 0.339074 0.347298 0.346330 0.344334 0.341382 0.337547 0.332903 0.327523 0.321478 0.314843 0.307691 0.300093 0.292123 0.283854 0.275360 0.266712 0.257983 0.270918 0.273440 0.276579 0.280154 0.283987 0.287898 0.291706 0.295231 0.298295 0.300718 0.302318 0.302918 0.302336 0.300394 0.296911 0.291708 0.308570 0.312333 0.316133 0.319903 0.323573 0.327076 0.330342 0.333304 0.335892 0.338038 0.339674 0.340730 0.341138 0.340830 0.339736 0.337790 0.348572 0.348535 0.348243 0.347732 0.347039 0.346201 0.345254 0.344234 0.343179 0.342125 0.341109 0.340166 0.339335 0.338650 0.338150 0.337870 0.323006 0.323657 0.323045 0.321353 0.318764 0.315462 0.311629 0.307451 0.303109 0.298787 0.294670 0.290939 0.287779 0.285373 0.283904 0.283556 0.272691 0.264610 0.259923 0.258250 0.259211 0.262427 0.267518 0.274104 0.281806 0.290244 0.299038 0.307808 0.316175 0.323760 0.330182 0.335062 0.343291 0.342248 0.341592 0.341211 0.340992 0.340822 0.340588 0.340179 0.339482 0.338384 0.336772 0.334534 0.331558 0.327731 0.322939 0.317072 0.301159 0.297819 0.295138 0.292997 0.291278 0.289863 0.288633 0.287469 0.286252 0.284864 0.283186 0.281100 0.278488 0.275229 0.271206 0.266301 0.259299 0.256625 0.254218 0.252059 0.250130 0.248410 0.246882 0.245525 0.244322 0.243252 0.242297 0.241437 0.240655 0.239930 0.239243 0.238576 0.232960 0.231816 0.230697 0.229607 0.228552 0.227538 0.226570 0.225654 0.224796 0.224002 0.223276 0.222625 0.222054 0.221569 0.221176 0.220879 0.217634 0.218227 0.218197 0.217655 0.216713 0.215482 0.214073 0.212599 0.211170 0.209897 0.208894 0.208270 0.208137 0.208607 0.209791 0.211800
0.209336 0.208551 0.208185 0.208186 0.208503 0.209086 0.209884 0.210845 0.211919 0.213055 0.214202 0.215310 0.216326 0.217200 0.217882 0.218321 0.219600 0.219396 0.219560 0.220042 0.220790 0.221753 0.222878 0.224115 0.225412 0.226718 0.227980 0.229148 0.230169 0.230993 0.231568 0.231842 0.235550 0.235048 0.235081 0.235577 0.236464 0.237671 0.239127 0.240760 0.242498 0.244271 0.246006 0.247633 0.249080 0.250275 0.251147 0.251624 0.260734 0.262837 0.264865 0.266847 0.268813 0.270793 0.272815 0.274910 0.277107 0.279435 0.281924 0.284603 0.287502 0.290650 0.294077 0.297811 0.304283 0.308264 0.311896 0.315213 0.318247 0.321030 0.323597 0.325978 0.328206 0.330315 0.332337 0.334304 0.336249 0.338204 0.340203 0.342278 0.352218 0.349675 0.346607 0.343015 0.338901 0.334265 0.329110 0.323437 0.317248 0.310544 0.303327 0.295599 0.287361 0.278615 0.269362 0.259605 0.270762 0.274171 0.277745 0.281400 0.285051 0.288614 0.292006 0.295140 0.297934 0.300303 0.302162 0.303427 0.304013 0.303837 0.302814 0.300860 0.318462 0.321422 0.324486 0.327583 0.330647 0.333608 0.336399 0.338952 0.341198 0.343070 0.344498 0.345416 0.345755 0.345446 0.344422 0.342614 0.352492 0.352873 0.352854 0.352492 0.351843 0.350963 0.349910 0.348740 0.347509 0.346274 0.345091 0.344018 0.343110 0.342425 0.342018 0.341946 0.325398 0.326035 0.325413 0.323715 0.321124 0.317822 0.313994 0.309820 0.305485 0.301172 0.297062 0.293340 0.290188 0.287789 0.286325 0.285980 0.273345 0.265424 0.260915 0.259434 0.260593 0.264009 0.269294 0.276065 0.283935 0.292518 0.301430 0.310285 0.318697 0.326281 0.332651 0.337422 0.346441 0.346298 0.346113 0.345846 0.345455 0.344898 0.344136 0.343125 0.341826 0.340197 0.338196 0.335783 0.332916 0.329554 0.325656 0.321180 0.302741 0.299728 0.297186 0.295024 0.293154 0.291485 0.289928 0.288394 0.286792 0.285034 0.283030 0.280689 0.277923 0.274642 0.270756 0.266175 0.259237 0.256692 0.254445 0.252468 0.250736 0.249222 0.247899 0.246743 0.245725 0.244821 0.244003 0.243246 0.242522 0.241806 0.241072 0.240292 0.233740 0.232358 0.231035 0.229776 0.228587 0.227474 0.226443 0.225499 0.224647 0.223893 0.223244 0.222704 0.222279 0.221976 0.221798 0.221753 0.216730 0.217410 0.217525 0.217172 0.216448 0.215450 0.214276 0.213023 0.211787 0.210667 0.209758 0.209159 0.208967 0.209278 0.210190 0.211800
0.208472 0.207414 0.206944 0.206984 0.207457 0.208285 0.209391 0.210697 0.212127 0.213602 0.215045 0.216378 0.217525 0.218408 0.218948 0.219070 0.219600 0.219878 0.220351 0.220990 0.221768 0.222658 0.223632 0.224662 0.225722 0.226784 0.227820 0.228803 0.229705 0.230499 0.231157 0.231653 0.235487 0.235346 0.235629 0.236282 0.237251 0.238482 0.239922 0.241515 0.243209 0.244949 0.246681 0.248351 0.249907 0.251293 0.252455 0.253340 0.259705 0.261654 0.263729 0.265926 0.268240 0.270666 0.273199 0.275835 0.278570 0.281398 0.284316 0.287318 0.290400 0.293557 0.296785 0.300078 0.304998 0.309520 0.313563 0.317179 0.320417 0.323329 0.325964 0.328374 0.330610 0.332721 0.334758 0.336772 0.338813 0.340932 0.343180 0.345607 0.356791 0.352795 0.348751 0.344592 0.340250 0.335658 0.330748 0.325455 0.319709 0.313445 0.306594 0.299091 0.290866 0.281854 0.271987 0.261198 0.270603 0.274899 0.278913 0.282655 0.286135 0.289361 0.292342 0.295088 0.297607 0.299909 0.302003 0.303898 0.305603 0.307127 0.308479 0.309668 0.328195 0.330281 0.332540 0.334907 0.337316 0.339700 0.341994 0.344132 0.346048 0.347675 0.348949 0.349802 0.350169 0.349984 0.349180 0.347693 0.356568 0.357371 0.357624 0.357404 0.356787 0.355850 0.354670 0.353322 0.351884 0.350432 0.349042 0.347792 0.346756 0.346013 0.345638 0.345709 0.327541 0.328064 0.327384 0.325676 0.323113 0.319869 0.316117 0.312033 0.307788 0.303558 0.299517 0.295837 0.292693 0.290259 0.288709 0.288216 0.273906 0.266102 0.261748 0.260448 0.261808 0.265434 0.270930 0.277902 0.285955 0.294696 0.303729 0.312660 0.321093 0.328636 0.334893 0.339469 0.349654 0.350394 0.350666 0.350500 0.349927 0.348977 0.347679 0.346065 0.344163 0.342005 0.339620 0.337039 0.334291 0.331407 0.328418 0.325352 0.304322 0.301587 0.299139 0.296918 0.294864 0.292918 0.291019 0.289110 0.287129 0.285017 0.282715 0.280163 0.277302 0.274072 0.270413 0.266266 0.259050 0.256713 0.254681 0.252921 0.251402 0.250095 0.248968 0.247991 0.247132 0.246361 0.245646 0.244958 0.244266 0.243538 0.242743 0.241852 0.234520 0.232894 0.231369 0.229949 0.228638 0.227441 0.226361 0.225404 0.224573 0.223873 0.223308 0.222882 0.222600 0.222466 0.222483 0.222658 0.216043 0.216758 0.216982 0.216796 0.216279 0.215513 0.214577 0.213553 0.212519 0.211558 0.210749 0.210172 0.209909 0.210039 0.210642 0.211800
0.207800 0.206597 0.206090 0.206186 0.206787 0.207800 0.209129 0.210678 0.212354 0.214059 0.215700 0.217181 0.218406 0.219282 0.219711 0.219600 0.219600 0.220362 0.221135 0.221917 0.222706 0.223500 0.224298 0.225099 0.225901 0.226702 0.227500 0.228294 0.229083 0.229865 0.230638 0.231400 0.235300 0.235563 0.236118 0.236930 0.237969 0.239200 0.240591 0.242110 0.243722 0.245397 0.247100 0.248799 0.250462 0.252054 0.253545 0.254900 0.258800 0.260661 0.262802 0.265194 0.267803 0.270600 0.273553 0.276630 0.279802 0.283035 0.286300 0.289565 0.292798 0.295970 0.299047 0.302000 0.305900 0.310814 0.315169 0.319027 0.322450 0.325500 0.328238 0.330725 0.333023 0.335194 0.337300 0.339402 0.341561 0.343839 0.346298 0.349000 0.360800 0.355671 0.350882 0.346306 0.341821 0.337300 0.332619 0.327654 0.322278 0.316369 0.309800 0.302447 0.294186 0.284890 0.274437 0.262700 0.270600 0.275701 0.280118 0.283946 0.287275 0.290200 0.292813 0.295206 0.297474 0.299707 0.302000 0.304445 0.307134 0.310162 0.313619 0.317600 0.337300 0.338486 0.339921 0.341543 0.343290 0.345100 0.346910 0.348657 0.350279 0.351714 0.352900 0.353774 0.354273 0.354335 0.353898 0.352900 0.360800 0.362003 0.362510 0.362414 0.361813 0.360800 0.359471 0.357922 0.356246 0.354541 0.352900 0.351419 0.350194 0.349318 0.348889 0.349000 0.329400 0.329725 0.328950 0.327234 0.324731 0.321600 0.317997 0.314078 0.310002 0.305923 0.302000 0.298389 0.295246 0.292730 0.290995 0.290200 0.274500 0.266737 0.262482 0.261330 0.262871 0.266700 0.272409 0.279590 0.287838 0.296743 0.305900 0.314901 0.323338 0.330806 0.336895 0.341200 0.352900 0.354393 0.355046 0.354954 0.354207 0.352900 0.351125 0.348974 0.346542 0.343919 0.341200 0.338477 0.335842 0.333390 0.331211 0.329400 0.305900 0.303335 0.300906 0.298578 0.296321 0.294100 0.291883 0.289638 0.287330 0.284929 0.282400 0.279711 0.276830 0.273722 0.270357 0.266700 0.258800 0.256736 0.254956 0.253428 0.252120 0.251000 0.250036 0.249196 0.248448 0.247760 0.247100 0.246436 0.245736 0.244968 0.244100 0.243100 0.235300 0.233446 0.231737 0.230175 0.228762 0.227500 0.226390 0.225433 0.224631 0.223986 0.223500 0.223174 0.223009 0.223007 0.223170 0.223500 0.215700 0.216386 0.216667 0.216605 0.216262 0.215700 0.214982 0.214171 0.213329 0.212518 0.211800 0.211238 0.210895 0.210833 0.211114 0.211800
0.207448 0.206289 0.205844 0.206011 0.206694 0.207791 0.209205 0.210837 0.212586 0.214355 0.216043 0.217553 0.218784 0.219638 0.220016 0.219818 0.219600 0.220804 0.221840 0.222733 0.223507 0.224186 0.224796 0.225360 0.225902 0.226447 0.227020 0.227644 0.228345 0.229146 0.230072 0.231147 0.234957 0.235653 0.236491 0.237461 0.238554 0.239762 0.241074 0.242483 0.243980 0.245555 0.247199 0.248904 0.250660 0.252459 0.254291 0.256148 0.258207 0.260074 0.262301 0.264843 0.267654 0.270690 0.273906 0.277255 0.280694 0.284176 0.287656 0.291089 0.294431 0.297635 0.300656 0.303450 0.307114 0.312202 0.316724 0.320740 0.324315 0.327511 0.330390 0.333016 0.335450 0.337755 0.339994 0.342230 0.344525 0.346943 0.349544 0.352393 0.364025 0.358284 0.353114 0.348353 0.343840 0.339410 0.334903 0.330156 0.325006 0.319292 0.312850 0.305518 0.297135 0.287537 0.276563 0.264050 0.270909 0.276654 0.281396 0.285294 0.288508 0.291195 0.293516 0.295628 0.297692 0.299866 0.302309 0.305180 0.308638 0.312842 0.317951 0.324124 0.345305 0.345615 0.346254 0.347162 0.348282 0.349556 0.350927 0.352338 0.353730 0.355045 0.356227 0.357218 0.357959 0.358393 0.358463 0.358111 0.365188 0.366745 0.367469 0.367470 0.366859 0.365750 0.364251 0.362476 0.360535 0.358540 0.356602 0.354832 0.353342 0.352243 0.351646 0.351663 0.330943 0.331000 0.330103 0.328385 0.325978 0.323015 0.319628 0.315948 0.312108 0.308241 0.304479 0.300954 0.297798 0.295143 0.293123 0.291868 0.275254 0.267419 0.263180 0.262114 0.263797 0.267806 0.273718 0.281107 0.289552 0.298628 0.307911 0.316979 0.325406 0.332771 0.338648 0.342615 0.356150 0.358153 0.359052 0.358986 0.358093 0.356511 0.354378 0.351832 0.349010 0.346051 0.343092 0.340272 0.337728 0.335599 0.334022 0.333136 0.307474 0.304911 0.302392 0.299905 0.297435 0.294970 0.292496 0.290000 0.287467 0.284886 0.282241 0.279520 0.276709 0.273794 0.270763 0.267602 0.258550 0.256807 0.255300 0.254000 0.252878 0.251905 0.251051 0.250286 0.249582 0.248909 0.248238 0.247539 0.246783 0.245941 0.244983 0.243880 0.236080 0.234032 0.232174 0.230504 0.229018 0.227715 0.226592 0.225647 0.224877 0.224279 0.223852 0.223593 0.223499 0.223568 0.223798 0.224186 0.215825 0.216409 0.216678 0.216677 0.216451 0.216043 0.215499 0.214863 0.214179 0.213493 0.212847 0.212288 0.211859 0.211605 0.211571 0.211800
0.207544 0.206682 0.206422 0.206681 0.207374 0.208418 0.209728 0.211220 0.212810 0.214415 0.215950 0.217330 0.218473 0.219293 0.219707 0.219631 0.219600 0.221158 0.222391 0.223347 0.224075 0.224623 0.225041 0.225377 0.225680 0.225998 0.226380 0.226875 0.227532 0.228398 0.229524 0.230958 0.234426 0.235571 0.236695 0.237814 0.238945 0.240105 0.241310 0.242576 0.243922 0.245362 0.246914 0.248594 0.250418 0.252405 0.254569 0.256928 0.258114 0.260110 0.262441 0.265066 0.267944 0.271031 0.274287 0.277670 0.281139 0.284650 0.288164 0.291638 0.295030 0.298299 0.301403 0.304301 0.308765 0.313744 0.318239 0.322301 0.325981 0.329330 0.332397 0.335234 0.337892 0.340421 0.342871 0.345294 0.347740 0.350260 0.352903 0.355722 0.366246 0.360614 0.355564 0.350928 0.346532 0.342207 0.337781 0.333084 0.327943 0.322188 0.315649 0.308153 0.299530 0.289609 0.278218 0.265187 0.271686 0.277834 0.282781 0.286725 0.289868 0.292410 0.294549 0.296486 0.298422 0.300555 0.303086 0.306215 0.310142 0.315067 0.321189 0.328708 0.351738 0.351249 0.351164 0.351431 0.351999 0.352816 0.353829 0.354987 0.356237 0.357527 0.358806 0.360020 0.361120 0.362051 0.362762 0.363202 0.369732 0.371572 0.372459 0.372516 0.371867 0.370637 0.368948 0.366925 0.364691 0.362369 0.360085 0.357961 0.356120 0.354688 0.353787 0.353542 0.332138 0.331871 0.330834 0.329129 0.326855 0.324114 0.321006 0.317632 0.314093 0.310489 0.306922 0.303491 0.300299 0.297445 0.295030 0.293156 0.276295 0.268240 0.263902 0.262837 0.264602 0.268751 0.274842 0.282429 0.291069 0.300317 0.309730 0.318863 0.327271 0.334512 0.340141 0.343714 0.359375 0.361530 0.362479 0.362378 0.361384 0.359654 0.357344 0.354613 0.351616 0.348510 0.345452 0.342599 0.340108 0.338135 0.336837 0.336372 0.309043 0.306253 0.303506 0.300796 0.298119 0.295467 0.292836 0.290218 0.287610 0.285004 0.282394 0.279776 0.277143 0.274489 0.271809 0.269097 0.258363 0.256973 0.255742 0.254647 0.253667 0.252778 0.251959 0.251188 0.250441 0.249697 0.248933 0.248127 0.247256 0.246299 0.245233 0.244036 0.236860 0.234675 0.232719 0.230984 0.229464 0.228150 0.227034 0.226108 0.225365 0.224797 0.224396 0.224154 0.224064 0.224117 0.224306 0.224623 0.216542 0.216939 0.217112 0.217091 0.216902 0.216574 0.216134 0.215612 0.215034 0.214429 0.213826 0.213251 0.212733 0.212299 0.211979 0.211800
0.208216 0.207963 0.208044 0.208414 0.209027 0.209838 0.210803 0.211877 0.213013 0.214167 0.215294 0.216349 0.217287 0.218062 0.218630 0.218945 0.219600 0.221381 0.222714 0.223668 0.224312 0.224717 0.224951 0.225085 0.225188 0.225330 0.225580 0.226008 0.226684 0.227677 0.229058 0.230894 0.233678 0.235272 0.236675 0.237930 0.239080 0.240167 0.241236 0.242328 0.243487 0.244757 0.246178 0.247796 0.249652 0.251791 0.254253 0.257084 0.258706 0.260985 0.263441 0.266059 0.268822 0.271717 0.274726 0.277835 0.281028 0.284290 0.287604 0.290956 0.294330 0.297710 0.301081 0.304427 0.310979 0.315496 0.319726 0.323692 0.327417 0.330922 0.334232 0.337368 0.340353 0.343210 0.345961 0.348629 0.351237 0.353807 0.356363 0.358926 0.367246 0.362642 0.358349 0.354224 0.350125 0.345909 0.341434 0.336559 0.331140 0.325035 0.318103 0.310201 0.301187 0.290918 0.279253 0.266049 0.273090 0.279319 0.284307 0.288263 0.291393 0.293906 0.296010 0.297913 0.299822 0.301945 0.304490 0.307665 0.311677 0.316735 0.323047 0.330820 0.356130 0.354963 0.354276 0.354022 0.354154 0.354628 0.355397 0.356416 0.357638 0.359018 0.360510 0.362069 0.363647 0.365200 0.366682 0.368046 0.374432 0.376458 0.377437 0.377499 0.376776 0.375399 0.373499 0.371206 0.368653 0.365970 0.363287 0.360737 0.358450 0.356557 0.355190 0.354478 0.332950 0.332319 0.331136 0.329462 0.327360 0.324894 0.322127 0.319120 0.315937 0.312641 0.309294 0.305960 0.302700 0.299579 0.296658 0.294000 0.277749 0.269291 0.264710 0.263536 0.265300 0.269533 0.275766 0.283531 0.292358 0.301778 0.311322 0.320522 0.328908 0.336012 0.341363 0.344494 0.362545 0.364383 0.365123 0.364908 0.363877 0.362170 0.359930 0.357296 0.354408 0.351408 0.348436 0.345633 0.343139 0.341095 0.339642 0.338920 0.310605 0.307300 0.304154 0.301153 0.298283 0.295529 0.292878 0.290315 0.287827 0.285399 0.283018 0.280668 0.278337 0.276010 0.273673 0.271311 0.258301 0.257282 0.256312 0.255380 0.254476 0.253590 0.252711 0.251828 0.250933 0.250013 0.249059 0.248061 0.247007 0.245888 0.244693 0.243412 0.237640 0.235392 0.233406 0.231666 0.230157 0.228866 0.227778 0.226879 0.226153 0.225586 0.225164 0.224872 0.224696 0.224621 0.224633 0.224717 0.217978 0.218092 0.218069 0.217924 0.217670 0.217322 0.216895 0.216402 0.215857 0.215275 0.214670 0.214057 0.213449 0.212861 0.212306 0.211800
0.209592 0.210324 0.210929 0.211430 0.211850 0.212213 0.212540 0.212855 0.213180 0.213538 0.213953 0.214446 0.215041 0.215761 0.216628 0.217666 0.219600 0.221430 0.222736 0.223606 0.224123 0.224374 0.224443 0.224417 0.224381 0.224420 0.224620 0.225066 0.225844 0.227038 0.228736 0.231021 0.232679 0.234709 0.236376 0.237748 0.238895 0.239886 0.240791 0.241679 0.242618 0.243678 0.244929 0.246439 0.248278 0.250515 0.253219 0.256460 0.260173 0.262917 0.265517 0.268013 0.270441 0.272842 0.275252 0.277710 0.280254 0.282924 0.285756 0.288790 0.292063 0.295614 0.299481 0.303702 0.313882 0.317518 0.321197 0.324897 0.328591 0.332257 0.335869 0.339403 0.342835 0.346140 0.349294 0.352272 0.355050 0.357603 0.359908 0.361939 0.366803 0.364350 0.361584 0.358437 0.354843 0.350734 0.346043 0.340703 0.334647 0.327808 0.320118 0.311512 0.301922 0.291280 0.279519 0.266574 0.275275 0.281184 0.286010 0.289930 0.293118 0.295749 0.297998 0.300040 0.302050 0.304204 0.306675 0.309640 0.313272 0.317748 0.323241 0.329928 0.358007 0.356338 0.355216 0.354602 0.354457 0.354740 0.355413 0.356437 0.357771 0.359378 0.361217 0.363249 0.365434 0.367735 0.370110 0.372521 0.379288 0.381379 0.382361 0.382366 0.381527 0.379974 0.377842 0.375260 0.372362 0.369281 0.366146 0.363092 0.360250 0.357752 0.355730 0.354317 0.333349 0.332328 0.330999 0.329382 0.327495 0.325357 0.322987 0.320404 0.317626 0.314674 0.311565 0.308318 0.304953 0.301489 0.297943 0.294336 0.279742 0.270665 0.265665 0.264245 0.265906 0.270150 0.276477 0.284390 0.293390 0.302978 0.312657 0.321927 0.330291 0.337249 0.342304 0.344957 0.365630 0.366567 0.366782 0.366357 0.365371 0.363905 0.362040 0.359856 0.357435 0.354856 0.352200 0.349548 0.346981 0.344579 0.342422 0.340592 0.312158 0.307991 0.304244 0.300873 0.297838 0.295094 0.292599 0.290312 0.288189 0.286188 0.284267 0.282383 0.280494 0.278557 0.276530 0.274370 0.258426 0.257780 0.257038 0.256207 0.255295 0.254307 0.253252 0.252135 0.250965 0.249748 0.248490 0.247200 0.245885 0.244550 0.243203 0.241852 0.238420 0.236206 0.234273 0.232597 0.231157 0.229929 0.228891 0.228021 0.227295 0.226692 0.226188 0.225761 0.225389 0.225049 0.224718 0.224374 0.220255 0.219981 0.219645 0.219254 0.218811 0.218321 0.217788 0.217216 0.216611 0.215976 0.215317 0.214637 0.213940 0.213233 0.212518 0.211800
0.211800 0.213953 0.215294 0.215950 0.216043 0.215700 0.215045 0.214202 0.213298 0.212455 0.211800 0.211457 0.211550 0.212206 0.213547 0.215700 0.219600 0.221258 0.222383 0.223069 0.223410 0.223500 0.223434 0.223307 0.223213 0.223246 0.223500 0.224070 0.225051 0.226537 0.228622 0.231400 0.231400 0.233838 0.235743 0.237209 0.238330 0.239200 0.239914 0.240567 0.241253 0.242066 0.243100 0.244450 0.246211 0.248477 0.251342 0.254900 0.262700 0.266121 0.268886 0.271122 0.272951 0.274500 0.275893 0.277254 0.278710 0.280383 0.282400 0.284885 0.287962 0.291758 0.296395 0.302000 0.317600 0.319866 0.322663 0.325897 0.329474 0.333300 0.337282 0.341327 0.345341 0.349230 0.352900 0.356258 0.359211 0.361665 0.363526 0.364700 0.364700 0.365719 0.365386 0.363762 0.360913 0.356900 0.351787 0.345638 0.338514 0.330481 0.321600 0.311935 0.301550 0.290506 0.278869 0.266700 0.278400 0.283506 0.287925 0.291751 0.295078 0.298000 0.300610 0.303001 0.305267 0.307502 0.309800 0.312254 0.314957 0.318003 0.321486 0.325500 0.356900 0.354951 0.353610 0.352842 0.352617 0.352900 0.353659 0.354862 0.356474 0.358465 0.360800 0.363447 0.366374 0.369546 0.372933 0.376500 0.384300 0.386310 0.387189 0.387063 0.386058 0.384300 0.381914 0.379025 0.375759 0.372242 0.368600 0.364958 0.361441 0.358175 0.355286 0.352900 0.333300 0.331878 0.330417 0.328887 0.327258 0.325500 0.323582 0.321473 0.319143 0.316562 0.313700 0.310526 0.307009 0.303119 0.298826 0.294100 0.282400 0.272451 0.266830 0.265002 0.266437 0.270600 0.276959 0.284982 0.294134 0.303885 0.313700 0.323047 0.331394 0.338206 0.342953 0.345100 0.368600 0.367940 0.367252 0.366504 0.365664 0.364700 0.363580 0.362272 0.360744 0.358964 0.356900 0.354520 0.351792 0.348684 0.345164 0.341200 0.313700 0.308265 0.303682 0.299858 0.296695 0.294100 0.291977 0.290230 0.288766 0.287487 0.286300 0.285109 0.283818 0.282334 0.280559 0.278400 0.258800 0.258514 0.257951 0.257141 0.256114 0.254900 0.253530 0.252035 0.250445 0.248790 0.247100 0.245406 0.243739 0.242129 0.240606 0.239200 0.239200 0.237136 0.235356 0.233828 0.232520 0.231400 0.230436 0.229596 0.228848 0.228160 0.227500 0.226836 0.226136 0.225368 0.224500 0.223500 0.223500 0.222720 0.221940 0.221160 0.220380 0.219600 0.218820 0.218040 0.217260 0.216480 0.215700 0.214920 0.214140 0.213360 0.212580 0.211800
0.207800 0.210578 0.212663 0.214149 0.215130 0.215700 0.215954 0.215987 0.215893 0.215766 0.215700 0.215790 0.216131 0.216817 0.217942 0.219600 0.227500 0.227687 0.227750 0.227718 0.227625 0.227500 0.227375 0.227282 0.227250 0.227313 0.227500 0.227843 0.228374 0.229122 0.230121 0.231400 0.239200 0.240150 0.240985 0.241735 0.242430 0.243100 0.243774 0.244481 0.245251 0.246114 0.247100 0.248238 0.249557 0.251087 0.252858 0.254900 0.266700 0.271230 0.274939 0.277953 0.280398 0.282400 0.284086 0.285583 0.287017 0.288514 0.290200 0.292202 0.294647 0.297661 0.301370 0.305900 0.317600 0.320211 0.324126 0.329094 0.334869 0.341200 0.347839 0.354538 0.361046 0.367117 0.372500 0.376947 0.380210 0.382038 0.382185 0.380400 0.388200 0.382411 0.376934 0.371610 0.366285 0.360800 0.354999 0.348726 0.341822 0.334133 0.325500 0.315767 0.304778 0.292374 0.278401 0.262700 0.286300 0.291094 0.295357 0.299183 0.302666 0.305900 0.308978 0.311993 0.315039 0.318210 0.321600 0.325302 0.329409 0.334015 0.339214 0.345100 0.364700 0.359481 0.357374 0.357878 0.360487 0.364700 0.370013 0.375922 0.381926 0.387519 0.392200 0.395465 0.396810 0.395734 0.391731 0.384300 0.392200 0.391589 0.391438 0.391594 0.391899 0.392200 0.392341 0.392166 0.391522 0.390251 0.388200 0.385213 0.381134 0.375810 0.369083 0.360800 0.352900 0.346716 0.341884 0.338184 0.335396 0.333300 0.331676 0.330304 0.328964 0.327436 0.325500 0.322936 0.319524 0.315044 0.309276 0.302000 0.290200 0.274332 0.264864 0.260980 0.261864 0.266700 0.274672 0.284964 0.296760 0.309244 0.321600 0.333012 0.342664 0.349740 0.353424 0.352900 0.380400 0.377866 0.375967 0.374545 0.373442 0.372500 0.371562 0.370471 0.369069 0.367198 0.364700 0.361418 0.357195 0.351873 0.345294 0.337300 0.317600 0.312746 0.308945 0.306011 0.303758 0.302000 0.300550 0.299221 0.297827 0.296182 0.294100 0.291394 0.287877 0.283363 0.277666 0.270600 0.262700 0.260262 0.258357 0.256891 0.255770 0.254900 0.254186 0.253533 0.252847 0.252034 0.251000 0.249650 0.247889 0.245623 0.242758 0.239200 0.235300 0.236673 0.237234 0.237110 0.236423 0.235300 0.233865 0.232242 0.230558 0.228935 0.227500 0.226377 0.225690 0.225566 0.226127 0.227500 0.223500 0.224686 0.225185 0.225091 0.224498 0.223500 0.222190 0.220661 0.219007 0.217322 0.215700 0.214234 0.213017 0.212143 0.211706 0.211800
0.209299 0.210511 0.211567 0.212479 0.213260 0.213922 0.214477 0.214939 0.215320 0.215631 0.215887 0.216099 0.216280 0.216442 0.216598 0.216761 0.225288 0.224867 0.224730 0.224842 0.225167 0.225671 0.226319 0.227077 0.227908 0.228778 0.229653 0.230497 0.231275 0.231953 0.232495 0.232866 0.242039 0.242681 0.243109 0.243384 0.243570 0.243726 0.243914 0.244197 0.244636 0.245292 0.246226 0.247502 0.249179 0.251320 0.253987 0.257240 0.267106 0.271756 0.275641 0.278877 0.281580 0.283866 0.285852 0.287653 0.289384 0.291164 0.293106 0.295328 0.297946 0.301075 0.304832 0.309332 0.317802 0.324027 0.329982 0.335670 0.341093 0.346256 0.351161 0.355812 0.360212 0.364363 0.368270 0.371936 0.375362 0.378554 0.381513 0.384244 0.385750 0.380667 0.375933 0.371370 0.366797 0.362035 0.356906 0.351229 0.344826 0.337518 0.329124 0.319466 0.308364 0.295640 0.281113 0.264605 0.291292 0.291708 0.293155 0.295493 0.298586 0.302293 0.306477 0.311000 0.315724 0.320510 0.325219 0.329714 0.333857 0.337509 0.340531 0.342786 0.361516 0.358206 0.357445 0.358801 0.361842 0.366137 0.371255 0.376764 0.382233 0.387231 0.391326 0.394087 0.395083 0.393882 0.390053 0.383164 0.400893 0.399199 0.397896 0.396876 0.396032 0.395258 0.394445 0.393487 0.392276 0.390706 0.388668 0.386056 0.382763 0.378681 0.373704 0.367723 0.352839 0.346844 0.342166 0.338587 0.335893 0.333866 0.332292 0.330952 0.329632 0.328116 0.326186 0.323628 0.320224 0.315759 0.310016 0.302780 0.290200 0.275804 0.267363 0.264113 0.265291 0.270132 0.277874 0.287752 0.299004 0.310865 0.322572 0.333362 0.342470 0.349134 0.352589 0.352073 0.379322 0.380669 0.381321 0.381312 0.380674 0.379443 0.377652 0.375334 0.372524 0.369255 0.365561 0.361476 0.357033 0.352267 0.347212 0.341900 0.317428 0.312634 0.308766 0.305674 0.303209 0.301220 0.299559 0.298075 0.296620 0.295043 0.293195 0.290927 0.288089 0.284531 0.280104 0.274658 0.260623 0.258797 0.257440 0.256464 0.255782 0.255306 0.254949 0.254624 0.254243 0.253719 0.252966 0.251894 0.250418 0.248450 0.245902 0.242687 0.234426 0.235446 0.235876 0.235796 0.235286 0.234426 0.233297 0.231979 0.230551 0.229094 0.227687 0.226412 0.225348 0.224575 0.224173 0.224222 0.224374 0.225586 0.226073 0.225935 0.225273 0.224186 0.222775 0.221140 0.219380 0.217595 0.215887 0.214355 0.213099 0.212219 0.211815 0.211987
0.210386 0.210536 0.210883 0.211387 0.212008 0.212705 0.213439 0.214171 0.214859 0.215466 0.215950 0.216271 0.216391 0.216268 0.215864 0.215138 0.223392 0.222714 0.222551 0.222830 0.223478 0.224422 0.225587 0.226900 0.228288 0.229677 0.230994 0.232166 0.233119 0.233779 0.234073 0.233927 0.243662 0.244290 0.244599 0.244674 0.244602 0.244469 0.244359 0.244360 0.244557 0.245036 0.245883 0.247184 0.249025 0.251491 0.254669 0.258644 0.267761 0.272486 0.276449 0.279765 0.282553 0.284927 0.287006 0.288906 0.290744 0.292636 0.294699 0.297051 0.299807 0.303085 0.307001 0.311672 0.318819 0.327612 0.335015 0.341212 0.346384 0.350712 0.354379 0.357568 0.360459 0.363236 0.366079 0.369172 0.372695 0.376832 0.381763 0.387672 0.385207 0.380552 0.376232 0.372063 0.367858 0.363434 0.358604 0.353183 0.346987 0.339831 0.331528 0.321894 0.310744 0.297893 0.283156 0.266346 0.294256 0.291877 0.291530 0.292930 0.295791 0.299826 0.304751 0.310278 0.316123 0.322000 0.327622 0.332703 0.336959 0.340103 0.341849 0.341911 0.358776 0.357451 0.358087 0.360326 0.363812 0.368190 0.373103 0.378196 0.383110 0.387492 0.390983 0.393229 0.393872 0.392558 0.388928 0.382628 0.406822 0.404621 0.402638 0.400820 0.399116 0.397473 0.395839 0.394163 0.392392 0.390473 0.388356 0.385987 0.383315 0.380288 0.376853 0.372958 0.353302 0.347225 0.342477 0.338844 0.336109 0.334055 0.332468 0.331132 0.329830 0.328347 0.326467 0.323975 0.320653 0.316288 0.310662 0.303560 0.290200 0.276849 0.269120 0.266293 0.267650 0.272472 0.280041 0.289639 0.300546 0.312045 0.323416 0.333942 0.342903 0.349581 0.353258 0.353214 0.379845 0.384036 0.386533 0.387513 0.387154 0.385634 0.383130 0.379820 0.375883 0.371495 0.366834 0.362079 0.357408 0.352996 0.349024 0.345668 0.318320 0.313656 0.309737 0.306456 0.303704 0.301376 0.299363 0.297559 0.295855 0.294145 0.292322 0.290277 0.287904 0.285095 0.281743 0.277741 0.259774 0.258384 0.257385 0.256699 0.256250 0.255961 0.255756 0.255558 0.255292 0.254879 0.254245 0.253312 0.252003 0.250243 0.247955 0.245062 0.234083 0.234918 0.235281 0.235226 0.234809 0.234083 0.233104 0.231927 0.230605 0.229195 0.227750 0.226324 0.224974 0.223753 0.222717 0.221919 0.224717 0.225947 0.226434 0.226281 0.225591 0.224467 0.223013 0.221331 0.219524 0.217696 0.215950 0.214388 0.213114 0.212231 0.211842 0.212050
0.211122 0.210648 0.210565 0.210805 0.211301 0.211987 0.212796 0.213660 0.214514 0.215289 0.215918 0.216336 0.216475 0.216267 0.215646 0.214546 0.221812 0.221169 0.221124 0.221587 0.222471 0.223686 0.225146 0.226760 0.228441 0.230101 0.231650 0.233000 0.234063 0.234751 0.234974 0.234645 0.244254 0.245116 0.245547 0.245652 0.245535 0.245299 0.245049 0.244887 0.244919 0.245248 0.245977 0.247211 0.249053 0.251607 0.254978 0.259268 0.268603 0.273363 0.277321 0.280603 0.283336 0.285645 0.287655 0.289493 0.291284 0.293154 0.295229 0.297634 0.300496 0.303939 0.308091 0.313076 0.320525 0.330970 0.339302 0.345820 0.350820 0.354600 0.357458 0.359690 0.361595 0.363470 0.365613 0.368320 0.371890 0.376619 0.382806 0.390748 0.386289 0.381834 0.377654 0.373572 0.369411 0.364994 0.360146 0.354689 0.348447 0.341243 0.332900 0.323242 0.312092 0.299274 0.284611 0.267926 0.295504 0.291690 0.290431 0.291366 0.294134 0.298374 0.303723 0.309821 0.316307 0.322818 0.328994 0.334473 0.338894 0.341895 0.343115 0.342193 0.356448 0.357135 0.359184 0.362315 0.366248 0.370706 0.375408 0.380075 0.384428 0.388189 0.391077 0.392813 0.393119 0.391715 0.388322 0.382660 0.410366 0.408130 0.405863 0.403570 0.401260 0.398939 0.396615 0.394293 0.391982 0.389689 0.387420 0.385183 0.382984 0.380831 0.378731 0.376690 0.354194 0.347829 0.342840 0.339011 0.336123 0.333961 0.332305 0.330940 0.329646 0.328207 0.326405 0.324023 0.320842 0.316647 0.311219 0.304340 0.290200 0.277521 0.270230 0.267646 0.269088 0.273876 0.281328 0.290764 0.301503 0.312863 0.324164 0.334725 0.343865 0.350903 0.355158 0.355950 0.381687 0.387812 0.391537 0.393140 0.392902 0.391102 0.388020 0.383935 0.379126 0.373874 0.368458 0.363156 0.358250 0.354018 0.350740 0.348696 0.320088 0.315605 0.311647 0.308154 0.305063 0.302312 0.299840 0.297586 0.295487 0.293483 0.291510 0.289509 0.287416 0.285171 0.282711 0.279975 0.259962 0.258850 0.258041 0.257472 0.257080 0.256803 0.256577 0.256340 0.256029 0.255580 0.254931 0.254019 0.252781 0.251154 0.249076 0.246482 0.234177 0.234965 0.235314 0.235269 0.234875 0.234177 0.233221 0.232051 0.230714 0.229255 0.227718 0.226150 0.224595 0.223099 0.221707 0.220465 0.224623 0.225858 0.226351 0.226204 0.225521 0.224405 0.222958 0.221283 0.219482 0.217660 0.215918 0.214360 0.213088 0.212205 0.211814 0.212018
0.211573 0.210842 0.210564 0.210663 0.211069 0.211706 0.212504 0.213387 0.214284 0.215121 0.215825 0.216323 0.216542 0.216409 0.215851 0.214795 0.220548 0.220176 0.220359 0.221013 0.222055 0.223401 0.224966 0.226667 0.228419 0.230139 0.231743 0.233147 0.234267 0.235018 0.235318 0.235082 0.244005 0.245297 0.246045 0.246365 0.246373 0.246186 0.245922 0.245695 0.245624 0.245825 0.246414 0.247508 0.249224 0.251678 0.254987 0.259268 0.269570 0.274326 0.278215 0.281377 0.283952 0.286082 0.287905 0.289563 0.291195 0.292943 0.294946 0.297344 0.300278 0.303889 0.308316 0.313700 0.322794 0.334106 0.342919 0.349591 0.354482 0.357952 0.360360 0.362065 0.363426 0.364804 0.366558 0.369046 0.372628 0.377665 0.384514 0.393536 0.388714 0.384281 0.380022 0.375778 0.371395 0.366717 0.361587 0.355849 0.349347 0.341925 0.333428 0.323699 0.312582 0.299921 0.285560 0.269343 0.295348 0.291236 0.289803 0.290672 0.293466 0.297807 0.303319 0.309624 0.316344 0.323104 0.329525 0.335230 0.339842 0.342985 0.344279 0.343350 0.354500 0.357178 0.360621 0.364628 0.368998 0.373527 0.378015 0.382260 0.386059 0.389211 0.391514 0.392766 0.392765 0.391310 0.388198 0.383228 0.411899 0.410000 0.407768 0.405271 0.402576 0.399750 0.396861 0.393976 0.391162 0.388486 0.386016 0.383819 0.381963 0.380514 0.379540 0.379109 0.355425 0.348627 0.343273 0.339143 0.336018 0.333678 0.331903 0.330473 0.329170 0.327772 0.326062 0.323818 0.320822 0.316853 0.311692 0.305120 0.290200 0.277872 0.270788 0.268299 0.269753 0.274500 0.281889 0.291269 0.301989 0.313399 0.324848 0.335685 0.345260 0.352922 0.358020 0.359903 0.384566 0.391842 0.396267 0.398185 0.397942 0.395881 0.392347 0.387684 0.382237 0.376350 0.370367 0.364634 0.359493 0.355291 0.352370 0.351076 0.322544 0.318275 0.314288 0.310568 0.307101 0.303872 0.300867 0.298071 0.295470 0.293049 0.290793 0.288688 0.286719 0.284873 0.283133 0.281486 0.261001 0.260024 0.259259 0.258661 0.258180 0.257770 0.257384 0.256973 0.256490 0.255888 0.255118 0.254135 0.252890 0.251335 0.249424 0.247109 0.234614 0.235465 0.235842 0.235793 0.235368 0.234614 0.233580 0.232316 0.230869 0.229290 0.227625 0.225924 0.224236 0.222609 0.221092 0.219734 0.224186 0.225408 0.225907 0.225782 0.225134 0.224062 0.222665 0.221043 0.219296 0.217524 0.215825 0.214299 0.213047 0.212168 0.211760 0.211925
0.211800 0.211114 0.210833 0.210895 0.211238 0.211800 0.212518 0.213329 0.214171 0.214982 0.215700 0.216262 0.216605 0.216667 0.216386 0.215700 0.219600 0.219676 0.220168 0.221012 0.222144 0.223500 0.225016 0.226628 0.228272 0.229884 0.231400 0.232756 0.233888 0.234732 0.235224 0.235300 0.243100 0.244974 0.246185 0.246859 0.247122 0.247100 0.246918 0.246701 0.246575 0.246666 0.247100 0.248002 0.249497 0.251711 0.254770 0.258800 0.270600 0.275318 0.279089 0.282071 0.284422 0.286300 0.287862 0.289265 0.290667 0.292226 0.294100 0.296446 0.299421 0.303183 0.307890 0.313700 0.325500 0.337026 0.345941 0.352623 0.357450 0.360800 0.363050 0.364577 0.365759 0.366974 0.368600 0.371014 0.374593 0.379715 0.386758 0.396100 0.392200 0.387662 0.383159 0.378565 0.373754 0.368600 0.362978 0.356763 0.349829 0.342050 0.333300 0.323454 0.312387 0.299973 0.286086 0.270600 0.294100 0.290606 0.289595 0.290721 0.293638 0.298000 0.303462 0.309679 0.316305 0.322994 0.329400 0.335178 0.339983 0.343469 0.345290 0.345100 0.352900 0.357498 0.362283 0.367129 0.371910 0.376500 0.380774 0.384607 0.387873 0.390446 0.392200 0.393010 0.392751 0.391297 0.388522 0.384300 0.411800 0.410506 0.408553 0.406067 0.403174 0.400000 0.396670 0.393309 0.390043 0.386998 0.384300 0.382074 0.380445 0.379539 0.379482 0.380400 0.356900 0.349591 0.343798 0.339298 0.335873 0.333300 0.331359 0.329830 0.328490 0.327121 0.325500 0.323407 0.320622 0.316922 0.312089 0.305900 0.290200 0.277956 0.270892 0.268380 0.269792 0.274500 0.281876 0.291292 0.302120 0.313732 0.325500 0.336796 0.346992 0.355460 0.361572 0.364700 0.388200 0.395970 0.400657 0.402639 0.402294 0.400000 0.396134 0.391073 0.385195 0.378878 0.372500 0.366438 0.361069 0.356771 0.353922 0.352900 0.325500 0.321460 0.317448 0.313496 0.309636 0.305900 0.302320 0.298928 0.295756 0.292836 0.290200 0.287880 0.285908 0.284316 0.283136 0.282400 0.262700 0.261733 0.260890 0.260142 0.259455 0.258800 0.258145 0.257458 0.256710 0.255867 0.254900 0.253777 0.252466 0.250938 0.249159 0.247100 0.235300 0.236294 0.236729 0.236667 0.236170 0.235300 0.234118 0.232685 0.231063 0.229314 0.227500 0.225682 0.223921 0.222279 0.220818 0.219600 0.223500 0.224686 0.225185 0.225091 0.224498 0.223500 0.222190 0.220661 0.219007 0.217322 0.215700 0.214234 0.213017 0.212143 0.211706 0.211800
0.211867 0.211457 0.211325 0.211432 0.211739 0.212206 0.212794 0.213464 0.214177 0.214894 0.215575 0.216181 0.216673 0.217012 0.217158 0.217073 0.218968 0.219612 0.220462 0.221485 0.222648 0.223919 0.225265 0.226653 0.228051 0.229426 0.230745 0.231976 0.233085 0.234042 0.234811 0.235362 0.241727 0.244283 0.246058 0.247182 0.247789 0.248010 0.247976 0.247821 0.247676 0.247672 0.247942 0.248619 0.249832 0.251716 0.254401 0.258020 0.271630 0.276278 0.279900 0.282672 0.284768 0.286362 0.287631 0.288748 0.289890 0.291229 0.292942 0.295204 0.298189 0.302072 0.307028 0.313232 0.328518 0.339734 0.348445 0.355015 0.359805 0.363176 0.365491 0.367112 0.368400 0.369718 0.371426 0.373888 0.377465 0.382519 0.389411 0.398504 0.396466 0.391745 0.386890 0.381813 0.376427 0.370643 0.364375 0.357535 0.350035 0.341787 0.332704 0.322698 0.311683 0.299569 0.286269 0.271697 0.292072 0.289891 0.289755 0.291384 0.294501 0.298825 0.304078 0.309982 0.316258 0.322626 0.328807 0.334524 0.339497 0.343446 0.346095 0.347162 0.351616 0.358017 0.364055 0.369678 0.374833 0.379469 0.383534 0.386975 0.389742 0.391782 0.393042 0.393472 0.393019 0.391632 0.389257 0.385844 0.410445 0.409921 0.408414 0.406102 0.403165 0.399782 0.396130 0.392390 0.388741 0.385360 0.382428 0.380123 0.378623 0.378109 0.378759 0.380751 0.358527 0.350693 0.344434 0.339533 0.335769 0.332922 0.330775 0.329107 0.327698 0.326330 0.324782 0.322837 0.320273 0.316872 0.312414 0.306680 0.290200 0.277827 0.270636 0.268015 0.269352 0.274032 0.281444 0.290975 0.302012 0.313942 0.326152 0.338030 0.348963 0.358339 0.365543 0.369965 0.392306 0.400040 0.404641 0.406494 0.405982 0.403491 0.399405 0.394107 0.387983 0.381417 0.374793 0.368495 0.362909 0.358418 0.355407 0.354260 0.328768 0.324955 0.320919 0.316737 0.312486 0.308240 0.304076 0.300071 0.296300 0.292838 0.289763 0.287150 0.285076 0.283615 0.282845 0.282842 0.264871 0.263806 0.262785 0.261791 0.260811 0.259830 0.258831 0.257801 0.256724 0.255585 0.254370 0.253062 0.251648 0.250112 0.248440 0.246615 0.236142 0.237328 0.237841 0.237760 0.237167 0.236142 0.234767 0.233122 0.231288 0.229345 0.227375 0.225458 0.223675 0.222107 0.220835 0.219938 0.222658 0.223780 0.224268 0.224208 0.223684 0.222782 0.221587 0.220184 0.218657 0.217093 0.215575 0.214190 0.213023 0.212157 0.211680 0.211675
0.211838 0.211868 0.211993 0.212205 0.212497 0.212861 0.213288 0.213772 0.214304 0.214876 0.215482 0.216112 0.216759 0.217416 0.218074 0.218726 0.218652 0.219927 0.221153 0.222335 0.223480 0.224594 0.225682 0.226751 0.227807 0.228855 0.229902 0.230954 0.232017 0.233097 0.234200 0.235331 0.240074 0.243366 0.245756 0.247381 0.248378 0.248885 0.249037 0.248973 0.248828 0.248741 0.248847 0.249285 0.250190 0.251700 0.253953 0.257084 0.272597 0.277148 0.280607 0.283165 0.285009 0.286331 0.287319 0.288163 0.289052 0.290176 0.291723 0.293884 0.296848 0.300805 0.305943 0.312452 0.331723 0.342235 0.350508 0.356864 0.361625 0.365112 0.367648 0.369556 0.371156 0.372771 0.374723 0.377335 0.380927 0.385823 0.392344 0.400812 0.401231 0.396299 0.391038 0.385405 0.379356 0.372846 0.365830 0.358265 0.350106 0.341308 0.331828 0.321621 0.310642 0.298848 0.286193 0.272634 0.289576 0.289180 0.290229 0.292534 0.295906 0.300154 0.305091 0.310527 0.316272 0.322137 0.327934 0.333472 0.338562 0.343016 0.346643 0.349255 0.350616 0.358654 0.365821 0.372136 0.377616 0.382278 0.386141 0.389222 0.391538 0.393107 0.393947 0.394076 0.393511 0.392269 0.390369 0.387828 0.408210 0.408521 0.407550 0.405521 0.402659 0.399189 0.395334 0.391319 0.387368 0.383706 0.380556 0.378143 0.376692 0.376427 0.377571 0.380350 0.360214 0.351902 0.345203 0.339902 0.335786 0.332639 0.330249 0.328401 0.326882 0.325476 0.323971 0.322152 0.319806 0.316718 0.312674 0.307460 0.290200 0.277538 0.270117 0.267332 0.268579 0.273252 0.280746 0.290457 0.301779 0.314107 0.326836 0.339361 0.351077 0.361380 0.369663 0.375322 0.396601 0.403897 0.408154 0.409741 0.409028 0.406386 0.402184 0.396793 0.390582 0.383922 0.377182 0.370734 0.364946 0.360189 0.356833 0.355248 0.332160 0.328552 0.324491 0.320090 0.315467 0.310736 0.306013 0.301414 0.297054 0.293049 0.289514 0.286564 0.284317 0.282886 0.282387 0.282937 0.267326 0.266072 0.264793 0.263487 0.262155 0.260797 0.259413 0.258003 0.256568 0.255107 0.253621 0.252109 0.250573 0.249011 0.247425 0.245814 0.237047 0.238446 0.239043 0.238940 0.238240 0.237047 0.235463 0.233592 0.231536 0.229398 0.227282 0.225289 0.223525 0.222090 0.221088 0.220623 0.221753 0.222779 0.223240 0.223210 0.222762 0.221971 0.220912 0.219660 0.218287 0.216870 0.215482 0.214197 0.213090 0.212236 0.211708 0.211582
0.211774 0.212341 0.212789 0.213147 0.213443 0.213703 0.213957 0.214230 0.214552 0.214949 0.215450 0.216082 0.216873 0.217850 0.219041 0.220474 0.218652 0.220563 0.222151 0.223464 0.224550 0.225458 0.226236 0.226930 0.227590 0.228263 0.228998 0.229841 0.230842 0.232049 0.233508 0.235269 0.238326 0.242359 0.245371 0.247503 0.248897 0.249695 0.250040 0.250073 0.249936 0.249771 0.249721 0.249926 0.250530 0.251673 0.253499 0.256148 0.273439 0.277868 0.281167 0.283535 0.285169 0.286269 0.287032 0.287658 0.288344 0.289290 0.290693 0.292752 0.295665 0.299631 0.304849 0.311516 0.334989 0.344536 0.352206 0.358269 0.362991 0.366640 0.369485 0.371793 0.373833 0.375871 0.378177 0.381017 0.384661 0.389375 0.395428 0.403088 0.406213 0.401090 0.395426 0.389223 0.382483 0.375206 0.367397 0.359055 0.350184 0.340785 0.330860 0.320411 0.309440 0.297949 0.285939 0.273414 0.286924 0.288563 0.290966 0.294043 0.297704 0.301862 0.306426 0.311307 0.316417 0.321667 0.326966 0.332227 0.337359 0.342275 0.346883 0.351097 0.349868 0.359328 0.367467 0.374366 0.380108 0.384774 0.388445 0.391204 0.393131 0.394310 0.394821 0.394746 0.394166 0.393165 0.391822 0.390220 0.405474 0.406579 0.406158 0.404467 0.401767 0.398315 0.394371 0.390192 0.386039 0.382168 0.378840 0.376312 0.374844 0.374694 0.376120 0.379382 0.361866 0.353192 0.346125 0.340464 0.336005 0.332545 0.329881 0.327811 0.326131 0.324638 0.323129 0.321401 0.319251 0.316476 0.312874 0.308240 0.290200 0.277142 0.269429 0.266457 0.267621 0.272316 0.279937 0.289879 0.301537 0.314307 0.327584 0.340763 0.353238 0.364405 0.373660 0.380398 0.400803 0.407386 0.411129 0.412371 0.411453 0.408714 0.404495 0.399134 0.392973 0.386350 0.379606 0.373080 0.367112 0.362042 0.358210 0.355956 0.335488 0.332048 0.327953 0.323354 0.318397 0.313232 0.308007 0.302871 0.297973 0.293460 0.289482 0.286188 0.283724 0.282242 0.281888 0.282811 0.269874 0.268359 0.266765 0.265105 0.263392 0.261639 0.259860 0.258068 0.256277 0.254499 0.252747 0.251036 0.249377 0.247786 0.246274 0.244854 0.237921 0.239524 0.240201 0.240076 0.239274 0.237921 0.236141 0.234058 0.231799 0.229488 0.227250 0.225210 0.223493 0.222224 0.221528 0.221529 0.220879 0.221773 0.222184 0.222172 0.221800 0.221129 0.220221 0.219137 0.217940 0.216690 0.215450 0.214282 0.213245 0.212404 0.211818 0.211550
0.211741 0.212871 0.213666 0.214189 0.214503 0.214670 0.214754 0.214818 0.214923 0.215134 0.215513 0.216122 0.217026 0.218286 0.219965 0.222127 0.218968 0.221461 0.223367 0.224774 0.225771 0.226449 0.226895 0.227200 0.227452 0.227741 0.228155 0.228785 0.229719 0.231046 0.232856 0.235238 0.236673 0.241403 0.244994 0.247594 0.249350 0.250410 0.250924 0.251039 0.250902 0.250663 0.250470 0.250470 0.250811 0.251643 0.253112 0.255368 0.274094 0.278380 0.281538 0.283768 0.285268 0.286238 0.286876 0.287383 0.287956 0.288796 0.290102 0.292072 0.294905 0.298802 0.303960 0.310580 0.338190 0.346640 0.353615 0.359327 0.363982 0.367792 0.370965 0.373710 0.376237 0.378755 0.381474 0.384602 0.388349 0.392924 0.398536 0.405396 0.411130 0.405889 0.399879 0.393149 0.385748 0.377725 0.369128 0.360007 0.350411 0.340388 0.329988 0.319259 0.308250 0.297011 0.285589 0.274035 0.284428 0.288131 0.291913 0.295782 0.299747 0.303819 0.308006 0.312318 0.316763 0.321352 0.326093 0.330995 0.336068 0.341322 0.346764 0.352406 0.349340 0.359959 0.368876 0.376229 0.382157 0.386799 0.390294 0.392779 0.394395 0.395278 0.395570 0.395407 0.394928 0.394273 0.393580 0.392988 0.402611 0.404371 0.404436 0.403086 0.400599 0.397254 0.393331 0.389109 0.384866 0.380882 0.377436 0.374806 0.373273 0.373114 0.374609 0.378037 0.363393 0.354532 0.347220 0.341273 0.336506 0.332734 0.329771 0.327433 0.325535 0.323891 0.322318 0.320629 0.318639 0.316165 0.313020 0.309020 0.290200 0.276693 0.268670 0.265518 0.266626 0.271380 0.279169 0.289381 0.301403 0.314622 0.328428 0.342207 0.355348 0.367237 0.377264 0.384815 0.404630 0.410351 0.413500 0.414377 0.413280 0.410509 0.406362 0.401139 0.395138 0.388658 0.381999 0.375460 0.369339 0.363935 0.359548 0.356476 0.338564 0.335235 0.331098 0.326326 0.321093 0.315572 0.309936 0.304357 0.299010 0.294067 0.289701 0.286085 0.283394 0.281798 0.281473 0.282590 0.272329 0.270496 0.268552 0.266522 0.264428 0.262294 0.260144 0.258000 0.255886 0.253826 0.251842 0.249959 0.248200 0.246587 0.245145 0.243897 0.238670 0.240439 0.241180 0.241036 0.240152 0.238670 0.236733 0.234486 0.232071 0.229632 0.227313 0.225257 0.223607 0.222506 0.222100 0.222530 0.220130 0.220850 0.221182 0.221172 0.220868 0.220318 0.219567 0.218665 0.217656 0.216590 0.215513 0.214472 0.213514 0.212687 0.212037 0.211613
0.211800 0.213454 0.214577 0.215263 0.215606 0.215700 0.215638 0.215513 0.215419 0.215450 0.215700 0.216262 0.217229 0.218695 0.220754 0.223500 0.219600 0.222566 0.224713 0.226167 0.227054 0.227500 0.227630 0.227569 0.227443 0.227378 0.227500 0.227934 0.228805 0.230239 0.232362 0.235300 0.235300 0.240637 0.244718 0.247702 0.249743 0.251000 0.251629 0.251786 0.251630 0.251315 0.251000 0.250841 0.250994 0.251618 0.252867 0.254900 0.274500 0.278625 0.281678 0.283850 0.285327 0.286300 0.286957 0.287486 0.288078 0.288919 0.290200 0.292109 0.294834 0.298566 0.303491 0.309800 0.341200 0.348552 0.354812 0.360136 0.364680 0.368600 0.372052 0.375192 0.378176 0.381160 0.384300 0.387752 0.391672 0.396216 0.401540 0.407800 0.415700 0.410462 0.404219 0.397065 0.389094 0.380400 0.371078 0.361223 0.350929 0.340290 0.329400 0.318354 0.307247 0.296173 0.285226 0.274500 0.282400 0.287974 0.293017 0.297623 0.301886 0.305900 0.309758 0.313553 0.317379 0.321330 0.325500 0.329982 0.334869 0.340255 0.346234 0.352900 0.349000 0.360467 0.369934 0.377586 0.383613 0.388200 0.391535 0.393806 0.395198 0.395901 0.396100 0.395983 0.395738 0.395550 0.395609 0.396100 0.400000 0.402170 0.402583 0.401521 0.399266 0.396100 0.392306 0.388167 0.383965 0.379982 0.376500 0.373802 0.372171 0.371889 0.373238 0.376500 0.364700 0.355894 0.348509 0.342387 0.337370 0.333300 0.330018 0.327365 0.325183 0.323314 0.321600 0.319882 0.318001 0.315799 0.313118 0.309800 0.290200 0.276245 0.267934 0.264642 0.265739 0.270600 0.278597 0.289102 0.301490 0.315131 0.329400 0.343669 0.357310 0.369698 0.380203 0.388200 0.407800 0.412637 0.415202 0.415750 0.414531 0.411800 0.407809 0.402810 0.397058 0.390803 0.384300 0.377801 0.371558 0.365826 0.360855 0.356900 0.341200 0.337907 0.333714 0.328806 0.323373 0.317600 0.311675 0.305786 0.300118 0.294861 0.290200 0.286323 0.283418 0.281670 0.281269 0.282400 0.274500 0.272310 0.270005 0.267615 0.265170 0.262700 0.260234 0.257801 0.255431 0.253154 0.251000 0.248998 0.247177 0.245567 0.244198 0.243100 0.239200 0.241067 0.241846 0.241690 0.240757 0.239200 0.237175 0.234838 0.232342 0.229845 0.227500 0.225463 0.223890 0.222934 0.222753 0.223500 0.219600 0.220099 0.220318 0.220286 0.220037 0.219600 0.219007 0.218290 0.217478 0.216605 0.215700 0.214795 0.213922 0.213110 0.212393 0.211800
0.212015 0.214084 0.215474 0.216301 0.216681 0.216730 0.216562 0.216294 0.216041 0.215919 0.216043 0.216529 0.217493 0.219050 0.221315 0.224405 0.220548 0.223818 0.226099 0.227546 0.228311 0.228547 0.228408 0.228046 0.227615 0.227267 0.227157 0.227436 0.228259 0.229778 0.232147 0.235518 0.234395 0.240198 0.244635 0.247873 0.250083 0.251434 0.252094 0.252234 0.252021 0.251626 0.251218 0.250966 0.251039 0.251606 0.252837 0.254900 0.274594 0.278543 0.281545 0.283765 0.285368 0.286518 0.287380 0.288119 0.288898 0.289883 0.291238 0.293129 0.295719 0.299173 0.303656 0.309332 0.343894 0.350278 0.355872 0.360795 0.365164 0.369096 0.372710 0.376124 0.379456 0.382822 0.386342 0.390133 0.394313 0.399000 0.404311 0.410364 0.419642 0.414579 0.408271 0.400852 0.392461 0.383231 0.373300 0.362804 0.351879 0.340660 0.329284 0.317887 0.306605 0.295574 0.284930 0.274809 0.281152 0.288181 0.294226 0.299439 0.303972 0.307977 0.311604 0.315006 0.318334 0.321740 0.325375 0.329391 0.333940 0.339173 0.345242 0.352298 0.348816 0.360772 0.370525 0.378300 0.384323 0.388821 0.392018 0.394141 0.395414 0.396065 0.396318 0.396400 0.396536 0.396951 0.397872 0.399524 0.398017 0.400252 0.400796 0.399917 0.397878 0.394946 0.391386 0.387465 0.383448 0.379600 0.376188 0.373477 0.371733 0.371222 0.372208 0.374959 0.365695 0.357249 0.350012 0.343862 0.338678 0.334338 0.330721 0.327704 0.325165 0.322984 0.321038 0.319206 0.317366 0.315396 0.313175 0.310580 0.290200 0.275850 0.267318 0.263955 0.265109 0.270132 0.278374 0.289184 0.301914 0.315913 0.330532 0.345121 0.359029 0.371608 0.382207 0.390177 0.410030 0.414088 0.416169 0.416481 0.415228 0.412619 0.408859 0.404156 0.398714 0.392742 0.386445 0.380030 0.373703 0.367672 0.362142 0.357320 0.343208 0.339859 0.335592 0.330593 0.325053 0.319160 0.313103 0.307071 0.301252 0.295836 0.291011 0.286966 0.283891 0.281973 0.281402 0.282366 0.276199 0.273630 0.270973 0.268261 0.265524 0.262794 0.260100 0.257474 0.254947 0.252550 0.250314 0.248269 0.246446 0.244877 0.243593 0.242623 0.239418 0.241286 0.242063 0.241906 0.240972 0.239418 0.237402 0.235079 0.232607 0.230142 0.227843 0.225866 0.224367 0.223505 0.223435 0.224314 0.219382 0.219609 0.219674 0.219592 0.219375 0.219038 0.218596 0.218061 0.217448 0.216771 0.216043 0.215280 0.214494 0.213700 0.212912 0.212143
0.212450 0.214756 0.216310 0.217235 0.217655 0.217697 0.217483 0.217140 0.216791 0.216560 0.216574 0.216955 0.217829 0.219321 0.221554 0.224654 0.221812 0.225160 0.227438 0.228813 0.229453 0.229526 0.229199 0.228640 0.228017 0.227498 0.227250 0.227442 0.228241 0.229814 0.232329 0.235955 0.234146 0.240227 0.244835 0.248155 0.250375 0.251681 0.252259 0.252297 0.251980 0.251496 0.251031 0.250772 0.250905 0.251617 0.253094 0.255524 0.274313 0.278075 0.281096 0.283501 0.285413 0.286955 0.288253 0.289429 0.290607 0.291912 0.293467 0.295396 0.297824 0.300873 0.304668 0.309332 0.346147 0.351823 0.356873 0.361401 0.365513 0.369312 0.372904 0.376392 0.379883 0.383480 0.387287 0.391410 0.395954 0.401022 0.406720 0.413152 0.422675 0.418008 0.411857 0.404394 0.395790 0.386218 0.375848 0.364852 0.353402 0.341671 0.329828 0.318046 0.306497 0.295353 0.284784 0.274962 0.280996 0.288843 0.295488 0.301102 0.305857 0.309922 0.313471 0.316672 0.319698 0.322719 0.325906 0.329430 0.333462 0.338174 0.343736 0.350319 0.348756 0.360793 0.370533 0.378231 0.384138 0.388506 0.391590 0.393642 0.394914 0.395660 0.396131 0.396582 0.397264 0.398430 0.400334 0.403228 0.397038 0.398890 0.399274 0.398417 0.396546 0.393885 0.390661 0.387100 0.383429 0.379872 0.376656 0.374007 0.372151 0.371314 0.371723 0.373602 0.366286 0.358569 0.351750 0.345755 0.340510 0.335943 0.331980 0.328547 0.325571 0.322978 0.320695 0.318649 0.316766 0.314972 0.313195 0.311360 0.290200 0.275563 0.266918 0.263584 0.264882 0.270132 0.278653 0.289767 0.302791 0.317048 0.331856 0.346536 0.360407 0.372790 0.383004 0.390370 0.411037 0.414548 0.416335 0.416562 0.415394 0.412998 0.409538 0.405180 0.400089 0.394431 0.388370 0.382074 0.375706 0.369432 0.363417 0.357828 0.344400 0.340885 0.336522 0.331485 0.325951 0.320096 0.314096 0.308127 0.302365 0.296986 0.292166 0.288081 0.284907 0.282820 0.281997 0.282613 0.277238 0.274284 0.271308 0.268337 0.265396 0.262513 0.259713 0.257023 0.254470 0.252079 0.249877 0.247890 0.246146 0.244669 0.243487 0.242626 0.239231 0.240973 0.241698 0.241553 0.240682 0.239231 0.237346 0.235172 0.232855 0.230541 0.228374 0.226500 0.225065 0.224214 0.224093 0.224847 0.219569 0.219468 0.219335 0.219165 0.218953 0.218695 0.218388 0.218026 0.217606 0.217123 0.216574 0.215953 0.215257 0.214481 0.213621 0.212674
0.213166 0.215466 0.217037 0.217995 0.218457 0.218539 0.218358 0.218029 0.217669 0.217395 0.217322 0.217568 0.218249 0.219480 0.221379 0.224062 0.223392 0.226536 0.228640 0.229870 0.230392 0.230370 0.229971 0.229360 0.228702 0.228162 0.227906 0.228099 0.228907 0.230495 0.233028 0.236673 0.234738 0.240862 0.245411 0.248595 0.250625 0.251711 0.252064 0.251893 0.251410 0.250823 0.250345 0.250184 0.250552 0.251658 0.253714 0.256928 0.273595 0.277162 0.280290 0.283042 0.285481 0.287673 0.289680 0.291566 0.293395 0.295231 0.297137 0.299177 0.301416 0.303916 0.306741 0.309956 0.347833 0.353192 0.357890 0.362053 0.365808 0.369280 0.372596 0.375882 0.379264 0.382868 0.386821 0.391248 0.396276 0.402032 0.408640 0.416228 0.424517 0.420517 0.414802 0.407572 0.399024 0.389358 0.378774 0.367469 0.355642 0.343493 0.331220 0.319022 0.307099 0.295648 0.284870 0.274962 0.282244 0.290049 0.296749 0.302483 0.307390 0.311610 0.315281 0.318545 0.321539 0.324404 0.327278 0.330302 0.333615 0.337356 0.341665 0.346681 0.348788 0.360450 0.369845 0.377241 0.382904 0.387102 0.390100 0.392167 0.393569 0.394572 0.395445 0.396453 0.397864 0.399944 0.402960 0.407180 0.397442 0.398358 0.398214 0.397167 0.395380 0.393011 0.390222 0.387172 0.384021 0.380931 0.378060 0.375570 0.373620 0.372370 0.371982 0.372614 0.366378 0.359824 0.353743 0.348121 0.342947 0.338209 0.333894 0.329992 0.326489 0.323373 0.320633 0.318256 0.316230 0.314544 0.313184 0.312140 0.290200 0.275436 0.266828 0.263657 0.265206 0.270756 0.279590 0.290990 0.304237 0.318614 0.333404 0.347888 0.361348 0.373066 0.382324 0.388406 0.410539 0.413863 0.415633 0.415984 0.415050 0.412966 0.409867 0.405888 0.401163 0.395826 0.390014 0.383859 0.377497 0.371063 0.364691 0.358516 0.344588 0.340779 0.336295 0.331281 0.325884 0.320252 0.314531 0.308868 0.303410 0.298303 0.293694 0.289731 0.286560 0.284328 0.283181 0.283267 0.277426 0.274101 0.270860 0.267718 0.264692 0.261795 0.259043 0.256451 0.254034 0.251806 0.249783 0.247980 0.246412 0.245094 0.244040 0.243266 0.238545 0.240004 0.240616 0.240498 0.239769 0.238545 0.236944 0.235084 0.233082 0.231055 0.229122 0.227400 0.226007 0.225059 0.224676 0.224973 0.220255 0.219766 0.219383 0.219082 0.218839 0.218633 0.218439 0.218234 0.217995 0.217699 0.217322 0.216842 0.216236 0.215479 0.214549 0.213422
0.214229 0.216209 0.217609 0.218515 0.219015 0.219194 0.219140 0.218939 0.218678 0.218443 0.218321 0.218399 0.218763 0.219500 0.220696 0.222439 0.225288 0.227886 0.229616 0.230619 0.231039 0.231017 0.230695 0.230215 0.229719 0.229349 0.229247 0.229556 0.230417 0.231972 0.234364 0.237734 0.236361 0.242242 0.246454 0.249239 0.250839 0.251494 0.251447 0.250940 0.250212 0.249507 0.249066 0.249129 0.249940 0.251739 0.254768 0.259268 0.272378 0.275746 0.279084 0.282373 0.285596 0.288734 0.291768 0.294680 0.297451 0.300063 0.302498 0.304736 0.306760 0.308551 0.310091 0.311360 0.348826 0.354389 0.359000 0.362849 0.366129 0.369032 0.371751 0.374478 0.377405 0.380725 0.384630 0.389311 0.394963 0.401776 0.409943 0.419656 0.424886 0.421874 0.416929 0.410267 0.402103 0.392653 0.382132 0.370755 0.358739 0.346298 0.333648 0.321005 0.308584 0.296600 0.285269 0.274807 0.285208 0.291891 0.297959 0.303455 0.308424 0.312911 0.316961 0.320618 0.323928 0.326934 0.329681 0.332214 0.334578 0.336818 0.338977 0.341102 0.348880 0.359662 0.368344 0.375192 0.380472 0.384451 0.387396 0.389574 0.391250 0.392692 0.394166 0.395938 0.398276 0.401446 0.405714 0.411348 0.399603 0.398933 0.397813 0.396311 0.394491 0.392418 0.390159 0.387777 0.385339 0.382911 0.380556 0.378341 0.376331 0.374592 0.373188 0.372185 0.365881 0.360987 0.356011 0.351017 0.346069 0.341230 0.336564 0.332136 0.328009 0.324247 0.320914 0.318074 0.315790 0.314128 0.313150 0.312920 0.290200 0.275524 0.267145 0.264301 0.266227 0.272160 0.281337 0.292993 0.306366 0.320692 0.335208 0.349150 0.361754 0.372257 0.379896 0.383907 0.408254 0.411877 0.413998 0.414739 0.414219 0.412557 0.409873 0.406287 0.401918 0.396886 0.391311 0.385313 0.379010 0.372523 0.365972 0.359476 0.343584 0.339335 0.334701 0.329779 0.324670 0.319472 0.314285 0.309208 0.304340 0.299781 0.295629 0.291984 0.288944 0.286610 0.285081 0.284454 0.276577 0.272909 0.269479 0.266283 0.263318 0.260578 0.258061 0.255761 0.253675 0.251798 0.250126 0.248656 0.247383 0.246303 0.245411 0.244705 0.237266 0.238256 0.238682 0.238612 0.238117 0.237266 0.236129 0.234776 0.233277 0.231702 0.230121 0.228603 0.227219 0.226038 0.225130 0.224566 0.221534 0.220592 0.219901 0.219420 0.219105 0.218914 0.218804 0.218732 0.218656 0.218533 0.218321 0.217976 0.217456 0.216719 0.215721 0.214421
0.215700 0.216979 0.217978 0.218726 0.219257 0.219600 0.219787 0.219850 0.219818 0.219725 0.219600 0.219475 0.219382 0.219350 0.219413 0.219600 0.227500 0.229154 0.230277 0.230963 0.231306 0.231400 0.231338 0.231213 0.231119 0.231150 0.231400 0.231962 0.232929 0.234395 0.236454 0.239200 0.239200 0.244506 0.248057 0.250135 0.251022 0.251000 0.250350 0.249353 0.248291 0.247446 0.247100 0.247534 0.249029 0.251867 0.256330 0.262700 0.270600 0.273766 0.277435 0.281481 0.285778 0.290200 0.294622 0.298919 0.302965 0.306634 0.309800 0.312338 0.314123 0.315029 0.314930 0.313700 0.349000 0.355421 0.360278 0.363886 0.366555 0.368600 0.370333 0.372066 0.374114 0.376787 0.380400 0.385265 0.391694 0.400002 0.410499 0.423500 0.423500 0.421847 0.418062 0.412362 0.404969 0.396100 0.385975 0.374814 0.362834 0.350257 0.337300 0.324183 0.311126 0.298346 0.286065 0.274500 0.290200 0.294458 0.299063 0.303889 0.308810 0.313700 0.318434 0.322887 0.326933 0.330446 0.333300 0.335370 0.336531 0.336657 0.335622 0.333300 0.349000 0.358350 0.365915 0.371945 0.376690 0.380400 0.383326 0.385719 0.387829 0.389906 0.392200 0.394962 0.398443 0.402893 0.408562 0.415700 0.403900 0.400886 0.398271 0.395993 0.393990 0.392200 0.390562 0.389015 0.387497 0.385946 0.384300 0.382498 0.380479 0.378181 0.375542 0.372500 0.364700 0.362028 0.358576 0.354500 0.349956 0.345100 0.340088 0.335076 0.330220 0.325676 0.321600 0.318148 0.315476 0.313740 0.313096 0.313700 0.290200 0.275879 0.267966 0.265642 0.268093 0.274500 0.284047 0.295918 0.309294 0.323361 0.337300 0.350295 0.361530 0.370186 0.375449 0.376500 0.403900 0.408434 0.411365 0.412819 0.412922 0.411800 0.409578 0.406381 0.402335 0.397566 0.392200 0.386362 0.380177 0.373771 0.367270 0.360800 0.341200 0.336347 0.331530 0.326778 0.322125 0.317600 0.313235 0.309062 0.305110 0.301413 0.298000 0.294903 0.292154 0.289782 0.287821 0.286300 0.274500 0.270536 0.267016 0.263908 0.261180 0.258800 0.256736 0.254956 0.253428 0.252120 0.251000 0.250036 0.249196 0.248448 0.247760 0.247100 0.235300 0.235607 0.235762 0.235762 0.235609 0.235300 0.234835 0.234214 0.233434 0.232497 0.231400 0.230143 0.228726 0.227146 0.225405 0.223500 0.223500 0.222034 0.220973 0.220255 0.219818 0.219600 0.219538 0.219569 0.219631 0.219662 0.219600 0.219382 0.218945 0.218227 0.217166 0.215700
0.211800 0.215045 0.217322 0.218758 0.219475 0.219600 0.219257 0.218570 0.217666 0.216667 0.215700 0.214889 0.214358 0.214234 0.214639 0.215700 0.227500 0.226314 0.225815 0.225909 0.226502 0.227500 0.228810 0.230339 0.231993 0.233678 0.235300 0.236766 0.237983 0.238857 0.239294 0.239200 0.243100 0.245379 0.247246 0.248762 0.249993 0.251000 0.251847 0.252598 0.253314 0.254061 0.254900 0.255895 0.257110 0.258606 0.260449 0.262700 0.282400 0.282757 0.283810 0.285466 0.287627 0.290200 0.293089 0.296198 0.299434 0.302699 0.305900 0.308941 0.311726 0.314162 0.316151 0.317600 0.333300 0.343252 0.352056 0.359804 0.366588 0.372500 0.377632 0.382076 0.385924 0.389268 0.392200 0.394812 0.397196 0.399444 0.401648 0.403900 0.407800 0.397918 0.390661 0.385215 0.380766 0.376500 0.371602 0.365257 0.356651 0.344970 0.329400 0.309126 0.283333 0.251207 0.211934 0.164700 0.168600 0.168489 0.168918 0.169794 0.171019 0.172500 0.174141 0.175846 0.177522 0.179071 0.180400 0.181413 0.182014 0.182110 0.181603 0.180400 0.200000 0.198601 0.197510 0.196730 0.196259 0.196100 0.196253 0.196718 0.197498 0.198591 0.200000 0.201725 0.203766 0.206126 0.208803 0.211800 0.219600 0.220286 0.220567 0.220505 0.220162 0.219600 0.218882 0.218071 0.217229 0.216418 0.215700 0.215138 0.214795 0.214733 0.215014 0.215700 0.200000 0.198458 0.196905 0.195343 0.193774 0.192200 0.190622 0.189041 0.187459 0.185878 0.184300 0.182726 0.181157 0.179595 0.178042 0.176500 0.168600 0.179422 0.182561 0.179899 0.173318 0.164700 0.155926 0.148877 0.145435 0.147482 0.156900 0.175570 0.205373 0.248191 0.305906 0.380400 0.423500 0.419090 0.415473 0.412491 0.409986 0.407800 0.405774 0.403749 0.401567 0.399070 0.396100 0.392498 0.388105 0.382763 0.376314 0.368600 0.345100 0.340275 0.335482 0.330750 0.326113 0.321600 0.317243 0.313074 0.309122 0.305421 0.302000 0.298891 0.296126 0.293734 0.291749 0.290200 0.278400 0.275310 0.272133 0.268931 0.265766 0.262700 0.259794 0.257109 0.254707 0.252650 0.251000 0.249818 0.249165 0.249103 0.249694 0.251000 0.243100 0.241941 0.241034 0.240318 0.239727 0.239200 0.238673 0.238082 0.237366 0.236459 0.235300 0.233825 0.231970 0.229674 0.226871 0.223500 0.223500 0.224186 0.224467 0.224405 0.224062 0.223500 0.222782 0.221971 0.221129 0.220318 0.219600 0.219038 0.218695 0.218633 0.218914 0.219600
0.211987 0.214922 0.217021 0.218396 0.219157 0.219413 0.219274 0.218852 0.218255 0.217594 0.216979 0.216521 0.216328 0.216512 0.217183 0.218450 0.226434 0.226142 0.226037 0.226116 0.226376 0.226814 0.227426 0.228209 0.229161 0.230278 0.231556 0.232993 0.234585 0.236329 0.238222 0.240261 0.240238 0.243878 0.246721 0.248891 0.250505 0.251686 0.252554 0.253230 0.253833 0.254485 0.255306 0.256416 0.257937 0.259988 0.262690 0.266165 0.282208 0.280292 0.280016 0.281141 0.283429 0.286643 0.290545 0.294897 0.299460 0.303998 0.308271 0.312043 0.315075 0.317129 0.317967 0.317352 0.342542 0.347663 0.353107 0.358737 0.364419 0.370018 0.375398 0.380426 0.384965 0.388881 0.392039 0.394304 0.395541 0.395614 0.394390 0.391732 0.451421 0.404807 0.368565 0.341218 0.321286 0.307293 0.297759 0.291207 0.286158 0.281134 0.274657 0.265249 0.251431 0.231726 0.204655 0.168740 0.180246 0.178996 0.178149 0.177689 0.177600 0.177866 0.178471 0.179401 0.180638 0.182168 0.183974 0.186042 0.188354 0.190896 0.193651 0.196604 0.192244 0.205553 0.210928 0.209750 0.203401 0.193263 0.180718 0.167148 0.153935 0.142460 0.134106 0.138533 0.145387 0.155369 0.169177 0.187514 0.197925 0.224832 0.242037 0.250920 0.252858 0.249230 0.244366 0.235955 0.224638 0.211055 0.195846 0.187771 0.183778 0.185248 0.193558 0.210087 0.186290 0.193941 0.199370 0.202819 0.204529 0.204745 0.203708 0.201661 0.198846 0.195507 0.191886 0.188224 0.184766 0.181754 0.179429 0.178035 0.171024 0.178197 0.180327 0.178642 0.174370 0.168740 0.162980 0.158318 0.155984 0.157204 0.163209 0.175225 0.194482 0.222208 0.259631 0.307979 0.466090 0.445908 0.429813 0.417315 0.407922 0.401142 0.396485 0.393458 0.391571 0.390331 0.389248 0.387830 0.385586 0.382025 0.376654 0.368983 0.341762 0.338015 0.334210 0.330370 0.326520 0.322683 0.318885 0.315149 0.311500 0.307962 0.304558 0.301315 0.298254 0.295402 0.292782 0.290418 0.276060 0.274231 0.271933 0.269277 0.266371 0.263326 0.260249 0.257251 0.254442 0.251929 0.249823 0.248233 0.247269 0.247039 0.247654 0.249222 0.243538 0.240994 0.239203 0.238035 0.237360 0.237047 0.236967 0.236988 0.236982 0.236816 0.236361 0.235486 0.234062 0.231957 0.229042 0.225186 0.220830 0.221611 0.222245 0.222736 0.223090 0.223313 0.223408 0.223383 0.223240 0.222986 0.222626 0.222165 0.221608 0.220960 0.220227 0.219413
0.212050 0.214807 0.216816 0.218175 0.218987 0.219350 0.219367 0.219138 0.218762 0.218342 0.217978 0.217769 0.217818 0.218224 0.219088 0.220511 0.226027 0.226305 0.226439 0.226483 0.226496 0.226533 0.226651 0.226906 0.227355 0.228054 0.229060 0.230429 0.232218 0.234483 0.237280 0.240666 0.238607 0.242890 0.246223 0.248752 0.250619 0.251967 0.252941 0.253684 0.254339 0.255050 0.255961 0.257214 0.258955 0.261325 0.264469 0.268530 0.282144 0.278608 0.277386 0.278138 0.280526 0.284210 0.288851 0.294110 0.299648 0.305126 0.310206 0.314547 0.317811 0.319660 0.319753 0.317752 0.348653 0.350710 0.353988 0.358225 0.363154 0.368513 0.374037 0.379462 0.384525 0.388961 0.392506 0.394895 0.395866 0.395154 0.392495 0.387624 0.469738 0.399562 0.344747 0.303408 0.273663 0.253626 0.241415 0.235144 0.232929 0.232888 0.233134 0.231785 0.226957 0.216764 0.199324 0.172752 0.189253 0.187735 0.186434 0.185403 0.184694 0.184361 0.184456 0.185033 0.186145 0.187844 0.190183 0.193216 0.196996 0.201575 0.207007 0.213344 0.198232 0.222053 0.233666 0.235129 0.228502 0.215842 0.199207 0.180657 0.162250 0.146045 0.134099 0.140002 0.149467 0.163601 0.183515 0.210317 0.223590 0.266546 0.294516 0.309543 0.313671 0.308941 0.301508 0.288277 0.270261 0.248477 0.223939 0.208969 0.199443 0.197402 0.204892 0.223954 0.195777 0.205106 0.211605 0.215591 0.217379 0.217286 0.215630 0.212726 0.208890 0.204441 0.199693 0.194963 0.190569 0.186826 0.184052 0.182562 0.174876 0.179045 0.180184 0.179027 0.176306 0.172752 0.169099 0.166078 0.164422 0.164863 0.168134 0.174967 0.186095 0.202249 0.224161 0.252566 0.483009 0.457654 0.437189 0.421073 0.408764 0.399719 0.393398 0.389257 0.386756 0.385352 0.384504 0.383669 0.382306 0.379873 0.375828 0.369630 0.339921 0.336568 0.333204 0.329833 0.326463 0.323098 0.319744 0.316407 0.313093 0.309807 0.306555 0.303344 0.300178 0.297063 0.294006 0.291011 0.274656 0.273598 0.271883 0.269637 0.266990 0.264069 0.261002 0.257919 0.254946 0.252212 0.249846 0.247974 0.246726 0.246230 0.246613 0.248005 0.244219 0.240739 0.238317 0.236782 0.235968 0.235706 0.235826 0.236161 0.236541 0.236799 0.236766 0.236274 0.235153 0.233235 0.230352 0.226335 0.219263 0.220146 0.221011 0.221833 0.222588 0.223250 0.223796 0.224199 0.224436 0.224482 0.224311 0.223900 0.223223 0.222255 0.220973 0.219350
0.212018 0.214705 0.216689 0.218066 0.218932 0.219382 0.219510 0.219414 0.219188 0.218927 0.218726 0.218682 0.218890 0.219445 0.220442 0.221977 0.226153 0.226730 0.226973 0.226972 0.226816 0.226595 0.226399 0.226318 0.226440 0.226856 0.227656 0.228929 0.230764 0.233251 0.236481 0.240542 0.238017 0.242341 0.245754 0.248394 0.250398 0.251905 0.253052 0.253977 0.254819 0.255715 0.256803 0.258221 0.260108 0.262600 0.265836 0.269954 0.282176 0.277609 0.275788 0.276310 0.278774 0.282774 0.287910 0.293776 0.299971 0.306092 0.311734 0.316496 0.319975 0.321766 0.321467 0.318676 0.352103 0.352584 0.354714 0.358179 0.362666 0.367859 0.373446 0.379111 0.384542 0.389424 0.393442 0.396284 0.397635 0.397180 0.394607 0.389600 0.466646 0.384272 0.319866 0.271359 0.236685 0.213774 0.200558 0.194971 0.194943 0.198406 0.203294 0.207537 0.209067 0.205817 0.195719 0.176704 0.195967 0.194889 0.193813 0.192850 0.192110 0.191703 0.191740 0.192330 0.193584 0.195612 0.198525 0.202432 0.207444 0.213671 0.221224 0.230212 0.215548 0.246243 0.263747 0.270215 0.267801 0.258658 0.244943 0.228807 0.212407 0.197896 0.187429 0.193803 0.204083 0.219548 0.241476 0.271143 0.287154 0.337446 0.370863 0.389567 0.395721 0.391487 0.382823 0.367148 0.345675 0.319617 0.290189 0.269040 0.252642 0.243155 0.242742 0.253566 0.223879 0.228864 0.231694 0.232626 0.231917 0.229826 0.226608 0.222522 0.217825 0.212774 0.207627 0.202641 0.198073 0.194180 0.191220 0.189450 0.179876 0.181622 0.181804 0.180795 0.178970 0.176704 0.174371 0.172347 0.171004 0.170719 0.171866 0.174818 0.179952 0.187640 0.198259 0.212182 0.478243 0.456301 0.438080 0.423209 0.411314 0.402025 0.394968 0.389771 0.386061 0.383467 0.381616 0.380136 0.378654 0.376798 0.374195 0.370474 0.339359 0.335833 0.332453 0.329197 0.326043 0.322970 0.319956 0.316979 0.314018 0.311049 0.308053 0.305006 0.301888 0.298676 0.295349 0.291885 0.274032 0.273339 0.271956 0.270006 0.267613 0.264899 0.261989 0.259005 0.256071 0.253311 0.250846 0.248802 0.247300 0.246465 0.246420 0.247287 0.245081 0.241050 0.238214 0.236390 0.235397 0.235050 0.235169 0.235570 0.236071 0.236489 0.236642 0.236347 0.235422 0.233684 0.230951 0.227041 0.218641 0.219619 0.220605 0.221565 0.222468 0.223282 0.223973 0.224510 0.224860 0.224992 0.224873 0.224470 0.223752 0.222686 0.221240 0.219382
0.211925 0.214617 0.216624 0.218041 0.218960 0.219475 0.219680 0.219667 0.219529 0.219362 0.219257 0.219308 0.219609 0.220252 0.221332 0.222942 0.226686 0.227340 0.227592 0.227542 0.227291 0.226938 0.226586 0.226334 0.226284 0.226535 0.227188 0.228344 0.230104 0.232568 0.235837 0.240011 0.238278 0.242157 0.245316 0.247864 0.249909 0.251562 0.252931 0.254128 0.255260 0.256438 0.257770 0.259368 0.261339 0.263793 0.266841 0.270591 0.282272 0.277195 0.275085 0.275508 0.278028 0.282213 0.287627 0.293836 0.300405 0.306901 0.312889 0.317934 0.321602 0.323458 0.323069 0.320000 0.353362 0.353478 0.355296 0.358514 0.362826 0.367930 0.373522 0.379298 0.384954 0.390187 0.394693 0.398168 0.400308 0.400810 0.399370 0.395684 0.446035 0.361025 0.294583 0.244643 0.209140 0.186007 0.173179 0.168590 0.170173 0.175864 0.183595 0.191302 0.196918 0.198378 0.193615 0.180564 0.200734 0.200640 0.200325 0.199945 0.199655 0.199610 0.199966 0.200877 0.202500 0.204988 0.208498 0.213184 0.219202 0.226707 0.235855 0.246800 0.241776 0.276266 0.299195 0.312354 0.317537 0.316537 0.311147 0.303160 0.294368 0.286566 0.281546 0.287604 0.297315 0.311933 0.332718 0.360926 0.379171 0.429546 0.463934 0.484181 0.492129 0.489622 0.480825 0.464680 0.442453 0.415407 0.384806 0.358292 0.334230 0.314463 0.300836 0.295193 0.266014 0.262127 0.257719 0.252890 0.247739 0.242363 0.236863 0.231337 0.225885 0.220604 0.215594 0.210955 0.206784 0.203180 0.200244 0.198073 0.185744 0.185589 0.184857 0.183685 0.182208 0.180564 0.178888 0.177317 0.175986 0.175032 0.174591 0.174800 0.175794 0.177710 0.180684 0.184853 0.455778 0.443821 0.432966 0.423166 0.414377 0.406554 0.399650 0.393622 0.388423 0.384008 0.380332 0.377350 0.375016 0.373286 0.372113 0.371453 0.339858 0.335709 0.331947 0.328517 0.325363 0.322429 0.319660 0.316999 0.314392 0.311782 0.309114 0.306331 0.303379 0.300201 0.296742 0.292946 0.274032 0.273379 0.272127 0.270378 0.268231 0.265786 0.263144 0.260405 0.257669 0.255035 0.252605 0.250478 0.248754 0.247535 0.246918 0.247006 0.246062 0.241798 0.238732 0.236689 0.235489 0.234957 0.234915 0.235187 0.235594 0.235962 0.236111 0.235866 0.235049 0.233483 0.230992 0.227398 0.218806 0.219859 0.220864 0.221801 0.222645 0.223375 0.223969 0.224403 0.224656 0.224706 0.224530 0.224105 0.223409 0.222421 0.221117 0.219475
0.211800 0.214546 0.216605 0.218071 0.219038 0.219600 0.219850 0.219881 0.219787 0.219662 0.219600 0.219694 0.220037 0.220723 0.221846 0.223500 0.227500 0.228062 0.228249 0.228155 0.227874 0.227500 0.227126 0.226845 0.226751 0.226938 0.227500 0.228530 0.230121 0.232367 0.235362 0.239200 0.239200 0.242264 0.244912 0.247208 0.249216 0.251000 0.252624 0.254152 0.255648 0.257176 0.258800 0.260584 0.262592 0.264888 0.267536 0.270600 0.282400 0.277270 0.275143 0.275581 0.278146 0.282400 0.287906 0.294227 0.300925 0.307562 0.313700 0.318902 0.322731 0.324749 0.324518 0.321600 0.352900 0.353584 0.355748 0.359140 0.363508 0.368600 0.374164 0.379948 0.385700 0.391168 0.396100 0.400244 0.403348 0.405160 0.405428 0.403900 0.411800 0.331910 0.269559 0.222833 0.189818 0.168600 0.157266 0.153903 0.156597 0.163434 0.172500 0.181882 0.189667 0.193941 0.192790 0.184300 0.203900 0.205171 0.206010 0.206602 0.207137 0.207800 0.208779 0.210262 0.212434 0.215485 0.219600 0.224967 0.231774 0.240206 0.250453 0.262700 0.274500 0.310266 0.338031 0.358893 0.373950 0.384300 0.391042 0.395275 0.398097 0.400606 0.403900 0.409078 0.417239 0.429481 0.446902 0.470600 0.490200 0.534862 0.566589 0.586575 0.596014 0.596100 0.588026 0.572985 0.552171 0.526778 0.498000 0.467030 0.435061 0.403287 0.372902 0.345100 0.317600 0.301807 0.287766 0.275350 0.264437 0.254900 0.246615 0.239458 0.233302 0.228025 0.223500 0.219603 0.216210 0.213194 0.210433 0.207800 0.192200 0.190602 0.189015 0.187437 0.185866 0.184300 0.182738 0.181179 0.179621 0.178062 0.176500 0.174934 0.173363 0.171785 0.170198 0.168600 0.419600 0.422189 0.422326 0.420390 0.416755 0.411800 0.405901 0.399434 0.392778 0.386307 0.380400 0.375433 0.371782 0.369826 0.369939 0.372500 0.341200 0.336094 0.331675 0.327849 0.324522 0.321600 0.318990 0.316599 0.314333 0.312098 0.309800 0.307346 0.304643 0.301597 0.298114 0.294100 0.274500 0.273644 0.272372 0.270748 0.268836 0.266700 0.264404 0.262012 0.259588 0.257196 0.254900 0.252764 0.250852 0.249228 0.247956 0.247100 0.247100 0.242855 0.239710 0.237506 0.236089 0.235300 0.234983 0.234982 0.235138 0.235297 0.235300 0.234991 0.234214 0.232810 0.230625 0.227500 0.219600 0.220692 0.221628 0.222408 0.223032 0.223500 0.223812 0.223968 0.223968 0.223812 0.223500 0.223032 0.222408 0.221628 0.220692 0.219600
0.211675 0.214495 0.216614 0.218129 0.219134 0.219725 0.219996 0.220043 0.219960 0.219843 0.219787 0.219887 0.220238 0.220935 0.222072 0.223746 0.228470 0.228819 0.228896 0.228772 0.228522 0.228218 0.227932 0.227738 0.227709 0.227918 0.228436 0.229338 0.230695 0.232582 0.235070 0.238233 0.240594 0.242586 0.244544 0.246475 0.248385 0.250282 0.252174 0.254068 0.255970 0.257888 0.259830 0.261801 0.263811 0.265865 0.267971 0.270137 0.282528 0.277738 0.275828 0.276382 0.278982 0.283211 0.288653 0.294890 0.301504 0.308080 0.314199 0.319445 0.323400 0.325648 0.325771 0.323352 0.351186 0.353094 0.356081 0.359970 0.364583 0.369742 0.375269 0.380987 0.386717 0.392283 0.397507 0.402211 0.406217 0.409348 0.411425 0.412272 0.367833 0.299017 0.245455 0.205500 0.177506 0.159825 0.150810 0.148814 0.152190 0.159290 0.168469 0.178078 0.186471 0.192000 0.193019 0.187880 0.205810 0.208665 0.210905 0.212736 0.214362 0.215990 0.217823 0.220069 0.222932 0.226617 0.231330 0.237277 0.244662 0.253692 0.264570 0.277504 0.311304 0.346387 0.378280 0.407180 0.433278 0.456771 0.477852 0.496715 0.513556 0.528566 0.541942 0.545895 0.551935 0.560915 0.573685 0.591098 0.610797 0.645410 0.671685 0.689942 0.700498 0.703674 0.696940 0.684174 0.666405 0.644665 0.619982 0.585561 0.545989 0.501585 0.452668 0.399555 0.374054 0.344816 0.319916 0.298973 0.281606 0.267437 0.256085 0.247170 0.240312 0.235132 0.231250 0.228285 0.225857 0.223588 0.221097 0.218003 0.198964 0.196322 0.193950 0.191791 0.189787 0.187880 0.186012 0.184126 0.182164 0.180068 0.177781 0.175244 0.172400 0.169191 0.165559 0.161447 0.373694 0.393376 0.406642 0.414323 0.417252 0.416258 0.412175 0.405833 0.398063 0.389698 0.381568 0.374505 0.369340 0.366906 0.368032 0.373551 0.343166 0.336888 0.331627 0.327249 0.323621 0.320611 0.318086 0.315912 0.313957 0.312089 0.310174 0.308080 0.305674 0.302823 0.299394 0.295254 0.275280 0.274061 0.272665 0.271110 0.269419 0.267610 0.265703 0.263720 0.261681 0.259604 0.257511 0.255422 0.253357 0.251335 0.249378 0.247506 0.248134 0.244094 0.240983 0.238674 0.237040 0.235955 0.235293 0.234926 0.234728 0.234572 0.234333 0.233883 0.233095 0.231844 0.230002 0.227442 0.220866 0.221947 0.222734 0.223256 0.223543 0.223625 0.223532 0.223293 0.222939 0.222498 0.222002 0.221480 0.220961 0.220476 0.220054 0.219725
0.211582 0.214466 0.216635 0.218186 0.219215 0.219818 0.220094 0.220138 0.220047 0.219919 0.219850 0.219936 0.220275 0.220963 0.222098 0.223775 0.229471 0.229538 0.229485 0.229354 0.229188 0.229029 0.228920 0.228904 0.229024 0.229322 0.229840 0.230622 0.231709 0.233146 0.234973 0.237234 0.242271 0.243050 0.244215 0.245710 0.247481 0.249471 0.251627 0.253892 0.256212 0.258532 0.260797 0.262951 0.264939 0.266706 0.268198 0.269358 0.282624 0.278499 0.277004 0.277761 0.280392 0.284522 0.289771 0.295762 0.302119 0.308463 0.314418 0.319605 0.323647 0.326168 0.326788 0.325132 0.348689 0.352200 0.356309 0.360917 0.365923 0.371229 0.376734 0.382339 0.387944 0.393450 0.398758 0.403766 0.408377 0.412490 0.416005 0.418824 0.318026 0.264432 0.222930 0.192218 0.170993 0.157954 0.151799 0.151224 0.154927 0.161608 0.169962 0.178689 0.186486 0.192050 0.194079 0.191272 0.206809 0.211304 0.215052 0.218260 0.221139 0.223897 0.226743 0.229886 0.233535 0.237899 0.243187 0.249608 0.257372 0.266686 0.277761 0.290804 0.349772 0.382770 0.417965 0.454561 0.491762 0.528774 0.564799 0.599042 0.630708 0.659000 0.683123 0.685725 0.689481 0.694960 0.702728 0.713353 0.731518 0.753205 0.772080 0.787471 0.798701 0.805097 0.800081 0.790358 0.776730 0.759998 0.740963 0.704193 0.657869 0.601316 0.533859 0.454826 0.430793 0.388067 0.352254 0.322723 0.298841 0.279974 0.265492 0.254761 0.247148 0.242021 0.238749 0.236697 0.235235 0.233728 0.231545 0.228054 0.205756 0.202406 0.199333 0.196488 0.193818 0.191272 0.188800 0.186350 0.183871 0.181312 0.178622 0.175750 0.172645 0.169255 0.165530 0.161418 0.322045 0.359355 0.386391 0.404411 0.414669 0.418423 0.416928 0.411441 0.403217 0.393513 0.383584 0.374687 0.368079 0.365014 0.366750 0.374542 0.345537 0.337990 0.331793 0.326774 0.322763 0.319590 0.317082 0.315070 0.313383 0.311850 0.310299 0.308561 0.306464 0.303838 0.300512 0.296315 0.276216 0.274556 0.272980 0.271459 0.269970 0.268485 0.266978 0.265424 0.263797 0.262070 0.260218 0.258214 0.256032 0.253647 0.251031 0.248161 0.249103 0.245388 0.242391 0.240021 0.238187 0.236798 0.235762 0.234989 0.234388 0.233867 0.233334 0.232700 0.231873 0.230761 0.229273 0.227319 0.222447 0.223453 0.224020 0.224213 0.224091 0.223718 0.223156 0.222467 0.221712 0.220954 0.220255 0.219677 0.219283 0.219133 0.219291 0.219818
0.211550 0.214463 0.216652 0.218214 0.219247 0.219850 0.220119 0.220152 0.220048 0.219904 0.219818 0.219888 0.220212 0.220886 0.222010 0.223681 0.230377 0.230144 0.229969 0.229861 0.229826 0.229871 0.230004 0.230232 0.230562 0.231001 0.231556 0.232235 0.233044 0.233992 0.235085 0.236330 0.244041 0.243581 0.243928 0.244962 0.246569 0.248629 0.251026 0.253643 0.256362 0.259067 0.261639 0.263963 0.265920 0.267394 0.268267 0.268422 0.282656 0.279457 0.278536 0.279569 0.282234 0.286206 0.291164 0.296784 0.302743 0.308718 0.314386 0.319425 0.323510 0.326318 0.327528 0.326816 0.345879 0.351094 0.356444 0.361892 0.367401 0.372935 0.378457 0.383931 0.389319 0.394586 0.399694 0.404608 0.409290 0.413704 0.417812 0.421580 0.266274 0.230246 0.202646 0.182559 0.169069 0.161262 0.158222 0.159035 0.162786 0.168560 0.175442 0.182516 0.188869 0.193584 0.195747 0.194444 0.207243 0.213271 0.218488 0.223090 0.227274 0.231239 0.235181 0.239298 0.243787 0.248845 0.254669 0.261457 0.269406 0.278713 0.289576 0.302192 0.387488 0.417560 0.455108 0.498384 0.545641 0.595130 0.645105 0.693816 0.739516 0.780458 0.814893 0.816239 0.817955 0.820339 0.823688 0.828299 0.842922 0.850264 0.860634 0.872353 0.883742 0.893123 0.889962 0.883649 0.874720 0.863710 0.851153 0.813233 0.761554 0.694438 0.610206 0.507178 0.483235 0.428470 0.382864 0.345568 0.315734 0.292514 0.275057 0.262517 0.254043 0.248788 0.245903 0.244539 0.243848 0.242980 0.241088 0.237322 0.212296 0.208513 0.204836 0.201266 0.197802 0.194444 0.191190 0.188041 0.184996 0.182053 0.179214 0.176476 0.173840 0.171304 0.168870 0.166534 0.268639 0.322099 0.362055 0.390097 0.407812 0.416789 0.418616 0.414882 0.407175 0.397084 0.386196 0.376100 0.368385 0.364639 0.366450 0.375406 0.348095 0.339298 0.332161 0.326479 0.322048 0.318662 0.316117 0.314207 0.312726 0.311472 0.310237 0.308817 0.307008 0.304603 0.301398 0.297189 0.277152 0.275056 0.273292 0.271790 0.270481 0.269295 0.268164 0.267018 0.265788 0.264405 0.262798 0.260900 0.258641 0.255951 0.252762 0.249003 0.249945 0.246607 0.243770 0.241377 0.239372 0.237702 0.236311 0.235143 0.234144 0.233258 0.232430 0.231604 0.230726 0.229740 0.228592 0.227225 0.224185 0.225036 0.225326 0.225147 0.224591 0.223750 0.222715 0.221578 0.220431 0.219367 0.218477 0.217852 0.217585 0.217768 0.218492 0.219850
0.211613 0.214489 0.216647 0.218185 0.219200 0.219787 0.220045 0.220071 0.219962 0.219814 0.219725 0.219792 0.220111 0.220781 0.221897 0.223558 0.231062 0.230560 0.230301 0.230254 0.230391 0.230682 0.231099 0.231610 0.232189 0.232804 0.233428 0.234030 0.234582 0.235055 0.235418 0.235643 0.245714 0.244105 0.243684 0.244278 0.245714 0.247818 0.250416 0.253337 0.256405 0.259449 0.262294 0.264768 0.266697 0.267909 0.268228 0.267483 0.282592 0.280516 0.280291 0.281659 0.284362 0.288141 0.292738 0.297894 0.303352 0.308852 0.314137 0.318947 0.323025 0.326112 0.327950 0.328280 0.343226 0.349969 0.356499 0.362808 0.368889 0.374734 0.380336 0.385688 0.390780 0.395607 0.400161 0.404433 0.408418 0.412106 0.415490 0.418564 0.216467 0.198547 0.185263 0.176095 0.170520 0.168019 0.168070 0.170151 0.173742 0.178321 0.183367 0.188359 0.192776 0.196097 0.197800 0.197364 0.207458 0.214749 0.221253 0.227139 0.232576 0.237734 0.242783 0.247892 0.253231 0.258968 0.265274 0.272317 0.280268 0.289296 0.299570 0.311260 0.422036 0.448900 0.487733 0.535997 0.591154 0.650665 0.711992 0.772598 0.829944 0.881491 0.924702 0.925107 0.925435 0.925778 0.926226 0.926870 0.935563 0.928601 0.930202 0.937779 0.948743 0.960506 0.959097 0.956160 0.951952 0.946733 0.940762 0.902987 0.847899 0.772910 0.675433 0.552881 0.526798 0.462939 0.409829 0.366475 0.331882 0.305055 0.285001 0.270725 0.261232 0.255528 0.252618 0.251509 0.251205 0.250712 0.249035 0.245181 0.218304 0.214301 0.210130 0.205867 0.201587 0.197364 0.193274 0.189392 0.185793 0.182552 0.179743 0.177443 0.175725 0.174666 0.174339 0.174821 0.217462 0.283581 0.334113 0.370825 0.395482 0.409850 0.415694 0.414781 0.408876 0.399744 0.389152 0.378865 0.370649 0.366269 0.367491 0.376081 0.350622 0.340711 0.332722 0.326421 0.321577 0.317957 0.315327 0.313454 0.312105 0.311048 0.310050 0.308877 0.307296 0.305076 0.301982 0.297782 0.277932 0.275487 0.273576 0.272096 0.270942 0.270010 0.269196 0.268396 0.267504 0.266418 0.265033 0.263244 0.260948 0.258039 0.254415 0.249970 0.250598 0.247626 0.244958 0.242571 0.240441 0.238545 0.236858 0.235359 0.234022 0.232824 0.231743 0.230754 0.229835 0.228960 0.228108 0.227254 0.225922 0.226525 0.226489 0.225928 0.224956 0.223687 0.222236 0.220715 0.219241 0.217926 0.216886 0.216233 0.216083 0.216549 0.217746 0.219787
0.211800 0.214546 0.216605 0.218071 0.219038 0.219600 0.219850 0.219881 0.219787 0.219662 0.219600 0.219694 0.220037 0.220723 0.221846 0.223500 0.231400 0.230714 0.230433 0.230495 0.230838 0.231400 0.232118 0.232929 0.233771 0.234582 0.235300 0.235862 0.236205 0.236267 0.235986 0.235300 0.247100 0.244546 0.243487 0.243705 0.244982 0.247100 0.249842 0.252991 0.256329 0.259638 0.262700 0.265298 0.267215 0.268233 0.268134 0.266700 0.282400 0.281576 0.282132 0.283880 0.286632 0.290200 0.294396 0.299032 0.303920 0.308872 0.313700 0.318216 0.322232 0.325560 0.328012 0.329400 0.341200 0.349017 0.356486 0.363578 0.370259 0.376500 0.382269 0.387534 0.392266 0.396431 0.400000 0.402941 0.405222 0.406814 0.407683 0.407800 0.172500 0.171423 0.171442 0.172398 0.174137 0.176500 0.179331 0.182474 0.185770 0.189065 0.192200 0.195019 0.197366 0.199082 0.200013 0.200000 0.207800 0.215921 0.223386 0.230322 0.236851 0.243100 0.249193 0.255254 0.261410 0.267783 0.274500 0.281685 0.289462 0.297958 0.307295 0.317600 0.451000 0.474933 0.513862 0.564746 0.624539 0.690200 0.758685 0.826950 0.891954 0.950651 1.000000 1.000000 1.000000 1.000000 1.000000 1.000000 1.000000 0.980233 0.973645 0.976939 0.986822 1.000000 1.000000 1.000000 1.000000 1.000000 1.000000 0.963762 0.907757 0.828691 0.723270 0.588200 0.556900 0.488384 0.431232 0.384408 0.346876 0.317600 0.295544 0.279672 0.268948 0.262336 0.258800 0.257304 0.256812 0.256288 0.254696 0.251000 0.223500 0.219429 0.214886 0.210030 0.205015 0.200000 0.195141 0.190594 0.186518 0.183067 0.180400 0.178673 0.178042 0.178666 0.180699 0.184300 0.172500 0.245774 0.303045 0.346039 0.376482 0.396100 0.406618 0.409761 0.407255 0.400826 0.392200 0.383102 0.375257 0.370391 0.370230 0.376500 0.352900 0.342128 0.333464 0.326656 0.321452 0.317600 0.314848 0.312944 0.311636 0.310672 0.309800 0.308768 0.307324 0.305216 0.302192 0.298000 0.278400 0.275774 0.273807 0.272373 0.271346 0.270600 0.270010 0.269451 0.268797 0.267922 0.266700 0.265006 0.262715 0.259701 0.255838 0.251000 0.251000 0.248315 0.245794 0.243434 0.241237 0.239200 0.237323 0.235606 0.234046 0.232645 0.231400 0.230311 0.229378 0.228598 0.227973 0.227500 0.227500 0.227748 0.227348 0.226424 0.225100 0.223500 0.221748 0.219968 0.218284 0.216820 0.215700 0.215048 0.214988 0.215644 0.217140 0.219600
0.212143 0.214636 0.216507 0.217844 0.218731 0.219257 0.219506 0.219567 0.219524 0.219465 0.219475 0.219642 0.220052 0.220791 0.221946 0.223602 0.231266 0.230528 0.230317 0.230544 0.231122 0.231962 0.232976 0.234077 0.235175 0.236185 0.237016 0.237582 0.237793 0.237563 0.236803 0.235425 0.248010 0.244832 0.243339 0.243289 0.244437 0.246538 0.249349 0.252624 0.256119 0.259591 0.262794 0.265484 0.267417 0.268348 0.268034 0.266229 0.282048 0.282541 0.283926 0.286084 0.288901 0.292259 0.296043 0.300136 0.304422 0.308785 0.313107 0.317274 0.321168 0.324673 0.327673 0.330052 0.340270 0.348429 0.356419 0.364112 0.371384 0.378106 0.384152 0.389397 0.393713 0.396975 0.399055 0.399828 0.399166 0.396944 0.393035 0.387312 0.138265 0.150964 0.161842 0.171042 0.178707 0.184977 0.189996 0.193905 0.196848 0.198965 0.200401 0.201296 0.201793 0.202035 0.202163 0.202320 0.208614 0.216968 0.224927 0.232553 0.239907 0.247054 0.254054 0.260971 0.267867 0.274805 0.281846 0.289055 0.296492 0.304221 0.312304 0.320804 0.471964 0.493802 0.531520 0.581978 0.642037 0.708559 0.778404 0.848434 0.915509 0.976490 1.000000 1.000000 1.000000 1.000000 1.000000 1.000000 1.000000 0.997176 0.983819 0.983025 0.991102 1.000000 1.000000 1.000000 1.000000 1.000000 1.000000 0.985864 0.931982 0.853740 0.747444 0.609403 0.568958 0.501719 0.445157 0.398335 0.360312 0.330149 0.306906 0.289645 0.277425 0.269308 0.264354 0.261623 0.260177 0.259076 0.257380 0.254151 0.227604 0.223555 0.218777 0.213494 0.207933 0.202320 0.196880 0.191840 0.187424 0.183860 0.181373 0.180188 0.180532 0.182631 0.186710 0.192995 0.137738 0.210650 0.269330 0.315184 0.349617 0.374034 0.389842 0.398446 0.401251 0.399663 0.395088 0.388931 0.382598 0.377495 0.375027 0.376599 0.354710 0.343448 0.334378 0.327239 0.321773 0.317719 0.314818 0.312810 0.311436 0.310436 0.309550 0.308519 0.307083 0.304983 0.301959 0.297750 0.278400 0.275845 0.273960 0.272614 0.271682 0.271034 0.270542 0.270079 0.269516 0.268725 0.267579 0.265949 0.263707 0.260725 0.256875 0.252030 0.251090 0.248548 0.246114 0.243796 0.241603 0.239543 0.237624 0.235855 0.234243 0.232797 0.231525 0.230435 0.229535 0.228833 0.228338 0.228058 0.228762 0.228533 0.227741 0.226503 0.224937 0.223157 0.221281 0.219424 0.217704 0.216237 0.215138 0.214526 0.214515 0.215222 0.216764 0.219257
0.212674 0.214763 0.216339 0.217475 0.218246 0.218726 0.218991 0.219114 0.219171 0.219235 0.219382 0.219685 0.220220 0.221061 0.222283 0.223959 0.230535 0.229930 0.229906 0.230362 0.231196 0.232305 0.233588 0.234943 0.236268 0.237461 0.238420 0.239044 0.239229 0.238876 0.237881 0.236142 0.248255 0.244886 0.243243 0.243079 0.244146 0.246195 0.248980 0.252252 0.255763 0.259266 0.262513 0.265255 0.267246 0.268236 0.267979 0.266226 0.281504 0.283314 0.285536 0.288122 0.291024 0.294194 0.297584 0.301146 0.304833 0.308597 0.312390 0.316163 0.319870 0.323463 0.326892 0.330112 0.340905 0.348398 0.356309 0.364325 0.372134 0.379425 0.385884 0.391201 0.395062 0.397155 0.397170 0.394792 0.389711 0.381614 0.370189 0.355124 0.117654 0.139257 0.157126 0.171599 0.183018 0.191722 0.198052 0.202348 0.204950 0.206197 0.206430 0.205990 0.205216 0.204448 0.204027 0.204292 0.210245 0.218075 0.225915 0.233747 0.241552 0.249313 0.257011 0.264628 0.272146 0.279546 0.286811 0.293922 0.300861 0.307610 0.314150 0.320464 0.482512 0.503651 0.538728 0.585040 0.639887 0.700566 0.764374 0.828610 0.890573 0.947559 0.996867 0.998543 1.000000 1.000000 1.000000 1.000000 1.000000 0.971444 0.953583 0.949227 0.954702 0.966333 0.967162 0.970118 0.974846 0.980994 0.988207 0.959602 0.911430 0.840015 0.741682 0.612758 0.558389 0.499854 0.449689 0.407222 0.371784 0.342702 0.319308 0.300930 0.286897 0.276539 0.269185 0.264164 0.260807 0.258442 0.256398 0.254006 0.230336 0.226339 0.221473 0.216001 0.210186 0.204292 0.198582 0.193320 0.188768 0.185190 0.182850 0.182011 0.182936 0.185889 0.191132 0.198930 0.117161 0.180183 0.233449 0.277704 0.313688 0.342147 0.363823 0.379460 0.389800 0.395587 0.397564 0.396474 0.393061 0.388068 0.382238 0.376314 0.355833 0.344570 0.335453 0.328228 0.322642 0.318442 0.315374 0.313186 0.311623 0.310433 0.309363 0.308159 0.306568 0.304336 0.301211 0.296939 0.277776 0.275626 0.274008 0.272815 0.271942 0.271281 0.270727 0.270173 0.269513 0.268640 0.267450 0.265834 0.263687 0.260903 0.257375 0.252997 0.250807 0.248196 0.245756 0.243485 0.241384 0.239450 0.237681 0.236078 0.234638 0.233360 0.232242 0.231285 0.230485 0.229843 0.229356 0.229023 0.229551 0.228707 0.227506 0.226035 0.224379 0.222626 0.220862 0.219173 0.217645 0.216365 0.215419 0.214894 0.214876 0.215451 0.216706 0.218726
0.213422 0.214930 0.216082 0.216936 0.217549 0.217978 0.218279 0.218510 0.218727 0.218988 0.219350 0.219870 0.220604 0.221610 0.222945 0.224665 0.229081 0.228843 0.229153 0.229910 0.231015 0.232367 0.233868 0.235417 0.236914 0.238261 0.239356 0.240101 0.240395 0.240139 0.239233 0.237578 0.247645 0.244635 0.243201 0.243121 0.244172 0.246133 0.248780 0.251893 0.255247 0.258622 0.261795 0.264544 0.266646 0.267879 0.268021 0.266850 0.280736 0.283798 0.286830 0.289845 0.292857 0.295878 0.298922 0.302001 0.305128 0.308316 0.311578 0.314928 0.318377 0.321940 0.325629 0.329456 0.343575 0.349116 0.356169 0.364128 0.372384 0.380331 0.387362 0.392871 0.396249 0.396890 0.394186 0.387532 0.376319 0.359941 0.337790 0.309260 0.114562 0.138393 0.157952 0.173641 0.185860 0.195010 0.201491 0.205705 0.208052 0.208933 0.208750 0.207902 0.206790 0.205816 0.205381 0.205884 0.213039 0.219423 0.226388 0.233817 0.241592 0.249595 0.257708 0.265812 0.273789 0.281522 0.288893 0.295782 0.302073 0.307647 0.312386 0.316172 0.480228 0.502623 0.533510 0.571281 0.614328 0.661042 0.709816 0.759040 0.807108 0.852409 0.893337 0.897534 0.906983 0.922607 0.945330 0.976075 0.929650 0.895054 0.875795 0.868736 0.870742 0.878679 0.878448 0.880618 0.884795 0.890586 0.897597 0.875282 0.836953 0.779475 0.699712 0.594530 0.520611 0.479703 0.442910 0.410036 0.380885 0.355262 0.332970 0.313814 0.297597 0.284124 0.273199 0.264626 0.258209 0.253752 0.251059 0.249934 0.231416 0.227438 0.222646 0.217289 0.211618 0.205884 0.200336 0.195226 0.190803 0.187318 0.185022 0.184164 0.184995 0.187765 0.192726 0.200126 0.114755 0.156345 0.195882 0.233042 0.267500 0.298933 0.327016 0.351427 0.371839 0.387930 0.399376 0.405852 0.407034 0.402599 0.392222 0.375578 0.356051 0.345393 0.336678 0.329677 0.324159 0.319894 0.316652 0.314202 0.312314 0.310757 0.309301 0.307715 0.305770 0.303235 0.299879 0.295473 0.276372 0.275043 0.273927 0.272970 0.272116 0.271311 0.270500 0.269627 0.268638 0.267477 0.266090 0.264422 0.262418 0.260023 0.257182 0.253839 0.250089 0.247132 0.244558 0.242333 0.240423 0.238794 0.237413 0.236244 0.235255 0.234411 0.233678 0.233022 0.232409 0.231805 0.231176 0.230489 0.229709 0.228099 0.226482 0.224887 0.223343 0.221878 0.220521 0.219302 0.218250 0.217393 0.216761 0.216382 0.216285 0.216499 0.217054 0.217978
0.214421 0.215139 0.215721 0.216200 0.216608 0.216979 0.217345 0.217738 0.218192 0.218740 0.219413 0.220245 0.221268 0.222515 0.224020 0.225814 0.226778 0.227193 0.228010 0.229149 0.230534 0.232086 0.233730 0.235388 0.236981 0.238434 0.239668 0.240606 0.241172 0.241286 0.240873 0.239855 0.245990 0.244004 0.243216 0.243462 0.244582 0.246414 0.248795 0.251563 0.254558 0.257617 0.260578 0.263280 0.265561 0.267258 0.268210 0.268255 0.279712 0.283894 0.287671 0.291105 0.294257 0.297189 0.299962 0.302639 0.305281 0.307949 0.310705 0.313610 0.316727 0.320116 0.323840 0.327960 0.348750 0.350775 0.356013 0.363432 0.372004 0.380698 0.388485 0.394333 0.397213 0.396095 0.389949 0.377745 0.358452 0.331041 0.294482 0.247744 0.132879 0.150458 0.164983 0.176741 0.186021 0.193111 0.198301 0.201878 0.204131 0.205349 0.205819 0.205831 0.205673 0.205634 0.206001 0.207064 0.217342 0.221195 0.226386 0.232679 0.239836 0.247618 0.255789 0.264109 0.272341 0.280247 0.287590 0.294131 0.299632 0.303856 0.306565 0.307520 0.462696 0.488861 0.513889 0.538046 0.561599 0.584813 0.607953 0.631286 0.655077 0.679593 0.705098 0.713232 0.730668 0.759204 0.800639 0.856775 0.786835 0.760022 0.743313 0.734742 0.732343 0.734151 0.731556 0.730895 0.731862 0.734151 0.737458 0.723211 0.699406 0.664079 0.615262 0.550989 0.451042 0.438176 0.422903 0.405742 0.387210 0.367827 0.348112 0.328583 0.309760 0.292160 0.276302 0.262706 0.251890 0.244373 0.240673 0.241309 0.230564 0.226512 0.221967 0.217099 0.212076 0.207064 0.202233 0.197750 0.193785 0.190504 0.188075 0.186668 0.186449 0.187588 0.190252 0.194609 0.134506 0.141109 0.157108 0.180642 0.209854 0.242886 0.277877 0.312970 0.346306 0.376026 0.400272 0.417185 0.424905 0.421575 0.405336 0.374329 0.355146 0.345815 0.338043 0.331643 0.326427 0.322205 0.318790 0.315993 0.313625 0.311499 0.309426 0.307217 0.304684 0.301639 0.297893 0.293258 0.274032 0.274022 0.273692 0.273073 0.272197 0.271094 0.269797 0.268336 0.266742 0.265046 0.263281 0.261476 0.259664 0.257876 0.256142 0.254494 0.248874 0.245228 0.242357 0.240168 0.238565 0.237453 0.236738 0.236326 0.236121 0.236029 0.235955 0.235805 0.235484 0.234898 0.233951 0.232550 0.229078 0.226537 0.224507 0.222929 0.221739 0.220879 0.220287 0.219902 0.219663 0.219510 0.219382 0.219217 0.218955 0.218535 0.217897 0.216979
0.215700 0.215393 0.215238 0.215238 0.215391 0.215700 0.216165 0.216786 0.217566 0.218503 0.219600 0.220857 0.222274 0.223854 0.225595 0.227500 0.223500 0.224906 0.226429 0.228039 0.229706 0.231400 0.233090 0.234745 0.236335 0.237830 0.239200 0.240414 0.241441 0.242251 0.242814 0.243100 0.243100 0.242919 0.243290 0.244150 0.245441 0.247100 0.249067 0.251282 0.253682 0.256209 0.258800 0.261395 0.263934 0.266354 0.268597 0.270600 0.278400 0.283506 0.287925 0.291751 0.295078 0.298000 0.300610 0.303001 0.305267 0.307502 0.309800 0.312254 0.314957 0.318003 0.321486 0.325500 0.356900 0.353568 0.355852 0.362152 0.370868 0.380400 0.389148 0.395512 0.397892 0.394688 0.384300 0.365128 0.335572 0.294032 0.238908 0.168600 0.176500 0.177543 0.178878 0.180470 0.182289 0.184300 0.186471 0.188770 0.191162 0.193617 0.196100 0.198579 0.201022 0.203394 0.205665 0.207800 0.223500 0.223574 0.225949 0.230247 0.236090 0.243100 0.250898 0.259105 0.267343 0.275234 0.282400 0.288462 0.293041 0.295759 0.296238 0.294100 0.427500 0.460508 0.477888 0.482684 0.477940 0.466700 0.452008 0.436908 0.424444 0.417660 0.419600 0.433308 0.461828 0.508204 0.575480 0.666700 0.568600 0.558362 0.548995 0.540437 0.532626 0.525500 0.518998 0.513059 0.507621 0.502622 0.498000 0.493694 0.489643 0.485785 0.482058 0.478400 0.345100 0.372187 0.387754 0.393306 0.390353 0.380400 0.364955 0.345526 0.323618 0.300741 0.278400 0.258103 0.241358 0.229670 0.224549 0.227500 0.227500 0.223218 0.219109 0.215171 0.211402 0.207800 0.204362 0.201085 0.197967 0.195006 0.192200 0.189546 0.187041 0.184683 0.182470 0.180400 0.180400 0.136449 0.117606 0.119950 0.139555 0.172500 0.214861 0.262714 0.312138 0.359207 0.400000 0.430593 0.447062 0.445486 0.421939 0.372500 0.352900 0.345735 0.339538 0.334182 0.329545 0.325500 0.321923 0.318690 0.315674 0.312753 0.309800 0.306691 0.303302 0.299506 0.295181 0.290200 0.270600 0.272490 0.273277 0.273119 0.272174 0.270600 0.268554 0.266193 0.263675 0.261158 0.258800 0.256758 0.255189 0.254251 0.254102 0.254900 0.247100 0.242356 0.238992 0.236820 0.235652 0.235300 0.235576 0.236292 0.237260 0.238292 0.239200 0.239796 0.239892 0.239300 0.237832 0.235300 0.227500 0.223848 0.221420 0.220028 0.219484 0.219600 0.220188 0.221060 0.222028 0.222904 0.223500 0.223628 0.223100 0.221728 0.219324 0.215700
0.211800 0.212772 0.213616 0.214364 0.215048 0.215700 0.216352 0.217036 0.217784 0.218628 0.219600 0.220732 0.222056 0.223604 0.225408 0.227500 0.231400 0.227298 0.224615 0.223193 0.222874 0.223500 0.224914 0.226959 0.229477 0.232310 0.235300 0.238290 0.241123 0.243641 0.245686 0.247100 0.251000 0.251473 0.252098 0.252878 0.253811 0.254900 0.256145 0.257546 0.259106 0.260823 0.262700 0.264737 0.266934 0.269294 0.271815 0.274500 0.282400 0.281737 0.281826 0.282638 0.284139 0.286300 0.289089 0.292474 0.296426 0.300911 0.305900 0.311361 0.317262 0.323574 0.330263 0.337300 0.341200 0.389556 0.413624 0.417044 0.403456 0.376500 0.339816 0.297044 0.251824 0.207796 0.168600 0.137876 0.119264 0.116404 0.132936 0.172500 0.176500 0.178938 0.180843 0.182309 0.183430 0.184300 0.185014 0.185667 0.186353 0.187166 0.188200 0.189550 0.191311 0.193577 0.196442 0.200000 0.215700 0.210699 0.209186 0.210562 0.214233 0.219600 0.226067 0.233038 0.239914 0.246101 0.251000 0.254015 0.254550 0.252006 0.245789 0.235300 0.266700 0.269790 0.272967 0.276169 0.279334 0.282400 0.285306 0.287991 0.290393 0.292450 0.294100 0.295282 0.295935 0.295997 0.295406 0.294100 0.325500 0.329710 0.330009 0.327023 0.321378 0.313700 0.304614 0.294745 0.284719 0.275162 0.266700 0.259958 0.255561 0.254135 0.256306 0.262700 0.274500 0.268342 0.264039 0.261245 0.259614 0.258800 0.258458 0.258243 0.257809 0.256810 0.254900 0.251734 0.246967 0.240253 0.231246 0.219600 0.207800 0.211122 0.213025 0.213667 0.213206 0.211800 0.209606 0.206781 0.203483 0.199870 0.196100 0.192330 0.188717 0.185419 0.182594 0.180400 0.176500 0.174595 0.172854 0.171274 0.169857 0.168600 0.167503 0.166566 0.165786 0.165165 0.164700 0.164391 0.164238 0.164238 0.164393 0.164700 0.345100 0.341934 0.338265 0.334219 0.329922 0.325500 0.321078 0.316781 0.312735 0.309066 0.305900 0.303362 0.301577 0.300671 0.300770 0.302000 0.286300 0.285006 0.283053 0.280567 0.277674 0.274500 0.271170 0.267809 0.264543 0.261498 0.258800 0.256574 0.254945 0.254039 0.253982 0.254900 0.251000 0.250655 0.249538 0.247802 0.245605 0.243100 0.240443 0.237790 0.235294 0.233113 0.231400 0.230311 0.230002 0.230626 0.232341 0.235300 0.223500 0.226015 0.227546 0.228218 0.228161 0.227500 0.226363 0.224878 0.223170 0.221369 0.219600 0.217991 0.216670 0.215762 0.215397 0.215700
0.211114 0.212034 0.213124 0.214339 0.215638 0.216979 0.218319 0.219615 0.220825 0.221907 0.222818 0.223516 0.223958 0.224102 0.223906 0.223326 0.228105 0.227205 0.226802 0.226843 0.227279 0.228057 0.229127 0.230437 0.231937 0.233575 0.235300 0.237062 0.238808 0.240489 0.242053 0.243448 0.249034 0.250670 0.252266 0.253826 0.255357 0.256866 0.258356 0.259835 0.261308 0.262781 0.264260 0.265750 0.267258 0.268788 0.270348 0.271942 0.279131 0.282460 0.284627 0.285956 0.286770 0.287392 0.288147 0.289358 0.291349 0.294444 0.298966 0.305240 0.313588 0.324334 0.337802 0.354317 0.282029 0.314751 0.331144 0.333657 0.324739 0.306842 0.282416 0.253909 0.223773 0.194458 0.168413 0.148088 0.135935 0.134402 0.145940 0.172999 0.176748 0.178825 0.180552 0.181989 0.183194 0.184224 0.185139 0.185996 0.186855 0.187774 0.188810 0.190024 0.191472 0.193213 0.195306 0.197810 0.210563 0.208481 0.208363 0.209874 0.212676 0.216434 0.220809 0.225466 0.230067 0.234276 0.237757 0.240172 0.241184 0.240458 0.237656 0.232441 0.252659 0.261389 0.267790 0.272173 0.274848 0.276123 0.276310 0.275717 0.274655 0.273432 0.272360 0.271747 0.271903 0.273139 0.275763 0.280086 0.297442 0.299390 0.298709 0.295844 0.291241 0.285344 0.278598 0.271446 0.264336 0.257709 0.252013 0.247690 0.245187 0.244947 0.247416 0.253038 0.260749 0.257650 0.255346 0.253644 0.252353 0.251282 0.250239 0.249034 0.247474 0.245369 0.242526 0.238756 0.233866 0.227664 0.219961 0.210563 0.209378 0.210223 0.210047 0.208996 0.207217 0.204857 0.202062 0.198980 0.195758 0.192542 0.189479 0.186716 0.184401 0.182678 0.181697 0.181603 0.175874 0.174814 0.173802 0.172840 0.171927 0.171065 0.170254 0.169496 0.168790 0.168137 0.167539 0.166996 0.166508 0.166077 0.165703 0.165386 0.286615 0.317594 0.338521 0.350727 0.355543 0.354300 0.348328 0.338959 0.327522 0.315349 0.303771 0.294118 0.287721 0.285911 0.290019 0.301374 0.286986 0.284349 0.281713 0.279091 0.276494 0.273934 0.271422 0.268971 0.266591 0.264295 0.262095 0.260002 0.258028 0.256184 0.254482 0.252934 0.248601 0.247920 0.246716 0.245087 0.243132 0.240947 0.238632 0.236284 0.234002 0.231884 0.230027 0.228530 0.227492 0.227009 0.227181 0.228105 0.224999 0.226851 0.227907 0.228268 0.228035 0.227308 0.226188 0.224775 0.223170 0.221474 0.219787 0.218210 0.216844 0.215788 0.215145 0.215014
0.210833 0.211830 0.213122 0.214630 0.216275 0.217978 0.219658 0.221236 0.222634 0.223770 0.224567 0.224945 0.224823 0.224123 0.222766 0.220671 0.225794 0.227200 0.228432 0.229518 0.230484 0.231358 0.232168 0.232939 0.233700 0.234478 0.235300 0.236193 0.237184 0.238301 0.239571 0.241020 0.247755 0.250220 0.252475 0.254537 0.256422 0.258145 0.259722 0.261168 0.262500 0.263734 0.264884 0.265967 0.266999 0.267996 0.268972 0.269945 0.277350 0.282310 0.285456 0.287219 0.288032 0.288328 0.288538 0.289096 0.290433 0.292982 0.297175 0.303445 0.312225 0.323946 0.339041 0.357942 0.235846 0.256383 0.266802 0.268625 0.263370 0.252559 0.237711 0.220346 0.201985 0.184146 0.168350 0.156118 0.148968 0.148422 0.155998 0.173218 0.176348 0.178245 0.179895 0.181336 0.182602 0.183732 0.184761 0.185726 0.186663 0.187608 0.188599 0.189672 0.190862 0.192206 0.193742 0.195505 0.205614 0.205510 0.206332 0.207921 0.210119 0.212765 0.215701 0.218768 0.221806 0.224657 0.227162 0.229162 0.230497 0.231009 0.230539 0.228926 0.240242 0.252509 0.260901 0.265968 0.268258 0.268322 0.266707 0.263963 0.260639 0.257284 0.254448 0.252679 0.252527 0.254540 0.259269 0.267261 0.274083 0.274298 0.272942 0.270305 0.266679 0.262352 0.257615 0.252758 0.248071 0.243844 0.240366 0.237929 0.236822 0.237335 0.239758 0.244381 0.248478 0.247533 0.246635 0.245707 0.244670 0.243445 0.241954 0.240118 0.237859 0.235097 0.231755 0.227754 0.223015 0.217460 0.211009 0.203586 0.209073 0.208061 0.206388 0.204180 0.201564 0.198666 0.195615 0.192535 0.189555 0.186800 0.184398 0.182475 0.181157 0.180573 0.180848 0.182110 0.175131 0.174719 0.174251 0.173731 0.173166 0.172562 0.171925 0.171261 0.170575 0.169873 0.169162 0.168447 0.167734 0.167029 0.166338 0.165667 0.240714 0.292409 0.328846 0.351974 0.363741 0.366096 0.360987 0.350362 0.336171 0.320361 0.304882 0.291681 0.282706 0.279908 0.285233 0.300631 0.287267 0.283863 0.280870 0.278226 0.275872 0.273745 0.271785 0.269932 0.268125 0.266303 0.264406 0.262371 0.260140 0.257651 0.254843 0.251655 0.246642 0.245845 0.244683 0.243215 0.241503 0.239606 0.237584 0.235500 0.233411 0.231380 0.229466 0.227729 0.226231 0.225030 0.224189 0.223766 0.226086 0.227521 0.228268 0.228414 0.228043 0.227244 0.226103 0.224706 0.223141 0.221493 0.219850 0.218297 0.216923 0.215813 0.215054 0.214733
0.210895 0.212065 0.213519 0.215170 0.216935 0.218726 0.220460 0.222049 0.223408 0.224453 0.225097 0.225255 0.224841 0.223769 0.221955 0.219313 0.224342 0.227268 0.229572 0.231335 0.232638 0.233562 0.234186 0.234591 0.234858 0.235067 0.235300 0.235636 0.236156 0.236942 0.238072 0.239628 0.247069 0.250068 0.252714 0.255037 0.257066 0.258831 0.260362 0.261687 0.262837 0.263841 0.264728 0.265528 0.266270 0.266985 0.267701 0.268447 0.276802 0.281507 0.284744 0.286861 0.288200 0.289108 0.289929 0.291008 0.292690 0.295319 0.299241 0.304800 0.312342 0.322211 0.334752 0.350310 0.201210 0.212618 0.218574 0.219896 0.217406 0.211925 0.204273 0.195273 0.185743 0.176506 0.168382 0.162191 0.158756 0.158896 0.163432 0.173186 0.175424 0.177287 0.178938 0.180405 0.181713 0.182888 0.183957 0.184946 0.185880 0.186787 0.187693 0.188623 0.189604 0.190662 0.191824 0.193115 0.200882 0.201955 0.203327 0.204946 0.206760 0.208719 0.210771 0.212863 0.214945 0.216964 0.218870 0.220610 0.222132 0.223386 0.224320 0.224882 0.229354 0.243350 0.252671 0.257993 0.259990 0.259338 0.256712 0.252785 0.248234 0.243733 0.239956 0.237579 0.237276 0.239723 0.245594 0.255563 0.254953 0.253904 0.252137 0.249812 0.247089 0.244128 0.241089 0.238132 0.235417 0.233104 0.231354 0.230325 0.230179 0.231075 0.233174 0.236635 0.237594 0.238020 0.238020 0.237593 0.236736 0.235447 0.233725 0.231567 0.228972 0.225937 0.222461 0.218541 0.214176 0.209363 0.204100 0.198386 0.207199 0.204877 0.202216 0.199317 0.196277 0.193198 0.190177 0.187314 0.184708 0.182459 0.180666 0.179429 0.178845 0.179016 0.180039 0.182014 0.174301 0.174356 0.174262 0.174031 0.173679 0.173218 0.172661 0.172023 0.171317 0.170556 0.169754 0.168925 0.168082 0.167239 0.166408 0.165605 0.206014 0.266989 0.311148 0.340567 0.357323 0.363492 0.361152 0.352378 0.339249 0.323839 0.308226 0.294487 0.284699 0.280937 0.285279 0.299801 0.287205 0.283511 0.280426 0.277851 0.275688 0.273839 0.272206 0.270689 0.269191 0.267614 0.265858 0.263827 0.261420 0.258540 0.255090 0.250969 0.245094 0.244354 0.243332 0.242064 0.240591 0.238950 0.237181 0.235322 0.233411 0.231488 0.229590 0.227758 0.226028 0.224440 0.223033 0.221846 0.226822 0.228043 0.228615 0.228623 0.228149 0.227276 0.226086 0.224663 0.223089 0.221446 0.219818 0.218288 0.216938 0.215850 0.215109 0.214795
0.211238 0.212648 0.214222 0.215893 0.217593 0.219257 0.220816 0.222202 0.223350 0.224191 0.224658 0.224683 0.224201 0.223143 0.221441 0.219030 0.223619 0.227392 0.230286 0.232415 0.233890 0.234823 0.235328 0.235515 0.235498 0.235389 0.235300 0.235343 0.235631 0.236275 0.237389 0.239084 0.246882 0.250160 0.252967 0.255349 0.257351 0.259018 0.260398 0.261535 0.262475 0.263264 0.263948 0.264572 0.265182 0.265824 0.266544 0.267386 0.277237 0.280270 0.282925 0.285313 0.287545 0.289732 0.291985 0.294415 0.297133 0.300250 0.303878 0.308126 0.313107 0.318930 0.325708 0.333551 0.176675 0.181628 0.184434 0.185418 0.184903 0.183214 0.180673 0.177605 0.174333 0.171182 0.168475 0.166536 0.165689 0.166258 0.168566 0.172937 0.174100 0.176040 0.177750 0.179255 0.180582 0.181756 0.182802 0.183746 0.184612 0.185428 0.186218 0.187007 0.187821 0.188686 0.189628 0.190670 0.196401 0.197984 0.199580 0.201187 0.202802 0.204422 0.206047 0.207672 0.209296 0.210917 0.212531 0.214137 0.215733 0.217315 0.218882 0.220431 0.219905 0.234111 0.243469 0.248687 0.250467 0.249517 0.246540 0.242243 0.237329 0.232505 0.228476 0.225947 0.225622 0.228208 0.234409 0.244930 0.239582 0.237680 0.235725 0.233771 0.231870 0.230076 0.228442 0.227020 0.225865 0.225030 0.224567 0.224530 0.224973 0.225947 0.227508 0.229706 0.227999 0.229141 0.229613 0.229459 0.228722 0.227446 0.225676 0.223454 0.220824 0.217831 0.214518 0.210928 0.207107 0.203096 0.198941 0.194685 0.204070 0.200913 0.197702 0.194506 0.191389 0.188419 0.185663 0.183185 0.181055 0.179336 0.178097 0.177403 0.177321 0.177918 0.179260 0.181413 0.173414 0.173768 0.173896 0.173822 0.173568 0.173155 0.172607 0.171945 0.171193 0.170372 0.169505 0.168614 0.167722 0.166851 0.166023 0.165262 0.181137 0.241947 0.287334 0.319112 0.339094 0.349092 0.350921 0.346393 0.337321 0.325520 0.312801 0.300978 0.291865 0.287274 0.289020 0.298914 0.286862 0.283252 0.280281 0.277841 0.275824 0.274122 0.272629 0.271236 0.269835 0.268319 0.266581 0.264512 0.262006 0.258953 0.255248 0.250782 0.243923 0.243370 0.242556 0.241513 0.240270 0.238857 0.237303 0.235638 0.233892 0.232095 0.230277 0.228467 0.226694 0.224990 0.223383 0.221903 0.227273 0.228431 0.228934 0.228867 0.228318 0.227372 0.226116 0.224638 0.223022 0.221355 0.219725 0.218217 0.216918 0.215914 0.215292 0.215138
0.211800 0.213485 0.215138 0.216730 0.218227 0.219600 0.220817 0.221846 0.222658 0.223219 0.223500 0.223469 0.223094 0.222346 0.221191 0.219600 0.223500 0.227558 0.230641 0.232875 0.234386 0.235300 0.235742 0.235837 0.235711 0.235490 0.235300 0.235266 0.235513 0.236167 0.237354 0.239200 0.247100 0.250443 0.253222 0.255498 0.257337 0.258800 0.259951 0.260854 0.261570 0.262165 0.262700 0.263239 0.263846 0.264582 0.265513 0.266700 0.278400 0.278821 0.280430 0.283010 0.286339 0.290200 0.294373 0.298638 0.302778 0.306571 0.309800 0.312245 0.313686 0.313906 0.312683 0.309800 0.160800 0.161580 0.162360 0.163140 0.163920 0.164700 0.165480 0.166260 0.167040 0.167820 0.168600 0.169380 0.170160 0.170940 0.171720 0.172500 0.172500 0.174592 0.176396 0.177944 0.179268 0.180400 0.181372 0.182216 0.182964 0.183648 0.184300 0.184952 0.185636 0.186384 0.187228 0.188200 0.192200 0.193765 0.195326 0.196886 0.198443 0.200000 0.201557 0.203114 0.204674 0.206235 0.207800 0.209369 0.210942 0.212522 0.214107 0.215700 0.211800 0.224990 0.233667 0.238489 0.240114 0.239200 0.236406 0.232391 0.227813 0.223330 0.219600 0.217282 0.217035 0.219517 0.225386 0.235300 0.227500 0.225096 0.223136 0.221588 0.220420 0.219600 0.219096 0.218876 0.218908 0.219160 0.219600 0.220196 0.220916 0.221728 0.222600 0.223500 0.219600 0.220928 0.221528 0.221464 0.220800 0.219600 0.217928 0.215848 0.213424 0.210720 0.207800 0.204728 0.201568 0.198384 0.195240 0.192200 0.200000 0.196410 0.193015 0.189845 0.186930 0.184300 0.181986 0.180019 0.178429 0.177246 0.176500 0.176222 0.176443 0.177193 0.178502 0.180400 0.172500 0.172999 0.173218 0.173186 0.172937 0.172500 0.171907 0.171190 0.170378 0.169505 0.168600 0.167695 0.166822 0.166010 0.165293 0.164700 0.164700 0.217892 0.259312 0.290216 0.311860 0.325500 0.332392 0.333792 0.330956 0.325140 0.317600 0.309592 0.302372 0.297196 0.295320 0.298000 0.286300 0.283049 0.280338 0.278074 0.276159 0.274500 0.273001 0.271566 0.270102 0.268511 0.266700 0.264573 0.262034 0.258990 0.255343 0.251000 0.243100 0.242814 0.242251 0.241441 0.240414 0.239200 0.237830 0.236335 0.234745 0.233090 0.231400 0.229706 0.228039 0.226429 0.224906 0.223500 0.227500 0.228703 0.229210 0.229114 0.228513 0.227500 0.226171 0.224622 0.222946 0.221241 0.219600 0.218119 0.216894 0.216018 0.215589 0.215700
0.212518 0.214483 0.216177 0.217615 0.218813 0.219787 0.220554 0.221131 0.221532 0.221774 0.221874 0.221848 0.221711 0.221481 0.221172 0.220802 0.223857 0.227749 0.230701 0.232836 0.234277 0.235149 0.235575 0.235679 0.235586 0.235418 0.235300 0.235355 0.235708 0.236482 0.237801 0.239788 0.247630 0.250864 0.253464 0.255511 0.257086 0.258270 0.259142 0.259785 0.260279 0.260703 0.261140 0.261669 0.262372 0.263328 0.264619 0.266326 0.280039 0.277380 0.277693 0.280383 0.284855 0.290512 0.296759 0.302999 0.308637 0.313076 0.315722 0.315979 0.313249 0.306938 0.296450 0.281189 0.152141 0.150644 0.150326 0.151009 0.152513 0.154658 0.157266 0.160155 0.163148 0.166064 0.168725 0.170950 0.172560 0.173376 0.173218 0.171907 0.170748 0.173033 0.174945 0.176529 0.177827 0.178884 0.179743 0.180447 0.181040 0.181565 0.182066 0.182587 0.183171 0.183860 0.184700 0.185734 0.188311 0.189466 0.190799 0.192283 0.193885 0.195578 0.197329 0.199110 0.200890 0.202640 0.204329 0.205927 0.207405 0.208731 0.209877 0.210813 0.204947 0.216188 0.223634 0.227838 0.229353 0.228731 0.226526 0.223289 0.219574 0.215933 0.212920 0.211087 0.210986 0.213172 0.218195 0.226610 0.218238 0.215623 0.213799 0.212669 0.212136 0.212104 0.212475 0.213151 0.214036 0.215033 0.216045 0.216974 0.217723 0.218195 0.218294 0.217922 0.212301 0.213410 0.213876 0.213765 0.213141 0.212066 0.210605 0.208822 0.206781 0.204547 0.202182 0.199752 0.197320 0.194949 0.192705 0.190651 0.195302 0.191612 0.188325 0.185433 0.182930 0.180809 0.179062 0.177684 0.176667 0.176003 0.175687 0.175711 0.176069 0.176752 0.177755 0.179071 0.171590 0.172095 0.172287 0.172206 0.171889 0.171377 0.170707 0.169918 0.169050 0.168140 0.167227 0.166351 0.165550 0.164862 0.164327 0.163982 0.155323 0.195436 0.228989 0.256486 0.278428 0.295320 0.307664 0.315963 0.320720 0.322437 0.321619 0.318768 0.314386 0.308978 0.303045 0.297090 0.285582 0.282862 0.280499 0.278426 0.276575 0.274878 0.273267 0.271677 0.270037 0.268282 0.266343 0.264153 0.261645 0.258750 0.255401 0.251530 0.242593 0.242612 0.242310 0.241725 0.240895 0.239855 0.238645 0.237300 0.235859 0.234358 0.232835 0.231328 0.229873 0.228508 0.227270 0.226197 0.227567 0.228875 0.229429 0.229335 0.228699 0.227628 0.226229 0.224607 0.222870 0.221124 0.219475 0.218030 0.216895 0.216177 0.215983 0.216418
0.213329 0.215550 0.217244 0.218480 0.219326 0.219850 0.220120 0.220205 0.220173 0.220092 0.220031 0.220058 0.220242 0.220651 0.221352 0.222415 0.224562 0.227952 0.230533 0.232415 0.233710 0.234526 0.234976 0.235167 0.235212 0.235219 0.235300 0.235564 0.236122 0.237084 0.238560 0.240660 0.248379 0.251368 0.253680 0.255411 0.256659 0.257521 0.258093 0.258472 0.258756 0.259041 0.259424 0.260002 0.260872 0.262130 0.263874 0.266201 0.281902 0.276167 0.275145 0.277868 0.283365 0.290668 0.298808 0.306817 0.313724 0.318561 0.320359 0.318149 0.310963 0.297830 0.277782 0.249850 0.149254 0.146988 0.146309 0.146974 0.148740 0.151363 0.154600 0.158208 0.161942 0.165560 0.168818 0.171473 0.173281 0.173999 0.173383 0.171190 0.168968 0.171450 0.173464 0.175067 0.176317 0.177272 0.177990 0.178528 0.178945 0.179297 0.179643 0.180041 0.180548 0.181221 0.182120 0.183301 0.184766 0.185254 0.186233 0.187619 0.189329 0.191281 0.193392 0.195579 0.197759 0.199851 0.201770 0.203435 0.204763 0.205670 0.206075 0.205894 0.199254 0.207903 0.213741 0.217175 0.218610 0.218454 0.217112 0.214993 0.212501 0.210044 0.208028 0.206860 0.206946 0.208693 0.212508 0.218797 0.211327 0.208731 0.207143 0.206420 0.206417 0.206992 0.208000 0.209298 0.210742 0.212189 0.213494 0.214515 0.215107 0.215128 0.214432 0.212877 0.206006 0.206616 0.206772 0.206521 0.205915 0.205001 0.203829 0.202447 0.200906 0.199253 0.197539 0.195812 0.194121 0.192516 0.191045 0.189758 0.190289 0.186759 0.183800 0.181368 0.179421 0.177914 0.176805 0.176049 0.175604 0.175425 0.175470 0.175694 0.176055 0.176509 0.177012 0.177522 0.170715 0.171099 0.171167 0.170962 0.170529 0.169910 0.169151 0.168293 0.167382 0.166461 0.165574 0.164763 0.164074 0.163550 0.163235 0.163171 0.151626 0.175190 0.198274 0.220528 0.241604 0.261156 0.278834 0.294291 0.307179 0.317149 0.323854 0.326945 0.326075 0.320895 0.311058 0.296215 0.284771 0.282654 0.280666 0.278775 0.276950 0.275161 0.273375 0.271561 0.269687 0.267724 0.265638 0.263398 0.260974 0.258334 0.255446 0.252279 0.242370 0.242685 0.242627 0.242245 0.241586 0.240698 0.239626 0.238419 0.237124 0.235788 0.234458 0.233181 0.232005 0.230977 0.230145 0.229554 0.227538 0.228964 0.229578 0.229497 0.228840 0.227724 0.226267 0.224586 0.222800 0.221026 0.219382 0.217985 0.216954 0.216405 0.216458 0.217229
0.214171 0.216592 0.218249 0.219260 0.219743 0.219818 0.219604 0.219218 0.218780 0.218408 0.218221 0.218338 0.218877 0.219958 0.221698 0.224217 0.225490 0.228149 0.230201 0.231733 0.232833 0.233590 0.234091 0.234424 0.234678 0.234941 0.235300 0.235844 0.236661 0.237838 0.239465 0.241628 0.249253 0.251902 0.253856 0.255224 0.256118 0.256647 0.256924 0.257057 0.257159 0.257339 0.257708 0.258377 0.259456 0.261057 0.263289 0.266263 0.283734 0.275403 0.273219 0.275895 0.282141 0.290668 0.300188 0.309413 0.317053 0.321820 0.322425 0.317579 0.305994 0.286382 0.257452 0.217918 0.150698 0.148781 0.148283 0.148982 0.150658 0.153089 0.156055 0.159334 0.162707 0.165953 0.168850 0.171177 0.172715 0.173241 0.172536 0.170378 0.167284 0.169933 0.172019 0.173616 0.174794 0.175628 0.176189 0.176550 0.176783 0.176961 0.177157 0.177442 0.177890 0.178572 0.179562 0.180931 0.181594 0.181299 0.181861 0.183134 0.184974 0.187235 0.189772 0.192440 0.195094 0.197588 0.199778 0.201517 0.202661 0.203065 0.202583 0.201070 0.194626 0.200334 0.204358 0.206937 0.208308 0.208710 0.208382 0.207560 0.206483 0.205389 0.204516 0.204102 0.204386 0.205604 0.207996 0.211799 0.206297 0.203892 0.202600 0.202247 0.202661 0.203668 0.205095 0.206769 0.208517 0.210166 0.211542 0.212472 0.212783 0.212302 0.210856 0.208271 0.200622 0.200578 0.200326 0.199890 0.199294 0.198563 0.197722 0.196795 0.195807 0.194782 0.193745 0.192720 0.191733 0.190807 0.189967 0.189238 0.185275 0.182093 0.179610 0.177750 0.176434 0.175586 0.175128 0.174983 0.175075 0.175326 0.175658 0.175995 0.176260 0.176375 0.176263 0.175846 0.169905 0.170056 0.169919 0.169539 0.168959 0.168226 0.167383 0.166478 0.165553 0.164654 0.163826 0.163115 0.162564 0.162220 0.162126 0.162329 0.152226 0.157765 0.169072 0.184948 0.204195 0.225612 0.248001 0.270164 0.290900 0.309011 0.323298 0.332562 0.335604 0.331224 0.318224 0.295405 0.283929 0.282385 0.280739 0.278997 0.277167 0.275255 0.273268 0.271214 0.269098 0.266928 0.264710 0.262452 0.260161 0.257842 0.255504 0.253153 0.242402 0.242956 0.243096 0.242880 0.242363 0.241602 0.240656 0.239579 0.238431 0.237266 0.236142 0.235117 0.234246 0.233588 0.233198 0.233134 0.227474 0.228985 0.229642 0.229571 0.228901 0.227756 0.226264 0.224551 0.222743 0.220967 0.219350 0.218018 0.217098 0.216716 0.216998 0.218071
0.214982 0.217517 0.219098 0.219886 0.220041 0.219725 0.219097 0.218320 0.217553 0.216957 0.216694 0.216923 0.217806 0.219504 0.222177 0.225986 0.226511 0.228326 0.229771 0.230908 0.231795 0.232495 0.233068 0.233574 0.234075 0.234630 0.235300 0.236146 0.237229 0.238609 0.240348 0.242504 0.250158 0.252413 0.253978 0.254974 0.255522 0.255742 0.255755 0.255682 0.255642 0.255758 0.256148 0.256934 0.258237 0.260177 0.262874 0.266450 0.285285 0.275309 0.272348 0.274899 0.281455 0.290512 0.300565 0.310108 0.317638 0.321648 0.320634 0.313090 0.297512 0.272395 0.236234 0.187523 0.155027 0.154193 0.154225 0.154982 0.156324 0.158110 0.160199 0.162452 0.164728 0.166887 0.168787 0.170289 0.171253 0.171537 0.171001 0.169505 0.165820 0.168570 0.170679 0.172233 0.173317 0.174016 0.174416 0.174602 0.174660 0.174676 0.174734 0.174920 0.175319 0.176018 0.177101 0.178654 0.178829 0.177768 0.177917 0.179070 0.181021 0.183566 0.186499 0.189615 0.192708 0.195572 0.198003 0.199795 0.200742 0.200640 0.199282 0.196463 0.190973 0.193679 0.195855 0.197563 0.198872 0.199845 0.200548 0.201048 0.201408 0.201696 0.201976 0.202314 0.202775 0.203425 0.204330 0.205554 0.202678 0.200575 0.199597 0.199556 0.200265 0.201536 0.203183 0.205017 0.206853 0.208503 0.209779 0.210495 0.210463 0.209497 0.207408 0.204010 0.196051 0.195325 0.194653 0.194029 0.193449 0.192910 0.192408 0.191937 0.191494 0.191074 0.190674 0.190288 0.189914 0.189546 0.189180 0.188813 0.180574 0.177857 0.175926 0.174675 0.173999 0.173791 0.173946 0.174356 0.174917 0.175522 0.176065 0.176440 0.176541 0.176262 0.175498 0.174141 0.169190 0.169011 0.168606 0.168016 0.167283 0.166447 0.165550 0.164633 0.163737 0.162903 0.162173 0.161587 0.161188 0.161016 0.161112 0.161518 0.155745 0.143772 0.143293 0.152355 0.169005 0.191292 0.217263 0.244967 0.272451 0.297762 0.318949 0.334059 0.341141 0.338241 0.323408 0.294690 0.283118 0.282017 0.280621 0.278970 0.277105 0.275066 0.272895 0.270630 0.268314 0.265987 0.263689 0.261460 0.259343 0.257376 0.255601 0.254058 0.242655 0.243349 0.243612 0.243507 0.243097 0.242445 0.241614 0.240668 0.239669 0.238680 0.237765 0.236986 0.236406 0.236089 0.236098 0.236495 0.227441 0.228955 0.229607 0.229527 0.228845 0.227692 0.226198 0.224492 0.222706 0.220970 0.219413 0.218166 0.217359 0.217123 0.217587 0.218882
0.215700 0.218232 0.219700 0.220292 0.220196 0.219600 0.218692 0.217660 0.216692 0.215976 0.215700 0.216052 0.217220 0.219392 0.222756 0.227500 0.227500 0.228467 0.229310 0.230058 0.230745 0.231400 0.232055 0.232742 0.233490 0.234333 0.235300 0.236423 0.237734 0.239262 0.241041 0.243100 0.251000 0.252846 0.254033 0.254687 0.254934 0.254900 0.254710 0.254489 0.254363 0.254458 0.254900 0.255814 0.257325 0.259559 0.262642 0.266700 0.286300 0.276104 0.272964 0.275312 0.281580 0.290200 0.299604 0.308224 0.314492 0.316840 0.313700 0.303504 0.284684 0.255672 0.214900 0.160800 0.160800 0.161393 0.162110 0.162922 0.163795 0.164700 0.165605 0.166478 0.167290 0.168007 0.168600 0.169037 0.169286 0.169318 0.169099 0.168600 0.164700 0.167450 0.169511 0.170977 0.171942 0.172500 0.172746 0.172775 0.172681 0.172558 0.172500 0.172602 0.172959 0.173665 0.174814 0.176500 0.176500 0.174829 0.174634 0.175666 0.177671 0.180400 0.183601 0.187022 0.190414 0.193523 0.196100 0.197893 0.198650 0.198122 0.196055 0.192200 0.188200 0.188139 0.188602 0.189494 0.190725 0.192200 0.193827 0.195514 0.197166 0.198693 0.200000 0.200995 0.201586 0.201678 0.201181 0.200000 0.200000 0.198253 0.197566 0.197754 0.198627 0.200000 0.201685 0.203494 0.205242 0.206739 0.207800 0.208237 0.207862 0.206490 0.203931 0.200000 0.192200 0.190888 0.189864 0.189096 0.188552 0.188200 0.188008 0.187944 0.187976 0.188072 0.188200 0.188328 0.188424 0.188456 0.188392 0.188200 0.176500 0.174292 0.172916 0.172244 0.172148 0.172500 0.173172 0.174036 0.174964 0.175828 0.176500 0.176852 0.176756 0.176084 0.174708 0.172500 0.168600 0.168007 0.167290 0.166478 0.165605 0.164700 0.163795 0.162922 0.162110 0.161393 0.160800 0.160363 0.160114 0.160082 0.160301 0.160800 0.160800 0.133822 0.122843 0.125353 0.138842 0.160800 0.188718 0.220087 0.252397 0.283138 0.309800 0.329874 0.340851 0.340221 0.325474 0.294100 0.282400 0.281511 0.280214 0.278570 0.276645 0.274500 0.272199 0.269806 0.267382 0.264993 0.262700 0.260567 0.258658 0.257034 0.255761 0.254900 0.243100 0.243786 0.244067 0.244005 0.243662 0.243100 0.242382 0.241571 0.240729 0.239918 0.239200 0.238638 0.238295 0.238233 0.238514 0.239200 0.227500 0.228890 0.229459 0.229333 0.228638 0.227500 0.226046 0.224403 0.222697 0.221054 0.219600 0.218462 0.217767 0.217641 0.218210 0.219600
0.216262 0.218643 0.219962 0.220411 0.220184 0.219475 0.218479 0.217388 0.216397 0.215700 0.215490 0.215962 0.217309 0.219724 0.223403 0.228538 0.228329 0.228557 0.228881 0.229305 0.229830 0.230461 0.231200 0.232050 0.233015 0.234097 0.235300 0.236626 0.238079 0.239662 0.241377 0.243228 0.251686 0.253148 0.254007 0.254388 0.254415 0.254214 0.253907 0.253620 0.253477 0.253602 0.254120 0.255155 0.256831 0.259272 0.262604 0.266950 0.286527 0.278010 0.275499 0.277568 0.282788 0.289732 0.296972 0.303080 0.306629 0.306191 0.300338 0.287643 0.266677 0.236013 0.194224 0.139881 0.166573 0.168549 0.169914 0.170749 0.171129 0.171134 0.170842 0.170330 0.169676 0.168959 0.168257 0.167647 0.167208 0.167018 0.167154 0.167695 0.164048 0.166662 0.168582 0.169904 0.170726 0.171144 0.171256 0.171159 0.170949 0.170725 0.170582 0.170619 0.170932 0.171618 0.172774 0.174498 0.174639 0.172650 0.172248 0.173163 0.175124 0.177862 0.181104 0.184582 0.188025 0.191161 0.193721 0.195434 0.196029 0.195236 0.192785 0.188405 0.186215 0.183912 0.182969 0.183169 0.184291 0.186119 0.188433 0.191015 0.193646 0.196107 0.198180 0.199646 0.200288 0.199885 0.198220 0.195074 0.197794 0.196395 0.195936 0.196245 0.197146 0.198464 0.200025 0.201653 0.203174 0.204414 0.205197 0.205348 0.204694 0.203058 0.200267 0.196146 0.188973 0.187296 0.186073 0.185250 0.184773 0.184590 0.184646 0.184888 0.185263 0.185718 0.186198 0.186651 0.187023 0.187261 0.187311 0.187119 0.173366 0.171640 0.170750 0.170554 0.170911 0.171681 0.172721 0.173892 0.175052 0.176060 0.176775 0.177056 0.176762 0.175752 0.173885 0.171019 0.168166 0.167090 0.166032 0.165007 0.164028 0.163109 0.162264 0.161506 0.160850 0.160308 0.159895 0.159624 0.159510 0.159565 0.159803 0.160238 0.166011 0.128527 0.109631 0.106550 0.116511 0.136740 0.164465 0.196911 0.231306 0.264875 0.294847 0.318447 0.332903 0.335440 0.323286 0.293666 0.281838 0.280829 0.279419 0.277675 0.275667 0.273462 0.271128 0.268734 0.266348 0.264037 0.261871 0.259917 0.258244 0.256918 0.256010 0.255586 0.243705 0.244191 0.244357 0.244253 0.243931 0.243443 0.242841 0.242176 0.241501 0.240866 0.240323 0.239925 0.239723 0.239768 0.240113 0.240809 0.227715 0.228808 0.229185 0.228959 0.228242 0.227148 0.225788 0.224275 0.222722 0.221240 0.219943 0.218943 0.218352 0.218284 0.218849 0.220162
0.216605 0.218658 0.219791 0.220175 0.219981 0.219382 0.218549 0.217654 0.216869 0.216365 0.216315 0.216890 0.218263 0.220604 0.224085 0.228879 0.228870 0.228580 0.228552 0.228765 0.229199 0.229834 0.230650 0.231624 0.232738 0.233970 0.235300 0.236707 0.238172 0.239672 0.241188 0.242700 0.252123 0.253265 0.253886 0.254101 0.254026 0.253777 0.253469 0.253218 0.253140 0.253350 0.253964 0.255097 0.256866 0.259384 0.262770 0.267137 0.285714 0.281246 0.280386 0.282099 0.285351 0.289108 0.292335 0.293998 0.293064 0.288497 0.279263 0.264329 0.242659 0.213221 0.174978 0.126898 0.170902 0.173829 0.175613 0.176412 0.176384 0.175687 0.174481 0.172923 0.171173 0.169388 0.167726 0.166347 0.165409 0.165070 0.165488 0.166822 0.163988 0.166294 0.167959 0.169072 0.169726 0.170012 0.170020 0.169843 0.169571 0.169295 0.169107 0.169098 0.169360 0.169982 0.171058 0.172677 0.173278 0.171399 0.170991 0.171802 0.173581 0.176077 0.179039 0.182215 0.185354 0.188206 0.190518 0.192041 0.192521 0.191709 0.189353 0.185202 0.184926 0.181197 0.179328 0.179025 0.179996 0.181946 0.184581 0.187609 0.190735 0.193666 0.196108 0.197768 0.198352 0.197567 0.195118 0.190713 0.195591 0.194472 0.194137 0.194437 0.195219 0.196332 0.197625 0.198945 0.200143 0.201066 0.201562 0.201481 0.200671 0.198981 0.196259 0.192353 0.186274 0.184580 0.183392 0.182648 0.182284 0.182237 0.182443 0.182841 0.183365 0.183954 0.184543 0.185070 0.185472 0.185684 0.185644 0.185290 0.171485 0.170143 0.169597 0.169704 0.170320 0.171302 0.172508 0.173794 0.175017 0.176034 0.176702 0.176877 0.176417 0.175179 0.173018 0.169794 0.167919 0.166302 0.164895 0.163683 0.162655 0.161798 0.161101 0.160549 0.160131 0.159834 0.159646 0.159553 0.159545 0.159607 0.159728 0.159895 0.169998 0.128496 0.105563 0.098552 0.104818 0.121716 0.146600 0.176824 0.209744 0.242713 0.273086 0.298217 0.315462 0.322174 0.315708 0.293419 0.281495 0.279932 0.278138 0.276161 0.274051 0.271857 0.269627 0.267410 0.265256 0.263213 0.261330 0.259655 0.258238 0.257128 0.256374 0.256023 0.244438 0.244487 0.244375 0.244129 0.243778 0.243350 0.242871 0.242370 0.241874 0.241411 0.241010 0.240696 0.240499 0.240446 0.240565 0.240882 0.228150 0.228723 0.228769 0.228374 0.227624 0.226604 0.225401 0.224100 0.222788 0.221551 0.220474 0.219643 0.219145 0.219065 0.219490 0.220505
0.216667 0.218184 0.219096 0.219517 0.219564 0.219350 0.218993 0.218606 0.218306 0.218207 0.218425 0.219075 0.220272 0.222132 0.224770 0.228301 0.228998 0.228520 0.228386 0.228558 0.229001 0.229678 0.230552 0.231588 0.232748 0.233998 0.235300 0.236618 0.237917 0.239158 0.240308 0.241328 0.252217 0.253144 0.253656 0.253851 0.253827 0.253683 0.253516 0.253426 0.253508 0.253863 0.254588 0.255781 0.257541 0.259965 0.263152 0.267199 0.283606 0.286034 0.288057 0.289339 0.289542 0.288328 0.285360 0.280299 0.272809 0.262551 0.249189 0.232384 0.211799 0.187096 0.157937 0.123986 0.172346 0.175405 0.177182 0.177858 0.177615 0.176633 0.175093 0.173177 0.171064 0.168938 0.166978 0.165365 0.164281 0.163906 0.164423 0.166010 0.164644 0.166436 0.167709 0.168540 0.169001 0.169168 0.169115 0.168918 0.168650 0.168386 0.168201 0.168169 0.168365 0.168864 0.169740 0.171067 0.172446 0.171244 0.171097 0.171823 0.173241 0.175171 0.177431 0.179839 0.182216 0.184378 0.186146 0.187337 0.187771 0.187267 0.185643 0.182718 0.184238 0.180192 0.178047 0.177504 0.178262 0.180022 0.182486 0.185352 0.188323 0.191097 0.193376 0.194860 0.195249 0.194245 0.191547 0.186855 0.192921 0.191954 0.191599 0.191735 0.192244 0.193008 0.193908 0.194824 0.195639 0.196234 0.196490 0.196287 0.195509 0.194035 0.191747 0.188527 0.184010 0.182770 0.181935 0.181448 0.181255 0.181299 0.181524 0.181873 0.182291 0.182722 0.183109 0.183396 0.183528 0.183449 0.183102 0.182430 0.171171 0.170043 0.169627 0.169792 0.170405 0.171334 0.172446 0.173610 0.174694 0.175565 0.176090 0.176139 0.175578 0.174276 0.172100 0.168918 0.167889 0.165690 0.163940 0.162590 0.161591 0.160894 0.160450 0.160212 0.160129 0.160155 0.160238 0.160332 0.160387 0.160355 0.160186 0.159833 0.171378 0.134342 0.112547 0.103966 0.106570 0.118332 0.137223 0.161214 0.188278 0.216386 0.243510 0.267623 0.286695 0.298699 0.301606 0.293389 0.281433 0.278781 0.276272 0.273905 0.271679 0.269591 0.267642 0.265830 0.264153 0.262611 0.261202 0.259926 0.258780 0.257764 0.256877 0.256117 0.245270 0.244596 0.244015 0.243513 0.243077 0.242694 0.242353 0.242039 0.241739 0.241442 0.241134 0.240803 0.240434 0.240017 0.239537 0.238982 0.228866 0.228653 0.228199 0.227548 0.226746 0.225836 0.224863 0.223870 0.222903 0.222006 0.221222 0.220597 0.220175 0.220000 0.220116 0.220567
0.216386 0.217128 0.217784 0.218371 0.218908 0.219413 0.219903 0.220395 0.220909 0.221461 0.222070 0.222752 0.223527 0.224412 0.225424 0.226582 0.228583 0.228363 0.228451 0.228804 0.229384 0.230147 0.231054 0.232064 0.233136 0.234228 0.235300 0.236311 0.237220 0.237985 0.238567 0.238924 0.251874 0.252731 0.253304 0.253664 0.253881 0.254026 0.254170 0.254384 0.254738 0.255302 0.256148 0.257346 0.258967 0.261082 0.263761 0.267074 0.279953 0.292593 0.298945 0.299721 0.295633 0.287392 0.275711 0.261303 0.244878 0.227150 0.208830 0.190630 0.173262 0.157439 0.143873 0.133275 0.169459 0.171443 0.172597 0.173037 0.172881 0.172246 0.171248 0.170006 0.168636 0.167254 0.165979 0.164927 0.164216 0.163961 0.164281 0.165293 0.166140 0.167175 0.167901 0.168363 0.168606 0.168676 0.168617 0.168474 0.168291 0.168115 0.167990 0.167960 0.168071 0.168368 0.168895 0.169698 0.172177 0.172354 0.172800 0.173467 0.174307 0.175270 0.176310 0.177377 0.178422 0.179398 0.180255 0.180946 0.181422 0.181635 0.181535 0.181075 0.184061 0.181098 0.179498 0.179043 0.179514 0.180693 0.182362 0.184303 0.186298 0.188128 0.189576 0.190423 0.190451 0.189441 0.187177 0.183438 0.189314 0.188314 0.187750 0.187545 0.187620 0.187896 0.188296 0.188742 0.189155 0.189457 0.189571 0.189418 0.188920 0.187999 0.186576 0.184574 0.182083 0.181895 0.181813 0.181809 0.181859 0.181934 0.182009 0.182057 0.182050 0.181964 0.181770 0.181442 0.180954 0.180279 0.179390 0.178261 0.172738 0.171582 0.171010 0.170917 0.171197 0.171743 0.172450 0.173210 0.173918 0.174468 0.174753 0.174667 0.174104 0.172957 0.171121 0.168489 0.168106 0.165297 0.163231 0.161809 0.160938 0.160519 0.160458 0.160657 0.161022 0.161455 0.161861 0.162143 0.162206 0.161952 0.161287 0.160114 0.168773 0.146675 0.132492 0.125399 0.124574 0.129192 0.138431 0.151466 0.167474 0.185633 0.205117 0.225104 0.244769 0.263291 0.279844 0.293606 0.281714 0.277338 0.273724 0.270784 0.268429 0.266570 0.265119 0.263987 0.263085 0.262324 0.261617 0.260874 0.260007 0.258927 0.257545 0.255774 0.246167 0.244442 0.243171 0.242281 0.241700 0.241353 0.241167 0.241070 0.240987 0.240846 0.240573 0.240095 0.239339 0.238231 0.236698 0.234667 0.229929 0.228614 0.227459 0.226451 0.225574 0.224812 0.224152 0.223577 0.223074 0.222627 0.222221 0.221841 0.221473 0.221101 0.220710 0.220286
0.215700 0.215397 0.215762 0.216670 0.217991 0.219600 0.221369 0.223170 0.224878 0.226363 0.227500 0.228161 0.228218 0.227546 0.226015 0.223500 0.227500 0.228093 0.228810 0.229622 0.230495 0.231400 0.232305 0.233178 0.233990 0.234707 0.235300 0.235737 0.235986 0.236018 0.235799 0.235300 0.251000 0.251972 0.252816 0.253564 0.254248 0.254900 0.255552 0.256236 0.256984 0.257828 0.258800 0.259932 0.261256 0.262804 0.264608 0.266700 0.274500 0.301145 0.313482 0.313678 0.303895 0.286300 0.263057 0.236330 0.208286 0.181087 0.156900 0.137889 0.126218 0.124054 0.133559 0.156900 0.160800 0.160114 0.159833 0.159895 0.160238 0.160800 0.161518 0.162329 0.163171 0.163982 0.164700 0.165262 0.165605 0.165667 0.165386 0.164700 0.168600 0.168600 0.168600 0.168600 0.168600 0.168600 0.168600 0.168600 0.168600 0.168600 0.168600 0.168600 0.168600 0.168600 0.168600 0.168600 0.172500 0.174895 0.176334 0.176974 0.176977 0.176500 0.175703 0.174746 0.173786 0.172985 0.172500 0.172491 0.173118 0.174538 0.176913 0.180400 0.184300 0.184113 0.184050 0.184082 0.184175 0.184300 0.184425 0.184518 0.184550 0.184487 0.184300 0.183957 0.183426 0.182678 0.181679 0.180400 0.184300 0.183021 0.182022 0.181274 0.180743 0.180400 0.180213 0.180150 0.180182 0.180275 0.180400 0.180525 0.180618 0.180650 0.180587 0.180400 0.180400 0.181986 0.183139 0.183889 0.184266 0.184300 0.184022 0.183463 0.182653 0.181622 0.180400 0.179018 0.177507 0.175897 0.174218 0.172500 0.176500 0.175001 0.173914 0.173178 0.172727 0.172500 0.172433 0.172462 0.172526 0.172559 0.172500 0.172285 0.171850 0.171134 0.170071 0.168600 0.168600 0.165168 0.162828 0.161424 0.160800 0.160800 0.161268 0.162048 0.162984 0.163920 0.164700 0.165168 0.165168 0.164544 0.163140 0.160800 0.160800 0.166106 0.167303 0.165457 0.161634 0.156900 0.152322 0.148967 0.147901 0.150190 0.156900 0.169098 0.187851 0.214225 0.249286 0.294100 0.282400 0.275564 0.270396 0.266676 0.264184 0.262700 0.262004 0.261876 0.262096 0.262444 0.262700 0.262644 0.262056 0.260716 0.258404 0.254900 0.247100 0.243947 0.241738 0.240314 0.239521 0.239200 0.239195 0.239350 0.239506 0.239509 0.239200 0.238423 0.237022 0.234838 0.231717 0.227500 0.231400 0.228622 0.226537 0.225051 0.224070 0.223500 0.223246 0.223213 0.223307 0.223434 0.223500 0.223410 0.223069 0.222383 0.221258 0.219600
0.219600 0.219106 0.218889 0.218919 0.219166 0.219600 0.220190 0.220905 0.221715 0.222590 0.223500 0.224414 0.225301 0.226131 0.226874 0.227500 0.227500 0.228659 0.229566 0.230282 0.230873 0.231400 0.231927 0.232518 0.233234 0.234141 0.235300 0.236775 0.238630 0.240926 0.243729 0.247100 0.254900 0.253002 0.251693 0.250943 0.250722 0.251000 0.251746 0.252929 0.254519 0.256486 0.258800 0.261430 0.264345 0.267515 0.270910 0.274500 0.152900 0.154212 0.155236 0.156004 0.156548 0.156900 0.157092 0.157156 0.157124 0.157028 0.156900 0.156772 0.156676 0.156644 0.156708 0.156900 0.160800 0.158834 0.157555 0.156869 0.156682 0.156900 0.157430 0.158179 0.159053 0.159958 0.160800 0.161486 0.161923 0.162017 0.161674 0.160800 0.164700 0.164700 0.164700 0.164700 0.164700 0.164700 0.164700 0.164700 0.164700 0.164700 0.164700 0.164700 0.164700 0.164700 0.164700 0.164700 0.168600 0.165761 0.164138 0.163546 0.163795 0.164700 0.166073 0.167726 0.169474 0.171127 0.172500 0.173405 0.173654 0.173062 0.171439 0.168600 0.172500 0.173374 0.173717 0.173623 0.173186 0.172500 0.171658 0.170753 0.169879 0.169130 0.168600 0.168382 0.168569 0.169255 0.170534 0.172500 0.176500 0.174292 0.172916 0.172244 0.172148 0.172500 0.173172 0.174036 0.174964 0.175828 0.176500 0.176852 0.176756 0.176084 0.174708 0.172500 0.172500 0.172999 0.173218 0.173186 0.172937 0.172500 0.171907 0.171190 0.170378 0.169505 0.168600 0.167695 0.166822 0.166010 0.165293 0.164700 0.164700 0.164887 0.164950 0.164918 0.164825 0.164700 0.164575 0.164482 0.164450 0.164513 0.164700 0.165043 0.165574 0.166322 0.167321 0.168600 0.164700 0.163234 0.162173 0.161455 0.161018 0.160800 0.160738 0.160769 0.160831 0.160862 0.160800 0.160582 0.160145 0.159427 0.158366 0.156900 0.156900 0.156900 0.156900 0.156900 0.156900 0.156900 0.156900 0.156900 0.156900 0.156900 0.156900 0.156900 0.156900 0.156900 0.156900 0.156900 0.152900 0.191813 0.222098 0.244698 0.260551 0.270600 0.275785 0.277046 0.275326 0.271563 0.266700 0.261677 0.257434 0.254914 0.255055 0.258800 0.247100 0.241108 0.237276 0.235260 0.234716 0.235300 0.236668 0.238476 0.240380 0.242036 0.243100 0.243228 0.242076 0.239300 0.234556 0.227500 0.227500 0.226001 0.224914 0.224178 0.223727 0.223500 0.223433 0.223462 0.223526 0.223559 0.223500 0.223285 0.222850 0.222134 0.221071 0.219600
0.215669 0.216634 0.217369 0.217928 0.218362 0.218726 0.219073 0.219455 0.219926 0.220539 0.221347 0.222403 0.223760 0.225472 0.227590 0.230170 0.227500 0.228301 0.228957 0.229516 0.230023 0.230526 0.231072 0.231707 0.232478 0.233431 0.234614 0.236072 0.237853 0.240004 0.242571 0.245601 0.253434 0.243847 0.239437 0.239285 0.242469 0.248070 0.255165 0.262836 0.270160 0.276219 0.280090 0.280855 0.277591 0.269379 0.255298 0.234428 0.152900 0.153739 0.154412 0.154936 0.155323 0.155588 0.155746 0.155810 0.155796 0.155717 0.155588 0.155423 0.155237 0.155043 0.154857 0.154692 0.159329 0.158208 0.157446 0.157001 0.156833 0.156900 0.157161 0.157576 0.158103 0.158701 0.159329 0.159946 0.160512 0.160984 0.161323 0.161486 0.162142 0.162983 0.163566 0.163925 0.164094 0.164107 0.163999 0.163805 0.163557 0.163291 0.163042 0.162842 0.162727 0.162731 0.162889 0.163234 0.167820 0.164921 0.163186 0.162442 0.162515 0.163234 0.164423 0.165912 0.167526 0.169094 0.170441 0.171395 0.171783 0.171431 0.170168 0.167820 0.170628 0.170869 0.170961 0.170932 0.170811 0.170628 0.170411 0.170189 0.169992 0.169848 0.169786 0.169835 0.170023 0.170381 0.170937 0.171720 0.173316 0.172856 0.172559 0.172402 0.172359 0.172406 0.172519 0.172672 0.172841 0.173001 0.173129 0.173198 0.173186 0.173066 0.172814 0.172406 0.169567 0.170147 0.170501 0.170652 0.170625 0.170441 0.170125 0.169700 0.169190 0.168618 0.168007 0.167382 0.166765 0.166180 0.165650 0.165199 0.165199 0.164722 0.164275 0.163870 0.163518 0.163234 0.163027 0.162912 0.162900 0.163003 0.163234 0.163604 0.164126 0.164813 0.165676 0.166728 0.164107 0.162511 0.161309 0.160446 0.159868 0.159521 0.159349 0.159299 0.159315 0.159343 0.159329 0.159217 0.158954 0.158484 0.157754 0.156708 0.159570 0.158828 0.158293 0.157931 0.157712 0.157604 0.157574 0.157591 0.157623 0.157638 0.157604 0.157489 0.157262 0.156891 0.156344 0.155588 0.152900 0.168498 0.184593 0.200781 0.216654 0.231807 0.245834 0.258329 0.268886 0.277098 0.282560 0.284866 0.283609 0.278383 0.268784 0.254403 0.250149 0.245248 0.241804 0.239601 0.238422 0.238050 0.238270 0.238864 0.239616 0.240310 0.240729 0.240656 0.239875 0.238170 0.235323 0.231119 0.225671 0.224878 0.224325 0.223972 0.223775 0.223692 0.223680 0.223698 0.223702 0.223650 0.223500 0.223209 0.222735 0.222035 0.221066 0.219787
0.213110 0.215117 0.216538 0.217483 0.218061 0.218383 0.218559 0.218700 0.218914 0.219313 0.220006 0.221103 0.222715 0.224951 0.227921 0.231737 0.227500 0.228138 0.228689 0.229190 0.229675 0.230183 0.230750 0.231411 0.232205 0.233166 0.234333 0.235740 0.237426 0.239426 0.241776 0.244514 0.252373 0.239401 0.233841 0.234300 0.239389 0.247717 0.257893 0.268528 0.278230 0.285609 0.289275 0.287837 0.279905 0.264087 0.238995 0.203236 0.152900 0.153386 0.153792 0.154121 0.154378 0.154564 0.154684 0.154740 0.154737 0.154677 0.154564 0.154401 0.154191 0.153938 0.153645 0.153316 0.158266 0.157746 0.157354 0.157085 0.156936 0.156900 0.156974 0.157152 0.157430 0.157803 0.158266 0.158815 0.159444 0.160149 0.160925 0.161767 0.160145 0.161481 0.162421 0.163019 0.163324 0.163390 0.163266 0.163006 0.162659 0.162279 0.161917 0.161623 0.161451 0.161450 0.161674 0.162173 0.167040 0.164223 0.162484 0.161667 0.161615 0.162173 0.163185 0.164496 0.165950 0.167390 0.168662 0.169610 0.170077 0.169908 0.168948 0.167040 0.168912 0.168702 0.168613 0.168630 0.168735 0.168912 0.169144 0.169413 0.169705 0.170001 0.170285 0.170540 0.170750 0.170898 0.170967 0.170940 0.170576 0.171367 0.171847 0.172064 0.172068 0.171907 0.171630 0.171284 0.170919 0.170584 0.170326 0.170195 0.170239 0.170507 0.171047 0.171907 0.167446 0.167996 0.168377 0.168603 0.168693 0.168662 0.168528 0.168307 0.168016 0.167671 0.167290 0.166888 0.166484 0.166093 0.165732 0.165418 0.165418 0.164490 0.163704 0.163059 0.162549 0.162173 0.161926 0.161806 0.161809 0.161933 0.162173 0.162526 0.162990 0.163562 0.164236 0.165012 0.163390 0.161760 0.160507 0.159581 0.158936 0.158522 0.158294 0.158201 0.158198 0.158236 0.158266 0.158243 0.158116 0.157840 0.157365 0.156644 0.161137 0.159913 0.159029 0.158432 0.158071 0.157892 0.157843 0.157871 0.157923 0.157948 0.157892 0.157703 0.157328 0.156715 0.155811 0.154564 0.152900 0.151971 0.157653 0.168671 0.183749 0.201614 0.220989 0.240600 0.259172 0.275431 0.288100 0.295906 0.297572 0.291825 0.277389 0.252990 0.251842 0.247973 0.244980 0.242749 0.241164 0.240111 0.239475 0.239139 0.238991 0.238914 0.238794 0.238516 0.237965 0.237025 0.235582 0.233522 0.224422 0.224073 0.223863 0.223760 0.223735 0.223756 0.223794 0.223817 0.223797 0.223701 0.223500 0.223163 0.222660 0.221961 0.221034 0.219850
0.211738 0.214419 0.216289 0.217493 0.218174 0.218477 0.218545 0.218522 0.218553 0.218781 0.219350 0.220405 0.222090 0.224547 0.227923 0.232359 0.227500 0.228136 0.228701 0.229225 0.229740 0.230277 0.230868 0.231544 0.232336 0.233276 0.234395 0.235725 0.237297 0.239142 0.241292 0.243778 0.251655 0.238797 0.233634 0.234656 0.240355 0.249219 0.259741 0.270410 0.279716 0.286151 0.288205 0.284368 0.273130 0.252983 0.222416 0.179920 0.152900 0.153139 0.153350 0.153531 0.153680 0.153796 0.153876 0.153918 0.153920 0.153880 0.153796 0.153666 0.153488 0.153259 0.152979 0.152644 0.157550 0.157422 0.157275 0.157127 0.156997 0.156900 0.156855 0.156880 0.156993 0.157210 0.157550 0.158030 0.158667 0.159481 0.160487 0.161705 0.158647 0.160185 0.161291 0.162023 0.162434 0.162578 0.162512 0.162289 0.161965 0.161594 0.161231 0.160931 0.160749 0.160739 0.160956 0.161455 0.166260 0.163643 0.161990 0.161165 0.161032 0.161455 0.162297 0.163423 0.164695 0.165977 0.167134 0.168028 0.168524 0.168486 0.167777 0.166260 0.167352 0.166851 0.166646 0.166692 0.166942 0.167352 0.167875 0.168467 0.169080 0.169670 0.170191 0.170597 0.170843 0.170882 0.170670 0.170160 0.168248 0.169852 0.170840 0.171308 0.171351 0.171065 0.170544 0.169885 0.169183 0.168533 0.168030 0.167769 0.167848 0.168359 0.169400 0.171065 0.166010 0.166442 0.166759 0.166973 0.167094 0.167134 0.167102 0.167010 0.166868 0.166687 0.166478 0.166252 0.166019 0.165790 0.165575 0.165386 0.165386 0.164193 0.163218 0.162448 0.161865 0.161455 0.161203 0.161092 0.161107 0.161234 0.161455 0.161757 0.162123 0.162537 0.162986 0.163452 0.162578 0.161000 0.159772 0.158853 0.158201 0.157774 0.157530 0.157427 0.157424 0.157479 0.157550 0.157594 0.157571 0.157438 0.157154 0.156676 0.161759 0.160276 0.159205 0.158483 0.158045 0.157828 0.157768 0.157802 0.157866 0.157896 0.157828 0.157599 0.157145 0.156402 0.155307 0.153796 0.152900 0.141347 0.139920 0.146883 0.160503 0.179046 0.200779 0.223966 0.246875 0.267771 0.284920 0.296588 0.301042 0.296547 0.281369 0.253774 0.252402 0.249496 0.246997 0.244869 0.243074 0.241577 0.240340 0.239327 0.238501 0.237826 0.237266 0.236783 0.236340 0.235903 0.235433 0.234894 0.223686 0.223561 0.223528 0.223561 0.223635 0.223724 0.223802 0.223845 0.223826 0.223719 0.223500 0.223143 0.222621 0.221910 0.220985 0.219818
0.211363 0.214400 0.216516 0.217867 0.218614 0.218914 0.218925 0.218807 0.218717 0.218814 0.219257 0.220203 0.221812 0.224241 0.227649 0.232194 0.227500 0.228258 0.228928 0.229541 0.230126 0.230714 0.231334 0.232016 0.232791 0.233688 0.234738 0.235971 0.237416 0.239104 0.241064 0.243327 0.251218 0.241165 0.237549 0.239023 0.244240 0.251854 0.260518 0.268884 0.275606 0.279337 0.278730 0.272437 0.259112 0.237408 0.205979 0.163476 0.152900 0.152982 0.153061 0.153134 0.153199 0.153252 0.153291 0.153314 0.153317 0.153297 0.153252 0.153179 0.153075 0.152937 0.152762 0.152548 0.157115 0.157211 0.157208 0.157136 0.157024 0.156900 0.156793 0.156733 0.156747 0.156865 0.157115 0.157527 0.158128 0.158949 0.160017 0.161362 0.157586 0.159087 0.160202 0.160978 0.161464 0.161705 0.161749 0.161642 0.161432 0.161166 0.160890 0.160653 0.160499 0.160478 0.160635 0.161018 0.165480 0.163154 0.161661 0.160884 0.160708 0.161018 0.161699 0.162636 0.163712 0.164813 0.165823 0.166628 0.167111 0.167158 0.166652 0.165480 0.165948 0.165295 0.165029 0.165089 0.165415 0.165948 0.166627 0.167391 0.168181 0.168937 0.169598 0.170105 0.170396 0.170413 0.170094 0.169380 0.166300 0.168338 0.169602 0.170211 0.170284 0.169942 0.169303 0.168487 0.167615 0.166804 0.166175 0.165848 0.165941 0.166575 0.167869 0.169942 0.165137 0.165378 0.165562 0.165694 0.165779 0.165823 0.165831 0.165808 0.165759 0.165689 0.165605 0.165510 0.165411 0.165312 0.165219 0.165137 0.165137 0.163835 0.162798 0.161999 0.161414 0.161018 0.160788 0.160697 0.160722 0.160837 0.161018 0.161241 0.161480 0.161710 0.161908 0.162048 0.161705 0.160247 0.159109 0.158253 0.157643 0.157243 0.157017 0.156927 0.156937 0.157012 0.157115 0.157209 0.157259 0.157226 0.157076 0.156772 0.161594 0.160041 0.158919 0.158162 0.157703 0.157476 0.157414 0.157449 0.157516 0.157547 0.157476 0.157236 0.156760 0.155982 0.154835 0.153252 0.152900 0.135740 0.130034 0.133931 0.145581 0.163133 0.184734 0.208535 0.232683 0.255329 0.274620 0.288706 0.295735 0.293857 0.281220 0.255973 0.252047 0.250028 0.248047 0.246124 0.244282 0.242542 0.240924 0.239451 0.238144 0.237023 0.236111 0.235429 0.234998 0.234839 0.234974 0.235425 0.223401 0.223317 0.223324 0.223395 0.223506 0.223628 0.223736 0.223804 0.223805 0.223712 0.223500 0.223142 0.222612 0.221883 0.220930 0.219725
0.211800 0.214925 0.217110 0.218514 0.219291 0.219600 0.219597 0.219438 0.219282 0.219283 0.219600 0.220389 0.221806 0.224010 0.227155 0.231400 0.227500 0.228467 0.229310 0.230058 0.230745 0.231400 0.232055 0.232742 0.233490 0.234333 0.235300 0.236423 0.237734 0.239262 0.241041 0.243100 0.251000 0.245636 0.244316 0.246068 0.249920 0.254900 0.260036 0.264356 0.266888 0.266660 0.262700 0.254036 0.239696 0.218708 0.190100 0.152900 0.152900 0.152900 0.152900 0.152900 0.152900 0.152900 0.152900 0.152900 0.152900 0.152900 0.152900 0.152900 0.152900 0.152900 0.152900 0.152900 0.156900 0.157087 0.157150 0.157118 0.157025 0.156900 0.156775 0.156682 0.156650 0.156713 0.156900 0.157243 0.157774 0.158522 0.159521 0.160800 0.156900 0.158179 0.159178 0.159926 0.160457 0.160800 0.160987 0.161050 0.161018 0.160925 0.160800 0.160675 0.160582 0.160550 0.160613 0.160800 0.164700 0.162734 0.161455 0.160769 0.160582 0.160800 0.161330 0.162079 0.162953 0.163858 0.164700 0.165386 0.165823 0.165917 0.165574 0.164700 0.164700 0.164014 0.163733 0.163795 0.164138 0.164700 0.165418 0.166229 0.167071 0.167882 0.168600 0.169162 0.169505 0.169567 0.169286 0.168600 0.164700 0.166853 0.168194 0.168850 0.168943 0.168600 0.167945 0.167102 0.166198 0.165355 0.164700 0.164357 0.164450 0.165106 0.166447 0.168600 0.164700 0.164700 0.164700 0.164700 0.164700 0.164700 0.164700 0.164700 0.164700 0.164700 0.164700 0.164700 0.164700 0.164700 0.164700 0.164700 0.164700 0.163421 0.162422 0.161674 0.161143 0.160800 0.160613 0.160550 0.160582 0.160675 0.160800 0.160925 0.161018 0.161050 0.160987 0.160800 0.160800 0.159521 0.158522 0.157774 0.157243 0.156900 0.156713 0.156650 0.156682 0.156775 0.156900 0.157025 0.157118 0.157150 0.157087 0.156900 0.160800 0.159329 0.158266 0.157550 0.157115 0.156900 0.156841 0.156874 0.156938 0.156967 0.156900 0.156673 0.156222 0.155486 0.154399 0.152900 0.152900 0.134262 0.126637 0.128331 0.137650 0.152900 0.172386 0.194413 0.217287 0.239314 0.258800 0.274050 0.283369 0.285063 0.277438 0.258800 0.251000 0.249782 0.248321 0.246679 0.244918 0.243100 0.241286 0.239537 0.237915 0.236482 0.235300 0.234430 0.233933 0.233871 0.234306 0.235300 0.223500 0.223313 0.223250 0.223282 0.223375 0.223500 0.223625 0.223718 0.223750 0.223687 0.223500 0.223157 0.222626 0.221878 0.220879 0.219600
0.212861 0.215855 0.217967 0.219341 0.220118 0.220442 0.220456 0.220301 0.220121 0.220058 0.220255 0.220855 0.222000 0.223833 0.226497 0.230134 0.227500 0.228728 0.229782 0.230697 0.231506 0.232242 0.232940 0.233633 0.234354 0.235138 0.236018 0.237027 0.238199 0.239569 0.241169 0.243033 0.250938 0.251342 0.252668 0.254461 0.256268 0.257634 0.258105 0.257228 0.254549 0.249613 0.241966 0.231156 0.216726 0.198225 0.175196 0.147188 0.152900 0.152878 0.152843 0.152799 0.152753 0.152708 0.152671 0.152647 0.152642 0.152660 0.152708 0.152790 0.152912 0.153080 0.153298 0.153572 0.156841 0.157026 0.157098 0.157082 0.157007 0.156900 0.156788 0.156699 0.156660 0.156698 0.156841 0.157116 0.157550 0.158171 0.159006 0.160082 0.156526 0.157454 0.158245 0.158908 0.159455 0.159895 0.160240 0.160498 0.160682 0.160801 0.160866 0.160886 0.160873 0.160837 0.160789 0.160738 0.163920 0.162358 0.161331 0.160766 0.160592 0.160738 0.161130 0.161698 0.162368 0.163071 0.163733 0.164282 0.164648 0.164757 0.164539 0.163920 0.163608 0.162986 0.162729 0.162784 0.163095 0.163608 0.164268 0.165022 0.165812 0.166587 0.167290 0.167866 0.168263 0.168423 0.168294 0.167820 0.163416 0.165423 0.166680 0.167302 0.167405 0.167102 0.166510 0.165743 0.164915 0.164143 0.163541 0.163223 0.163306 0.163903 0.165130 0.167102 0.164575 0.164303 0.164088 0.163925 0.163808 0.163733 0.163694 0.163686 0.163704 0.163742 0.163795 0.163859 0.163927 0.163994 0.164056 0.164107 0.164107 0.162953 0.162073 0.161435 0.161001 0.160738 0.160609 0.160580 0.160615 0.160679 0.160738 0.160755 0.160696 0.160525 0.160207 0.159708 0.159895 0.158838 0.158017 0.157406 0.156980 0.156713 0.156578 0.156549 0.156600 0.156706 0.156841 0.156978 0.157091 0.157154 0.157142 0.157028 0.159534 0.158262 0.157345 0.156725 0.156350 0.156164 0.156113 0.156142 0.156196 0.156222 0.156164 0.155968 0.155579 0.154942 0.154003 0.152708 0.152900 0.136027 0.128370 0.128597 0.135376 0.147375 0.163263 0.181707 0.201376 0.220937 0.239060 0.254412 0.265660 0.271474 0.270522 0.261471 0.249481 0.248968 0.248012 0.246698 0.245114 0.243346 0.241483 0.239609 0.237813 0.236181 0.234801 0.233758 0.233141 0.233035 0.233528 0.234707 0.223919 0.223524 0.223310 0.223239 0.223273 0.223372 0.223498 0.223613 0.223677 0.223652 0.223500 0.223182 0.222659 0.221892 0.220844 0.219475
0.214358 0.217053 0.218979 0.220257 0.221007 0.221347 0.221398 0.221279 0.221110 0.221009 0.221098 0.221494 0.222318 0.223690 0.225728 0.228553 0.227500 0.229004 0.230284 0.231377 0.232320 0.233147 0.233896 0.234603 0.235303 0.236033 0.236829 0.237727 0.238763 0.239974 0.241395 0.243062 0.250969 0.257414 0.261335 0.262870 0.262157 0.259333 0.254536 0.247905 0.239576 0.229688 0.218379 0.205786 0.192048 0.177301 0.161685 0.145336 0.152900 0.152902 0.152865 0.152802 0.152724 0.152644 0.152574 0.152527 0.152515 0.152550 0.152644 0.152810 0.153060 0.153406 0.153861 0.154436 0.156874 0.157002 0.157049 0.157034 0.156978 0.156900 0.156820 0.156757 0.156732 0.156765 0.156874 0.157081 0.157404 0.157863 0.158479 0.159271 0.156401 0.156903 0.157428 0.157965 0.158500 0.159022 0.159517 0.159975 0.160381 0.160725 0.160993 0.161173 0.161253 0.161221 0.161063 0.160769 0.163140 0.162001 0.161245 0.160822 0.160680 0.160769 0.161037 0.161435 0.161910 0.162412 0.162890 0.163294 0.163571 0.163672 0.163545 0.163140 0.162672 0.162190 0.161988 0.162027 0.162268 0.162672 0.163199 0.163811 0.164468 0.165131 0.165761 0.166318 0.166764 0.167059 0.167164 0.167040 0.162416 0.164076 0.165121 0.165646 0.165745 0.165511 0.165038 0.164420 0.163751 0.163125 0.162634 0.162374 0.162438 0.162920 0.163913 0.165511 0.164638 0.164081 0.163639 0.163301 0.163055 0.162890 0.162797 0.162765 0.162782 0.162837 0.162922 0.163023 0.163132 0.163236 0.163325 0.163390 0.163390 0.162434 0.161731 0.161244 0.160936 0.160769 0.160707 0.160713 0.160750 0.160781 0.160769 0.160677 0.160468 0.160106 0.159553 0.158772 0.159022 0.158216 0.157597 0.157144 0.156835 0.156650 0.156570 0.156572 0.156638 0.156745 0.156874 0.157005 0.157115 0.157186 0.157195 0.157124 0.157953 0.156964 0.156250 0.155769 0.155477 0.155332 0.155292 0.155315 0.155357 0.155377 0.155332 0.155179 0.154877 0.154382 0.153651 0.152644 0.152900 0.140150 0.133875 0.133243 0.137424 0.145586 0.156896 0.170525 0.185639 0.201408 0.217000 0.231584 0.244327 0.254399 0.260967 0.263202 0.247710 0.247800 0.247311 0.246344 0.244999 0.243375 0.241573 0.239693 0.237834 0.236098 0.234582 0.233389 0.232618 0.232368 0.232740 0.233834 0.224594 0.223924 0.223505 0.223289 0.223228 0.223276 0.223386 0.223510 0.223602 0.223614 0.223500 0.223212 0.222703 0.221927 0.220835 0.219382
0.216106 0.218381 0.220039 0.221171 0.221868 0.222221 0.222320 0.222257 0.222122 0.222007 0.222002 0.222199 0.222687 0.223559 0.224905 0.226815 0.227500 0.229258 0.230752 0.232019 0.233096 0.234021 0.234831 0.235564 0.236256 0.236946 0.237671 0.238468 0.239375 0.240428 0.241666 0.243126 0.251031 0.262983 0.269050 0.269964 0.266461 0.259275 0.249140 0.236789 0.222958 0.208380 0.193789 0.179919 0.167506 0.157282 0.149982 0.146340 0.152900 0.152956 0.152941 0.152877 0.152782 0.152676 0.152579 0.152511 0.152491 0.152540 0.152676 0.152920 0.153291 0.153809 0.154493 0.155364 0.156938 0.156990 0.157002 0.156983 0.156946 0.156900 0.156857 0.156829 0.156825 0.156858 0.156938 0.157075 0.157282 0.157570 0.157948 0.158429 0.156463 0.156518 0.156754 0.157137 0.157634 0.158210 0.158832 0.159464 0.160074 0.160626 0.161087 0.161423 0.161599 0.161582 0.161338 0.160831 0.162360 0.161638 0.161156 0.160882 0.160784 0.160831 0.160992 0.161235 0.161528 0.161841 0.162142 0.162398 0.162580 0.162655 0.162592 0.162360 0.161892 0.161605 0.161480 0.161499 0.161642 0.161892 0.162231 0.162640 0.163101 0.163596 0.164107 0.164616 0.165103 0.165552 0.165944 0.166260 0.161668 0.162838 0.163580 0.163959 0.164040 0.163889 0.163570 0.163148 0.162689 0.162257 0.161918 0.161736 0.161777 0.162107 0.162789 0.163889 0.164762 0.163931 0.163270 0.162762 0.162392 0.162142 0.161995 0.161935 0.161946 0.162010 0.162110 0.162231 0.162355 0.162465 0.162545 0.162578 0.162578 0.161869 0.161376 0.161064 0.160894 0.160831 0.160838 0.160878 0.160915 0.160912 0.160831 0.160637 0.160293 0.159762 0.159007 0.157992 0.158210 0.157674 0.157268 0.156977 0.156786 0.156682 0.156648 0.156672 0.156738 0.156831 0.156938 0.157043 0.157132 0.157190 0.157203 0.157156 0.156215 0.155556 0.155080 0.154759 0.154564 0.154468 0.154441 0.154457 0.154485 0.154498 0.154468 0.154366 0.154164 0.153834 0.153348 0.152676 0.152900 0.145743 0.141792 0.140785 0.142461 0.146558 0.152816 0.160973 0.170766 0.181936 0.194220 0.207357 0.221086 0.235144 0.249272 0.263206 0.245910 0.246489 0.246412 0.245783 0.244704 0.243281 0.241616 0.239813 0.237976 0.236208 0.234614 0.233296 0.232359 0.231906 0.232040 0.232866 0.225458 0.224488 0.223836 0.223448 0.223269 0.223244 0.223318 0.223435 0.223541 0.223581 0.223500 0.223243 0.222754 0.221979 0.220863 0.219350
0.217915 0.219702 0.221041 0.221991 0.222614 0.222970 0.223118 0.223119 0.223034 0.222922 0.222845 0.222862 0.223033 0.223420 0.224081 0.225078 0.227500 0.229455 0.231124 0.232542 0.233745 0.234770 0.235652 0.236428 0.237135 0.237807 0.238482 0.239196 0.239984 0.240883 0.241930 0.243159 0.251062 0.267181 0.274543 0.274412 0.268055 0.256738 0.241727 0.224286 0.205681 0.187179 0.170046 0.155545 0.144945 0.139509 0.140504 0.149196 0.152900 0.153024 0.153046 0.152994 0.152894 0.152772 0.152655 0.152570 0.152544 0.152602 0.152772 0.153080 0.153553 0.154218 0.155101 0.156228 0.156967 0.156965 0.156953 0.156936 0.156917 0.156900 0.156888 0.156886 0.156895 0.156921 0.156967 0.157036 0.157132 0.157259 0.157419 0.157618 0.156650 0.156291 0.156247 0.156467 0.156900 0.157493 0.158195 0.158954 0.159718 0.160435 0.161054 0.161523 0.161790 0.161804 0.161512 0.160862 0.161580 0.161246 0.161022 0.160893 0.160844 0.160862 0.160933 0.161042 0.161175 0.161317 0.161455 0.161575 0.161661 0.161700 0.161678 0.161580 0.161268 0.161212 0.161177 0.161171 0.161200 0.161268 0.161383 0.161549 0.161774 0.162063 0.162422 0.162858 0.163375 0.163981 0.164680 0.165480 0.161140 0.161737 0.162119 0.162318 0.162367 0.162298 0.162144 0.161937 0.161710 0.161496 0.161327 0.161236 0.161255 0.161416 0.161753 0.162298 0.164825 0.163746 0.162892 0.162242 0.161771 0.161455 0.161272 0.161198 0.161209 0.161281 0.161393 0.161519 0.161637 0.161723 0.161753 0.161705 0.161705 0.161261 0.160989 0.160855 0.160825 0.160862 0.160934 0.161004 0.161039 0.161003 0.160862 0.160582 0.160127 0.159463 0.158555 0.157368 0.157493 0.157230 0.157034 0.156898 0.156815 0.156775 0.156772 0.156798 0.156844 0.156903 0.156967 0.157029 0.157080 0.157113 0.157119 0.157092 0.154478 0.154161 0.153931 0.153776 0.153683 0.153636 0.153623 0.153630 0.153644 0.153651 0.153636 0.153587 0.153490 0.153330 0.153096 0.152772 0.152900 0.151920 0.150762 0.149736 0.149152 0.149321 0.150553 0.153158 0.157448 0.163731 0.172320 0.183524 0.197654 0.215019 0.235932 0.260701 0.244299 0.245247 0.245506 0.245177 0.244361 0.243158 0.241668 0.239994 0.238234 0.236491 0.234863 0.233453 0.232360 0.231685 0.231529 0.231993 0.226449 0.225189 0.224305 0.223738 0.223426 0.223308 0.223323 0.223411 0.223510 0.223560 0.223500 0.223268 0.222805 0.222048 0.220938 0.219413
0.219600 0.220879 0.221878 0.222626 0.223157 0.223500 0.223687 0.223750 0.223718 0.223625 0.223500 0.223375 0.223282 0.223250 0.223313 0.223500 0.227500 0.229559 0.231338 0.232866 0.234177 0.235300 0.236267 0.237110 0.237858 0.238545 0.239200 0.239855 0.240542 0.241290 0.242133 0.243100 0.251000 0.269139 0.276546 0.274882 0.265813 0.251000 0.232107 0.210798 0.188734 0.167581 0.149000 0.134655 0.126210 0.125326 0.133669 0.152900 0.152900 0.153092 0.153156 0.153124 0.153028 0.152900 0.152772 0.152676 0.152644 0.152708 0.152900 0.153252 0.153796 0.154564 0.155588 0.156900 0.156900 0.156900 0.156900 0.156900 0.156900 0.156900 0.156900 0.156900 0.156900 0.156900 0.156900 0.156900 0.156900 0.156900 0.156900 0.156900 0.156900 0.156214 0.155933 0.155995 0.156338 0.156900 0.157618 0.158429 0.159271 0.160082 0.160800 0.161362 0.161705 0.161767 0.161486 0.160800 0.160800 0.160800 0.160800 0.160800 0.160800 0.160800 0.160800 0.160800 0.160800 0.160800 0.160800 0.160800 0.160800 0.160800 0.160800 0.160800 0.160800 0.160987 0.161050 0.161018 0.160925 0.160800 0.160675 0.160582 0.160550 0.160613 0.160800 0.161143 0.161674 0.162422 0.163421 0.164700 0.160800 0.160800 0.160800 0.160800 0.160800 0.160800 0.160800 0.160800 0.160800 0.160800 0.160800 0.160800 0.160800 0.160800 0.160800 0.160800 0.164700 0.163421 0.162422 0.161674 0.161143 0.160800 0.160613 0.160550 0.160582 0.160675 0.160800 0.160925 0.161018 0.161050 0.160987 0.160800 0.160800 0.160613 0.160550 0.160582 0.160675 0.160800 0.160925 0.161018 0.161050 0.160987 0.160800 0.160457 0.159926 0.159178 0.158179 0.156900 0.156900 0.156900 0.156900 0.156900 0.156900 0.156900 0.156900 0.156900 0.156900 0.156900 0.156900 0.156900 0.156900 0.156900 0.156900 0.156900 0.152900 0.152900 0.152900 0.152900 0.152900 0.152900 0.152900 0.152900 0.152900 0.152900 0.152900 0.152900 0.152900 0.152900 0.152900 0.152900 0.152900 0.157796 0.159428 0.158612 0.156164 0.152900 0.149636 0.147188 0.146372 0.148004 0.152900 0.161876 0.175748 0.195332 0.221444 0.254900 0.243100 0.244286 0.244785 0.244691 0.244098 0.243100 0.241790 0.240261 0.238607 0.236922 0.235300 0.233834 0.232617 0.231743 0.231306 0.231400 0.227500 0.226001 0.224914 0.224178 0.223727 0.223500 0.223433 0.223462 0.223526 0.223559 0.223500 0.223285 0.222850 0.222134 0.221071 0.219600
0.220973 0.221774 0.222443 0.222985 0.223407 0.223718 0.223925 0.224033 0.224051 0.223985 0.223843 0.223632 0.223359 0.223030 0.222654 0.222238 0.227500 0.229533 0.231330 0.232913 0.234302 0.235518 0.236584 0.237520 0.238347 0.239088 0.239762 0.240391 0.240997 0.241600 0.242222 0.242885 0.250782 0.267988 0.273790 0.270044 0.258607 0.241338 0.220092 0.196729 0.173104 0.151076 0.132502 0.119240 0.113145 0.116077 0.129892 0.156448 0.152900 0.153145 0.153245 0.153236 0.153152 0.153028 0.152899 0.152800 0.152765 0.152829 0.153028 0.153396 0.153967 0.154777 0.155860 0.157252 0.156673 0.156771 0.156840 0.156883 0.156902 0.156900 0.156880 0.156844 0.156796 0.156738 0.156673 0.156603 0.156532 0.156463 0.156397 0.156338 0.157150 0.156278 0.155837 0.155763 0.155993 0.156463 0.157112 0.157876 0.158692 0.159498 0.160230 0.160825 0.161221 0.161354 0.161162 0.160582 0.160020 0.160275 0.160448 0.160550 0.160591 0.160582 0.160532 0.160453 0.160355 0.160249 0.160145 0.160053 0.159984 0.159949 0.159957 0.160020 0.160488 0.160911 0.161068 0.161013 0.160801 0.160488 0.160129 0.159779 0.159493 0.159326 0.159334 0.159571 0.160093 0.160955 0.162212 0.163920 0.160616 0.160054 0.159686 0.159483 0.159417 0.159458 0.159579 0.159749 0.159941 0.160125 0.160273 0.160355 0.160344 0.160210 0.159924 0.159458 0.164263 0.162851 0.161774 0.160990 0.160461 0.160145 0.160002 0.159993 0.160077 0.160214 0.160363 0.160485 0.160540 0.160486 0.160285 0.159895 0.159895 0.159929 0.160040 0.160204 0.160393 0.160582 0.160742 0.160849 0.160876 0.160795 0.160582 0.160208 0.159649 0.158876 0.157865 0.156588 0.156463 0.156703 0.156870 0.156974 0.157022 0.157025 0.156991 0.156930 0.156850 0.156762 0.156673 0.156593 0.156532 0.156498 0.156500 0.156548 0.151638 0.151896 0.152084 0.152210 0.152286 0.152324 0.152334 0.152329 0.152317 0.152312 0.152324 0.152364 0.152443 0.152573 0.152764 0.153028 0.152900 0.162483 0.166430 0.165927 0.162163 0.156323 0.149596 0.143169 0.138229 0.135964 0.137560 0.144205 0.157086 0.177391 0.206306 0.245019 0.242533 0.243817 0.244441 0.244490 0.244048 0.243202 0.242037 0.240638 0.239091 0.237481 0.235893 0.234412 0.233125 0.232116 0.231471 0.231275 0.228547 0.226898 0.225665 0.224786 0.224202 0.223852 0.223676 0.223613 0.223603 0.223585 0.223500 0.223287 0.222885 0.222234 0.221273 0.219943
0.221846 0.222250 0.222629 0.222974 0.223278 0.223531 0.223726 0.223853 0.223906 0.223874 0.223750 0.223525 0.223190 0.222739 0.222161 0.221449 0.227500 0.229341 0.231040 0.232601 0.234030 0.235331 0.236510 0.237572 0.238522 0.239364 0.240105 0.240748 0.241299 0.241763 0.242145 0.242450 0.250345 0.262860 0.265007 0.258565 0.245313 0.227029 0.205493 0.182483 0.159779 0.139159 0.122403 0.111289 0.107597 0.113104 0.129591 0.158836 0.152900 0.153167 0.153289 0.153300 0.153233 0.153124 0.153006 0.152913 0.152879 0.152938 0.153124 0.153472 0.154015 0.154787 0.155823 0.157156 0.156222 0.156553 0.156772 0.156893 0.156931 0.156900 0.156815 0.156690 0.156541 0.156380 0.156222 0.156083 0.155976 0.155916 0.155918 0.155995 0.157337 0.156477 0.155985 0.155811 0.155904 0.156214 0.156690 0.157281 0.157939 0.158611 0.159249 0.159801 0.160217 0.160446 0.160439 0.160145 0.159240 0.159647 0.159925 0.160089 0.160157 0.160145 0.160069 0.159946 0.159792 0.159624 0.159458 0.159311 0.159200 0.159139 0.159147 0.159240 0.160332 0.160963 0.161203 0.161127 0.160812 0.160332 0.159764 0.159182 0.158664 0.158283 0.158117 0.158240 0.158728 0.159657 0.161103 0.163140 0.160556 0.159526 0.158839 0.158445 0.158294 0.158335 0.158520 0.158797 0.159116 0.159428 0.159682 0.159829 0.159818 0.159598 0.159121 0.158335 0.163390 0.161932 0.160861 0.160126 0.159675 0.159458 0.159425 0.159525 0.159706 0.159920 0.160114 0.160238 0.160241 0.160073 0.159684 0.159022 0.159022 0.159212 0.159440 0.159685 0.159927 0.160145 0.160318 0.160425 0.160445 0.160359 0.160145 0.159782 0.159250 0.158528 0.157596 0.156432 0.156214 0.156658 0.156950 0.157111 0.157161 0.157118 0.157004 0.156837 0.156638 0.156427 0.156222 0.156045 0.155915 0.155851 0.155875 0.156004 0.150849 0.151272 0.151578 0.151785 0.151910 0.151972 0.151989 0.151979 0.151961 0.151953 0.151972 0.152037 0.152167 0.152379 0.152692 0.153124 0.152900 0.165096 0.170409 0.170196 0.165814 0.158618 0.149964 0.141209 0.133710 0.128821 0.127900 0.132303 0.143385 0.162504 0.191014 0.230274 0.242818 0.244054 0.244667 0.244736 0.244341 0.243559 0.242470 0.241152 0.239683 0.238143 0.236610 0.235163 0.233881 0.232841 0.232123 0.231806 0.229526 0.227856 0.226558 0.225583 0.224880 0.224396 0.224082 0.223886 0.223758 0.223646 0.223500 0.223269 0.222901 0.222347 0.221555 0.220474
0.222034 0.222169 0.222330 0.222504 0.222680 0.222845 0.222987 0.223096 0.223157 0.223161 0.223094 0.222946 0.222703 0.222354 0.221888 0.221291 0.227500 0.228947 0.230403 0.231851 0.233271 0.234645 0.235954 0.237179 0.238302 0.239305 0.240167 0.240872 0.241399 0.241731 0.241849 0.241734 0.249627 0.252885 0.248928 0.239115 0.224803 0.207351 0.188119 0.168464 0.149746 0.133323 0.120553 0.112795 0.111409 0.117751 0.133182 0.159060 0.152900 0.153144 0.153262 0.153285 0.153240 0.153156 0.153062 0.152986 0.152957 0.153004 0.153156 0.153441 0.153887 0.154524 0.155380 0.156484 0.155486 0.156220 0.156691 0.156936 0.156994 0.156900 0.156693 0.156411 0.156091 0.155770 0.155486 0.155276 0.155178 0.155230 0.155469 0.155933 0.157399 0.156802 0.156403 0.156181 0.156115 0.156182 0.156362 0.156631 0.156969 0.157354 0.157763 0.158176 0.158571 0.158925 0.159218 0.159427 0.158460 0.158892 0.159187 0.159363 0.159437 0.159427 0.159350 0.159222 0.159061 0.158885 0.158710 0.158553 0.158433 0.158366 0.158369 0.158460 0.160332 0.161121 0.161426 0.161335 0.160941 0.160332 0.159600 0.158835 0.158127 0.157566 0.157243 0.157249 0.157673 0.158606 0.160138 0.162360 0.160588 0.159243 0.158321 0.157762 0.157506 0.157493 0.157662 0.157955 0.158309 0.158666 0.158966 0.159147 0.159151 0.158916 0.158384 0.157493 0.161954 0.160559 0.159599 0.159013 0.158738 0.158710 0.158866 0.159145 0.159482 0.159816 0.160082 0.160219 0.160163 0.159852 0.159222 0.158210 0.158210 0.158466 0.158729 0.158987 0.159224 0.159427 0.159581 0.159673 0.159687 0.159610 0.159427 0.159125 0.158688 0.158103 0.157356 0.156432 0.156182 0.156781 0.157144 0.157305 0.157296 0.157150 0.156898 0.156573 0.156208 0.155835 0.155486 0.155193 0.154989 0.154907 0.154979 0.155236 0.150691 0.151150 0.151482 0.151705 0.151841 0.151908 0.151926 0.151916 0.151896 0.151887 0.151908 0.151979 0.152119 0.152349 0.152688 0.153156 0.152900 0.164747 0.170007 0.169934 0.165784 0.158810 0.150269 0.141415 0.133502 0.127785 0.125520 0.127961 0.136362 0.151979 0.176066 0.209878 0.244178 0.245207 0.245654 0.245595 0.245107 0.244265 0.243146 0.241825 0.240381 0.238887 0.237422 0.236060 0.234879 0.233954 0.233362 0.233178 0.230370 0.228846 0.227597 0.226589 0.225789 0.225164 0.224681 0.224306 0.224007 0.223749 0.223500 0.223227 0.222895 0.222473 0.221926 0.221222
0.221347 0.221394 0.221439 0.221483 0.221525 0.221566 0.221605 0.221643 0.221681 0.221717 0.221753 0.221788 0.221822 0.221856 0.221889 0.221922 0.227500 0.228314 0.229359 0.230583 0.231936 0.233366 0.234822 0.236253 0.237608 0.238837 0.239886 0.240707 0.241247 0.241455 0.241280 0.240671 0.248566 0.237196 0.224285 0.210362 0.195952 0.181582 0.167781 0.155076 0.143992 0.135059 0.128802 0.125748 0.126426 0.131362 0.141083 0.156116 0.152900 0.153060 0.153141 0.153162 0.153140 0.153092 0.153037 0.152991 0.152974 0.153001 0.153092 0.153263 0.153533 0.153918 0.154438 0.155108 0.154399 0.155747 0.156596 0.157022 0.157098 0.156900 0.156502 0.155978 0.155403 0.154852 0.154399 0.154119 0.154085 0.154374 0.155058 0.156214 0.157274 0.157244 0.157115 0.156915 0.156668 0.156401 0.156140 0.155911 0.155741 0.155654 0.155678 0.155839 0.156162 0.156673 0.157400 0.158366 0.157680 0.157984 0.158193 0.158318 0.158372 0.158366 0.158313 0.158225 0.158113 0.157990 0.157867 0.157757 0.157671 0.157622 0.157621 0.157680 0.160488 0.161365 0.161707 0.161609 0.161171 0.160488 0.159658 0.158778 0.157944 0.157255 0.156806 0.156696 0.157022 0.157879 0.159366 0.161580 0.160680 0.159232 0.158195 0.157512 0.157130 0.156994 0.157047 0.157235 0.157503 0.157796 0.158059 0.158237 0.158274 0.158116 0.157708 0.156994 0.159833 0.158625 0.157902 0.157586 0.157600 0.157867 0.158311 0.158853 0.159416 0.159925 0.160301 0.160467 0.160346 0.159862 0.158936 0.157493 0.157493 0.157694 0.157889 0.158071 0.158233 0.158366 0.158465 0.158522 0.158529 0.158480 0.158366 0.158182 0.157919 0.157571 0.157129 0.156588 0.156401 0.157090 0.157456 0.157547 0.157408 0.157087 0.156632 0.156088 0.155503 0.154925 0.154399 0.153974 0.153695 0.153611 0.153767 0.154212 0.151322 0.151652 0.151890 0.152050 0.152148 0.152196 0.152209 0.152202 0.152188 0.152181 0.152196 0.152247 0.152348 0.152513 0.152756 0.153092 0.152900 0.160551 0.163864 0.163655 0.160738 0.155929 0.150042 0.143893 0.138296 0.134067 0.132020 0.132971 0.137734 0.147125 0.161958 0.183049 0.246831 0.247489 0.247595 0.247231 0.246477 0.245414 0.244123 0.242684 0.241180 0.239690 0.238295 0.237077 0.236115 0.235491 0.235286 0.235581 0.231017 0.229845 0.228782 0.227822 0.226959 0.226188 0.225503 0.224897 0.224365 0.223901 0.223500 0.223155 0.222860 0.222610 0.222399 0.222221
0.219600 0.219787 0.219850 0.219818 0.219725 0.219600 0.219475 0.219382 0.219350 0.219413 0.219600 0.219943 0.220474 0.221222 0.222221 0.223500 0.227500 0.227406 0.227843 0.228717 0.229934 0.231400 0.233022 0.234707 0.236361 0.237890 0.239200 0.240198 0.240791 0.240885 0.240386 0.239200 0.247100 0.214923 0.189810 0.170974 0.157633 0.149000 0.144291 0.142722 0.143506 0.145861 0.149000 0.152139 0.154494 0.155278 0.153709 0.149000 0.152900 0.152900 0.152900 0.152900 0.152900 0.152900 0.152900 0.152900 0.152900 0.152900 0.152900 0.152900 0.152900 0.152900 0.152900 0.152900 0.152900 0.155108 0.156484 0.157156 0.157252 0.156900 0.156228 0.155364 0.154436 0.153572 0.152900 0.152548 0.152644 0.153316 0.154692 0.156900 0.156900 0.157796 0.158148 0.158052 0.157604 0.156900 0.156036 0.155108 0.154212 0.153444 0.152900 0.152676 0.152868 0.153572 0.154884 0.156900 0.156900 0.156900 0.156900 0.156900 0.156900 0.156900 0.156900 0.156900 0.156900 0.156900 0.156900 0.156900 0.156900 0.156900 0.156900 0.156900 0.160800 0.161674 0.162017 0.161923 0.161486 0.160800 0.159958 0.159053 0.158179 0.157430 0.156900 0.156682 0.156869 0.157555 0.158834 0.160800 0.160800 0.159521 0.158522 0.157774 0.157243 0.156900 0.156713 0.156650 0.156682 0.156775 0.156900 0.157025 0.157118 0.157150 0.157087 0.156900 0.156900 0.156026 0.155683 0.155777 0.156214 0.156900 0.157742 0.158647 0.159521 0.160270 0.160800 0.161018 0.160831 0.160145 0.158866 0.156900 0.156900 0.156900 0.156900 0.156900 0.156900 0.156900 0.156900 0.156900 0.156900 0.156900 0.156900 0.156900 0.156900 0.156900 0.156900 0.156900 0.156900 0.157604 0.157892 0.157828 0.157476 0.156900 0.156164 0.155332 0.154468 0.153636 0.152900 0.152324 0.151972 0.151908 0.152196 0.152900 0.152900 0.152900 0.152900 0.152900 0.152900 0.152900 0.152900 0.152900 0.152900 0.152900 0.152900 0.152900 0.152900 0.152900 0.152900 0.152900 0.152900 0.151621 0.150622 0.149874 0.149343 0.149000 0.148813 0.148750 0.148782 0.148875 0.149000 0.149125 0.149218 0.149250 0.149187 0.149000 0.251000 0.251111 0.250682 0.249806 0.248581 0.247100 0.245459 0.243754 0.242078 0.240529 0.239200 0.238187 0.237586 0.237490 0.237997 0.239200 0.231400 0.230825 0.230114 0.229302 0.228419 0.227500 0.226577 0.225682 0.224850 0.224111 0.223500 0.223049 0.222790 0.222758 0.222983 0.223500
0.219600 0.220175 0.220886 0.221698 0.222581 0.223500 0.224423 0.225318 0.226150 0.226889 0.227500 0.227951 0.228210 0.228242 0.228017 0.227500 0.227500 0.226720 0.226876 0.227812 0.229372 0.231400 0.233740 0.236236 0.238732 0.241072 0.243100 0.244660 0.245596 0.245752 0.244972 0.243100 0.149000 0.149187 0.149250 0.149218 0.149125 0.149000 0.148875 0.148782 0.148750 0.148813 0.149000 0.149343 0.149874 0.150622 0.151621 0.152900 0.152900 0.152900 0.152900 0.152900 0.152900 0.152900 0.152900 0.152900 0.152900 0.152900 0.152900 0.152900 0.152900 0.152900 0.152900 0.152900 0.152900 0.153092 0.153156 0.153124 0.153028 0.152900 0.152772 0.152676 0.152644 0.152708 0.152900 0.153252 0.153796 0.154564 0.155588 0.156900 0.152900 0.152196 0.151908 0.151972 0.152324 0.152900 0.153636 0.154468 0.155332 0.156164 0.156900 0.157476 0.157828 0.157892 0.157604 0.156900 0.156900 0.156900 0.156900 0.156900 0.156900 0.156900 0.156900 0.156900 0.156900 0.156900 0.156900 0.156900 0.156900 0.156900 0.156900 0.156900 0.156900 0.154884 0.153572 0.152868 0.152676 0.152900 0.153444 0.154212 0.155108 0.156036 0.156900 0.157604 0.158052 0.158148 0.157796 0.156900 0.156900 0.156900 0.156900 0.156900 0.156900 0.156900 0.156900 0.156900 0.156900 0.156900 0.156900 0.156900 0.156900 0.156900 0.156900 0.156900 0.156900 0.156900 0.156900 0.156900 0.156900 0.156900 0.156900 0.156900 0.156900 0.156900 0.156900 0.156900 0.156900 0.156900 0.156900 0.156900 0.152900 0.154212 0.155236 0.156004 0.156548 0.156900 0.157092 0.157156 0.157124 0.157028 0.156900 0.156772 0.156676 0.156644 0.156708 0.156900 0.152900 0.152900 0.152900 0.152900 0.152900 0.152900 0.152900 0.152900 0.152900 0.152900 0.152900 0.152900 0.152900 0.152900 0.152900 0.152900 0.152900 0.152713 0.152650 0.152682 0.152775 0.152900 0.153025 0.153118 0.153150 0.153087 0.152900 0.152557 0.152026 0.151278 0.150279 0.149000 0.152900 0.151621 0.150622 0.149874 0.149343 0.149000 0.148813 0.148750 0.148782 0.148875 0.149000 0.149125 0.149218 0.149250 0.149187 0.149000 0.149000 0.133811 0.127598 0.128978 0.136573 0.149000 0.164879 0.182830 0.201470 0.219421 0.235300 0.247727 0.255322 0.256702 0.250489 0.235300 0.231400 0.231698 0.231331 0.230425 0.229106 0.227500 0.225734 0.223935 0.222229 0.220742 0.219600 0.218930 0.218859 0.219513 0.221018 0.223500
0.218508 0.218111 0.218303 0.218979 0.220029 0.221347 0.222826 0.224359 0.225837 0.227155 0.228204 0.228878 0.229068 0.228669 0.227572 0.225671 0.223732 0.237920 0.246664 0.250728 0.250875 0.247868 0.242470 0.235445 0.227555 0.219564 0.212235 0.206332 0.202617 0.201854 0.204805 0.212235 0.149000 0.149126 0.149168 0.149147 0.149084 0.149000 0.148916 0.148853 0.148832 0.148874 0.149000 0.149231 0.149587 0.150090 0.150761 0.151621 0.153586 0.152942 0.152438 0.152061 0.151794 0.151621 0.151526 0.151495 0.151511 0.151558 0.151621 0.151684 0.151731 0.151747 0.151715 0.151621 0.152713 0.152809 0.152838 0.152820 0.152772 0.152713 0.152661 0.152636 0.152655 0.152737 0.152900 0.153163 0.153546 0.154065 0.154739 0.155588 0.152713 0.152301 0.152155 0.152234 0.152496 0.152900 0.153404 0.153966 0.154545 0.155099 0.155588 0.155969 0.156201 0.156243 0.156052 0.155588 0.157604 0.158056 0.158233 0.158185 0.157959 0.157604 0.157169 0.156701 0.156249 0.155862 0.155588 0.155475 0.155572 0.155927 0.156588 0.157604 0.157604 0.154685 0.152816 0.151846 0.151626 0.152004 0.152830 0.153954 0.155224 0.156491 0.157604 0.158412 0.158765 0.158513 0.157504 0.155588 0.155588 0.155136 0.154959 0.155007 0.155233 0.155588 0.156023 0.156491 0.156943 0.157330 0.157604 0.157717 0.157620 0.157265 0.156604 0.155588 0.157604 0.156491 0.155798 0.155459 0.155411 0.155588 0.155927 0.156362 0.156830 0.157265 0.157604 0.157781 0.157733 0.157394 0.156701 0.155588 0.154916 0.155169 0.155355 0.155481 0.155556 0.155588 0.155586 0.155558 0.155512 0.155457 0.155401 0.155352 0.155320 0.155311 0.155336 0.155401 0.152900 0.152881 0.152847 0.152804 0.152757 0.152713 0.152676 0.152652 0.152646 0.152665 0.152713 0.152796 0.152919 0.153088 0.153309 0.153586 0.152900 0.151914 0.151372 0.151194 0.151304 0.151621 0.152068 0.152566 0.153038 0.153404 0.153586 0.153507 0.153087 0.152248 0.150912 0.149000 0.150747 0.150174 0.149727 0.149391 0.149154 0.149000 0.148916 0.148888 0.148902 0.148944 0.149000 0.149056 0.149098 0.149112 0.149084 0.149000 0.149000 0.140881 0.137401 0.137981 0.142041 0.149000 0.158279 0.169298 0.181476 0.194235 0.206994 0.219172 0.230191 0.239470 0.246429 0.250489 0.226353 0.226855 0.226925 0.226639 0.226070 0.225292 0.224380 0.223409 0.222452 0.221584 0.220879 0.220412 0.220257 0.220489 0.221181 0.222408
0.217572 0.216681 0.216628 0.217264 0.218439 0.220006 0.221814 0.223716 0.225562 0.227204 0.228492 0.229278 0.229413 0.228748 0.227133 0.224422 0.222476 0.244951 0.258117 0.263305 0.261849 0.255080 0.244329 0.230928 0.216210 0.201505 0.188146 0.177464 0.170791 0.169459 0.174800 0.188146 0.149000 0.149078 0.149104 0.149091 0.149052 0.149000 0.148948 0.148909 0.148896 0.148922 0.149000 0.149143 0.149363 0.149675 0.150090 0.150622 0.153867 0.152803 0.151972 0.151349 0.150908 0.150622 0.150467 0.150415 0.150441 0.150519 0.150622 0.150726 0.150804 0.150830 0.150778 0.150622 0.152650 0.152686 0.152695 0.152686 0.152668 0.152650 0.152643 0.152655 0.152696 0.152774 0.152900 0.153082 0.153331 0.153654 0.154062 0.154564 0.152650 0.152439 0.152383 0.152458 0.152638 0.152900 0.153218 0.153568 0.153926 0.154266 0.154564 0.154796 0.154936 0.154961 0.154845 0.154564 0.157892 0.158637 0.158930 0.158850 0.158478 0.157892 0.157173 0.156401 0.155656 0.155017 0.154564 0.154378 0.154537 0.155123 0.156215 0.157892 0.157892 0.154587 0.152487 0.151416 0.151196 0.151652 0.152607 0.153885 0.155309 0.156704 0.157892 0.158697 0.158944 0.158454 0.157053 0.154564 0.154564 0.153819 0.153526 0.153606 0.153978 0.154564 0.155283 0.156055 0.156800 0.157439 0.157892 0.158078 0.157919 0.157333 0.156241 0.154564 0.157892 0.156055 0.154910 0.154351 0.154271 0.154564 0.155123 0.155842 0.156614 0.157333 0.157892 0.158185 0.158105 0.157546 0.156401 0.154564 0.156228 0.155726 0.155318 0.154995 0.154746 0.154564 0.154438 0.154360 0.154319 0.154307 0.154314 0.154332 0.154350 0.154359 0.154350 0.154314 0.152900 0.152876 0.152832 0.152774 0.152711 0.152650 0.152599 0.152566 0.152559 0.152584 0.152650 0.152765 0.152937 0.153173 0.153480 0.153867 0.152900 0.151348 0.150454 0.150107 0.150200 0.150622 0.151266 0.152021 0.152779 0.153431 0.153867 0.153979 0.153657 0.152793 0.151277 0.149000 0.149406 0.149273 0.149169 0.149091 0.149036 0.149000 0.148981 0.148974 0.148977 0.148987 0.149000 0.149013 0.149023 0.149026 0.149019 0.149000 0.149000 0.146128 0.144692 0.144692 0.146128 0.149000 0.153308 0.159052 0.166232 0.174849 0.184901 0.196389 0.209313 0.223674 0.239470 0.256702 0.224098 0.224378 0.224471 0.224407 0.224213 0.223916 0.223545 0.223128 0.222692 0.222266 0.221878 0.221554 0.221324 0.221215 0.221255 0.221472
0.216792 0.215806 0.215731 0.216406 0.217666 0.219350 0.221295 0.223338 0.225316 0.227067 0.228428 0.229236 0.229329 0.228543 0.226717 0.223686 0.223104 0.248234 0.262333 0.267001 0.263839 0.254448 0.240429 0.223381 0.204907 0.186605 0.170078 0.156926 0.148749 0.147149 0.153725 0.170078 0.149000 0.149042 0.149056 0.149049 0.149028 0.149000 0.148972 0.148951 0.148944 0.148958 0.149000 0.149077 0.149196 0.149363 0.149587 0.149874 0.153805 0.152515 0.151509 0.150754 0.150220 0.149874 0.149685 0.149622 0.149653 0.149748 0.149874 0.149999 0.150094 0.150125 0.150062 0.149874 0.152682 0.152686 0.152685 0.152681 0.152679 0.152682 0.152693 0.152717 0.152757 0.152817 0.152900 0.153010 0.153151 0.153327 0.153541 0.153796 0.152682 0.152596 0.152587 0.152643 0.152752 0.152900 0.153075 0.153265 0.153457 0.153638 0.153796 0.153918 0.153992 0.154004 0.153943 0.153796 0.157828 0.158731 0.159086 0.158989 0.158538 0.157828 0.156957 0.156022 0.155119 0.154344 0.153796 0.153570 0.153764 0.154473 0.155796 0.157828 0.157828 0.154570 0.152511 0.151474 0.151278 0.151748 0.152704 0.153968 0.155362 0.156708 0.157828 0.158543 0.158676 0.158048 0.156480 0.153796 0.153796 0.152893 0.152538 0.152635 0.153086 0.153796 0.154667 0.155602 0.156506 0.157280 0.157828 0.158054 0.157860 0.157151 0.155828 0.153796 0.157828 0.155602 0.154215 0.153538 0.153441 0.153796 0.154473 0.155344 0.156280 0.157151 0.157828 0.158183 0.158086 0.157409 0.156022 0.153796 0.156932 0.155942 0.155155 0.154549 0.154103 0.153796 0.153605 0.153510 0.153488 0.153517 0.153578 0.153646 0.153703 0.153724 0.153690 0.153578 0.152900 0.152882 0.152844 0.152793 0.152737 0.152682 0.152635 0.152605 0.152598 0.152621 0.152682 0.152787 0.152945 0.153163 0.153447 0.153805 0.152900 0.150985 0.149850 0.149370 0.149420 0.149874 0.150605 0.151490 0.152402 0.153215 0.153805 0.154045 0.153810 0.152975 0.151413 0.149000 0.148750 0.148832 0.148896 0.148944 0.148978 0.149000 0.149012 0.149016 0.149014 0.149008 0.149000 0.148992 0.148986 0.148984 0.148988 0.149000 0.149000 0.149773 0.149773 0.149387 0.149000 0.149000 0.149773 0.151706 0.155186 0.160599 0.168331 0.178770 0.192302 0.209313 0.230191 0.255322 0.223978 0.223753 0.223579 0.223443 0.223336 0.223244 0.223157 0.223063 0.222951 0.222809 0.222626 0.222391 0.222091 0.221715 0.221253 0.220692
0.216168 0.215405 0.215485 0.216257 0.217565 0.219257 0.221177 0.223173 0.225091 0.226777 0.228076 0.228836 0.228902 0.228121 0.226338 0.223401 0.224988 0.248192 0.260413 0.263271 0.258388 0.247384 0.231880 0.213497 0.193855 0.174576 0.157281 0.143589 0.135123 0.133502 0.140348 0.157281 0.149000 0.149016 0.149022 0.149019 0.149011 0.149000 0.148989 0.148981 0.148978 0.148984 0.149000 0.149030 0.149077 0.149143 0.149231 0.149343 0.153462 0.152111 0.151056 0.150266 0.149706 0.149343 0.149146 0.149080 0.149113 0.149211 0.149343 0.149475 0.149574 0.149607 0.149541 0.149343 0.152775 0.152770 0.152767 0.152766 0.152769 0.152775 0.152787 0.152804 0.152829 0.152860 0.152900 0.152949 0.153008 0.153077 0.153159 0.153252 0.152775 0.152754 0.152761 0.152790 0.152838 0.152900 0.152971 0.153046 0.153121 0.153191 0.153252 0.153299 0.153327 0.153331 0.153308 0.153252 0.157476 0.158422 0.158794 0.158693 0.158219 0.157476 0.156564 0.155584 0.154637 0.153826 0.153252 0.153015 0.153218 0.153962 0.155347 0.157476 0.157476 0.154612 0.152813 0.151917 0.151765 0.152196 0.153049 0.154164 0.155381 0.156538 0.157476 0.158034 0.158050 0.157366 0.155820 0.153252 0.153252 0.152306 0.151934 0.152035 0.152509 0.153252 0.154164 0.155144 0.156091 0.156902 0.157476 0.157713 0.157510 0.156766 0.155381 0.153252 0.157476 0.155144 0.153691 0.152982 0.152880 0.153252 0.153962 0.154874 0.155854 0.156766 0.157476 0.157848 0.157746 0.157037 0.155584 0.153252 0.157124 0.155876 0.154894 0.154148 0.153611 0.153252 0.153043 0.152955 0.152959 0.153026 0.153127 0.153233 0.153315 0.153344 0.153291 0.153127 0.152900 0.152892 0.152871 0.152842 0.152808 0.152775 0.152747 0.152729 0.152724 0.152738 0.152775 0.152840 0.152936 0.153069 0.153242 0.153462 0.152900 0.150794 0.149516 0.148935 0.148920 0.149343 0.150073 0.150980 0.151934 0.152804 0.153462 0.153776 0.153617 0.152855 0.151359 0.149000 0.148657 0.148769 0.148857 0.148923 0.148970 0.149000 0.149016 0.149022 0.149019 0.149011 0.149000 0.148989 0.148981 0.148978 0.148984 0.149000 0.149000 0.152038 0.152949 0.152342 0.150823 0.149000 0.147481 0.146874 0.147785 0.150823 0.156594 0.165708 0.178770 0.196389 0.219172 0.247727 0.225331 0.224465 0.223856 0.223462 0.223240 0.223148 0.223144 0.223185 0.223229 0.223234 0.223157 0.222956 0.222589 0.222014 0.221188 0.220068
0.215700 0.215397 0.215762 0.216670 0.217991 0.219600 0.221369 0.223170 0.224878 0.226363 0.227500 0.228161 0.228218 0.227546 0.226015 0.223500 0.227500 0.245247 0.253458 0.253574 0.247041 0.235300 0.219795 0.201970 0.183266 0.165129 0.149000 0.136323 0.128542 0.127098 0.133437 0.149000 0.149000 0.149000 0.149000 0.149000 0.149000 0.149000 0.149000 0.149000 0.149000 0.149000 0.149000 0.149000 0.149000 0.149000 0.149000 0.149000 0.152900 0.151621 0.150622 0.149874 0.149343 0.149000 0.148813 0.148750 0.148782 0.148875 0.149000 0.149125 0.149218 0.149250 0.149187 0.149000 0.152900 0.152900 0.152900 0.152900 0.152900 0.152900 0.152900 0.152900 0.152900 0.152900 0.152900 0.152900 0.152900 0.152900 0.152900 0.152900 0.152900 0.152900 0.152900 0.152900 0.152900 0.152900 0.152900 0.152900 0.152900 0.152900 0.152900 0.152900 0.152900 0.152900 0.152900 0.152900 0.156900 0.157796 0.158148 0.158052 0.157604 0.156900 0.156036 0.155108 0.154212 0.153444 0.152900 0.152676 0.152868 0.153572 0.154884 0.156900 0.156900 0.154692 0.153316 0.152644 0.152548 0.152900 0.153572 0.154436 0.155364 0.156228 0.156900 0.157252 0.157156 0.156484 0.155108 0.152900 0.152900 0.152004 0.151652 0.151748 0.152196 0.152900 0.153764 0.154692 0.155588 0.156356 0.156900 0.157124 0.156932 0.156228 0.154916 0.152900 0.156900 0.154692 0.153316 0.152644 0.152548 0.152900 0.153572 0.154436 0.155364 0.156228 0.156900 0.157252 0.157156 0.156484 0.155108 0.152900 0.156900 0.155588 0.154564 0.153796 0.153252 0.152900 0.152708 0.152644 0.152676 0.152772 0.152900 0.153028 0.153124 0.153156 0.153092 0.152900 0.152900 0.152900 0.152900 0.152900 0.152900 0.152900 0.152900 0.152900 0.152900 0.152900 0.152900 0.152900 0.152900 0.152900 0.152900 0.152900 0.152900 0.150747 0.149406 0.148750 0.148657 0.149000 0.149655 0.150498 0.151402 0.152245 0.152900 0.153243 0.153150 0.152494 0.151153 0.149000 0.149000 0.149000 0.149000 0.149000 0.149000 0.149000 0.149000 0.149000 0.149000 0.149000 0.149000 0.149000 0.149000 0.149000 0.149000 0.149000 0.149000 0.153142 0.154523 0.153833 0.151762 0.149000 0.146238 0.144167 0.143477 0.144858 0.149000 0.156594 0.168331 0.184901 0.206994 0.235300 0.227500 0.226001 0.224914 0.224178 0.223727 0.223500 0.223433 0.223462 0.223526 0.223559 0.223500 0.223285 0.222850 0.222134 0.221071 0.219600
0.215388 0.215702 0.216434 0.217496 0.218799 0.220255 0.221777 0.223277 0.224667 0.225859 0.226764 0.227295 0.227364 0.226883 0.225764 0.223919 0.230012 0.239821 0.242567 0.239367 0.231342 0.219608 0.205286 0.189493 0.173349 0.157973 0.144483 0.133998 0.127637 0.126518 0.131761 0.144483 0.149000 0.148991 0.148988 0.148990 0.148994 0.149000 0.149006 0.149010 0.149012 0.149009 0.149000 0.148984 0.148958 0.148922 0.148874 0.148813 0.152182 0.151077 0.150215 0.149568 0.149109 0.148813 0.148651 0.148597 0.148624 0.148705 0.148813 0.148921 0.149002 0.149028 0.148975 0.148813 0.153025 0.153038 0.153043 0.153043 0.153037 0.153025 0.153008 0.152987 0.152961 0.152932 0.152900 0.152865 0.152828 0.152789 0.152749 0.152708 0.153025 0.153018 0.153000 0.152973 0.152939 0.152900 0.152859 0.152817 0.152776 0.152739 0.152708 0.152684 0.152670 0.152668 0.152680 0.152708 0.156164 0.156938 0.157242 0.157159 0.156772 0.156164 0.155418 0.154616 0.153842 0.153178 0.152708 0.152514 0.152680 0.153289 0.154422 0.156164 0.156164 0.154788 0.153946 0.153551 0.153519 0.153764 0.154201 0.154745 0.155310 0.155811 0.156164 0.156282 0.156081 0.155475 0.154379 0.152708 0.152708 0.151934 0.151630 0.151713 0.152100 0.152708 0.153455 0.154256 0.155030 0.155694 0.156164 0.156358 0.156192 0.155583 0.154450 0.152708 0.156164 0.154256 0.153067 0.152487 0.152404 0.152708 0.153289 0.154035 0.154837 0.155583 0.156164 0.156468 0.156385 0.155805 0.154616 0.152708 0.156356 0.155137 0.154195 0.153496 0.153011 0.152708 0.152556 0.152523 0.152580 0.152693 0.152833 0.152967 0.153066 0.153097 0.153030 0.152833 0.152900 0.152900 0.152919 0.152950 0.152987 0.153025 0.153058 0.153080 0.153086 0.153069 0.153025 0.152947 0.152829 0.152666 0.152453 0.152182 0.152900 0.150814 0.149474 0.148768 0.148585 0.148813 0.149338 0.150050 0.150836 0.151584 0.152182 0.152518 0.152480 0.151956 0.150833 0.149000 0.149655 0.149440 0.149273 0.149147 0.149058 0.149000 0.148969 0.148958 0.148963 0.148979 0.149000 0.149021 0.149037 0.149042 0.149031 0.149000 0.149000 0.153308 0.154799 0.154137 0.151983 0.149000 0.145852 0.143201 0.141709 0.142041 0.144858 0.150823 0.160599 0.174849 0.194235 0.219421 0.229825 0.227845 0.226362 0.225304 0.224598 0.224172 0.223952 0.223867 0.223842 0.223807 0.223687 0.223411 0.222906 0.222099 0.220917 0.219288
0.215232 0.216241 0.217373 0.218587 0.219842 0.221098 0.222312 0.223443 0.224451 0.225294 0.225932 0.226323 0.226425 0.226199 0.225602 0.224594 0.231896 0.232337 0.228841 0.222108 0.212834 0.201720 0.189463 0.176762 0.164315 0.152821 0.142978 0.135484 0.131039 0.130341 0.134087 0.142978 0.149000 0.148988 0.148984 0.148986 0.148992 0.149000 0.149008 0.149014 0.149016 0.149012 0.149000 0.148978 0.148944 0.148896 0.148832 0.148750 0.151371 0.150512 0.149841 0.149338 0.148981 0.148750 0.148625 0.148583 0.148604 0.148667 0.148750 0.148834 0.148897 0.148918 0.148876 0.148750 0.153118 0.153144 0.153156 0.153155 0.153142 0.153118 0.153086 0.153047 0.153002 0.152952 0.152900 0.152846 0.152792 0.152739 0.152690 0.152644 0.153118 0.153092 0.153054 0.153008 0.152956 0.152900 0.152842 0.152786 0.152732 0.152684 0.152644 0.152614 0.152597 0.152594 0.152609 0.152644 0.155332 0.155934 0.156171 0.156106 0.155805 0.155332 0.154751 0.154128 0.153526 0.153010 0.152644 0.152493 0.152622 0.153096 0.153977 0.155332 0.155332 0.154880 0.154627 0.154536 0.154570 0.154692 0.154865 0.155052 0.155217 0.155323 0.155332 0.155208 0.154914 0.154413 0.153669 0.152644 0.152644 0.152042 0.151805 0.151870 0.152171 0.152644 0.153225 0.153848 0.154450 0.154966 0.155332 0.155483 0.155354 0.154880 0.153999 0.152644 0.155332 0.153848 0.152924 0.152472 0.152407 0.152644 0.153096 0.153676 0.154300 0.154880 0.155332 0.155569 0.155504 0.155052 0.154128 0.152644 0.155588 0.154584 0.153815 0.153253 0.152872 0.152644 0.152543 0.152541 0.152612 0.152728 0.152862 0.152988 0.153078 0.153105 0.153042 0.152862 0.152900 0.152888 0.152916 0.152972 0.153043 0.153118 0.153185 0.153230 0.153242 0.153209 0.153118 0.152958 0.152715 0.152378 0.151934 0.151371 0.152900 0.150964 0.149675 0.148939 0.148662 0.148750 0.149109 0.149645 0.150263 0.150870 0.151371 0.151673 0.151680 0.151300 0.150438 0.149000 0.150498 0.150006 0.149623 0.149335 0.149132 0.149000 0.148928 0.148904 0.148916 0.148952 0.149000 0.149048 0.149084 0.149096 0.149072 0.149000 0.149000 0.152756 0.154081 0.153529 0.151651 0.149000 0.146128 0.143587 0.141930 0.141709 0.143477 0.147785 0.155186 0.166232 0.181476 0.201470 0.231646 0.229483 0.227809 0.226557 0.225655 0.225036 0.224630 0.224367 0.224179 0.223996 0.223750 0.223370 0.222787 0.221933 0.220737 0.219132
0.215232 0.216932 0.218451 0.219796 0.220978 0.222002 0.222879 0.223616 0.224220 0.224702 0.225068 0.225327 0.225488 0.225557 0.225545 0.225458 0.232524 0.223216 0.213381 0.203252 0.193064 0.183048 0.173439 0.164469 0.156372 0.149382 0.143730 0.139652 0.137379 0.137146 0.139185 0.143730 0.149000 0.148990 0.148986 0.148988 0.148993 0.149000 0.149007 0.149012 0.149014 0.149010 0.149000 0.148981 0.148951 0.148909 0.148853 0.148782 0.150529 0.149956 0.149508 0.149173 0.148935 0.148782 0.148698 0.148670 0.148684 0.148726 0.148782 0.148838 0.148879 0.148893 0.148865 0.148782 0.153150 0.153183 0.153197 0.153195 0.153178 0.153150 0.153111 0.153064 0.153012 0.152957 0.152900 0.152844 0.152792 0.152745 0.152706 0.152676 0.153150 0.153107 0.153059 0.153008 0.152954 0.152900 0.152847 0.152796 0.152750 0.152709 0.152676 0.152652 0.152638 0.152636 0.152649 0.152676 0.154468 0.154869 0.155027 0.154984 0.154783 0.154468 0.154081 0.153665 0.153264 0.152920 0.152676 0.152576 0.152662 0.152977 0.153565 0.154468 0.154468 0.154946 0.155285 0.155497 0.155593 0.155588 0.155493 0.155321 0.155084 0.154796 0.154468 0.154113 0.153744 0.153373 0.153013 0.152676 0.152676 0.152275 0.152117 0.152160 0.152361 0.152676 0.153063 0.153479 0.153880 0.154224 0.154468 0.154568 0.154482 0.154167 0.153579 0.152676 0.154468 0.153479 0.152862 0.152561 0.152518 0.152676 0.152977 0.153364 0.153780 0.154167 0.154468 0.154626 0.154583 0.154282 0.153665 0.152676 0.154692 0.153987 0.153453 0.153070 0.152817 0.152676 0.152625 0.152645 0.152715 0.152815 0.152926 0.153026 0.153096 0.153117 0.153066 0.152926 0.152900 0.152856 0.152878 0.152947 0.153044 0.153150 0.153245 0.153312 0.153331 0.153283 0.153150 0.152911 0.152549 0.152043 0.151376 0.150529 0.152900 0.151168 0.149964 0.149213 0.148844 0.148782 0.148954 0.149289 0.149711 0.150149 0.150529 0.150778 0.150822 0.150590 0.150007 0.149000 0.151402 0.150614 0.149999 0.149538 0.149211 0.149000 0.148885 0.148846 0.148865 0.148923 0.149000 0.149077 0.149135 0.149154 0.149115 0.149000 0.149000 0.151706 0.152673 0.152286 0.150933 0.149000 0.146874 0.144940 0.143587 0.143201 0.144167 0.146874 0.151706 0.159052 0.169298 0.182830 0.232306 0.230401 0.228865 0.227649 0.226699 0.225964 0.225393 0.224935 0.224537 0.224149 0.223718 0.223194 0.222525 0.221659 0.220546 0.219132
0.215388 0.217695 0.219539 0.220976 0.222059 0.222845 0.223388 0.223743 0.223967 0.224112 0.224236 0.224392 0.224637 0.225024 0.225610 0.226449 0.231268 0.212880 0.197286 0.184259 0.173573 0.165004 0.158325 0.153309 0.149732 0.147367 0.145989 0.145371 0.145288 0.145514 0.145823 0.145989 0.149000 0.148994 0.148992 0.148993 0.148996 0.149000 0.149004 0.149007 0.149008 0.149006 0.149000 0.148989 0.148972 0.148948 0.148916 0.148875 0.149718 0.149441 0.149226 0.149064 0.148949 0.148875 0.148835 0.148821 0.148828 0.148848 0.148875 0.148902 0.148922 0.148929 0.148916 0.148875 0.153087 0.153114 0.153125 0.153123 0.153110 0.153087 0.153057 0.153021 0.152982 0.152941 0.152900 0.152862 0.152828 0.152800 0.152781 0.152772 0.153087 0.153048 0.153010 0.152972 0.152935 0.152900 0.152867 0.152838 0.152812 0.152790 0.152772 0.152760 0.152753 0.152752 0.152758 0.152772 0.153636 0.153830 0.153906 0.153885 0.153788 0.153636 0.153449 0.153249 0.153055 0.152890 0.152772 0.152724 0.152765 0.152917 0.153201 0.153636 0.153636 0.154965 0.155844 0.156329 0.156481 0.156356 0.156014 0.155512 0.154910 0.154265 0.153636 0.153081 0.152659 0.152428 0.152446 0.152772 0.152772 0.152578 0.152502 0.152523 0.152620 0.152772 0.152959 0.153159 0.153353 0.153518 0.153636 0.153684 0.153643 0.153491 0.153207 0.152772 0.153636 0.153159 0.152862 0.152717 0.152696 0.152772 0.152917 0.153104 0.153304 0.153491 0.153636 0.153712 0.153691 0.153546 0.153249 0.152772 0.153764 0.153406 0.153138 0.152951 0.152832 0.152772 0.152759 0.152782 0.152830 0.152893 0.152959 0.153018 0.153058 0.153069 0.153040 0.152959 0.152900 0.152800 0.152794 0.152857 0.152963 0.153087 0.153204 0.153288 0.153313 0.153255 0.153087 0.152785 0.152322 0.151673 0.150814 0.149718 0.152900 0.151397 0.150295 0.149541 0.149085 0.148875 0.148860 0.148988 0.149208 0.149468 0.149718 0.149905 0.149978 0.149886 0.149577 0.149000 0.152245 0.151180 0.150350 0.149727 0.149286 0.149000 0.148844 0.148792 0.148818 0.148896 0.149000 0.149104 0.149182 0.149208 0.149156 0.149000 0.149000 0.150381 0.150878 0.150685 0.149994 0.149000 0.147895 0.146874 0.146128 0.145852 0.146238 0.147481 0.149773 0.153308 0.158279 0.164879 0.231143 0.230083 0.229140 0.228295 0.227530 0.226828 0.226170 0.225539 0.224916 0.224284 0.223625 0.222920 0.222152 0.221302 0.220354 0.219288
0.215700 0.218450 0.220511 0.221977 0.222942 0.223500 0.223746 0.223775 0.223681 0.223558 0.223500 0.223602 0.223959 0.224665 0.225814 0.227500 0.227500 0.201752 0.181656 0.166584 0.155908 0.149000 0.145232 0.143976 0.144604 0.146488 0.149000 0.151512 0.153396 0.154024 0.152768 0.149000 0.149000 0.149000 0.149000 0.149000 0.149000 0.149000 0.149000 0.149000 0.149000 0.149000 0.149000 0.149000 0.149000 0.149000 0.149000 0.149000 0.149000 0.149000 0.149000 0.149000 0.149000 0.149000 0.149000 0.149000 0.149000 0.149000 0.149000 0.149000 0.149000 0.149000 0.149000 0.149000 0.152900 0.152900 0.152900 0.152900 0.152900 0.152900 0.152900 0.152900 0.152900 0.152900 0.152900 0.152900 0.152900 0.152900 0.152900 0.152900 0.152900 0.152900 0.152900 0.152900 0.152900 0.152900 0.152900 0.152900 0.152900 0.152900 0.152900 0.152900 0.152900 0.152900 0.152900 0.152900 0.152900 0.152900 0.152900 0.152900 0.152900 0.152900 0.152900 0.152900 0.152900 0.152900 0.152900 0.152900 0.152900 0.152900 0.152900 0.152900 0.152900 0.154916 0.156228 0.156932 0.157124 0.156900 0.156356 0.155588 0.154692 0.153764 0.152900 0.152196 0.151748 0.151652 0.152004 0.152900 0.152900 0.152900 0.152900 0.152900 0.152900 0.152900 0.152900 0.152900 0.152900 0.152900 0.152900 0.152900 0.152900 0.152900 0.152900 0.152900 0.152900 0.152900 0.152900 0.152900 0.152900 0.152900 0.152900 0.152900 0.152900 0.152900 0.152900 0.152900 0.152900 0.152900 0.152900 0.152900 0.152900 0.152900 0.152900 0.152900 0.152900 0.152900 0.152900 0.152900 0.152900 0.152900 0.152900 0.152900 0.152900 0.152900 0.152900 0.152900 0.152900 0.152713 0.152650 0.152682 0.152775 0.152900 0.153025 0.153118 0.153150 0.153087 0.152900 0.152557 0.152026 0.151278 0.150279 0.149000 0.152900 0.151621 0.150622 0.149874 0.149343 0.149000 0.148813 0.148750 0.148782 0.148875 0.149000 0.149125 0.149218 0.149250 0.149187 0.149000 0.152900 0.151621 0.150622 0.149874 0.149343 0.149000 0.148813 0.148750 0.148782 0.148875 0.149000 0.149125 0.149218 0.149250 0.149187 0.149000 0.149000 0.149000 0.149000 0.149000 0.149000 0.149000 0.149000 0.149000 0.149000 0.149000 0.149000 0.149000 0.149000 0.149000 0.149000 0.149000 0.227500 0.228017 0.228242 0.228210 0.227951 0.227500 0.226889 0.226150 0.225318 0.224423 0.223500 0.222581 0.221698 0.220886 0.220175 0.219600
0.216168 0.219117 0.221238 0.222652 0.223480 0.223843 0.223863 0.223659 0.223354 0.223069 0.222924 0.223041 0.223541 0.224544 0.226173 0.228547 0.220592 0.190254 0.167592 0.151686 0.141612 0.136448 0.135273 0.137164 0.141198 0.146455 0.152011 0.156945 0.160334 0.161256 0.158789 0.152011 0.149000 0.149006 0.149008 0.149007 0.149004 0.149000 0.148996 0.148993 0.148992 0.148994 0.149000 0.149011 0.149028 0.149052 0.149084 0.149125 0.148438 0.148664 0.148839 0.148971 0.149064 0.149125 0.149158 0.149169 0.149163 0.149147 0.149125 0.149103 0.149086 0.149081 0.149092 0.149125 0.152557 0.152503 0.152480 0.152484 0.152511 0.152557 0.152616 0.152684 0.152757 0.152831 0.152900 0.152961 0.153008 0.153038 0.153046 0.153028 0.152557 0.152647 0.152725 0.152793 0.152851 0.152900 0.152940 0.152972 0.152997 0.153015 0.153028 0.153035 0.153038 0.153038 0.153034 0.153028 0.152324 0.152166 0.152104 0.152121 0.152200 0.152324 0.152476 0.152639 0.152797 0.152932 0.153028 0.153067 0.153034 0.152910 0.152679 0.152324 0.152324 0.154777 0.156363 0.157202 0.157415 0.157124 0.156449 0.155510 0.154429 0.153327 0.152324 0.151541 0.151099 0.151119 0.151722 0.153028 0.153028 0.153186 0.153248 0.153231 0.153152 0.153028 0.152876 0.152713 0.152555 0.152420 0.152324 0.152285 0.152318 0.152442 0.152673 0.153028 0.152324 0.152713 0.152955 0.153073 0.153090 0.153028 0.152910 0.152758 0.152594 0.152442 0.152324 0.152262 0.152279 0.152397 0.152639 0.153028 0.152196 0.152529 0.152767 0.152921 0.153004 0.153028 0.153005 0.152947 0.152866 0.152775 0.152685 0.152609 0.152559 0.152546 0.152584 0.152685 0.152900 0.152590 0.152436 0.152403 0.152455 0.152557 0.152672 0.152765 0.152801 0.152743 0.152557 0.152205 0.151653 0.150866 0.149806 0.148438 0.152900 0.151809 0.150901 0.150161 0.149574 0.149125 0.148799 0.148583 0.148460 0.148417 0.148438 0.148510 0.148616 0.148743 0.148876 0.149000 0.153243 0.151851 0.150765 0.149950 0.149373 0.149000 0.148796 0.148728 0.148762 0.148864 0.149000 0.149136 0.149238 0.149272 0.149204 0.149000 0.149000 0.147785 0.147343 0.147509 0.148116 0.149000 0.149994 0.150933 0.151651 0.151983 0.151762 0.150823 0.149000 0.146128 0.142041 0.136573 0.220717 0.223686 0.225782 0.227107 0.227763 0.227852 0.227477 0.226739 0.225741 0.224586 0.223375 0.222211 0.221196 0.220433 0.220022 0.220068
0.216792 0.219615 0.221592 0.222854 0.223529 0.223750 0.223644 0.223344 0.222978 0.222678 0.222572 0.222792 0.223467 0.224727 0.226704 0.229526 0.209916 0.178807 0.156194 0.141021 0.132228 0.128760 0.129558 0.133566 0.139725 0.146979 0.154270 0.160540 0.164733 0.165790 0.162655 0.154270 0.149000 0.149010 0.149014 0.149012 0.149007 0.149000 0.148993 0.148988 0.148986 0.148989 0.149000 0.149019 0.149049 0.149091 0.149147 0.149218 0.148095 0.148464 0.148751 0.148967 0.149120 0.149218 0.149272 0.149290 0.149281 0.149254 0.149218 0.149182 0.149156 0.149146 0.149164 0.149218 0.152026 0.151883 0.151824 0.151836 0.151908 0.152026 0.152180 0.152356 0.152543 0.152728 0.152900 0.153045 0.153153 0.153210 0.153204 0.153124 0.152026 0.152273 0.152481 0.152652 0.152791 0.152900 0.152983 0.153044 0.153085 0.153111 0.153124 0.153128 0.153127 0.153124 0.153121 0.153124 0.151972 0.151714 0.151613 0.151640 0.151769 0.151972 0.152221 0.152488 0.152746 0.152967 0.153124 0.153188 0.153133 0.152930 0.152553 0.151972 0.151972 0.154527 0.156172 0.157036 0.157247 0.156932 0.156221 0.155241 0.154120 0.152988 0.151972 0.151200 0.150802 0.150904 0.151635 0.153124 0.153124 0.153382 0.153483 0.153456 0.153327 0.153124 0.152875 0.152608 0.152350 0.152129 0.151972 0.151907 0.151963 0.152166 0.152543 0.153124 0.151972 0.152608 0.153004 0.153198 0.153225 0.153124 0.152930 0.152682 0.152414 0.152166 0.151972 0.151871 0.151898 0.152092 0.152488 0.153124 0.151748 0.152353 0.152768 0.153018 0.153129 0.153124 0.153029 0.152870 0.152670 0.152455 0.152250 0.152081 0.151971 0.151946 0.152031 0.152250 0.152900 0.152425 0.152138 0.152002 0.151978 0.152026 0.152110 0.152191 0.152229 0.152187 0.152026 0.151708 0.151195 0.150447 0.149427 0.148095 0.152900 0.151934 0.151086 0.150354 0.149733 0.149218 0.148806 0.148492 0.148271 0.148141 0.148095 0.148131 0.148243 0.148429 0.148682 0.149000 0.153150 0.151789 0.150726 0.149930 0.149365 0.149000 0.148801 0.148734 0.148768 0.148867 0.149000 0.149133 0.149232 0.149266 0.149199 0.149000 0.149000 0.146956 0.146211 0.146487 0.147509 0.149000 0.150685 0.152286 0.153529 0.154137 0.153833 0.152342 0.149387 0.144692 0.137981 0.128978 0.210134 0.216577 0.221369 0.224702 0.226767 0.227756 0.227861 0.227275 0.226188 0.224793 0.223282 0.221846 0.220677 0.219967 0.219908 0.220692
0.217572 0.219864 0.221446 0.222434 0.222944 0.223094 0.223000 0.222778 0.222544 0.222415 0.222508 0.222939 0.223824 0.225280 0.227423 0.230370 0.194844 0.167835 0.148563 0.136047 0.129303 0.127348 0.129200 0.133877 0.140394 0.147770 0.155022 0.161167 0.165223 0.166205 0.163133 0.155022 0.149000 0.149012 0.149016 0.149014 0.149008 0.149000 0.148992 0.148986 0.148984 0.148988 0.149000 0.149022 0.149056 0.149104 0.149168 0.149250 0.148033 0.148432 0.148743 0.148977 0.149143 0.149250 0.149308 0.149327 0.149318 0.149289 0.149250 0.149211 0.149181 0.149172 0.149191 0.149250 0.151278 0.151004 0.150892 0.150916 0.151052 0.151278 0.151568 0.151899 0.152248 0.152589 0.152900 0.153156 0.153334 0.153409 0.153358 0.153156 0.151278 0.151765 0.152162 0.152477 0.152720 0.152900 0.153025 0.153104 0.153147 0.153161 0.153156 0.153141 0.153125 0.153116 0.153123 0.153156 0.151908 0.151628 0.151519 0.151549 0.151688 0.151908 0.152178 0.152467 0.152747 0.152986 0.153156 0.153226 0.153166 0.152946 0.152537 0.151908 0.151908 0.154145 0.155582 0.156332 0.156510 0.156228 0.155601 0.154741 0.153764 0.152781 0.151908 0.151258 0.150943 0.151079 0.151779 0.153156 0.153156 0.153436 0.153545 0.153515 0.153376 0.153156 0.152886 0.152597 0.152317 0.152078 0.151908 0.151838 0.151898 0.152118 0.152527 0.153156 0.151908 0.152597 0.153026 0.153236 0.153266 0.153156 0.152946 0.152677 0.152387 0.152118 0.151908 0.151798 0.151828 0.152038 0.152467 0.153156 0.151652 0.152431 0.152933 0.153196 0.153257 0.153156 0.152930 0.152616 0.152254 0.151880 0.151534 0.151252 0.151073 0.151035 0.151176 0.151534 0.152900 0.152212 0.151745 0.151459 0.151317 0.151278 0.151304 0.151355 0.151394 0.151381 0.151278 0.151044 0.150642 0.150032 0.149175 0.148033 0.152900 0.151963 0.151132 0.150404 0.149777 0.149250 0.148820 0.148485 0.148243 0.148093 0.148033 0.148060 0.148172 0.148367 0.148644 0.149000 0.152494 0.151348 0.150454 0.149783 0.149308 0.149000 0.148832 0.148776 0.148804 0.148888 0.149000 0.149112 0.149196 0.149224 0.149168 0.149000 0.149000 0.146735 0.145907 0.146211 0.147343 0.149000 0.150878 0.152673 0.154081 0.154799 0.154523 0.152949 0.149773 0.144692 0.137401 0.127598 0.195094 0.206176 0.214613 0.220708 0.224764 0.227084 0.227971 0.227728 0.226658 0.225065 0.223250 0.221518 0.220171 0.219512 0.219845 0.221472
0.218508 0.219783 0.220670 0.221244 0.221580 0.221753 0.221837 0.221909 0.222043 0.222313 0.222796 0.223566 0.224698 0.226267 0.228348 0.231017 0.174748 0.157758 0.145798 0.138221 0.134378 0.133624 0.135310 0.138790 0.143416 0.148541 0.153517 0.157697 0.160435 0.161082 0.158992 0.153517 0.149000 0.149009 0.149012 0.149011 0.149006 0.149000 0.148994 0.148990 0.148988 0.148991 0.149000 0.149016 0.149042 0.149078 0.149126 0.149187 0.148314 0.148600 0.148824 0.148992 0.149110 0.149187 0.149229 0.149243 0.149236 0.149215 0.149187 0.149159 0.149138 0.149131 0.149145 0.149187 0.150279 0.149827 0.149642 0.149682 0.149908 0.150279 0.150755 0.151296 0.151860 0.152409 0.152900 0.153294 0.153551 0.153630 0.153490 0.153092 0.150279 0.151105 0.151762 0.152268 0.152642 0.152900 0.153061 0.153143 0.153164 0.153141 0.153092 0.153036 0.152990 0.152972 0.153000 0.153092 0.152196 0.151995 0.151916 0.151938 0.152038 0.152196 0.152390 0.152597 0.152798 0.152970 0.153092 0.153142 0.153099 0.152941 0.152648 0.152196 0.152196 0.153610 0.154516 0.154988 0.155097 0.154916 0.154517 0.153974 0.153357 0.152741 0.152196 0.151796 0.151613 0.151720 0.152189 0.153092 0.153092 0.153293 0.153372 0.153350 0.153250 0.153092 0.152898 0.152691 0.152490 0.152318 0.152196 0.152146 0.152189 0.152347 0.152640 0.153092 0.152196 0.152691 0.152999 0.153149 0.153171 0.153092 0.152941 0.152748 0.152540 0.152347 0.152196 0.152117 0.152139 0.152289 0.152597 0.153092 0.152004 0.152822 0.153289 0.153456 0.153374 0.153092 0.152662 0.152134 0.151559 0.150988 0.150471 0.150059 0.149802 0.149752 0.149958 0.150471 0.152900 0.151946 0.151244 0.150756 0.150447 0.150279 0.150216 0.150222 0.150258 0.150290 0.150279 0.150190 0.149986 0.149629 0.149084 0.148314 0.152900 0.151869 0.150992 0.150260 0.149662 0.149187 0.148826 0.148569 0.148404 0.148323 0.148314 0.148367 0.148473 0.148620 0.148799 0.149000 0.151153 0.150447 0.149896 0.149482 0.149189 0.149000 0.148897 0.148862 0.148879 0.148931 0.149000 0.149069 0.149121 0.149138 0.149103 0.149000 0.149000 0.147343 0.146735 0.146956 0.147785 0.149000 0.150381 0.151706 0.152756 0.153308 0.153142 0.152038 0.149773 0.146128 0.140881 0.133811 0.174935 0.191967 0.205123 0.214840 0.221556 0.225708 0.227733 0.228069 0.227153 0.225422 0.223313 0.221264 0.219711 0.219093 0.219846 0.222408
0.219600 0.219293 0.219138 0.219138 0.219291 0.219600 0.220065 0.220686 0.221466 0.222403 0.223500 0.224757 0.226174 0.227754 0.229495 0.231400 0.149000 0.149000 0.149000 0.149000 0.149000 0.149000 0.149000 0.149000 0.149000 0.149000 0.149000 0.149000 0.149000 0.149000 0.149000 0.149000 0.149000 0.149000 0.149000 0.149000 0.149000 0.149000 0.149000 0.149000 0.149000 0.149000 0.149000 0.149000 0.149000 0.149000 0.149000 0.149000 0.149000 0.149000 0.149000 0.149000 0.149000 0.149000 0.149000 0.149000 0.149000 0.149000 0.149000 0.149000 0.149000 0.149000 0.149000 0.149000 0.149000 0.148314 0.148033 0.148095 0.148438 0.149000 0.149718 0.150529 0.151371 0.152182 0.152900 0.153462 0.153805 0.153867 0.153586 0.152900 0.149000 0.150279 0.151278 0.152026 0.152557 0.152900 0.153087 0.153150 0.153118 0.153025 0.152900 0.152775 0.152682 0.152650 0.152713 0.152900 0.152900 0.152900 0.152900 0.152900 0.152900 0.152900 0.152900 0.152900 0.152900 0.152900 0.152900 0.152900 0.152900 0.152900 0.152900 0.152900 0.152900 0.152900 0.152900 0.152900 0.152900 0.152900 0.152900 0.152900 0.152900 0.152900 0.152900 0.152900 0.152900 0.152900 0.152900 0.152900 0.152900 0.152900 0.152900 0.152900 0.152900 0.152900 0.152900 0.152900 0.152900 0.152900 0.152900 0.152900 0.152900 0.152900 0.152900 0.152900 0.152900 0.152900 0.152900 0.152900 0.152900 0.152900 0.152900 0.152900 0.152900 0.152900 0.152900 0.152900 0.152900 0.152900 0.152900 0.152900 0.152900 0.153586 0.153867 0.153805 0.153462 0.152900 0.152182 0.151371 0.150529 0.149718 0.149000 0.148438 0.148095 0.148033 0.148314 0.149000 0.152900 0.151621 0.150622 0.149874 0.149343 0.149000 0.148813 0.148750 0.148782 0.148875 0.149000 0.149125 0.149218 0.149250 0.149187 0.149000 0.152900 0.151621 0.150622 0.149874 0.149343 0.149000 0.148813 0.148750 0.148782 0.148875 0.149000 0.149125 0.149218 0.149250 0.149187 0.149000 0.149000 0.149000 0.149000 0.149000 0.149000 0.149000 0.149000 0.149000 0.149000 0.149000 0.149000 0.149000 0.149000 0.149000 0.149000 0.149000 0.149000 0.149000 0.149000 0.149000 0.149000 0.149000 0.149000 0.149000 0.149000 0.149000 0.149000 0.149000 0.149000 0.149000 0.149000 0.149000 0.149000 0.173436 0.192508 0.206812 0.216944 0.223500 0.227076 0.228268 0.227672 0.225884 0.223500 0.221116 0.219328 0.218732 0.219924 0.223500
0.219600 0.216024 0.214832 0.215428 0.217216 0.219600 0.221984 0.223772 0.224368 0.223176 0.219600 0.213044 0.202912 0.188608 0.169536 0.145100 0.149000 0.149000 0.149000 0.149000 0.149000 0.149000 0.149000 0.149000 0.149000 0.149000 0.149000 0.149000 0.149000 0.149000 0.149000 0.149000 0.149000 0.149000 0.149000 0.149000 0.149000 0.149000 0.149000 0.149000 0.149000 0.149000 0.149000 0.149000 0.149000 0.149000 0.149000 0.149000 0.149000 0.149000 0.149000 0.149000 0.149000 0.149000 0.149000 0.149000 0.149000 0.149000 0.149000 0.149000 0.149000 0.149000 0.149000 0.149000 0.149000 0.149000 0.149000 0.149000 0.149000 0.149000 0.149000 0.149000 0.149000 0.149000 0.149000 0.149000 0.149000 0.149000 0.149000 0.149000 0.149000 0.148126 0.147783 0.147877 0.148314 0.149000 0.149842 0.150747 0.151621 0.152370 0.152900 0.153118 0.152931 0.152245 0.150966 0.149000 0.152900 0.152900 0.152900 0.152900 0.152900 0.152900 0.152900 0.152900 0.152900 0.152900 0.152900 0.152900 0.152900 0.152900 0.152900 0.152900 0.149000 0.149187 0.149250 0.149218 0.149125 0.149000 0.148875 0.148782 0.148750 0.148813 0.149000 0.149343 0.149874 0.150622 0.151621 0.152900 0.152900 0.153774 0.154117 0.154023 0.153586 0.152900 0.152058 0.151153 0.150279 0.149530 0.149000 0.148782 0.148969 0.149655 0.150934 0.152900 0.152900 0.150934 0.149655 0.148969 0.148782 0.149000 0.149530 0.150279 0.151153 0.152058 0.152900 0.153586 0.154023 0.154117 0.153774 0.152900 0.152900 0.150747 0.149406 0.148750 0.148657 0.149000 0.149655 0.150498 0.151402 0.152245 0.152900 0.153243 0.153150 0.152494 0.151153 0.149000 0.149000 0.149000 0.149000 0.149000 0.149000 0.149000 0.149000 0.149000 0.149000 0.149000 0.149000 0.149000 0.149000 0.149000 0.149000 0.149000 0.149000 0.149000 0.149000 0.149000 0.149000 0.149000 0.149000 0.149000 0.149000 0.149000 0.149000 0.149000 0.149000 0.149000 0.149000 0.149000 0.149000 0.149000 0.149000 0.149000 0.149000 0.149000 0.149000 0.149000 0.149000 0.149000 0.149000 0.149000 0.149000 0.149000 0.149000 0.149000 0.149000 0.149000 0.149000 0.149000 0.149000 0.149000 0.149000 0.149000 0.149000 0.149000 0.149000 0.149000 0.149000 0.149000 0.149000 0.149000 0.145100 0.147802 0.148651 0.148149 0.146798 0.145100 0.143558 0.142675 0.142953 0.144894 0.149000 0.155774 0.165719 0.179337 0.197130 0.219600
0.232712 0.217553 0.206967 0.200205 0.196520 0.195164 0.195388 0.196445 0.197586 0.198064 0.197130 0.194036 0.188034 0.178376 0.164314 0.145100 0.149686 0.149798 0.149845 0.149835 0.149779 0.149686 0.149566 0.149428 0.149281 0.149135 0.149000 0.148885 0.148799 0.148752 0.148753 0.148813 0.148813 0.148874 0.148922 0.148958 0.148984 0.149000 0.149009 0.149012 0.149010 0.149006 0.149000 0.148994 0.148990 0.148988 0.148991 0.149000 0.149000 0.149000 0.149000 0.149000 0.149000 0.149000 0.149000 0.149000 0.149000 0.149000 0.149000 0.149000 0.149000 0.149000 0.149000 0.149000 0.149000 0.149000 0.149000 0.149000 0.149000 0.149000 0.149000 0.149000 0.149000 0.149000 0.149000 0.149000 0.149000 0.149000 0.149000 0.149000 0.149000 0.148413 0.148182 0.148245 0.148539 0.149000 0.149566 0.150174 0.150761 0.151264 0.151621 0.151768 0.151642 0.151181 0.150321 0.149000 0.151621 0.151621 0.151621 0.151621 0.151621 0.151621 0.151621 0.151621 0.151621 0.151621 0.151621 0.151621 0.151621 0.151621 0.151621 0.151621 0.149000 0.150116 0.150803 0.151128 0.151160 0.150966 0.150614 0.150174 0.149713 0.149299 0.149000 0.148885 0.149021 0.149477 0.150321 0.151621 0.151621 0.153198 0.154074 0.154357 0.154158 0.153586 0.152753 0.151768 0.150740 0.149781 0.149000 0.148507 0.148413 0.148827 0.149860 0.151621 0.151621 0.150300 0.149440 0.148979 0.148853 0.149000 0.149356 0.149860 0.150447 0.151055 0.151621 0.152082 0.152376 0.152438 0.152208 0.151621 0.153586 0.151495 0.150090 0.149273 0.148942 0.149000 0.149346 0.149881 0.150504 0.151118 0.151621 0.151914 0.151899 0.151474 0.150541 0.149000 0.149000 0.149000 0.149000 0.149000 0.149000 0.149000 0.149000 0.149000 0.149000 0.149000 0.149000 0.149000 0.149000 0.149000 0.149000 0.149000 0.149000 0.149000 0.149000 0.149000 0.149000 0.149000 0.149000 0.149000 0.149000 0.149000 0.149000 0.149000 0.149000 0.149000 0.149000 0.149000 0.149000 0.149000 0.149000 0.149000 0.149000 0.149000 0.149000 0.149000 0.149000 0.149000 0.149000 0.149000 0.149000 0.149000 0.149000 0.149000 0.149000 0.148853 0.148777 0.148755 0.148772 0.148813 0.148861 0.148900 0.148916 0.148892 0.148813 0.148662 0.148425 0.148085 0.147627 0.147034 0.144226 0.146837 0.147976 0.148005 0.147289 0.146192 0.145077 0.144309 0.144251 0.145267 0.147721 0.151976 0.158397 0.167347 0.179190 0.194290
0.238076 0.215531 0.198881 0.187306 0.179984 0.176092 0.174809 0.175314 0.176785 0.178400 0.179337 0.178775 0.175892 0.169866 0.159876 0.145100 0.149967 0.150125 0.150191 0.150178 0.150099 0.149967 0.149797 0.149602 0.149395 0.149190 0.149000 0.148839 0.148720 0.148656 0.148662 0.148750 0.148750 0.148832 0.148896 0.148944 0.148978 0.149000 0.149012 0.149016 0.149014 0.149008 0.149000 0.148992 0.148986 0.148984 0.148988 0.149000 0.149000 0.149000 0.149000 0.149000 0.149000 0.149000 0.149000 0.149000 0.149000 0.149000 0.149000 0.149000 0.149000 0.149000 0.149000 0.149000 0.149000 0.149000 0.149000 0.149000 0.149000 0.149000 0.149000 0.149000 0.149000 0.149000 0.149000 0.149000 0.149000 0.149000 0.149000 0.149000 0.149000 0.148637 0.148494 0.148533 0.148714 0.149000 0.149350 0.149727 0.150090 0.150402 0.150622 0.150713 0.150635 0.150350 0.149818 0.149000 0.150622 0.150622 0.150622 0.150622 0.150622 0.150622 0.150622 0.150622 0.150622 0.150622 0.150622 0.150622 0.150622 0.150622 0.150622 0.150622 0.149000 0.150713 0.151804 0.152362 0.152478 0.152245 0.151752 0.151090 0.150350 0.149623 0.149000 0.148572 0.148429 0.148663 0.149363 0.150622 0.150622 0.152621 0.153828 0.154360 0.154334 0.153867 0.153075 0.152076 0.150986 0.149921 0.149000 0.148338 0.148053 0.148260 0.149078 0.150622 0.150622 0.149805 0.149273 0.148987 0.148909 0.149000 0.149221 0.149532 0.149896 0.150272 0.150622 0.150908 0.151090 0.151129 0.150986 0.150622 0.153867 0.151907 0.150519 0.149623 0.149143 0.149000 0.149117 0.149415 0.149818 0.150246 0.150622 0.150869 0.150908 0.150661 0.150051 0.149000 0.149000 0.149000 0.149000 0.149000 0.149000 0.149000 0.149000 0.149000 0.149000 0.149000 0.149000 0.149000 0.149000 0.149000 0.149000 0.149000 0.149000 0.149000 0.149000 0.149000 0.149000 0.149000 0.149000 0.149000 0.149000 0.149000 0.149000 0.149000 0.149000 0.149000 0.149000 0.149000 0.149000 0.149000 0.149000 0.149000 0.149000 0.149000 0.149000 0.149000 0.149000 0.149000 0.149000 0.149000 0.149000 0.149000 0.149000 0.149000 0.149000 0.148774 0.148663 0.148639 0.148677 0.148750 0.148834 0.148902 0.148928 0.148886 0.148750 0.148495 0.148093 0.147520 0.146750 0.145755 0.143883 0.146370 0.147681 0.148072 0.147802 0.147128 0.146308 0.145600 0.145261 0.145550 0.146722 0.149038 0.152753 0.158126 0.165414 0.174875
0.236884 0.210571 0.190733 0.176543 0.167171 0.161788 0.159567 0.159678 0.161292 0.163583 0.165719 0.166874 0.166218 0.162923 0.156160 0.145100 0.149905 0.150054 0.150115 0.150103 0.150028 0.149905 0.149745 0.149562 0.149369 0.149177 0.149000 0.148851 0.148741 0.148685 0.148694 0.148782 0.148782 0.148853 0.148909 0.148951 0.148981 0.149000 0.149011 0.149014 0.149012 0.149007 0.149000 0.148993 0.148988 0.148986 0.148990 0.149000 0.149000 0.149000 0.149000 0.149000 0.149000 0.149000 0.149000 0.149000 0.149000 0.149000 0.149000 0.149000 0.149000 0.149000 0.149000 0.149000 0.149000 0.149000 0.149000 0.149000 0.149000 0.149000 0.149000 0.149000 0.149000 0.149000 0.149000 0.149000 0.149000 0.149000 0.149000 0.149000 0.149000 0.148804 0.148727 0.148748 0.148846 0.149000 0.149189 0.149391 0.149587 0.149755 0.149874 0.149923 0.149881 0.149727 0.149440 0.149000 0.149874 0.149874 0.149874 0.149874 0.149874 0.149874 0.149874 0.149874 0.149874 0.149874 0.149874 0.149874 0.149874 0.149874 0.149874 0.149874 0.149000 0.151023 0.152327 0.153012 0.153179 0.152931 0.152369 0.151593 0.150705 0.149807 0.149000 0.148385 0.148064 0.148137 0.148706 0.149874 0.149874 0.152051 0.153417 0.154088 0.154179 0.153805 0.153081 0.152124 0.151048 0.149968 0.149000 0.148259 0.147861 0.147920 0.148553 0.149874 0.149874 0.149433 0.149147 0.148993 0.148951 0.149000 0.149119 0.149287 0.149482 0.149685 0.149874 0.150027 0.150125 0.150146 0.150069 0.149874 0.153805 0.152033 0.150726 0.149825 0.149269 0.149000 0.148958 0.149084 0.149318 0.149601 0.149874 0.150076 0.150150 0.150034 0.149671 0.149000 0.149000 0.149000 0.149000 0.149000 0.149000 0.149000 0.149000 0.149000 0.149000 0.149000 0.149000 0.149000 0.149000 0.149000 0.149000 0.149000 0.149000 0.149000 0.149000 0.149000 0.149000 0.149000 0.149000 0.149000 0.149000 0.149000 0.149000 0.149000 0.149000 0.149000 0.149000 0.149000 0.149000 0.149000 0.149000 0.149000 0.149000 0.149000 0.149000 0.149000 0.149000 0.149000 0.149000 0.149000 0.149000 0.149000 0.149000 0.149000 0.149000 0.148750 0.148635 0.148623 0.148682 0.148782 0.148890 0.148976 0.149007 0.148953 0.148782 0.148462 0.147962 0.147251 0.146297 0.145069 0.143977 0.146312 0.147693 0.148299 0.148311 0.147908 0.147271 0.146579 0.146012 0.145750 0.145974 0.146862 0.148596 0.151354 0.155317 0.160665
0.230328 0.203286 0.182679 0.167725 0.157645 0.151656 0.148979 0.148833 0.150438 0.153012 0.155774 0.157946 0.158744 0.157390 0.153102 0.145100 0.149562 0.149654 0.149693 0.149685 0.149639 0.149562 0.149462 0.149348 0.149228 0.149109 0.149000 0.148908 0.148842 0.148809 0.148817 0.148875 0.148875 0.148916 0.148948 0.148972 0.148989 0.149000 0.149006 0.149008 0.149007 0.149004 0.149000 0.148996 0.148993 0.148992 0.148994 0.149000 0.149000 0.149000 0.149000 0.149000 0.149000 0.149000 0.149000 0.149000 0.149000 0.149000 0.149000 0.149000 0.149000 0.149000 0.149000 0.149000 0.149000 0.149000 0.149000 0.149000 0.149000 0.149000 0.149000 0.149000 0.149000 0.149000 0.149000 0.149000 0.149000 0.149000 0.149000 0.149000 0.149000 0.148923 0.148893 0.148901 0.148940 0.149000 0.149074 0.149154 0.149231 0.149297 0.149343 0.149362 0.149346 0.149286 0.149173 0.149000 0.149343 0.149343 0.149343 0.149343 0.149343 0.149343 0.149343 0.149343 0.149343 0.149343 0.149343 0.149343 0.149343 0.149343 0.149343 0.149343 0.149000 0.151092 0.152448 0.153171 0.153360 0.153118 0.152547 0.151748 0.150823 0.149873 0.149000 0.148305 0.147891 0.147858 0.148308 0.149343 0.149343 0.151496 0.152877 0.153593 0.153753 0.153462 0.152827 0.151957 0.150958 0.149936 0.149000 0.148256 0.147811 0.147773 0.148248 0.149343 0.149343 0.149170 0.149058 0.148997 0.148981 0.149000 0.149047 0.149113 0.149189 0.149269 0.149343 0.149404 0.149442 0.149450 0.149420 0.149343 0.153462 0.151921 0.150749 0.149901 0.149332 0.149000 0.148860 0.148868 0.148981 0.149154 0.149343 0.149505 0.149596 0.149571 0.149387 0.149000 0.149000 0.149000 0.149000 0.149000 0.149000 0.149000 0.149000 0.149000 0.149000 0.149000 0.149000 0.149000 0.149000 0.149000 0.149000 0.149000 0.149000 0.149000 0.149000 0.149000 0.149000 0.149000 0.149000 0.149000 0.149000 0.149000 0.149000 0.149000 0.149000 0.149000 0.149000 0.149000 0.149000 0.149000 0.149000 0.149000 0.149000 0.149000 0.149000 0.149000 0.149000 0.149000 0.149000 0.149000 0.149000 0.149000 0.149000 0.149000 0.149000 0.148767 0.148672 0.148680 0.148758 0.148875 0.148997 0.149091 0.149124 0.149063 0.148875 0.148528 0.147988 0.147222 0.146197 0.144882 0.144414 0.146573 0.147938 0.148636 0.148791 0.148532 0.147985 0.147275 0.146531 0.145878 0.145443 0.145353 0.145734 0.146713 0.148416 0.150970
0.219600 0.194290 0.174875 0.160665 0.150970 0.145100 0.142366 0.142079 0.143549 0.146086 0.149000 0.151602 0.153203 0.153113 0.150642 0.145100 0.149000 0.149000 0.149000 0.149000 0.149000 0.149000 0.149000 0.149000 0.149000 0.149000 0.149000 0.149000 0.149000 0.149000 0.149000 0.149000 0.149000 0.149000 0.149000 0.149000 0.149000 0.149000 0.149000 0.149000 0.149000 0.149000 0.149000 0.149000 0.149000 0.149000 0.149000 0.149000 0.149000 0.149000 0.149000 0.149000 0.149000 0.149000 0.149000 0.149000 0.149000 0.149000 0.149000 0.149000 0.149000 0.149000 0.149000 0.149000 0.149000 0.149000 0.149000 0.149000 0.149000 0.149000 0.149000 0.149000 0.149000 0.149000 0.149000 0.149000 0.149000 0.149000 0.149000 0.149000 0.149000 0.149000 0.149000 0.149000 0.149000 0.149000 0.149000 0.149000 0.149000 0.149000 0.149000 0.149000 0.149000 0.149000 0.149000 0.149000 0.149000 0.149000 0.149000 0.149000 0.149000 0.149000 0.149000 0.149000 0.149000 0.149000 0.149000 0.149000 0.149000 0.149000 0.149000 0.149000 0.149000 0.150966 0.152245 0.152931 0.153118 0.152900 0.152370 0.151621 0.150747 0.149842 0.149000 0.148314 0.147877 0.147783 0.148126 0.149000 0.149000 0.150966 0.152245 0.152931 0.153118 0.152900 0.152370 0.151621 0.150747 0.149842 0.149000 0.148314 0.147877 0.147783 0.148126 0.149000 0.149000 0.149000 0.149000 0.149000 0.149000 0.149000 0.149000 0.149000 0.149000 0.149000 0.149000 0.149000 0.149000 0.149000 0.149000 0.149000 0.152900 0.151621 0.150622 0.149874 0.149343 0.149000 0.148813 0.148750 0.148782 0.148875 0.149000 0.149125 0.149218 0.149250 0.149187 0.149000 0.149000 0.149000 0.149000 0.149000 0.149000 0.149000 0.149000 0.149000 0.149000 0.149000 0.149000 0.149000 0.149000 0.149000 0.149000 0.149000 0.149000 0.149000 0.149000 0.149000 0.149000 0.149000 0.149000 0.149000 0.149000 0.149000 0.149000 0.149000 0.149000 0.149000 0.149000 0.149000 0.149000 0.149000 0.149000 0.149000 0.149000 0.149000 0.149000 0.149000 0.149000 0.149000 0.149000 0.149000 0.149000 0.149000 0.149000 0.149000 0.149000 0.148813 0.148750 0.148782 0.148875 0.149000 0.149125 0.149218 0.149250 0.149187 0.149000 0.148657 0.148126 0.147378 0.146379 0.145100 0.145100 0.147066 0.148345 0.149031 0.149218 0.149000 0.148470 0.147721 0.146847 0.145942 0.145100 0.144414 0.143977 0.143883 0.144226 0.145100
0.205892 0.184196 0.167479 0.155172 0.146710 0.141524 0.139048 0.138714 0.139955 0.142204 0.144894 0.147457 0.149326 0.149935 0.148715 0.145100 0.148282 0.148162 0.148112 0.148123 0.148183 0.148282 0.148410 0.148557 0.148711 0.148862 0.149000 0.149114 0.149194 0.149230 0.149210 0.149125 0.149125 0.149084 0.149052 0.149028 0.149011 0.149000 0.148994 0.148992 0.148993 0.148996 0.149000 0.149004 0.149007 0.149008 0.149006 0.149000 0.149000 0.149000 0.149000 0.149000 0.149000 0.149000 0.149000 0.149000 0.149000 0.149000 0.149000 0.149000 0.149000 0.149000 0.149000 0.149000 0.149000 0.149000 0.149000 0.149000 0.149000 0.149000 0.149000 0.149000 0.149000 0.149000 0.149000 0.149000 0.149000 0.149000 0.149000 0.149000 0.149000 0.149042 0.149058 0.149054 0.149033 0.149000 0.148960 0.148916 0.148874 0.148838 0.148813 0.148802 0.148811 0.148844 0.148906 0.149000 0.148813 0.148813 0.148813 0.148813 0.148813 0.148813 0.148813 0.148813 0.148813 0.148813 0.148813 0.148813 0.148813 0.148813 0.148813 0.148813 0.149000 0.150689 0.151792 0.152386 0.152552 0.152370 0.151917 0.151275 0.150522 0.149737 0.149000 0.148390 0.147988 0.147871 0.148119 0.148813 0.148813 0.150469 0.151558 0.152155 0.152338 0.152182 0.151765 0.151161 0.150448 0.149702 0.149000 0.148417 0.148031 0.147917 0.148152 0.148813 0.148813 0.148907 0.148969 0.149002 0.149010 0.149000 0.148975 0.148939 0.148897 0.148853 0.148813 0.148780 0.148759 0.148754 0.148771 0.148813 0.152182 0.151180 0.150382 0.149767 0.149313 0.149000 0.148807 0.148712 0.148696 0.148736 0.148813 0.148904 0.148990 0.149048 0.149058 0.149000 0.149000 0.149000 0.149000 0.149000 0.149000 0.149000 0.149000 0.149000 0.149000 0.149000 0.149000 0.149000 0.149000 0.149000 0.149000 0.149000 0.149000 0.149000 0.149000 0.149000 0.149000 0.149000 0.149000 0.149000 0.149000 0.149000 0.149000 0.149000 0.149000 0.149000 0.149000 0.149000 0.149000 0.149000 0.149000 0.149000 0.149000 0.149000 0.149000 0.149000 0.149000 0.149000 0.149000 0.149000 0.149000 0.149000 0.149000 0.149000 0.149000 0.148873 0.148849 0.148901 0.149002 0.149125 0.149243 0.149328 0.149355 0.149297 0.149125 0.148813 0.148335 0.147663 0.146771 0.145630 0.145942 0.147700 0.148838 0.149435 0.149567 0.149312 0.148746 0.147946 0.146989 0.145952 0.144913 0.143947 0.143133 0.142547 0.142266 0.142366
0.190396 0.173617 0.160646 0.151059 0.144429 0.140332 0.138342 0.138035 0.138984 0.140765 0.142953 0.145121 0.146845 0.147700 0.147260 0.145100 0.147471 0.147213 0.147106 0.147129 0.147258 0.147471 0.147746 0.148058 0.148387 0.148708 0.149000 0.149239 0.149404 0.149470 0.149416 0.149218 0.149218 0.149147 0.149091 0.149049 0.149019 0.149000 0.148990 0.148986 0.148988 0.148993 0.149000 0.149007 0.149012 0.149014 0.149010 0.149000 0.149000 0.149000 0.149000 0.149000 0.149000 0.149000 0.149000 0.149000 0.149000 0.149000 0.149000 0.149000 0.149000 0.149000 0.149000 0.149000 0.149000 0.149000 0.149000 0.149000 0.149000 0.149000 0.149000 0.149000 0.149000 0.149000 0.149000 0.149000 0.149000 0.149000 0.149000 0.149000 0.149000 0.149056 0.149078 0.149072 0.149044 0.149000 0.148946 0.148888 0.148832 0.148784 0.148750 0.148736 0.148748 0.148792 0.148874 0.149000 0.148750 0.148750 0.148750 0.148750 0.148750 0.148750 0.148750 0.148750 0.148750 0.148750 0.148750 0.148750 0.148750 0.148750 0.148750 0.148750 0.149000 0.150309 0.151165 0.151628 0.151760 0.151621 0.151272 0.150775 0.150190 0.149578 0.149000 0.148517 0.148189 0.148078 0.148245 0.148750 0.148750 0.150015 0.150853 0.151320 0.151474 0.151371 0.151069 0.150623 0.150092 0.149532 0.149000 0.148553 0.148247 0.148140 0.148289 0.148750 0.148750 0.148876 0.148958 0.149002 0.149014 0.149000 0.148966 0.148918 0.148862 0.148804 0.148750 0.148706 0.148679 0.148673 0.148695 0.148750 0.151371 0.150649 0.150064 0.149603 0.149253 0.149000 0.148832 0.148736 0.148699 0.148708 0.148750 0.148812 0.148881 0.148944 0.148988 0.149000 0.149000 0.149000 0.149000 0.149000 0.149000 0.149000 0.149000 0.149000 0.149000 0.149000 0.149000 0.149000 0.149000 0.149000 0.149000 0.149000 0.149000 0.149000 0.149000 0.149000 0.149000 0.149000 0.149000 0.149000 0.149000 0.149000 0.149000 0.149000 0.149000 0.149000 0.149000 0.149000 0.149000 0.149000 0.149000 0.149000 0.149000 0.149000 0.149000 0.149000 0.149000 0.149000 0.149000 0.149000 0.149000 0.149000 0.149000 0.149000 0.149000 0.148935 0.148946 0.149011 0.149108 0.149218 0.149320 0.149391 0.149412 0.149362 0.149218 0.148962 0.148570 0.148023 0.147300 0.146379 0.146847 0.148387 0.149346 0.149797 0.149814 0.149468 0.148833 0.147981 0.146985 0.145917 0.144850 0.143858 0.143012 0.142385 0.142050 0.142079
0.174304 0.163166 0.154534 0.148135 0.143691 0.140928 0.139570 0.139341 0.139966 0.141169 0.142675 0.144208 0.145493 0.146253 0.146214 0.145100 0.146629 0.146223 0.146057 0.146093 0.146295 0.146629 0.147057 0.147544 0.148055 0.148552 0.149000 0.149363 0.149606 0.149692 0.149585 0.149250 0.149250 0.149168 0.149104 0.149056 0.149022 0.149000 0.148988 0.148984 0.148986 0.148992 0.149000 0.149008 0.149014 0.149016 0.149012 0.149000 0.149000 0.149000 0.149000 0.149000 0.149000 0.149000 0.149000 0.149000 0.149000 0.149000 0.149000 0.149000 0.149000 0.149000 0.149000 0.149000 0.149000 0.149000 0.149000 0.149000 0.149000 0.149000 0.149000 0.149000 0.149000 0.149000 0.149000 0.149000 0.149000 0.149000 0.149000 0.149000 0.149000 0.149049 0.149068 0.149063 0.149038 0.149000 0.148953 0.148902 0.148853 0.148811 0.148782 0.148769 0.148780 0.148818 0.148890 0.149000 0.148782 0.148782 0.148782 0.148782 0.148782 0.148782 0.148782 0.148782 0.148782 0.148782 0.148782 0.148782 0.148782 0.148782 0.148782 0.148782 0.149000 0.149870 0.150440 0.150749 0.150838 0.150747 0.150517 0.150186 0.149797 0.149388 0.149000 0.148673 0.148448 0.148364 0.148462 0.148782 0.148782 0.149613 0.150167 0.150480 0.150588 0.150529 0.150338 0.150054 0.149711 0.149348 0.149000 0.148705 0.148499 0.148418 0.148500 0.148782 0.148782 0.148892 0.148963 0.149002 0.149012 0.149000 0.148970 0.148928 0.148879 0.148829 0.148782 0.148743 0.148719 0.148713 0.148733 0.148782 0.150529 0.150076 0.149704 0.149405 0.149173 0.149000 0.148879 0.148804 0.148768 0.148762 0.148782 0.148818 0.148865 0.148916 0.148963 0.149000 0.149000 0.149000 0.149000 0.149000 0.149000 0.149000 0.149000 0.149000 0.149000 0.149000 0.149000 0.149000 0.149000 0.149000 0.149000 0.149000 0.149000 0.149000 0.149000 0.149000 0.149000 0.149000 0.149000 0.149000 0.149000 0.149000 0.149000 0.149000 0.149000 0.149000 0.149000 0.149000 0.149000 0.149000 0.149000 0.149000 0.149000 0.149000 0.149000 0.149000 0.149000 0.149000 0.149000 0.149000 0.149000 0.149000 0.149000 0.149000 0.149000 0.148986 0.149018 0.149082 0.149164 0.149250 0.149325 0.149377 0.149391 0.149353 0.149250 0.149066 0.148788 0.148403 0.147896 0.147253 0.147721 0.149037 0.149793 0.150066 0.149932 0.149468 0.148751 0.147857 0.146863 0.145845 0.144882 0.144048 0.143421 0.143078 0.143095 0.143549
0.158808 0.153456 0.149300 0.146212 0.144060 0.142716 0.142049 0.141930 0.142228 0.142814 0.143558 0.144330 0.145000 0.145438 0.145515 0.145100 0.145818 0.145266 0.145040 0.145090 0.145365 0.145818 0.146397 0.147055 0.147741 0.148405 0.149000 0.149475 0.149780 0.149867 0.149686 0.149187 0.149187 0.149126 0.149078 0.149042 0.149016 0.149000 0.148991 0.148988 0.148990 0.148994 0.149000 0.149006 0.149010 0.149012 0.149009 0.149000 0.149000 0.149000 0.149000 0.149000 0.149000 0.149000 0.149000 0.149000 0.149000 0.149000 0.149000 0.149000 0.149000 0.149000 0.149000 0.149000 0.149000 0.149000 0.149000 0.149000 0.149000 0.149000 0.149000 0.149000 0.149000 0.149000 0.149000 0.149000 0.149000 0.149000 0.149000 0.149000 0.149000 0.149028 0.149039 0.149036 0.149022 0.149000 0.148973 0.148944 0.148916 0.148892 0.148875 0.148868 0.148874 0.148896 0.148937 0.149000 0.148875 0.148875 0.148875 0.148875 0.148875 0.148875 0.148875 0.148875 0.148875 0.148875 0.148875 0.148875 0.148875 0.148875 0.148875 0.148875 0.149000 0.149419 0.149693 0.149842 0.149886 0.149842 0.149732 0.149573 0.149385 0.149188 0.149000 0.148841 0.148729 0.148685 0.148727 0.148875 0.148875 0.149272 0.149537 0.149688 0.149743 0.149718 0.149630 0.149497 0.149336 0.149165 0.149000 0.148859 0.148758 0.148716 0.148749 0.148875 0.148875 0.148938 0.148979 0.149001 0.149007 0.149000 0.148983 0.148959 0.148931 0.148902 0.148875 0.148853 0.148839 0.148836 0.148847 0.148875 0.149718 0.149510 0.149337 0.149197 0.149085 0.149000 0.148939 0.148898 0.148876 0.148869 0.148875 0.148891 0.148914 0.148942 0.148972 0.149000 0.149000 0.149000 0.149000 0.149000 0.149000 0.149000 0.149000 0.149000 0.149000 0.149000 0.149000 0.149000 0.149000 0.149000 0.149000 0.149000 0.149000 0.149000 0.149000 0.149000 0.149000 0.149000 0.149000 0.149000 0.149000 0.149000 0.149000 0.149000 0.149000 0.149000 0.149000 0.149000 0.149000 0.149000 0.149000 0.149000 0.149000 0.149000 0.149000 0.149000 0.149000 0.149000 0.149000 0.149000 0.149000 0.149000 0.149000 0.149000 0.149000 0.149012 0.149043 0.149088 0.149138 0.149187 0.149229 0.149257 0.149264 0.149243 0.149187 0.149091 0.148946 0.148747 0.148486 0.148158 0.148470 0.149563 0.150108 0.150192 0.149898 0.149312 0.148519 0.147604 0.146651 0.145747 0.144975 0.144421 0.144171 0.144308 0.144918 0.146086
0.145100 0.145100 0.145100 0.145100 0.145100 0.145100 0.145100 0.145100 0.145100 0.145100 0.145100 0.145100 0.145100 0.145100 0.145100 0.145100 0.145100 0.144414 0.144133 0.144195 0.144538 0.145100 0.145818 0.146629 0.147471 0.148282 0.149000 0.149562 0.149905 0.149967 0.149686 0.149000 0.149000 0.149000 0.149000 0.149000 0.149000 0.149000 0.149000 0.149000 0.149000 0.149000 0.149000 0.149000 0.149000 0.149000 0.149000 0.149000 0.149000 0.149000 0.149000 0.149000 0.149000 0.149000 0.149000 0.149000 0.149000 0.149000 0.149000 0.149000 0.149000 0.149000 0.149000 0.149000 0.149000 0.149000 0.149000 0.149000 0.149000 0.149000 0.149000 0.149000 0.149000 0.149000 0.149000 0.149000 0.149000 0.149000 0.149000 0.149000 0.149000 0.149000 0.149000 0.149000 0.149000 0.149000 0.149000 0.149000 0.149000 0.149000 0.149000 0.149000 0.149000 0.149000 0.149000 0.149000 0.149000 0.149000 0.149000 0.149000 0.149000 0.149000 0.149000 0.149000 0.149000 0.149000 0.149000 0.149000 0.149000 0.149000 0.149000 0.149000 0.149000 0.149000 0.149000 0.149000 0.149000 0.149000 0.149000 0.149000 0.149000 0.149000 0.149000 0.149000 0.149000 0.149000 0.149000 0.149000 0.149000 0.149000 0.149000 0.149000 0.149000 0.149000 0.149000 0.149000 0.149000 0.149000 0.149000 0.149000 0.149000 0.149000 0.149000 0.149000 0.149000 0.149000 0.149000 0.149000 0.149000 0.149000 0.149000 0.149000 0.149000 0.149000 0.149000 0.149000 0.149000 0.149000 0.149000 0.149000 0.149000 0.149000 0.149000 0.149000 0.149000 0.149000 0.149000 0.149000 0.149000 0.149000 0.149000 0.149000 0.149000 0.149000 0.149000 0.149000 0.149000 0.149000 0.149000 0.149000 0.149000 0.149000 0.149000 0.149000 0.149000 0.149000 0.149000 0.149000 0.149000 0.149000 0.149000 0.149000 0.149000 0.149000 0.149000 0.149000 0.149000 0.149000 0.149000 0.149000 0.149000 0.149000 0.149000 0.149000 0.149000 0.149000 0.149000 0.149000 0.149000 0.149000 0.149000 0.149000 0.149000 0.149000 0.149000 0.149000 0.149000 0.149000 0.149000 0.149000 0.149000 0.149000 0.149000 0.149000 0.149000 0.149000 0.149000 0.149000 0.149000 0.149000 0.149000 0.149000 0.149000 0.149000 0.149000 0.149000 0.149000 0.149000 0.149000 0.149000 0.149000 0.149874 0.150217 0.150123 0.149686 0.149000 0.148158 0.147253 0.146379 0.145630 0.145100 0.144882 0.145069 0.145755 0.147034 0.149000
0.134372 0.138712 0.142091 0.144611 0.146375 0.147484 0.148041 0.148149 0.147910 0.147425 0.146798 0.146130 0.145524 0.145082 0.144907 0.145100 0.144538 0.143737 0.143410 0.143484 0.143885 0.144538 0.145370 0.146307 0.147273 0.148196 0.149000 0.149612 0.149958 0.149964 0.149555 0.148657 0.148657 0.148769 0.148857 0.148923 0.148970 0.149000 0.149016 0.149022 0.149019 0.149011 0.149000 0.148989 0.148981 0.148978 0.148984 0.149000 0.149000 0.149000 0.149000 0.149000 0.149000 0.149000 0.149000 0.149000 0.149000 0.149000 0.149000 0.149000 0.149000 0.149000 0.149000 0.149000 0.149000 0.149000 0.149000 0.149000 0.149000 0.149000 0.149000 0.149000 0.149000 0.149000 0.149000 0.149000 0.149000 0.149000 0.149000 0.149000 0.149000 0.148972 0.148961 0.148964 0.148978 0.149000 0.149027 0.149056 0.149084 0.149108 0.149125 0.149132 0.149126 0.149104 0.149063 0.149000 0.149125 0.149125 0.149125 0.149125 0.149125 0.149125 0.149125 0.149125 0.149125 0.149125 0.149125 0.149125 0.149125 0.149125 0.149125 0.149125 0.149000 0.148660 0.148437 0.148315 0.148279 0.148314 0.148403 0.148532 0.148685 0.148846 0.149000 0.149132 0.149226 0.149266 0.149238 0.149125 0.149125 0.148807 0.148593 0.148469 0.148422 0.148438 0.148505 0.148608 0.148733 0.148869 0.149000 0.149114 0.149197 0.149235 0.149216 0.149125 0.149125 0.149062 0.149021 0.148999 0.148993 0.149000 0.149017 0.149041 0.149069 0.149098 0.149125 0.149147 0.149161 0.149164 0.149153 0.149125 0.148438 0.148595 0.148727 0.148838 0.148929 0.149000 0.149054 0.149092 0.149115 0.149126 0.149125 0.149114 0.149094 0.149068 0.149036 0.149000 0.149000 0.149000 0.149000 0.149000 0.149000 0.149000 0.149000 0.149000 0.149000 0.149000 0.149000 0.149000 0.149000 0.149000 0.149000 0.149000 0.149000 0.149000 0.149000 0.149000 0.149000 0.149000 0.149000 0.149000 0.149000 0.149000 0.149000 0.149000 0.149000 0.149000 0.149000 0.149000 0.149000 0.149000 0.149000 0.149000 0.149000 0.149000 0.149000 0.149000 0.149000 0.149000 0.149000 0.149000 0.149000 0.149000 0.149000 0.149000 0.149000 0.148937 0.148865 0.148791 0.148720 0.148657 0.148607 0.148577 0.148572 0.148596 0.148657 0.148758 0.148907 0.149107 0.149365 0.149686 0.149218 0.149881 0.150046 0.149810 0.149273 0.148532 0.147686 0.146835 0.146075 0.145505 0.145225 0.145332 0.145925 0.147102 0.148961 0.151602
0.127816 0.134905 0.140430 0.144556 0.147448 0.149272 0.150193 0.150376 0.149986 0.149188 0.148149 0.147032 0.146004 0.145229 0.144872 0.145100 0.144195 0.143308 0.142948 0.143032 0.143475 0.144195 0.145107 0.146128 0.147172 0.148158 0.149000 0.149615 0.149919 0.149828 0.149259 0.148126 0.148126 0.148413 0.148637 0.148804 0.148923 0.149000 0.149042 0.149056 0.149049 0.149028 0.149000 0.148972 0.148951 0.148944 0.148958 0.149000 0.149000 0.149000 0.149000 0.149000 0.149000 0.149000 0.149000 0.149000 0.149000 0.149000 0.149000 0.149000 0.149000 0.149000 0.149000 0.149000 0.149000 0.149000 0.149000 0.149000 0.149000 0.149000 0.149000 0.149000 0.149000 0.149000 0.149000 0.149000 0.149000 0.149000 0.149000 0.149000 0.149000 0.148951 0.148932 0.148937 0.148962 0.149000 0.149047 0.149098 0.149147 0.149189 0.149218 0.149231 0.149220 0.149182 0.149110 0.149000 0.149218 0.149218 0.149218 0.149218 0.149218 0.149218 0.149218 0.149218 0.149218 0.149218 0.149218 0.149218 0.149218 0.149218 0.149218 0.149218 0.149000 0.148444 0.148079 0.147880 0.147821 0.147877 0.148023 0.148233 0.148483 0.148747 0.149000 0.149217 0.149372 0.149441 0.149398 0.149218 0.149218 0.148701 0.148352 0.148149 0.148071 0.148095 0.148201 0.148366 0.148568 0.148787 0.149000 0.149185 0.149322 0.149387 0.149360 0.149218 0.149218 0.149108 0.149037 0.148998 0.148988 0.149000 0.149030 0.149072 0.149121 0.149171 0.149218 0.149257 0.149281 0.149287 0.149267 0.149218 0.148095 0.148343 0.148555 0.148734 0.148882 0.149000 0.149091 0.149156 0.149197 0.149218 0.149218 0.149202 0.149169 0.149124 0.149067 0.149000 0.149000 0.149000 0.149000 0.149000 0.149000 0.149000 0.149000 0.149000 0.149000 0.149000 0.149000 0.149000 0.149000 0.149000 0.149000 0.149000 0.149000 0.149000 0.149000 0.149000 0.149000 0.149000 0.149000 0.149000 0.149000 0.149000 0.149000 0.149000 0.149000 0.149000 0.149000 0.149000 0.149000 0.149000 0.149000 0.149000 0.149000 0.149000 0.149000 0.149000 0.149000 0.149000 0.149000 0.149000 0.149000 0.149000 0.149000 0.149000 0.149000 0.148809 0.148618 0.148434 0.148267 0.148126 0.148021 0.147959 0.147950 0.148003 0.148126 0.148330 0.148623 0.149013 0.149510 0.150123 0.149031 0.149497 0.149522 0.149202 0.148632 0.147908 0.147125 0.146379 0.145766 0.145380 0.145318 0.145675 0.146547 0.148028 0.150215 0.153203
0.126624 0.134292 0.140273 0.144745 0.147884 0.149868 0.150873 0.151077 0.150657 0.149789 0.148651 0.147420 0.146272 0.145385 0.144935 0.145100 0.144133 0.143198 0.142822 0.142913 0.143380 0.144133 0.145080 0.146132 0.147196 0.148182 0.149000 0.149558 0.149766 0.149532 0.148766 0.147378 0.147378 0.147910 0.148325 0.148637 0.148857 0.149000 0.149078 0.149104 0.149091 0.149052 0.149000 0.148948 0.148909 0.148896 0.148922 0.149000 0.149000 0.149000 0.149000 0.149000 0.149000 0.149000 0.149000 0.149000 0.149000 0.149000 0.149000 0.149000 0.149000 0.149000 0.149000 0.149000 0.149000 0.149000 0.149000 0.149000 0.149000 0.149000 0.149000 0.149000 0.149000 0.149000 0.149000 0.149000 0.149000 0.149000 0.149000 0.149000 0.149000 0.148944 0.148922 0.148928 0.148956 0.149000 0.149054 0.149112 0.149168 0.149216 0.149250 0.149264 0.149252 0.149208 0.149126 0.149000 0.149250 0.149250 0.149250 0.149250 0.149250 0.149250 0.149250 0.149250 0.149250 0.149250 0.149250 0.149250 0.149250 0.149250 0.149250 0.149250 0.149000 0.148399 0.148004 0.147787 0.147723 0.147783 0.147941 0.148168 0.148439 0.148725 0.149000 0.149236 0.149406 0.149483 0.149440 0.149250 0.149250 0.148692 0.148315 0.148095 0.148009 0.148033 0.148144 0.148320 0.148537 0.148771 0.149000 0.149200 0.149348 0.149422 0.149396 0.149250 0.149250 0.149124 0.149042 0.148998 0.148986 0.149000 0.149034 0.149082 0.149138 0.149196 0.149250 0.149294 0.149321 0.149327 0.149306 0.149250 0.148033 0.148294 0.148520 0.148711 0.148871 0.149000 0.149100 0.149174 0.149222 0.149247 0.149250 0.149233 0.149197 0.149146 0.149079 0.149000 0.149000 0.149000 0.149000 0.149000 0.149000 0.149000 0.149000 0.149000 0.149000 0.149000 0.149000 0.149000 0.149000 0.149000 0.149000 0.149000 0.149000 0.149000 0.149000 0.149000 0.149000 0.149000 0.149000 0.149000 0.149000 0.149000 0.149000 0.149000 0.149000 0.149000 0.149000 0.149000 0.149000 0.149000 0.149000 0.149000 0.149000 0.149000 0.149000 0.149000 0.149000 0.149000 0.149000 0.149000 0.149000 0.149000 0.149000 0.149000 0.149000 0.148604 0.148234 0.147900 0.147611 0.147378 0.147209 0.147115 0.147105 0.147189 0.147378 0.147679 0.148104 0.148663 0.149363 0.150217 0.148345 0.148631 0.148572 0.148248 0.147740 0.147128 0.146494 0.145918 0.145482 0.145265 0.145350 0.145816 0.146744 0.148216 0.150312 0.153113
0.131988 0.137486 0.141778 0.144989 0.147247 0.148676 0.149403 0.149553 0.149252 0.148627 0.147802 0.146905 0.146060 0.145394 0.145032 0.145100 0.144414 0.143481 0.143108 0.143203 0.143669 0.144414 0.145341 0.146358 0.147370 0.148282 0.149000 0.149430 0.149477 0.149047 0.148046 0.146379 0.146379 0.147239 0.147910 0.148413 0.148769 0.149000 0.149126 0.149168 0.149147 0.149084 0.149000 0.148916 0.148853 0.148832 0.148874 0.149000 0.149000 0.149000 0.149000 0.149000 0.149000 0.149000 0.149000 0.149000 0.149000 0.149000 0.149000 0.149000 0.149000 0.149000 0.149000 0.149000 0.149000 0.149000 0.149000 0.149000 0.149000 0.149000 0.149000 0.149000 0.149000 0.149000 0.149000 0.149000 0.149000 0.149000 0.149000 0.149000 0.149000 0.148958 0.148942 0.148946 0.148967 0.149000 0.149040 0.149084 0.149126 0.149162 0.149187 0.149198 0.149189 0.149156 0.149094 0.149000 0.149187 0.149187 0.149187 0.149187 0.149187 0.149187 0.149187 0.149187 0.149187 0.149187 0.149187 0.149187 0.149187 0.149187 0.149187 0.149187 0.149000 0.148569 0.148285 0.148130 0.148083 0.148126 0.148239 0.148402 0.148597 0.148802 0.149000 0.149170 0.149294 0.149350 0.149321 0.149187 0.149187 0.148789 0.148519 0.148361 0.148298 0.148314 0.148392 0.148516 0.148670 0.148837 0.149000 0.149143 0.149250 0.149304 0.149289 0.149187 0.149187 0.149093 0.149031 0.148999 0.148990 0.149000 0.149025 0.149061 0.149103 0.149147 0.149187 0.149220 0.149241 0.149246 0.149229 0.149187 0.148314 0.148497 0.148656 0.148792 0.148907 0.149000 0.149073 0.149128 0.149164 0.149184 0.149187 0.149176 0.149150 0.149112 0.149061 0.149000 0.149000 0.149000 0.149000 0.149000 0.149000 0.149000 0.149000 0.149000 0.149000 0.149000 0.149000 0.149000 0.149000 0.149000 0.149000 0.149000 0.149000 0.149000 0.149000 0.149000 0.149000 0.149000 0.149000 0.149000 0.149000 0.149000 0.149000 0.149000 0.149000 0.149000 0.149000 0.149000 0.149000 0.149000 0.149000 0.149000 0.149000 0.149000 0.149000 0.149000 0.149000 0.149000 0.149000 0.149000 0.149000 0.149000 0.149000 0.149000 0.149000 0.148308 0.147693 0.147162 0.146722 0.146379 0.146142 0.146016 0.146009 0.146128 0.146379 0.146771 0.147309 0.148001 0.148853 0.149874 0.147066 0.147195 0.147123 0.146897 0.146571 0.146192 0.145812 0.145482 0.145250 0.145169 0.145287 0.145656 0.146326 0.147346 0.148768 0.150642
0.145100 0.145100 0.145100 0.145100 0.145100 0.145100 0.145100 0.145100 0.145100 0.145100 0.145100 0.145100 0.145100 0.145100 0.145100 0.145100 0.145100 0.144226 0.143883 0.143977 0.144414 0.145100 0.145942 0.146847 0.147721 0.148470 0.149000 0.149218 0.149031 0.148345 0.147066 0.145100 0.145100 0.146379 0.147378 0.148126 0.148657 0.149000 0.149187 0.149250 0.149218 0.149125 0.149000 0.148875 0.148782 0.148750 0.148813 0.149000 0.149000 0.149000 0.149000 0.149000 0.149000 0.149000 0.149000 0.149000 0.149000 0.149000 0.149000 0.149000 0.149000 0.149000 0.149000 0.149000 0.149000 0.149000 0.149000 0.149000 0.149000 0.149000 0.149000 0.149000 0.149000 0.149000 0.149000 0.149000 0.149000 0.149000 0.149000 0.149000 0.149000 0.149000 0.149000 0.149000 0.149000 0.149000 0.149000 0.149000 0.149000 0.149000 0.149000 0.149000 0.149000 0.149000 0.149000 0.149000 0.149000 0.149000 0.149000 0.149000 0.149000 0.149000 0.149000 0.149000 0.149000 0.149000 0.149000 0.149000 0.149000 0.149000 0.149000 0.149000 0.149000 0.149000 0.149000 0.149000 0.149000 0.149000 0.149000 0.149000 0.149000 0.149000 0.149000 0.149000 0.149000 0.149000 0.149000 0.149000 0.149000 0.149000 0.149000 0.149000 0.149000 0.149000 0.149000 0.149000 0.149000 0.149000 0.149000 0.149000 0.149000 0.149000 0.149000 0.149000 0.149000 0.149000 0.149000 0.149000 0.149000 0.149000 0.149000 0.149000 0.149000 0.149000 0.149000 0.149000 0.149000 0.149000 0.149000 0.149000 0.149000 0.149000 0.149000 0.149000 0.149000 0.149000 0.149000 0.149000 0.149000 0.149000 0.149000 0.149000 0.149000 0.149000 0.149000 0.149000 0.149000 0.149000 0.149000 0.149000 0.149000 0.149000 0.149000 0.149000 0.149000 0.149000 0.149000 0.149000 0.149000 0.149000 0.149000 0.149000 0.149000 0.149000 0.149000 0.149000 0.149000 0.149000 0.149000 0.149000 0.149000 0.149000 0.149000 0.149000 0.149000 0.149000 0.149000 0.149000 0.149000 0.149000 0.149000 0.149000 0.149000 0.149000 0.149000 0.149000 0.149000 0.149000 0.149000 0.149000 0.149000 0.149000 0.149000 0.149000 0.149000 0.147908 0.146972 0.146192 0.145568 0.145100 0.144788 0.144632 0.144632 0.144788 0.145100 0.145568 0.146192 0.146972 0.147908 0.149000 0.145100 0.145100 0.145100 0.145100 0.145100 0.145100 0.145100 0.145100 0.145100 0.145100 0.145100 0.145100 0.145100 0.145100 0.145100 0.145100
0.145100 0.145100 0.145100 0.145100 0.145100 0.145100 0.145100 0.145100 0.145100 0.145100 0.145100 0.145100 0.145100 0.145100 0.145100 0.145100 0.145100 0.146192 0.147128 0.147908 0.148532 0.149000 0.149312 0.149468 0.149468 0.149312 0.149000 0.148532 0.147908 0.147128 0.146192 0.145100 0.149000 0.149000 0.149000 0.149000 0.149000 0.149000 0.149000 0.149000 0.149000 0.149000 0.149000 0.149000 0.149000 0.149000 0.149000 0.149000 0.149000 0.149000 0.149000 0.149000 0.149000 0.149000 0.149000 0.149000 0.149000 0.149000 0.149000 0.149000 0.149000 0.149000 0.149000 0.149000 0.149000 0.149000 0.149000 0.149000 0.149000 0.149000 0.149000 0.149000 0.149000 0.149000 0.149000 0.149000 0.149000 0.149000 0.149000 0.149000 0.149000 0.149000 0.149000 0.149000 0.149000 0.149000 0.149000 0.149000 0.149000 0.149000 0.149000 0.149000 0.149000 0.149000 0.149000 0.149000 0.149000 0.149000 0.149000 0.149000 0.149000 0.149000 0.149000 0.149000 0.149000 0.149000 0.149000 0.149000 0.149000 0.149000 0.149000 0.149000 0.149000 0.149000 0.149000 0.149000 0.149000 0.149000 0.149000 0.149000 0.149000 0.149000 0.149000 0.149000 0.149000 0.149000 0.149000 0.149000 0.149000 0.149000 0.149000 0.149000 0.149000 0.149000 0.149000 0.149000 0.149000 0.149000 0.149000 0.149000 0.149000 0.149000 0.149000 0.149000 0.149000 0.149000 0.149000 0.149000 0.149000 0.149000 0.149000 0.149000 0.149000 0.149000 0.149000 0.149000 0.149000 0.149000 0.149000 0.149000 0.149000 0.149000 0.149000 0.149000 0.149000 0.149000 0.149000 0.149000 0.149000 0.149000 0.149000 0.149000 0.149000 0.149000 0.149000 0.149000 0.149000 0.149000 0.149000 0.149000 0.149000 0.149000 0.149000 0.149000 0.149000 0.149000 0.149000 0.149000 0.149000 0.149000 0.149000 0.149000 0.149000 0.149000 0.149000 0.149000 0.149000 0.149000 0.149000 0.149000 0.149000 0.149000 0.149000 0.149000 0.149000 0.149000 0.149000 0.149000 0.149000 0.149000 0.149000 0.149000 0.149000 0.149000 0.149000 0.149000 0.149000 0.149000 0.149000 0.149000 0.149000 0.149000 0.149000 0.149000 0.149000 0.149686 0.149967 0.149905 0.149562 0.149000 0.148282 0.147471 0.146629 0.145818 0.145100 0.144538 0.144195 0.144133 0.144414 0.145100 0.145100 0.145287 0.145350 0.145318 0.145225 0.145100 0.144975 0.144882 0.144850 0.144913 0.145100 0.145443 0.145974 0.146722 0.147721 0.149000
0.145100 0.145100 0.145100 0.145100 0.145100 0.145100 0.145100 0.145100 0.145100 0.145100 0.145100 0.145100 0.145100 0.145100 0.145100 0.145100 0.145100 0.145928 0.146589 0.147097 0.147469 0.147721 0.147868 0.147925 0.147910 0.147836 0.147721 0.147579 0.147427 0.147281 0.147155 0.147066 0.149686 0.149840 0.149903 0.149889 0.149812 0.149686 0.149526 0.149344 0.149155 0.148974 0.148813 0.148687 0.148610 0.148596 0.148659 0.148813 0.149686 0.148849 0.148265 0.147903 0.147732 0.147721 0.147840 0.148058 0.148345 0.148669 0.149000 0.149308 0.149561 0.149729 0.149781 0.149686 0.149000 0.148897 0.148832 0.148801 0.148796 0.148813 0.148844 0.148885 0.148928 0.148969 0.149000 0.149016 0.149012 0.148981 0.148916 0.148813 0.149000 0.148906 0.148844 0.148811 0.148802 0.148813 0.148838 0.148874 0.148916 0.148960 0.149000 0.149033 0.149054 0.149058 0.149042 0.149000 0.149000 0.149000 0.149000 0.149000 0.149000 0.149000 0.149000 0.149000 0.149000 0.149000 0.149000 0.149000 0.149000 0.149000 0.149000 0.149000 0.149000 0.149000 0.149000 0.149000 0.149000 0.149000 0.149000 0.149000 0.149000 0.149000 0.149000 0.149000 0.149000 0.149000 0.149000 0.149000 0.149000 0.149000 0.149000 0.149000 0.149000 0.149000 0.149000 0.149000 0.149000 0.149000 0.149000 0.149000 0.149000 0.149000 0.149000 0.149000 0.149000 0.149000 0.149000 0.149000 0.149000 0.149000 0.149000 0.149000 0.149000 0.149000 0.149000 0.149000 0.149000 0.149000 0.149000 0.149000 0.149000 0.149000 0.149000 0.149000 0.149000 0.149000 0.149000 0.149000 0.149000 0.149000 0.149000 0.149000 0.149000 0.149000 0.149000 0.149000 0.149000 0.148795 0.148715 0.148738 0.148840 0.149000 0.149195 0.149402 0.149599 0.149764 0.149874 0.149906 0.149839 0.149649 0.149314 0.148813 0.148813 0.148813 0.148813 0.148813 0.148813 0.148813 0.148813 0.148813 0.148813 0.148813 0.148813 0.148813 0.148813 0.148813 0.148813 0.148813 0.147721 0.148561 0.149141 0.149498 0.149667 0.149686 0.149592 0.149421 0.149209 0.148994 0.148813 0.148701 0.148696 0.148834 0.149152 0.149686 0.146847 0.148680 0.149769 0.150225 0.150160 0.149686 0.148916 0.147960 0.146931 0.145940 0.145100 0.144522 0.144317 0.144599 0.145477 0.147066 0.145100 0.145226 0.145268 0.145247 0.145184 0.145100 0.145016 0.144953 0.144932 0.144974 0.145100 0.145331 0.145687 0.146190 0.146861 0.147721
0.145100 0.145100 0.145100 0.145100 0.145100 0.145100 0.145100 0.145100 0.145100 0.145100 0.145100 0.145100 0.145100 0.145100 0.145100 0.145100 0.145100 0.145710 0.146151 0.146450 0.146632 0.146722 0.146748 0.146735 0.146709 0.146696 0.146722 0.146813 0.146995 0.147293 0.147735 0.148345 0.149967 0.150181 0.150269 0.150250 0.150142 0.149967 0.149743 0.149490 0.149227 0.148974 0.148750 0.148575 0.148468 0.148449 0.148536 0.148750 0.149967 0.148548 0.147569 0.146975 0.146711 0.146722 0.146955 0.147353 0.147864 0.148431 0.149000 0.149517 0.149927 0.150175 0.150207 0.149967 0.149000 0.148862 0.148776 0.148734 0.148728 0.148750 0.148792 0.148846 0.148904 0.148958 0.149000 0.149022 0.149016 0.148974 0.148888 0.148750 0.149000 0.148874 0.148792 0.148748 0.148736 0.148750 0.148784 0.148832 0.148888 0.148946 0.149000 0.149044 0.149072 0.149078 0.149056 0.149000 0.149000 0.149000 0.149000 0.149000 0.149000 0.149000 0.149000 0.149000 0.149000 0.149000 0.149000 0.149000 0.149000 0.149000 0.149000 0.149000 0.149000 0.149000 0.149000 0.149000 0.149000 0.149000 0.149000 0.149000 0.149000 0.149000 0.149000 0.149000 0.149000 0.149000 0.149000 0.149000 0.149000 0.149000 0.149000 0.149000 0.149000 0.149000 0.149000 0.149000 0.149000 0.149000 0.149000 0.149000 0.149000 0.149000 0.149000 0.149000 0.149000 0.149000 0.149000 0.149000 0.149000 0.149000 0.149000 0.149000 0.149000 0.149000 0.149000 0.149000 0.149000 0.149000 0.149000 0.149000 0.149000 0.149000 0.149000 0.149000 0.149000 0.149000 0.149000 0.149000 0.149000 0.149000 0.149000 0.149000 0.149000 0.149000 0.149000 0.149000 0.149000 0.148715 0.148604 0.148636 0.148778 0.149000 0.149271 0.149559 0.149834 0.150063 0.150217 0.150263 0.150171 0.149909 0.149446 0.148750 0.148750 0.148750 0.148750 0.148750 0.148750 0.148750 0.148750 0.148750 0.148750 0.148750 0.148750 0.148750 0.148750 0.148750 0.148750 0.148750 0.146722 0.148059 0.148997 0.149591 0.149896 0.149967 0.149860 0.149630 0.149331 0.149020 0.148750 0.148578 0.148559 0.148747 0.149198 0.149967 0.145506 0.147981 0.149526 0.150279 0.150379 0.149967 0.149182 0.148163 0.147050 0.145983 0.145100 0.144542 0.144448 0.144957 0.146210 0.148345 0.145100 0.145178 0.145204 0.145191 0.145152 0.145100 0.145048 0.145009 0.144996 0.145022 0.145100 0.145243 0.145463 0.145775 0.146190 0.146722
0.145100 0.145100 0.145100 0.145100 0.145100 0.145100 0.145100 0.145100 0.145100 0.145100 0.145100 0.145100 0.145100 0.145100 0.145100 0.145100 0.145100 0.145533 0.145806 0.145949 0.145995 0.145974 0.145918 0.145858 0.145827 0.145855 0.145974 0.146215 0.146610 0.147190 0.147986 0.149031 0.149905 0.150103 0.150183 0.150165 0.150067 0.149905 0.149698 0.149465 0.149222 0.148988 0.148782 0.148620 0.148521 0.148503 0.148584 0.148782 0.149905 0.148126 0.146916 0.146203 0.145913 0.145974 0.146313 0.146858 0.147536 0.148274 0.149000 0.149641 0.150125 0.150379 0.150329 0.149905 0.149000 0.148879 0.148804 0.148768 0.148762 0.148782 0.148818 0.148866 0.148916 0.148963 0.149000 0.149019 0.149014 0.148977 0.148902 0.148782 0.149000 0.148890 0.148818 0.148780 0.148769 0.148782 0.148811 0.148853 0.148902 0.148953 0.149000 0.149038 0.149063 0.149068 0.149049 0.149000 0.149000 0.149000 0.149000 0.149000 0.149000 0.149000 0.149000 0.149000 0.149000 0.149000 0.149000 0.149000 0.149000 0.149000 0.149000 0.149000 0.149000 0.149000 0.149000 0.149000 0.149000 0.149000 0.149000 0.149000 0.149000 0.149000 0.149000 0.149000 0.149000 0.149000 0.149000 0.149000 0.149000 0.149000 0.149000 0.149000 0.149000 0.149000 0.149000 0.149000 0.149000 0.149000 0.149000 0.149000 0.149000 0.149000 0.149000 0.149000 0.149000 0.149000 0.149000 0.149000 0.149000 0.149000 0.149000 0.149000 0.149000 0.149000 0.149000 0.149000 0.149000 0.149000 0.149000 0.149000 0.149000 0.149000 0.149000 0.149000 0.149000 0.149000 0.149000 0.149000 0.149000 0.149000 0.149000 0.149000 0.149000 0.149000 0.149000 0.149000 0.149000 0.148738 0.148636 0.148664 0.148795 0.149000 0.149250 0.149515 0.149769 0.149981 0.150123 0.150167 0.150083 0.149844 0.149419 0.148782 0.148782 0.148782 0.148782 0.148782 0.148782 0.148782 0.148782 0.148782 0.148782 0.148782 0.148782 0.148782 0.148782 0.148782 0.148782 0.148782 0.145974 0.147515 0.148620 0.149348 0.149757 0.149905 0.149851 0.149653 0.149370 0.149060 0.148782 0.148593 0.148552 0.148719 0.149150 0.149905 0.144850 0.147543 0.149245 0.150108 0.150278 0.149905 0.149138 0.148125 0.147015 0.145957 0.145100 0.144592 0.144583 0.145220 0.146654 0.149031 0.145100 0.145142 0.145156 0.145149 0.145128 0.145100 0.145072 0.145051 0.145044 0.145058 0.145100 0.145177 0.145296 0.145463 0.145687 0.145974
0.145100 0.145100 0.145100 0.145100 0.145100 0.145100 0.145100 0.145100 0.145100 0.145100 0.145100 0.145100 0.145100 0.145100 0.145100 0.145100 0.145100 0.145394 0.145542 0.145578 0.145534 0.145443 0.145339 0.145254 0.145221 0.145273 0.145443 0.145764 0.146270 0.146992 0.147964 0.149218 0.149562 0.149682 0.149732 0.149721 0.149660 0.149562 0.149435 0.149293 0.149144 0.149001 0.148875 0.148776 0.148716 0.148705 0.148754 0.148875 0.149562 0.147612 0.146310 0.145572 0.145311 0.145443 0.145882 0.146542 0.147339 0.148187 0.149000 0.149693 0.150182 0.150379 0.150201 0.149562 0.149000 0.148931 0.148888 0.148867 0.148864 0.148875 0.148896 0.148923 0.148952 0.148979 0.149000 0.149011 0.149008 0.148987 0.148944 0.148875 0.149000 0.148937 0.148896 0.148874 0.148868 0.148875 0.148892 0.148916 0.148944 0.148973 0.149000 0.149022 0.149036 0.149039 0.149028 0.149000 0.149000 0.149000 0.149000 0.149000 0.149000 0.149000 0.149000 0.149000 0.149000 0.149000 0.149000 0.149000 0.149000 0.149000 0.149000 0.149000 0.149000 0.149000 0.149000 0.149000 0.149000 0.149000 0.149000 0.149000 0.149000 0.149000 0.149000 0.149000 0.149000 0.149000 0.149000 0.149000 0.149000 0.149000 0.149000 0.149000 0.149000 0.149000 0.149000 0.149000 0.149000 0.149000 0.149000 0.149000 0.149000 0.149000 0.149000 0.149000 0.149000 0.149000 0.149000 0.149000 0.149000 0.149000 0.149000 0.149000 0.149000 0.149000 0.149000 0.149000 0.149000 0.149000 0.149000 0.149000 0.149000 0.149000 0.149000 0.149000 0.149000 0.149000 0.149000 0.149000 0.149000 0.149000 0.149000 0.149000 0.149000 0.149000 0.149000 0.149000 0.149000 0.148840 0.148778 0.148795 0.148875 0.149000 0.149152 0.149315 0.149469 0.149599 0.149686 0.149714 0.149664 0.149519 0.149262 0.148875 0.148875 0.148875 0.148875 0.148875 0.148875 0.148875 0.148875 0.148875 0.148875 0.148875 0.148875 0.148875 0.148875 0.148875 0.148875 0.148875 0.145443 0.146948 0.148063 0.148837 0.149320 0.149562 0.149611 0.149518 0.149331 0.149100 0.148875 0.148705 0.148639 0.148727 0.149018 0.149562 0.144757 0.147316 0.148933 0.149751 0.149913 0.149562 0.148840 0.147890 0.146854 0.145877 0.145100 0.144666 0.144718 0.145399 0.146852 0.149218 0.145100 0.145116 0.145122 0.145119 0.145111 0.145100 0.145089 0.145081 0.145078 0.145084 0.145100 0.145130 0.145177 0.145243 0.145331 0.145443
0.145100 0.145100 0.145100 0.145100 0.145100 0.145100 0.145100 0.145100 0.145100 0.145100 0.145100 0.145100 0.145100 0.145100 0.145100 0.145100 0.145100 0.145287 0.145350 0.145318 0.145225 0.145100 0.144975 0.144882 0.144850 0.144913 0.145100 0.145443 0.145974 0.146722 0.147721 0.149000 0.149000 0.149000 0.149000 0.149000 0.149000 0.149000 0.149000 0.149000 0.149000 0.149000 0.149000 0.149000 0.149000 0.149000 0.149000 0.149000 0.149000 0.147034 0.145755 0.145069 0.144882 0.145100 0.145630 0.146379 0.147253 0.148158 0.149000 0.149686 0.150123 0.150217 0.149874 0.149000 0.149000 0.149000 0.149000 0.149000 0.149000 0.149000 0.149000 0.149000 0.149000 0.149000 0.149000 0.149000 0.149000 0.149000 0.149000 0.149000 0.149000 0.149000 0.149000 0.149000 0.149000 0.149000 0.149000 0.149000 0.149000 0.149000 0.149000 0.149000 0.149000 0.149000 0.149000 0.149000 0.149000 0.149000 0.149000 0.149000 0.149000 0.149000 0.149000 0.149000 0.149000 0.149000 0.149000 0.149000 0.149000 0.149000 0.149000 0.149000 0.149000 0.149000 0.149000 0.149000 0.149000 0.149000 0.149000 0.149000 0.149000 0.149000 0.149000 0.149000 0.149000 0.149000 0.149000 0.149000 0.149000 0.149000 0.149000 0.149000 0.149000 0.149000 0.149000 0.149000 0.149000 0.149000 0.149000 0.149000 0.149000 0.149000 0.149000 0.149000 0.149000 0.149000 0.149000 0.149000 0.149000 0.149000 0.149000 0.149000 0.149000 0.149000 0.149000 0.149000 0.149000 0.149000 0.149000 0.149000 0.149000 0.149000 0.149000 0.149000 0.149000 0.149000 0.149000 0.149000 0.149000 0.149000 0.149000 0.149000 0.149000 0.149000 0.149000 0.149000 0.149000 0.149000 0.149000 0.149000 0.149000 0.149000 0.149000 0.149000 0.149000 0.149000 0.149000 0.149000 0.149000 0.149000 0.149000 0.149000 0.149000 0.149000 0.149000 0.149000 0.149000 0.149000 0.149000 0.149000 0.149000 0.149000 0.149000 0.149000 0.149000 0.149000 0.149000 0.149000 0.145100 0.146379 0.147378 0.148126 0.148657 0.149000 0.149187 0.149250 0.149218 0.149125 0.149000 0.148875 0.148782 0.148750 0.148813 0.149000 0.145100 0.147253 0.148594 0.149250 0.149343 0.149000 0.148345 0.147502 0.146598 0.145755 0.145100 0.144757 0.144850 0.145506 0.146847 0.149000 0.145100 0.145100 0.145100 0.145100 0.145100 0.145100 0.145100 0.145100 0.145100 0.145100 0.145100 0.145100 0.145100 0.145100 0.145100 0.145100
0.145100 0.145100 0.145100 0.145100 0.145100 0.145100 0.145100 0.145100 0.145100 0.145100 0.145100 0.145100 0.145100 0.145100 0.145100 0.145100 0.145100 0.145209 0.145218 0.145154 0.145043 0.144913 0.144790 0.144702 0.144675 0.144736 0.144913 0.145232 0.145720 0.146404 0.147312 0.148470 0.148282 0.148134 0.148073 0.148087 0.148161 0.148282 0.148437 0.148613 0.148795 0.148970 0.149125 0.149246 0.149320 0.149334 0.149273 0.149125 0.148282 0.146423 0.145255 0.144679 0.144598 0.144913 0.145526 0.146340 0.147255 0.148175 0.149000 0.149633 0.149976 0.149931 0.149399 0.148282 0.149000 0.149069 0.149112 0.149133 0.149136 0.149125 0.149104 0.149077 0.149048 0.149021 0.149000 0.148989 0.148992 0.149013 0.149056 0.149125 0.149000 0.149063 0.149104 0.149126 0.149132 0.149125 0.149108 0.149084 0.149056 0.149027 0.149000 0.148978 0.148964 0.148961 0.148972 0.149000 0.149000 0.149000 0.149000 0.149000 0.149000 0.149000 0.149000 0.149000 0.149000 0.149000 0.149000 0.149000 0.149000 0.149000 0.149000 0.149000 0.149000 0.149000 0.149000 0.149000 0.149000 0.149000 0.149000 0.149000 0.149000 0.149000 0.149000 0.149000 0.149000 0.149000 0.149000 0.149000 0.149000 0.149000 0.149000 0.149000 0.149000 0.149000 0.149000 0.149000 0.149000 0.149000 0.149000 0.149000 0.149000 0.149000 0.149000 0.149000 0.149000 0.149000 0.149000 0.149000 0.149000 0.149000 0.149000 0.149000 0.149000 0.149000 0.149000 0.149000 0.149000 0.149000 0.149000 0.149000 0.149000 0.149000 0.149000 0.149000 0.149000 0.149000 0.149000 0.149000 0.149000 0.149000 0.149000 0.149000 0.149000 0.149000 0.149000 0.149000 0.149000 0.149195 0.149271 0.149250 0.149152 0.149000 0.148814 0.148616 0.148426 0.148266 0.148158 0.148121 0.148179 0.148351 0.148659 0.149125 0.149125 0.149125 0.149125 0.149125 0.149125 0.149125 0.149125 0.149125 0.149125 0.149125 0.149125 0.149125 0.149125 0.149125 0.149125 0.149125 0.144913 0.145829 0.146618 0.147285 0.147838 0.148282 0.148626 0.148875 0.149037 0.149118 0.149125 0.149064 0.148943 0.148768 0.148545 0.148282 0.145755 0.147306 0.148236 0.148643 0.148626 0.148282 0.147710 0.147008 0.146273 0.145605 0.145100 0.144857 0.144975 0.145551 0.146683 0.148470 0.145100 0.145091 0.145088 0.145090 0.145094 0.145100 0.145106 0.145110 0.145112 0.145109 0.145100 0.145084 0.145058 0.145022 0.144974 0.144913
0.145100 0.145100 0.145100 0.145100 0.145100 0.145100 0.145100 0.145100 0.145100 0.145100 0.145100 0.145100 0.145100 0.145100 0.145100 0.145100 0.145100 0.145156 0.145138 0.145067 0.144964 0.144850 0.144747 0.144674 0.144653 0.144705 0.144850 0.145111 0.145507 0.146060 0.146791 0.147721 0.147471 0.147164 0.147038 0.147066 0.147220 0.147471 0.147793 0.148156 0.148533 0.148897 0.149218 0.149470 0.149624 0.149652 0.149526 0.149218 0.147471 0.145808 0.144814 0.144389 0.144435 0.144850 0.145537 0.146395 0.147324 0.148226 0.149000 0.149547 0.149767 0.149561 0.148829 0.147471 0.149000 0.149121 0.149196 0.149232 0.149238 0.149218 0.149182 0.149135 0.149084 0.149037 0.149000 0.148981 0.148986 0.149023 0.149098 0.149218 0.149000 0.149110 0.149182 0.149220 0.149231 0.149218 0.149189 0.149147 0.149098 0.149047 0.149000 0.148962 0.148937 0.148932 0.148951 0.149000 0.149000 0.149000 0.149000 0.149000 0.149000 0.149000 0.149000 0.149000 0.149000 0.149000 0.149000 0.149000 0.149000 0.149000 0.149000 0.149000 0.149000 0.149000 0.149000 0.149000 0.149000 0.149000 0.149000 0.149000 0.149000 0.149000 0.149000 0.149000 0.149000 0.149000 0.149000 0.149000 0.149000 0.149000 0.149000 0.149000 0.149000 0.149000 0.149000 0.149000 0.149000 0.149000 0.149000 0.149000 0.149000 0.149000 0.149000 0.149000 0.149000 0.149000 0.149000 0.149000 0.149000 0.149000 0.149000 0.149000 0.149000 0.149000 0.149000 0.149000 0.149000 0.149000 0.149000 0.149000 0.149000 0.149000 0.149000 0.149000 0.149000 0.149000 0.149000 0.149000 0.149000 0.149000 0.149000 0.149000 0.149000 0.149000 0.149000 0.149000 0.149000 0.149402 0.149559 0.149515 0.149315 0.149000 0.148616 0.148205 0.147812 0.147480 0.147253 0.147174 0.147288 0.147637 0.148266 0.149218 0.149218 0.149218 0.149218 0.149218 0.149218 0.149218 0.149218 0.149218 0.149218 0.149218 0.149218 0.149218 0.149218 0.149218 0.149218 0.149218 0.144850 0.145319 0.145836 0.146381 0.146933 0.147471 0.147974 0.148422 0.148792 0.149065 0.149218 0.149232 0.149086 0.148757 0.148226 0.147471 0.146598 0.147427 0.147864 0.147972 0.147820 0.147471 0.146993 0.146451 0.145911 0.145438 0.145100 0.144961 0.145088 0.145546 0.146402 0.147721 0.145100 0.145088 0.145084 0.145086 0.145092 0.145100 0.145108 0.145114 0.145116 0.145112 0.145100 0.145078 0.145044 0.144996 0.144932 0.144850
0.145100 0.145100 0.145100 0.145100 0.145100 0.145100 0.145100 0.145100 0.145100 0.145100 0.145100 0.145100 0.145100 0.145100 0.145100 0.145100 0.145100 0.145123 0.145098 0.145041 0.144964 0.144882 0.144808 0.144758 0.144744 0.144780 0.144882 0.145062 0.145334 0.145713 0.146213 0.146847 0.146629 0.146168 0.145979 0.146021 0.146251 0.146629 0.147111 0.147656 0.148222 0.148767 0.149250 0.149627 0.149858 0.149900 0.149711 0.149250 0.146629 0.145217 0.144435 0.144185 0.144366 0.144882 0.145631 0.146517 0.147439 0.148300 0.149000 0.149440 0.149522 0.149147 0.148215 0.146629 0.149000 0.149138 0.149224 0.149266 0.149272 0.149250 0.149208 0.149154 0.149096 0.149042 0.149000 0.148978 0.148984 0.149026 0.149112 0.149250 0.149000 0.149126 0.149208 0.149252 0.149264 0.149250 0.149216 0.149168 0.149112 0.149054 0.149000 0.148956 0.148928 0.148922 0.148944 0.149000 0.149000 0.149000 0.149000 0.149000 0.149000 0.149000 0.149000 0.149000 0.149000 0.149000 0.149000 0.149000 0.149000 0.149000 0.149000 0.149000 0.149000 0.149000 0.149000 0.149000 0.149000 0.149000 0.149000 0.149000 0.149000 0.149000 0.149000 0.149000 0.149000 0.149000 0.149000 0.149000 0.149000 0.149000 0.149000 0.149000 0.149000 0.149000 0.149000 0.149000 0.149000 0.149000 0.149000 0.149000 0.149000 0.149000 0.149000 0.149000 0.149000 0.149000 0.149000 0.149000 0.149000 0.149000 0.149000 0.149000 0.149000 0.149000 0.149000 0.149000 0.149000 0.149000 0.149000 0.149000 0.149000 0.149000 0.149000 0.149000 0.149000 0.149000 0.149000 0.149000 0.149000 0.149000 0.149000 0.149000 0.149000 0.149000 0.149000 0.149000 0.149000 0.149599 0.149834 0.149769 0.149469 0.149000 0.148426 0.147812 0.147223 0.146724 0.146379 0.146254 0.146414 0.146923 0.147847 0.149250 0.149250 0.149250 0.149250 0.149250 0.149250 0.149250 0.149250 0.149250 0.149250 0.149250 0.149250 0.149250 0.149250 0.149250 0.149250 0.149250 0.144882 0.144868 0.145084 0.145483 0.146014 0.146629 0.147279 0.147915 0.148488 0.148949 0.149250 0.149340 0.149173 0.148697 0.147866 0.146629 0.147502 0.147569 0.147483 0.147277 0.146982 0.146629 0.146250 0.145876 0.145539 0.145269 0.145100 0.145062 0.145186 0.145504 0.146047 0.146847 0.145100 0.145090 0.145086 0.145088 0.145093 0.145100 0.145107 0.145112 0.145114 0.145110 0.145100 0.145081 0.145051 0.145009 0.144953 0.144882
0.145100 0.145100 0.145100 0.145100 0.145100 0.145100 0.145100 0.145100 0.145100 0.145100 0.145100 0.145100 0.145100 0.145100 0.145100 0.145100 0.145100 0.145105 0.145089 0.145057 0.145017 0.144975 0.144938 0.144913 0.144906 0.144925 0.144975 0.145064 0.145199 0.145386 0.145631 0.145942 0.145818 0.145225 0.144982 0.145036 0.145332 0.145818 0.146438 0.147138 0.147866 0.148567 0.149187 0.149672 0.149969 0.150023 0.149780 0.149187 0.145818 0.144680 0.144124 0.144052 0.144368 0.144975 0.145777 0.146677 0.147579 0.148385 0.149000 0.149326 0.149268 0.148728 0.147610 0.145818 0.149000 0.149103 0.149168 0.149199 0.149204 0.149187 0.149156 0.149115 0.149072 0.149031 0.149000 0.148984 0.148988 0.149019 0.149084 0.149187 0.149000 0.149094 0.149156 0.149189 0.149198 0.149187 0.149162 0.149126 0.149084 0.149040 0.149000 0.148967 0.148946 0.148942 0.148958 0.149000 0.149000 0.149000 0.149000 0.149000 0.149000 0.149000 0.149000 0.149000 0.149000 0.149000 0.149000 0.149000 0.149000 0.149000 0.149000 0.149000 0.149000 0.149000 0.149000 0.149000 0.149000 0.149000 0.149000 0.149000 0.149000 0.149000 0.149000 0.149000 0.149000 0.149000 0.149000 0.149000 0.149000 0.149000 0.149000 0.149000 0.149000 0.149000 0.149000 0.149000 0.149000 0.149000 0.149000 0.149000 0.149000 0.149000 0.149000 0.149000 0.149000 0.149000 0.149000 0.149000 0.149000 0.149000 0.149000 0.149000 0.149000 0.149000 0.149000 0.149000 0.149000 0.149000 0.149000 0.149000 0.149000 0.149000 0.149000 0.149000 0.149000 0.149000 0.149000 0.149000 0.149000 0.149000 0.149000 0.149000 0.149000 0.149000 0.149000 0.149000 0.149000 0.149764 0.150063 0.149981 0.149599 0.149000 0.148266 0.147480 0.146724 0.146080 0.145630 0.145458 0.145645 0.146274 0.147428 0.149187 0.149187 0.149187 0.149187 0.149187 0.149187 0.149187 0.149187 0.149187 0.149187 0.149187 0.149187 0.149187 0.149187 0.149187 0.149187 0.149187 0.144975 0.144497 0.144416 0.144658 0.145150 0.145818 0.146586 0.147381 0.148129 0.148756 0.149187 0.149349 0.149167 0.148567 0.147475 0.145818 0.148345 0.147683 0.147101 0.146597 0.146170 0.145818 0.145537 0.145327 0.145186 0.145111 0.145100 0.145152 0.145264 0.145434 0.145661 0.145942 0.145100 0.145094 0.145092 0.145093 0.145096 0.145100 0.145104 0.145107 0.145108 0.145106 0.145100 0.145089 0.145072 0.145048 0.145016 0.144975
0.145100 0.145100 0.145100 0.145100 0.145100 0.145100 0.145100 0.145100 0.145100 0.145100 0.145100 0.145100 0.145100 0.145100 0.145100 0.145100 0.145100 0.145100 0.145100 0.145100 0.145100 0.145100 0.145100 0.145100 0.145100 0.145100 0.145100 0.145100 0.145100 0.145100 0.145100 0.145100 0.145100 0.144414 0.144133 0.144195 0.144538 0.145100 0.145818 0.146629 0.147471 0.148282 0.149000 0.149562 0.149905 0.149967 0.149686 0.149000 0.145100 0.144226 0.143883 0.143977 0.144414 0.145100 0.145942 0.146847 0.147721 0.148470 0.149000 0.149218 0.149031 0.148345 0.147066 0.145100 0.149000 0.149000 0.149000 0.149000 0.149000 0.149000 0.149000 0.149000 0.149000 0.149000 0.149000 0.149000 0.149000 0.149000 0.149000 0.149000 0.149000 0.149000 0.149000 0.149000 0.149000 0.149000 0.149000 0.149000 0.149000 0.149000 0.149000 0.149000 0.149000 0.149000 0.149000 0.149000 0.149000 0.149000 0.149000 0.149000 0.149000 0.149000 0.149000 0.149000 0.149000 0.149000 0.149000 0.149000 0.149000 0.149000 0.149000 0.149000 0.149000 0.149000 0.149000 0.149000 0.149000 0.149000 0.149000 0.149000 0.149000 0.149000 0.149000 0.149000 0.149000 0.149000 0.149000 0.149000 0.149000 0.149000 0.149000 0.149000 0.149000 0.149000 0.149000 0.149000 0.149000 0.149000 0.149000 0.149000 0.149000 0.149000 0.149000 0.149000 0.149000 0.149000 0.149000 0.149000 0.149000 0.149000 0.149000 0.149000 0.149000 0.149000 0.149000 0.149000 0.149000 0.149000 0.149000 0.149000 0.149000 0.149000 0.149000 0.149000 0.149000 0.149000 0.149000 0.149000 0.149000 0.149000 0.149000 0.149000 0.149000 0.149000 0.149000 0.149000 0.149000 0.149874 0.150217 0.150123 0.149686 0.149000 0.148158 0.147253 0.146379 0.145630 0.145100 0.144882 0.145069 0.145755 0.147034 0.149000 0.149000 0.149000 0.149000 0.149000 0.149000 0.149000 0.149000 0.149000 0.149000 0.149000 0.149000 0.149000 0.149000 0.149000 0.149000 0.149000 0.145100 0.144226 0.143883 0.143977 0.144414 0.145100 0.145942 0.146847 0.147721 0.148470 0.149000 0.149218 0.149031 0.148345 0.147066 0.145100 0.149000 0.147721 0.146722 0.145974 0.145443 0.145100 0.144913 0.144850 0.144882 0.144975 0.145100 0.145225 0.145318 0.145350 0.145287 0.145100 0.145100 0.145100 0.145100 0.145100 0.145100 0.145100 0.145100 0.145100 0.145100 0.145100 0.145100 0.145100 0.145100 0.145100 0.145100 0.145100
0.145100 0.145100 0.145100 0.145100 0.145100 0.145100 0.145100 0.145100 0.145100 0.145100 0.145100 0.145100 0.145100 0.145100 0.145100 0.145100 0.145100 0.145102 0.145121 0.145151 0.145188 0.145225 0.145257 0.145278 0.145284 0.145268 0.145225 0.145149 0.145036 0.144879 0.144674 0.144414 0.144538 0.143814 0.143517 0.143583 0.143945 0.144538 0.145296 0.146153 0.147042 0.147899 0.148657 0.149250 0.149612 0.149678 0.149382 0.148657 0.144538 0.143885 0.143717 0.143945 0.144478 0.145225 0.146095 0.146998 0.147844 0.148541 0.149000 0.149129 0.148838 0.148036 0.146633 0.144538 0.149000 0.148811 0.148692 0.148635 0.148627 0.148657 0.148714 0.148789 0.148868 0.148942 0.149000 0.149030 0.149022 0.148964 0.148846 0.148657 0.149000 0.148827 0.148714 0.148654 0.148638 0.148657 0.148703 0.148769 0.148846 0.148926 0.149000 0.149060 0.149099 0.149107 0.149077 0.149000 0.149000 0.149000 0.149000 0.149000 0.149000 0.149000 0.149000 0.149000 0.149000 0.149000 0.149000 0.149000 0.149000 0.149000 0.149000 0.149000 0.149000 0.149000 0.149000 0.149000 0.149000 0.149000 0.149000 0.149000 0.149000 0.149000 0.149000 0.149000 0.149000 0.149000 0.149000 0.149000 0.149000 0.149000 0.149000 0.149000 0.149000 0.149000 0.149000 0.149000 0.149000 0.149000 0.149000 0.149000 0.149000 0.149000 0.149000 0.149000 0.149000 0.149000 0.149000 0.149000 0.149000 0.149000 0.149000 0.149000 0.149000 0.149000 0.149000 0.149000 0.149000 0.149000 0.149000 0.149000 0.149000 0.149000 0.149000 0.149000 0.149000 0.149000 0.149000 0.149000 0.149000 0.149000 0.149000 0.149000 0.149000 0.149000 0.149000 0.149000 0.149000 0.149906 0.150263 0.150167 0.149714 0.149000 0.148121 0.147174 0.146254 0.145458 0.144882 0.144621 0.144772 0.145431 0.146694 0.148657 0.148657 0.148657 0.148657 0.148657 0.148657 0.148657 0.148657 0.148657 0.148657 0.148657 0.148657 0.148657 0.148657 0.148657 0.148657 0.148657 0.145225 0.144077 0.143539 0.143506 0.143874 0.144538 0.145395 0.146340 0.147268 0.148075 0.148657 0.148909 0.148728 0.148009 0.146647 0.144538 0.149343 0.147635 0.146354 0.145446 0.144858 0.144538 0.144433 0.144489 0.144655 0.144876 0.145100 0.145274 0.145346 0.145261 0.144968 0.144414 0.145100 0.145106 0.145108 0.145107 0.145104 0.145100 0.145096 0.145093 0.145092 0.145094 0.145100 0.145111 0.145128 0.145152 0.145184 0.145225
0.145100 0.145100 0.145100 0.145100 0.145100 0.145100 0.145100 0.145100 0.145100 0.145100 0.145100 0.145100 0.145100 0.145100 0.145100 0.145100 0.145100 0.145107 0.145142 0.145194 0.145256 0.145318 0.145372 0.145408 0.145416 0.145390 0.145318 0.145193 0.145006 0.144746 0.144406 0.143977 0.144195 0.143503 0.143220 0.143283 0.143629 0.144195 0.144919 0.145736 0.146585 0.147403 0.148126 0.148692 0.149038 0.149101 0.148818 0.148126 0.144195 0.143685 0.143631 0.143944 0.144536 0.145318 0.146203 0.147103 0.147927 0.148589 0.149000 0.149071 0.148715 0.147842 0.146365 0.144195 0.149000 0.148518 0.148217 0.148070 0.148050 0.148126 0.148273 0.148462 0.148665 0.148853 0.149000 0.149077 0.149056 0.148909 0.148609 0.148126 0.149000 0.148560 0.148273 0.148119 0.148077 0.148126 0.148245 0.148413 0.148609 0.148811 0.149000 0.149154 0.149252 0.149273 0.149196 0.149000 0.149000 0.149000 0.149000 0.149000 0.149000 0.149000 0.149000 0.149000 0.149000 0.149000 0.149000 0.149000 0.149000 0.149000 0.149000 0.149000 0.149000 0.149000 0.149000 0.149000 0.149000 0.149000 0.149000 0.149000 0.149000 0.149000 0.149000 0.149000 0.149000 0.149000 0.149000 0.149000 0.149000 0.149000 0.149000 0.149000 0.149000 0.149000 0.149000 0.149000 0.149000 0.149000 0.149000 0.149000 0.149000 0.149000 0.149000 0.149000 0.149000 0.149000 0.149000 0.149000 0.149000 0.149000 0.149000 0.149000 0.149000 0.149000 0.149000 0.149000 0.149000 0.149000 0.149000 0.149000 0.149000 0.149000 0.149000 0.149000 0.149000 0.149000 0.149000 0.149000 0.149000 0.149000 0.149000 0.149000 0.149000 0.149000 0.149000 0.149000 0.149000 0.149839 0.150171 0.150083 0.149664 0.149000 0.148179 0.147288 0.146414 0.145645 0.145069 0.144772 0.144842 0.145366 0.146432 0.148126 0.148126 0.148126 0.148126 0.148126 0.148126 0.148126 0.148126 0.148126 0.148126 0.148126 0.148126 0.148126 0.148126 0.148126 0.148126 0.148126 0.145318 0.144069 0.143436 0.143315 0.143602 0.144195 0.144990 0.145884 0.146774 0.147556 0.148126 0.148382 0.148221 0.147538 0.146230 0.144195 0.149250 0.147379 0.146002 0.145055 0.144474 0.144195 0.144155 0.144289 0.144534 0.144826 0.145100 0.145293 0.145341 0.145181 0.144747 0.143977 0.145100 0.145110 0.145114 0.145112 0.145107 0.145100 0.145093 0.145088 0.145086 0.145090 0.145100 0.145119 0.145149 0.145191 0.145247 0.145318
0.145100 0.145100 0.145100 0.145100 0.145100 0.145100 0.145100 0.145100 0.145100 0.145100 0.145100 0.145100 0.145100 0.145100 0.145100 0.145100 0.145100 0.145111 0.145152 0.145212 0.145281 0.145350 0.145408 0.145448 0.145457 0.145428 0.145350 0.145213 0.145007 0.144724 0.144352 0.143883 0.144133 0.143562 0.143328 0.143380 0.143666 0.144133 0.144730 0.145405 0.146106 0.146781 0.147378 0.147845 0.148130 0.148182 0.147949 0.147378 0.144133 0.143656 0.143627 0.143958 0.144561 0.145350 0.146235 0.147131 0.147949 0.148601 0.149000 0.149058 0.148689 0.147803 0.146313 0.144133 0.149000 0.148104 0.147546 0.147274 0.147235 0.147378 0.147650 0.148001 0.148377 0.148727 0.149000 0.149143 0.149104 0.148831 0.148273 0.147378 0.149000 0.148182 0.147650 0.147365 0.147287 0.147378 0.147598 0.147910 0.148273 0.148650 0.149000 0.149286 0.149467 0.149506 0.149363 0.149000 0.149000 0.149000 0.149000 0.149000 0.149000 0.149000 0.149000 0.149000 0.149000 0.149000 0.149000 0.149000 0.149000 0.149000 0.149000 0.149000 0.149000 0.149000 0.149000 0.149000 0.149000 0.149000 0.149000 0.149000 0.149000 0.149000 0.149000 0.149000 0.149000 0.149000 0.149000 0.149000 0.149000 0.149000 0.149000 0.149000 0.149000 0.149000 0.149000 0.149000 0.149000 0.149000 0.149000 0.149000 0.149000 0.149000 0.149000 0.149000 0.149000 0.149000 0.149000 0.149000 0.149000 0.149000 0.149000 0.149000 0.149000 0.149000 0.149000 0.149000 0.149000 0.149000 0.149000 0.149000 0.149000 0.149000 0.149000 0.149000 0.149000 0.149000 0.149000 0.149000 0.149000 0.149000 0.149000 0.149000 0.149000 0.149000 0.149000 0.149000 0.149000 0.149649 0.149909 0.149844 0.149519 0.149000 0.148351 0.147637 0.146923 0.146274 0.145755 0.145431 0.145366 0.145625 0.146274 0.147378 0.147378 0.147378 0.147378 0.147378 0.147378 0.147378 0.147378 0.147378 0.147378 0.147378 0.147378 0.147378 0.147378 0.147378 0.147378 0.147378 0.145350 0.144224 0.143627 0.143471 0.143669 0.144133 0.144775 0.145509 0.146245 0.146897 0.147378 0.147598 0.147472 0.146910 0.145827 0.144133 0.148594 0.146902 0.145671 0.144840 0.144347 0.144133 0.144136 0.144295 0.144549 0.144838 0.145100 0.145275 0.145302 0.145119 0.144667 0.143883 0.145100 0.145112 0.145116 0.145114 0.145108 0.145100 0.145092 0.145086 0.145084 0.145088 0.145100 0.145122 0.145156 0.145204 0.145268 0.145350
0.145100 0.145100 0.145100 0.145100 0.145100 0.145100 0.145100 0.145100 0.145100 0.145100 0.145100 0.145100 0.145100 0.145100 0.145100 0.145100 0.145100 0.145110 0.145141 0.145186 0.145237 0.145287 0.145330 0.145359 0.145366 0.145344 0.145287 0.145188 0.145039 0.144834 0.144565 0.144226 0.144414 0.144068 0.143926 0.143958 0.144131 0.144414 0.144775 0.145184 0.145609 0.146018 0.146379 0.146662 0.146835 0.146867 0.146725 0.146379 0.144414 0.143827 0.143709 0.143973 0.144529 0.145287 0.146159 0.147055 0.147887 0.148565 0.149000 0.149103 0.148785 0.147957 0.146529 0.144414 0.149000 0.147553 0.146652 0.146211 0.146149 0.146379 0.146820 0.147386 0.147994 0.148560 0.149000 0.149231 0.149168 0.148727 0.147826 0.146379 0.149000 0.147679 0.146819 0.146358 0.146232 0.146379 0.146736 0.147239 0.147826 0.148434 0.149000 0.149461 0.149755 0.149818 0.149587 0.149000 0.149000 0.149000 0.149000 0.149000 0.149000 0.149000 0.149000 0.149000 0.149000 0.149000 0.149000 0.149000 0.149000 0.149000 0.149000 0.149000 0.149000 0.149000 0.149000 0.149000 0.149000 0.149000 0.149000 0.149000 0.149000 0.149000 0.149000 0.149000 0.149000 0.149000 0.149000 0.149000 0.149000 0.149000 0.149000 0.149000 0.149000 0.149000 0.149000 0.149000 0.149000 0.149000 0.149000 0.149000 0.149000 0.149000 0.149000 0.149000 0.149000 0.149000 0.149000 0.149000 0.149000 0.149000 0.149000 0.149000 0.149000 0.149000 0.149000 0.149000 0.149000 0.149000 0.149000 0.149000 0.149000 0.149000 0.149000 0.149000 0.149000 0.149000 0.149000 0.149000 0.149000 0.149000 0.149000 0.149000 0.149000 0.149000 0.149000 0.149000 0.149000 0.149315 0.149446 0.149419 0.149262 0.149000 0.148659 0.148266 0.147847 0.147428 0.147034 0.146694 0.146432 0.146274 0.146248 0.146379 0.146379 0.146379 0.146379 0.146379 0.146379 0.146379 0.146379 0.146379 0.146379 0.146379 0.146379 0.146379 0.146379 0.146379 0.146379 0.146379 0.145287 0.144560 0.144164 0.144043 0.144145 0.144414 0.144796 0.145238 0.145686 0.146084 0.146379 0.146517 0.146444 0.146105 0.145446 0.144414 0.147253 0.146159 0.145369 0.144841 0.144537 0.144414 0.144432 0.144550 0.144728 0.144925 0.145100 0.145213 0.145223 0.145089 0.144770 0.144226 0.145100 0.145109 0.145112 0.145110 0.145106 0.145100 0.145094 0.145090 0.145088 0.145091 0.145100 0.145116 0.145142 0.145178 0.145226 0.145287
0.145100 0.145100 0.145100 0.145100 0.145100 0.145100 0.145100 0.145100 0.145100 0.145100 0.145100 0.145100 0.145100 0.145100 0.145100 0.145100 0.145100 0.145100 0.145100 0.145100 0.145100 0.145100 0.145100 0.145100 0.145100 0.145100 0.145100 0.145100 0.145100 0.145100 0.145100 0.145100 0.145100 0.145100 0.145100 0.145100 0.145100 0.145100 0.145100 0.145100 0.145100 0.145100 0.145100 0.145100 0.145100 0.145100 0.145100 0.145100 0.145100 0.144226 0.143883 0.143977 0.144414 0.145100 0.145942 0.146847 0.147721 0.148470 0.149000 0.149218 0.149031 0.148345 0.147066 0.145100 0.149000 0.146847 0.145506 0.144850 0.144757 0.145100 0.145755 0.146598 0.147502 0.148345 0.149000 0.149343 0.149250 0.148594 0.147253 0.145100 0.149000 0.147034 0.145755 0.145069 0.144882 0.145100 0.145630 0.146379 0.147253 0.148158 0.149000 0.149686 0.150123 0.150217 0.149874 0.149000 0.149000 0.149000 0.149000 0.149000 0.149000 0.149000 0.149000 0.149000 0.149000 0.149000 0.149000 0.149000 0.149000 0.149000 0.149000 0.149000 0.149000 0.149000 0.149000 0.149000 0.149000 0.149000 0.149000 0.149000 0.149000 0.149000 0.149000 0.149000 0.149000 0.149000 0.149000 0.149000 0.149000 0.149000 0.149000 0.149000 0.149000 0.149000 0.149000 0.149000 0.149000 0.149000 0.149000 0.149000 0.149000 0.149000 0.149000 0.149000 0.149000 0.149000 0.149000 0.149000 0.149000 0.149000 0.149000 0.149000 0.149000 0.149000 0.149000 0.149000 0.149000 0.149000 0.149000 0.149000 0.149000 0.149000 0.149000 0.149000 0.149000 0.149000 0.149000 0.149000 0.149000 0.149000 0.149000 0.149000 0.149000 0.149000 0.149000 0.149000 0.149000 0.148813 0.148750 0.148782 0.148875 0.149000 0.149125 0.149218 0.149250 0.149187 0.149000 0.148657 0.148126 0.147378 0.146379 0.145100 0.145100 0.145100 0.145100 0.145100 0.145100 0.145100 0.145100 0.145100 0.145100 0.145100 0.145100 0.145100 0.145100 0.145100 0.145100 0.145100 0.145100 0.145100 0.145100 0.145100 0.145100 0.145100 0.145100 0.145100 0.145100 0.145100 0.145100 0.145100 0.145100 0.145100 0.145100 0.145100 0.145100 0.145100 0.145100 0.145100 0.145100 0.145100 0.145100 0.145100 0.145100 0.145100 0.145100 0.145100 0.145100 0.145100 0.145100 0.145100 0.145100 0.145100 0.145100 0.145100 0.145100 0.145100 0.145100 0.145100 0.145100 0.145100 0.145100 0.145100 0.145100 0.145100 0.145100 0.145100
