256 256
0.207800 0.207792 0.207791 0.207794 0.207798 0.207802 0.207803 0.207803 0.207802 0.207800 0.207798 0.207798 0.207798 0.207800 0.207801 0.207802 0.207802 0.207801 0.207799 0.207798 0.207797 0.207797 0.207800 0.207803 0.207808 0.207809 0.207806 0.207794 0.207774 0.207752 0.207748 0.207800 0.211800 0.211852 0.211848 0.211826 0.211806 0.211794 0.211791 0.211792 0.211796 0.211801 0.211803 0.211803 0.211802 0.211801 0.211799 0.211798 0.211798 0.211799 0.211800 0.211802 0.211802 0.211802 0.211800 0.211798 0.211797 0.211797 0.211798 0.211802 0.211806 0.211809 0.211808 0.211800 0.211800 0.214376 0.215876 0.216345 0.216013 0.215181 0.214138 0.213123 0.212295 0.211738 0.211462 0.211424 0.211547 0.211743 0.211927 0.212034 0.212033 0.211924 0.211745 0.211557 0.211441 0.211480 0.211742 0.212266 0.213049 0.214035 0.215108 0.216107 0.216833 0.217091 0.216726 0.215700 0.215700 0.216801 0.216955 0.216538 0.215937 0.215441 0.215197 0.215224 0.215446 0.215742 0.215986 0.216087 0.216010 0.215782 0.215486 0.215239 0.215164 0.215362 0.215881 0.216696 0.217703 0.218720 0.219518 0.219859 0.219553 0.218516 0.216838 0.214825 0.213005 0.212086 0.212810 0.215700 0.211800 0.211384 0.212168 0.213599 0.215126 0.216330 0.216972 0.216990 0.216462 0.215555 0.214476 0.213419 0.212539 0.211923 0.211591 0.211503 0.211576 0.211713 0.211826 0.211863 0.211824 0.211762 0.211783 0.212015 0.212579 0.213538 0.214852 0.216341 0.217660 0.218328 0.217811 0.215700 0.215700 0.209203 0.207032 0.207993 0.210558 0.213377 0.215527 0.216564 0.216471 0.215529 0.214179 0.212878 0.211998 0.211748 0.212151 0.213058 0.214191 0.215214 0.215812 0.215767 0.215013 0.213671 0.212034 0.210523 0.209594 0.209616 0.210733 0.212736 0.214985 0.216420 0.215738 0.211800 0.215700 0.213517 0.212190 0.211658 0.211687 0.211989 0.212297 0.212412 0.212224 0.211707 0.210912 0.209942 0.208932 0.208023 0.207340 0.206975 0.206976 0.207342 0.208021 0.208923 0.209924 0.210894 0.211704 0.212253 0.212486 0.212400 0.212062 0.211594 0.211170 0.210976 0.211168 0.211800 0.207800 0.208584 0.209838 0.211010 0.211703 0.211734 0.211127 0.210062 0.208808 0.207651 0.206838 0.206528 0.206775 0.207517 0.208598 0.209796 0.210868 0.211590 0.211803 0.211443 0.210560 0.209321 0.207982 0.206847 0.206210 0.206271 0.207072 0.208424 0.209880 0.210764 0.210288 0.207800
0.210620 0.205140 0.202572 0.202567 0.204330 0.206957 0.209638 0.211778 0.213035 0.213318 0.212744 0.211573 0.210144 0.208802 0.207838 0.207448 0.207701 0.208535 0.209764 0.211115 0.212262 0.212891 0.212753 0.211723 0.209853 0.207398 0.204825 0.202780 0.202012 0.203238 0.206942 0.213101 0.210703 0.214239 0.215678 0.215502 0.214391 0.212971 0.211690 0.210789 0.210320 0.210201 0.210274 0.210371 0.210358 0.210164 0.209791 0.209308 0.208825 0.208467 0.208336 0.208484 0.208888 0.209449 0.210000 0.210342 0.210294 0.209752 0.208759 0.207561 0.206627 0.206617 0.208262 0.212109 0.214138 0.216770 0.217363 0.216684 0.215560 0.214633 0.214254 0.214496 0.215205 0.216096 0.216848 0.217180 0.216917 0.216021 0.214589 0.212837 0.211050 0.209537 0.208561 0.208294 0.208778 0.209905 0.211430 0.213010 0.214274 0.214910 0.214765 0.213936 0.212829 0.212154 0.212801 0.215575 0.214866 0.217258 0.217788 0.217122 0.215995 0.214985 0.214423 0.214388 0.214771 0.215347 0.215862 0.216100 0.215937 0.215363 0.214479 0.213470 0.212572 0.212012 0.211961 0.212493 0.213552 0.214953 0.216398 0.217532 0.218014 0.217612 0.216298 0.214336 0.212317 0.211135 0.211826 0.215255 0.216687 0.223855 0.225413 0.222976 0.218584 0.214044 0.210613 0.208908 0.208971 0.210417 0.212622 0.214899 0.216655 0.217493 0.217269 0.216093 0.214284 0.212294 0.210608 0.209644 0.209660 0.210691 0.212526 0.214728 0.216712 0.217862 0.217687 0.215987 0.212998 0.209471 0.206620 0.205871 0.209434 0.205218 0.205869 0.209467 0.213921 0.217579 0.219478 0.219361 0.217544 0.214707 0.211675 0.209214 0.207885 0.207947 0.209339 0.211717 0.214533 0.217160 0.219014 0.219680 0.219003 0.217135 0.214526 0.211848 0.209862 0.209224 0.210279 0.212855 0.216127 0.218615 0.218410 0.213734 0.215371 0.216128 0.216016 0.215369 0.214532 0.213762 0.213200 0.212879 0.212743 0.212697 0.212634 0.212472 0.212173 0.211749 0.211262 0.210805 0.210487 0.210402 0.210611 0.211121 0.211872 0.212744 0.213564 0.214137 0.214287 0.213902 0.212978 0.211667 0.210287 0.209306 0.209258 0.210581 0.208992 0.207126 0.207815 0.209837 0.211983 0.213380 0.213605 0.212662 0.210875 0.208751 0.206836 0.205589 0.205300 0.206040 0.207662 0.209833 0.212107 0.214004 0.215104 0.215125 0.213990 0.211854 0.209091 0.206240 0.203912 0.202651 0.202789 0.204303 0.206706 0.209037 0.209990 0.208261
0.211053 0.203356 0.200090 0.200543 0.203414 0.207309 0.211056 0.213848 0.215284 0.215332 0.214246 0.212461 0.210477 0.208766 0.207692 0.207454 0.208067 0.209368 0.211049 0.212706 0.213919 0.214315 0.213654 0.211884 0.209188 0.205994 0.202952 0.200863 0.200560 0.202730 0.207692 0.215106 0.209386 0.213889 0.215902 0.215947 0.214812 0.213239 0.211771 0.210707 0.210127 0.209943 0.209982 0.210050 0.209995 0.209732 0.209266 0.208677 0.208096 0.207669 0.207517 0.207698 0.208186 0.208862 0.209528 0.209948 0.209903 0.209274 0.208110 0.206701 0.205607 0.205616 0.207599 0.212212 0.215387 0.217358 0.217158 0.215845 0.214433 0.213625 0.213729 0.214690 0.216190 0.217779 0.219000 0.219494 0.219071 0.217737 0.215689 0.213267 0.210893 0.208987 0.207886 0.207776 0.208645 0.210271 0.212252 0.214071 0.215208 0.215269 0.214135 0.212080 0.209847 0.208608 0.209766 0.214510 0.214725 0.216952 0.217424 0.216779 0.215718 0.214785 0.214286 0.214292 0.214689 0.215256 0.215744 0.215942 0.215729 0.215090 0.214123 0.213011 0.211984 0.211270 0.211050 0.211410 0.212317 0.213612 0.215025 0.216224 0.216881 0.216757 0.215798 0.214211 0.212509 0.211489 0.212102 0.215165 0.218387 0.228758 0.230897 0.227223 0.220750 0.214136 0.209212 0.206862 0.207127 0.209423 0.212821 0.216311 0.219024 0.220386 0.220194 0.218614 0.216114 0.213347 0.211004 0.209669 0.209684 0.211065 0.213474 0.216261 0.218583 0.219590 0.218654 0.215617 0.210987 0.206033 0.202664 0.202992 0.207083 0.205195 0.207197 0.211291 0.215637 0.218854 0.220205 0.219594 0.217422 0.214396 0.211323 0.208931 0.207732 0.207948 0.209495 0.212015 0.214968 0.217734 0.219740 0.220572 0.220058 0.218323 0.215774 0.213039 0.210845 0.209843 0.210418 0.212498 0.215422 0.217922 0.218305 0.214931 0.215328 0.216676 0.216805 0.216115 0.215067 0.214044 0.213284 0.212881 0.212807 0.212954 0.213182 0.213361 0.213397 0.213256 0.212958 0.212577 0.212215 0.211980 0.211956 0.212185 0.212645 0.213249 0.213853 0.214280 0.214352 0.213946 0.213036 0.211742 0.210355 0.209321 0.209175 0.210380 0.210105 0.206528 0.206459 0.208466 0.211027 0.212976 0.213672 0.212999 0.211257 0.208994 0.206840 0.205349 0.204896 0.205605 0.207344 0.209761 0.212353 0.214568 0.215908 0.216030 0.214819 0.212430 0.209278 0.205977 0.203236 0.201698 0.201771 0.203454 0.206214 0.208956 0.210172 0.208331
0.210001 0.202605 0.199918 0.200960 0.204227 0.208226 0.211785 0.214175 0.215119 0.214717 0.213332 0.211467 0.209635 0.208268 0.207643 0.207849 0.208787 0.210199 0.211721 0.212954 0.213540 0.213229 0.211943 0.209801 0.207132 0.204438 0.202327 0.201412 0.202183 0.204858 0.209244 0.214624 0.208322 0.212046 0.213956 0.214369 0.213829 0.212870 0.211899 0.211153 0.210711 0.210532 0.210507 0.210510 0.210436 0.210228 0.209886 0.209464 0.209052 0.208751 0.208644 0.208773 0.209120 0.209601 0.210078 0.210385 0.210367 0.209938 0.209133 0.208153 0.207393 0.207411 0.208829 0.212126 0.215815 0.216761 0.215978 0.214478 0.213161 0.212603 0.212997 0.214210 0.215885 0.217564 0.218810 0.219300 0.218884 0.217605 0.215682 0.213464 0.211362 0.209768 0.208978 0.209128 0.210159 0.211806 0.213642 0.215144 0.215810 0.215293 0.213541 0.210914 0.208248 0.206802 0.208037 0.213155 0.215031 0.216346 0.216574 0.216138 0.215478 0.214928 0.214666 0.214720 0.215008 0.215380 0.215677 0.215766 0.215575 0.215103 0.214420 0.213650 0.212945 0.212456 0.212298 0.212528 0.213121 0.213972 0.214906 0.215705 0.216157 0.216109 0.215524 0.214536 0.213478 0.212862 0.213301 0.215322 0.217893 0.227840 0.230217 0.227197 0.221526 0.215632 0.211201 0.209058 0.209255 0.211281 0.214302 0.217411 0.219826 0.221029 0.220838 0.219402 0.217142 0.214641 0.212519 0.211289 0.211252 0.212409 0.214447 0.216776 0.218641 0.219296 0.218211 0.215295 0.211073 0.206758 0.204122 0.205075 0.207828 0.207921 0.210075 0.213164 0.216102 0.218111 0.218822 0.218244 0.216686 0.214626 0.212591 0.211043 0.210304 0.210508 0.211593 0.213325 0.215348 0.217258 0.218672 0.219304 0.219020 0.217871 0.216094 0.214074 0.212280 0.211161 0.211032 0.211953 0.213639 0.215437 0.216395 0.215514 0.215454 0.215933 0.215679 0.214970 0.214105 0.213326 0.212780 0.212514 0.212500 0.212657 0.212883 0.213082 0.213186 0.213162 0.213017 0.212793 0.212553 0.212366 0.212292 0.212361 0.212570 0.212872 0.213185 0.213403 0.213419 0.213156 0.212593 0.211796 0.210934 0.210277 0.210146 0.210829 0.211002 0.206765 0.205967 0.207340 0.209480 0.211274 0.212076 0.211719 0.210419 0.208631 0.206897 0.205702 0.205377 0.206037 0.207569 0.209667 0.211892 0.213765 0.214857 0.214878 0.213746 0.211618 0.208878 0.206086 0.203867 0.202777 0.203139 0.204889 0.207471 0.209821 0.210514 0.208159
0.208433 0.202807 0.201277 0.202756 0.205808 0.209125 0.211767 0.213241 0.213465 0.212669 0.211268 0.209736 0.208495 0.207839 0.207886 0.208579 0.209702 0.210942 0.211948 0.212406 0.212111 0.211009 0.209229 0.207072 0.204970 0.203408 0.202822 0.203476 0.205352 0.208069 0.210876 0.212761 0.207815 0.209969 0.211386 0.212108 0.212310 0.212201 0.211962 0.211718 0.211534 0.211427 0.211379 0.211358 0.211330 0.211270 0.211173 0.211050 0.210924 0.210827 0.210786 0.210817 0.210919 0.211069 0.211225 0.211334 0.211344 0.211222 0.210973 0.210656 0.210396 0.210378 0.210820 0.211910 0.215778 0.215692 0.214575 0.213201 0.212199 0.211924 0.212440 0.213581 0.215029 0.216417 0.217417 0.217802 0.217486 0.216534 0.215141 0.213589 0.212194 0.211241 0.210929 0.211322 0.212326 0.213694 0.215056 0.215991 0.216112 0.215182 0.213218 0.210588 0.208041 0.206664 0.207682 0.212079 0.215504 0.215853 0.215882 0.215736 0.215547 0.215406 0.215356 0.215394 0.215492 0.215602 0.215680 0.215689 0.215612 0.215453 0.215238 0.215003 0.214796 0.214658 0.214623 0.214703 0.214889 0.215146 0.215421 0.215652 0.215777 0.215753 0.215573 0.215281 0.214977 0.214812 0.214965 0.215586 0.216393 0.223584 0.225807 0.224401 0.221111 0.217511 0.214712 0.213279 0.213286 0.214434 0.216217 0.218071 0.219505 0.220193 0.220015 0.219058 0.217583 0.215950 0.214545 0.213686 0.213558 0.214159 0.215292 0.216588 0.217583 0.217822 0.216998 0.215084 0.212451 0.209897 0.208563 0.209640 0.210427 0.211905 0.213458 0.214836 0.215862 0.216451 0.216601 0.216380 0.215904 0.215311 0.214741 0.214310 0.214101 0.214151 0.214452 0.214952 0.215562 0.216175 0.216674 0.216954 0.216936 0.216580 0.215898 0.214955 0.213871 0.212808 0.211957 0.211508 0.211622 0.212394 0.213807 0.215694 0.215631 0.214722 0.213851 0.213113 0.212557 0.212194 0.212003 0.211950 0.211989 0.212075 0.212167 0.212237 0.212269 0.212260 0.212215 0.212151 0.212084 0.212033 0.212012 0.212025 0.212070 0.212134 0.212197 0.212234 0.212224 0.212149 0.212008 0.211816 0.211610 0.211449 0.211399 0.211517 0.211621 0.207649 0.206312 0.206749 0.207959 0.209122 0.209740 0.209654 0.208976 0.207991 0.207047 0.206459 0.206435 0.207037 0.208174 0.209625 0.211087 0.212240 0.212810 0.212629 0.211682 0.210122 0.208257 0.206502 0.205294 0.204988 0.205740 0.207395 0.209419 0.210911 0.210747 0.207903
0.207098 0.203719 0.203344 0.204950 0.207366 0.209622 0.211117 0.211627 0.211249 0.210290 0.209146 0.208194 0.207712 0.207824 0.208491 0.209528 0.210653 0.211544 0.211914 0.211578 0.210496 0.208804 0.206803 0.204916 0.203609 0.203283 0.204154 0.206131 0.208740 0.211108 0.212083 0.210533 0.207964 0.208587 0.209403 0.210239 0.210969 0.211527 0.211895 0.212098 0.212182 0.212206 0.212220 0.212265 0.212360 0.212503 0.212677 0.212853 0.212997 0.213081 0.213085 0.213010 0.212874 0.212711 0.212568 0.212494 0.212526 0.212673 0.212908 0.213156 0.213294 0.213172 0.212646 0.211654 0.215585 0.214733 0.213530 0.212454 0.211830 0.211794 0.212305 0.213195 0.214231 0.215171 0.215821 0.216062 0.215874 0.215325 0.214562 0.213771 0.213146 0.212847 0.212965 0.213500 0.214346 0.215304 0.216110 0.216482 0.216182 0.215090 0.213275 0.211047 0.208976 0.207844 0.208510 0.211637 0.215921 0.215746 0.215764 0.215895 0.216042 0.216133 0.216136 0.216058 0.215935 0.215817 0.215751 0.215772 0.215893 0.216105 0.216375 0.216656 0.216894 0.217040 0.217058 0.216938 0.216697 0.216377 0.216045 0.215780 0.215652 0.215709 0.215954 0.216327 0.216700 0.216882 0.216653 0.215833 0.214878 0.218324 0.220054 0.220394 0.219868 0.218991 0.218160 0.217609 0.217420 0.217553 0.217887 0.218274 0.218573 0.218682 0.218554 0.218201 0.217685 0.217101 0.216551 0.216126 0.215881 0.215823 0.215904 0.216033 0.216095 0.215979 0.215621 0.215039 0.214361 0.213834 0.213787 0.214534 0.213666 0.215846 0.216489 0.216141 0.215418 0.214808 0.214593 0.214847 0.215479 0.216296 0.217078 0.217627 0.217819 0.217619 0.217082 0.216337 0.215554 0.214905 0.214523 0.214471 0.214720 0.215144 0.215545 0.215687 0.215361 0.214455 0.213031 0.211382 0.210058 0.209820 0.211493 0.215676 0.215775 0.213672 0.212255 0.211473 0.211166 0.211148 0.211260 0.211387 0.211465 0.211476 0.211429 0.211355 0.211285 0.211246 0.211250 0.211297 0.211372 0.211452 0.211514 0.211538 0.211515 0.211452 0.211370 0.211303 0.211290 0.211365 0.211543 0.211808 0.212105 0.212337 0.212381 0.212118 0.211964 0.208911 0.207308 0.206795 0.206901 0.207217 0.207475 0.207566 0.207502 0.207378 0.207317 0.207423 0.207752 0.208295 0.208979 0.209684 0.210265 0.210590 0.210564 0.210165 0.209449 0.208558 0.207699 0.207106 0.206989 0.207472 0.208527 0.209920 0.211194 0.211700 0.210714 0.207686
0.206411 0.205019 0.205431 0.206830 0.208406 0.209578 0.210068 0.209877 0.209211 0.208377 0.207691 0.207399 0.207623 0.208343 0.209404 0.210555 0.211504 0.211975 0.211775 0.210844 0.209282 0.207349 0.205437 0.204002 0.203470 0.204120 0.205968 0.208665 0.211452 0.213207 0.212637 0.208681 0.208682 0.208376 0.208696 0.209404 0.210253 0.211051 0.211690 0.212140 0.212432 0.212629 0.212805 0.213019 0.213304 0.213660 0.214054 0.214435 0.214738 0.214910 0.214916 0.214756 0.214465 0.214117 0.213809 0.213641 0.213692 0.213987 0.214470 0.214980 0.215253 0.214952 0.213744 0.211448 0.215437 0.214241 0.213168 0.212440 0.212145 0.212257 0.212676 0.213262 0.213869 0.214375 0.214698 0.214809 0.214728 0.214519 0.214272 0.214083 0.214041 0.214200 0.214570 0.215111 0.215727 0.216283 0.216624 0.216598 0.216100 0.215103 0.213692 0.212089 0.210653 0.209849 0.210160 0.211947 0.216148 0.216120 0.216366 0.216693 0.216928 0.216974 0.216821 0.216528 0.216199 0.215948 0.215869 0.216017 0.216396 0.216959 0.217615 0.218249 0.218739 0.218985 0.218926 0.218557 0.217935 0.217175 0.216437 0.215895 0.215701 0.215943 0.216599 0.217507 0.218351 0.218688 0.218024 0.215978 0.213974 0.213793 0.214802 0.216459 0.218215 0.219650 0.220520 0.220760 0.220450 0.219762 0.218909 0.218096 0.217481 0.217153 0.217123 0.217332 0.217668 0.217991 0.218167 0.218090 0.217715 0.217066 0.216238 0.215388 0.214708 0.214380 0.214533 0.215192 0.216237 0.217388 0.218230 0.218305 0.216599 0.218849 0.218625 0.217010 0.215121 0.213792 0.213450 0.214138 0.215597 0.217399 0.219073 0.220217 0.220577 0.220083 0.218851 0.217147 0.215329 0.213766 0.212767 0.212510 0.212994 0.214032 0.215272 0.216266 0.216567 0.215867 0.214125 0.211693 0.209372 0.208367 0.210071 0.215612 0.215843 0.213128 0.211414 0.210584 0.210380 0.210523 0.210781 0.210998 0.211098 0.211072 0.210953 0.210798 0.210663 0.210592 0.210605 0.210696 0.210839 0.210993 0.211117 0.211177 0.211158 0.211073 0.210956 0.210865 0.210865 0.211010 0.211327 0.211789 0.212305 0.212720 0.212829 0.212439 0.212078 0.210268 0.208676 0.207410 0.206516 0.206002 0.205844 0.206002 0.206416 0.207014 0.207712 0.208423 0.209060 0.209547 0.209825 0.209862 0.209658 0.209250 0.208708 0.208131 0.207637 0.207346 0.207364 0.207754 0.208517 0.209573 0.210745 0.211761 0.212275 0.211918 0.210386 0.207576
0.206457 0.206378 0.207073 0.208009 0.208751 0.209060 0.208904 0.208415 0.207817 0.207352 0.207219 0.207525 0.208263 0.209318 0.210485 0.211515 0.212162 0.212233 0.211637 0.210413 0.208743 0.206931 0.205368 0.204457 0.204524 0.205718 0.207914 0.210642 0.213074 0.214103 0.212557 0.207603 0.209759 0.209375 0.209433 0.209801 0.210323 0.210876 0.211387 0.211838 0.212244 0.212641 0.213062 0.213531 0.214046 0.214584 0.215099 0.215538 0.215847 0.215986 0.215942 0.215733 0.215411 0.215058 0.214769 0.214636 0.214719 0.215020 0.215461 0.215862 0.215954 0.215411 0.213930 0.211377 0.215425 0.214338 0.213560 0.213150 0.213068 0.213220 0.213500 0.213811 0.214081 0.214268 0.214365 0.214389 0.214375 0.214368 0.214414 0.214547 0.214782 0.215115 0.215516 0.215934 0.216304 0.216550 0.216603 0.216410 0.215948 0.215240 0.214357 0.213426 0.212623 0.212150 0.212206 0.212924 0.216144 0.216919 0.217597 0.218004 0.218060 0.217786 0.217287 0.216714 0.216227 0.215963 0.216008 0.216382 0.217041 0.217881 0.218760 0.219521 0.220022 0.220158 0.219889 0.219247 0.218340 0.217340 0.216460 0.215912 0.215863 0.216382 0.217392 0.218640 0.219691 0.219969 0.218875 0.215986 0.213925 0.210968 0.211175 0.213450 0.216543 0.219409 0.221371 0.222155 0.221827 0.220689 0.219161 0.217671 0.216563 0.216042 0.216150 0.216775 0.217687 0.218596 0.219213 0.219317 0.218808 0.217736 0.216304 0.214844 0.213748 0.213386 0.213991 0.215558 0.217757 0.219913 0.221082 0.220286 0.218648 0.220484 0.219658 0.217456 0.215151 0.213656 0.213407 0.214387 0.216245 0.218445 0.220418 0.221688 0.221965 0.221188 0.219514 0.217285 0.214945 0.212955 0.211698 0.211396 0.212058 0.213463 0.215187 0.216682 0.217394 0.216917 0.215154 0.212458 0.209714 0.208288 0.209798 0.215588 0.215834 0.213162 0.211449 0.210593 0.210354 0.210465 0.210701 0.210909 0.211012 0.210994 0.210884 0.210734 0.210598 0.210518 0.210518 0.210596 0.210729 0.210883 0.211018 0.211102 0.211118 0.211073 0.210995 0.210934 0.210945 0.211079 0.211362 0.211775 0.212240 0.212623 0.212744 0.212429 0.212036 0.211477 0.210114 0.208406 0.206805 0.205650 0.205124 0.205257 0.205950 0.207015 0.208221 0.209339 0.210177 0.210610 0.210589 0.210146 0.209386 0.208465 0.207570 0.206882 0.206556 0.206686 0.207294 0.208312 0.209590 0.210907 0.211998 0.212597 0.212486 0.211551 0.209835 0.207585
0.207066 0.207515 0.208039 0.208402 0.208481 0.208279 0.207900 0.207503 0.207257 0.207296 0.207691 0.208432 0.209431 0.210533 0.211549 0.212285 0.212579 0.212337 0.211556 0.210338 0.208884 0.207470 0.206409 0.205992 0.206415 0.207713 0.209691 0.211891 0.213602 0.213942 0.212044 0.207392 0.210925 0.211289 0.211365 0.211263 0.211109 0.211015 0.211063 0.211297 0.211727 0.212326 0.213043 0.213811 0.214559 0.215219 0.215738 0.216081 0.216241 0.216233 0.216094 0.215878 0.215650 0.215471 0.215387 0.215423 0.215564 0.215757 0.215905 0.215875 0.215516 0.214693 0.213333 0.211504 0.215543 0.214955 0.214574 0.214409 0.214409 0.214503 0.214628 0.214737 0.214806 0.214832 0.214829 0.214818 0.214826 0.214874 0.214976 0.215135 0.215342 0.215579 0.215818 0.216027 0.216175 0.216237 0.216194 0.216043 0.215793 0.215470 0.215109 0.214759 0.214468 0.214283 0.214236 0.214344 0.215950 0.217983 0.219203 0.219572 0.219235 0.218444 0.217482 0.216611 0.216034 0.215869 0.216144 0.216804 0.217723 0.218736 0.219661 0.220332 0.220626 0.220481 0.219913 0.219014 0.217947 0.216919 0.216151 0.215838 0.216099 0.216938 0.218203 0.219570 0.220562 0.220603 0.219143 0.215867 0.214657 0.210118 0.209583 0.211772 0.215163 0.218460 0.220806 0.221831 0.221579 0.220390 0.218750 0.217157 0.216014 0.215556 0.215824 0.216677 0.217835 0.218950 0.219682 0.219779 0.219140 0.217844 0.216161 0.214501 0.213342 0.213114 0.214063 0.216122 0.218817 0.221246 0.222202 0.220488 0.219600 0.220739 0.219667 0.217561 0.215535 0.214357 0.214352 0.215443 0.217265 0.219299 0.221018 0.221998 0.221998 0.220991 0.219160 0.216851 0.214502 0.212556 0.211377 0.211169 0.211931 0.213441 0.215284 0.216926 0.217825 0.217577 0.216068 0.213604 0.210992 0.209494 0.210615 0.215628 0.215770 0.213642 0.212180 0.211349 0.211000 0.210955 0.211055 0.211182 0.211268 0.211286 0.211244 0.211165 0.211082 0.211025 0.211009 0.211041 0.211111 0.211202 0.211292 0.211360 0.211394 0.211392 0.211368 0.211345 0.211353 0.211422 0.211567 0.211783 0.212031 0.212240 0.212313 0.212151 0.211914 0.212361 0.211353 0.209542 0.207613 0.206105 0.205335 0.205388 0.206156 0.207399 0.208814 0.210098 0.211007 0.211388 0.211199 0.210506 0.209466 0.208297 0.207237 0.206507 0.206266 0.206587 0.207437 0.208676 0.210075 0.211350 0.212215 0.212447 0.211941 0.210768 0.209201 0.207683
0.207924 0.208234 0.208305 0.208148 0.207842 0.207507 0.207270 0.207241 0.207487 0.208026 0.208820 0.209783 0.210794 0.211715 0.212412 0.212778 0.212748 0.212318 0.211547 0.210559 0.209524 0.208642 0.208109 0.208078 0.208621 0.209689 0.211085 0.212456 0.213318 0.213122 0.211386 0.207909 0.211924 0.213639 0.213980 0.213388 0.212383 0.211419 0.210804 0.210688 0.211073 0.211856 0.212872 0.213934 0.214878 0.215585 0.215998 0.216122 0.216016 0.215776 0.215514 0.215330 0.215293 0.215424 0.215690 0.216002 0.216239 0.216267 0.215975 0.215317 0.214347 0.213241 0.212292 0.211867 0.215727 0.215896 0.215955 0.215952 0.215923 0.215891 0.215867 0.215857 0.215858 0.215867 0.215877 0.215882 0.215878 0.215862 0.215833 0.215794 0.215749 0.215702 0.215659 0.215626 0.215606 0.215603 0.215616 0.215645 0.215686 0.215734 0.215784 0.215831 0.215870 0.215899 0.215917 0.215925 0.215656 0.219104 0.220860 0.221093 0.220250 0.218862 0.217419 0.216289 0.215695 0.215708 0.216265 0.217212 0.218336 0.219410 0.220231 0.220651 0.220596 0.220078 0.219191 0.218096 0.217000 0.216123 0.215658 0.215736 0.216389 0.217524 0.218910 0.220188 0.220906 0.220596 0.218884 0.215670 0.215894 0.210964 0.209863 0.211437 0.214273 0.217155 0.219271 0.220259 0.220145 0.219225 0.217933 0.216708 0.215900 0.215703 0.216130 0.217033 0.218141 0.219130 0.219696 0.219629 0.218868 0.217528 0.215897 0.214388 0.213457 0.213490 0.214668 0.216847 0.219473 0.221582 0.221938 0.219389 0.219538 0.219911 0.218934 0.217446 0.216193 0.215642 0.215946 0.216977 0.218418 0.219871 0.220952 0.221373 0.220996 0.219848 0.218111 0.216082 0.214118 0.212565 0.211699 0.211664 0.212438 0.213828 0.215492 0.216996 0.217905 0.217891 0.216849 0.215001 0.212948 0.211646 0.212240 0.215713 0.215689 0.214325 0.213259 0.212522 0.212078 0.211858 0.211790 0.211806 0.211859 0.211913 0.211952 0.211970 0.211969 0.211956 0.211940 0.211925 0.211915 0.211911 0.211910 0.211909 0.211903 0.211892 0.211875 0.211854 0.211834 0.211821 0.211817 0.211823 0.211833 0.211834 0.211809 0.211739 0.211783 0.212822 0.212196 0.210577 0.208699 0.207155 0.206305 0.206264 0.206942 0.208105 0.209450 0.210673 0.211527 0.211858 0.211627 0.210901 0.209842 0.208666 0.207611 0.206886 0.206639 0.206925 0.207693 0.208789 0.209979 0.210994 0.211580 0.211568 0.210935 0.209842 0.208643 0.207820
0.208681 0.208442 0.208004 0.207521 0.207145 0.206994 0.207135 0.207583 0.208299 0.209205 0.210197 0.211162 0.211993 0.212601 0.212928 0.212953 0.212697 0.212215 0.211596 0.210950 0.210390 0.210021 0.209920 0.210122 0.210602 0.211273 0.211979 0.212513 0.212639 0.212138 0.210873 0.208880 0.212565 0.215895 0.216674 0.215678 0.213848 0.212002 0.210697 0.210195 0.210501 0.211429 0.212696 0.213996 0.215069 0.215747 0.215975 0.215805 0.215374 0.214869 0.214478 0.214350 0.214556 0.215067 0.215755 0.216409 0.216782 0.216652 0.215900 0.214582 0.212985 0.211634 0.211231 0.212471 0.215894 0.216917 0.217402 0.217494 0.217369 0.217180 0.217031 0.216972 0.217004 0.217095 0.217194 0.217249 0.217216 0.217070 0.216812 0.216462 0.216059 0.215656 0.215305 0.215052 0.214929 0.214949 0.215101 0.215353 0.215660 0.215973 0.216251 0.216471 0.216643 0.216810 0.217040 0.217394 0.215376 0.220082 0.222255 0.222293 0.220946 0.219014 0.217168 0.215864 0.215320 0.215541 0.216372 0.217555 0.218799 0.219831 0.220447 0.220536 0.220089 0.219201 0.218047 0.216850 0.215845 0.215241 0.215177 0.215696 0.216723 0.218065 0.219427 0.220447 0.220757 0.220066 0.218250 0.215466 0.217279 0.212895 0.211471 0.212174 0.213952 0.215891 0.217378 0.218136 0.218175 0.217705 0.217029 0.216447 0.216186 0.216351 0.216916 0.217737 0.218592 0.219234 0.219453 0.219126 0.218258 0.216996 0.215618 0.214483 0.213957 0.214314 0.215629 0.217676 0.219876 0.221318 0.220907 0.217704 0.218750 0.218472 0.217842 0.217252 0.216986 0.217166 0.217754 0.218594 0.219464 0.220134 0.220415 0.220193 0.219451 0.218269 0.216805 0.215276 0.213912 0.212926 0.212469 0.212609 0.213305 0.214415 0.215709 0.216905 0.217722 0.217948 0.217499 0.216484 0.215231 0.214277 0.214275 0.215802 0.215624 0.214952 0.214303 0.213738 0.213292 0.212978 0.212790 0.212711 0.212717 0.212779 0.212869 0.212962 0.213038 0.213083 0.213089 0.213055 0.212985 0.212887 0.212770 0.212645 0.212522 0.212407 0.212306 0.212219 0.212141 0.212067 0.211987 0.211894 0.211781 0.211648 0.211501 0.211356 0.211690 0.212849 0.212544 0.211325 0.209811 0.208512 0.207747 0.207635 0.208117 0.209014 0.210082 0.211070 0.211773 0.212057 0.211880 0.211290 0.210408 0.209407 0.208472 0.207775 0.207437 0.207504 0.207945 0.208642 0.209420 0.210076 0.210422 0.210344 0.209841 0.209062 0.208300 0.207937
0.209047 0.208155 0.207359 0.206833 0.206676 0.206916 0.207511 0.208377 0.209396 0.210444 0.211406 0.212187 0.212727 0.212999 0.213016 0.212820 0.212477 0.212068 0.211675 0.211369 0.211203 0.211199 0.211351 0.211618 0.211932 0.212207 0.212354 0.212296 0.211988 0.211440 0.210726 0.209995 0.212756 0.217608 0.218894 0.217664 0.215213 0.212671 0.210805 0.209979 0.210199 0.211216 0.212646 0.214086 0.215200 0.215785 0.215791 0.215316 0.214568 0.213814 0.213312 0.213249 0.213697 0.214581 0.215684 0.216685 0.217225 0.217006 0.215898 0.214047 0.211944 0.210426 0.210550 0.213293 0.215972 0.217793 0.218645 0.218789 0.218551 0.218217 0.217976 0.217914 0.218026 0.218242 0.218460 0.218577 0.218515 0.218233 0.217738 0.217080 0.216341 0.215620 0.215017 0.214612 0.214452 0.214540 0.214837 0.215267 0.215733 0.216144 0.216438 0.216614 0.216746 0.216986 0.217531 0.218546 0.215218 0.220766 0.223155 0.222983 0.221240 0.218926 0.216836 0.215471 0.215027 0.215444 0.216482 0.217806 0.219070 0.219982 0.220350 0.220110 0.219322 0.218153 0.216842 0.215654 0.214833 0.214555 0.214894 0.215799 0.217098 0.218514 0.219713 0.220367 0.220227 0.219206 0.217441 0.215337 0.218481 0.215182 0.213689 0.213551 0.214169 0.215015 0.215738 0.216180 0.216347 0.216349 0.216338 0.216450 0.216766 0.217291 0.217954 0.218625 0.219143 0.219361 0.219175 0.218565 0.217608 0.216478 0.215426 0.214735 0.214658 0.215337 0.216728 0.218537 0.220196 0.220904 0.219779 0.216155 0.217618 0.216939 0.216783 0.217108 0.217771 0.218584 0.219358 0.219936 0.220207 0.220114 0.219657 0.218887 0.217891 0.216783 0.215686 0.214720 0.213986 0.213557 0.213467 0.213713 0.214249 0.214996 0.215847 0.216682 0.217384 0.217854 0.218028 0.217890 0.217482 0.216905 0.216305 0.215850 0.215599 0.215322 0.215006 0.214679 0.214370 0.214105 0.213904 0.213779 0.213731 0.213755 0.213834 0.213946 0.214066 0.214166 0.214222 0.214213 0.214129 0.213965 0.213729 0.213439 0.213119 0.212798 0.212507 0.212272 0.212108 0.212020 0.211991 0.211987 0.211956 0.211838 0.211578 0.211151 0.211661 0.212504 0.212402 0.211685 0.210737 0.209884 0.209343 0.209206 0.209454 0.209988 0.210661 0.211316 0.211813 0.212054 0.211992 0.211637 0.211046 0.210315 0.209558 0.208885 0.208389 0.208124 0.208101 0.208280 0.208582 0.208900 0.209124 0.209170 0.209004 0.208663 0.208266 0.207990
0.208855 0.207483 0.206626 0.206358 0.206634 0.207335 0.208311 0.209403 0.210470 0.211401 0.212119 0.212590 0.212815 0.212826 0.212675 0.212428 0.212155 0.211915 0.211754 0.211698 0.211749 0.211887 0.212073 0.212255 0.212377 0.212394 0.212277 0.212028 0.211686 0.211326 0.211053 0.210985 0.212520 0.218490 0.220247 0.218999 0.216256 0.213343 0.211162 0.210141 0.210290 0.211324 0.212801 0.214260 0.215323 0.215771 0.215563 0.214833 0.213839 0.212902 0.212325 0.212322 0.212961 0.214136 0.215570 0.216865 0.217587 0.217382 0.216113 0.213982 0.211611 0.210035 0.210541 0.214285 0.215924 0.218362 0.219495 0.219677 0.219356 0.218919 0.218625 0.218582 0.218777 0.219106 0.219427 0.219600 0.219521 0.219142 0.218481 0.217611 0.216651 0.215737 0.214999 0.214535 0.214391 0.214551 0.214941 0.215440 0.215909 0.216231 0.216349 0.216309 0.216280 0.216547 0.217455 0.219273 0.215266 0.221079 0.223447 0.223094 0.221140 0.218677 0.216545 0.215242 0.214925 0.215484 0.216624 0.217969 0.219155 0.219895 0.220027 0.219533 0.218525 0.217220 0.215895 0.214826 0.214242 0.214277 0.214937 0.216096 0.217507 0.218847 0.219778 0.220030 0.219485 0.218247 0.216676 0.215359 0.219276 0.217162 0.215812 0.215097 0.214805 0.214752 0.214823 0.214973 0.215213 0.215574 0.216082 0.216739 0.217503 0.218296 0.219009 0.219526 0.219741 0.219588 0.219058 0.218215 0.217191 0.216181 0.215411 0.215095 0.215386 0.216318 0.217754 0.219353 0.220570 0.220719 0.219110 0.215309 0.216532 0.215764 0.216083 0.217121 0.218433 0.219633 0.220452 0.220758 0.220540 0.219884 0.218930 0.217841 0.216768 0.215832 0.215113 0.214640 0.214408 0.214380 0.214508 0.214742 0.215050 0.215418 0.215854 0.216376 0.216999 0.217710 0.218447 0.219078 0.219392 0.219119 0.217986 0.215829 0.215621 0.215343 0.215214 0.215163 0.215127 0.215067 0.214974 0.214863 0.214762 0.214700 0.214698 0.214761 0.214879 0.215022 0.215147 0.215209 0.215163 0.214978 0.214642 0.214168 0.213594 0.212984 0.212412 0.211960 0.211692 0.211644 0.211800 0.212085 0.212361 0.212436 0.212108 0.211228 0.211696 0.211903 0.211868 0.211653 0.211346 0.211039 0.210806 0.210696 0.210728 0.210890 0.211147 0.211447 0.211730 0.211935 0.212009 0.211918 0.211646 0.211202 0.210618 0.209947 0.209257 0.208622 0.208113 0.207786 0.207674 0.207771 0.208034 0.208375 0.208670 0.208778 0.208565 0.207956
0.208102 0.206608 0.206039 0.206279 0.207086 0.208193 0.209364 0.210422 0.211260 0.211835 0.212156 0.212267 0.212232 0.212116 0.211979 0.211864 0.211796 0.211781 0.211810 0.211864 0.211921 0.211963 0.211978 0.211965 0.211934 0.211900 0.211878 0.211876 0.211889 0.211889 0.211833 0.211671 0.211982 0.218455 0.220559 0.219509 0.216855 0.213962 0.211764 0.210707 0.210809 0.211781 0.213177 0.214529 0.215460 0.215754 0.215384 0.214499 0.213377 0.212356 0.211753 0.211790 0.212533 0.213862 0.215481 0.216966 0.217857 0.217781 0.216593 0.214504 0.212167 0.210665 0.211338 0.215379 0.215761 0.218560 0.219874 0.220103 0.219758 0.219285 0.218976 0.218954 0.219198 0.219590 0.219969 0.220176 0.220098 0.219688 0.218972 0.218041 0.217028 0.216087 0.215355 0.214927 0.214835 0.215040 0.215435 0.215869 0.216183 0.216256 0.216059 0.215702 0.215452 0.215723 0.216983 0.219578 0.215566 0.221033 0.223150 0.222678 0.220733 0.218381 0.216414 0.215281 0.215097 0.215718 0.216836 0.218080 0.219102 0.219649 0.219598 0.218966 0.217896 0.216625 0.215428 0.214565 0.214231 0.214510 0.215356 0.216593 0.217940 0.219069 0.219674 0.219560 0.218726 0.217422 0.216152 0.215590 0.219591 0.218368 0.217292 0.216396 0.215687 0.215176 0.214889 0.214858 0.215101 0.215617 0.216369 0.217284 0.218259 0.219168 0.219884 0.220296 0.220330 0.219964 0.219240 0.218263 0.217201 0.216255 0.215635 0.215520 0.216008 0.217077 0.218545 0.220050 0.221072 0.220991 0.219226 0.215465 0.215809 0.215259 0.215952 0.217357 0.218914 0.220180 0.220890 0.220962 0.220461 0.219551 0.218439 0.217329 0.216381 0.215694 0.215298 0.215159 0.215202 0.215334 0.215469 0.215554 0.215586 0.215614 0.215730 0.216047 0.216657 0.217591 0.218766 0.219950 0.220751 0.220647 0.219096 0.215737 0.215680 0.215045 0.214948 0.215171 0.215493 0.215750 0.215859 0.215816 0.215667 0.215487 0.215351 0.215310 0.215383 0.215550 0.215754 0.215917 0.215953 0.215790 0.215384 0.214734 0.213891 0.212955 0.212059 0.211356 0.210980 0.211013 0.211452 0.212173 0.212924 0.213343 0.213020 0.211628 0.211774 0.211198 0.211113 0.211318 0.211608 0.211836 0.211931 0.211889 0.211758 0.211608 0.211507 0.211500 0.211599 0.211778 0.211979 0.212122 0.212125 0.211918 0.211463 0.210764 0.209877 0.208905 0.207986 0.207271 0.206895 0.206941 0.207400 0.208152 0.208944 0.209415 0.209157 0.207843
0.206933 0.205749 0.205773 0.206657 0.207968 0.209322 0.210449 0.211212 0.211591 0.211652 0.211508 0.211287 0.211098 0.211015 0.211065 0.211232 0.211462 0.211686 0.211833 0.211852 0.211727 0.211481 0.211181 0.210922 0.210811 0.210934 0.211321 0.211920 0.212572 0.213015 0.212921 0.211995 0.211345 0.217623 0.219885 0.219209 0.216998 0.214499 0.212571 0.211630 0.211703 0.212535 0.213727 0.214862 0.215601 0.215754 0.215305 0.214396 0.213290 0.212302 0.211728 0.211778 0.212514 0.213829 0.215450 0.216985 0.218003 0.218151 0.217278 0.215560 0.213572 0.212282 0.212897 0.216497 0.215538 0.218423 0.219820 0.220116 0.219822 0.219385 0.219097 0.219086 0.219331 0.219719 0.220093 0.220303 0.220242 0.219870 0.219219 0.218380 0.217484 0.216675 0.216076 0.215760 0.215738 0.215944 0.216254 0.216506 0.216543 0.216269 0.215697 0.215004 0.214540 0.214808 0.216356 0.219562 0.216122 0.220711 0.222402 0.221894 0.220174 0.218165 0.216537 0.215652 0.215582 0.216178 0.217157 0.218192 0.218992 0.219354 0.219194 0.218553 0.217581 0.216496 0.215541 0.214934 0.214819 0.215238 0.216111 0.217248 0.218378 0.219206 0.219487 0.219105 0.218145 0.216934 0.216020 0.216063 0.219504 0.218605 0.217825 0.217166 0.216621 0.216203 0.215945 0.215891 0.216077 0.216515 0.217181 0.218015 0.218918 0.219772 0.220450 0.220841 0.220866 0.220498 0.219775 0.218798 0.217729 0.216769 0.216129 0.215990 0.216459 0.217523 0.219010 0.220571 0.221694 0.221761 0.220183 0.216620 0.215648 0.215553 0.216454 0.217839 0.219216 0.220230 0.220701 0.220610 0.220063 0.219232 0.218314 0.217477 0.216837 0.216444 0.216281 0.216280 0.216344 0.216376 0.216307 0.216119 0.215852 0.215608 0.215528 0.215763 0.216428 0.217544 0.218989 0.220462 0.221470 0.221383 0.219561 0.215599 0.215751 0.214575 0.214395 0.214842 0.215519 0.216116 0.216459 0.216509 0.216325 0.216024 0.215738 0.215570 0.215576 0.215749 0.216023 0.216292 0.216427 0.216314 0.215872 0.215084 0.214008 0.212776 0.211580 0.210642 0.210170 0.210300 0.211042 0.212234 0.213517 0.214356 0.214131 0.212326 0.211862 0.210549 0.210344 0.210838 0.211585 0.212242 0.212615 0.212656 0.212432 0.212073 0.211724 0.211505 0.211480 0.211647 0.211943 0.212252 0.212440 0.212380 0.211986 0.211234 0.210180 0.208961 0.207776 0.206853 0.206405 0.206569 0.207344 0.208544 0.209776 0.210462 0.209943 0.207685
0.205619 0.205127 0.205922 0.207440 0.209106 0.210484 0.211335 0.211608 0.211401 0.210901 0.210325 0.209867 0.209657 0.209749 0.210110 0.210640 0.211199 0.211636 0.211826 0.211704 0.211280 0.210650 0.209982 0.209489 0.209380 0.209801 0.210777 0.212148 0.213548 0.214416 0.214090 0.212014 0.210849 0.216274 0.218477 0.218276 0.216771 0.214951 0.213510 0.212796 0.212844 0.213467 0.214359 0.215196 0.215715 0.215766 0.215338 0.214546 0.213602 0.212762 0.212270 0.212301 0.212919 0.214048 0.215480 0.216906 0.217979 0.218402 0.218028 0.216954 0.215586 0.214638 0.215019 0.217556 0.215342 0.218075 0.219470 0.219854 0.219678 0.219339 0.219104 0.219091 0.219291 0.219613 0.219926 0.220107 0.220071 0.219788 0.219291 0.218661 0.218006 0.217442 0.217058 0.216896 0.216939 0.217106 0.217265 0.217266 0.216978 0.216343 0.215426 0.214456 0.213837 0.214110 0.215841 0.219392 0.216900 0.220257 0.221428 0.220972 0.219646 0.218147 0.216970 0.216368 0.216377 0.216868 0.217616 0.218373 0.218923 0.219127 0.218937 0.218403 0.217651 0.216858 0.216208 0.215857 0.215899 0.216340 0.217092 0.217984 0.218794 0.219294 0.219316 0.218811 0.217906 0.216926 0.216367 0.216778 0.219219 0.217955 0.217383 0.217291 0.217433 0.217625 0.217772 0.217866 0.217954 0.218109 0.218391 0.218830 0.219406 0.220052 0.220664 0.221123 0.221314 0.221160 0.220636 0.219793 0.218755 0.217710 0.216885 0.216506 0.216743 0.217655 0.219136 0.220876 0.222355 0.222893 0.221777 0.218504 0.216109 0.216593 0.217519 0.218544 0.219396 0.219918 0.220069 0.219898 0.219514 0.219042 0.218598 0.218257 0.218052 0.217963 0.217935 0.217892 0.217759 0.217482 0.217050 0.216506 0.215943 0.215501 0.215336 0.215590 0.216346 0.217580 0.219120 0.220623 0.221583 0.221388 0.219457 0.215467 0.215805 0.214152 0.213852 0.214430 0.215353 0.216201 0.216725 0.216853 0.216651 0.216265 0.215865 0.215596 0.215542 0.215708 0.216027 0.216372 0.216587 0.216524 0.216077 0.215213 0.213992 0.212566 0.211167 0.210069 0.209531 0.209733 0.210705 0.212264 0.213983 0.215213 0.215184 0.213234 0.211925 0.210099 0.209775 0.210409 0.211412 0.212321 0.212866 0.212974 0.212719 0.212265 0.211800 0.211483 0.211407 0.211579 0.211927 0.212317 0.212583 0.212570 0.212170 0.211355 0.210194 0.208852 0.207574 0.206639 0.206301 0.206711 0.207847 0.209448 0.210988 0.211716 0.210788 0.207543
0.204492 0.204932 0.206494 0.208476 0.210254 0.211421 0.211821 0.211519 0.210734 0.209757 0.208879 0.208325 0.208223 0.208580 0.209295 0.210187 0.211035 0.211626 0.211801 0.211496 0.210764 0.209774 0.208791 0.208131 0.208085 0.208842 0.210396 0.212479 0.214525 0.215706 0.215076 0.211871 0.210722 0.214782 0.216715 0.216999 0.216322 0.215330 0.214489 0.214049 0.214060 0.214422 0.214956 0.215458 0.215762 0.215767 0.215461 0.214913 0.214257 0.213661 0.213291 0.213277 0.213680 0.214474 0.215546 0.216711 0.217744 0.218437 0.218654 0.218394 0.217832 0.217332 0.217389 0.218482 0.215274 0.217694 0.219028 0.219512 0.219495 0.219295 0.219132 0.219112 0.219240 0.219456 0.219670 0.219799 0.219783 0.219609 0.219304 0.218930 0.218564 0.218281 0.218130 0.218120 0.218209 0.218309 0.218298 0.218050 0.217474 0.216557 0.215407 0.214284 0.213603 0.213892 0.215675 0.219261 0.217838 0.219833 0.220487 0.220159 0.219325 0.218414 0.217720 0.217391 0.217434 0.217761 0.218228 0.218680 0.218989 0.219076 0.218924 0.218572 0.218109 0.217647 0.217300 0.217159 0.217269 0.217619 0.218137 0.218700 0.219160 0.219377 0.219257 0.218797 0.218117 0.217469 0.217208 0.217704 0.219012 0.216733 0.216190 0.216827 0.217995 0.219160 0.219992 0.220372 0.220354 0.220095 0.219793 0.219623 0.219693 0.220028 0.220562 0.221162 0.221658 0.221884 0.221719 0.221122 0.220156 0.218985 0.217863 0.217084 0.216924 0.217559 0.218987 0.220955 0.222929 0.224121 0.223618 0.220660 0.217122 0.218169 0.218960 0.219411 0.219549 0.219466 0.219280 0.219104 0.219021 0.219070 0.219248 0.219509 0.219779 0.219969 0.219994 0.219791 0.219332 0.218635 0.217769 0.216848 0.216018 0.215441 0.215263 0.215582 0.216420 0.217686 0.219161 0.220494 0.221226 0.220860 0.218974 0.215411 0.215816 0.214018 0.213658 0.214238 0.215201 0.216099 0.216666 0.216818 0.216619 0.216218 0.215792 0.215496 0.215421 0.215578 0.215901 0.216261 0.216498 0.216457 0.216024 0.215162 0.213926 0.212471 0.211034 0.209898 0.209340 0.209554 0.210588 0.212271 0.214180 0.215657 0.215908 0.214225 0.211934 0.209957 0.209580 0.210224 0.211264 0.212211 0.212785 0.212908 0.212659 0.212209 0.211751 0.211448 0.211391 0.211583 0.211945 0.212333 0.212579 0.212528 0.212077 0.211212 0.210020 0.208690 0.207489 0.206711 0.206609 0.207319 0.208775 0.210645 0.212314 0.212926 0.211549 0.207488
0.203880 0.205283 0.207419 0.209563 0.211157 0.211905 0.211775 0.210947 0.209730 0.208476 0.207498 0.207014 0.207116 0.207758 0.208781 0.209944 0.210979 0.211645 0.211776 0.211325 0.210384 0.209175 0.208028 0.207310 0.207354 0.208357 0.210282 0.212784 0.215178 0.216490 0.215633 0.211758 0.211133 0.213534 0.215020 0.215702 0.215825 0.215654 0.215406 0.215223 0.215170 0.215246 0.215406 0.215582 0.215707 0.215732 0.215633 0.215422 0.215140 0.214850 0.214629 0.214550 0.214674 0.215030 0.215617 0.216392 0.217279 0.218176 0.218971 0.219563 0.219878 0.219893 0.219644 0.219216 0.215425 0.217475 0.218720 0.219296 0.219444 0.219392 0.219309 0.219284 0.219336 0.219441 0.219550 0.219615 0.219608 0.219525 0.219388 0.219237 0.219117 0.219067 0.219099 0.219196 0.219302 0.219331 0.219182 0.218763 0.218021 0.216979 0.215771 0.214657 0.214021 0.214330 0.216025 0.219344 0.218860 0.219595 0.219816 0.219671 0.219344 0.218999 0.218747 0.218637 0.218669 0.218804 0.218986 0.219153 0.219261 0.219280 0.219209 0.219068 0.218894 0.218732 0.218626 0.218607 0.218687 0.218856 0.219076 0.219295 0.219451 0.219489 0.219380 0.219135 0.218818 0.218549 0.218485 0.218782 0.219159 0.215404 0.214658 0.215983 0.218255 0.220519 0.222154 0.222898 0.222795 0.222096 0.221149 0.220296 0.219799 0.219786 0.220241 0.221021 0.221890 0.222582 0.222863 0.222585 0.221733 0.220443 0.218991 0.217749 0.217108 0.217380 0.218681 0.220829 0.223278 0.225121 0.225229 0.222561 0.218509 0.219970 0.220522 0.220351 0.219777 0.219126 0.218659 0.218530 0.218784 0.219367 0.220154 0.220980 0.221673 0.222085 0.222112 0.221714 0.220917 0.219814 0.218548 0.217299 0.216254 0.215584 0.215408 0.215773 0.216632 0.217834 0.219127 0.220176 0.220611 0.220086 0.218377 0.215505 0.215768 0.214378 0.214100 0.214542 0.215270 0.215941 0.216350 0.216440 0.216265 0.215945 0.215621 0.215411 0.215380 0.215533 0.215809 0.216100 0.216271 0.216197 0.215785 0.215007 0.213911 0.212629 0.211360 0.210344 0.209819 0.209958 0.210818 0.212279 0.214014 0.215499 0.216082 0.215152 0.211877 0.210176 0.209870 0.210432 0.211311 0.212088 0.212535 0.212598 0.212360 0.211976 0.211615 0.211409 0.211424 0.211647 0.211990 0.212317 0.212476 0.212335 0.211819 0.210940 0.209804 0.208610 0.207618 0.207104 0.207289 0.208263 0.209913 0.211862 0.213461 0.213845 0.212100 0.207593
0.204030 0.206212 0.208566 0.210490 0.211606 0.211794 0.211163 0.209980 0.208592 0.207340 0.206502 0.206243 0.206597 0.207472 0.208673 0.209945 0.211021 0.211675 0.211767 0.211275 0.210314 0.209121 0.208023 0.207378 0.207497 0.208549 0.210477 0.212929 0.215234 0.216462 0.215594 0.211860 0.212153 0.212842 0.213756 0.214676 0.215432 0.215934 0.216164 0.216166 0.216019 0.215815 0.215635 0.215536 0.215542 0.215645 0.215808 0.215980 0.216105 0.216143 0.216078 0.215927 0.215747 0.215624 0.215662 0.215964 0.216602 0.217588 0.218846 0.220191 0.221329 0.221877 0.221438 0.219719 0.215851 0.217584 0.218743 0.219385 0.219662 0.219733 0.219720 0.219699 0.219701 0.219724 0.219750 0.219760 0.219743 0.219702 0.219654 0.219622 0.219630 0.219690 0.219797 0.219923 0.220012 0.219992 0.219788 0.219335 0.218610 0.217652 0.216590 0.215652 0.215155 0.215474 0.216951 0.219753 0.219892 0.219649 0.219584 0.219642 0.219758 0.219876 0.219958 0.219990 0.219973 0.219922 0.219858 0.219802 0.219770 0.219768 0.219797 0.219847 0.219905 0.219953 0.219977 0.219968 0.219923 0.219851 0.219765 0.219689 0.219645 0.219653 0.219719 0.219835 0.219970 0.220073 0.220079 0.219930 0.219867 0.214469 0.213292 0.215068 0.218241 0.221465 0.223835 0.224940 0.224802 0.223741 0.222237 0.220783 0.219777 0.219449 0.219835 0.220784 0.222009 0.223155 0.223883 0.223945 0.223251 0.221899 0.220178 0.218518 0.217411 0.217286 0.218368 0.220551 0.223289 0.225595 0.226168 0.223744 0.220036 0.221653 0.221932 0.221261 0.220165 0.219126 0.218490 0.218431 0.218954 0.219935 0.221159 0.222379 0.223358 0.223911 0.223927 0.223386 0.222355 0.220976 0.219446 0.217982 0.216794 0.216046 0.215835 0.216166 0.216947 0.217991 0.219039 0.219795 0.219978 0.219380 0.217942 0.215812 0.215667 0.215339 0.215338 0.215513 0.215720 0.215860 0.215891 0.215820 0.215690 0.215557 0.215475 0.215477 0.215570 0.215730 0.215907 0.216034 0.216040 0.215862 0.215464 0.214843 0.214039 0.213134 0.212246 0.211515 0.211077 0.211046 0.211474 0.212330 0.213479 0.214678 0.215597 0.215881 0.211764 0.210749 0.210665 0.211104 0.211679 0.212119 0.212299 0.212218 0.211964 0.211664 0.211439 0.211371 0.211484 0.211738 0.212045 0.212281 0.212327 0.212088 0.211531 0.210693 0.209696 0.208729 0.208024 0.207807 0.208241 0.209363 0.211018 0.212826 0.214175 0.214283 0.212366 0.207918
0.205046 0.207646 0.209775 0.211090 0.211488 0.211068 0.210066 0.208788 0.207545 0.206601 0.206133 0.206216 0.206816 0.207809 0.209005 0.210184 0.211137 0.211699 0.211783 0.211398 0.210653 0.209747 0.208935 0.208488 0.208629 0.209471 0.210956 0.212812 0.214544 0.215483 0.214911 0.212308 0.213729 0.212871 0.213153 0.214105 0.215232 0.216160 0.216687 0.216775 0.216515 0.216071 0.215627 0.215336 0.215293 0.215517 0.215956 0.216499 0.217009 0.217352 0.217432 0.217216 0.216754 0.216175 0.215674 0.215476 0.215783 0.216713 0.218237 0.220124 0.221917 0.222962 0.222517 0.219981 0.216555 0.218122 0.219225 0.219890 0.220226 0.220357 0.220386 0.220381 0.220374 0.220371 0.220366 0.220345 0.220303 0.220241 0.220171 0.220111 0.220078 0.220083 0.220125 0.220186 0.220228 0.220201 0.220053 0.219736 0.219235 0.218578 0.217855 0.217231 0.216935 0.217237 0.218387 0.220503 0.220876 0.220034 0.219842 0.220089 0.220527 0.220950 0.221229 0.221315 0.221226 0.221024 0.220790 0.220596 0.220498 0.220517 0.220640 0.220826 0.221018 0.221151 0.221175 0.221061 0.220814 0.220477 0.220123 0.219846 0.219739 0.219871 0.220258 0.220837 0.221457 0.221882 0.221829 0.221055 0.221210 0.214353 0.212580 0.214432 0.218070 0.221876 0.224736 0.226118 0.226004 0.224748 0.222902 0.221058 0.219708 0.219157 0.219482 0.220541 0.222020 0.223510 0.224601 0.224974 0.224476 0.223166 0.221321 0.219396 0.217932 0.217432 0.218201 0.220196 0.222911 0.225347 0.226141 0.223927 0.221457 0.222913 0.222954 0.222041 0.220754 0.219608 0.218956 0.218959 0.219601 0.220727 0.222097 0.223441 0.224507 0.225106 0.225128 0.224563 0.223487 0.222056 0.220470 0.218950 0.217700 0.216874 0.216556 0.216738 0.217324 0.218133 0.218935 0.219479 0.219551 0.219024 0.217904 0.216373 0.215544 0.216870 0.217341 0.217159 0.216613 0.215972 0.215438 0.215122 0.215053 0.215196 0.215477 0.215803 0.216088 0.216267 0.216301 0.216182 0.215931 0.215582 0.215180 0.214767 0.214373 0.214011 0.213680 0.213369 0.213068 0.212786 0.212561 0.212479 0.212671 0.213297 0.214499 0.216314 0.211630 0.211608 0.211885 0.212213 0.212418 0.212425 0.212244 0.211946 0.211627 0.211383 0.211280 0.211342 0.211544 0.211822 0.212085 0.212232 0.212179 0.211878 0.211331 0.210602 0.209811 0.209121 0.208715 0.208752 0.209326 0.210422 0.211871 0.213331 0.214296 0.214157 0.212334 0.208501
0.206846 0.209411 0.210883 0.211281 0.210831 0.209853 0.208677 0.207590 0.206799 0.206424 0.206499 0.206980 0.207767 0.208729 0.209722 0.210610 0.211291 0.211701 0.211824 0.211695 0.211390 0.211016 0.210694 0.210537 0.210628 0.211002 0.211627 0.212397 0.213141 0.213641 0.213684 0.213139 0.215675 0.213593 0.213248 0.214025 0.215229 0.216306 0.216930 0.217012 0.216646 0.216040 0.215438 0.215055 0.215027 0.215389 0.216070 0.216919 0.217738 0.218325 0.218524 0.218263 0.217581 0.216633 0.215673 0.215010 0.214941 0.215673 0.217227 0.219369 0.221566 0.223015 0.222768 0.220021 0.217479 0.219094 0.220194 0.220827 0.221125 0.221229 0.221252 0.221265 0.221294 0.221335 0.221364 0.221353 0.221282 0.221141 0.220941 0.220703 0.220459 0.220244 0.220083 0.219992 0.219966 0.219983 0.220004 0.219986 0.219893 0.219712 0.219468 0.219238 0.219156 0.219397 0.220141 0.221504 0.221781 0.220702 0.220511 0.220898 0.221512 0.222072 0.222412 0.222480 0.222318 0.222021 0.221704 0.221468 0.221376 0.221446 0.221643 0.221896 0.222115 0.222209 0.222112 0.221801 0.221306 0.220713 0.220154 0.219784 0.219746 0.220131 0.220935 0.222022 0.223106 0.223774 0.223552 0.222064 0.223094 0.215308 0.212891 0.214394 0.217923 0.221775 0.224754 0.226258 0.226224 0.224982 0.223087 0.221147 0.219682 0.219030 0.219298 0.220365 0.221929 0.223576 0.224879 0.225491 0.225220 0.224085 0.222323 0.220360 0.218726 0.217927 0.218302 0.219863 0.222180 0.224346 0.225085 0.223095 0.222570 0.223549 0.223435 0.222608 0.221526 0.220594 0.220085 0.220121 0.220685 0.221650 0.222821 0.223977 0.224909 0.225455 0.225519 0.225078 0.224186 0.222958 0.221553 0.220152 0.218926 0.218017 0.217513 0.217432 0.217722 0.218259 0.218866 0.219345 0.219504 0.219205 0.218405 0.217193 0.215452 0.218781 0.219858 0.219296 0.217889 0.216344 0.215151 0.214547 0.214550 0.215018 0.215726 0.216436 0.216950 0.217152 0.217015 0.216602 0.216037 0.215471 0.215047 0.214859 0.214930 0.215195 0.215515 0.215701 0.215569 0.214998 0.214002 0.212791 0.211794 0.211634 0.213004 0.216408 0.211534 0.212632 0.213357 0.213625 0.213481 0.213050 0.212483 0.211925 0.211489 0.211242 0.211201 0.211337 0.211587 0.211866 0.212084 0.212166 0.212063 0.211763 0.211298 0.210741 0.210197 0.209790 0.209637 0.209827 0.210389 0.211272 0.212322 0.213281 0.213804 0.213511 0.212069 0.209344
0.209149 0.211244 0.211751 0.211087 0.209803 0.208411 0.207283 0.206631 0.206509 0.206858 0.207543 0.208401 0.209280 0.210065 0.210689 0.211140 0.211449 0.211673 0.211877 0.212111 0.212393 0.212705 0.212987 0.213157 0.213131 0.212857 0.212352 0.211737 0.211255 0.211260 0.212157 0.214275 0.217691 0.214777 0.213862 0.214302 0.215331 0.216321 0.216892 0.216921 0.216495 0.215832 0.215195 0.214818 0.214851 0.215331 0.216180 0.217224 0.218234 0.218974 0.219255 0.218979 0.218172 0.216990 0.215710 0.214678 0.214242 0.214664 0.216019 0.218112 0.220426 0.222138 0.222252 0.219883 0.218507 0.220402 0.221561 0.222107 0.222261 0.222235 0.222188 0.222204 0.222301 0.222446 0.222576 0.222625 0.222540 0.222294 0.221892 0.221372 0.220796 0.220241 0.219782 0.219482 0.219381 0.219483 0.219759 0.220150 0.220577 0.220963 0.221247 0.221413 0.221502 0.221621 0.221923 0.222561 0.222608 0.221522 0.221385 0.221836 0.222491 0.223054 0.223360 0.223375 0.223160 0.222831 0.222516 0.222317 0.222288 0.222427 0.222676 0.222939 0.223104 0.223071 0.222778 0.222221 0.221468 0.220651 0.219955 0.219579 0.219698 0.220403 0.221651 0.223221 0.224704 0.225529 0.225074 0.222877 0.225247 0.217339 0.214394 0.215186 0.218021 0.221339 0.224012 0.225443 0.225519 0.224498 0.222854 0.221124 0.219783 0.219152 0.219353 0.220301 0.221743 0.223321 0.224650 0.225402 0.225376 0.224553 0.223102 0.221364 0.219784 0.218805 0.218741 0.219651 0.221224 0.222753 0.223211 0.221539 0.223253 0.223507 0.223342 0.222912 0.222398 0.221964 0.221731 0.221761 0.222059 0.222579 0.223234 0.223918 0.224515 0.224921 0.225057 0.224874 0.224367 0.223569 0.222555 0.221428 0.220309 0.219324 0.218584 0.218170 0.218114 0.218387 0.218895 0.219477 0.219918 0.219983 0.219461 0.218236 0.215463 0.220735 0.222433 0.221550 0.219359 0.216981 0.215179 0.214313 0.214389 0.215168 0.216282 0.217352 0.218078 0.218294 0.217985 0.217279 0.216400 0.215612 0.215151 0.215166 0.215672 0.216533 0.217478 0.218151 0.218196 0.217364 0.215636 0.213327 0.211138 0.210121 0.211486 0.216194 0.211550 0.213662 0.214837 0.215115 0.214723 0.213944 0.213047 0.212238 0.211646 0.211323 0.211254 0.211378 0.211607 0.211849 0.212024 0.212077 0.211985 0.211761 0.211448 0.211110 0.210823 0.210659 0.210673 0.210887 0.211284 0.211800 0.212327 0.212724 0.212836 0.212523 0.211705 0.210409
0.211494 0.212827 0.212286 0.210641 0.208705 0.207111 0.206221 0.206138 0.206748 0.207813 0.209044 0.210180 0.211037 0.211537 0.211708 0.211666 0.211578 0.211619 0.211922 0.212541 0.213428 0.214427 0.215298 0.215765 0.215581 0.214622 0.212965 0.210970 0.209297 0.208867 0.210690 0.215527 0.219403 0.216022 0.214636 0.214662 0.215373 0.216152 0.216613 0.216616 0.216224 0.215631 0.215078 0.214784 0.214893 0.215438 0.216344 0.217441 0.218502 0.219291 0.219613 0.219358 0.218536 0.217285 0.215863 0.214608 0.213871 0.213935 0.214921 0.216704 0.218858 0.220660 0.221202 0.219639 0.219477 0.221852 0.223127 0.223544 0.223460 0.223203 0.223006 0.222987 0.223153 0.223434 0.223715 0.223877 0.223820 0.223491 0.222889 0.222070 0.221134 0.220208 0.219428 0.218912 0.218744 0.218954 0.219512 0.220331 0.221279 0.222201 0.222950 0.223421 0.223588 0.223519 0.223383 0.223412 0.223389 0.222303 0.222161 0.222589 0.223199 0.223703 0.223953 0.223927 0.223702 0.223399 0.223144 0.223029 0.223093 0.223309 0.223599 0.223847 0.223932 0.223751 0.223257 0.222469 0.221490 0.220495 0.219708 0.219363 0.219650 0.220652 0.222285 0.224252 0.226036 0.226948 0.226254 0.223441 0.227254 0.220187 0.217010 0.216893 0.218583 0.220871 0.222852 0.224005 0.224185 0.223534 0.222375 0.221101 0.220075 0.219556 0.219662 0.220358 0.221478 0.222766 0.223934 0.224719 0.224941 0.224544 0.223606 0.222338 0.221034 0.220013 0.219522 0.219651 0.220253 0.220911 0.220991 0.219818 0.223497 0.222898 0.222772 0.222949 0.223231 0.223471 0.223591 0.223582 0.223488 0.223375 0.223309 0.223334 0.223460 0.223660 0.223874 0.224019 0.224010 0.223778 0.223283 0.222534 0.221590 0.220563 0.219599 0.218859 0.218486 0.218564 0.219085 0.219914 0.220776 0.221273 0.220951 0.219424 0.215654 0.222296 0.224466 0.223414 0.220733 0.217825 0.215640 0.214618 0.214760 0.215757 0.217146 0.218452 0.219305 0.219506 0.219053 0.218118 0.216999 0.216038 0.215540 0.215692 0.216506 0.217799 0.219206 0.220252 0.220454 0.219468 0.217237 0.214135 0.211036 0.209277 0.210426 0.215769 0.211752 0.214535 0.216048 0.216404 0.215921 0.214969 0.213877 0.212886 0.212136 0.211675 0.211483 0.211493 0.211618 0.211776 0.211901 0.211955 0.211931 0.211845 0.211730 0.211628 0.211572 0.211583 0.211660 0.211779 0.211899 0.211973 0.211962 0.211851 0.211667 0.211486 0.211426 0.211621
0.213305 0.213829 0.212450 0.210162 0.207911 0.206361 0.205822 0.206282 0.207492 0.209078 0.210652 0.211896 0.212625 0.212806 0.212551 0.212079 0.211661 0.211554 0.211935 0.212853 0.214198 0.215708 0.217004 0.217665 0.217334 0.215838 0.213314 0.210305 0.207790 0.207106 0.209698 0.216624 0.220428 0.216838 0.215099 0.214748 0.215152 0.215754 0.216180 0.216272 0.216049 0.215655 0.215282 0.215115 0.215277 0.215805 0.216639 0.217639 0.218611 0.219347 0.219671 0.219473 0.218744 0.217589 0.216217 0.214917 0.214002 0.213743 0.214291 0.215602 0.217382 0.219086 0.219988 0.219375 0.220214 0.223188 0.224622 0.224887 0.224499 0.223926 0.223499 0.223379 0.223575 0.223984 0.224438 0.224758 0.224797 0.224467 0.223757 0.222734 0.221530 0.220319 0.219289 0.218607 0.218395 0.218701 0.219490 0.220646 0.221983 0.223278 0.224312 0.224918 0.225027 0.224711 0.224185 0.223779 0.224174 0.222833 0.222511 0.222828 0.223381 0.223864 0.224120 0.224121 0.223942 0.223702 0.223525 0.223498 0.223649 0.223940 0.224279 0.224540 0.224591 0.224330 0.223713 0.222776 0.221643 0.220515 0.219648 0.219300 0.219675 0.220854 0.222727 0.224948 0.226926 0.227883 0.227006 0.223739 0.228623 0.223366 0.220410 0.219430 0.219771 0.220738 0.221761 0.222470 0.222702 0.222469 0.221906 0.221213 0.220595 0.220220 0.220188 0.220521 0.221161 0.221989 0.222847 0.223572 0.224026 0.224117 0.223825 0.223197 0.222345 0.221419 0.220574 0.219928 0.219519 0.219287 0.219071 0.218664 0.223401 0.221985 0.221940 0.222759 0.223862 0.224786 0.225257 0.225196 0.224689 0.223915 0.223096 0.222428 0.222049 0.222007 0.222265 0.222709 0.223179 0.223501 0.223532 0.223186 0.222465 0.221465 0.220368 0.219413 0.218842 0.218846 0.219488 0.220642 0.221955 0.222855 0.222635 0.220649 0.216091 0.223005 0.225329 0.224339 0.221672 0.218766 0.216593 0.215603 0.215791 0.216837 0.218261 0.219576 0.220402 0.220541 0.219998 0.218963 0.217750 0.216724 0.216206 0.216394 0.217301 0.218734 0.220306 0.221509 0.221823 0.220866 0.218551 0.215234 0.211799 0.209617 0.210320 0.215290 0.212203 0.215104 0.216737 0.217206 0.216818 0.215924 0.214837 0.213791 0.212925 0.212299 0.211909 0.211713 0.211653 0.211673 0.211729 0.211798 0.211870 0.211949 0.212043 0.212154 0.212273 0.212374 0.212419 0.212366 0.212179 0.211848 0.211409 0.210961 0.210666 0.210745 0.211427 0.212871
0.213984 0.213960 0.212260 0.209899 0.207788 0.206524 0.206338 0.207140 0.208619 0.210359 0.211956 0.213097 0.213622 0.213540 0.213007 0.212290 0.211698 0.211509 0.211906 0.212924 0.214423 0.216095 0.217512 0.218209 0.217797 0.216101 0.213291 0.209982 0.207261 0.206599 0.209562 0.217275 0.220459 0.216760 0.214796 0.214221 0.214499 0.215120 0.215714 0.216083 0.216190 0.216109 0.215975 0.215934 0.216094 0.216503 0.217138 0.217908 0.218672 0.219273 0.219566 0.219454 0.218908 0.217989 0.216842 0.215683 0.214758 0.214299 0.214463 0.215272 0.216567 0.217997 0.219050 0.219185 0.220572 0.224150 0.225756 0.225870 0.225154 0.224214 0.223483 0.223181 0.223331 0.223814 0.224425 0.224936 0.225156 0.224961 0.224320 0.223298 0.222040 0.220743 0.219625 0.218883 0.218660 0.219015 0.219907 0.221197 0.222668 0.224055 0.225099 0.225608 0.225511 0.224907 0.224078 0.223449 0.225015 0.222931 0.222164 0.222302 0.222864 0.223461 0.223865 0.224005 0.223932 0.223765 0.223638 0.223653 0.223852 0.224208 0.224629 0.224980 0.225118 0.224925 0.224342 0.223396 0.222208 0.220989 0.220011 0.219556 0.219855 0.221006 0.222910 0.225209 0.227277 0.228275 0.227321 0.223797 0.228901 0.226253 0.224070 0.222535 0.221644 0.221277 0.221264 0.221429 0.221624 0.221743 0.221732 0.221588 0.221349 0.221080 0.220861 0.220764 0.220844 0.221125 0.221594 0.222196 0.222841 0.223415 0.223795 0.223866 0.223552 0.222833 0.221766 0.220498 0.219265 0.218369 0.218132 0.218814 0.223159 0.221132 0.221143 0.222434 0.224143 0.225574 0.226307 0.226211 0.225395 0.224122 0.222722 0.221504 0.220698 0.220416 0.220641 0.221245 0.222020 0.222727 0.223149 0.223140 0.222658 0.221788 0.220730 0.219766 0.219204 0.219292 0.220132 0.221592 0.223255 0.224419 0.224200 0.221782 0.216808 0.222493 0.224513 0.223871 0.221871 0.219663 0.218023 0.217310 0.217516 0.218380 0.219516 0.220533 0.221126 0.221140 0.220587 0.219627 0.218527 0.217591 0.217088 0.217189 0.217912 0.219100 0.220440 0.221509 0.221868 0.221181 0.219341 0.216601 0.213633 0.211519 0.211572 0.214940 0.212930 0.215281 0.216732 0.217308 0.217185 0.216591 0.215740 0.214809 0.213919 0.213145 0.212523 0.212063 0.211756 0.211590 0.211549 0.211615 0.211772 0.211997 0.212260 0.212522 0.212734 0.212843 0.212799 0.212565 0.212137 0.211555 0.210920 0.210398 0.210214 0.210627 0.211867 0.214029
0.213037 0.213028 0.211772 0.210062 0.208594 0.207811 0.207866 0.208662 0.209936 0.211350 0.212585 0.213405 0.213700 0.213496 0.212939 0.212258 0.211711 0.211525 0.211843 0.212685 0.213923 0.215295 0.216444 0.216986 0.216611 0.215189 0.212879 0.210210 0.208102 0.207778 0.210527 0.217246 0.219353 0.215503 0.213439 0.212888 0.213350 0.214309 0.215354 0.216225 0.216809 0.217116 0.217231 0.217273 0.217353 0.217548 0.217883 0.218328 0.218809 0.219224 0.219467 0.219454 0.219143 0.218552 0.217761 0.216906 0.216159 0.215695 0.215648 0.216070 0.216894 0.217912 0.218794 0.219158 0.220479 0.224539 0.226292 0.226278 0.225258 0.223946 0.222864 0.222296 0.222302 0.222773 0.223491 0.224206 0.224694 0.224799 0.224460 0.223718 0.222700 0.221594 0.220613 0.219953 0.219757 0.220082 0.220889 0.222037 0.223304 0.224430 0.225163 0.225329 0.224891 0.223997 0.222988 0.222356 0.225940 0.222513 0.221009 0.220933 0.221633 0.222542 0.223282 0.223689 0.223774 0.223660 0.223515 0.223490 0.223675 0.224078 0.224626 0.225181 0.225574 0.225650 0.225305 0.224524 0.223397 0.222119 0.220971 0.220263 0.220270 0.221148 0.222846 0.225040 0.227107 0.228173 0.227275 0.223692 0.227802 0.228234 0.227372 0.225804 0.224101 0.222681 0.221763 0.221383 0.221435 0.221738 0.222088 0.222316 0.222314 0.222060 0.221607 0.221074 0.220611 0.220364 0.220445 0.220896 0.221673 0.222644 0.223602 0.224299 0.224501 0.224049 0.222928 0.221322 0.219648 0.218529 0.218701 0.220785 0.223015 0.220721 0.220697 0.222104 0.223992 0.225590 0.226423 0.226336 0.225432 0.223991 0.222366 0.220900 0.219855 0.219372 0.219456 0.219988 0.220767 0.221548 0.222107 0.222284 0.222025 0.221400 0.220601 0.219901 0.219599 0.219936 0.221002 0.222648 0.224435 0.225633 0.225331 0.222699 0.217785 0.220605 0.221806 0.221802 0.221159 0.220387 0.219832 0.219650 0.219836 0.220266 0.220762 0.221146 0.221282 0.221104 0.220628 0.219942 0.219184 0.218514 0.218076 0.217968 0.218213 0.218748 0.219428 0.220046 0.220373 0.220210 0.219454 0.218154 0.216553 0.215092 0.214352 0.214895 0.213908 0.215066 0.216013 0.216637 0.216896 0.216801 0.216398 0.215759 0.214969 0.214117 0.213288 0.212556 0.211979 0.211596 0.211421 0.211443 0.211631 0.211931 0.212277 0.212594 0.212810 0.212864 0.212720 0.212373 0.211863 0.211277 0.210752 0.210460 0.210596 0.211341 0.212806 0.214962
0.210219 0.210994 0.211051 0.210730 0.210361 0.210176 0.210277 0.210653 0.211209 0.211810 0.212324 0.212649 0.212742 0.212615 0.212335 0.212007 0.211746 0.211654 0.211793 0.212168 0.212718 0.213321 0.213814 0.214026 0.213827 0.213177 0.212175 0.211101 0.210413 0.210707 0.212590 0.216451 0.217224 0.213107 0.211072 0.210833 0.211832 0.213469 0.215241 0.216796 0.217949 0.218655 0.218976 0.219029 0.218951 0.218863 0.218848 0.218937 0.219116 0.219333 0.219518 0.219599 0.219527 0.219289 0.218915 0.218480 0.218085 0.217843 0.217840 0.218108 0.218589 0.219128 0.219477 0.219363 0.219986 0.224298 0.226132 0.226023 0.224764 0.223124 0.221688 0.220800 0.220575 0.220939 0.221699 0.222609 0.223430 0.223983 0.224169 0.223983 0.223503 0.222872 0.222256 0.221820 0.221682 0.221891 0.222414 0.223131 0.223857 0.224379 0.224506 0.224125 0.223263 0.222122 0.221087 0.220668 0.226933 0.221659 0.219197 0.218916 0.219903 0.221317 0.222565 0.223345 0.223614 0.223509 0.223259 0.223098 0.223197 0.223627 0.224346 0.225213 0.226024 0.226564 0.226654 0.226204 0.225246 0.223941 0.222566 0.221468 0.220989 0.221370 0.222652 0.224586 0.226583 0.227747 0.227024 0.223544 0.225352 0.228885 0.229746 0.228745 0.226852 0.224884 0.223374 0.222548 0.222374 0.222647 0.223086 0.223419 0.223450 0.223095 0.222392 0.221486 0.220588 0.219927 0.219696 0.220003 0.220834 0.222046 0.223379 0.224504 0.225089 0.224898 0.223887 0.222290 0.220668 0.219880 0.220931 0.224645 0.223194 0.221048 0.220858 0.221924 0.223450 0.224786 0.225522 0.225505 0.224799 0.223613 0.222225 0.220910 0.219885 0.219276 0.219105 0.219301 0.219723 0.220202 0.220575 0.220732 0.220641 0.220359 0.220031 0.219859 0.220053 0.220766 0.222026 0.223663 0.225274 0.226236 0.225798 0.223307 0.218932 0.217523 0.217469 0.218329 0.219600 0.220862 0.221833 0.222382 0.222503 0.222278 0.221836 0.221306 0.220798 0.220375 0.220055 0.219813 0.219598 0.219351 0.219027 0.218614 0.218142 0.217684 0.217346 0.217243 0.217466 0.218038 0.218874 0.219751 0.220300 0.220039 0.218472 0.215277 0.215043 0.214570 0.214759 0.215338 0.216003 0.216504 0.216679 0.216470 0.215907 0.215082 0.214127 0.213180 0.212362 0.211762 0.211424 0.211344 0.211479 0.211749 0.212064 0.212328 0.212466 0.212434 0.212229 0.211893 0.211511 0.211200 0.211088 0.211291 0.211882 0.212867 0.214155 0.215552
0.205659 0.208012 0.210137 0.211768 0.212793 0.213224 0.213165 0.212773 0.212219 0.211662 0.211225 0.210979 0.210945 0.211092 0.211354 0.211642 0.211865 0.211947 0.211843 0.211550 0.211112 0.210619 0.210192 0.209964 0.210054 0.210537 0.211417 0.212594 0.213863 0.214921 0.215417 0.215043 0.214503 0.210074 0.208209 0.208526 0.210324 0.212855 0.215487 0.217773 0.219467 0.220500 0.220937 0.220925 0.220642 0.220261 0.219915 0.219688 0.219607 0.219654 0.219782 0.219931 0.220052 0.220121 0.220146 0.220166 0.220241 0.220423 0.220732 0.221127 0.221475 0.221556 0.221093 0.219837 0.219306 0.223577 0.225388 0.225209 0.223799 0.221923 0.220191 0.218996 0.218507 0.218709 0.219454 0.220526 0.221696 0.222766 0.223600 0.224137 0.224384 0.224410 0.224311 0.224190 0.224127 0.224154 0.224249 0.224333 0.224287 0.223983 0.223327 0.222302 0.221017 0.219731 0.218846 0.218844 0.227905 0.220654 0.217213 0.216786 0.218156 0.220173 0.221998 0.223179 0.223616 0.223470 0.223046 0.222678 0.222635 0.223065 0.223965 0.225195 0.226508 0.227618 0.228257 0.228245 0.227535 0.226244 0.224640 0.223104 0.222050 0.221823 0.222574 0.224151 0.226022 0.227283 0.226792 0.223510 0.222006 0.228156 0.230835 0.230873 0.229406 0.227463 0.225768 0.224687 0.224269 0.224344 0.224628 0.224824 0.224708 0.224175 0.223255 0.222101 0.220943 0.220042 0.219618 0.219804 0.220597 0.221853 0.223294 0.224567 0.225320 0.225311 0.224515 0.223227 0.222106 0.222130 0.224413 0.229795 0.223833 0.222213 0.221739 0.222048 0.222723 0.223410 0.223867 0.223977 0.223731 0.223193 0.222474 0.221690 0.220946 0.220311 0.219819 0.219469 0.219235 0.219081 0.218975 0.218906 0.218892 0.218981 0.219244 0.219756 0.220574 0.221704 0.223067 0.224477 0.225630 0.226128 0.225546 0.223573 0.220076 0.213858 0.212360 0.214171 0.217578 0.221107 0.223768 0.225103 0.225115 0.224119 0.222592 0.221020 0.219787 0.219102 0.218985 0.219277 0.219708 0.219967 0.219790 0.219035 0.217739 0.216130 0.214603 0.213646 0.213721 0.215114 0.217775 0.221187 0.224294 0.225569 0.223290 0.216107 0.216166 0.214031 0.213382 0.213816 0.214795 0.215832 0.216573 0.216833 0.216579 0.215895 0.214938 0.213889 0.212918 0.212148 0.211647 0.211418 0.211412 0.211544 0.211713 0.211832 0.211841 0.211728 0.211535 0.211348 0.211284 0.211458 0.211952 0.212772 0.213818 0.214873 0.215619 0.215713
0.199955 0.204443 0.209000 0.212760 0.215203 0.216177 0.215839 0.214561 0.212812 0.211062 0.209693 0.208942 0.208881 0.209421 0.210344 0.211354 0.212143 0.212451 0.212127 0.211166 0.209730 0.208128 0.206774 0.206113 0.206516 0.208169 0.210963 0.214406 0.217608 0.219346 0.218298 0.213467 0.211954 0.207423 0.205904 0.206877 0.209478 0.212816 0.216150 0.218970 0.221006 0.222196 0.222633 0.222505 0.222034 0.221430 0.220860 0.220429 0.220185 0.220119 0.220195 0.220364 0.220588 0.220854 0.221179 0.221600 0.222159 0.222867 0.223673 0.224427 0.224864 0.224618 0.223284 0.220572 0.218817 0.222774 0.224430 0.224175 0.222696 0.220711 0.218820 0.217430 0.216754 0.216824 0.217542 0.218731 0.220180 0.221690 0.223095 0.224286 0.225207 0.225853 0.226247 0.226430 0.226433 0.226272 0.225933 0.225378 0.224560 0.223444 0.222042 0.220446 0.218852 0.217578 0.217033 0.217647 0.228689 0.220009 0.215901 0.215429 0.217142 0.219651 0.221927 0.223404 0.223941 0.223722 0.223114 0.222536 0.222339 0.222737 0.223764 0.225281 0.227015 0.228619 0.229755 0.230165 0.229734 0.228530 0.226804 0.224954 0.223446 0.222703 0.222968 0.224179 0.225868 0.227150 0.226834 0.223761 0.218709 0.226514 0.230646 0.231808 0.231109 0.229609 0.228092 0.226995 0.226438 0.226307 0.226365 0.226347 0.226048 0.225370 0.224340 0.223101 0.221874 0.220902 0.220396 0.220476 0.221138 0.222242 0.223527 0.224664 0.225342 0.225366 0.224771 0.223909 0.223489 0.224512 0.228059 0.234855 0.224909 0.224021 0.223229 0.222602 0.222201 0.222055 0.222141 0.222396 0.222729 0.223033 0.223207 0.223174 0.222885 0.222335 0.221558 0.220627 0.219642 0.218723 0.217992 0.217558 0.217504 0.217870 0.218649 0.219779 0.221145 0.222589 0.223922 0.224952 0.225503 0.225456 0.224774 0.223545 0.220971 0.210678 0.207972 0.210608 0.215831 0.221270 0.225330 0.227284 0.227144 0.225437 0.222943 0.220454 0.218593 0.217694 0.217770 0.218548 0.219560 0.220275 0.220235 0.219188 0.217172 0.214552 0.211975 0.210257 0.210187 0.212288 0.216551 0.222213 0.227634 0.230388 0.227684 0.217270 0.217041 0.213798 0.212519 0.212744 0.213823 0.215141 0.216237 0.216846 0.216885 0.216417 0.215593 0.214601 0.213620 0.212784 0.212169 0.211786 0.211594 0.211518 0.211477 0.211407 0.211282 0.211128 0.211019 0.211066 0.211390 0.212074 0.213129 0.214442 0.215752 0.216659 0.216682 0.215404
0.194184 0.200824 0.207515 0.212997 0.216530 0.217909 0.217380 0.215497 0.212953 0.210433 0.208492 0.207475 0.207478 0.208366 0.209816 0.211392 0.212642 0.213186 0.212804 0.211491 0.209480 0.207219 0.205307 0.204381 0.204967 0.207318 0.211249 0.216023 0.220319 0.222350 0.220197 0.212457 0.210609 0.206624 0.205679 0.207165 0.210161 0.213754 0.217206 0.220034 0.222001 0.223083 0.223404 0.223174 0.222624 0.221966 0.221360 0.220899 0.220620 0.220511 0.220537 0.220664 0.220877 0.221192 0.221654 0.222324 0.223246 0.224410 0.225706 0.226889 0.227565 0.227221 0.225320 0.221510 0.219029 0.222514 0.223879 0.223490 0.221984 0.220031 0.218192 0.216853 0.216216 0.216319 0.217079 0.218334 0.219889 0.221552 0.223160 0.224594 0.225778 0.226676 0.227282 0.227600 0.227633 0.227376 0.226809 0.225907 0.224658 0.223081 0.221263 0.219379 0.217713 0.216651 0.216637 0.218068 0.229047 0.220417 0.216379 0.215993 0.217794 0.220378 0.222704 0.224196 0.224708 0.224428 0.223731 0.223051 0.222759 0.223087 0.224088 0.225636 0.227464 0.229226 0.230569 0.231216 0.231025 0.230031 0.228454 0.226665 0.225114 0.224223 0.224257 0.225193 0.226625 0.227732 0.227388 0.224457 0.216842 0.224995 0.229648 0.231389 0.231235 0.230188 0.229006 0.228127 0.227692 0.227618 0.227702 0.227707 0.227447 0.226832 0.225884 0.224731 0.223570 0.222619 0.222067 0.222018 0.222468 0.223286 0.224242 0.225050 0.225455 0.225320 0.224738 0.224102 0.224132 0.225809 0.230142 0.237728 0.226187 0.225940 0.224960 0.223646 0.222429 0.221633 0.221413 0.221760 0.222529 0.223493 0.224399 0.225017 0.225183 0.224820 0.223950 0.222685 0.221208 0.219742 0.218512 0.217716 0.217487 0.217869 0.218809 0.220163 0.221709 0.223187 0.224347 0.225001 0.225075 0.224650 0.223962 0.223364 0.221334 0.209417 0.206307 0.209370 0.215398 0.221626 0.226214 0.228329 0.228008 0.225885 0.222885 0.219943 0.217786 0.216800 0.216989 0.218017 0.219323 0.220265 0.220296 0.219108 0.216743 0.213632 0.210544 0.208450 0.208302 0.210741 0.215787 0.222572 0.229195 0.232817 0.230151 0.218502 0.217396 0.214289 0.212949 0.212991 0.213853 0.214997 0.216010 0.216647 0.216817 0.216553 0.215964 0.215197 0.214389 0.213650 0.213042 0.212579 0.212241 0.211982 0.211758 0.211542 0.211342 0.211202 0.211202 0.211438 0.211997 0.212912 0.214131 0.215478 0.216638 0.217179 0.216629 0.214632
0.189776 0.197778 0.205439 0.211551 0.215477 0.217117 0.216793 0.215101 0.212748 0.210416 0.208644 0.207764 0.207870 0.208834 0.210351 0.212013 0.213394 0.214136 0.214025 0.213042 0.211386 0.209454 0.207776 0.206922 0.207366 0.209339 0.212683 0.216754 0.220388 0.222009 0.219931 0.212924 0.211578 0.209336 0.209252 0.210802 0.213279 0.216023 0.218528 0.220484 0.221771 0.222414 0.222536 0.222306 0.221896 0.221447 0.221054 0.220764 0.220582 0.220487 0.220455 0.220476 0.220569 0.220784 0.221196 0.221884 0.222899 0.224224 0.225729 0.227143 0.228047 0.227907 0.226185 0.222538 0.220473 0.223540 0.224508 0.223862 0.222303 0.220508 0.218995 0.218079 0.217873 0.218331 0.219300 0.220577 0.221955 0.223263 0.224381 0.225253 0.225876 0.226282 0.226521 0.226632 0.226627 0.226486 0.226149 0.225540 0.224591 0.223285 0.221694 0.220022 0.218625 0.217992 0.218677 0.221128 0.228715 0.222613 0.219831 0.219662 0.221034 0.222929 0.224599 0.225638 0.225953 0.225690 0.225131 0.224594 0.224350 0.224567 0.225279 0.226395 0.227720 0.229004 0.230000 0.230512 0.230450 0.229848 0.228873 0.227793 0.226924 0.226549 0.226819 0.227664 0.228720 0.229324 0.228600 0.225702 0.217999 0.225068 0.228755 0.229762 0.229165 0.227980 0.226941 0.226439 0.226551 0.227128 0.227897 0.228565 0.228894 0.228760 0.228165 0.227227 0.226148 0.225162 0.224474 0.224213 0.224395 0.224911 0.225544 0.226017 0.226078 0.225590 0.224642 0.223626 0.223273 0.224579 0.228588 0.235957 0.227233 0.227144 0.226322 0.225137 0.223997 0.223216 0.222962 0.223249 0.223964 0.224914 0.225869 0.226613 0.226980 0.226876 0.226291 0.225297 0.224034 0.222682 0.221439 0.220483 0.219947 0.219900 0.220327 0.221138 0.222171 0.223226 0.224097 0.224619 0.224705 0.224387 0.223820 0.223259 0.220911 0.211616 0.209496 0.212319 0.217420 0.222535 0.226177 0.227704 0.227191 0.225200 0.222523 0.219947 0.218075 0.217218 0.217363 0.218214 0.219286 0.220033 0.219995 0.218918 0.216847 0.214156 0.211508 0.209734 0.209643 0.211782 0.216168 0.222063 0.227851 0.231123 0.229080 0.219418 0.216986 0.215898 0.215436 0.215446 0.215722 0.216076 0.216366 0.216509 0.216475 0.216276 0.215948 0.215540 0.215100 0.214665 0.214260 0.213895 0.213572 0.213286 0.213036 0.212827 0.212673 0.212601 0.212641 0.212824 0.213164 0.213649 0.214224 0.214783 0.215167 0.215184 0.214643 0.213428
0.188200 0.195833 0.202439 0.207485 0.210845 0.212673 0.213287 0.213077 0.212434 0.211700 0.211134 0.210898 0.211057 0.211590 0.212409 0.213383 0.214367 0.215225 0.215851 0.216191 0.216243 0.216063 0.215749 0.215425 0.215217 0.215219 0.215465 0.215905 0.216393 0.216697 0.216542 0.215700 0.215700 0.216862 0.217948 0.218822 0.219425 0.219760 0.219872 0.219830 0.219712 0.219583 0.219493 0.219465 0.219499 0.219575 0.219661 0.219723 0.219732 0.219675 0.219564 0.219433 0.219338 0.219353 0.219553 0.219999 0.220722 0.221698 0.222837 0.223972 0.224868 0.225245 0.224839 0.223500 0.223500 0.226470 0.227008 0.225940 0.224225 0.222664 0.221764 0.221716 0.222446 0.223698 0.225131 0.226405 0.227255 0.227532 0.227219 0.226421 0.225336 0.224205 0.223262 0.222685 0.222558 0.222847 0.223410 0.224020 0.224424 0.224422 0.223943 0.223131 0.222392 0.222374 0.223860 0.227500 0.227500 0.227121 0.227071 0.227216 0.227420 0.227586 0.227665 0.227654 0.227581 0.227487 0.227413 0.227384 0.227410 0.227477 0.227558 0.227619 0.227631 0.227576 0.227463 0.227325 0.227224 0.227238 0.227449 0.227925 0.228687 0.229692 0.230804 0.231785 0.232306 0.231978 0.230440 0.227500 0.223500 0.228233 0.229117 0.227425 0.224672 0.222141 0.220658 0.220556 0.221743 0.223835 0.226305 0.228626 0.230372 0.231298 0.231354 0.230679 0.229544 0.228288 0.227236 0.226622 0.226533 0.226884 0.227427 0.227803 0.227636 0.226652 0.224819 0.222467 0.220355 0.219636 0.221656 0.227500 0.227500 0.226708 0.226594 0.226893 0.227327 0.227689 0.227869 0.227851 0.227688 0.227469 0.227286 0.227207 0.227263 0.227437 0.227667 0.227865 0.227931 0.227777 0.227348 0.226638 0.225700 0.224646 0.223631 0.222833 0.222413 0.222474 0.223018 0.223909 0.224856 0.225426 0.225117 0.223500 0.219600 0.218412 0.219085 0.220808 0.222758 0.224315 0.225132 0.225133 0.224445 0.223325 0.222066 0.220934 0.220109 0.219661 0.219554 0.219658 0.219796 0.219783 0.219478 0.218823 0.217869 0.216779 0.215811 0.215265 0.215419 0.216437 0.218282 0.220640 0.222882 0.224107 0.223289 0.219600 0.215700 0.218850 0.220438 0.220689 0.220039 0.218944 0.217774 0.216774 0.216064 0.215659 0.215505 0.215514 0.215597 0.215682 0.215730 0.215734 0.215712 0.215695 0.215708 0.215758 0.215821 0.215840 0.215732 0.215400 0.214767 0.213805 0.212569 0.211229 0.210081 0.209525 0.209992 0.211800
0.188200 0.178817 0.176153 0.178907 0.185046 0.192543 0.199767 0.205661 0.209746 0.212025 0.212844 0.212727 0.212235 0.211844 0.211871 0.212438 0.213478 0.214778 0.216037 0.216950 0.217275 0.216902 0.215886 0.214454 0.212970 0.211865 0.211536 0.212226 0.213910 0.216215 0.218423 0.219600 0.219600 0.223329 0.224162 0.222924 0.220653 0.218268 0.216409 0.215392 0.215251 0.215813 0.216796 0.217890 0.218840 0.219482 0.219772 0.219774 0.219635 0.219540 0.219668 0.220137 0.220977 0.222105 0.223331 0.224395 0.225018 0.224982 0.224216 0.222877 0.221396 0.220468 0.220930 0.223500 0.219600 0.225249 0.228233 0.228935 0.228113 0.226582 0.225019 0.223881 0.223389 0.223561 0.224262 0.225273 0.226352 0.227284 0.227919 0.228192 0.228123 0.227803 0.227376 0.227001 0.226824 0.226947 0.227408 0.228171 0.229132 0.230137 0.231014 0.231619 0.231878 0.231818 0.231584 0.231400 0.227500 0.232252 0.234154 0.233841 0.232248 0.230263 0.228551 0.227493 0.227203 0.227589 0.228435 0.229477 0.230470 0.231237 0.231691 0.231836 0.231748 0.231546 0.231351 0.231251 0.231272 0.231364 0.231407 0.231241 0.230711 0.229733 0.228366 0.226868 0.225727 0.225631 0.227336 0.231400 0.231400 0.227637 0.226715 0.227925 0.230280 0.232839 0.234885 0.235996 0.236040 0.235118 0.233497 0.231524 0.229553 0.227888 0.226739 0.226207 0.226283 0.226865 0.227787 0.228857 0.229892 0.230746 0.231338 0.231654 0.231736 0.231663 0.231510 0.231304 0.230990 0.230408 0.229320 0.227500 0.227500 0.223883 0.223249 0.224560 0.226632 0.228493 0.229545 0.229579 0.228713 0.227275 0.225686 0.224343 0.223540 0.223413 0.223929 0.224904 0.226053 0.227049 0.227597 0.227503 0.226718 0.225365 0.223733 0.222226 0.221286 0.221285 0.222398 0.224495 0.227053 0.229169 0.229681 0.227500 0.227500 0.224820 0.223502 0.223170 0.223360 0.223683 0.223893 0.223898 0.223722 0.223462 0.223235 0.223134 0.223202 0.223420 0.223710 0.223957 0.224034 0.223839 0.223318 0.222497 0.221484 0.220466 0.219679 0.219366 0.219713 0.220778 0.222428 0.224288 0.225733 0.225949 0.224092 0.219600 0.219600 0.223218 0.223925 0.222677 0.220552 0.218418 0.216802 0.215890 0.215609 0.215732 0.215985 0.216143 0.216084 0.215806 0.215419 0.215097 0.215015 0.215288 0.215904 0.216690 0.217302 0.217256 0.216007 0.213061 0.208124 0.201266 0.193063 0.184694 0.177931 0.174953 0.177923 0.188200
0.189836 0.167362 0.162175 0.168852 0.180994 0.193257 0.202240 0.206600 0.206704 0.204030 0.200527 0.198027 0.197818 0.200399 0.205436 0.211892 0.218297 0.223103 0.225050 0.223499 0.218646 0.211587 0.204187 0.198745 0.197480 0.201869 0.211962 0.225788 0.239063 0.245446 0.237678 0.209980 0.220734 0.224497 0.224732 0.222876 0.220401 0.218421 0.217544 0.217889 0.219198 0.220990 0.222723 0.223928 0.224306 0.223780 0.222491 0.220760 0.219012 0.217686 0.217137 0.217556 0.218913 0.220942 0.223172 0.225011 0.225869 0.225324 0.223292 0.220177 0.216953 0.215115 0.216431 0.222392 0.225381 0.224703 0.224648 0.224915 0.225206 0.225316 0.225160 0.224770 0.224251 0.223750 0.223407 0.223328 0.223563 0.224102 0.224877 0.225784 0.226704 0.227529 0.228190 0.228670 0.229019 0.229342 0.229787 0.230503 0.231601 0.233097 0.234867 0.236606 0.237826 0.237901 0.236184 0.232240 0.226086 0.225537 0.226826 0.229327 0.232323 0.235183 0.237446 0.238862 0.239371 0.239070 0.238163 0.236907 0.235562 0.234354 0.233445 0.232918 0.232780 0.232964 0.233357 0.233815 0.234199 0.234394 0.234333 0.234009 0.233478 0.232849 0.232266 0.231878 0.231797 0.232070 0.232635 0.233318 0.231337 0.222950 0.220489 0.222426 0.226708 0.231442 0.235239 0.237331 0.237530 0.236096 0.233569 0.230600 0.227799 0.225633 0.224365 0.224037 0.224506 0.225496 0.226681 0.227768 0.228561 0.229013 0.229234 0.229463 0.229995 0.231075 0.232768 0.234841 0.236675 0.237278 0.235440 0.230130 0.227504 0.220276 0.217913 0.218985 0.221741 0.224673 0.226783 0.227629 0.227249 0.226006 0.224421 0.223013 0.222179 0.222119 0.222810 0.224036 0.225442 0.226631 0.227249 0.227080 0.226105 0.224531 0.222771 0.221366 0.220873 0.221701 0.223940 0.227207 0.230556 0.232514 0.231325 0.225494 0.223530 0.221660 0.222072 0.223906 0.226190 0.228120 0.229173 0.229137 0.228071 0.226224 0.223949 0.221621 0.219565 0.218008 0.217059 0.216706 0.216838 0.217280 0.217836 0.218332 0.218659 0.218788 0.218785 0.218793 0.218993 0.219552 0.220552 0.221924 0.223396 0.224481 0.224536 0.222929 0.216159 0.206221 0.207141 0.214580 0.223876 0.231365 0.234917 0.233967 0.229217 0.222180 0.214690 0.208457 0.204732 0.204101 0.206434 0.210952 0.216421 0.221401 0.224534 0.224820 0.221829 0.215821 0.207741 0.199074 0.191563 0.186814 0.185829 0.188558 0.193573 0.198003 0.197940 0.189535
0.191201 0.164499 0.158531 0.166410 0.180225 0.193526 0.202363 0.205379 0.203316 0.198246 0.192741 0.189134 0.188993 0.192828 0.200058 0.209202 0.218246 0.225104 0.228111 0.226434 0.220356 0.211341 0.201853 0.194916 0.193417 0.199264 0.212475 0.230420 0.247455 0.255276 0.244423 0.207435 0.222121 0.224186 0.223596 0.221710 0.219773 0.218631 0.218650 0.219767 0.221614 0.223668 0.225399 0.226389 0.226411 0.225462 0.223748 0.221640 0.219590 0.218042 0.217343 0.217661 0.218941 0.220895 0.223039 0.224776 0.225528 0.224889 0.222793 0.219657 0.216454 0.214664 0.216022 0.221989 0.228163 0.224510 0.222870 0.222752 0.223465 0.224376 0.225049 0.225275 0.225047 0.224503 0.223856 0.223328 0.223097 0.223267 0.223848 0.224772 0.225912 0.227114 0.228236 0.229181 0.229925 0.230519 0.231086 0.231787 0.232768 0.234104 0.235726 0.237365 0.238527 0.238526 0.236610 0.232222 0.226572 0.222616 0.223049 0.226567 0.231559 0.236578 0.240581 0.243004 0.243726 0.242971 0.241182 0.238890 0.236603 0.234724 0.233494 0.232987 0.233114 0.233674 0.234403 0.235040 0.235384 0.235337 0.234929 0.234306 0.233698 0.233354 0.233456 0.234034 0.234883 0.235539 0.235327 0.233547 0.231159 0.222272 0.219826 0.222070 0.226733 0.231765 0.235703 0.237777 0.237849 0.236255 0.233611 0.230615 0.227899 0.225909 0.224855 0.224711 0.225257 0.226161 0.227071 0.227710 0.227948 0.227851 0.227668 0.227783 0.228610 0.230443 0.233300 0.236762 0.239894 0.241269 0.239208 0.232321 0.228268 0.220125 0.217107 0.217848 0.220590 0.223768 0.226296 0.227632 0.227720 0.226844 0.225476 0.224112 0.223159 0.222849 0.223215 0.224103 0.225225 0.226236 0.226822 0.226781 0.226082 0.224894 0.223567 0.222570 0.222381 0.223343 0.225505 0.228480 0.231366 0.232782 0.231099 0.224956 0.221765 0.220431 0.221703 0.224458 0.227499 0.229871 0.230992 0.230665 0.229026 0.226437 0.223377 0.220337 0.217731 0.215844 0.214799 0.214563 0.214977 0.215794 0.216745 0.217590 0.218168 0.218430 0.218450 0.218404 0.218532 0.219060 0.220125 0.221681 0.223436 0.224832 0.225103 0.223473 0.215732 0.201354 0.201961 0.211614 0.223948 0.233976 0.238832 0.237781 0.231795 0.222921 0.213599 0.206056 0.201864 0.201676 0.205178 0.211220 0.218085 0.223861 0.226840 0.225882 0.220694 0.211949 0.201235 0.190796 0.183083 0.180145 0.182959 0.190798 0.200817 0.208085 0.206351 0.189882
0.192049 0.167966 0.162542 0.169498 0.181653 0.193170 0.200503 0.202473 0.199823 0.194506 0.188933 0.185293 0.185070 0.188764 0.195864 0.205011 0.214329 0.221851 0.225957 0.225773 0.221424 0.214119 0.205997 0.199745 0.197988 0.202528 0.213536 0.228849 0.243625 0.250624 0.241511 0.209614 0.223182 0.222943 0.221675 0.220228 0.219245 0.219069 0.219744 0.221082 0.222751 0.224370 0.225599 0.226198 0.226068 0.225259 0.223951 0.222416 0.220966 0.219891 0.219407 0.219607 0.220438 0.221697 0.223063 0.224150 0.224592 0.224139 0.222763 0.220741 0.218698 0.217571 0.218453 0.222265 0.228682 0.224664 0.222615 0.222200 0.222822 0.223874 0.224883 0.225561 0.225803 0.225652 0.225250 0.224780 0.224420 0.224306 0.224514 0.225051 0.225866 0.226867 0.227943 0.228994 0.229950 0.230785 0.231521 0.232215 0.232938 0.233738 0.234595 0.235393 0.235885 0.235712 0.234462 0.231816 0.228283 0.222844 0.222475 0.225688 0.230634 0.235668 0.239624 0.241901 0.242405 0.241428 0.239492 0.237192 0.235068 0.233514 0.232724 0.232693 0.233243 0.234087 0.234896 0.235387 0.235384 0.234862 0.233965 0.232972 0.232240 0.232097 0.232728 0.234049 0.235621 0.236634 0.236022 0.232778 0.231084 0.224502 0.223089 0.225307 0.229258 0.233288 0.236266 0.237651 0.237415 0.235906 0.233665 0.231274 0.229220 0.227816 0.227165 0.227172 0.227599 0.228138 0.228502 0.228502 0.228112 0.227490 0.226965 0.226966 0.227912 0.230070 0.233387 0.237362 0.240964 0.242688 0.240811 0.233945 0.229480 0.222300 0.219456 0.219894 0.222184 0.225009 0.227410 0.228865 0.229244 0.228720 0.227636 0.226390 0.225335 0.224706 0.224591 0.224931 0.225554 0.226227 0.226717 0.226855 0.226580 0.225969 0.225230 0.224661 0.224581 0.225230 0.226653 0.228603 0.230474 0.231319 0.230007 0.225573 0.221776 0.220694 0.222109 0.224832 0.227663 0.229692 0.230417 0.229733 0.227860 0.225221 0.222323 0.219646 0.217562 0.216283 0.215845 0.216127 0.216892 0.217843 0.218696 0.219233 0.219358 0.219113 0.218683 0.218350 0.218429 0.219172 0.220661 0.222711 0.224804 0.226099 0.225557 0.222249 0.217068 0.205074 0.205217 0.212635 0.222162 0.229802 0.233311 0.232183 0.227283 0.220306 0.213219 0.207764 0.205100 0.205617 0.208906 0.213896 0.219095 0.222916 0.224009 0.221569 0.215545 0.206726 0.196663 0.187414 0.181130 0.179512 0.183222 0.191338 0.201036 0.207664 0.205492 0.189431
0.192283 0.174841 0.170737 0.175534 0.184106 0.192251 0.197384 0.198615 0.196449 0.192290 0.187907 0.184945 0.184570 0.187256 0.192740 0.200123 0.208087 0.215184 0.220151 0.222187 0.221159 0.217680 0.213041 0.208977 0.207277 0.209290 0.215368 0.224392 0.233488 0.238163 0.233086 0.213833 0.223568 0.221360 0.219797 0.219067 0.219126 0.219793 0.220828 0.221989 0.223066 0.223908 0.224428 0.224604 0.224472 0.224109 0.223615 0.223099 0.222660 0.222374 0.222280 0.222379 0.222636 0.222980 0.223322 0.223569 0.223642 0.223498 0.223149 0.222671 0.222212 0.221977 0.222194 0.223057 0.227955 0.225109 0.223383 0.222767 0.223020 0.223816 0.224830 0.225800 0.226550 0.226996 0.227135 0.227028 0.226775 0.226494 0.226300 0.226285 0.226507 0.226984 0.227696 0.228585 0.229567 0.230543 0.231415 0.232098 0.232535 0.232703 0.232625 0.232360 0.232005 0.231671 0.231466 0.231458 0.230473 0.225095 0.224180 0.226392 0.230087 0.233837 0.236667 0.238117 0.238178 0.237164 0.235563 0.233894 0.232587 0.231914 0.231949 0.232582 0.233559 0.234552 0.235236 0.235368 0.234849 0.233754 0.232336 0.230978 0.230111 0.230097 0.231092 0.232923 0.234998 0.236315 0.235613 0.231758 0.231244 0.228225 0.228249 0.230217 0.232904 0.235316 0.236838 0.237249 0.236650 0.235351 0.233749 0.232221 0.231048 0.230364 0.230153 0.230273 0.230504 0.230611 0.230410 0.229827 0.228930 0.227941 0.227201 0.227110 0.228023 0.230127 0.233319 0.237094 0.240505 0.242224 0.240773 0.235002 0.230835 0.225517 0.223330 0.223574 0.225250 0.227405 0.229316 0.230554 0.230974 0.230651 0.229806 0.228720 0.227662 0.226842 0.226374 0.226273 0.226466 0.226821 0.227186 0.227426 0.227456 0.227270 0.226941 0.226611 0.226453 0.226620 0.227183 0.228063 0.228990 0.229494 0.228972 0.226861 0.222871 0.221821 0.222930 0.225080 0.227204 0.228544 0.228736 0.227785 0.225969 0.223720 0.221505 0.219723 0.218634 0.218328 0.218721 0.219593 0.220639 0.221541 0.222037 0.221979 0.221375 0.220400 0.219368 0.218672 0.218691 0.219672 0.221604 0.224117 0.226429 0.227399 0.225723 0.220373 0.218902 0.212965 0.212794 0.215953 0.219940 0.222899 0.223873 0.222760 0.220099 0.216784 0.213767 0.211814 0.211347 0.212362 0.214451 0.216895 0.218819 0.219376 0.217931 0.214216 0.208432 0.201263 0.193802 0.187377 0.183285 0.182465 0.185153 0.190580 0.196811 0.200848 0.199120 0.188582
0.191937 0.182456 0.179936 0.182200 0.186620 0.190966 0.193799 0.194549 0.193391 0.191021 0.188383 0.186429 0.185910 0.187249 0.190486 0.195298 0.201078 0.207061 0.212472 0.216670 0.219274 0.220235 0.219849 0.218707 0.217560 0.217134 0.217900 0.219852 0.222340 0.224035 0.223137 0.217929 0.223210 0.219930 0.218517 0.218579 0.219513 0.220750 0.221872 0.222647 0.223018 0.223058 0.222912 0.222743 0.222690 0.222834 0.223186 0.223694 0.224256 0.224747 0.225053 0.225097 0.224861 0.224402 0.223842 0.223352 0.223111 0.223259 0.223839 0.224749 0.225708 0.226271 0.225899 0.224143 0.226905 0.225767 0.224666 0.223938 0.223757 0.224144 0.224994 0.226120 0.227305 0.228347 0.229091 0.229456 0.229439 0.229110 0.228598 0.228062 0.227663 0.227534 0.227752 0.228323 0.229175 0.230164 0.231092 0.231750 0.231958 0.231621 0.230777 0.229634 0.228587 0.228173 0.228982 0.231449 0.232536 0.228209 0.227098 0.228171 0.230213 0.232211 0.233531 0.233935 0.233516 0.232582 0.231531 0.230735 0.230460 0.230808 0.231715 0.232969 0.234264 0.235268 0.235697 0.235382 0.234318 0.232679 0.230806 0.229148 0.228169 0.228227 0.229442 0.231575 0.233957 0.235512 0.234935 0.231085 0.231691 0.232165 0.233508 0.235113 0.236461 0.237229 0.237316 0.236803 0.235893 0.234837 0.233872 0.233168 0.232802 0.232749 0.232901 0.233091 0.233142 0.232904 0.232299 0.231348 0.230188 0.229056 0.228260 0.228118 0.228885 0.230664 0.233320 0.236415 0.239198 0.240659 0.239719 0.235572 0.232108 0.228727 0.227352 0.227541 0.228655 0.230075 0.231324 0.232108 0.232320 0.231999 0.231286 0.230371 0.229447 0.228670 0.228140 0.227890 0.227890 0.228060 0.228294 0.228485 0.228547 0.228437 0.228163 0.227788 0.227414 0.227161 0.227129 0.227362 0.227812 0.228318 0.228607 0.228354 0.224377 0.223242 0.223862 0.225276 0.226605 0.227268 0.227038 0.225997 0.224444 0.222776 0.221383 0.220556 0.220440 0.221007 0.222079 0.223366 0.224532 0.225266 0.225350 0.224712 0.223456 0.221858 0.220328 0.219327 0.219262 0.220354 0.222510 0.225222 0.227532 0.228113 0.225526 0.218725 0.220334 0.221194 0.221004 0.219934 0.218324 0.216577 0.215068 0.214086 0.213787 0.214185 0.215159 0.216471 0.217806 0.218821 0.219185 0.218633 0.217001 0.214259 0.210521 0.206042 0.201198 0.196445 0.192260 0.189073 0.187190 0.186718 0.187508 0.189118 0.190834 0.191748 0.190933 0.187741
0.191145 0.188861 0.187801 0.187823 0.188556 0.189560 0.190433 0.190891 0.190807 0.190220 0.189313 0.188379 0.187773 0.187849 0.188905 0.191136 0.194589 0.199148 0.204524 0.210281 0.215875 0.220720 0.224266 0.226090 0.225992 0.224075 0.220803 0.217015 0.213867 0.212690 0.214709 0.220615 0.222287 0.218984 0.218084 0.218831 0.220320 0.221804 0.222812 0.223171 0.222955 0.222397 0.221792 0.221416 0.221460 0.221994 0.222962 0.224196 0.225461 0.226505 0.227114 0.227162 0.226649 0.225711 0.224604 0.223663 0.223230 0.223555 0.224705 0.226466 0.228297 0.229355 0.228635 0.225293 0.226173 0.226554 0.226067 0.225299 0.224762 0.224770 0.225413 0.226588 0.228065 0.229561 0.230806 0.231602 0.231853 0.231576 0.230891 0.229995 0.229115 0.228467 0.228213 0.228417 0.229037 0.229915 0.230807 0.231427 0.231515 0.230920 0.229675 0.228070 0.226674 0.226290 0.227813 0.231919 0.234096 0.231248 0.230273 0.230463 0.231053 0.231474 0.231438 0.230928 0.230128 0.229327 0.228821 0.228831 0.229459 0.230655 0.232235 0.233914 0.235360 0.236262 0.236390 0.235654 0.234131 0.232075 0.229881 0.228028 0.226982 0.227076 0.228395 0.230662 0.233191 0.234919 0.234586 0.231121 0.232407 0.235412 0.237619 0.238832 0.239093 0.238598 0.237623 0.236460 0.235366 0.234529 0.234050 0.233937 0.234123 0.234478 0.234843 0.235059 0.234996 0.234582 0.233819 0.232787 0.231644 0.230603 0.229902 0.229759 0.230323 0.231622 0.233523 0.235698 0.237636 0.238696 0.238223 0.235766 0.233183 0.231273 0.230617 0.230874 0.231602 0.232400 0.232982 0.233198 0.233022 0.232522 0.231826 0.231078 0.230410 0.229919 0.229645 0.229581 0.229668 0.229818 0.229930 0.229912 0.229703 0.229284 0.228690 0.228006 0.227355 0.226879 0.226704 0.226906 0.227479 0.228305 0.229150 0.229693 0.225787 0.224553 0.224717 0.225499 0.226214 0.226432 0.226018 0.225085 0.223907 0.222817 0.222114 0.221995 0.222514 0.223575 0.224956 0.226353 0.227442 0.227947 0.227700 0.226687 0.225064 0.223151 0.221380 0.220216 0.220048 0.221061 0.223119 0.225671 0.227729 0.227968 0.224985 0.217819 0.220951 0.227182 0.227260 0.223318 0.217822 0.212845 0.209718 0.208973 0.210439 0.213451 0.217078 0.220358 0.222478 0.222904 0.221445 0.218247 0.213744 0.208548 0.203340 0.198733 0.195167 0.192828 0.191622 0.191197 0.191034 0.190586 0.189449 0.187550 0.185289 0.183591 0.183783 0.187208
0.190100 0.192980 0.193013 0.191486 0.189627 0.188272 0.187771 0.188061 0.188806 0.189578 0.190005 0.189894 0.189282 0.188447 0.187844 0.188021 0.189495 0.192631 0.197533 0.203972 0.211367 0.218826 0.225263 0.229575 0.230879 0.228773 0.223587 0.216560 0.209885 0.206513 0.209603 0.221486 0.221129 0.218678 0.218478 0.219676 0.221351 0.222785 0.223572 0.223619 0.223077 0.222243 0.221460 0.221029 0.221142 0.221853 0.223071 0.224591 0.226133 0.227409 0.228176 0.228297 0.227775 0.226765 0.225554 0.224518 0.224032 0.224377 0.225625 0.227545 0.229548 0.230713 0.229946 0.226318 0.226072 0.227402 0.227335 0.226583 0.225843 0.225598 0.226064 0.227206 0.228805 0.230543 0.232095 0.233193 0.233679 0.233523 0.232825 0.231780 0.230640 0.229662 0.229052 0.228922 0.229266 0.229948 0.230726 0.231302 0.231391 0.230812 0.229580 0.227986 0.226628 0.226373 0.228196 0.232849 0.235016 0.233602 0.233005 0.232759 0.232452 0.231852 0.230939 0.229857 0.228851 0.228186 0.228075 0.228627 0.229822 0.231511 0.233436 0.235276 0.236700 0.237428 0.237284 0.236237 0.234422 0.232134 0.229790 0.227867 0.226808 0.226917 0.228250 0.230525 0.233080 0.234918 0.234876 0.231977 0.233331 0.237489 0.239958 0.240810 0.240408 0.239227 0.237730 0.236295 0.235178 0.234509 0.234300 0.234471 0.234884 0.235375 0.235783 0.235978 0.235882 0.235476 0.234801 0.233956 0.233077 0.232321 0.231837 0.231742 0.232095 0.232876 0.233977 0.235196 0.236263 0.236870 0.236737 0.235707 0.234044 0.232904 0.232732 0.233130 0.233678 0.234057 0.234091 0.233749 0.233111 0.232325 0.231559 0.230963 0.230632 0.230597 0.230817 0.231194 0.231588 0.231852 0.231854 0.231509 0.230800 0.229787 0.228606 0.227451 0.226543 0.226087 0.226219 0.226956 0.228155 0.229495 0.230508 0.230672 0.226811 0.225554 0.225423 0.225820 0.226218 0.226293 0.225949 0.225283 0.224506 0.223870 0.223590 0.223796 0.224496 0.225583 0.226850 0.228033 0.228864 0.229122 0.228687 0.227571 0.225934 0.224070 0.222360 0.221208 0.220940 0.221703 0.223359 0.225415 0.227012 0.227005 0.224203 0.217808 0.220781 0.229752 0.230250 0.225333 0.218437 0.212360 0.208816 0.208377 0.210666 0.214663 0.219068 0.222612 0.224319 0.223659 0.220606 0.215599 0.209427 0.203055 0.197433 0.193304 0.191053 0.190626 0.191522 0.192892 0.193726 0.193121 0.190589 0.186360 0.181586 0.178355 0.179371 0.187137
0.189014 0.194540 0.195205 0.192967 0.189836 0.187291 0.186078 0.186268 0.187446 0.188956 0.190144 0.190547 0.190012 0.188731 0.187202 0.186120 0.186230 0.188161 0.192262 0.198487 0.206333 0.214864 0.222820 0.228820 0.231648 0.230580 0.225714 0.218236 0.210525 0.205976 0.208403 0.220836 0.220112 0.219019 0.219499 0.220852 0.222371 0.223539 0.224091 0.224005 0.223443 0.222673 0.221986 0.221631 0.221760 0.222411 0.223506 0.224869 0.226267 0.227460 0.228245 0.228502 0.228222 0.227521 0.226620 0.225813 0.225398 0.225604 0.226503 0.227930 0.229446 0.230351 0.229806 0.227087 0.226630 0.228260 0.228372 0.227675 0.226886 0.226535 0.226880 0.227927 0.229485 0.231251 0.232897 0.234138 0.234791 0.234796 0.234218 0.233226 0.232056 0.230959 0.230153 0.229774 0.229854 0.230303 0.230926 0.231463 0.231655 0.231321 0.230446 0.229256 0.228253 0.228186 0.229913 0.234106 0.235348 0.235005 0.234896 0.234680 0.234132 0.233202 0.232005 0.230764 0.229743 0.229185 0.229255 0.230005 0.231360 0.233133 0.235049 0.236790 0.238050 0.238582 0.238249 0.237053 0.235150 0.232839 0.230525 0.228656 0.227640 0.227751 0.229031 0.231218 0.233708 0.235597 0.235840 0.233554 0.234376 0.238315 0.240472 0.241023 0.240407 0.239133 0.237658 0.236326 0.235344 0.234792 0.234646 0.234809 0.235150 0.235528 0.235825 0.235960 0.235894 0.235639 0.235241 0.234775 0.234326 0.233975 0.233782 0.233778 0.233955 0.234272 0.234662 0.235045 0.235346 0.235519 0.235559 0.235507 0.234749 0.233702 0.233730 0.234276 0.234815 0.234990 0.234660 0.233874 0.232817 0.231735 0.230871 0.230406 0.230424 0.230900 0.231703 0.232625 0.233424 0.233863 0.233765 0.233047 0.231748 0.230034 0.228182 0.226541 0.225467 0.225244 0.225997 0.227614 0.229699 0.231570 0.232358 0.231225 0.227360 0.226214 0.226002 0.226282 0.226650 0.226841 0.226756 0.226438 0.226019 0.225665 0.225524 0.225685 0.226158 0.226867 0.227671 0.228389 0.228833 0.228853 0.228368 0.227393 0.226045 0.224539 0.223151 0.222170 0.221833 0.222241 0.223296 0.224639 0.225648 0.225498 0.223328 0.218565 0.220152 0.228935 0.229810 0.225687 0.219783 0.214665 0.211838 0.211726 0.213871 0.217255 0.220640 0.222883 0.223165 0.221132 0.216924 0.211118 0.204594 0.198351 0.193307 0.190112 0.189009 0.189763 0.191686 0.193763 0.194865 0.194055 0.190915 0.185858 0.180329 0.176779 0.178272 0.187542
0.188083 0.193891 0.194746 0.192574 0.189396 0.186738 0.185408 0.185532 0.186728 0.188350 0.189718 0.190316 0.189920 0.188646 0.186924 0.185409 0.184844 0.185901 0.189023 0.194302 0.201401 0.209556 0.217659 0.224425 0.228639 0.229456 0.226707 0.221166 0.214683 0.210081 0.210694 0.219373 0.219558 0.219902 0.220864 0.222071 0.223184 0.223973 0.224342 0.224317 0.224009 0.223580 0.223199 0.223006 0.223093 0.223490 0.224164 0.225029 0.225965 0.226841 0.227540 0.227979 0.228127 0.228012 0.227718 0.227371 0.227110 0.227058 0.227276 0.227735 0.228283 0.228657 0.228515 0.227547 0.227667 0.229101 0.229201 0.228575 0.227852 0.227502 0.227768 0.228673 0.230063 0.231684 0.233247 0.234493 0.235242 0.235416 0.235047 0.234259 0.233241 0.232209 0.231360 0.230841 0.230713 0.230943 0.231408 0.231922 0.232282 0.232330 0.232014 0.231457 0.230985 0.231114 0.232454 0.235500 0.235273 0.235480 0.235834 0.236002 0.235781 0.235142 0.234200 0.233168 0.232295 0.231805 0.231847 0.232472 0.233615 0.235110 0.236718 0.238159 0.239164 0.239522 0.239113 0.237945 0.236162 0.234030 0.231911 0.230207 0.229281 0.229383 0.230559 0.232584 0.234934 0.236819 0.237312 0.235612 0.235453 0.238110 0.239528 0.239849 0.239388 0.238495 0.237471 0.236534 0.235810 0.235342 0.235109 0.235055 0.235107 0.235198 0.235278 0.235318 0.235316 0.235288 0.235261 0.235260 0.235304 0.235395 0.235515 0.235629 0.235691 0.235661 0.235517 0.235274 0.234995 0.234799 0.234840 0.235266 0.235392 0.233960 0.233929 0.234566 0.235183 0.235329 0.234838 0.233795 0.232461 0.231169 0.230236 0.229882 0.230195 0.231107 0.232413 0.233812 0.234963 0.235555 0.235364 0.234311 0.232490 0.230171 0.227769 0.225778 0.224679 0.224820 0.226295 0.228838 0.231766 0.234009 0.234273 0.231408 0.227501 0.226623 0.226530 0.226905 0.227432 0.227881 0.228128 0.228151 0.228001 0.227766 0.227545 0.227409 0.227393 0.227486 0.227635 0.227757 0.227761 0.227567 0.227127 0.226440 0.225560 0.224593 0.223684 0.222987 0.222631 0.222678 0.223081 0.223652 0.224057 0.223843 0.222531 0.219791 0.219529 0.225604 0.226607 0.224470 0.221266 0.218579 0.217260 0.217442 0.218700 0.220285 0.221371 0.221257 0.219523 0.216097 0.211264 0.205595 0.199835 0.194757 0.191012 0.188995 0.188754 0.189956 0.191931 0.193784 0.194590 0.193632 0.190669 0.186167 0.181439 0.178589 0.180159 0.188330
0.187457 0.191769 0.192473 0.190938 0.188626 0.186660 0.185652 0.185720 0.186605 0.187841 0.188923 0.189451 0.189228 0.188307 0.186979 0.185717 0.185086 0.185628 0.187751 0.191626 0.197126 0.203803 0.210926 0.217578 0.222810 0.225833 0.226239 0.224194 0.220571 0.216949 0.215395 0.217926 0.219658 0.221150 0.222289 0.223108 0.223677 0.224071 0.224347 0.224541 0.224672 0.224750 0.224784 0.224789 0.224789 0.224814 0.224901 0.225086 0.225394 0.225835 0.226397 0.227043 0.227709 0.228314 0.228767 0.228987 0.228915 0.228542 0.227920 0.227181 0.226532 0.226237 0.226567 0.227715 0.228906 0.229920 0.229917 0.229366 0.228751 0.228442 0.228634 0.229357 0.230502 0.231875 0.233249 0.234410 0.235200 0.235535 0.235411 0.234904 0.234144 0.233297 0.232526 0.231971 0.231716 0.231783 0.232125 0.232639 0.233188 0.233643 0.233923 0.234035 0.234108 0.234389 0.235202 0.236830 0.235023 0.235257 0.235939 0.236664 0.237130 0.237196 0.236879 0.236314 0.235699 0.235240 0.235100 0.235366 0.236033 0.237004 0.238108 0.239129 0.239850 0.240084 0.239720 0.238744 0.237259 0.235474 0.233686 0.232234 0.231436 0.231519 0.232544 0.234343 0.236489 0.238312 0.239006 0.237844 0.236485 0.237276 0.237739 0.237897 0.237820 0.237587 0.237261 0.236887 0.236492 0.236094 0.235703 0.235332 0.234998 0.234724 0.234537 0.234463 0.234522 0.234725 0.235061 0.235503 0.236003 0.236493 0.236897 0.237140 0.237161 0.236930 0.236464 0.235839 0.235192 0.234713 0.234611 0.235062 0.236074 0.234055 0.233779 0.234396 0.235089 0.235307 0.234834 0.233753 0.232353 0.231011 0.230085 0.229824 0.230319 0.231482 0.233066 0.234719 0.236046 0.236690 0.236410 0.235134 0.233001 0.230351 0.227690 0.225604 0.224643 0.225178 0.227257 0.230477 0.233929 0.236248 0.235839 0.231349 0.227395 0.226931 0.227097 0.227673 0.228418 0.229127 0.229657 0.229933 0.229939 0.229706 0.229292 0.228768 0.228200 0.227640 0.227122 0.226660 0.226248 0.225870 0.225504 0.225132 0.224744 0.224342 0.223944 0.223574 0.223264 0.223034 0.222886 0.222790 0.222679 0.222446 0.221968 0.221138 0.219342 0.221048 0.221772 0.222029 0.222246 0.222626 0.223131 0.223533 0.223509 0.222736 0.220976 0.218137 0.214303 0.209723 0.204784 0.199946 0.195675 0.192363 0.190264 0.189441 0.189742 0.190815 0.192153 0.193181 0.193374 0.192391 0.190211 0.187240 0.184353 0.182830 0.184114 0.189342
0.187227 0.189054 0.189405 0.188809 0.187861 0.187030 0.186588 0.186604 0.186985 0.187541 0.188053 0.188337 0.188290 0.187918 0.187341 0.186779 0.186516 0.186863 0.188099 0.190422 0.193908 0.198476 0.203877 0.209703 0.215423 0.220443 0.224190 0.226205 0.226249 0.224397 0.221098 0.217192 0.220424 0.222558 0.223557 0.223841 0.223849 0.223907 0.224179 0.224679 0.225313 0.225934 0.226392 0.226583 0.226471 0.226100 0.225581 0.225074 0.224749 0.224756 0.225182 0.226031 0.227206 0.228515 0.229697 0.230467 0.230576 0.229886 0.228444 0.226537 0.224717 0.223758 0.224518 0.227673 0.230058 0.230730 0.230648 0.230160 0.229622 0.229315 0.229397 0.229906 0.230778 0.231877 0.233036 0.234088 0.234896 0.235371 0.235483 0.235263 0.234787 0.234171 0.233545 0.233035 0.232741 0.232726 0.233004 0.233540 0.234256 0.235048 0.235808 0.236452 0.236938 0.237289 0.237586 0.237934 0.234822 0.234677 0.235490 0.236754 0.238006 0.238931 0.239389 0.239398 0.239086 0.238639 0.238243 0.238043 0.238116 0.238457 0.238983 0.239556 0.240011 0.240188 0.239970 0.239312 0.238255 0.236937 0.235576 0.234438 0.233791 0.233842 0.234676 0.236191 0.238067 0.239766 0.240608 0.239943 0.237424 0.236275 0.235788 0.235839 0.236220 0.236714 0.237135 0.237351 0.237300 0.236977 0.236433 0.235756 0.235051 0.234430 0.233987 0.233794 0.233886 0.234259 0.234871 0.235646 0.236483 0.237268 0.237890 0.238254 0.238299 0.238011 0.237431 0.236656 0.235837 0.235160 0.234816 0.234955 0.236870 0.234331 0.233718 0.234180 0.234865 0.235176 0.234854 0.233945 0.232712 0.231515 0.230700 0.230514 0.231043 0.232203 0.233751 0.235338 0.236579 0.237130 0.236763 0.235429 0.233285 0.230691 0.228166 0.226301 0.225631 0.226497 0.228886 0.232317 0.235784 0.237819 0.236750 0.231214 0.227234 0.227284 0.227770 0.228545 0.229439 0.230289 0.230955 0.231339 0.231389 0.231097 0.230495 0.229649 0.228646 0.227583 0.226554 0.225640 0.224902 0.224371 0.224049 0.223908 0.223894 0.223937 0.223959 0.223893 0.223688 0.223331 0.222851 0.222325 0.221873 0.221639 0.221760 0.222304 0.219865 0.216574 0.216539 0.218830 0.222193 0.225425 0.227590 0.228116 0.226797 0.223755 0.219351 0.214097 0.208555 0.203260 0.198648 0.195016 0.192500 0.191078 0.190591 0.190779 0.191330 0.191929 0.192310 0.192295 0.191825 0.190965 0.189900 0.188896 0.188253 0.188229 0.188964 0.190398
0.187416 0.186570 0.186504 0.186882 0.187377 0.187765 0.187942 0.187911 0.187745 0.187544 0.187399 0.187371 0.187476 0.187692 0.187976 0.188288 0.188616 0.189002 0.189556 0.190458 0.191941 0.194257 0.197621 0.202145 0.207761 0.214144 0.220664 0.226375 0.230069 0.230441 0.226399 0.217558 0.221687 0.223922 0.224544 0.224272 0.223804 0.223626 0.223955 0.224760 0.225841 0.226918 0.227718 0.228047 0.227828 0.227122 0.226106 0.225041 0.224215 0.223884 0.224214 0.225235 0.226822 0.228695 0.230456 0.231660 0.231909 0.230969 0.228880 0.226054 0.223308 0.221811 0.222875 0.227547 0.230906 0.231552 0.231512 0.231064 0.230511 0.230105 0.230004 0.230273 0.230886 0.231753 0.232746 0.233724 0.234560 0.235159 0.235467 0.235483 0.235248 0.234843 0.234374 0.233956 0.233699 0.233687 0.233967 0.234544 0.235371 0.236359 0.237382 0.238298 0.238971 0.239290 0.239199 0.238711 0.234837 0.234103 0.234842 0.236467 0.238365 0.240047 0.241214 0.241760 0.241737 0.241304 0.240665 0.240020 0.239526 0.239269 0.239257 0.239428 0.239671 0.239853 0.239850 0.239579 0.239021 0.238235 0.237352 0.236564 0.236080 0.236089 0.236695 0.237870 0.239407 0.240914 0.241854 0.241665 0.238256 0.235530 0.234288 0.234272 0.235047 0.236150 0.237194 0.237908 0.238156 0.237923 0.237290 0.236403 0.235436 0.234561 0.233925 0.233625 0.233707 0.234155 0.234904 0.235849 0.236860 0.237800 0.238547 0.239006 0.239124 0.238895 0.238365 0.237623 0.236786 0.235988 0.235355 0.234991 0.237811 0.235021 0.234067 0.234240 0.234787 0.235150 0.235052 0.234484 0.233627 0.232759 0.232159 0.232026 0.232437 0.233325 0.234499 0.235678 0.236554 0.236855 0.236411 0.235200 0.233373 0.231249 0.229273 0.227938 0.227677 0.228737 0.231050 0.234130 0.237036 0.238441 0.236866 0.231159 0.227193 0.227791 0.228576 0.229460 0.230349 0.231142 0.231744 0.232071 0.232068 0.231711 0.231015 0.230031 0.228843 0.227555 0.226282 0.225135 0.224205 0.223553 0.223201 0.223128 0.223270 0.223532 0.223796 0.223947 0.223892 0.223587 0.223057 0.222413 0.221847 0.221614 0.221974 0.223097 0.221136 0.213202 0.211954 0.215342 0.220789 0.225981 0.229274 0.229823 0.227520 0.222833 0.216588 0.209752 0.203241 0.197774 0.193791 0.191421 0.190510 0.190687 0.191465 0.192343 0.192914 0.192939 0.192394 0.191467 0.190503 0.189905 0.189996 0.190872 0.192272 0.193514 0.193570 0.191338
0.187981 0.184929 0.184503 0.185667 0.187346 0.188741 0.189435 0.189368 0.188742 0.187895 0.187179 0.186863 0.187075 0.187785 0.188824 0.189943 0.190879 0.191437 0.191560 0.191374 0.191202 0.191532 0.192936 0.195948 0.200905 0.207771 0.215977 0.224320 0.230969 0.233657 0.230138 0.219024 0.223119 0.225054 0.225223 0.224505 0.223721 0.223420 0.223818 0.224839 0.226210 0.227568 0.228567 0.228965 0.228669 0.227754 0.226440 0.225050 0.223938 0.223423 0.223713 0.224852 0.226694 0.228906 0.231012 0.232475 0.232813 0.231735 0.229279 0.225926 0.222643 0.220817 0.222014 0.227485 0.231348 0.232416 0.232585 0.232147 0.231453 0.230811 0.230439 0.230447 0.230848 0.231571 0.232497 0.233481 0.234386 0.235100 0.235553 0.235725 0.235645 0.235382 0.235037 0.234724 0.234552 0.234609 0.234948 0.235574 0.236440 0.237453 0.238479 0.239367 0.239964 0.240152 0.239869 0.239137 0.235153 0.233848 0.234353 0.236067 0.238294 0.240435 0.242074 0.243005 0.243212 0.242814 0.242019 0.241058 0.240143 0.239432 0.239006 0.238873 0.238973 0.239202 0.239435 0.239563 0.239511 0.239263 0.238869 0.238439 0.238124 0.238081 0.238432 0.239218 0.240351 0.241596 0.242581 0.242862 0.238998 0.235352 0.233670 0.233620 0.234629 0.236097 0.237520 0.238551 0.239012 0.238880 0.238252 0.237299 0.236230 0.235244 0.234509 0.234134 0.234166 0.234587 0.235323 0.236263 0.237274 0.238223 0.238996 0.239509 0.239718 0.239620 0.239246 0.238648 0.237890 0.237028 0.236114 0.235203 0.238880 0.236199 0.234968 0.234753 0.235028 0.235364 0.235506 0.235378 0.235043 0.234641 0.234328 0.234224 0.234382 0.234771 0.235285 0.235768 0.236045 0.235973 0.235468 0.234543 0.233320 0.232018 0.230931 0.230365 0.230572 0.231659 0.233507 0.235709 0.237550 0.238069 0.236238 0.231309 0.227391 0.228491 0.229492 0.230348 0.231045 0.231573 0.231910 0.232030 0.231905 0.231517 0.230867 0.229980 0.228908 0.227725 0.226520 0.225389 0.224419 0.223679 0.223208 0.223011 0.223052 0.223261 0.223540 0.223783 0.223893 0.223804 0.223509 0.223069 0.222629 0.222398 0.222615 0.223465 0.222942 0.211473 0.208679 0.211946 0.217982 0.223861 0.227547 0.228036 0.225268 0.219886 0.212952 0.205655 0.199069 0.193977 0.190776 0.189466 0.189703 0.190907 0.192410 0.193598 0.194042 0.193595 0.192419 0.190953 0.189802 0.189562 0.190609 0.192873 0.195673 0.197670 0.197048 0.192048
0.188829 0.184453 0.183798 0.185424 0.187813 0.189818 0.190829 0.190741 0.189830 0.188575 0.187490 0.186977 0.187244 0.188264 0.189804 0.191486 0.192887 0.193649 0.193583 0.192747 0.191476 0.190365 0.190182 0.191719 0.195594 0.202025 0.210606 0.220145 0.228624 0.233373 0.231575 0.221207 0.224287 0.225800 0.225641 0.224706 0.223809 0.223480 0.223910 0.224994 0.226435 0.227848 0.228878 0.229275 0.228950 0.227984 0.226610 0.225162 0.224009 0.223477 0.223780 0.224963 0.226874 0.229170 0.231359 0.232891 0.233269 0.232191 0.229694 0.226265 0.222889 0.220979 0.222134 0.227632 0.231410 0.233343 0.233886 0.233427 0.232464 0.231450 0.230721 0.230460 0.230707 0.231393 0.232371 0.233463 0.234497 0.235333 0.235887 0.236134 0.236111 0.235902 0.235619 0.235387 0.235313 0.235476 0.235903 0.236570 0.237402 0.238283 0.239081 0.239669 0.239964 0.239944 0.239668 0.239263 0.235769 0.234124 0.234324 0.235836 0.237995 0.240188 0.241962 0.243060 0.243408 0.243084 0.242268 0.241188 0.240073 0.239116 0.238450 0.238133 0.238155 0.238442 0.238887 0.239364 0.239764 0.240010 0.240075 0.239991 0.239842 0.239747 0.239831 0.240195 0.240870 0.241787 0.242761 0.243499 0.239698 0.235899 0.234141 0.234079 0.235123 0.236658 0.238166 0.239291 0.239851 0.239818 0.239285 0.238418 0.237417 0.236475 0.235749 0.235346 0.235308 0.235620 0.236218 0.237005 0.237869 0.238701 0.239407 0.239922 0.240209 0.240259 0.240075 0.239664 0.239023 0.238138 0.236993 0.235618 0.240010 0.237774 0.236370 0.235726 0.235635 0.235863 0.236214 0.236548 0.236788 0.236905 0.236903 0.236799 0.236614 0.236360 0.236042 0.235657 0.235206 0.234698 0.234159 0.233637 0.233202 0.232939 0.232935 0.233254 0.233917 0.234868 0.235954 0.236910 0.237367 0.236893 0.235086 0.231732 0.227878 0.229354 0.230448 0.231139 0.231489 0.231589 0.231516 0.231325 0.231042 0.230671 0.230204 0.229631 0.228949 0.228168 0.227314 0.226427 0.225559 0.224767 0.224104 0.223612 0.223316 0.223215 0.223286 0.223482 0.223737 0.223979 0.224141 0.224176 0.224073 0.223864 0.223630 0.223486 0.224850 0.211380 0.206913 0.208887 0.213985 0.219239 0.222572 0.222953 0.220304 0.215252 0.208836 0.202213 0.196406 0.192137 0.189733 0.189121 0.189899 0.191447 0.193083 0.194214 0.194467 0.193775 0.192400 0.190876 0.189881 0.190039 0.191684 0.194621 0.197958 0.200084 0.198906 0.192475
0.189828 0.185151 0.184431 0.186152 0.188702 0.190856 0.191950 0.191860 0.190873 0.189500 0.188297 0.187711 0.187981 0.189097 0.190815 0.192726 0.194353 0.195270 0.195211 0.194163 0.192410 0.190525 0.189297 0.189591 0.192157 0.197395 0.205124 0.214398 0.223428 0.229710 0.230452 0.223433 0.224733 0.226031 0.225872 0.225039 0.224247 0.223960 0.224345 0.225308 0.226581 0.227825 0.228726 0.229065 0.228766 0.227905 0.226695 0.225434 0.224453 0.224043 0.224392 0.225536 0.227334 0.229474 0.231512 0.232947 0.233333 0.232397 0.230169 0.227086 0.224031 0.222274 0.223248 0.228105 0.231235 0.234344 0.235374 0.234864 0.233534 0.232051 0.230908 0.230378 0.230531 0.231275 0.232414 0.233710 0.234937 0.235916 0.236548 0.236813 0.236770 0.236531 0.236241 0.236040 0.236041 0.236301 0.236812 0.237499 0.238237 0.238879 0.239294 0.239413 0.239265 0.239002 0.238881 0.239197 0.236617 0.235022 0.234951 0.236028 0.237736 0.239568 0.241124 0.242152 0.242549 0.242341 0.241655 0.240674 0.239602 0.238628 0.237903 0.237520 0.237507 0.237835 0.238420 0.239150 0.239897 0.240544 0.241004 0.241234 0.241246 0.241110 0.240940 0.240879 0.241066 0.241601 0.242501 0.243653 0.240423 0.237177 0.235672 0.235617 0.236510 0.237832 0.239144 0.240146 0.240682 0.240726 0.240350 0.239686 0.238895 0.238131 0.237519 0.237145 0.237045 0.237211 0.237599 0.238143 0.238764 0.239389 0.239955 0.240416 0.240739 0.240902 0.240878 0.240629 0.240098 0.239215 0.237926 0.236255 0.241105 0.239524 0.238061 0.237021 0.236543 0.236615 0.237114 0.237853 0.238617 0.239211 0.239481 0.239342 0.238780 0.237855 0.236683 0.235422 0.234249 0.233328 0.232792 0.232718 0.233117 0.233923 0.235004 0.236170 0.237205 0.237899 0.238082 0.237667 0.236684 0.235289 0.233759 0.232439 0.228634 0.230294 0.231347 0.231776 0.231704 0.231310 0.230773 0.230236 0.229792 0.229478 0.229284 0.229163 0.229046 0.228862 0.228549 0.228068 0.227413 0.226609 0.225718 0.224826 0.224032 0.223437 0.223126 0.223145 0.223492 0.224103 0.224844 0.225523 0.225906 0.225758 0.224908 0.223333 0.226291 0.212425 0.206409 0.206255 0.209231 0.212822 0.215223 0.215491 0.213471 0.209610 0.204703 0.199652 0.195261 0.192089 0.190381 0.190060 0.190783 0.192047 0.193304 0.194098 0.194163 0.193491 0.192348 0.191213 0.190661 0.191192 0.193025 0.195896 0.198924 0.200611 0.199073 0.192625
0.190833 0.186764 0.186127 0.187620 0.189847 0.191738 0.192705 0.192631 0.191759 0.190535 0.189451 0.188912 0.189145 0.190158 0.191747 0.193553 0.195145 0.196114 0.196182 0.195276 0.193586 0.191561 0.189870 0.189286 0.190541 0.194130 0.200112 0.207939 0.216356 0.223462 0.226983 0.224891 0.224053 0.225645 0.225969 0.225604 0.225125 0.224927 0.225180 0.225848 0.226751 0.227646 0.228298 0.228542 0.228319 0.227686 0.226804 0.225904 0.225238 0.225030 0.225426 0.226449 0.227987 0.229789 0.231504 0.232733 0.233120 0.232447 0.230733 0.228319 0.225903 0.224486 0.225206 0.228976 0.231047 0.235416 0.236953 0.236369 0.234634 0.232649 0.231080 0.230298 0.230400 0.231263 0.232634 0.234201 0.235673 0.236828 0.237545 0.237810 0.237708 0.237388 0.237030 0.236801 0.236820 0.237128 0.237679 0.238348 0.238958 0.239326 0.239325 0.238944 0.238337 0.237842 0.237932 0.239084 0.237584 0.236506 0.236305 0.236828 0.237807 0.238948 0.239992 0.240747 0.241107 0.241049 0.240624 0.239937 0.239125 0.238339 0.237713 0.237355 0.237329 0.237647 0.238272 0.239120 0.240072 0.240994 0.241754 0.242246 0.242413 0.242263 0.241883 0.241436 0.241148 0.241272 0.242023 0.243486 0.241249 0.239054 0.238040 0.238007 0.238618 0.239522 0.240427 0.241132 0.241532 0.241608 0.241404 0.241003 0.240507 0.240011 0.239595 0.239314 0.239191 0.239227 0.239402 0.239682 0.240030 0.240410 0.240789 0.241139 0.241432 0.241633 0.241691 0.241534 0.241073 0.240211 0.238885 0.237130 0.242057 0.241150 0.239726 0.238404 0.237612 0.237533 0.238116 0.239138 0.240279 0.241209 0.241651 0.241436 0.240527 0.239024 0.237139 0.235164 0.233419 0.232196 0.231709 0.232052 0.233175 0.234881 0.236844 0.238664 0.239928 0.240306 0.239635 0.238008 0.235815 0.233743 0.232661 0.233384 0.229589 0.231192 0.232084 0.232228 0.231768 0.230937 0.229990 0.229148 0.228567 0.228324 0.228415 0.228764 0.229245 0.229705 0.229993 0.229984 0.229601 0.228831 0.227730 0.226422 0.225084 0.223920 0.223133 0.222882 0.223244 0.224177 0.225494 0.226853 0.227784 0.227757 0.226301 0.223209 0.226667 0.213772 0.206580 0.204009 0.204289 0.205684 0.206868 0.207058 0.205997 0.203842 0.201008 0.198011 0.195333 0.193319 0.192135 0.191749 0.191972 0.192515 0.193066 0.193371 0.193296 0.192866 0.192272 0.191823 0.191871 0.192691 0.194348 0.196567 0.198657 0.199527 0.197862 0.192557
0.191711 0.188851 0.188397 0.189449 0.191030 0.192382 0.193082 0.193036 0.192411 0.191522 0.190726 0.190324 0.190496 0.191264 0.192497 0.193940 0.195273 0.196175 0.196403 0.195852 0.194599 0.192920 0.191269 0.190223 0.190380 0.192244 0.196075 0.201763 0.208723 0.215879 0.221764 0.224811 0.221980 0.224560 0.225913 0.226381 0.226399 0.226330 0.226390 0.226648 0.227057 0.227499 0.227841 0.227979 0.227865 0.227526 0.227052 0.226583 0.226280 0.226287 0.226698 0.227532 0.228714 0.230078 0.231386 0.232366 0.232770 0.232443 0.231387 0.229826 0.228227 0.227271 0.227737 0.230259 0.231096 0.236536 0.238495 0.237828 0.235722 0.233284 0.231334 0.230333 0.230402 0.231399 0.233013 0.234869 0.236612 0.237976 0.238813 0.239108 0.238962 0.238553 0.238093 0.237776 0.237734 0.238006 0.238523 0.239127 0.239604 0.239744 0.239421 0.238661 0.237710 0.237041 0.237290 0.239074 0.238554 0.238438 0.238328 0.238320 0.238458 0.238730 0.239079 0.239426 0.239685 0.239791 0.239711 0.239450 0.239053 0.238598 0.238183 0.237910 0.237867 0.238112 0.238658 0.239471 0.240463 0.241507 0.242448 0.243135 0.243446 0.243327 0.242818 0.242078 0.241385 0.241106 0.241627 0.243221 0.242248 0.241311 0.240892 0.240895 0.241168 0.241561 0.241951 0.242254 0.242432 0.242477 0.242410 0.242263 0.242076 0.241883 0.241713 0.241584 0.241505 0.241478 0.241501 0.241570 0.241678 0.241823 0.241996 0.242187 0.242373 0.242513 0.242546 0.242391 0.241948 0.241127 0.239877 0.238250 0.242770 0.242350 0.241035 0.239613 0.238677 0.238520 0.239134 0.240278 0.241577 0.242629 0.243092 0.242758 0.241585 0.239703 0.237387 0.235008 0.232968 0.231627 0.231239 0.231895 0.233496 0.235755 0.238224 0.240373 0.241680 0.241755 0.240466 0.238039 0.235123 0.232751 0.232172 0.234481 0.230643 0.231930 0.232577 0.232494 0.231790 0.230699 0.229501 0.228463 0.227789 0.227595 0.227893 0.228601 0.229556 0.230549 0.231357 0.231780 0.231675 0.230984 0.229747 0.228108 0.226300 0.224615 0.223358 0.222793 0.223082 0.224220 0.225987 0.227929 0.229376 0.229529 0.227636 0.223283 0.225479 0.214451 0.206675 0.202015 0.199761 0.199043 0.199071 0.199253 0.199230 0.198852 0.198129 0.197167 0.196112 0.195104 0.194240 0.193567 0.193081 0.192742 0.192500 0.192311 0.192167 0.192098 0.192177 0.192495 0.193133 0.194113 0.195350 0.196607 0.197481 0.197425 0.195854 0.192361
0.192356 0.190896 0.190660 0.191204 0.192032 0.192752 0.193135 0.193122 0.192792 0.192310 0.191870 0.191646 0.191751 0.192217 0.192988 0.193933 0.194869 0.195598 0.195945 0.195797 0.195136 0.194063 0.192802 0.191686 0.191126 0.191557 0.193364 0.196800 0.201894 0.208379 0.215628 0.222654 0.218448 0.222706 0.225581 0.227188 0.227862 0.227980 0.227852 0.227686 0.227585 0.227570 0.227609 0.227651 0.227655 0.227607 0.227523 0.227454 0.227467 0.227634 0.228007 0.228605 0.229400 0.230312 0.231218 0.231969 0.232422 0.232475 0.232111 0.231432 0.230681 0.230228 0.230511 0.231899 0.231600 0.237663 0.239859 0.239119 0.236751 0.233993 0.231765 0.230593 0.230626 0.231714 0.233519 0.235623 0.237627 0.239222 0.240233 0.240627 0.240501 0.240043 0.239483 0.239033 0.238848 0.238979 0.239369 0.239858 0.240227 0.240257 0.239814 0.238928 0.237858 0.237110 0.237366 0.239290 0.239443 0.240613 0.240850 0.240474 0.239846 0.239255 0.238874 0.238760 0.238877 0.239131 0.239412 0.239622 0.239706 0.239653 0.239507 0.239347 0.239271 0.239376 0.239731 0.240357 0.241217 0.242213 0.243197 0.243993 0.244434 0.244406 0.243892 0.243015 0.242052 0.241427 0.241633 0.243089 0.243476 0.243698 0.243836 0.243879 0.243840 0.243744 0.243620 0.243498 0.243401 0.243347 0.243339 0.243376 0.243447 0.243535 0.243624 0.243697 0.243742 0.243754 0.243736 0.243696 0.243648 0.243606 0.243582 0.243577 0.243580 0.243560 0.243463 0.243222 0.242759 0.242006 0.240937 0.239614 0.243188 0.242897 0.241725 0.240435 0.239600 0.239500 0.240120 0.241218 0.242422 0.243340 0.243648 0.243155 0.241839 0.239849 0.237475 0.235097 0.233116 0.231887 0.231643 0.232455 0.234193 0.236540 0.239026 0.241103 0.242251 0.242101 0.240565 0.237936 0.234947 0.232721 0.232575 0.235625 0.231696 0.232428 0.232791 0.232607 0.231891 0.230803 0.229588 0.228510 0.227795 0.227591 0.227943 0.228787 0.229964 0.231244 0.232370 0.233092 0.233219 0.232648 0.231391 0.229588 0.227494 0.225446 0.223821 0.222960 0.223096 0.224272 0.226273 0.228589 0.230426 0.230800 0.228736 0.223623 0.222436 0.213608 0.205969 0.200111 0.196176 0.194006 0.193262 0.193525 0.194364 0.195393 0.196303 0.196880 0.197012 0.196680 0.195946 0.194933 0.193797 0.192709 0.191827 0.191276 0.191132 0.191413 0.192073 0.193007 0.194060 0.195050 0.195785 0.196095 0.195863 0.195055 0.193747 0.192139
0.192709 0.192435 0.192386 0.192499 0.192684 0.192860 0.192967 0.192981 0.192909 0.192787 0.192667 0.192606 0.192655 0.192844 0.193179 0.193631 0.194144 0.194635 0.195007 0.195165 0.195037 0.194594 0.193873 0.192997 0.192187 0.191760 0.192123 0.193724 0.196995 0.202239 0.209481 0.218257 0.213636 0.220030 0.224736 0.227676 0.229140 0.229553 0.229345 0.228867 0.228370 0.227996 0.227800 0.227773 0.227873 0.228048 0.228253 0.228462 0.228674 0.228904 0.229180 0.229528 0.229964 0.230486 0.231065 0.231652 0.232183 0.232598 0.232855 0.232956 0.232959 0.232985 0.233204 0.233777 0.232692 0.238742 0.240924 0.240138 0.237685 0.234809 0.232454 0.231173 0.231143 0.232235 0.234119 0.236374 0.238584 0.240413 0.241651 0.242235 0.242230 0.241804 0.241179 0.240579 0.240179 0.240071 0.240239 0.240570 0.240877 0.240959 0.240667 0.239984 0.239088 0.238376 0.238419 0.239808 0.240229 0.242802 0.243615 0.243142 0.241995 0.240727 0.239723 0.239183 0.239135 0.239483 0.240065 0.240699 0.241237 0.241583 0.241715 0.241674 0.241554 0.241474 0.241547 0.241854 0.242418 0.243194 0.244067 0.244870 0.245419 0.245554 0.245196 0.244396 0.243372 0.242512 0.242323 0.243294 0.244961 0.245988 0.246521 0.246599 0.246333 0.245863 0.245322 0.244822 0.244443 0.244226 0.244182 0.244293 0.244525 0.244829 0.245156 0.245460 0.245704 0.245866 0.245934 0.245913 0.245813 0.245656 0.245460 0.245241 0.245005 0.244745 0.244440 0.244056 0.243556 0.242909 0.242109 0.241206 0.243315 0.242704 0.241680 0.240767 0.240317 0.240453 0.241091 0.241996 0.242866 0.243403 0.243383 0.242698 0.241373 0.239564 0.237527 0.235574 0.234021 0.233133 0.233071 0.233857 0.235360 0.237300 0.239286 0.240882 0.241685 0.241428 0.240075 0.237904 0.235532 0.233876 0.233987 0.236713 0.232678 0.232671 0.232755 0.232638 0.232177 0.231389 0.230415 0.229464 0.228756 0.228461 0.228670 0.229367 0.230437 0.231679 0.232844 0.233673 0.233947 0.233527 0.232388 0.230635 0.228504 0.226332 0.224515 0.223430 0.223361 0.224401 0.226375 0.228786 0.230814 0.231397 0.229434 0.224151 0.217550 0.210714 0.203956 0.198163 0.193887 0.191340 0.190435 0.190863 0.192183 0.193908 0.195588 0.196862 0.197500 0.197418 0.196672 0.195429 0.193937 0.192472 0.191296 0.190610 0.190519 0.191018 0.191982 0.193191 0.194365 0.195220 0.195530 0.195198 0.194308 0.193149 0.192191 0.191978
0.192766 0.193155 0.193213 0.193082 0.192900 0.192760 0.192705 0.192732 0.192811 0.192905 0.192981 0.193024 0.193038 0.193046 0.193080 0.193172 0.193341 0.193584 0.193872 0.194145 0.194328 0.194340 0.194123 0.193671 0.193062 0.192485 0.192255 0.192811 0.194669 0.198334 0.204128 0.211934 0.207971 0.216508 0.223045 0.227364 0.229728 0.230618 0.230561 0.230024 0.229366 0.228821 0.228505 0.228441 0.228588 0.228872 0.229208 0.229529 0.229790 0.229978 0.230112 0.230231 0.230386 0.230627 0.230990 0.231491 0.232115 0.232824 0.233556 0.234244 0.234827 0.235264 0.235553 0.235724 0.234380 0.239709 0.241607 0.240826 0.238503 0.235754 0.233452 0.232135 0.232005 0.232983 0.234794 0.237056 0.239374 0.241406 0.242909 0.243768 0.243994 0.243702 0.243079 0.242342 0.241691 0.241270 0.241146 0.241289 0.241593 0.241895 0.242030 0.241885 0.241457 0.240892 0.240489 0.240635 0.240968 0.244797 0.246329 0.246073 0.244776 0.243153 0.241747 0.240879 0.240654 0.241006 0.241759 0.242687 0.243576 0.244259 0.244647 0.244731 0.244577 0.244302 0.244046 0.243938 0.244065 0.244453 0.245054 0.245748 0.246372 0.246747 0.246732 0.246277 0.245463 0.244537 0.243889 0.243974 0.246695 0.248028 0.248720 0.248808 0.248425 0.247744 0.246940 0.246164 0.245531 0.245115 0.244946 0.245018 0.245298 0.245731 0.246250 0.246789 0.247283 0.247681 0.247944 0.248052 0.247999 0.247795 0.247462 0.247030 0.246530 0.245995 0.245450 0.244913 0.244395 0.243900 0.243428 0.242989 0.243227 0.241867 0.240980 0.240665 0.240867 0.241425 0.242124 0.242745 0.243101 0.243063 0.242583 0.241687 0.240474 0.239095 0.237729 0.236560 0.235743 0.235383 0.235521 0.236115 0.237052 0.238153 0.239201 0.239975 0.240292 0.240052 0.239276 0.238138 0.236964 0.236200 0.236321 0.237669 0.233564 0.232723 0.232572 0.232684 0.232716 0.232485 0.231973 0.231294 0.230625 0.230155 0.230026 0.230299 0.230938 0.231815 0.232733 0.233462 0.233781 0.233526 0.232629 0.231138 0.229232 0.227199 0.225400 0.224209 0.223926 0.224690 0.226391 0.228607 0.230580 0.231283 0.229591 0.224623 0.211180 0.205739 0.200503 0.196121 0.193006 0.191302 0.190914 0.191565 0.192873 0.194424 0.195842 0.196833 0.197223 0.196964 0.196130 0.194891 0.193480 0.192147 0.191120 0.190563 0.190553 0.191056 0.191939 0.192986 0.193938 0.194544 0.194630 0.194152 0.193247 0.192247 0.191637 0.191931
0.192580 0.192972 0.193034 0.192899 0.192701 0.192540 0.192467 0.192488 0.192577 0.192693 0.192797 0.192857 0.192862 0.192820 0.192754 0.192697 0.192681 0.192729 0.192849 0.193025 0.193225 0.193402 0.193512 0.193526 0.193458 0.193379 0.193436 0.193857 0.194927 0.196946 0.200135 0.204476 0.202091 0.212162 0.220141 0.225702 0.229059 0.230687 0.231135 0.230914 0.230431 0.229965 0.229672 0.229603 0.229731 0.229989 0.230289 0.230554 0.230732 0.230805 0.230791 0.230738 0.230715 0.230798 0.231052 0.231523 0.232221 0.233117 0.234142 0.235197 0.236164 0.236928 0.237399 0.237540 0.236528 0.240505 0.241889 0.241180 0.239208 0.236834 0.234769 0.233493 0.233228 0.233972 0.235542 0.237645 0.239941 0.242104 0.243867 0.245055 0.245602 0.245543 0.245006 0.244181 0.243286 0.242531 0.242084 0.242036 0.242389 0.243046 0.243821 0.244471 0.244737 0.244404 0.243368 0.241712 0.241798 0.246452 0.248701 0.248949 0.247909 0.246321 0.244794 0.243731 0.243317 0.243552 0.244295 0.245329 0.246416 0.247343 0.247958 0.248190 0.248051 0.247625 0.247048 0.246477 0.246061 0.245913 0.246081 0.246541 0.247194 0.247880 0.248405 0.248586 0.248298 0.247522 0.246384 0.245174 0.248634 0.249772 0.250369 0.250422 0.250014 0.249280 0.248372 0.247441 0.246618 0.246004 0.245661 0.245614 0.245852 0.246331 0.246985 0.247731 0.248481 0.249147 0.249657 0.249952 0.250002 0.249798 0.249363 0.248739 0.247994 0.247203 0.246448 0.245802 0.245319 0.245023 0.244902 0.244897 0.243075 0.240674 0.239912 0.240345 0.241392 0.242521 0.243346 0.243660 0.243421 0.242715 0.241711 0.240605 0.239584 0.238789 0.238299 0.238125 0.238220 0.238489 0.238821 0.239107 0.239263 0.239254 0.239093 0.238844 0.238603 0.238473 0.238530 0.238782 0.239141 0.239407 0.239285 0.238461 0.234377 0.232725 0.232406 0.232860 0.233525 0.233997 0.234073 0.233741 0.233125 0.232417 0.231814 0.231466 0.231440 0.231709 0.232158 0.232615 0.232883 0.232786 0.232211 0.231139 0.229666 0.227996 0.226420 0.225260 0.224806 0.225226 0.226481 0.228255 0.229916 0.230551 0.229101 0.224645 0.204019 0.199223 0.195921 0.194052 0.193372 0.193552 0.194242 0.195126 0.195946 0.196519 0.196743 0.196589 0.196090 0.195327 0.194408 0.193454 0.192580 0.191880 0.191420 0.191229 0.191296 0.191577 0.191999 0.192470 0.192896 0.193195 0.193308 0.193217 0.192950 0.192582 0.192226 0.192008
0.192251 0.192057 0.192033 0.192110 0.192215 0.192301 0.192342 0.192338 0.192304 0.192260 0.192227 0.192219 0.192237 0.192274 0.192313 0.192337 0.192331 0.192287 0.192215 0.192137 0.192096 0.192144 0.192338 0.192727 0.193341 0.194172 0.195164 0.196202 0.197117 0.197697 0.197730 0.197073 0.196768 0.207096 0.215715 0.222195 0.226607 0.229292 0.230692 0.231246 0.231329 0.231218 0.231094 0.231045 0.231091 0.231204 0.231335 0.231434 0.231463 0.231411 0.231295 0.231158 0.231066 0.231090 0.231300 0.231747 0.232456 0.233410 0.234551 0.235783 0.236978 0.237995 0.238705 0.239025 0.238870 0.241082 0.241819 0.241259 0.239827 0.238036 0.236369 0.235208 0.234792 0.235205 0.236388 0.238167 0.240291 0.242475 0.244438 0.245949 0.246855 0.247099 0.246730 0.245895 0.244820 0.243776 0.243036 0.242822 0.243260 0.244329 0.245830 0.247379 0.248432 0.248366 0.246621 0.242924 0.242907 0.247706 0.250493 0.251424 0.250997 0.249817 0.248446 0.247317 0.246693 0.246671 0.247203 0.248137 0.249257 0.250335 0.251166 0.251603 0.251576 0.251098 0.250266 0.249241 0.248223 0.247421 0.247013 0.247113 0.247737 0.248783 0.250027 0.251132 0.251694 0.251311 0.249696 0.246833 0.250700 0.251285 0.251582 0.251532 0.251134 0.250439 0.249543 0.248568 0.247640 0.246880 0.246380 0.246200 0.246359 0.246834 0.247564 0.248459 0.249410 0.250301 0.251022 0.251484 0.251627 0.251431 0.250917 0.250148 0.249220 0.248256 0.247383 0.246719 0.246346 0.246288 0.246495 0.246829 0.243073 0.239574 0.238933 0.240152 0.242104 0.243869 0.244881 0.244939 0.244147 0.242806 0.241305 0.240014 0.239207 0.239016 0.239417 0.240248 0.241251 0.242133 0.242631 0.242567 0.241899 0.240738 0.239338 0.238053 0.237265 0.237276 0.238205 0.239876 0.241757 0.242968 0.242415 0.239114 0.235181 0.232875 0.232466 0.233279 0.234564 0.235715 0.236358 0.236359 0.235781 0.234817 0.233710 0.232693 0.231933 0.231509 0.231399 0.231498 0.231647 0.231673 0.231428 0.230830 0.229888 0.228712 0.227500 0.226504 0.225972 0.226074 0.226824 0.228004 0.229117 0.229397 0.227900 0.223735 0.197023 0.192232 0.190960 0.192146 0.194576 0.197188 0.199229 0.200295 0.200294 0.199377 0.197839 0.196037 0.194305 0.192899 0.191966 0.191537 0.191536 0.191816 0.192198 0.192510 0.192633 0.192522 0.192222 0.191853 0.191584 0.191580 0.191941 0.192637 0.193459 0.194008 0.193750 0.192173
0.191909 0.190804 0.190645 0.191056 0.191649 0.192137 0.192370 0.192330 0.192090 0.191773 0.191501 0.191366 0.191409 0.191611 0.191903 0.192189 0.192368 0.192366 0.192161 0.191797 0.191391 0.191116 0.191173 0.191746 0.192938 0.194714 0.196839 0.198847 0.200052 0.199625 0.196783 0.191110 0.192791 0.201529 0.209636 0.216539 0.222017 0.226086 0.228905 0.230706 0.231742 0.232249 0.232426 0.232425 0.232348 0.232254 0.232165 0.232082 0.231994 0.231893 0.231778 0.231667 0.231593 0.231607 0.231768 0.232133 0.232747 0.233626 0.234749 0.236043 0.237387 0.238615 0.239543 0.240014 0.241052 0.241419 0.241514 0.241178 0.240404 0.239324 0.238165 0.237187 0.236632 0.236669 0.237371 0.238697 0.240503 0.242562 0.244604 0.246355 0.247586 0.248149 0.248011 0.247266 0.246130 0.244913 0.243975 0.243652 0.244182 0.245619 0.247760 0.250104 0.251860 0.252037 0.249659 0.244127 0.244497 0.248593 0.251560 0.253188 0.253591 0.253087 0.252081 0.250977 0.250109 0.249698 0.249835 0.250483 0.251499 0.252665 0.253733 0.254468 0.254691 0.254312 0.253348 0.251937 0.250314 0.248790 0.247695 0.247320 0.247846 0.249272 0.251363 0.253624 0.255318 0.255567 0.253543 0.248798 0.252789 0.252724 0.252620 0.252383 0.251942 0.251278 0.250428 0.249476 0.248538 0.247733 0.247171 0.246929 0.247047 0.247513 0.248273 0.249233 0.250272 0.251256 0.252059 0.252573 0.252728 0.252501 0.251921 0.251068 0.250065 0.249061 0.248213 0.247654 0.247467 0.247654 0.248117 0.248647 0.243473 0.239099 0.238587 0.240484 0.243222 0.245565 0.246792 0.246703 0.245515 0.243701 0.241826 0.240398 0.239766 0.240054 0.241157 0.242776 0.244489 0.245845 0.246457 0.246098 0.244756 0.242660 0.240256 0.238129 0.236884 0.236983 0.238570 0.241318 0.244334 0.246189 0.245150 0.239705 0.236049 0.233385 0.232961 0.234036 0.235744 0.237351 0.238369 0.238581 0.238006 0.236829 0.235324 0.233777 0.232428 0.231433 0.230845 0.230616 0.230628 0.230717 0.230723 0.230521 0.230060 0.229370 0.228568 0.227829 0.227341 0.227245 0.227560 0.228113 0.228494 0.228050 0.225959 0.221420 0.191268 0.186195 0.186682 0.190690 0.196031 0.200907 0.204157 0.205290 0.204387 0.201933 0.198631 0.195219 0.192329 0.190383 0.189554 0.189764 0.190735 0.192065 0.193320 0.194133 0.194279 0.193731 0.192668 0.191444 0.190505 0.190271 0.190990 0.192591 0.194583 0.196028 0.195682 0.192355
0.191686 0.189739 0.189456 0.190184 0.191238 0.192110 0.192529 0.192455 0.192016 0.191426 0.190911 0.190645 0.190712 0.191094 0.191680 0.192301 0.192774 0.192948 0.192752 0.192226 0.191528 0.190920 0.190721 0.191239 0.192668 0.194993 0.197890 0.200667 0.202273 0.201416 0.196851 0.187895 0.190813 0.195833 0.202086 0.208790 0.215249 0.220945 0.225568 0.229007 0.231310 0.232643 0.233232 0.233322 0.233139 0.232861 0.232611 0.232448 0.232383 0.232389 0.232424 0.232449 0.232450 0.232442 0.232478 0.232642 0.233027 0.233716 0.234745 0.236078 0.237579 0.239009 0.240057 0.240413 0.242707 0.241534 0.241142 0.241088 0.240990 0.240641 0.240026 0.239285 0.238642 0.238333 0.238540 0.239345 0.240712 0.242488 0.244434 0.246264 0.247701 0.248533 0.248655 0.248104 0.247067 0.245859 0.244879 0.244531 0.245126 0.246775 0.249289 0.252107 0.254292 0.254626 0.251863 0.245188 0.246716 0.249228 0.251880 0.254023 0.255275 0.255546 0.254997 0.253952 0.252799 0.251898 0.251511 0.251752 0.252582 0.253820 0.255179 0.256331 0.256968 0.256865 0.255933 0.254256 0.252090 0.249842 0.248007 0.247078 0.247432 0.249209 0.252189 0.255726 0.258734 0.259808 0.257499 0.250845 0.254783 0.254282 0.253810 0.253298 0.252678 0.251922 0.251054 0.250141 0.249278 0.248571 0.248110 0.247961 0.248149 0.248655 0.249417 0.250339 0.251302 0.252178 0.252849 0.253224 0.253247 0.252913 0.252269 0.251410 0.250466 0.249591 0.248930 0.248598 0.248645 0.249035 0.249623 0.250163 0.244517 0.239749 0.239360 0.241670 0.244879 0.247587 0.248990 0.248885 0.247543 0.245520 0.243471 0.241978 0.241427 0.241944 0.243387 0.245391 0.247452 0.249039 0.249706 0.249194 0.247503 0.244919 0.241977 0.239375 0.237828 0.237874 0.239676 0.242835 0.246284 0.248334 0.246945 0.240353 0.237016 0.234417 0.234050 0.235181 0.236945 0.238600 0.239646 0.239852 0.239227 0.237947 0.236286 0.234538 0.232958 0.231724 0.230914 0.230510 0.230417 0.230494 0.230589 0.230578 0.230390 0.230027 0.229557 0.229100 0.228777 0.228662 0.228714 0.228719 0.228252 0.226687 0.223280 0.217372 0.187751 0.182605 0.184240 0.190003 0.197099 0.203283 0.207154 0.208190 0.206602 0.203108 0.198679 0.194299 0.190780 0.188640 0.188044 0.188829 0.190566 0.192675 0.194552 0.195702 0.195844 0.194973 0.193377 0.191576 0.190212 0.189874 0.190894 0.193152 0.195932 0.197899 0.197298 0.192470
0.191685 0.189379 0.189044 0.189913 0.191178 0.192229 0.192739 0.192654 0.192118 0.191390 0.190746 0.190406 0.190487 0.190984 0.191778 0.192674 0.193445 0.193895 0.193908 0.193486 0.192771 0.192028 0.191601 0.191841 0.192999 0.195116 0.197911 0.200711 0.202444 0.201757 0.197308 0.188302 0.191190 0.190567 0.193692 0.199516 0.206716 0.214076 0.220670 0.225942 0.229684 0.231970 0.233065 0.233331 0.233140 0.232814 0.232577 0.232542 0.232719 0.233037 0.233383 0.233641 0.233732 0.233643 0.233438 0.233257 0.233282 0.233694 0.234611 0.236023 0.237741 0.239379 0.240395 0.240237 0.243550 0.241495 0.240893 0.241141 0.241623 0.241903 0.241790 0.241321 0.240683 0.240137 0.239929 0.240229 0.241088 0.242433 0.244079 0.245768 0.247224 0.248207 0.248573 0.248308 0.247547 0.246568 0.245743 0.245471 0.246074 0.247691 0.250162 0.252954 0.255142 0.255499 0.252749 0.246038 0.249586 0.249779 0.251566 0.253869 0.255768 0.256716 0.256582 0.255571 0.254107 0.252681 0.251728 0.251532 0.252168 0.253502 0.255222 0.256903 0.258101 0.258445 0.257723 0.255944 0.253366 0.250479 0.247934 0.246428 0.246547 0.248585 0.252371 0.257134 0.261469 0.263460 0.261047 0.252729 0.256574 0.256112 0.255434 0.254577 0.253589 0.252540 0.251515 0.250603 0.249888 0.249433 0.249276 0.249421 0.249838 0.250465 0.251218 0.251997 0.252699 0.253231 0.253521 0.253529 0.253250 0.252721 0.252015 0.251232 0.250492 0.249910 0.249581 0.249557 0.249825 0.250301 0.250819 0.251152 0.246381 0.241833 0.241517 0.243818 0.247002 0.249710 0.251156 0.251133 0.249892 0.247964 0.245980 0.244505 0.243920 0.244357 0.245691 0.247580 0.249546 0.251078 0.251741 0.251278 0.249672 0.247178 0.244295 0.241679 0.240008 0.239805 0.241243 0.243971 0.247010 0.248789 0.247402 0.241188 0.238033 0.236011 0.235780 0.236700 0.238046 0.239225 0.239854 0.239782 0.239049 0.237827 0.236353 0.234868 0.233569 0.232578 0.231934 0.231602 0.231487 0.231472 0.231442 0.231320 0.231079 0.230753 0.230421 0.230177 0.230085 0.230122 0.230120 0.229719 0.228358 0.225324 0.219884 0.211556 0.187158 0.182643 0.184572 0.190349 0.197259 0.203145 0.206691 0.207444 0.205665 0.202101 0.197730 0.193525 0.190272 0.188454 0.188198 0.189302 0.191307 0.193612 0.195606 0.196798 0.196921 0.195999 0.194344 0.192506 0.191143 0.190846 0.191934 0.194248 0.197013 0.198826 0.197869 0.192457
0.191947 0.190053 0.189770 0.190485 0.191541 0.192432 0.192878 0.192822 0.192378 0.191757 0.191197 0.190898 0.190980 0.191465 0.192274 0.193257 0.194221 0.194981 0.195400 0.195422 0.195097 0.194578 0.194097 0.193919 0.194271 0.195263 0.196802 0.198534 0.199819 0.199792 0.197534 0.192419 0.193819 0.186482 0.185617 0.189912 0.197390 0.206095 0.214456 0.221449 0.226592 0.229864 0.231563 0.232163 0.232175 0.232048 0.232089 0.232444 0.233099 0.233919 0.234702 0.235248 0.235419 0.235183 0.234639 0.234009 0.233590 0.233680 0.234485 0.236011 0.237979 0.239799 0.240634 0.239632 0.243485 0.241419 0.240941 0.241456 0.242311 0.243009 0.243284 0.243100 0.242591 0.241989 0.241539 0.241440 0.241799 0.242611 0.243766 0.245078 0.246324 0.247296 0.247845 0.247923 0.247601 0.247068 0.246599 0.246504 0.247044 0.248342 0.250288 0.252473 0.254170 0.254401 0.252144 0.246719 0.252930 0.250410 0.250863 0.252869 0.255034 0.256387 0.256508 0.255476 0.253716 0.251825 0.250384 0.249820 0.250318 0.251793 0.253911 0.256172 0.258009 0.258917 0.258560 0.256869 0.254084 0.250749 0.247638 0.245618 0.245458 0.247606 0.251955 0.257668 0.263106 0.265956 0.263656 0.254245 0.258081 0.258244 0.257598 0.256370 0.254845 0.253300 0.251965 0.250996 0.250474 0.250404 0.250732 0.251356 0.252151 0.252981 0.253720 0.254263 0.254542 0.254524 0.254217 0.253668 0.252952 0.252166 0.251414 0.250791 0.250373 0.250204 0.250283 0.250560 0.250941 0.251296 0.251476 0.251351 0.249108 0.245308 0.244907 0.246663 0.249203 0.251424 0.252667 0.252724 0.251760 0.250175 0.248466 0.247091 0.246378 0.246467 0.247297 0.248630 0.250112 0.251346 0.251977 0.251770 0.250668 0.248815 0.246547 0.244336 0.242694 0.242043 0.242574 0.244111 0.246025 0.247244 0.246417 0.242313 0.238904 0.238014 0.238032 0.238492 0.238962 0.239149 0.238924 0.238309 0.237423 0.236436 0.235513 0.234781 0.234303 0.234070 0.234015 0.234032 0.234003 0.233830 0.233463 0.232911 0.232252 0.231611 0.231132 0.230929 0.231023 0.231279 0.231352 0.230662 0.228419 0.223726 0.215805 0.204376 0.189623 0.186737 0.188048 0.191826 0.196279 0.199999 0.202144 0.202452 0.201131 0.198703 0.195831 0.193163 0.191209 0.190266 0.190391 0.191418 0.193013 0.194755 0.196226 0.197101 0.197215 0.196602 0.195498 0.194289 0.193428 0.193303 0.194096 0.195647 0.197361 0.198212 0.196912 0.192312
0.192422 0.191720 0.191576 0.191811 0.192207 0.192578 0.192804 0.192839 0.192707 0.192481 0.192261 0.192150 0.192233 0.192565 0.193154 0.193969 0.194935 0.195948 0.196888 0.197635 0.198088 0.198184 0.197909 0.197309 0.196490 0.195615 0.194885 0.194516 0.194702 0.195573 0.197139 0.199237 0.198030 0.184486 0.179566 0.181825 0.188827 0.198065 0.207477 0.215666 0.221923 0.226122 0.228558 0.229756 0.230304 0.230714 0.231335 0.232313 0.233601 0.235004 0.236251 0.237082 0.237319 0.236931 0.236059 0.235000 0.234154 0.233922 0.234576 0.236133 0.238234 0.240117 0.240700 0.238888 0.242704 0.241472 0.241397 0.242068 0.243013 0.243848 0.244347 0.244443 0.244200 0.243765 0.243313 0.243008 0.242962 0.243222 0.243765 0.244510 0.245339 0.246126 0.246764 0.247192 0.247409 0.247481 0.247526 0.247689 0.248103 0.248833 0.249834 0.250905 0.251681 0.251666 0.250350 0.247424 0.256319 0.251233 0.250123 0.251399 0.253365 0.254755 0.254926 0.253834 0.251882 0.249705 0.247971 0.247198 0.247648 0.249273 0.251740 0.254504 0.256923 0.258397 0.258501 0.257093 0.254378 0.250906 0.247508 0.245146 0.244705 0.246746 0.251240 0.257362 0.263393 0.266841 0.264884 0.255290 0.259273 0.260492 0.260098 0.258552 0.256443 0.254322 0.252608 0.251555 0.251246 0.251621 0.252514 0.253698 0.254929 0.255983 0.256688 0.256939 0.256710 0.256047 0.255057 0.253890 0.252713 0.251687 0.250940 0.250545 0.250511 0.250777 0.251218 0.251664 0.251929 0.251855 0.251356 0.250474 0.252530 0.249614 0.248797 0.249424 0.250687 0.251887 0.252568 0.252538 0.251838 0.250674 0.249337 0.248120 0.247263 0.246904 0.247066 0.247657 0.248494 0.249343 0.249964 0.250158 0.249807 0.248900 0.247545 0.245952 0.244401 0.243183 0.242528 0.242531 0.243087 0.243855 0.244288 0.243751 0.239254 0.240024 0.240470 0.240363 0.239675 0.238534 0.237170 0.235843 0.234790 0.234177 0.234075 0.234452 0.235185 0.236083 0.236926 0.237504 0.237655 0.237301 0.236459 0.235253 0.233889 0.232621 0.231689 0.231254 0.231313 0.231632 0.231694 0.230694 0.227604 0.221343 0.211088 0.196776 0.194523 0.194171 0.194143 0.194265 0.194387 0.194411 0.194304 0.194087 0.193819 0.193572 0.193419 0.193411 0.193573 0.193899 0.194354 0.194882 0.195418 0.195901 0.196281 0.196534 0.196663 0.196696 0.196683 0.196678 0.196724 0.196829 0.196947 0.196966 0.196705 0.195936 0.194444 0.192124
0.192956 0.193829 0.193825 0.193358 0.192818 0.192462 0.192394 0.192590 0.192949 0.193343 0.193670 0.193881 0.193994 0.194089 0.194287 0.194715 0.195468 0.196576 0.197976 0.199501 0.200891 0.201827 0.201988 0.201127 0.199162 0.196269 0.192948 0.190058 0.188773 0.190422 0.196174 0.206509 0.202551 0.185554 0.177666 0.177636 0.183080 0.191450 0.200589 0.208984 0.215801 0.220800 0.224173 0.226362 0.227891 0.229222 0.230671 0.232365 0.234242 0.236105 0.237683 0.238720 0.239046 0.238640 0.237655 0.236407 0.235312 0.234790 0.235141 0.236401 0.238236 0.239901 0.240326 0.238416 0.241746 0.241854 0.242268 0.242901 0.243626 0.244314 0.244866 0.245222 0.245365 0.245317 0.245126 0.244861 0.244597 0.244406 0.244347 0.244457 0.244754 0.245228 0.245850 0.246568 0.247320 0.248037 0.248653 0.249110 0.249372 0.249423 0.249281 0.248994 0.248644 0.248347 0.248247 0.248510 0.259064 0.252248 0.249753 0.250057 0.251431 0.252521 0.252586 0.251492 0.249571 0.247423 0.245698 0.244927 0.245394 0.247083 0.249688 0.252681 0.255424 0.257304 0.257864 0.256913 0.254603 0.251429 0.248172 0.245767 0.245100 0.246766 0.250814 0.256531 0.262339 0.265893 0.264489 0.255927 0.260186 0.262408 0.262341 0.260639 0.258144 0.255630 0.253676 0.252609 0.252513 0.253269 0.254619 0.256231 0.257770 0.258947 0.259559 0.259513 0.258828 0.257622 0.256091 0.254471 0.253001 0.251881 0.251241 0.251116 0.251431 0.252013 0.252610 0.252936 0.252729 0.251827 0.250242 0.248237 0.256194 0.253564 0.251764 0.250734 0.250224 0.249939 0.249629 0.249133 0.248391 0.247435 0.246363 0.245312 0.244424 0.243817 0.243567 0.243686 0.244125 0.244777 0.245489 0.246084 0.246389 0.246263 0.245624 0.244477 0.242931 0.241200 0.239598 0.238506 0.238318 0.239359 0.241776 0.245384 0.238525 0.241378 0.242536 0.242027 0.240263 0.237834 0.235354 0.233340 0.232151 0.231949 0.232705 0.234225 0.236198 0.238254 0.240022 0.241193 0.241561 0.241058 0.239765 0.237896 0.235765 0.233726 0.232098 0.231082 0.230667 0.230567 0.230175 0.228581 0.224669 0.217324 0.205797 0.190258 0.200384 0.202838 0.201220 0.197152 0.192365 0.188259 0.185704 0.185021 0.186068 0.188384 0.191344 0.194314 0.196767 0.198365 0.198991 0.198743 0.197888 0.196795 0.195850 0.195372 0.195544 0.196368 0.197653 0.199044 0.200095 0.200371 0.199580 0.197708 0.195115 0.192576 0.191188 0.192095
0.193294 0.195288 0.195264 0.194135 0.192787 0.191844 0.191590 0.192014 0.192902 0.193948 0.194866 0.195461 0.195677 0.195599 0.195425 0.195412 0.195804 0.196761 0.198300 0.200254 0.202277 0.203881 0.204521 0.203722 0.201226 0.197166 0.192195 0.187573 0.185125 0.187019 0.195269 0.210879 0.205615 0.190536 0.182135 0.179919 0.182432 0.187950 0.194898 0.202062 0.208655 0.214286 0.218880 0.222571 0.225595 0.228200 0.230578 0.232830 0.234954 0.236868 0.238438 0.239527 0.240038 0.239957 0.239367 0.238455 0.237482 0.236732 0.236444 0.236733 0.237514 0.238468 0.239065 0.238700 0.241478 0.242761 0.243424 0.243747 0.243992 0.244326 0.244807 0.245397 0.245997 0.246491 0.246782 0.246815 0.246598 0.246196 0.245726 0.245327 0.245143 0.245283 0.245802 0.246683 0.247825 0.249054 0.250146 0.250866 0.251020 0.250514 0.249409 0.247971 0.246680 0.246199 0.247264 0.250462 0.260281 0.253314 0.250149 0.249601 0.250234 0.250880 0.250855 0.249978 0.248468 0.246778 0.245432 0.244867 0.245331 0.246835 0.249148 0.251850 0.254422 0.256348 0.257225 0.256860 0.255328 0.252986 0.250434 0.248410 0.247640 0.248640 0.251518 0.255790 0.260293 0.263240 0.262531 0.256414 0.260933 0.263294 0.263349 0.261780 0.259444 0.257124 0.255388 0.254544 0.254649 0.255558 0.256990 0.258600 0.260051 0.261064 0.261459 0.261173 0.260262 0.258882 0.257259 0.255651 0.254300 0.253394 0.253024 0.253167 0.253672 0.254278 0.254644 0.254410 0.253273 0.251087 0.247966 0.244395 0.259304 0.255326 0.251708 0.248684 0.246235 0.244230 0.242515 0.240967 0.239524 0.238182 0.236990 0.236028 0.235381 0.235117 0.235264 0.235799 0.236641 0.237651 0.238650 0.239439 0.239823 0.239651 0.238851 0.237456 0.235638 0.233714 0.232138 0.231465 0.232279 0.235066 0.240042 0.246903 0.236033 0.241204 0.243493 0.243132 0.240899 0.237763 0.234640 0.232240 0.231004 0.231084 0.232377 0.234581 0.237273 0.239981 0.242264 0.243769 0.244281 0.243741 0.242248 0.240034 0.237422 0.234760 0.232351 0.230374 0.228820 0.227433 0.225701 0.222888 0.218136 0.210660 0.200056 0.186746 0.204960 0.209285 0.206549 0.199623 0.191531 0.184685 0.180557 0.179650 0.181662 0.185744 0.190789 0.195690 0.199555 0.201835 0.202380 0.201415 0.199457 0.197182 0.195278 0.194294 0.194520 0.195914 0.198094 0.200400 0.202037 0.202272 0.200674 0.197349 0.193110 0.189513 0.188641 0.192529
0.193129 0.194612 0.194207 0.192844 0.191411 0.190519 0.190437 0.191132 0.192360 0.193782 0.195070 0.195985 0.196429 0.196451 0.196228 0.196010 0.196058 0.196574 0.197635 0.199156 0.200877 0.202393 0.203222 0.202910 0.201175 0.198048 0.194012 0.190084 0.187800 0.189036 0.195595 0.208470 0.205277 0.199849 0.194681 0.190804 0.188881 0.189182 0.191615 0.195817 0.201257 0.207338 0.213490 0.219239 0.224253 0.228356 0.231527 0.233865 0.235555 0.236813 0.237837 0.238771 0.239667 0.240485 0.241101 0.241343 0.241050 0.240140 0.238685 0.236970 0.235520 0.235068 0.236419 0.240184 0.242955 0.244336 0.244597 0.244288 0.243928 0.243868 0.244256 0.245054 0.246098 0.247166 0.248047 0.248584 0.248714 0.248474 0.247989 0.247445 0.247050 0.246987 0.247374 0.248231 0.249463 0.250868 0.252161 0.253033 0.253214 0.252567 0.251165 0.249362 0.247810 0.247412 0.249155 0.253787 0.259078 0.254169 0.251613 0.250814 0.250961 0.251347 0.251514 0.251279 0.250696 0.249971 0.249370 0.249141 0.249444 0.250319 0.251682 0.253334 0.255010 0.256429 0.257349 0.257623 0.257232 0.256303 0.255097 0.253966 0.253283 0.253351 0.254297 0.255984 0.257951 0.259427 0.259455 0.257192 0.261697 0.262325 0.261929 0.260898 0.259661 0.258582 0.257899 0.257715 0.258009 0.258666 0.259511 0.260354 0.261017 0.261369 0.261342 0.260935 0.260215 0.259304 0.258355 0.257527 0.256954 0.256718 0.256821 0.257170 0.257573 0.257745 0.257340 0.256002 0.253440 0.249527 0.244435 0.238786 0.260687 0.252561 0.246068 0.241063 0.237044 0.233510 0.230140 0.226838 0.223714 0.221007 0.218999 0.217929 0.217929 0.218980 0.220905 0.223386 0.226009 0.228320 0.229904 0.230449 0.229814 0.228064 0.225494 0.222605 0.220055 0.218563 0.218797 0.221223 0.225965 0.232668 0.240420 0.247750 0.231132 0.238589 0.242548 0.243309 0.241811 0.239167 0.236382 0.234203 0.233062 0.233092 0.234179 0.236034 0.238278 0.240512 0.242382 0.243619 0.244063 0.243664 0.242471 0.240599 0.238202 0.235425 0.232378 0.229107 0.225581 0.221704 0.217339 0.212357 0.206710 0.200507 0.194114 0.188229 0.205597 0.209248 0.206723 0.200586 0.193505 0.187581 0.184070 0.183372 0.185183 0.188730 0.193029 0.197113 0.200220 0.201900 0.202059 0.200932 0.199001 0.196876 0.195160 0.194315 0.194558 0.195807 0.197678 0.199554 0.200719 0.200551 0.198735 0.195477 0.191648 0.188789 0.188883 0.193776
0.192200 0.190370 0.189042 0.188299 0.188121 0.188431 0.189122 0.190082 0.191198 0.192367 0.193496 0.194508 0.195345 0.195966 0.196352 0.196509 0.196468 0.196282 0.196024 0.195783 0.195651 0.195713 0.196031 0.196632 0.197487 0.198501 0.199511 0.200287 0.200553 0.200040 0.198555 0.196100 0.200000 0.212996 0.215510 0.210921 0.203293 0.196131 0.191788 0.191332 0.194705 0.201039 0.209024 0.217268 0.224583 0.230174 0.233733 0.235416 0.235748 0.235461 0.235309 0.235881 0.237450 0.239898 0.242713 0.245091 0.246138 0.245141 0.241888 0.236959 0.231920 0.229287 0.232125 0.243100 0.247100 0.246580 0.245422 0.244180 0.243297 0.243031 0.243444 0.244437 0.245809 0.247314 0.248718 0.249842 0.250591 0.250957 0.251016 0.250904 0.250785 0.250818 0.251117 0.251734 0.252636 0.253705 0.254762 0.255598 0.256024 0.255935 0.255364 0.254536 0.253877 0.253978 0.255473 0.258800 0.254900 0.254521 0.254262 0.254278 0.254640 0.255330 0.256246 0.257245 0.258169 0.258886 0.259311 0.259420 0.259255 0.258913 0.258524 0.258234 0.258169 0.258416 0.258999 0.259866 0.260891 0.261885 0.262628 0.262901 0.262542 0.261501 0.259880 0.257977 0.256283 0.255438 0.256113 0.258800 0.262700 0.258848 0.257079 0.257053 0.258150 0.259720 0.261224 0.262302 0.262779 0.262647 0.262014 0.261064 0.260006 0.259037 0.258314 0.257938 0.257950 0.258333 0.259023 0.259924 0.260913 0.261859 0.262616 0.263030 0.262925 0.262103 0.260333 0.257367 0.252975 0.247030 0.239642 0.231400 0.258800 0.242784 0.232322 0.225872 0.221373 0.217143 0.212265 0.206620 0.200716 0.195416 0.191639 0.190109 0.191172 0.194707 0.200134 0.206509 0.212685 0.217512 0.220051 0.219762 0.216642 0.211281 0.204825 0.198823 0.194978 0.194806 0.199248 0.208287 0.220662 0.233775 0.243932 0.247100 0.223500 0.232895 0.239095 0.242269 0.243179 0.242719 0.241660 0.240544 0.239673 0.239146 0.238931 0.238929 0.239035 0.239165 0.239276 0.239352 0.239384 0.239334 0.239109 0.238538 0.237367 0.235289 0.231987 0.227217 0.220901 0.213238 0.204801 0.196591 0.190020 0.186770 0.188466 0.196100 0.200000 0.198910 0.198652 0.199018 0.199694 0.200371 0.200814 0.200888 0.200561 0.199886 0.198978 0.197979 0.197037 0.196273 0.195769 0.195554 0.195608 0.195858 0.196200 0.196511 0.196669 0.196578 0.196182 0.195485 0.194557 0.193532 0.192603 0.191992 0.191924 0.192571 0.194000 0.196100
0.192200 0.192434 0.192528 0.192471 0.192295 0.192070 0.191879 0.191806 0.191919 0.192264 0.192855 0.193672 0.194669 0.195775 0.196907 0.197976 0.198904 0.199628 0.200114 0.200356 0.200382 0.200249 0.200033 0.199819 0.199687 0.199693 0.199852 0.200128 0.200429 0.200612 0.200513 0.200000 0.200000 0.191115 0.190563 0.195147 0.201409 0.206660 0.209385 0.209251 0.206860 0.203390 0.200208 0.198535 0.199199 0.202497 0.208173 0.215500 0.223444 0.230873 0.236789 0.240524 0.241895 0.241262 0.239481 0.237745 0.237315 0.239168 0.243615 0.249956 0.256285 0.259571 0.256185 0.243100 0.251000 0.246563 0.244565 0.244670 0.246195 0.248414 0.250719 0.252697 0.254133 0.254989 0.255345 0.255351 0.255173 0.254955 0.254794 0.254733 0.254763 0.254843 0.254918 0.254945 0.254917 0.254869 0.254886 0.255087 0.255599 0.256520 0.257869 0.259547 0.261303 0.262737 0.263354 0.262700 0.262700 0.267282 0.268324 0.266806 0.264000 0.261063 0.258827 0.257732 0.257859 0.259016 0.260842 0.262918 0.264857 0.266371 0.267305 0.267646 0.267504 0.267068 0.266560 0.266179 0.266059 0.266234 0.266633 0.267098 0.267425 0.267438 0.267059 0.266398 0.265798 0.265837 0.267232 0.270600 0.270600 0.263603 0.261283 0.262390 0.265289 0.268500 0.270964 0.272118 0.271837 0.270321 0.267950 0.265146 0.262268 0.259540 0.257022 0.254626 0.252158 0.249384 0.246102 0.242213 0.237763 0.232962 0.228161 0.223788 0.220241 0.217758 0.216271 0.215290 0.213837 0.210507 0.203714 0.192200 0.164700 0.121589 0.111133 0.124179 0.149126 0.175632 0.196420 0.207776 0.209201 0.202576 0.191154 0.178570 0.168015 0.161677 0.160456 0.163973 0.170808 0.178923 0.186166 0.190783 0.191844 0.189499 0.185002 0.180481 0.178438 0.181025 0.189208 0.201952 0.215674 0.224255 0.220010 0.196100 0.215700 0.223522 0.229679 0.233572 0.235196 0.235014 0.233772 0.232309 0.231374 0.231494 0.232891 0.235455 0.238773 0.242204 0.244989 0.246378 0.245761 0.242788 0.237447 0.230112 0.221524 0.212715 0.204872 0.199148 0.196429 0.197099 0.200823 0.206407 0.211794 0.214277 0.211021 0.200000 0.200000 0.202161 0.202769 0.202122 0.200711 0.199042 0.197538 0.196485 0.196022 0.196152 0.196772 0.197713 0.198774 0.199757 0.200500 0.200891 0.200881 0.200484 0.199769 0.198849 0.197857 0.196930 0.196186 0.195706 0.195521 0.195609 0.195893 0.196257 0.196565 0.196686 0.196535 0.196100
0.193445 0.193867 0.193884 0.193636 0.193304 0.193065 0.193060 0.193374 0.194042 0.195044 0.196320 0.197781 0.199314 0.200804 0.202135 0.203204 0.203926 0.204238 0.204108 0.203531 0.202537 0.201189 0.199585 0.197858 0.196170 0.194710 0.193684 0.193295 0.193720 0.195066 0.197315 0.200242 0.194838 0.189650 0.190325 0.194412 0.199425 0.203516 0.205725 0.205922 0.204611 0.202640 0.200930 0.200244 0.201037 0.203386 0.207015 0.211384 0.215826 0.219718 0.222628 0.224442 0.225422 0.226182 0.227581 0.230517 0.235651 0.243100 0.252130 0.260955 0.266722 0.265834 0.254762 0.231546 0.264886 0.260822 0.254454 0.247826 0.242502 0.239397 0.238784 0.240403 0.243635 0.247684 0.251749 0.255161 0.257477 0.258520 0.258374 0.257341 0.255861 0.254419 0.253449 0.253244 0.253896 0.255270 0.257017 0.258638 0.259588 0.259418 0.257928 0.255307 0.252236 0.249875 0.249704 0.253116 0.261940 0.263102 0.261797 0.259324 0.256940 0.255564 0.255668 0.257289 0.260127 0.263661 0.267292 0.270461 0.272739 0.273887 0.273875 0.272869 0.271182 0.269214 0.267379 0.266024 0.265375 0.265494 0.266263 0.267417 0.268588 0.269402 0.269581 0.269054 0.268046 0.267115 0.267085 0.268837 0.273963 0.260138 0.252893 0.251872 0.255430 0.261384 0.267554 0.272119 0.273822 0.272045 0.266789 0.258576 0.248308 0.237097 0.226087 0.216295 0.208473 0.203012 0.199896 0.198708 0.198691 0.198855 0.198137 0.195582 0.190543 0.182858 0.173001 0.162144 0.152103 0.145114 0.143386 0.148364 0.141488 0.111393 0.104338 0.113730 0.131456 0.150081 0.164499 0.172282 0.173301 0.169143 0.162349 0.155672 0.151462 0.151237 0.155465 0.163574 0.174132 0.185174 0.194610 0.200641 0.202129 0.198851 0.191584 0.182008 0.172388 0.165084 0.161930 0.163577 0.168958 0.175061 0.177276 0.170630 0.183610 0.164989 0.164353 0.176731 0.195712 0.215497 0.231915 0.242722 0.247435 0.246893 0.242725 0.236820 0.230883 0.226133 0.223148 0.221861 0.221684 0.221726 0.221054 0.218959 0.215165 0.209961 0.204190 0.199114 0.196129 0.196365 0.200224 0.206949 0.214336 0.218766 0.215774 0.201414 0.202223 0.204726 0.205641 0.205213 0.203900 0.202199 0.200545 0.199253 0.198502 0.198337 0.198699 0.199449 0.200408 0.201387 0.202211 0.202748 0.202911 0.202673 0.202056 0.201131 0.199995 0.198767 0.197562 0.196480 0.195598 0.194955 0.194558 0.194381 0.194373 0.194476 0.194634 0.194806
0.194540 0.194767 0.194754 0.194578 0.194359 0.194230 0.194307 0.194678 0.195388 0.196441 0.197795 0.199368 0.201049 0.202705 0.204193 0.205376 0.206133 0.206369 0.206030 0.205109 0.203650 0.201753 0.199570 0.197299 0.195171 0.193436 0.192337 0.192079 0.192799 0.194515 0.197084 0.200137 0.193838 0.191549 0.192830 0.195994 0.199462 0.202154 0.203592 0.203826 0.203261 0.202462 0.201972 0.202175 0.203219 0.205007 0.207244 0.209525 0.211457 0.212770 0.213425 0.213666 0.214027 0.215256 0.218179 0.223490 0.231493 0.241841 0.253308 0.263673 0.269813 0.268111 0.255328 0.230114 0.267180 0.265178 0.259183 0.251725 0.244960 0.240328 0.238467 0.239308 0.242264 0.246453 0.250924 0.254839 0.257611 0.258965 0.258953 0.257899 0.256317 0.254786 0.253833 0.253817 0.254848 0.256747 0.259061 0.261143 0.262284 0.261891 0.259693 0.255927 0.251470 0.247842 0.246998 0.250818 0.263325 0.261853 0.259704 0.257766 0.256705 0.256883 0.258358 0.260935 0.264243 0.267819 0.271195 0.273966 0.275846 0.276691 0.276511 0.275455 0.273783 0.271819 0.269906 0.268349 0.267381 0.267116 0.267540 0.268510 0.269772 0.271007 0.271892 0.272167 0.271713 0.270612 0.269184 0.267966 0.275976 0.259116 0.249686 0.247670 0.251351 0.258176 0.265423 0.270702 0.272272 0.269202 0.261401 0.249531 0.234835 0.218919 0.203490 0.190110 0.179975 0.173737 0.171411 0.172349 0.175324 0.178691 0.180639 0.179508 0.174137 0.164206 0.150518 0.135153 0.121398 0.113366 0.115181 0.129579 0.132129 0.114203 0.110102 0.115813 0.126504 0.137643 0.146174 0.150735 0.151363 0.149143 0.145732 0.142889 0.142084 0.144221 0.149502 0.157421 0.166888 0.176433 0.184479 0.189628 0.190914 0.188006 0.181303 0.171907 0.161470 0.151910 0.145025 0.142056 0.143278 0.147722 0.153168 0.156598 0.171109 0.140138 0.136168 0.152182 0.178777 0.207243 0.231147 0.246857 0.253371 0.251742 0.244316 0.233963 0.223414 0.214770 0.209226 0.207010 0.207504 0.209514 0.211620 0.212550 0.211508 0.208396 0.203878 0.199265 0.196205 0.196207 0.200061 0.207258 0.215567 0.220976 0.218267 0.202584 0.204527 0.206509 0.207184 0.206729 0.205499 0.203897 0.202284 0.200939 0.200036 0.199641 0.199730 0.200206 0.200927 0.201731 0.202460 0.202975 0.203179 0.203016 0.202479 0.201607 0.200476 0.199187 0.197858 0.196602 0.195522 0.194692 0.194151 0.193899 0.193898 0.194076 0.194341 0.194596
0.195383 0.195254 0.195236 0.195249 0.195254 0.195265 0.195338 0.195557 0.196003 0.196737 0.197782 0.199110 0.200641 0.202254 0.203790 0.205082 0.205970 0.206324 0.206065 0.205182 0.203739 0.201875 0.199796 0.197751 0.196005 0.194800 0.194313 0.194613 0.195630 0.197131 0.198735 0.199956 0.195638 0.195129 0.196517 0.198721 0.200835 0.202321 0.203033 0.203125 0.202928 0.202808 0.203055 0.203805 0.205021 0.206503 0.207952 0.209051 0.209562 0.209406 0.208735 0.207951 0.207681 0.208693 0.211758 0.217456 0.225961 0.236823 0.248790 0.259746 0.266813 0.266743 0.256684 0.235480 0.262075 0.262698 0.259852 0.255291 0.250636 0.247063 0.245196 0.245142 0.246609 0.249062 0.251875 0.254472 0.256426 0.257518 0.257750 0.257317 0.256552 0.255843 0.255549 0.255920 0.257032 0.258759 0.260780 0.262626 0.263772 0.263767 0.262371 0.259701 0.256331 0.253306 0.252023 0.253893 0.266049 0.262951 0.261032 0.260413 0.260942 0.262348 0.264328 0.266601 0.268932 0.271133 0.273065 0.274628 0.275752 0.276402 0.276568 0.276273 0.275572 0.274558 0.273359 0.272133 0.271057 0.270308 0.270038 0.270340 0.271215 0.272543 0.274058 0.275351 0.275895 0.275131 0.272613 0.268244 0.277354 0.262424 0.253649 0.251151 0.253486 0.258395 0.263415 0.266355 0.265612 0.260352 0.250548 0.236912 0.220739 0.203681 0.187496 0.173788 0.163776 0.158108 0.156751 0.158970 0.163404 0.168247 0.171514 0.171384 0.166590 0.156792 0.142897 0.127227 0.113451 0.106156 0.109931 0.127789 0.131771 0.123540 0.121685 0.124341 0.129301 0.134444 0.138357 0.140443 0.140760 0.139860 0.138565 0.137734 0.138079 0.140024 0.143636 0.148619 0.154371 0.160084 0.164882 0.167962 0.168738 0.166952 0.162746 0.156672 0.149639 0.142797 0.137358 0.134374 0.134508 0.137825 0.143677 0.150743 0.172415 0.141296 0.137181 0.153007 0.179298 0.207278 0.230487 0.245306 0.250788 0.248071 0.239601 0.228352 0.217145 0.208149 0.202596 0.200714 0.201854 0.204754 0.207906 0.209935 0.209940 0.207725 0.203882 0.199678 0.196758 0.196670 0.200283 0.207200 0.215321 0.220758 0.218391 0.203392 0.206415 0.207350 0.207455 0.206830 0.205687 0.204278 0.202848 0.201598 0.200669 0.200133 0.199993 0.200196 0.200643 0.201207 0.201756 0.202161 0.202321 0.202169 0.201680 0.200876 0.199823 0.198622 0.197393 0.196268 0.195361 0.194756 0.194486 0.194522 0.194766 0.195063 0.195223 0.195074
0.195942 0.195490 0.195473 0.195662 0.195862 0.195973 0.195990 0.195986 0.196076 0.196377 0.196972 0.197894 0.199106 0.200508 0.201950 0.203252 0.204236 0.204754 0.204715 0.204108 0.203011 0.201587 0.200067 0.198715 0.197785 0.197463 0.197815 0.198734 0.199922 0.200897 0.201074 0.199927 0.198665 0.198867 0.200060 0.201539 0.202768 0.203490 0.203707 0.203607 0.203464 0.203538 0.203996 0.204875 0.206068 0.207357 0.208461 0.209113 0.209131 0.208489 0.207362 0.206140 0.205403 0.205845 0.208161 0.212889 0.220234 0.229892 0.240905 0.251604 0.259678 0.262465 0.257529 0.243641 0.254229 0.257063 0.258096 0.257779 0.256687 0.255346 0.254154 0.253345 0.253006 0.253106 0.253538 0.254163 0.254848 0.255493 0.256047 0.256512 0.256933 0.257388 0.257958 0.258710 0.259677 0.260836 0.262106 0.263353 0.264402 0.265072 0.265211 0.264738 0.263694 0.262272 0.260825 0.259845 0.269254 0.265462 0.264296 0.265100 0.266981 0.269144 0.271038 0.272400 0.273205 0.273593 0.273781 0.273977 0.274330 0.274888 0.275599 0.276330 0.276905 0.277154 0.276962 0.276314 0.275312 0.274175 0.273208 0.272744 0.273052 0.274240 0.276150 0.278288 0.279801 0.279569 0.276435 0.269672 0.278252 0.269829 0.263945 0.260938 0.260169 0.260413 0.260227 0.258270 0.253551 0.245577 0.234420 0.220686 0.205420 0.189944 0.175663 0.163860 0.155504 0.151089 0.150539 0.153177 0.157784 0.162750 0.166305 0.166820 0.163153 0.154993 0.143152 0.129730 0.118060 0.112329 0.116733 0.134022 0.135462 0.133778 0.133392 0.133934 0.134966 0.136046 0.136878 0.137336 0.137434 0.137290 0.137084 0.137008 0.137223 0.137828 0.138840 0.140192 0.141740 0.143282 0.144591 0.145448 0.145676 0.145180 0.143967 0.142165 0.140027 0.137916 0.136274 0.135577 0.136272 0.138705 0.143040 0.149186 0.180406 0.157500 0.155591 0.168937 0.189949 0.211696 0.229160 0.239646 0.242603 0.239130 0.231332 0.221681 0.212465 0.205390 0.201364 0.200458 0.202023 0.204929 0.207870 0.209686 0.209645 0.207629 0.204193 0.200461 0.197864 0.197734 0.200807 0.206733 0.213705 0.218402 0.216469 0.203819 0.207567 0.207280 0.206718 0.205898 0.204871 0.203724 0.202566 0.201508 0.200650 0.200060 0.199766 0.199752 0.199962 0.200305 0.200673 0.200950 0.201036 0.200858 0.200385 0.199635 0.198672 0.197608 0.196580 0.195733 0.195196 0.195044 0.195279 0.195804 0.196416 0.196826 0.196709 0.195802
0.196242 0.195629 0.195608 0.195875 0.196158 0.196293 0.196237 0.196052 0.195860 0.195803 0.195999 0.196517 0.197353 0.198439 0.199647 0.200815 0.201779 0.202399 0.202594 0.202359 0.201773 0.200997 0.200246 0.199756 0.199725 0.200261 0.201318 0.202655 0.203826 0.204214 0.203161 0.200193 0.201623 0.201727 0.202614 0.203725 0.204624 0.205092 0.205125 0.204880 0.204588 0.204479 0.204712 0.205340 0.206291 0.207394 0.208412 0.209103 0.209281 0.208871 0.207962 0.206817 0.205875 0.205694 0.206878 0.209958 0.215255 0.222738 0.231895 0.241658 0.250414 0.256160 0.256870 0.251137 0.247359 0.251374 0.255475 0.258882 0.261117 0.262020 0.261694 0.260438 0.258652 0.256757 0.255126 0.254033 0.253627 0.253925 0.254830 0.256159 0.257689 0.259196 0.260501 0.261504 0.262198 0.262676 0.263104 0.263689 0.264611 0.265966 0.267691 0.269520 0.270963 0.271353 0.269995 0.266432 0.272275 0.268473 0.268100 0.269952 0.272659 0.275115 0.276655 0.277074 0.276532 0.275423 0.274226 0.273373 0.273160 0.273693 0.274880 0.276470 0.278112 0.279440 0.280152 0.280091 0.279289 0.277974 0.276549 0.275502 0.275295 0.276213 0.278211 0.280788 0.282930 0.283189 0.279966 0.272092 0.278236 0.279293 0.277526 0.273677 0.268395 0.262060 0.254773 0.246454 0.236969 0.226260 0.214445 0.201867 0.189093 0.176860 0.165980 0.157222 0.151180 0.148155 0.148068 0.150420 0.154311 0.158533 0.161729 0.162623 0.160285 0.154416 0.145597 0.135454 0.126636 0.122538 0.126626 0.141229 0.139464 0.141234 0.141610 0.141021 0.139949 0.138864 0.138066 0.137663 0.137618 0.137788 0.137974 0.137977 0.137643 0.136889 0.135721 0.134234 0.132591 0.131004 0.129699 0.128879 0.128693 0.129212 0.130414 0.132182 0.134327 0.136616 0.138824 0.140792 0.142493 0.144088 0.145962 0.148726 0.189000 0.178440 0.180058 0.190096 0.203807 0.216998 0.226777 0.231761 0.231915 0.228201 0.222144 0.215407 0.209450 0.205280 0.203338 0.203497 0.205170 0.207484 0.209504 0.210448 0.209881 0.207824 0.204781 0.201644 0.199492 0.199290 0.201540 0.205927 0.211076 0.214532 0.213125 0.203933 0.207868 0.206466 0.205329 0.204384 0.203525 0.202683 0.201839 0.201024 0.200297 0.199724 0.199355 0.199207 0.199258 0.199448 0.199685 0.199866 0.199889 0.199679 0.199200 0.198471 0.197570 0.196622 0.195788 0.195237 0.195104 0.195458 0.196254 0.197311 0.198303 0.198785 0.198281 0.196434
0.196337 0.195777 0.195748 0.195976 0.196209 0.196291 0.196175 0.195908 0.195594 0.195360 0.195315 0.195531 0.196022 0.196746 0.197615 0.198511 0.199314 0.199924 0.200286 0.200406 0.200353 0.200256 0.200277 0.200579 0.201281 0.202403 0.203827 0.205256 0.206227 0.206152 0.204454 0.200801 0.203708 0.203239 0.203851 0.204953 0.206005 0.206660 0.206801 0.206506 0.205978 0.205467 0.205198 0.205314 0.205847 0.206717 0.207751 0.208725 0.209414 0.209652 0.209381 0.208689 0.207823 0.207179 0.207256 0.208581 0.211608 0.216600 0.223503 0.231851 0.240708 0.248703 0.254198 0.255640 0.243649 0.247625 0.253167 0.258699 0.263019 0.265453 0.265857 0.264519 0.262012 0.259030 0.256249 0.254208 0.253238 0.253431 0.254658 0.256614 0.258892 0.261070 0.262799 0.263871 0.264266 0.264166 0.263924 0.263990 0.264805 0.266665 0.269575 0.273136 0.276482 0.278338 0.277251 0.272070 0.274730 0.271289 0.271423 0.273721 0.276662 0.279063 0.280256 0.280091 0.278824 0.276960 0.275089 0.273735 0.273255 0.273779 0.275204 0.277231 0.279437 0.281370 0.282643 0.283022 0.282484 0.281237 0.279692 0.278385 0.277850 0.278459 0.280254 0.282799 0.285107 0.285696 0.282865 0.275270 0.276477 0.287710 0.290135 0.285062 0.274668 0.261168 0.246387 0.231604 0.217569 0.204621 0.192842 0.182203 0.172682 0.164334 0.157305 0.151812 0.148069 0.146214 0.146220 0.147835 0.150548 0.153619 0.156152 0.157238 0.156151 0.152562 0.146763 0.139829 0.133661 0.130823 0.134054 0.145335 0.141679 0.144363 0.144952 0.144066 0.142412 0.140714 0.139441 0.138764 0.138631 0.138816 0.139001 0.138859 0.138124 0.136650 0.134433 0.131624 0.128506 0.125460 0.122912 0.121269 0.120864 0.121892 0.124372 0.128123 0.132770 0.137773 0.142494 0.146298 0.148677 0.149407 0.148705 0.147401 0.194248 0.196487 0.201964 0.208983 0.215715 0.220755 0.223349 0.223401 0.221342 0.217933 0.214057 0.210526 0.207947 0.206632 0.206582 0.207522 0.208981 0.210406 0.211276 0.211224 0.210116 0.208095 0.205571 0.203148 0.201492 0.201159 0.202393 0.204945 0.207953 0.209958 0.209135 0.203859 0.207387 0.205161 0.203656 0.202708 0.202077 0.201561 0.201039 0.200478 0.199910 0.199403 0.199026 0.198824 0.198803 0.198922 0.199102 0.199241 0.199234 0.199002 0.198506 0.197769 0.196882 0.195992 0.195285 0.194954 0.195148 0.195925 0.197199 0.198709 0.200007 0.200501 0.199568 0.196770
0.196298 0.195990 0.195964 0.196061 0.196140 0.196118 0.195973 0.195736 0.195472 0.195256 0.195153 0.195207 0.195430 0.195803 0.196284 0.196817 0.197347 0.197834 0.198262 0.198650 0.199046 0.199526 0.200171 0.201048 0.202182 0.203522 0.204921 0.206122 0.206769 0.206453 0.204816 0.201718 0.204629 0.203447 0.203894 0.205248 0.206762 0.207885 0.208335 0.208094 0.207342 0.206372 0.205504 0.205002 0.205030 0.205616 0.206662 0.207963 0.209257 0.210276 0.210816 0.210780 0.210226 0.209383 0.208637 0.208495 0.209509 0.212176 0.216822 0.223476 0.231769 0.240870 0.249505 0.256097 0.243713 0.246615 0.251856 0.257634 0.262469 0.265455 0.266295 0.265209 0.262777 0.259752 0.256887 0.254797 0.253865 0.254206 0.255676 0.257926 0.260486 0.262867 0.264665 0.265644 0.265794 0.265346 0.264740 0.264539 0.265295 0.267394 0.270872 0.275278 0.279589 0.282272 0.281545 0.275946 0.276506 0.273500 0.273714 0.275855 0.278543 0.280709 0.281753 0.281543 0.280317 0.278544 0.276768 0.275479 0.275013 0.275503 0.276864 0.278831 0.281018 0.283004 0.284417 0.285017 0.284751 0.283775 0.282435 0.281202 0.280563 0.280886 0.282265 0.284384 0.286442 0.287183 0.285109 0.278947 0.272067 0.291777 0.297414 0.290884 0.275790 0.256010 0.234890 0.214874 0.197432 0.183178 0.172085 0.163728 0.157516 0.152873 0.149354 0.146701 0.144828 0.143769 0.143589 0.144291 0.145739 0.147616 0.149428 0.150576 0.150477 0.148747 0.145392 0.140992 0.136807 0.134715 0.136898 0.145133 0.141540 0.143416 0.143857 0.143253 0.142061 0.140799 0.139813 0.139239 0.139051 0.139090 0.139116 0.138869 0.138127 0.136752 0.134721 0.132141 0.129243 0.126361 0.123893 0.122249 0.121797 0.122798 0.125352 0.129353 0.134464 0.140118 0.145557 0.149911 0.152337 0.152211 0.149392 0.144566 0.194545 0.207371 0.216249 0.221190 0.222750 0.221779 0.219214 0.215946 0.212714 0.210058 0.208293 0.207521 0.207659 0.208487 0.209698 0.210957 0.211953 0.212443 0.212285 0.211459 0.210063 0.208300 0.206446 0.204800 0.203631 0.203116 0.203290 0.204003 0.204914 0.205526 0.205281 0.203745 0.206337 0.203653 0.202028 0.201214 0.200861 0.200670 0.200448 0.200123 0.199714 0.199295 0.198956 0.198764 0.198742 0.198863 0.199051 0.199202 0.199203 0.198968 0.198455 0.197690 0.196775 0.195877 0.195208 0.194981 0.195362 0.196403 0.197990 0.199795 0.201274 0.201715 0.200378 0.196758
0.196195 0.196278 0.196283 0.196218 0.196103 0.195964 0.195824 0.195703 0.195614 0.195561 0.195546 0.195564 0.195612 0.195688 0.195795 0.195943 0.196150 0.196439 0.196839 0.197377 0.198077 0.198949 0.199987 0.201158 0.202399 0.203612 0.204671 0.205423 0.205713 0.205404 0.204430 0.202851 0.204518 0.202756 0.203171 0.204889 0.206959 0.208628 0.209462 0.209351 0.208454 0.207105 0.205707 0.204639 0.204181 0.204467 0.205469 0.207011 0.208808 0.210522 0.211829 0.212485 0.212389 0.211619 0.210449 0.209335 0.208862 0.209665 0.212314 0.217181 0.224310 0.233292 0.243199 0.252588 0.246893 0.248145 0.251770 0.256248 0.260250 0.262905 0.263871 0.263269 0.261553 0.259343 0.257276 0.255872 0.255456 0.256116 0.257712 0.259926 0.262335 0.264503 0.266077 0.266861 0.266871 0.266344 0.265709 0.265506 0.266260 0.268335 0.271765 0.276120 0.280434 0.283253 0.282887 0.277931 0.277694 0.274976 0.274859 0.276404 0.278560 0.280481 0.281657 0.281927 0.281415 0.280431 0.279360 0.278563 0.278305 0.278706 0.279734 0.281220 0.282898 0.284468 0.285652 0.286260 0.286227 0.285640 0.284726 0.283814 0.283262 0.283360 0.284223 0.285686 0.287235 0.288006 0.286902 0.282880 0.264331 0.288817 0.295899 0.287931 0.269500 0.245600 0.220576 0.197606 0.178584 0.164239 0.154399 0.148311 0.144951 0.143281 0.142443 0.141858 0.141255 0.140625 0.140132 0.139992 0.140361 0.141238 0.142423 0.143531 0.144073 0.143603 0.141907 0.139194 0.136254 0.134483 0.135687 0.141540 0.139585 0.139811 0.139934 0.139900 0.139688 0.139374 0.139041 0.138746 0.138524 0.138366 0.138221 0.138008 0.137628 0.136992 0.136044 0.134780 0.133271 0.131665 0.130180 0.129093 0.128700 0.129270 0.130994 0.133918 0.137892 0.142521 0.147158 0.150931 0.152846 0.151982 0.147807 0.140658 0.190280 0.209973 0.221261 0.225277 0.224105 0.219997 0.214915 0.210299 0.207008 0.205372 0.205299 0.206419 0.208226 0.210197 0.211890 0.213005 0.213402 0.213097 0.212228 0.211006 0.209658 0.208374 0.207274 0.206382 0.205640 0.204938 0.204175 0.203323 0.202494 0.201982 0.202236 0.203737 0.205013 0.202226 0.200710 0.200140 0.200090 0.200198 0.200235 0.200108 0.199837 0.199510 0.199230 0.199083 0.199104 0.199271 0.199509 0.199707 0.199745 0.199525 0.199003 0.198204 0.197237 0.196283 0.195572 0.195336 0.195753 0.196878 0.198578 0.200490 0.202007 0.202341 0.200677 0.196466
0.196086 0.196618 0.196704 0.196516 0.196238 0.196009 0.195904 0.195935 0.196065 0.196234 0.196376 0.196437 0.196395 0.196256 0.196063 0.195879 0.195786 0.195862 0.196169 0.196742 0.197577 0.198626 0.199804 0.200995 0.202074 0.202926 0.203477 0.203716 0.203713 0.203625 0.203671 0.204076 0.203774 0.201756 0.202251 0.204290 0.206796 0.208896 0.210055 0.210102 0.209173 0.207619 0.205892 0.204438 0.203616 0.203636 0.204531 0.206162 0.208248 0.210424 0.212301 0.213547 0.213947 0.213461 0.212255 0.210704 0.209358 0.208876 0.209931 0.213076 0.218610 0.226439 0.235963 0.246025 0.251725 0.251346 0.252778 0.255119 0.257485 0.259244 0.260104 0.260084 0.259435 0.258530 0.257762 0.257452 0.257793 0.258816 0.260405 0.262323 0.264270 0.265947 0.267123 0.267685 0.267680 0.267315 0.266931 0.266944 0.267747 0.269603 0.272514 0.276131 0.279696 0.282086 0.282008 0.278396 0.278501 0.275809 0.275083 0.275836 0.277412 0.279207 0.280786 0.281912 0.282534 0.282741 0.282703 0.282612 0.282638 0.282895 0.283417 0.284168 0.285047 0.285917 0.286637 0.287093 0.287223 0.287040 0.286632 0.286155 0.285799 0.285747 0.286114 0.286887 0.287868 0.288638 0.288564 0.286867 0.253089 0.277406 0.283754 0.274625 0.254889 0.229858 0.204138 0.181081 0.162641 0.149502 0.141366 0.137288 0.136025 0.136325 0.137141 0.137761 0.137844 0.137383 0.136613 0.135883 0.135517 0.135702 0.136412 0.137394 0.138224 0.138428 0.137664 0.135918 0.133678 0.132014 0.132462 0.136598 0.136923 0.135442 0.135236 0.135796 0.136606 0.137282 0.137631 0.137633 0.137389 0.137060 0.136805 0.136737 0.136901 0.137262 0.137725 0.138162 0.138449 0.138506 0.138325 0.137991 0.137682 0.137641 0.138132 0.139368 0.141432 0.144190 0.147226 0.149814 0.150972 0.149622 0.144919 0.136805 0.183205 0.205602 0.218051 0.222161 0.220608 0.216147 0.211053 0.206880 0.204433 0.203871 0.204890 0.206913 0.209286 0.211421 0.212902 0.213529 0.213320 0.212467 0.211264 0.210024 0.208998 0.208311 0.207931 0.207677 0.207271 0.206436 0.205010 0.203084 0.201097 0.199866 0.200474 0.203946 0.203731 0.201129 0.199885 0.199618 0.199858 0.200218 0.200454 0.200475 0.200311 0.200059 0.199839 0.199745 0.199821 0.200048 0.200347 0.200601 0.200685 0.200493 0.199974 0.199149 0.198130 0.197101 0.196301 0.195971 0.196299 0.197345 0.198975 0.200814 0.202238 0.202431 0.200552 0.196037
0.196010 0.196968 0.197198 0.196989 0.196643 0.196385 0.196331 0.196492 0.196802 0.197154 0.197437 0.197564 0.197494 0.197240 0.196863 0.196465 0.196162 0.196066 0.196258 0.196772 0.197581 0.198599 0.199687 0.200684 0.201438 0.201845 0.201899 0.201721 0.201576 0.201852 0.202977 0.205265 0.202907 0.201052 0.201695 0.203879 0.206538 0.208799 0.210115 0.210293 0.209447 0.207911 0.206127 0.204551 0.203562 0.203406 0.204155 0.205713 0.207834 0.210172 0.212338 0.213971 0.214801 0.214711 0.213767 0.212238 0.210579 0.209378 0.209283 0.210892 0.214632 0.220630 0.228603 0.237784 0.256444 0.255052 0.254531 0.254715 0.255295 0.255991 0.256627 0.257146 0.257591 0.258059 0.258664 0.259490 0.260573 0.261885 0.263338 0.264804 0.266139 0.267214 0.267946 0.268325 0.268420 0.268385 0.268431 0.268797 0.269690 0.271229 0.273374 0.275881 0.278276 0.279894 0.279993 0.277990 0.279166 0.276238 0.274812 0.274827 0.275968 0.277824 0.279987 0.282120 0.283984 0.285443 0.286458 0.287064 0.287349 0.287422 0.287396 0.287364 0.287389 0.287499 0.287683 0.287906 0.288115 0.288257 0.288296 0.288226 0.288085 0.287951 0.287938 0.288164 0.288708 0.289539 0.290417 0.290756 0.238801 0.257732 0.261171 0.251337 0.232581 0.209632 0.186570 0.166331 0.150576 0.139821 0.133687 0.131222 0.131213 0.132452 0.133939 0.134999 0.135317 0.134907 0.134024 0.133045 0.132339 0.132154 0.132538 0.133318 0.134137 0.134556 0.134211 0.132988 0.131197 0.129658 0.129633 0.132506 0.134730 0.132063 0.131629 0.132603 0.134128 0.135496 0.136319 0.136527 0.136274 0.135843 0.135550 0.135653 0.136298 0.137493 0.139114 0.140935 0.142681 0.144090 0.144970 0.145248 0.144991 0.144404 0.143796 0.143504 0.143802 0.144786 0.146274 0.147733 0.148281 0.146814 0.142310 0.134398 0.175705 0.197046 0.209394 0.214263 0.214107 0.211408 0.208165 0.205692 0.204615 0.204985 0.206460 0.208498 0.210528 0.212083 0.212883 0.212863 0.212157 0.211035 0.209829 0.208842 0.208270 0.208147 0.208328 0.208519 0.208347 0.207482 0.205774 0.203396 0.200945 0.199451 0.200222 0.204438 0.202779 0.200547 0.199655 0.199687 0.200164 0.200701 0.201066 0.201179 0.201080 0.200879 0.200702 0.200649 0.200767 0.201036 0.201379 0.201677 0.201798 0.201635 0.201129 0.200298 0.199246 0.198154 0.197257 0.196794 0.196956 0.197807 0.199225 0.200852 0.202082 0.202126 0.200161 0.195640
0.195987 0.197285 0.197730 0.197640 0.197360 0.197148 0.197143 0.197363 0.197742 0.198162 0.198502 0.198665 0.198605 0.198333 0.197916 0.197458 0.197081 0.196900 0.196992 0.197384 0.198037 0.198851 0.199677 0.200352 0.200736 0.200764 0.200491 0.200127 0.200045 0.200743 0.202728 0.206307 0.202388 0.201118 0.201928 0.204000 0.206437 0.208503 0.209738 0.209974 0.209304 0.208005 0.206455 0.205051 0.204131 0.203927 0.204530 0.205885 0.207806 0.210008 0.212160 0.213929 0.215049 0.215356 0.214839 0.213648 0.212099 0.210643 0.209814 0.210159 0.212142 0.216049 0.221894 0.229354 0.259434 0.258129 0.256591 0.255304 0.254519 0.254330 0.254724 0.255623 0.256916 0.258472 0.260162 0.261865 0.263479 0.264922 0.266141 0.267110 0.267833 0.268342 0.268694 0.268965 0.269242 0.269613 0.270157 0.270927 0.271942 0.273171 0.274530 0.275878 0.277029 0.277777 0.277938 0.277424 0.279896 0.276566 0.274545 0.274068 0.275034 0.277127 0.279923 0.282978 0.285896 0.288369 0.290204 0.291329 0.291776 0.291666 0.291176 0.290503 0.289835 0.289320 0.289047 0.289038 0.289244 0.289569 0.289889 0.290089 0.290102 0.289942 0.289724 0.289663 0.290030 0.291044 0.292695 0.294454 0.222600 0.231663 0.230407 0.220380 0.204663 0.186600 0.169050 0.154031 0.142637 0.135126 0.131120 0.129834 0.130312 0.131623 0.133004 0.133949 0.134232 0.133881 0.133110 0.132227 0.131534 0.131242 0.131411 0.131927 0.132528 0.132880 0.132691 0.131842 0.130521 0.129293 0.129064 0.130860 0.133851 0.130827 0.130324 0.131423 0.133168 0.134748 0.135717 0.135992 0.135742 0.135294 0.135016 0.135216 0.136078 0.137624 0.139720 0.142103 0.144441 0.146402 0.147714 0.148234 0.147976 0.147118 0.145975 0.144933 0.144351 0.144442 0.145163 0.146120 0.146546 0.145398 0.141626 0.134698 0.170122 0.187614 0.198779 0.204626 0.206822 0.207044 0.206624 0.206419 0.206815 0.207822 0.209203 0.210614 0.211722 0.212289 0.212225 0.211590 0.210573 0.209437 0.208453 0.207835 0.207682 0.207946 0.208431 0.208828 0.208789 0.208032 0.206460 0.204272 0.202046 0.200721 0.201448 0.205223 0.202370 0.200587 0.200040 0.200307 0.200930 0.201551 0.201963 0.202106 0.202031 0.201851 0.201693 0.201656 0.201787 0.202066 0.202418 0.202726 0.202862 0.202718 0.202233 0.201419 0.200369 0.199250 0.198280 0.197689 0.197658 0.198258 0.199384 0.200714 0.201697 0.201607 0.199687 0.195430
0.196016 0.197535 0.198258 0.198436 0.198362 0.198269 0.198293 0.198473 0.198770 0.199100 0.199371 0.199508 0.199474 0.199274 0.198959 0.198607 0.198308 0.198148 0.198180 0.198418 0.198824 0.199315 0.199777 0.200090 0.200169 0.199999 0.199677 0.199435 0.199638 0.200740 0.203170 0.207127 0.202543 0.202211 0.203165 0.204848 0.206677 0.208185 0.209083 0.209276 0.208834 0.207951 0.206890 0.205926 0.205305 0.205200 0.205696 0.206772 0.208317 0.210142 0.212009 0.213668 0.214891 0.215511 0.215451 0.214748 0.213562 0.212172 0.210955 0.210354 0.210823 0.212766 0.216471 0.222041 0.259566 0.259732 0.258540 0.256908 0.255533 0.254850 0.255041 0.256085 0.257808 0.259952 0.262232 0.264391 0.266230 0.267630 0.268565 0.269086 0.269308 0.269385 0.269476 0.269720 0.270212 0.270982 0.271995 0.273152 0.274312 0.275323 0.276058 0.276459 0.276570 0.276556 0.276693 0.277304 0.280826 0.277095 0.274739 0.274115 0.275180 0.277615 0.280943 0.284639 0.288211 0.291265 0.293536 0.294907 0.295401 0.295155 0.294387 0.293351 0.292296 0.291430 0.290884 0.290705 0.290846 0.291189 0.291576 0.291850 0.291911 0.291757 0.291523 0.291477 0.291969 0.293303 0.295498 0.297912 0.206199 0.202513 0.195483 0.185684 0.174406 0.163060 0.152824 0.144483 0.138393 0.134529 0.132584 0.132079 0.132475 0.133269 0.134059 0.134584 0.134733 0.134526 0.134078 0.133557 0.133125 0.132898 0.132917 0.133129 0.133407 0.133581 0.133497 0.133080 0.132404 0.131732 0.131498 0.132213 0.134577 0.132055 0.131644 0.132566 0.134014 0.135313 0.136096 0.136296 0.136064 0.135674 0.135434 0.135598 0.136314 0.137591 0.139309 0.141243 0.143115 0.144650 0.145634 0.145963 0.145673 0.144942 0.144060 0.143373 0.143195 0.143708 0.144857 0.146275 0.147261 0.146867 0.144133 0.138543 0.168227 0.180311 0.189522 0.196152 0.200805 0.204114 0.206584 0.208542 0.210143 0.211413 0.212305 0.212755 0.212730 0.212251 0.211406 0.210340 0.209234 0.208272 0.207603 0.207314 0.207405 0.207781 0.208264 0.208624 0.208633 0.208126 0.207071 0.205635 0.204209 0.203394 0.203888 0.206255 0.202618 0.201273 0.200994 0.201384 0.202032 0.202628 0.203001 0.203111 0.203017 0.202828 0.202665 0.202619 0.202732 0.202985 0.203306 0.203587 0.203709 0.203568 0.203107 0.202330 0.201317 0.200215 0.199220 0.198538 0.198335 0.198683 0.199499 0.200510 0.201239 0.201054 0.199294 0.195512
0.196079 0.197701 0.198749 0.199317 0.199562 0.199639 0.199662 0.199694 0.199756 0.199837 0.199913 0.199956 0.199951 0.199895 0.199803 0.199699 0.199615 0.199575 0.199594 0.199670 0.199780 0.199888 0.199953 0.199943 0.199855 0.199731 0.199679 0.199876 0.200560 0.201988 0.204361 0.207688 0.203491 0.204324 0.205374 0.206436 0.207346 0.207996 0.208337 0.208378 0.208174 0.207815 0.207414 0.207089 0.206950 0.207081 0.207533 0.208317 0.209396 0.210689 0.212080 0.213423 0.214563 0.215352 0.215672 0.215460 0.214728 0.213583 0.212239 0.211025 0.210367 0.210766 0.212745 0.216762 0.256392 0.259453 0.260057 0.259302 0.258184 0.257434 0.257465 0.258389 0.260084 0.262277 0.264630 0.266824 0.268607 0.269840 0.270505 0.270692 0.270581 0.270391 0.270345 0.270618 0.271306 0.272402 0.273792 0.275277 0.276606 0.277541 0.277920 0.277732 0.277167 0.276635 0.276718 0.278019 0.282014 0.278070 0.275729 0.275298 0.276659 0.279420 0.283048 0.286981 0.290712 0.293847 0.296138 0.297489 0.297943 0.297653 0.296848 0.295784 0.294706 0.293812 0.293222 0.292972 0.293013 0.293231 0.293482 0.293639 0.293633 0.293501 0.293407 0.293634 0.294510 0.296264 0.298766 0.301125 0.191689 0.174577 0.161594 0.152231 0.145814 0.141651 0.139108 0.137661 0.136905 0.136550 0.136406 0.136362 0.136361 0.136377 0.136403 0.136436 0.136470 0.136497 0.136504 0.136480 0.136421 0.136331 0.136227 0.136133 0.136079 0.136089 0.136174 0.136316 0.136462 0.136525 0.136395 0.135977 0.136592 0.135213 0.135012 0.135529 0.136294 0.136947 0.137300 0.137329 0.137127 0.136846 0.136643 0.136636 0.136877 0.137348 0.137962 0.138594 0.139113 0.139413 0.139448 0.139257 0.138966 0.138777 0.138937 0.139683 0.141175 0.143421 0.146212 0.149080 0.151310 0.152032 0.150438 0.146168 0.170894 0.177257 0.184111 0.191020 0.197534 0.203272 0.207961 0.211458 0.213741 0.214898 0.215094 0.214549 0.213507 0.212205 0.210856 0.209630 0.208643 0.207956 0.207576 0.207462 0.207541 0.207723 0.207912 0.208028 0.208022 0.207877 0.207622 0.207324 0.207076 0.206978 0.207101 0.207446 0.203530 0.202542 0.202409 0.202783 0.203325 0.203784 0.204030 0.204046 0.203892 0.203668 0.203482 0.203409 0.203482 0.203683 0.203944 0.204169 0.204249 0.204095 0.203652 0.202923 0.201974 0.200930 0.199958 0.199238 0.198914 0.199055 0.199599 0.200325 0.200838 0.200615 0.199102 0.195924
0.196150 0.197783 0.199175 0.200201 0.200828 0.201092 0.201072 0.200868 0.200580 0.200296 0.200084 0.199984 0.200007 0.200142 0.200355 0.200597 0.200817 0.200966 0.201008 0.200927 0.200730 0.200450 0.200148 0.199906 0.199818 0.199983 0.200486 0.201383 0.202682 0.204327 0.206176 0.207995 0.205139 0.207203 0.208296 0.208600 0.208416 0.208035 0.207679 0.207478 0.207477 0.207664 0.207990 0.208399 0.208846 0.209310 0.209795 0.210325 0.210934 0.211646 0.212468 0.213367 0.214272 0.215073 0.215632 0.215811 0.215499 0.214660 0.213369 0.211857 0.210529 0.209965 0.210865 0.213942 0.250190 0.257353 0.260953 0.262051 0.261837 0.261318 0.261176 0.261739 0.263032 0.264863 0.266922 0.268880 0.270464 0.271512 0.271990 0.271992 0.271712 0.271397 0.271295 0.271603 0.272424 0.273735 0.275390 0.277134 0.278659 0.279671 0.279978 0.279581 0.278735 0.277972 0.278037 0.279688 0.283447 0.279652 0.277685 0.277686 0.279395 0.282334 0.285939 0.289673 0.293090 0.295875 0.297856 0.299000 0.299386 0.299176 0.298576 0.297796 0.297023 0.296390 0.295965 0.295751 0.295690 0.295696 0.295679 0.295585 0.295428 0.295317 0.295455 0.296105 0.297503 0.299698 0.302302 0.304111 0.181261 0.152487 0.134329 0.125320 0.123063 0.125024 0.128998 0.133333 0.136982 0.139446 0.140664 0.140858 0.140400 0.139685 0.139043 0.138683 0.138679 0.138977 0.139441 0.139894 0.140183 0.140218 0.140004 0.139646 0.139326 0.139252 0.139581 0.140336 0.141333 0.142144 0.142136 0.140639 0.139090 0.139098 0.139149 0.139171 0.139109 0.138981 0.138818 0.138646 0.138485 0.138330 0.138152 0.137896 0.137500 0.136906 0.136075 0.135014 0.133779 0.132492 0.131333 0.130532 0.130347 0.131025 0.132764 0.135661 0.139665 0.144535 0.149816 0.154846 0.158814 0.160880 0.160381 0.157168 0.177990 0.179364 0.183826 0.190361 0.197695 0.204675 0.210458 0.214577 0.216920 0.217656 0.217136 0.215800 0.214083 0.212355 0.210871 0.209763 0.209049 0.208651 0.208444 0.208295 0.208103 0.207827 0.207506 0.207242 0.207181 0.207456 0.208129 0.209125 0.210186 0.210856 0.210543 0.208681 0.205003 0.204258 0.204133 0.204354 0.204664 0.204881 0.204921 0.204786 0.204536 0.204258 0.204037 0.203933 0.203964 0.204108 0.204300 0.204456 0.204483 0.204302 0.203868 0.203184 0.202306 0.201340 0.200427 0.199716 0.199333 0.199339 0.199689 0.200208 0.200581 0.200386 0.199173 0.196636
0.196201 0.197799 0.199522 0.201001 0.202000 0.202427 0.202327 0.201837 0.201147 0.200454 0.199925 0.199671 0.199732 0.200080 0.200628 0.201247 0.201798 0.202155 0.202233 0.202005 0.201519 0.200890 0.200294 0.199932 0.200001 0.200641 0.201886 0.203629 0.205591 0.207337 0.208333 0.208088 0.207206 0.210404 0.211496 0.211035 0.209759 0.208340 0.207256 0.206761 0.206900 0.207568 0.208569 0.209686 0.210726 0.211563 0.212145 0.212500 0.212713 0.212896 0.213161 0.213580 0.214162 0.214842 0.215485 0.215903 0.215907 0.215358 0.214236 0.212704 0.211156 0.210228 0.210732 0.213505 0.241868 0.253901 0.261165 0.264583 0.265513 0.265267 0.264851 0.264876 0.265575 0.266884 0.268555 0.270264 0.271712 0.272694 0.273138 0.273107 0.272782 0.272414 0.272267 0.272562 0.273421 0.274836 0.276655 0.278610 0.280361 0.281578 0.282038 0.281724 0.280905 0.280157 0.280301 0.282179 0.285076 0.281905 0.280601 0.281111 0.283050 0.285899 0.289128 0.292287 0.295047 0.297213 0.298718 0.299599 0.299966 0.299968 0.299762 0.299483 0.299227 0.299040 0.298920 0.298827 0.298702 0.298491 0.298177 0.297796 0.297463 0.297365 0.297738 0.298811 0.300702 0.303256 0.305817 0.306903 0.176884 0.140476 0.118787 0.109756 0.109896 0.115510 0.123401 0.131205 0.137477 0.141595 0.143580 0.143870 0.143106 0.141945 0.140920 0.140364 0.140389 0.140904 0.141684 0.142449 0.142950 0.143045 0.142742 0.142212 0.141743 0.141665 0.142230 0.143476 0.145113 0.146464 0.146526 0.144234 0.141023 0.142169 0.142425 0.142038 0.141299 0.140536 0.139958 0.139633 0.139515 0.139469 0.139308 0.138835 0.137889 0.136382 0.134321 0.131826 0.129123 0.126534 0.124443 0.123257 0.123357 0.125041 0.128473 0.133632 0.140278 0.147932 0.155894 0.163287 0.169157 0.172620 0.173089 0.170569 0.188465 0.186293 0.188644 0.194170 0.201142 0.207999 0.213619 0.217405 0.219238 0.219368 0.218266 0.216486 0.214543 0.212827 0.211562 0.210792 0.210419 0.210249 0.210062 0.209679 0.209019 0.208132 0.207202 0.206514 0.206385 0.207063 0.208613 0.210806 0.213047 0.214386 0.213658 0.209834 0.206853 0.206222 0.205982 0.205940 0.205921 0.205816 0.205587 0.205254 0.204878 0.204530 0.204274 0.204148 0.204155 0.204261 0.204405 0.204507 0.204486 0.204274 0.203838 0.203183 0.202360 0.201462 0.200612 0.199937 0.199548 0.199496 0.199752 0.200173 0.200507 0.200407 0.199509 0.197554
0.196208 0.197780 0.199781 0.201633 0.202920 0.203450 0.203240 0.202468 0.201407 0.200351 0.199553 0.199182 0.199300 0.199859 0.200719 0.201677 0.202517 0.203045 0.203138 0.202771 0.202035 0.201127 0.200331 0.199959 0.200290 0.201490 0.203527 0.206116 0.208688 0.210437 0.210458 0.208032 0.209303 0.213380 0.214450 0.213355 0.211177 0.208885 0.207167 0.206379 0.206576 0.207586 0.209105 0.210788 0.212328 0.213508 0.214226 0.214502 0.214447 0.214236 0.214053 0.214049 0.214299 0.214783 0.215380 0.215891 0.216088 0.215781 0.214897 0.213566 0.212176 0.211381 0.212030 0.214961 0.232767 0.249833 0.260728 0.266277 0.268088 0.267856 0.266974 0.266375 0.266514 0.267447 0.268958 0.270695 0.272294 0.273472 0.274088 0.274161 0.273854 0.273427 0.273176 0.273364 0.274158 0.275585 0.277511 0.279661 0.281669 0.283168 0.283891 0.283796 0.283148 0.282562 0.282927 0.285164 0.286850 0.284798 0.284321 0.285234 0.287130 0.289552 0.292088 0.294428 0.296385 0.297883 0.298942 0.299644 0.300101 0.300425 0.300709 0.301003 0.301315 0.301614 0.301838 0.301916 0.301793 0.301450 0.300928 0.300342 0.299878 0.299781 0.300304 0.301644 0.303826 0.306551 0.308992 0.309530 0.179982 0.141662 0.118723 0.109065 0.109052 0.114810 0.122980 0.131079 0.137588 0.141856 0.143905 0.144198 0.143406 0.142215 0.141181 0.140646 0.140717 0.141293 0.142132 0.142937 0.143448 0.143524 0.143182 0.142613 0.142133 0.142093 0.142758 0.144159 0.145967 0.147440 0.147487 0.144957 0.141420 0.142972 0.143299 0.142763 0.141787 0.140807 0.140095 0.139732 0.139652 0.139667 0.139532 0.138998 0.137868 0.136046 0.133562 0.130586 0.127421 0.124479 0.122240 0.121199 0.121804 0.124391 0.129121 0.135933 0.144500 0.154229 0.164276 0.173615 0.181149 0.185885 0.187169 0.185000 0.200609 0.196653 0.197396 0.201443 0.207017 0.212540 0.216915 0.219596 0.220527 0.220016 0.218567 0.216733 0.214991 0.213657 0.212858 0.212531 0.212476 0.212422 0.212108 0.211362 0.210160 0.208654 0.207159 0.206099 0.205906 0.206892 0.209095 0.212152 0.215218 0.216999 0.215958 0.210796 0.208837 0.208201 0.207758 0.207389 0.206995 0.206529 0.205995 0.205433 0.204907 0.204478 0.204191 0.204064 0.204080 0.204195 0.204338 0.204428 0.204387 0.204157 0.203708 0.203053 0.202243 0.201370 0.200551 0.199907 0.199538 0.199498 0.199762 0.200208 0.200612 0.200673 0.200062 0.198546
0.196162 0.197758 0.199951 0.202026 0.203461 0.204005 0.203671 0.202678 0.201358 0.200071 0.199126 0.198724 0.198931 0.199677 0.200777 0.201975 0.202997 0.203610 0.203671 0.203167 0.202231 0.201131 0.200232 0.199929 0.200555 0.202279 0.205003 0.208286 0.211322 0.213009 0.212161 0.207901 0.211012 0.215595 0.216646 0.215168 0.212436 0.209593 0.207450 0.206430 0.206602 0.207767 0.209564 0.211579 0.213438 0.214865 0.215721 0.216009 0.215846 0.215429 0.214979 0.214688 0.214676 0.214958 0.215441 0.215942 0.216234 0.216121 0.215521 0.214548 0.213572 0.213223 0.214301 0.217543 0.224383 0.245962 0.259723 0.266575 0.268532 0.267788 0.266184 0.264978 0.264809 0.265787 0.267651 0.269940 0.272157 0.273899 0.274931 0.275226 0.274946 0.274392 0.273929 0.273899 0.274541 0.275931 0.277953 0.280316 0.282607 0.284397 0.285367 0.285448 0.284935 0.284533 0.285271 0.288216 0.288751 0.288225 0.288578 0.289632 0.291122 0.292784 0.294409 0.295861 0.297082 0.298078 0.298898 0.299615 0.300298 0.301003 0.301751 0.302529 0.303291 0.303965 0.304467 0.304725 0.304694 0.304378 0.303845 0.303234 0.302751 0.302645 0.303164 0.304486 0.306615 0.309241 0.311554 0.312014 0.191158 0.157428 0.135819 0.124839 0.121789 0.123741 0.128120 0.132984 0.137098 0.139875 0.141235 0.141439 0.140917 0.140128 0.139447 0.139108 0.139181 0.139591 0.140168 0.140702 0.141014 0.141011 0.140716 0.140273 0.139915 0.139899 0.140410 0.141456 0.142783 0.143829 0.143784 0.141805 0.139731 0.140577 0.140775 0.140490 0.139941 0.139368 0.138936 0.138704 0.138643 0.138648 0.138566 0.138235 0.137522 0.136351 0.134736 0.132796 0.130755 0.128936 0.127735 0.127584 0.128899 0.132025 0.137171 0.144353 0.153342 0.163631 0.174433 0.184717 0.193304 0.199030 0.200996 0.198940 0.212422 0.208377 0.208125 0.210484 0.213989 0.217381 0.219829 0.220976 0.220870 0.219831 0.218312 0.216762 0.215526 0.214786 0.214539 0.214625 0.214781 0.214711 0.214171 0.213040 0.211367 0.209390 0.207508 0.206211 0.205972 0.207101 0.209594 0.213006 0.216378 0.218292 0.217110 0.211489 0.210691 0.209946 0.209262 0.208568 0.207817 0.207006 0.206169 0.205370 0.204680 0.204159 0.203844 0.203738 0.203808 0.203990 0.204200 0.204344 0.204336 0.204113 0.203648 0.202957 0.202100 0.201181 0.200325 0.199666 0.199315 0.199331 0.199694 0.200282 0.200868 0.201140 0.200757 0.199464
0.196070 0.197761 0.200033 0.202139 0.203544 0.204005 0.203559 0.202454 0.201051 0.199731 0.198814 0.198499 0.198834 0.199727 0.200962 0.202256 0.203314 0.203893 0.203857 0.203215 0.202134 0.200930 0.200013 0.199815 0.200689 0.202786 0.205953 0.209649 0.212927 0.214526 0.213116 0.207764 0.211990 0.216628 0.217679 0.216150 0.213323 0.210358 0.208084 0.206946 0.207028 0.208144 0.209938 0.211995 0.213931 0.215457 0.216415 0.216786 0.216673 0.216258 0.215759 0.215372 0.215231 0.215377 0.215749 0.216199 0.216539 0.216601 0.216314 0.215785 0.215341 0.215530 0.217028 0.220394 0.218074 0.242972 0.258221 0.265069 0.266131 0.264209 0.261622 0.259920 0.259847 0.261462 0.264348 0.267837 0.271227 0.273942 0.275643 0.276264 0.276001 0.275239 0.274459 0.274119 0.274558 0.275907 0.278056 0.280667 0.283248 0.285279 0.286371 0.286449 0.285891 0.285585 0.286820 0.290912 0.290807 0.292020 0.293047 0.293896 0.294616 0.295272 0.295918 0.296597 0.297337 0.298153 0.299048 0.300016 0.301042 0.302103 0.303169 0.304201 0.305151 0.305969 0.306605 0.307016 0.307178 0.307095 0.306812 0.306422 0.306073 0.305955 0.306279 0.307231 0.308890 0.311109 0.313332 0.314352 0.209998 0.187010 0.169206 0.156312 0.147579 0.142081 0.138905 0.137261 0.136529 0.136270 0.136205 0.136183 0.136144 0.136084 0.136021 0.135978 0.135964 0.135974 0.135989 0.135985 0.135940 0.135846 0.135712 0.135565 0.135447 0.135399 0.135447 0.135583 0.135748 0.135826 0.135662 0.135108 0.136113 0.134953 0.134791 0.135229 0.135875 0.136431 0.136753 0.136837 0.136768 0.136674 0.136681 0.136879 0.137303 0.137937 0.138729 0.139617 0.140562 0.141579 0.142763 0.144297 0.146444 0.149521 0.153841 0.159648 0.167027 0.175821 0.185554 0.195390 0.204162 0.210489 0.213036 0.210973 0.222026 0.219201 0.218560 0.219320 0.220571 0.221585 0.221945 0.221548 0.220536 0.219201 0.217869 0.216819 0.216217 0.216082 0.216299 0.216644 0.216844 0.216639 0.215849 0.214427 0.212490 0.210319 0.208328 0.206987 0.206722 0.207784 0.210128 0.213298 0.216388 0.218102 0.216983 0.211883 0.212173 0.211226 0.210312 0.209367 0.208351 0.207274 0.206186 0.205170 0.204313 0.203689 0.203341 0.203270 0.203430 0.203741 0.204095 0.204372 0.204463 0.204290 0.203813 0.203052 0.202081 0.201023 0.200037 0.199289 0.198918 0.199007 0.199536 0.200368 0.201232 0.201750 0.201506 0.200176
0.195961 0.197805 0.200027 0.201961 0.203160 0.203458 0.202937 0.201861 0.200584 0.199459 0.198764 0.198659 0.199160 0.200147 0.201396 0.202628 0.203564 0.203987 0.203790 0.203012 0.201845 0.200617 0.199742 0.199643 0.200647 0.202878 0.206152 0.209898 0.213157 0.214673 0.213140 0.207672 0.212045 0.216270 0.217343 0.216113 0.213683 0.211066 0.208999 0.207894 0.207850 0.208731 0.210247 0.212049 0.213804 0.215252 0.216241 0.216737 0.216805 0.216586 0.216255 0.215979 0.215879 0.216006 0.216331 0.216758 0.217152 0.217396 0.217443 0.217376 0.217447 0.218067 0.219717 0.222752 0.214784 0.241250 0.256239 0.261594 0.260679 0.256956 0.253203 0.251187 0.251652 0.254497 0.259043 0.264331 0.269391 0.273445 0.276041 0.277097 0.276871 0.275872 0.274733 0.274059 0.274299 0.275638 0.277956 0.280841 0.283689 0.285863 0.286903 0.286746 0.285910 0.285557 0.287342 0.292928 0.293086 0.295980 0.297399 0.297705 0.297407 0.296974 0.296750 0.296926 0.297551 0.298568 0.299856 0.301271 0.302679 0.303980 0.305118 0.306078 0.306878 0.307554 0.308140 0.308659 0.309110 0.309470 0.309707 0.309793 0.309738 0.309610 0.309555 0.309797 0.310588 0.312116 0.314306 0.316521 0.235000 0.227359 0.215309 0.200221 0.184016 0.168515 0.155098 0.144567 0.137162 0.132660 0.130523 0.130051 0.130528 0.131328 0.131994 0.132268 0.132083 0.131533 0.130807 0.130124 0.129667 0.129530 0.129684 0.129982 0.130190 0.130055 0.129395 0.128196 0.126702 0.125451 0.125224 0.126848 0.131613 0.127207 0.126467 0.128079 0.130643 0.133001 0.134518 0.135081 0.134967 0.134684 0.134808 0.135833 0.138071 0.141593 0.146230 0.151614 0.157262 0.162671 0.167421 0.171271 0.174216 0.176509 0.178627 0.181187 0.184810 0.189943 0.196679 0.204582 0.212601 0.219108 0.222152 0.220041 0.228061 0.227172 0.226635 0.226149 0.225449 0.224403 0.223026 0.221457 0.219897 0.218557 0.217603 0.217115 0.217077 0.217375 0.217821 0.218186 0.218247 0.217828 0.216843 0.215322 0.213421 0.211409 0.209632 0.208453 0.208176 0.208955 0.210708 0.213061 0.215319 0.216536 0.215688 0.212005 0.213092 0.211853 0.210761 0.209704 0.208591 0.207396 0.206162 0.204981 0.203968 0.203227 0.202826 0.202781 0.203049 0.203533 0.204096 0.204584 0.204849 0.204776 0.204307 0.203454 0.202306 0.201020 0.199800 0.198869 0.198420 0.198568 0.199304 0.200453 0.201668 0.202448 0.202237 0.200588
0.195880 0.197889 0.199930 0.201517 0.202377 0.202468 0.201935 0.201041 0.200092 0.199366 0.199063 0.199270 0.199956 0.200981 0.202132 0.203162 0.203844 0.204015 0.203616 0.202719 0.201523 0.200338 0.199539 0.199491 0.200468 0.202556 0.205569 0.208990 0.211973 0.213427 0.212236 0.207651 0.211200 0.214585 0.215686 0.215057 0.213461 0.211622 0.210085 0.209177 0.209010 0.209522 0.210540 0.211834 0.213175 0.214375 0.215310 0.215934 0.216269 0.216393 0.216411 0.216432 0.216541 0.216787 0.217168 0.217640 0.218135 0.218586 0.218966 0.219321 0.219788 0.220591 0.221982 0.224109 0.214838 0.240759 0.253705 0.256269 0.252580 0.246698 0.241759 0.239641 0.240990 0.245461 0.252056 0.259488 0.266502 0.272120 0.275783 0.277405 0.277322 0.276178 0.274764 0.273833 0.273940 0.275318 0.277822 0.280958 0.284006 0.286213 0.287053 0.286494 0.285221 0.284697 0.286979 0.294104 0.295664 0.299871 0.301337 0.300883 0.299523 0.298139 0.297327 0.297365 0.298251 0.299790 0.301683 0.303614 0.305328 0.306662 0.307572 0.308118 0.308439 0.308707 0.309080 0.309665 0.310481 0.311452 0.312419 0.313179 0.313542 0.313411 0.312848 0.312137 0.311780 0.312419 0.314622 0.318471 0.263653 0.273341 0.268099 0.251046 0.226982 0.200717 0.176135 0.155795 0.140901 0.131500 0.126807 0.125555 0.126337 0.127875 0.129202 0.129758 0.129391 0.128288 0.126849 0.125544 0.124759 0.124682 0.125235 0.126074 0.126669 0.126453 0.125032 0.122408 0.119172 0.116587 0.116454 0.120642 0.128183 0.119619 0.118143 0.121259 0.126254 0.130887 0.133901 0.135049 0.134847 0.134289 0.134523 0.136559 0.141051 0.148176 0.157606 0.168578 0.180029 0.190785 0.199765 0.206178 0.209670 0.210416 0.209103 0.206837 0.204939 0.204656 0.206837 0.211601 0.218090 0.224404 0.227846 0.225640 0.229984 0.231080 0.230949 0.229743 0.227779 0.225430 0.223057 0.220957 0.219330 0.218274 0.217782 0.217764 0.218064 0.218492 0.218855 0.218981 0.218747 0.218093 0.217035 0.215661 0.214124 0.212617 0.211350 0.210509 0.210225 0.210532 0.211344 0.212436 0.213458 0.213975 0.213560 0.211940 0.213346 0.211709 0.210516 0.209537 0.208555 0.207453 0.206228 0.204972 0.203829 0.202951 0.202458 0.202402 0.202758 0.203424 0.204235 0.204992 0.205495 0.205580 0.205151 0.204205 0.202841 0.201254 0.199713 0.198511 0.197915 0.198092 0.199044 0.200552 0.202158 0.203195 0.202904 0.200670
0.195890 0.197992 0.199733 0.200865 0.201331 0.201235 0.200775 0.200195 0.199723 0.199534 0.199721 0.200287 0.201149 0.202157 0.203125 0.203865 0.204220 0.204101 0.203505 0.202529 0.201364 0.200274 0.199557 0.199494 0.200281 0.201969 0.204401 0.207183 0.209681 0.211096 0.210616 0.207699 0.209707 0.211927 0.213029 0.213189 0.212724 0.211969 0.211211 0.210651 0.210402 0.210491 0.210886 0.211513 0.212282 0.213101 0.213899 0.214625 0.215258 0.215802 0.216279 0.216724 0.217173 0.217658 0.218196 0.218793 0.219438 0.220114 0.220800 0.221486 0.222172 0.222872 0.223596 0.224320 0.217844 0.241008 0.250467 0.249515 0.242853 0.234921 0.229018 0.226999 0.229344 0.235450 0.244027 0.253509 0.262408 0.269583 0.274397 0.276755 0.277052 0.276031 0.274598 0.273614 0.273712 0.275159 0.277797 0.281080 0.284208 0.286355 0.286959 0.286022 0.284353 0.283643 0.286242 0.294463 0.298546 0.303427 0.304618 0.303391 0.301196 0.299230 0.298244 0.298520 0.299949 0.302161 0.304672 0.307011 0.308821 0.309920 0.310312 0.310172 0.309785 0.309482 0.309554 0.310188 0.311410 0.313070 0.314860 0.316373 0.317206 0.317079 0.315972 0.314239 0.312654 0.312348 0.314563 0.320138 0.292672 0.318301 0.319767 0.301614 0.271086 0.235565 0.201122 0.171888 0.149968 0.135718 0.128208 0.125744 0.126367 0.128258 0.130016 0.130808 0.130382 0.128972 0.127126 0.125494 0.124614 0.124742 0.125755 0.127153 0.128172 0.128001 0.126088 0.122459 0.118001 0.114571 0.114789 0.121337 0.128502 0.115448 0.113174 0.117906 0.125479 0.132515 0.137103 0.138843 0.138507 0.137605 0.137890 0.140910 0.147680 0.158477 0.172801 0.189456 0.206759 0.222822 0.235863 0.244511 0.248056 0.246599 0.241072 0.233118 0.224818 0.218289 0.215198 0.216259 0.220821 0.226694 0.230373 0.227919 0.228226 0.230755 0.231097 0.229739 0.227383 0.224711 0.222256 0.220352 0.219134 0.218569 0.218513 0.218756 0.219081 0.219299 0.219280 0.218960 0.218347 0.217504 0.216533 0.215546 0.214645 0.213900 0.213337 0.212934 0.212632 0.212354 0.212036 0.211657 0.211271 0.211021 0.211125 0.211815 0.212935 0.210771 0.209556 0.208867 0.208284 0.207531 0.206513 0.205301 0.204069 0.203035 0.202389 0.202248 0.202628 0.203437 0.204488 0.205536 0.206320 0.206613 0.206269 0.205255 0.203675 0.201760 0.199846 0.198314 0.197515 0.197682 0.198835 0.200706 0.202709 0.203973 0.203497 0.200460
0.196059 0.198076 0.199425 0.200091 0.200216 0.200021 0.199734 0.199555 0.199621 0.199994 0.200663 0.201552 0.202540 0.203482 0.204231 0.204667 0.204712 0.204346 0.203617 0.202635 0.201563 0.200603 0.199959 0.199812 0.200283 0.201395 0.203048 0.205005 0.206901 0.208280 0.208683 0.207787 0.208023 0.208905 0.209938 0.210908 0.211658 0.212106 0.212248 0.212142 0.211884 0.211587 0.211361 0.211292 0.211438 0.211820 0.212422 0.213204 0.214107 0.215066 0.216022 0.216932 0.217778 0.218567 0.219325 0.220092 0.220906 0.221785 0.222708 0.223600 0.224326 0.224700 0.224520 0.223639 0.222735 0.241130 0.246333 0.242019 0.233022 0.223753 0.217388 0.215616 0.218733 0.225963 0.235861 0.246734 0.256996 0.265436 0.271367 0.274672 0.275734 0.275300 0.274287 0.273577 0.273823 0.275321 0.277936 0.281149 0.284183 0.286230 0.286743 0.285734 0.284018 0.283288 0.285899 0.294179 0.301576 0.306334 0.307040 0.305279 0.302739 0.300744 0.300053 0.300866 0.302935 0.305736 0.308644 0.311094 0.312694 0.313286 0.312959 0.312009 0.310867 0.309996 0.309793 0.310494 0.312115 0.314422 0.316967 0.319161 0.320413 0.320294 0.318720 0.316107 0.313463 0.312325 0.314496 0.321447 0.318403 0.354982 0.361808 0.344083 0.310359 0.269480 0.228835 0.193567 0.166446 0.148162 0.137847 0.133681 0.133465 0.135106 0.136951 0.137970 0.137789 0.136593 0.134936 0.133509 0.132898 0.133386 0.134844 0.136726 0.138193 0.138356 0.136612 0.133006 0.128544 0.125307 0.126212 0.134190 0.135571 0.118459 0.115451 0.121609 0.131430 0.140550 0.146494 0.148711 0.148198 0.146908 0.147113 0.150822 0.159350 0.173052 0.191264 0.212410 0.234270 0.254338 0.270239 0.280122 0.282996 0.278932 0.269108 0.255664 0.241364 0.229088 0.221203 0.218911 0.221696 0.227049 0.230706 0.227671 0.224156 0.227148 0.227800 0.226750 0.224824 0.222753 0.221044 0.219942 0.219463 0.219461 0.219705 0.219949 0.219996 0.219732 0.219138 0.218288 0.217318 0.216392 0.215663 0.215228 0.215103 0.215210 0.215387 0.215413 0.215068 0.214195 0.212778 0.211011 0.209332 0.208406 0.209011 0.211787 0.211971 0.209128 0.207946 0.207749 0.207836 0.207701 0.207111 0.206084 0.204821 0.203610 0.202735 0.202404 0.202696 0.203552 0.204777 0.206088 0.207162 0.207700 0.207493 0.206468 0.204719 0.202509 0.200234 0.198362 0.197336 0.197460 0.198780 0.200981 0.203343 0.204782 0.204037 0.200063
0.196451 0.198098 0.198997 0.199296 0.199247 0.199112 0.199101 0.199346 0.199895 0.200719 0.201734 0.202819 0.203841 0.204676 0.205226 0.205432 0.205280 0.204802 0.204069 0.203185 0.202274 0.201464 0.200874 0.200600 0.200699 0.201190 0.202039 0.203168 0.204463 0.205779 0.206963 0.207871 0.206725 0.206288 0.207144 0.208756 0.210554 0.212088 0.213088 0.213467 0.213293 0.212739 0.212027 0.211381 0.210986 0.210963 0.211358 0.212146 0.213243 0.214532 0.215890 0.217207 0.218413 0.219487 0.220452 0.221370 0.222307 0.223306 0.224342 0.225296 0.225930 0.225914 0.224897 0.222659 0.227951 0.240062 0.241143 0.234652 0.224867 0.215601 0.209547 0.208083 0.211378 0.218665 0.228602 0.239626 0.250267 0.259376 0.266266 0.270747 0.273078 0.273855 0.273845 0.273816 0.274368 0.275817 0.278128 0.280938 0.283653 0.285631 0.286410 0.285962 0.284894 0.284530 0.286754 0.293479 0.304314 0.308204 0.308407 0.306577 0.304356 0.302947 0.302962 0.304450 0.307038 0.310113 0.313008 0.315162 0.316228 0.316126 0.315043 0.313377 0.311653 0.310406 0.310074 0.310898 0.312855 0.315639 0.318701 0.321342 0.322862 0.322752 0.320895 0.317750 0.314448 0.312749 0.314763 0.322327 0.337363 0.376739 0.386461 0.371228 0.339169 0.298884 0.257724 0.220978 0.191691 0.170899 0.158088 0.151744 0.149895 0.150566 0.152117 0.153433 0.153985 0.153765 0.153135 0.152626 0.152728 0.153708 0.155502 0.157700 0.159635 0.160585 0.160051 0.158066 0.155457 0.153938 0.155897 0.163661 0.152119 0.132217 0.128665 0.135715 0.146926 0.157326 0.164081 0.166532 0.165805 0.164117 0.164045 0.167867 0.177060 0.192010 0.211938 0.235031 0.258742 0.280210 0.296729 0.306205 0.307531 0.300826 0.287478 0.269983 0.251551 0.235525 0.224662 0.220382 0.222132 0.227071 0.230332 0.226191 0.219833 0.222176 0.222790 0.222273 0.221310 0.220441 0.219970 0.219962 0.220300 0.220759 0.221093 0.221101 0.220674 0.219816 0.218640 0.217342 0.216152 0.215291 0.214912 0.215063 0.215662 0.216498 0.217259 0.217587 0.217163 0.215801 0.213554 0.210788 0.208220 0.206863 0.207838 0.212007 0.210669 0.206987 0.205855 0.206301 0.207283 0.208009 0.208057 0.207363 0.206136 0.204736 0.203555 0.202907 0.202964 0.203720 0.204996 0.206484 0.207808 0.208600 0.208583 0.207632 0.205818 0.203414 0.200866 0.198714 0.197484 0.197552 0.198989 0.201448 0.204088 0.205628 0.204563 0.199634
0.197112 0.198017 0.198448 0.198578 0.198621 0.198761 0.199116 0.199734 0.200595 0.201629 0.202734 0.203799 0.204722 0.205421 0.205846 0.205978 0.205833 0.205453 0.204900 0.204243 0.203558 0.202911 0.202360 0.201950 0.201717 0.201693 0.201911 0.202408 0.203232 0.204426 0.206005 0.207910 0.206387 0.204865 0.205418 0.207324 0.209758 0.212023 0.213658 0.214463 0.214463 0.213851 0.212909 0.211942 0.211217 0.210924 0.211157 0.211909 0.213093 0.214566 0.216164 0.217734 0.219168 0.220416 0.221489 0.222451 0.223383 0.224345 0.225324 0.226193 0.226686 0.226424 0.224998 0.222169 0.231776 0.236831 0.234881 0.228341 0.220081 0.212648 0.207857 0.206666 0.209230 0.215066 0.223273 0.232752 0.242418 0.251353 0.258910 0.264766 0.268907 0.271576 0.273195 0.274255 0.275214 0.276415 0.278020 0.279996 0.282140 0.284151 0.285740 0.286760 0.287331 0.287923 0.289329 0.292491 0.305917 0.308536 0.308467 0.307148 0.305886 0.305551 0.306488 0.308576 0.311373 0.314282 0.316711 0.318211 0.318554 0.317770 0.316129 0.314078 0.312156 0.310883 0.310656 0.311666 0.313837 0.316821 0.320037 0.322776 0.324340 0.324232 0.322347 0.319142 0.315731 0.313842 0.315556 0.322729 0.346884 0.378956 0.388366 0.377931 0.353280 0.320725 0.285945 0.253319 0.225689 0.204434 0.189724 0.180858 0.176625 0.175631 0.176554 0.178327 0.180224 0.181879 0.183228 0.184415 0.185674 0.187220 0.189154 0.191427 0.193847 0.196150 0.198116 0.199707 0.201190 0.203181 0.206528 0.211932 0.179847 0.159176 0.155366 0.162437 0.173697 0.184125 0.190852 0.193176 0.192208 0.190155 0.189571 0.192706 0.201001 0.214804 0.233304 0.254674 0.276378 0.295593 0.309686 0.316668 0.315562 0.306626 0.291387 0.272453 0.253098 0.236660 0.225803 0.221761 0.223708 0.228477 0.230884 0.225008 0.217559 0.218297 0.218432 0.218362 0.218437 0.218845 0.219595 0.220543 0.221464 0.222116 0.222306 0.221934 0.221015 0.219673 0.218125 0.216634 0.215462 0.214818 0.214813 0.215423 0.216488 0.217713 0.218722 0.219118 0.218577 0.216945 0.214340 0.211218 0.208393 0.206959 0.208080 0.212589 0.209318 0.204669 0.203560 0.204712 0.206717 0.208465 0.209310 0.209076 0.207957 0.206375 0.204825 0.203740 0.203400 0.203876 0.205031 0.206556 0.208040 0.209062 0.209277 0.208504 0.206773 0.204348 0.201693 0.199395 0.198041 0.198060 0.199556 0.202159 0.204948 0.206494 0.205101 0.199342
0.198054 0.197811 0.197793 0.198019 0.198473 0.199119 0.199905 0.200780 0.201693 0.202597 0.203453 0.204228 0.204898 0.205445 0.205855 0.206120 0.206238 0.206211 0.206044 0.205749 0.205348 0.204868 0.204348 0.203840 0.203406 0.203117 0.203051 0.203285 0.203883 0.204877 0.206247 0.207885 0.207417 0.205262 0.205403 0.207138 0.209606 0.212049 0.213939 0.215012 0.215248 0.214812 0.213973 0.213040 0.212296 0.211952 0.212124 0.212825 0.213982 0.215456 0.217077 0.218680 0.220135 0.221369 0.222375 0.223202 0.223933 0.224645 0.225362 0.226014 0.226406 0.226234 0.225147 0.222923 0.232778 0.230915 0.227799 0.223909 0.219846 0.216241 0.213684 0.212643 0.213422 0.216125 0.220657 0.226735 0.233931 0.241720 0.249540 0.256860 0.263237 0.268366 0.272116 0.274547 0.275895 0.276543 0.276962 0.277632 0.278953 0.281148 0.284179 0.287694 0.291026 0.293273 0.293496 0.291070 0.305053 0.306693 0.306842 0.306518 0.306544 0.307381 0.309109 0.311498 0.314128 0.316520 0.318250 0.319041 0.318812 0.317685 0.315963 0.314068 0.312463 0.311570 0.311683 0.312906 0.315117 0.317970 0.320940 0.323408 0.324787 0.324674 0.323008 0.320199 0.317205 0.315484 0.316777 0.322637 0.345775 0.360482 0.366246 0.362680 0.350926 0.333021 0.311396 0.288482 0.266435 0.246954 0.231189 0.219720 0.212603 0.209448 0.209547 0.211998 0.215848 0.220216 0.224398 0.227946 0.230704 0.232806 0.234629 0.236708 0.239620 0.243833 0.249565 0.256634 0.264362 0.271541 0.276500 0.277335 0.218605 0.199676 0.195925 0.201876 0.211501 0.220398 0.226053 0.227811 0.226597 0.224264 0.222952 0.224522 0.230138 0.240037 0.253486 0.268919 0.284216 0.297075 0.305414 0.307758 0.303532 0.293229 0.278398 0.261443 0.245223 0.232497 0.225262 0.224102 0.227676 0.232556 0.233647 0.225515 0.219255 0.217876 0.217120 0.217105 0.217780 0.218954 0.220354 0.221682 0.222672 0.223134 0.222979 0.222227 0.221002 0.219505 0.217983 0.216682 0.215812 0.215505 0.215792 0.216584 0.217682 0.218798 0.219600 0.219772 0.219086 0.217475 0.215102 0.212395 0.210048 0.208931 0.209921 0.213570 0.208240 0.202597 0.201445 0.203241 0.206245 0.209036 0.210737 0.211039 0.210097 0.208367 0.206429 0.204827 0.203952 0.203970 0.204808 0.206189 0.207698 0.208881 0.209347 0.208855 0.207386 0.205165 0.202638 0.200396 0.199046 0.199047 0.200525 0.203118 0.205877 0.207310 0.205632 0.199330
0.199242 0.197494 0.197073 0.197661 0.198827 0.200175 0.201416 0.202392 0.203062 0.203475 0.203733 0.203947 0.204218 0.204604 0.205118 0.205725 0.206355 0.206916 0.207318 0.207493 0.207410 0.207092 0.206610 0.206079 0.205639 0.205423 0.205524 0.205960 0.206644 0.207377 0.207869 0.207822 0.209884 0.207737 0.207438 0.208522 0.210346 0.212309 0.213965 0.215065 0.215546 0.215496 0.215102 0.214590 0.214181 0.214050 0.214305 0.214973 0.216007 0.217304 0.218723 0.220118 0.221362 0.222366 0.223098 0.223584 0.223895 0.224131 0.224386 0.224718 0.225112 0.225468 0.225614 0.225367 0.230306 0.222607 0.220532 0.221899 0.224387 0.226272 0.226695 0.225638 0.223709 0.221859 0.221089 0.222203 0.225636 0.231375 0.238971 0.247629 0.256357 0.264155 0.270198 0.274003 0.275533 0.275238 0.273989 0.272927 0.273216 0.275738 0.280761 0.287652 0.294710 0.299261 0.298114 0.288608 0.299869 0.301886 0.302962 0.303729 0.304692 0.306117 0.308023 0.310234 0.312461 0.314390 0.315758 0.316413 0.316339 0.315664 0.314629 0.313550 0.312761 0.312549 0.313099 0.314454 0.316490 0.318925 0.321351 0.323306 0.324363 0.324244 0.322928 0.320747 0.318430 0.317063 0.317915 0.322087 0.334911 0.324861 0.324329 0.328856 0.333732 0.335360 0.331804 0.322809 0.309471 0.293751 0.277946 0.264207 0.254173 0.248747 0.248024 0.251360 0.257560 0.265141 0.272638 0.278886 0.283263 0.285820 0.287288 0.288944 0.292324 0.298810 0.309146 0.322947 0.338316 0.351722 0.358325 0.352984 0.265634 0.250991 0.247542 0.251094 0.257307 0.263050 0.266542 0.267291 0.265855 0.263396 0.261240 0.260511 0.261861 0.265348 0.270431 0.276084 0.281008 0.283883 0.283641 0.279698 0.272122 0.261693 0.249832 0.238395 0.229337 0.224272 0.223996 0.228043 0.234406 0.239562 0.239007 0.228543 0.225768 0.222397 0.220502 0.219956 0.220386 0.221343 0.222403 0.223235 0.223631 0.223508 0.222898 0.221918 0.220741 0.219558 0.218545 0.217841 0.217522 0.217594 0.217993 0.218591 0.219219 0.219688 0.219824 0.219499 0.218665 0.217375 0.215798 0.214217 0.212999 0.212533 0.213131 0.214878 0.207738 0.201254 0.199981 0.202220 0.205995 0.209651 0.212116 0.212948 0.212234 0.210428 0.208156 0.206039 0.204563 0.203991 0.204334 0.205377 0.206741 0.207977 0.208673 0.208545 0.207514 0.205743 0.203615 0.201670 0.200483 0.200500 0.201863 0.204242 0.206741 0.207924 0.206058 0.199666
0.200587 0.197129 0.196360 0.197493 0.199556 0.201706 0.203373 0.204294 0.204479 0.204123 0.203523 0.202984 0.202755 0.202981 0.203684 0.204773 0.206072 0.207361 0.208427 0.209110 0.209343 0.209168 0.208733 0.208269 0.208028 0.208219 0.208918 0.209998 0.211080 0.211549 0.210661 0.207809 0.213367 0.212007 0.211388 0.211465 0.212049 0.212907 0.213828 0.214659 0.215316 0.215781 0.216093 0.216326 0.216567 0.216902 0.217394 0.218073 0.218930 0.219920 0.220962 0.221957 0.222801 0.223403 0.223703 0.223692 0.223425 0.223026 0.222682 0.222632 0.223129 0.224386 0.226503 0.229360 0.224952 0.213325 0.214177 0.222399 0.232606 0.240669 0.244310 0.243091 0.238028 0.231020 0.224261 0.219714 0.218730 0.221835 0.228691 0.238227 0.248882 0.258930 0.266837 0.271569 0.272829 0.271158 0.267866 0.264802 0.263939 0.266847 0.274101 0.284745 0.295964 0.303174 0.300779 0.283909 0.288082 0.293212 0.296039 0.297268 0.297754 0.298216 0.299104 0.300584 0.302585 0.304885 0.307197 0.309258 0.310885 0.312007 0.312679 0.313055 0.313351 0.313797 0.314580 0.315798 0.317425 0.319306 0.321169 0.322676 0.323492 0.323381 0.322306 0.320515 0.318585 0.317396 0.317976 0.321172 0.317620 0.281039 0.273166 0.285467 0.307286 0.329241 0.344870 0.351072 0.347750 0.337020 0.322248 0.307109 0.294808 0.287540 0.286226 0.290510 0.298994 0.309635 0.320240 0.328967 0.334752 0.337580 0.338549 0.339673 0.343440 0.352128 0.366989 0.387410 0.410261 0.429688 0.437702 0.425989 0.315076 0.306652 0.303522 0.303460 0.304732 0.305959 0.306383 0.305774 0.304191 0.301840 0.298938 0.295606 0.291821 0.287420 0.282146 0.275730 0.267984 0.258902 0.248732 0.238019 0.227589 0.218484 0.211822 0.208610 0.209511 0.214600 0.223137 0.233438 0.242881 0.248173 0.245964 0.233949 0.236217 0.231665 0.228688 0.227039 0.226252 0.225855 0.225487 0.224940 0.224153 0.223182 0.222153 0.221213 0.220491 0.220069 0.219966 0.220133 0.220470 0.220842 0.221109 0.221148 0.220885 0.220308 0.219474 0.218503 0.217557 0.216806 0.216383 0.216339 0.216597 0.216933 0.216982 0.216310 0.208033 0.201133 0.199693 0.202026 0.206113 0.210214 0.213156 0.214392 0.213930 0.212168 0.209714 0.207210 0.205193 0.204002 0.203739 0.204277 0.205315 0.206458 0.207312 0.207578 0.207122 0.206020 0.204549 0.203137 0.202264 0.202315 0.203429 0.205343 0.207304 0.208082 0.206176 0.200298
0.201937 0.196833 0.195758 0.197444 0.200374 0.203260 0.205263 0.206034 0.205641 0.204442 0.202933 0.201614 0.200878 0.200946 0.201841 0.203407 0.205352 0.207325 0.208993 0.210115 0.210598 0.210525 0.210143 0.209810 0.209907 0.210709 0.212259 0.214248 0.215950 0.216266 0.213935 0.208000 0.216878 0.217130 0.216521 0.215521 0.214542 0.213873 0.213662 0.213929 0.214603 0.215562 0.216669 0.217802 0.218873 0.219835 0.220682 0.221434 0.222120 0.222762 0.223362 0.223886 0.224272 0.224434 0.224288 0.223786 0.222952 0.221922 0.220972 0.220531 0.221142 0.223377 0.227658 0.233963 0.218842 0.205735 0.210270 0.224926 0.241892 0.255186 0.261476 0.260058 0.252322 0.240954 0.229108 0.219673 0.214717 0.215186 0.220828 0.230352 0.241752 0.252752 0.261279 0.265902 0.266158 0.262698 0.257222 0.252167 0.250167 0.253342 0.262493 0.276377 0.291241 0.300918 0.297803 0.275166 0.267251 0.279767 0.285124 0.285141 0.282363 0.279153 0.277228 0.277506 0.280163 0.284803 0.290684 0.296944 0.302791 0.307642 0.311197 0.313448 0.314639 0.315175 0.315514 0.316058 0.317052 0.318520 0.320257 0.321865 0.322856 0.322798 0.321494 0.319150 0.316495 0.314770 0.315517 0.320050 0.299676 0.243153 0.229355 0.246941 0.281051 0.318154 0.348486 0.366805 0.372033 0.366267 0.353521 0.338467 0.325372 0.317330 0.315863 0.320859 0.330833 0.343410 0.355946 0.366170 0.372740 0.375614 0.376139 0.376829 0.380809 0.390951 0.408839 0.433692 0.461536 0.484948 0.493832 0.477788 0.357968 0.356306 0.353111 0.348526 0.343972 0.339973 0.336888 0.334809 0.333235 0.331331 0.328102 0.322599 0.314088 0.302195 0.286995 0.269038 0.249323 0.229205 0.210265 0.194134 0.182304 0.175928 0.175644 0.181429 0.192514 0.207366 0.223782 0.239074 0.250397 0.255204 0.251849 0.240332 0.247571 0.243208 0.239601 0.236592 0.233917 0.231369 0.228868 0.226460 0.224279 0.222493 0.221251 0.220641 0.220661 0.221210 0.222104 0.223101 0.223941 0.224390 0.224280 0.223549 0.222255 0.220580 0.218806 0.217270 0.216299 0.216127 0.216815 0.218173 0.219723 0.220719 0.220257 0.217529 0.209201 0.202660 0.201086 0.203047 0.206755 0.210623 0.213533 0.214912 0.214681 0.213130 0.210767 0.208165 0.205839 0.204158 0.203297 0.203235 0.203789 0.204668 0.205551 0.206161 0.206328 0.206029 0.205398 0.204692 0.204229 0.204281 0.204964 0.206116 0.207225 0.207432 0.205673 0.201026
0.203089 0.196765 0.195395 0.197387 0.200849 0.204190 0.206385 0.207023 0.206211 0.204412 0.202257 0.200375 0.199257 0.199171 0.200142 0.201965 0.204274 0.206631 0.208625 0.209968 0.210559 0.210519 0.210170 0.209969 0.210386 0.211746 0.214063 0.216892 0.219251 0.219684 0.216544 0.208602 0.218909 0.221522 0.221501 0.219776 0.217368 0.215131 0.213623 0.213098 0.213551 0.214788 0.216523 0.218446 0.220292 0.221876 0.223109 0.223988 0.224571 0.224948 0.225200 0.225370 0.225444 0.225355 0.224997 0.224275 0.223162 0.221769 0.220405 0.219618 0.220171 0.222932 0.228627 0.237396 0.215596 0.203551 0.210616 0.228388 0.248265 0.263695 0.271051 0.269589 0.260846 0.247778 0.233848 0.222231 0.215211 0.213854 0.217928 0.226076 0.236172 0.245800 0.252770 0.255596 0.253840 0.248280 0.240822 0.234164 0.231205 0.234260 0.244188 0.259588 0.276293 0.287455 0.284608 0.260158 0.235300 0.260869 0.269290 0.265205 0.254904 0.244164 0.237139 0.236010 0.241124 0.251417 0.264968 0.279551 0.293112 0.304112 0.311723 0.315862 0.317095 0.316432 0.315067 0.314096 0.314272 0.315839 0.318467 0.321333 0.323333 0.323410 0.320969 0.316286 0.310804 0.307177 0.308847 0.318929 0.288705 0.228926 0.213630 0.231464 0.267310 0.307248 0.341087 0.363175 0.372083 0.369640 0.359680 0.346783 0.335200 0.328075 0.327021 0.332048 0.341797 0.354016 0.366164 0.376042 0.382353 0.385059 0.385488 0.386115 0.390011 0.400004 0.417650 0.442179 0.469674 0.492830 0.501735 0.486236 0.383069 0.386495 0.382240 0.372804 0.362565 0.353673 0.347417 0.344155 0.342890 0.341894 0.339172 0.332907 0.321817 0.305397 0.284025 0.258928 0.232031 0.205705 0.182456 0.164583 0.153859 0.151258 0.156779 0.169392 0.187115 0.207247 0.226732 0.242634 0.252682 0.255788 0.252468 0.245010 0.254699 0.252129 0.248771 0.244772 0.240340 0.235758 0.231356 0.227462 0.224355 0.222225 0.221143 0.221050 0.221766 0.223015 0.224463 0.225762 0.226603 0.226757 0.226116 0.224711 0.222717 0.220433 0.218242 0.216547 0.215691 0.215874 0.217068 0.218955 0.220911 0.222051 0.221383 0.218104 0.211126 0.206087 0.204549 0.205610 0.208066 0.210796 0.212962 0.214081 0.214009 0.212877 0.210994 0.208754 0.206548 0.204698 0.203413 0.202776 0.202746 0.203190 0.203916 0.204719 0.205424 0.205918 0.206164 0.206207 0.206143 0.206085 0.206101 0.206162 0.206096 0.205575 0.204169 0.201504
0.203814 0.197098 0.195402 0.197160 0.200485 0.203774 0.205978 0.206656 0.205889 0.204115 0.201951 0.200012 0.198788 0.198554 0.199341 0.200959 0.203057 0.205210 0.207022 0.208213 0.208691 0.208580 0.208207 0.208033 0.208533 0.210043 0.212590 0.215746 0.218543 0.219533 0.217056 0.209828 0.217698 0.223179 0.224540 0.222936 0.219815 0.216479 0.213862 0.212466 0.212407 0.213505 0.215404 0.217682 0.219954 0.221928 0.223443 0.224465 0.225069 0.225389 0.225571 0.225725 0.225888 0.226013 0.225981 0.225642 0.224885 0.223723 0.222378 0.221349 0.221422 0.223572 0.228726 0.237294 0.219741 0.210829 0.216880 0.231212 0.247047 0.259270 0.265089 0.263979 0.257190 0.247049 0.236242 0.227185 0.221563 0.220085 0.222442 0.227466 0.233425 0.238426 0.240824 0.239606 0.234653 0.226853 0.218012 0.210540 0.206952 0.209194 0.217917 0.231800 0.247139 0.257923 0.256720 0.236757 0.191398 0.236452 0.248020 0.235850 0.212613 0.189696 0.175092 0.172783 0.183084 0.203551 0.230104 0.258159 0.283581 0.303359 0.315977 0.321459 0.321149 0.317271 0.312380 0.308786 0.308041 0.310601 0.315715 0.321587 0.325829 0.326161 0.321270 0.311671 0.300343 0.292842 0.296474 0.318042 0.292737 0.256053 0.246612 0.257285 0.278726 0.302406 0.322143 0.334579 0.338965 0.336539 0.329751 0.321472 0.314336 0.310256 0.310177 0.314036 0.320919 0.329364 0.337747 0.344677 0.349348 0.351758 0.352775 0.353994 0.357384 0.364764 0.377143 0.394065 0.413089 0.429637 0.437485 0.430254 0.378873 0.382757 0.375630 0.361839 0.347359 0.335265 0.327258 0.323697 0.323270 0.323799 0.322846 0.318266 0.308623 0.293449 0.273312 0.249724 0.224898 0.201415 0.181821 0.168241 0.162036 0.163565 0.172093 0.185864 0.202355 0.218697 0.232218 0.241052 0.244689 0.244343 0.242931 0.244439 0.251199 0.251782 0.249891 0.246125 0.241293 0.236197 0.231509 0.227701 0.225026 0.223530 0.223088 0.223455 0.224316 0.225339 0.226222 0.226724 0.226693 0.226078 0.224925 0.223366 0.221593 0.219833 0.218311 0.217214 0.216658 0.216666 0.217149 0.217909 0.218654 0.219045 0.218762 0.217593 0.213472 0.211367 0.210192 0.209862 0.210135 0.210710 0.211293 0.211645 0.211607 0.211111 0.210176 0.208895 0.207415 0.205910 0.204559 0.203519 0.202905 0.202774 0.203115 0.203854 0.204853 0.205933 0.206893 0.207539 0.207715 0.207337 0.206413 0.205070 0.203546 0.202171 0.201316 0.201294
0.203900 0.197955 0.195865 0.196619 0.198879 0.201444 0.203465 0.204514 0.204536 0.203752 0.202534 0.201292 0.200372 0.199995 0.200226 0.200980 0.202057 0.203195 0.204136 0.204687 0.204773 0.204463 0.203968 0.203605 0.203727 0.204626 0.206421 0.208948 0.211694 0.213794 0.214161 0.211800 0.211800 0.220205 0.223811 0.223589 0.221035 0.217619 0.214490 0.212362 0.211526 0.211923 0.213269 0.215169 0.217225 0.219119 0.220656 0.221779 0.222552 0.223120 0.223662 0.224328 0.225197 0.226248 0.227350 0.228291 0.228831 0.228783 0.228106 0.226995 0.225939 0.225716 0.227266 0.231400 0.235300 0.230513 0.229854 0.231677 0.234279 0.236406 0.237428 0.237289 0.236342 0.235133 0.234190 0.233866 0.234230 0.235048 0.235819 0.235880 0.234539 0.231236 0.225681 0.217974 0.208656 0.198697 0.189392 0.182177 0.178368 0.178847 0.183734 0.192108 0.201847 0.209688 0.211642 0.203900 0.137300 0.207676 0.221873 0.197208 0.155465 0.115851 0.091550 0.088789 0.107544 0.143160 0.188340 0.235094 0.276373 0.307203 0.325279 0.330996 0.327015 0.317466 0.306956 0.299552 0.297891 0.302600 0.312127 0.323063 0.330983 0.331709 0.322861 0.305402 0.284785 0.271153 0.277882 0.317600 0.317600 0.335921 0.341432 0.336269 0.324049 0.308533 0.292864 0.279231 0.268815 0.261924 0.258217 0.256968 0.257309 0.258429 0.259711 0.260798 0.261596 0.262223 0.262924 0.263963 0.265530 0.267663 0.270217 0.272885 0.275276 0.277048 0.278072 0.278604 0.279415 0.281814 0.287480 0.298000 0.337300 0.333597 0.320791 0.304118 0.288181 0.276050 0.269028 0.266859 0.268173 0.271023 0.273411 0.273709 0.270947 0.264945 0.256287 0.246163 0.236116 0.227729 0.222312 0.220625 0.222696 0.227758 0.234344 0.240532 0.244342 0.244233 0.239650 0.231498 0.222420 0.216690 0.219492 0.235300 0.231400 0.235695 0.236583 0.235111 0.232551 0.229977 0.228081 0.227139 0.227079 0.227593 0.228270 0.228709 0.228613 0.227843 0.226432 0.224567 0.222537 0.220670 0.219256 0.218483 0.218385 0.218825 0.219506 0.220026 0.219972 0.219032 0.217130 0.214541 0.211957 0.210462 0.211346 0.215700 0.215700 0.217986 0.217640 0.215607 0.212927 0.210439 0.208645 0.207716 0.207546 0.207862 0.208325 0.208625 0.208550 0.208027 0.207117 0.206000 0.204926 0.204151 0.203883 0.204219 0.205112 0.206364 0.207640 0.208527 0.208623 0.207639 0.205524 0.202560 0.199424 0.197157 0.196995 0.200000
0.200000 0.196845 0.195971 0.196907 0.198955 0.201434 0.203811 0.205749 0.207103 0.207879 0.208186 0.208180 0.208023 0.207843 0.207721 0.207683 0.207714 0.207770 0.207806 0.207794 0.207744 0.207706 0.207775 0.208062 0.208672 0.209655 0.210966 0.212426 0.213703 0.214337 0.213824 0.211800 0.215700 0.212057 0.211076 0.212184 0.214527 0.217283 0.219823 0.221768 0.222988 0.223545 0.223630 0.223487 0.223356 0.223426 0.223804 0.224512 0.225495 0.226647 0.227836 0.228946 0.229897 0.230671 0.231314 0.231922 0.232618 0.233502 0.234603 0.235828 0.236928 0.237509 0.237095 0.235300 0.239200 0.224585 0.222179 0.227527 0.235773 0.243132 0.247459 0.248222 0.246123 0.242562 0.239095 0.236966 0.236806 0.238486 0.241155 0.243430 0.243685 0.240410 0.232555 0.219831 0.202882 0.183305 0.163488 0.146247 0.134293 0.129577 0.132598 0.141811 0.153313 0.161040 0.157773 0.137300 0.137300 0.208479 0.222717 0.197779 0.155643 0.115622 0.090996 0.088104 0.107047 0.143277 0.189566 0.237930 0.281249 0.314410 0.334909 0.342910 0.340841 0.332633 0.322763 0.315255 0.312809 0.316214 0.324159 0.333519 0.340133 0.340008 0.330802 0.313303 0.292554 0.278060 0.282433 0.317600 0.294100 0.304775 0.303261 0.292752 0.277539 0.261611 0.247923 0.238159 0.232805 0.231407 0.232916 0.236039 0.239538 0.242459 0.244254 0.244814 0.244413 0.243590 0.242986 0.243178 0.244523 0.247060 0.250474 0.254148 0.257298 0.259191 0.259404 0.258092 0.256189 0.255451 0.258209 0.266700 0.278400 0.098042 0.000000 0.000000 0.000000 0.029951 0.088577 0.143603 0.186744 0.214905 0.228974 0.232349 0.229491 0.224718 0.221339 0.221198 0.224587 0.230508 0.237153 0.242522 0.245030 0.244001 0.239943 0.234513 0.230158 0.229432 0.234070 0.243993 0.256475 0.265823 0.264048 0.243100 0.239200 0.241567 0.241268 0.239216 0.236465 0.233891 0.232042 0.231119 0.231030 0.231484 0.232101 0.232511 0.232433 0.231722 0.230388 0.228585 0.226569 0.224648 0.223117 0.222199 0.221992 0.222445 0.223352 0.224380 0.225132 0.225227 0.224406 0.222633 0.220174 0.217624 0.215835 0.215700 0.211800 0.210429 0.211069 0.212858 0.214914 0.216565 0.217434 0.217434 0.216702 0.215515 0.214195 0.213031 0.212221 0.211836 0.211824 0.212024 0.212208 0.212131 0.211588 0.210458 0.208744 0.206581 0.204232 0.202038 0.200362 0.199497 0.199571 0.200462 0.201741 0.202683 0.202379 0.200000
0.202205 0.198356 0.197264 0.198340 0.200688 0.203417 0.205817 0.207442 0.208114 0.207892 0.207003 0.205770 0.204541 0.203625 0.203248 0.203526 0.204454 0.205914 0.207704 0.209570 0.211244 0.212490 0.213142 0.213127 0.212485 0.211367 0.210017 0.208738 0.207844 0.207599 0.208167 0.209560 0.220138 0.215059 0.213206 0.213851 0.215930 0.218449 0.220690 0.222272 0.223119 0.223378 0.223322 0.223248 0.223407 0.223946 0.224890 0.226154 0.227568 0.228930 0.230054 0.230823 0.231227 0.231369 0.231461 0.231775 0.232575 0.234023 0.236086 0.238447 0.240470 0.241242 0.239754 0.235265 0.242510 0.231734 0.230396 0.234874 0.241304 0.246744 0.249606 0.249607 0.247438 0.244322 0.241553 0.240125 0.240481 0.242409 0.245080 0.247219 0.247357 0.244137 0.236612 0.224501 0.208340 0.189502 0.170068 0.152524 0.139316 0.132298 0.132145 0.137842 0.146394 0.152951 0.151581 0.137004 0.139539 0.171655 0.177315 0.165727 0.147370 0.130825 0.121427 0.121132 0.129135 0.142839 0.158905 0.174183 0.186396 0.194518 0.198830 0.200703 0.202170 0.205364 0.211955 0.222657 0.236930 0.252935 0.267806 0.278236 0.281351 0.275760 0.262627 0.246501 0.235574 0.240925 0.274199 0.343040 0.266090 0.259586 0.255615 0.253162 0.251361 0.249568 0.247382 0.244637 0.241358 0.237718 0.233980 0.230441 0.227385 0.225045 0.223574 0.223030 0.223376 0.224486 0.226164 0.228170 0.230253 0.232180 0.233766 0.234905 0.235583 0.235886 0.235995 0.236165 0.236688 0.237839 0.239806 0.242609 0.249649 0.029786 0.000000 0.000000 0.000000 0.000000 0.059131 0.130757 0.185328 0.219544 0.235201 0.237205 0.231670 0.224343 0.219499 0.219386 0.224171 0.232321 0.241287 0.248337 0.251376 0.249591 0.243786 0.236300 0.230486 0.229751 0.236294 0.249757 0.266129 0.277388 0.272505 0.240636 0.241078 0.246439 0.246995 0.244174 0.239721 0.235160 0.231529 0.229322 0.228563 0.228932 0.229931 0.231034 0.231804 0.231975 0.231482 0.230450 0.229145 0.227900 0.227029 0.226747 0.227106 0.227963 0.228984 0.229701 0.229606 0.228282 0.225561 0.221657 0.217271 0.213586 0.212095 0.214197 0.213339 0.217622 0.219778 0.220107 0.219171 0.217554 0.215734 0.214037 0.212632 0.211562 0.210786 0.210220 0.209774 0.209377 0.208991 0.208609 0.208244 0.207917 0.207632 0.207367 0.207063 0.206624 0.205935 0.204890 0.203428 0.201584 0.199531 0.197609 0.196325 0.196306 0.198162 0.202247
0.203447 0.201128 0.200348 0.200893 0.202305 0.204059 0.205682 0.206825 0.207301 0.207084 0.206292 0.205148 0.203938 0.202959 0.202472 0.202666 0.203621 0.205298 0.207538 0.210071 0.212555 0.214615 0.215901 0.216149 0.215241 0.213260 0.210525 0.207598 0.205246 0.204352 0.205741 0.209918 0.221987 0.217452 0.215621 0.215895 0.217383 0.219265 0.220956 0.222161 0.222839 0.223127 0.223255 0.223458 0.223913 0.224704 0.225806 0.227104 0.228425 0.229584 0.230435 0.230915 0.231067 0.231051 0.231117 0.231556 0.232623 0.234443 0.236915 0.239634 0.241870 0.242626 0.240841 0.235799 0.244770 0.236585 0.235699 0.239244 0.244181 0.248225 0.250177 0.249876 0.247932 0.245357 0.243200 0.242245 0.242812 0.244669 0.247076 0.248917 0.248917 0.245889 0.238988 0.227922 0.213085 0.195588 0.177155 0.159894 0.145939 0.137007 0.133915 0.136151 0.141607 0.146631 0.146586 0.137141 0.139818 0.147212 0.147775 0.144787 0.141205 0.138878 0.138395 0.139332 0.140677 0.141304 0.140371 0.137596 0.133367 0.128696 0.125023 0.123934 0.126814 0.134522 0.147126 0.163758 0.182632 0.201261 0.216858 0.226919 0.229924 0.226068 0.217876 0.210527 0.211641 0.230223 0.274398 0.347501 0.246546 0.237351 0.234661 0.236098 0.239312 0.242405 0.244117 0.243846 0.241566 0.237681 0.232851 0.227830 0.223324 0.219880 0.217824 0.217240 0.217979 0.219718 0.222020 0.224421 0.226508 0.227992 0.228749 0.228840 0.228495 0.228057 0.227900 0.228329 0.229471 0.231197 0.233089 0.234530 0.239956 0.008400 0.000000 0.000000 0.000000 0.000000 0.050670 0.127579 0.185864 0.222145 0.238474 0.240200 0.233926 0.225827 0.220477 0.220259 0.225321 0.233993 0.243527 0.250996 0.254170 0.252206 0.245997 0.238082 0.232060 0.231562 0.238881 0.253527 0.271053 0.282695 0.276495 0.240787 0.241957 0.246393 0.246790 0.244332 0.240468 0.236459 0.233170 0.231024 0.230057 0.230031 0.230566 0.231257 0.231775 0.231925 0.231665 0.231097 0.230419 0.229867 0.229643 0.229856 0.230469 0.231287 0.231973 0.232101 0.231254 0.229136 0.225712 0.221318 0.216740 0.213175 0.212062 0.214660 0.215103 0.221078 0.223301 0.222636 0.220264 0.217273 0.214451 0.212230 0.210732 0.209847 0.209348 0.208982 0.208548 0.207945 0.207182 0.206364 0.205651 0.205209 0.205153 0.205500 0.206142 0.206841 0.207269 0.207063 0.205927 0.203744 0.200691 0.197329 0.194632 0.193905 0.196532 0.203485
0.203929 0.204164 0.203962 0.203686 0.203601 0.203820 0.204307 0.204924 0.205492 0.205850 0.205897 0.205620 0.205108 0.204525 0.204091 0.204033 0.204538 0.205712 0.207541 0.209873 0.212425 0.214806 0.216578 0.217328 0.216768 0.214836 0.211786 0.208248 0.205231 0.204020 0.205942 0.211937 0.221795 0.219022 0.217781 0.217789 0.218575 0.219690 0.220811 0.221763 0.222506 0.223095 0.223628 0.224203 0.224888 0.225700 0.226604 0.227526 0.228375 0.229070 0.229566 0.229877 0.230084 0.230332 0.230805 0.231688 0.233112 0.235095 0.237477 0.239887 0.241737 0.242288 0.240813 0.236894 0.246123 0.239276 0.238444 0.241273 0.245259 0.248516 0.250055 0.249750 0.248110 0.245982 0.244239 0.243530 0.244110 0.245768 0.247857 0.249405 0.249296 0.246479 0.240180 0.230092 0.216488 0.200259 0.182844 0.166046 0.151747 0.141541 0.136335 0.135979 0.139016 0.142684 0.143309 0.137279 0.138956 0.135046 0.133654 0.134762 0.137617 0.141052 0.143811 0.144825 0.143408 0.139376 0.133072 0.125304 0.117222 0.110142 0.105346 0.103885 0.106403 0.113018 0.123270 0.136151 0.150238 0.163904 0.175620 0.184297 0.189656 0.192535 0.195093 0.200791 0.214035 0.239358 0.279943 0.335326 0.234752 0.231518 0.231993 0.234308 0.236967 0.238937 0.239647 0.238930 0.236940 0.234042 0.230710 0.227436 0.224650 0.222669 0.221665 0.221658 0.222526 0.224043 0.225912 0.227818 0.229474 0.230669 0.231294 0.231363 0.231013 0.230480 0.230065 0.230072 0.230749 0.232215 0.234409 0.237058 0.242960 0.023784 0.000000 0.000000 0.000000 0.000000 0.060079 0.132783 0.188181 0.222983 0.239012 0.241213 0.235739 0.228370 0.223411 0.223135 0.227728 0.235679 0.244465 0.251384 0.254373 0.252654 0.247057 0.239934 0.234623 0.234478 0.241599 0.255482 0.271928 0.282713 0.276640 0.242813 0.242369 0.243581 0.243210 0.241759 0.239803 0.237819 0.236115 0.234823 0.233936 0.233355 0.232947 0.232590 0.232204 0.231771 0.231328 0.230953 0.230741 0.230766 0.231055 0.231563 0.232163 0.232648 0.232758 0.232227 0.230837 0.228494 0.225297 0.221593 0.217997 0.215348 0.214571 0.216401 0.216978 0.221747 0.223049 0.221822 0.219234 0.216305 0.213723 0.211816 0.210609 0.209925 0.209492 0.209047 0.208408 0.207516 0.206435 0.205334 0.204432 0.203942 0.204005 0.204641 0.205717 0.206950 0.207943 0.208257 0.207523 0.205562 0.202519 0.198964 0.195922 0.194797 0.197104 0.203948
0.203955 0.206637 0.207017 0.205982 0.204476 0.203225 0.202631 0.202780 0.203524 0.204580 0.205634 0.206435 0.206843 0.206862 0.206625 0.206360 0.206332 0.206779 0.207845 0.209534 0.211683 0.213968 0.215945 0.217137 0.217135 0.215741 0.213088 0.209751 0.206777 0.205607 0.207813 0.214587 0.220379 0.219806 0.219380 0.219215 0.219354 0.219787 0.220476 0.221360 0.222368 0.223426 0.224462 0.225412 0.226225 0.226871 0.227341 0.227651 0.227843 0.227982 0.228152 0.228448 0.228960 0.229769 0.230922 0.232422 0.234214 0.236171 0.238098 0.239738 0.240803 0.241021 0.240218 0.238440 0.246876 0.240378 0.239439 0.241928 0.245550 0.248565 0.250046 0.249852 0.248430 0.246541 0.244978 0.244336 0.244854 0.246346 0.248224 0.249599 0.249437 0.246755 0.240816 0.231295 0.218401 0.202910 0.186111 0.169648 0.155271 0.144505 0.138291 0.136643 0.138414 0.141265 0.141983 0.137311 0.137762 0.132754 0.131696 0.133434 0.136464 0.139418 0.141315 0.141645 0.140345 0.137701 0.134224 0.130520 0.127168 0.124634 0.123216 0.123029 0.124017 0.126009 0.128783 0.132147 0.136019 0.140490 0.145869 0.152679 0.161625 0.173494 0.189011 0.208632 0.232298 0.259142 0.287184 0.313023 0.228798 0.234243 0.238029 0.239598 0.239226 0.237544 0.235233 0.232866 0.230833 0.229342 0.228446 0.228092 0.228172 0.228567 0.229172 0.229919 0.230770 0.231711 0.232734 0.233819 0.234916 0.235942 0.236786 0.237328 0.237482 0.237230 0.236681 0.236108 0.235964 0.236847 0.239391 0.244046 0.251295 0.061184 0.000000 0.000000 0.000000 0.014099 0.081769 0.144020 0.192065 0.222869 0.237763 0.240774 0.237013 0.231336 0.227404 0.227200 0.230966 0.237516 0.244803 0.250605 0.253217 0.251985 0.247582 0.241948 0.237840 0.238034 0.244262 0.256090 0.270001 0.279119 0.274082 0.245766 0.242810 0.240231 0.238929 0.238623 0.238879 0.239268 0.239450 0.239220 0.238507 0.237361 0.235919 0.234367 0.232904 0.231702 0.230888 0.230518 0.230575 0.230971 0.231559 0.232155 0.232557 0.232583 0.232088 0.231000 0.229328 0.227181 0.224758 0.222338 0.220242 0.218790 0.218228 0.218647 0.218840 0.220899 0.220837 0.219369 0.217285 0.215213 0.213525 0.212344 0.211593 0.211084 0.210594 0.209941 0.209028 0.207867 0.206568 0.205316 0.204326 0.203790 0.203827 0.204444 0.205515 0.206782 0.207894 0.208463 0.208157 0.206800 0.204476 0.201614 0.199013 0.197779 0.199125 0.203960
0.203808 0.208045 0.208827 0.207333 0.204919 0.202698 0.201366 0.201176 0.202026 0.203573 0.205380 0.207031 0.208226 0.208833 0.208893 0.208599 0.208236 0.208110 0.208470 0.209442 0.210985 0.212876 0.214739 0.216114 0.216568 0.215828 0.213922 0.211305 0.208913 0.208103 0.210410 0.217042 0.218536 0.219984 0.220325 0.220063 0.219717 0.219678 0.220148 0.221145 0.222543 0.224126 0.225652 0.226908 0.227747 0.228115 0.228055 0.227695 0.227226 0.226864 0.226818 0.227244 0.228223 0.229737 0.231669 0.233815 0.235914 0.237702 0.238968 0.239615 0.239717 0.239546 0.239550 0.240271 0.247369 0.240581 0.239559 0.242112 0.245879 0.249060 0.250685 0.250589 0.249213 0.247323 0.245728 0.245039 0.245508 0.246963 0.248820 0.250189 0.250036 0.247369 0.241446 0.231939 0.219056 0.203578 0.186799 0.170371 0.156048 0.145353 0.139213 0.137614 0.139365 0.142073 0.142472 0.137273 0.136806 0.137056 0.137658 0.137821 0.137217 0.136009 0.134721 0.134035 0.134573 0.136725 0.140527 0.145632 0.151340 0.156718 0.160751 0.162535 0.161468 0.157414 0.150816 0.142737 0.134802 0.129044 0.127642 0.132572 0.145195 0.165827 0.193351 0.224954 0.256110 0.280921 0.292993 0.287042 0.226561 0.239061 0.245104 0.245423 0.241915 0.236687 0.231507 0.227569 0.225445 0.225173 0.226414 0.228622 0.231207 0.233660 0.235639 0.236999 0.237785 0.238180 0.238436 0.238800 0.239437 0.240380 0.241516 0.242608 0.243360 0.243520 0.243011 0.242051 0.241247 0.241591 0.244312 0.250488 0.258809 0.105681 0.027034 0.024616 0.027421 0.056725 0.109237 0.158407 0.197102 0.222669 0.235885 0.239682 0.237909 0.234289 0.231681 0.231686 0.234590 0.239578 0.245156 0.249674 0.251849 0.251171 0.248130 0.244167 0.241350 0.241768 0.246733 0.255920 0.266676 0.273792 0.270156 0.248813 0.243624 0.238038 0.235996 0.236584 0.238571 0.240811 0.242458 0.243042 0.242447 0.240841 0.238571 0.236063 0.233722 0.231869 0.230688 0.230213 0.230343 0.230867 0.231514 0.232007 0.232115 0.231697 0.230725 0.229296 0.227603 0.225901 0.224436 0.223377 0.222741 0.222352 0.221847 0.220766 0.220550 0.219641 0.218244 0.216738 0.215410 0.214410 0.213751 0.213338 0.213020 0.212632 0.212043 0.211179 0.210041 0.208705 0.207305 0.206008 0.204983 0.204370 0.204247 0.204608 0.205359 0.206320 0.207245 0.207872 0.207963 0.207379 0.206131 0.204431 0.202712 0.201594 0.201773 0.203805
0.203681 0.208243 0.209158 0.207604 0.204985 0.202489 0.200894 0.200529 0.201341 0.203010 0.205091 0.207131 0.208772 0.209808 0.210209 0.210103 0.209733 0.209389 0.209340 0.209766 0.210707 0.212042 0.213506 0.214738 0.215371 0.215150 0.214050 0.212394 0.210911 0.210691 0.212992 0.218803 0.216888 0.219798 0.220692 0.220386 0.219765 0.219505 0.219971 0.221212 0.223032 0.225093 0.227014 0.228471 0.229256 0.229316 0.228758 0.227820 0.226824 0.226117 0.225999 0.226668 0.228172 0.230391 0.233047 0.235744 0.238046 0.239576 0.240129 0.239777 0.238942 0.238399 0.239164 0.242210 0.247898 0.240506 0.239516 0.242471 0.246744 0.250340 0.252189 0.252114 0.250606 0.248516 0.246737 0.245946 0.246429 0.247998 0.250025 0.251548 0.251452 0.248679 0.242449 0.232442 0.218923 0.202779 0.185441 0.168710 0.154459 0.144271 0.139026 0.138534 0.141287 0.144458 0.144317 0.137228 0.136359 0.144711 0.147449 0.145004 0.139170 0.132399 0.127169 0.125492 0.128575 0.136653 0.148986 0.164002 0.179551 0.193243 0.202823 0.206533 0.203431 0.193617 0.178329 0.159900 0.141540 0.126958 0.119840 0.123208 0.138740 0.166110 0.202477 0.242265 0.277400 0.298217 0.295303 0.262542 0.226253 0.241968 0.248672 0.247910 0.242469 0.235225 0.228491 0.223749 0.221635 0.222075 0.224507 0.228116 0.232054 0.235611 0.238319 0.239998 0.240736 0.240823 0.240656 0.240627 0.241020 0.241941 0.243283 0.244754 0.245948 0.246484 0.246167 0.245156 0.244094 0.244128 0.246748 0.253334 0.261605 0.144957 0.073025 0.066507 0.073151 0.097932 0.136273 0.173020 0.202683 0.223042 0.234412 0.238741 0.238713 0.236991 0.235668 0.235973 0.238202 0.241861 0.245953 0.249343 0.251130 0.250940 0.249090 0.246567 0.244809 0.245281 0.248916 0.255513 0.263236 0.268445 0.266140 0.251388 0.244963 0.237930 0.235542 0.236560 0.239355 0.242434 0.244714 0.245609 0.244993 0.243098 0.240378 0.237370 0.234573 0.232364 0.230942 0.230323 0.230355 0.230770 0.231248 0.231490 0.231278 0.230523 0.229288 0.227776 0.226283 0.225124 0.224531 0.224554 0.224970 0.225255 0.224646 0.222362 0.221968 0.218700 0.216318 0.214880 0.214230 0.214117 0.214262 0.214414 0.214383 0.214051 0.213372 0.212371 0.211125 0.209745 0.208361 0.207099 0.206068 0.205347 0.204972 0.204939 0.205201 0.205671 0.206241 0.206786 0.207189 0.207351 0.207214 0.206767 0.206061 0.205203 0.204349 0.203675
0.203664 0.207383 0.208167 0.206925 0.204771 0.202671 0.201279 0.200901 0.201533 0.202949 0.204804 0.206731 0.208417 0.209660 0.210386 0.210645 0.210586 0.210411 0.210324 0.210479 0.210946 0.211687 0.212564 0.213366 0.213870 0.213916 0.213493 0.212814 0.212360 0.212849 0.215095 0.219708 0.215816 0.219484 0.220659 0.220353 0.219660 0.219409 0.220030 0.221565 0.223753 0.226167 0.228340 0.229884 0.230570 0.230367 0.229441 0.228118 0.226815 0.225964 0.225920 0.226891 0.228884 0.231689 0.234897 0.237971 0.240350 0.241589 0.241506 0.240320 0.238729 0.237897 0.239260 0.244101 0.248666 0.240612 0.239780 0.243339 0.248301 0.252415 0.254493 0.254362 0.252604 0.250196 0.248160 0.247263 0.247822 0.249624 0.251955 0.253735 0.253723 0.250759 0.244006 0.233158 0.218574 0.201304 0.183000 0.165691 0.151446 0.141945 0.138013 0.139205 0.143546 0.147570 0.146848 0.137218 0.136429 0.153046 0.157771 0.152586 0.141596 0.129555 0.120769 0.118379 0.123968 0.137470 0.157328 0.180825 0.204560 0.224976 0.238899 0.244024 0.239294 0.225131 0.203488 0.177698 0.152118 0.131581 0.120686 0.122989 0.140167 0.171272 0.212202 0.255575 0.291192 0.307346 0.293247 0.242894 0.226651 0.241480 0.247295 0.245850 0.239992 0.232566 0.225823 0.221179 0.219211 0.219806 0.222376 0.226097 0.230117 0.233728 0.236467 0.238155 0.238887 0.238955 0.238762 0.238708 0.239091 0.240031 0.241441 0.243040 0.244430 0.245221 0.245187 0.244432 0.243516 0.243487 0.245733 0.251572 0.258247 0.170700 0.109708 0.099949 0.108582 0.129788 0.157825 0.185319 0.208093 0.224332 0.234077 0.238593 0.239727 0.239364 0.239025 0.239642 0.241495 0.244302 0.247408 0.250040 0.251567 0.251707 0.250653 0.249068 0.247935 0.248276 0.250764 0.255305 0.260679 0.264416 0.263079 0.253231 0.246803 0.240076 0.237790 0.238724 0.241302 0.244098 0.246090 0.246738 0.245947 0.243955 0.241207 0.238211 0.235436 0.233220 0.231734 0.230971 0.230773 0.230886 0.231017 0.230911 0.230401 0.229456 0.228189 0.226834 0.225697 0.225063 0.225100 0.225748 0.226649 0.227126 0.226285 0.223284 0.222972 0.218387 0.215522 0.214201 0.213984 0.214373 0.214930 0.215332 0.215393 0.215044 0.214309 0.213273 0.212049 0.210753 0.209486 0.208323 0.207311 0.206474 0.205823 0.205361 0.205091 0.205025 0.205174 0.205546 0.206125 0.206857 0.207627 0.208242 0.208441 0.207912 0.206365 0.203660
0.203763 0.205820 0.206280 0.205606 0.204392 0.203174 0.202337 0.202083 0.202450 0.203346 0.204604 0.206024 0.207422 0.208655 0.209637 0.210344 0.210805 0.211086 0.211265 0.211416 0.211588 0.211797 0.212024 0.212227 0.212365 0.212428 0.212467 0.212626 0.213145 0.214342 0.216531 0.219862 0.215465 0.219238 0.220448 0.220179 0.219579 0.219496 0.220349 0.222144 0.224576 0.227171 0.229435 0.230967 0.231549 0.231183 0.230078 0.228613 0.227253 0.226461 0.226607 0.227883 0.230254 0.233444 0.236966 0.240205 0.242540 0.243504 0.242953 0.241208 0.239146 0.238153 0.239899 0.245820 0.249775 0.241163 0.240566 0.244773 0.250434 0.255052 0.257332 0.257114 0.255079 0.252343 0.250056 0.249077 0.249752 0.251830 0.254505 0.256570 0.256647 0.253463 0.246124 0.234337 0.218559 0.200015 0.180589 0.162556 0.148197 0.139303 0.136653 0.139552 0.145550 0.150527 0.149332 0.137251 0.136847 0.160190 0.166383 0.158909 0.143869 0.127870 0.116583 0.113886 0.121499 0.138998 0.164129 0.193326 0.222337 0.246894 0.263346 0.269188 0.263446 0.246874 0.221932 0.192545 0.163648 0.140535 0.128075 0.129842 0.147263 0.178904 0.220009 0.262500 0.295596 0.307306 0.287043 0.229663 0.227131 0.238086 0.241908 0.240103 0.234949 0.228683 0.223055 0.219158 0.217427 0.217765 0.219704 0.222594 0.225770 0.228673 0.230936 0.232417 0.233179 0.233445 0.233523 0.233720 0.234265 0.235254 0.236619 0.238143 0.239514 0.240424 0.240684 0.240352 0.239831 0.239894 0.241580 0.245878 0.249438 0.179000 0.130782 0.119201 0.127958 0.147275 0.170525 0.193451 0.212640 0.226578 0.235249 0.239634 0.241198 0.241450 0.241622 0.242482 0.244276 0.246800 0.249542 0.251884 0.253313 0.253585 0.252831 0.251556 0.250535 0.250586 0.252279 0.255595 0.259644 0.262558 0.261691 0.254356 0.248998 0.244047 0.242238 0.242660 0.244170 0.245752 0.246696 0.246647 0.245565 0.243650 0.241234 0.238688 0.236341 0.234420 0.233029 0.232142 0.231633 0.231314 0.230986 0.230486 0.229730 0.228738 0.227630 0.226610 0.225907 0.225709 0.226081 0.226882 0.227718 0.227950 0.226797 0.223588 0.223480 0.218665 0.215820 0.214647 0.214592 0.215082 0.215653 0.215996 0.215963 0.215532 0.214769 0.213782 0.212685 0.211571 0.210495 0.209481 0.208522 0.207604 0.206718 0.205880 0.205142 0.204589 0.204328 0.204462 0.205056 0.206090 0.207420 0.208742 0.209593 0.209394 0.207567 0.203761
0.203924 0.203999 0.204048 0.204036 0.203958 0.203842 0.203737 0.203704 0.203805 0.204090 0.204589 0.205308 0.206222 0.207282 0.208417 0.209542 0.210569 0.211417 0.212022 0.212348 0.212394 0.212198 0.211837 0.211425 0.211099 0.211010 0.211297 0.212069 0.213375 0.215178 0.217327 0.219537 0.215780 0.219186 0.220271 0.220078 0.219676 0.219835 0.220908 0.222857 0.225361 0.227952 0.230155 0.231604 0.232113 0.231714 0.230640 0.229280 0.228095 0.227534 0.227940 0.229472 0.232061 0.235399 0.238977 0.242168 0.244358 0.245105 0.244304 0.242332 0.240123 0.239121 0.241033 0.247294 0.251226 0.242247 0.241884 0.246631 0.252863 0.257894 0.260345 0.260072 0.257836 0.254860 0.252397 0.251374 0.252161 0.254476 0.257438 0.259736 0.259882 0.256514 0.248683 0.236107 0.219313 0.199666 0.179227 0.160473 0.145856 0.137267 0.135467 0.139583 0.146818 0.152560 0.151106 0.137309 0.137372 0.165114 0.172113 0.163077 0.145538 0.127299 0.114799 0.112222 0.121201 0.140958 0.168756 0.200541 0.231673 0.257656 0.274788 0.280682 0.274599 0.257575 0.232331 0.202961 0.174418 0.151852 0.139827 0.141514 0.157925 0.187321 0.224893 0.262877 0.291258 0.299247 0.277728 0.222900 0.227564 0.233433 0.234806 0.232731 0.228673 0.224039 0.219918 0.216983 0.215502 0.215409 0.216414 0.218112 0.220088 0.221991 0.223587 0.224776 0.225585 0.226136 0.226604 0.227165 0.227947 0.228999 0.230271 0.231624 0.232862 0.233790 0.234285 0.234370 0.234278 0.234458 0.235519 0.238031 0.237390 0.170012 0.133336 0.121593 0.129037 0.148518 0.172916 0.196434 0.215780 0.229576 0.237946 0.241992 0.243274 0.243361 0.243507 0.244473 0.246471 0.249244 0.252224 0.254741 0.256236 0.256446 0.255497 0.253918 0.252522 0.252180 0.253511 0.256539 0.260400 0.263219 0.262319 0.254967 0.251334 0.249048 0.247937 0.247585 0.247517 0.247337 0.246797 0.245802 0.244388 0.242677 0.240831 0.239011 0.237345 0.235906 0.234709 0.233719 0.232863 0.232057 0.231230 0.230343 0.229404 0.228471 0.227645 0.227047 0.226782 0.226897 0.227337 0.227909 0.228271 0.227957 0.226470 0.223466 0.223467 0.219276 0.216850 0.215857 0.215767 0.216068 0.216365 0.216425 0.216161 0.215595 0.214811 0.213916 0.212999 0.212114 0.211272 0.210446 0.209590 0.208660 0.207637 0.206548 0.205472 0.204542 0.203922 0.203774 0.204215 0.205256 0.206754 0.208369 0.209564 0.209648 0.207920 0.203924
0.204074 0.202353 0.202014 0.202595 0.203564 0.204489 0.205110 0.205346 0.205266 0.205031 0.204842 0.204883 0.205283 0.206088 0.207256 0.208666 0.210141 0.211480 0.212498 0.213055 0.213094 0.212654 0.211873 0.210975 0.210240 0.209948 0.210323 0.211466 0.213298 0.215527 0.217658 0.219072 0.216577 0.219379 0.220288 0.220211 0.220054 0.220446 0.221652 0.223603 0.225994 0.228406 0.230427 0.231752 0.232242 0.231949 0.231101 0.230057 0.229232 0.229019 0.229704 0.231407 0.234037 0.237289 0.240684 0.243648 0.245628 0.246242 0.245423 0.243550 0.241513 0.240655 0.242547 0.248495 0.252944 0.243814 0.243608 0.248678 0.255258 0.260565 0.263172 0.262939 0.260659 0.257606 0.255085 0.254061 0.254914 0.257353 0.260462 0.262879 0.263061 0.259592 0.251495 0.238479 0.221098 0.200775 0.179655 0.160312 0.145293 0.136555 0.134880 0.139347 0.147032 0.153124 0.151686 0.137362 0.137780 0.167529 0.174702 0.164868 0.146366 0.127532 0.115009 0.112909 0.122617 0.143048 0.171199 0.202878 0.233459 0.258621 0.274955 0.280419 0.274592 0.258724 0.235569 0.209034 0.183658 0.163986 0.153872 0.155802 0.170296 0.195494 0.227000 0.258117 0.280553 0.285733 0.266820 0.221584 0.228152 0.229502 0.228610 0.226125 0.222832 0.219446 0.216502 0.214323 0.213029 0.212575 0.212810 0.213527 0.214516 0.215595 0.216638 0.217585 0.218432 0.219220 0.220017 0.220887 0.221876 0.222988 0.224185 0.225387 0.226489 0.227388 0.228015 0.228373 0.228558 0.228767 0.229262 0.230277 0.225085 0.147150 0.117904 0.107587 0.112930 0.134595 0.165407 0.194217 0.217216 0.232975 0.241897 0.245545 0.245986 0.245233 0.244853 0.245749 0.248113 0.251540 0.255238 0.258304 0.260003 0.259990 0.258445 0.256067 0.253921 0.253146 0.254550 0.258166 0.262882 0.266284 0.264943 0.255374 0.253592 0.254157 0.253778 0.252587 0.250835 0.248797 0.246716 0.244769 0.243063 0.241627 0.240437 0.239425 0.238505 0.237591 0.236611 0.235526 0.234329 0.233051 0.231755 0.230529 0.229465 0.228650 0.228146 0.227968 0.228080 0.228377 0.228693 0.228811 0.228488 0.227502 0.225716 0.223168 0.222973 0.219876 0.218102 0.217335 0.217143 0.217133 0.217035 0.216715 0.216154 0.215414 0.214590 0.213775 0.213029 0.212369 0.211766 0.211155 0.210460 0.209615 0.208589 0.207408 0.206159 0.204987 0.204079 0.203623 0.203763 0.204544 0.205852 0.207383 0.208626 0.208915 0.207557 0.204075
0.204146 0.201221 0.200607 0.201581 0.203273 0.204950 0.206138 0.206647 0.206532 0.206015 0.205397 0.204976 0.204981 0.205530 0.206615 0.208105 0.209784 0.211385 0.212650 0.213377 0.213466 0.212944 0.211974 0.210833 0.209872 0.209446 0.209829 0.211128 0.213205 0.215641 0.217761 0.218772 0.217608 0.219799 0.220579 0.220665 0.220751 0.221306 0.222515 0.224299 0.226405 0.228497 0.230255 0.231447 0.231981 0.231916 0.231449 0.230874 0.230527 0.230715 0.231656 0.233426 0.235928 0.238895 0.241921 0.244531 0.246277 0.246855 0.246232 0.244744 0.243146 0.242564 0.244304 0.249443 0.254801 0.245730 0.245555 0.250670 0.257335 0.262769 0.265536 0.265473 0.263351 0.260424 0.257984 0.256992 0.257838 0.260243 0.263311 0.265698 0.265872 0.262422 0.254358 0.241369 0.223975 0.203556 0.182219 0.162509 0.146961 0.137558 0.135143 0.138901 0.146055 0.151959 0.150828 0.137385 0.137927 0.167707 0.174569 0.164575 0.146329 0.128162 0.116496 0.115109 0.125049 0.144990 0.171860 0.201581 0.229835 0.252736 0.267373 0.272170 0.267047 0.253386 0.233809 0.211803 0.191232 0.175777 0.168381 0.170726 0.182843 0.202892 0.227180 0.250483 0.266710 0.269958 0.255982 0.224109 0.229247 0.227920 0.225432 0.222282 0.218966 0.215887 0.213323 0.211420 0.210209 0.209636 0.209589 0.209933 0.210536 0.211286 0.212105 0.212949 0.213807 0.214691 0.215623 0.216627 0.217710 0.218860 0.220039 0.221188 0.222235 0.223109 0.223761 0.224176 0.224389 0.224487 0.224578 0.224746 0.215549 0.116014 0.088086 0.080436 0.083555 0.109017 0.150018 0.187610 0.216955 0.236384 0.246642 0.249975 0.249245 0.247189 0.245902 0.246549 0.249329 0.253632 0.258337 0.262187 0.264175 0.263840 0.261445 0.257960 0.254852 0.253677 0.255520 0.260401 0.266761 0.271273 0.269233 0.255901 0.255593 0.258541 0.258751 0.256835 0.253666 0.250088 0.246755 0.244069 0.242182 0.241039 0.240446 0.240141 0.239856 0.239374 0.238558 0.237372 0.235872 0.234194 0.232515 0.231027 0.229891 0.229205 0.228983 0.229146 0.229524 0.229885 0.229976 0.229577 0.228561 0.226950 0.224948 0.222940 0.222101 0.220159 0.219094 0.218611 0.218372 0.218107 0.217659 0.216987 0.216136 0.215203 0.214296 0.213501 0.212862 0.212374 0.211981 0.211595 0.211117 0.210460 0.209574 0.208467 0.207208 0.205930 0.204812 0.204041 0.203778 0.204101 0.204956 0.206117 0.207176 0.207577 0.206717 0.204147
0.204104 0.200794 0.200071 0.201164 0.203121 0.205122 0.206617 0.207366 0.207392 0.206911 0.206235 0.205683 0.205514 0.205875 0.206783 0.208128 0.209704 0.211249 0.212502 0.213254 0.213390 0.212927 0.212016 0.210925 0.210002 0.209599 0.209992 0.211289 0.213357 0.215775 0.217869 0.218848 0.218624 0.220372 0.221145 0.221439 0.221734 0.222355 0.223427 0.224895 0.226584 0.228263 0.229716 0.230789 0.231427 0.231677 0.231686 0.231662 0.231839 0.232427 0.233568 0.235301 0.237542 0.240085 0.242628 0.244822 0.246346 0.246987 0.246732 0.245840 0.244872 0.244662 0.246171 0.250193 0.256652 0.247828 0.247552 0.252438 0.258929 0.264349 0.267285 0.267529 0.265769 0.263167 0.260940 0.260008 0.260762 0.262967 0.265800 0.268003 0.268128 0.264820 0.257103 0.244626 0.227814 0.207908 0.186849 0.167021 0.150848 0.140288 0.136288 0.138290 0.143934 0.149101 0.148549 0.137368 0.137782 0.166281 0.172541 0.162815 0.145584 0.128826 0.118494 0.117906 0.127764 0.146580 0.171338 0.198233 0.223392 0.243477 0.256137 0.260273 0.256113 0.245097 0.229622 0.212663 0.197326 0.186385 0.181856 0.184653 0.194385 0.209321 0.226562 0.242419 0.253012 0.255046 0.246724 0.228724 0.231199 0.229517 0.226340 0.222326 0.218140 0.214327 0.211254 0.209099 0.207880 0.207489 0.207747 0.208443 0.209379 0.210395 0.211382 0.212293 0.213130 0.213934 0.214764 0.215675 0.216702 0.217845 0.219060 0.220271 0.221373 0.222263 0.222860 0.223140 0.223153 0.223024 0.222930 0.223016 0.211256 0.083231 0.049818 0.045529 0.046829 0.077000 0.129958 0.178125 0.215309 0.239453 0.251627 0.254839 0.252870 0.249318 0.246914 0.247166 0.250308 0.255514 0.261296 0.266000 0.268306 0.267618 0.264292 0.259616 0.255518 0.254033 0.256565 0.263099 0.271537 0.277455 0.274627 0.256814 0.257235 0.261613 0.262137 0.259735 0.255683 0.251183 0.247139 0.244079 0.242170 0.241288 0.241126 0.241289 0.241397 0.241154 0.240393 0.239087 0.237345 0.235376 0.233437 0.231784 0.230616 0.230030 0.230000 0.230368 0.230875 0.231202 0.231048 0.230205 0.228649 0.226590 0.224487 0.222963 0.221011 0.219945 0.219494 0.219350 0.219213 0.218877 0.218253 0.217355 0.216278 0.215151 0.214105 0.213240 0.212608 0.212202 0.211963 0.211790 0.211568 0.211185 0.210562 0.209670 0.208543 0.207278 0.206025 0.204961 0.204254 0.204021 0.204281 0.204914 0.205646 0.206065 0.205685 0.204105
0.203956 0.201101 0.200442 0.201372 0.203114 0.204981 0.206494 0.207422 0.207750 0.207624 0.207275 0.206953 0.206869 0.207149 0.207824 0.208825 0.210006 0.211176 0.212138 0.212733 0.212874 0.212569 0.211934 0.211177 0.210566 0.210382 0.210847 0.212058 0.213924 0.216132 0.218158 0.219373 0.219428 0.220990 0.221906 0.222452 0.222915 0.223508 0.224332 0.225382 0.226579 0.227807 0.228952 0.229930 0.230711 0.231320 0.231836 0.232372 0.233054 0.233996 0.235268 0.236883 0.238780 0.240831 0.242851 0.244631 0.245979 0.246769 0.246998 0.246825 0.246590 0.246802 0.248048 0.250827 0.258356 0.249956 0.249483 0.253920 0.260026 0.265314 0.268421 0.269077 0.267840 0.265722 0.263812 0.262959 0.263550 0.265415 0.267851 0.269745 0.269789 0.266728 0.259622 0.248064 0.232337 0.213458 0.193098 0.173377 0.156516 0.144409 0.138139 0.137533 0.140866 0.144849 0.145101 0.137317 0.137422 0.164036 0.169603 0.160351 0.144423 0.129292 0.120373 0.120528 0.130161 0.147698 0.170250 0.194331 0.216520 0.234001 0.244923 0.248592 0.245461 0.236978 0.225292 0.212893 0.202207 0.195224 0.193181 0.196373 0.204098 0.214769 0.226198 0.236009 0.242165 0.243502 0.240180 0.233890 0.234227 0.234159 0.231174 0.226314 0.220760 0.215536 0.211361 0.208608 0.207339 0.207377 0.208392 0.209995 0.211814 0.213549 0.215010 0.216122 0.216917 0.217505 0.218039 0.218665 0.219494 0.220563 0.221828 0.223167 0.224405 0.225355 0.225877 0.225935 0.225641 0.225272 0.225218 0.225849 0.213695 0.055340 0.010402 0.009515 0.009696 0.044598 0.109100 0.167730 0.212859 0.241945 0.256307 0.259644 0.256616 0.251655 0.248130 0.247902 0.251271 0.257227 0.263952 0.269419 0.272011 0.271005 0.266843 0.261109 0.256168 0.254507 0.257829 0.266077 0.276625 0.283977 0.280428 0.258274 0.258500 0.263118 0.263611 0.261023 0.256748 0.252081 0.247976 0.244971 0.243211 0.242530 0.242568 0.242890 0.243083 0.242839 0.241994 0.240545 0.238634 0.236503 0.234442 0.232726 0.231558 0.231022 0.231061 0.231477 0.231969 0.232186 0.231818 0.230688 0.228838 0.226584 0.224508 0.223330 0.219895 0.219227 0.219192 0.219419 0.219565 0.219403 0.218836 0.217891 0.216686 0.215381 0.214145 0.213115 0.212376 0.211947 0.211783 0.211787 0.211827 0.211765 0.211484 0.210905 0.210011 0.208851 0.207540 0.206235 0.205114 0.204335 0.203989 0.204065 0.204418 0.204768 0.204736 0.203956
0.203750 0.202017 0.201561 0.202102 0.203237 0.204587 0.205864 0.206899 0.207634 0.208102 0.208387 0.208596 0.208825 0.209143 0.209575 0.210107 0.210685 0.211236 0.211682 0.211962 0.212046 0.211949 0.211739 0.211525 0.211451 0.211666 0.212296 0.213406 0.214965 0.216826 0.218719 0.220284 0.219907 0.221536 0.222730 0.223560 0.224161 0.224671 0.225194 0.225792 0.226490 0.227280 0.228142 0.229050 0.229986 0.230944 0.231935 0.232978 0.234098 0.235321 0.236659 0.238107 0.239639 0.241205 0.242737 0.244157 0.245395 0.246400 0.247166 0.247744 0.248256 0.248890 0.249878 0.251439 0.259807 0.252010 0.251322 0.255185 0.260764 0.265824 0.269080 0.270193 0.269563 0.268018 0.266489 0.265728 0.266116 0.267561 0.269503 0.271013 0.270957 0.268212 0.261881 0.251499 0.237172 0.219645 0.200256 0.180789 0.163210 0.149322 0.140365 0.136628 0.137160 0.139690 0.140905 0.137257 0.137001 0.161734 0.166684 0.157925 0.143204 0.129498 0.121754 0.122474 0.131861 0.148318 0.169101 0.191003 0.210971 0.226580 0.236343 0.239833 0.237637 0.231169 0.222369 0.213354 0.206058 0.201919 0.201650 0.205139 0.211504 0.219291 0.226821 0.232623 0.235894 0.236873 0.236975 0.238508 0.238363 0.240849 0.238683 0.233325 0.226549 0.219944 0.214654 0.211304 0.210028 0.210586 0.212492 0.215160 0.218019 0.220611 0.222643 0.224005 0.224757 0.225087 0.225247 0.225497 0.226034 0.226951 0.228211 0.229652 0.231026 0.232063 0.232557 0.232459 0.231950 0.231469 0.231649 0.233116 0.223158 0.037844 0.000000 0.000000 0.000000 0.017821 0.091417 0.158565 0.210360 0.243768 0.260222 0.263926 0.260215 0.254186 0.249731 0.249023 0.252440 0.258862 0.266225 0.272229 0.275027 0.273794 0.269037 0.262560 0.257065 0.255384 0.259445 0.269150 0.281449 0.289994 0.285906 0.260316 0.259455 0.263148 0.263274 0.260785 0.256921 0.252807 0.249258 0.246707 0.245242 0.244682 0.244686 0.244856 0.244831 0.244349 0.243291 0.241682 0.239675 0.237510 0.235460 0.233777 0.232635 0.232095 0.232081 0.232393 0.232737 0.232786 0.232261 0.231021 0.229140 0.226950 0.225022 0.224035 0.218957 0.218167 0.218310 0.218902 0.219481 0.219711 0.219424 0.218609 0.217383 0.215933 0.214476 0.213204 0.212258 0.211703 0.211526 0.211641 0.211908 0.212161 0.212239 0.212010 0.211402 0.210414 0.209120 0.207664 0.206231 0.205013 0.204167 0.203767 0.203766 0.203976 0.204089 0.203750
0.203566 0.203301 0.203123 0.203153 0.203463 0.204072 0.204944 0.206011 0.207177 0.208343 0.209415 0.210320 0.211008 0.211462 0.211691 0.211730 0.211631 0.211459 0.211280 0.211153 0.211128 0.211239 0.211504 0.211929 0.212511 0.213244 0.214129 0.215179 0.216418 0.217872 0.219550 0.221400 0.220047 0.221908 0.223456 0.224590 0.225326 0.225753 0.225998 0.226190 0.226447 0.226859 0.227480 0.228331 0.229401 0.230652 0.232033 0.233482 0.234943 0.236368 0.237724 0.239000 0.240203 0.241356 0.242493 0.243649 0.244851 0.246108 0.247402 0.248684 0.249877 0.250890 0.251643 0.252122 0.260949 0.253956 0.253131 0.256408 0.261400 0.266160 0.269502 0.271036 0.271002 0.270037 0.268902 0.268246 0.268436 0.269456 0.270894 0.272008 0.271851 0.269436 0.263919 0.254774 0.241929 0.225839 0.207495 0.188326 0.170029 0.154307 0.142560 0.135562 0.133177 0.134208 0.136468 0.137213 0.136698 0.159982 0.164507 0.156143 0.142285 0.129537 0.122532 0.123560 0.132736 0.148491 0.168206 0.188867 0.207645 0.222336 0.231637 0.235239 0.233766 0.228577 0.221473 0.214358 0.208907 0.206286 0.206966 0.210666 0.216446 0.222942 0.228732 0.232762 0.234777 0.235607 0.237178 0.242023 0.243427 0.248048 0.246936 0.241767 0.234658 0.227536 0.221810 0.218270 0.217115 0.218083 0.220611 0.223999 0.227562 0.230743 0.233180 0.234733 0.235468 0.235613 0.235482 0.235402 0.235634 0.236319 0.237445 0.238850 0.240261 0.241372 0.241944 0.241914 0.241487 0.241172 0.241719 0.243892 0.238730 0.034478 0.000000 0.000000 0.000000 0.001805 0.080421 0.152631 0.208634 0.244978 0.263061 0.267310 0.263415 0.256850 0.251827 0.250727 0.254013 0.260535 0.268126 0.274347 0.277234 0.275907 0.270895 0.264119 0.258451 0.256901 0.261510 0.272147 0.285516 0.294784 0.290406 0.262850 0.260230 0.262096 0.261589 0.259413 0.256435 0.253415 0.250874 0.249061 0.247981 0.247462 0.247235 0.247005 0.246523 0.245628 0.244266 0.242494 0.240460 0.238370 0.236444 0.234873 0.233780 0.233191 0.233029 0.233115 0.233206 0.233041 0.232405 0.231199 0.229497 0.227579 0.225900 0.224982 0.218387 0.217068 0.217165 0.218066 0.219137 0.219885 0.220020 0.219464 0.218309 0.216762 0.215085 0.213536 0.212319 0.211557 0.211278 0.211415 0.211827 0.212327 0.212714 0.212810 0.212491 0.211714 0.210519 0.209034 0.207449 0.205979 0.204821 0.204101 0.203822 0.203843 0.203877 0.203566
0.203500 0.204656 0.204750 0.204278 0.203763 0.203605 0.204025 0.205056 0.206580 0.208380 0.210199 0.211791 0.212966 0.213615 0.213721 0.213358 0.212668 0.211840 0.211072 0.210543 0.210384 0.210657 0.211347 0.212369 0.213592 0.214865 0.216065 0.217136 0.218125 0.219190 0.220568 0.222474 0.219930 0.222038 0.223933 0.225371 0.226271 0.226686 0.226753 0.226659 0.226592 0.226715 0.227145 0.227937 0.229086 0.230534 0.232182 0.233913 0.235605 0.237162 0.238519 0.239661 0.240622 0.241484 0.242357 0.243362 0.244597 0.246112 0.247874 0.249748 0.251498 0.252810 0.253363 0.252957 0.261782 0.255828 0.255048 0.257839 0.262255 0.266653 0.269978 0.271811 0.272267 0.271808 0.271037 0.270503 0.270547 0.271214 0.272220 0.272991 0.272745 0.270623 0.265831 0.257791 0.246268 0.231460 0.214036 0.195105 0.176112 0.158674 0.144340 0.134334 0.129279 0.128974 0.132283 0.137210 0.136657 0.159150 0.163504 0.155389 0.141957 0.129606 0.122837 0.123886 0.132884 0.148324 0.167676 0.188018 0.206598 0.221259 0.230712 0.234635 0.233607 0.228931 0.222346 0.215704 0.210645 0.208324 0.209225 0.213103 0.219057 0.225760 0.231798 0.236088 0.238293 0.239117 0.240343 0.244408 0.249073 0.254134 0.253894 0.249844 0.243897 0.237814 0.232905 0.229918 0.229070 0.230149 0.232660 0.235974 0.239461 0.242598 0.245033 0.246616 0.247385 0.247530 0.247335 0.247107 0.247107 0.247498 0.248314 0.249454 0.250712 0.251840 0.252627 0.253001 0.253103 0.253335 0.254313 0.256690 0.258455 0.046771 0.000000 0.000000 0.000000 0.000124 0.078687 0.151506 0.208437 0.245763 0.264696 0.269564 0.266022 0.259562 0.254447 0.253126 0.256132 0.262378 0.269745 0.275825 0.278669 0.277394 0.272518 0.265941 0.260512 0.259220 0.264079 0.274938 0.288476 0.297831 0.293426 0.265694 0.260989 0.260559 0.259278 0.257515 0.255652 0.253979 0.252650 0.251685 0.251002 0.250453 0.249868 0.249096 0.248033 0.246639 0.244941 0.243027 0.241028 0.239096 0.237373 0.235970 0.234943 0.234284 0.233915 0.233700 0.233471 0.233057 0.232325 0.231224 0.229815 0.228284 0.226916 0.226018 0.218328 0.216295 0.216189 0.217282 0.218781 0.220029 0.220610 0.220360 0.219335 0.217749 0.215898 0.214091 0.212591 0.211577 0.211116 0.211170 0.211605 0.212225 0.212808 0.213144 0.213077 0.212529 0.211516 0.210149 0.208610 0.207118 0.205878 0.205026 0.204571 0.204372 0.204136 0.203500
0.203640 0.205788 0.206073 0.205238 0.204114 0.203370 0.203409 0.204348 0.206065 0.208273 0.210606 0.212700 0.214263 0.215114 0.215210 0.214637 0.213591 0.212339 0.211169 0.210347 0.210067 0.210423 0.211391 0.212840 0.214554 0.216283 0.217807 0.218995 0.219870 0.220634 0.221635 0.223248 0.219711 0.221911 0.224051 0.225771 0.226896 0.227427 0.227488 0.227286 0.227049 0.226993 0.227275 0.227986 0.229134 0.230657 0.232433 0.234312 0.236138 0.237778 0.239149 0.240231 0.241074 0.241793 0.242548 0.243513 0.244834 0.246580 0.248708 0.251021 0.253169 0.254684 0.255072 0.254004 0.262369 0.257728 0.257256 0.259739 0.263640 0.267622 0.270784 0.272728 0.273488 0.273399 0.272931 0.272540 0.272532 0.272982 0.273697 0.274225 0.273914 0.272004 0.267745 0.260521 0.249975 0.236101 0.219317 0.200476 0.180830 0.161925 0.145443 0.132975 0.125771 0.124451 0.128740 0.137251 0.136935 0.159340 0.163793 0.155799 0.142392 0.129931 0.122944 0.123744 0.132554 0.147950 0.167452 0.188140 0.207219 0.222451 0.232439 0.236750 0.235877 0.231072 0.224083 0.216836 0.211105 0.208224 0.208871 0.212971 0.219723 0.227782 0.235557 0.241605 0.245061 0.246003 0.245622 0.246046 0.254850 0.257906 0.258049 0.256076 0.253011 0.249815 0.247218 0.245663 0.245310 0.246082 0.247735 0.249933 0.252321 0.254582 0.256477 0.257870 0.258732 0.259126 0.259187 0.259086 0.258998 0.259071 0.259401 0.260018 0.260890 0.261937 0.263061 0.264187 0.265299 0.266474 0.267888 0.269781 0.279672 0.073899 0.000000 0.000000 0.000000 0.014300 0.087477 0.156105 0.210335 0.246391 0.265186 0.270625 0.267929 0.262230 0.257547 0.256236 0.258872 0.264511 0.271232 0.276829 0.279500 0.278420 0.274057 0.268159 0.263354 0.262398 0.267149 0.277441 0.290160 0.298892 0.294688 0.268609 0.261894 0.259204 0.257157 0.255784 0.254987 0.254591 0.254392 0.254194 0.253833 0.253192 0.252209 0.250877 0.249237 0.247368 0.245373 0.243366 0.241454 0.239728 0.238249 0.237042 0.236097 0.235367 0.234778 0.234241 0.233665 0.232974 0.232124 0.231114 0.229993 0.228855 0.227815 0.226965 0.218859 0.216199 0.215819 0.216940 0.218670 0.220246 0.221156 0.221168 0.220295 0.218738 0.216799 0.214813 0.213078 0.211807 0.211106 0.210965 0.211273 0.211845 0.212463 0.212913 0.213027 0.212710 0.211959 0.210862 0.209578 0.208299 0.207204 0.206397 0.205862 0.205433 0.204809 0.203640
0.204044 0.206473 0.206815 0.205859 0.204510 0.203516 0.203342 0.204147 0.205827 0.208093 0.210557 0.212826 0.214574 0.215587 0.215797 0.215275 0.214216 0.212897 0.211630 0.210707 0.210355 0.210698 0.211734 0.213339 0.215287 0.217297 0.219098 0.220492 0.221425 0.222026 0.222596 0.223517 0.219586 0.221568 0.223768 0.225725 0.227157 0.227973 0.228240 0.228139 0.227906 0.227777 0.227947 0.228539 0.229591 0.231057 0.232823 0.234732 0.236613 0.238317 0.239743 0.240862 0.241724 0.242452 0.243226 0.244244 0.245673 0.247597 0.249965 0.252546 0.254927 0.256546 0.256806 0.255294 0.262825 0.259796 0.259935 0.262326 0.265793 0.269295 0.272123 0.273951 0.274793 0.274907 0.274668 0.274446 0.274502 0.274907 0.275505 0.275915 0.275564 0.273761 0.269788 0.263012 0.252999 0.239616 0.223115 0.204180 0.183934 0.163885 0.145809 0.131570 0.122868 0.120913 0.126048 0.137321 0.137470 0.160409 0.165210 0.157267 0.143610 0.130685 0.123160 0.123501 0.132065 0.147510 0.167371 0.188680 0.208528 0.224528 0.235122 0.239730 0.238747 0.233397 0.225487 0.217085 0.210184 0.206386 0.206639 0.211086 0.219041 0.229096 0.239383 0.247948 0.253203 0.254386 0.251921 0.247559 0.260299 0.259036 0.258971 0.259773 0.260982 0.262192 0.263142 0.263729 0.263988 0.264043 0.264059 0.264189 0.264542 0.265160 0.266012 0.267006 0.268012 0.268889 0.269518 0.269833 0.269841 0.269630 0.269365 0.269260 0.269541 0.270394 0.271908 0.274019 0.276484 0.278888 0.280720 0.281545 0.299423 0.112841 0.012788 0.011789 0.011573 0.043560 0.106538 0.166520 0.214594 0.247160 0.264760 0.270608 0.269139 0.264773 0.261020 0.259980 0.262228 0.267023 0.272769 0.277605 0.279995 0.279227 0.275689 0.270861 0.266977 0.266384 0.270653 0.279623 0.290592 0.298018 0.294178 0.271354 0.263068 0.258631 0.255975 0.254866 0.254835 0.255351 0.255941 0.256247 0.256052 0.255269 0.253926 0.252131 0.250038 0.247820 0.245635 0.243610 0.241829 0.240327 0.239095 0.238085 0.237227 0.236444 0.235661 0.234827 0.233916 0.232934 0.231913 0.230906 0.229967 0.229129 0.228386 0.227670 0.219975 0.217027 0.216393 0.217342 0.219000 0.220601 0.221609 0.221757 0.221021 0.219563 0.217659 0.215625 0.213753 0.212268 0.211296 0.210859 0.210882 0.211220 0.211690 0.212104 0.212310 0.212212 0.211792 0.211104 0.210259 0.209392 0.208620 0.207991 0.207445 0.206797 0.205760 0.204044
0.204725 0.206609 0.206856 0.206071 0.204963 0.204132 0.203962 0.204602 0.205989 0.207905 0.210047 0.212093 0.213764 0.214863 0.215304 0.215114 0.214427 0.213452 0.212444 0.211656 0.211308 0.211544 0.212414 0.213860 0.215728 0.217787 0.219772 0.221434 0.222595 0.223195 0.223319 0.223182 0.219755 0.221111 0.223128 0.225258 0.227079 0.228357 0.229047 0.229257 0.229188 0.229080 0.229157 0.229584 0.230445 0.231736 0.233374 0.235221 0.237109 0.238882 0.240423 0.241683 0.242691 0.243559 0.244458 0.245586 0.247116 0.249141 0.251614 0.254300 0.256764 0.258407 0.258582 0.256823 0.263301 0.262182 0.263222 0.265718 0.268811 0.271761 0.274081 0.275569 0.276279 0.276440 0.276362 0.276343 0.276578 0.277102 0.277751 0.278160 0.277790 0.275989 0.272063 0.265383 0.255486 0.242179 0.225630 0.206438 0.185657 0.164778 0.145641 0.130281 0.120676 0.118407 0.124205 0.137386 0.138071 0.162028 0.167384 0.159491 0.145468 0.131923 0.123713 0.123480 0.131711 0.147127 0.167258 0.189063 0.209513 0.226074 0.237039 0.241709 0.240409 0.234366 0.225463 0.215925 0.207960 0.203414 0.203472 0.208460 0.217762 0.229885 0.242685 0.253726 0.260765 0.262299 0.258094 0.249592 0.265047 0.258366 0.257684 0.261377 0.267268 0.273368 0.278251 0.281171 0.282003 0.281095 0.279079 0.276677 0.274542 0.273139 0.272693 0.273174 0.274343 0.275826 0.277208 0.278139 0.278412 0.278026 0.277198 0.276334 0.275940 0.276504 0.278332 0.281402 0.285245 0.288922 0.291170 0.290789 0.314922 0.158801 0.066935 0.061862 0.060415 0.084885 0.134074 0.181963 0.221114 0.248336 0.263780 0.269793 0.269765 0.267145 0.264720 0.264201 0.266115 0.269956 0.274535 0.278435 0.280474 0.280093 0.277582 0.274071 0.271279 0.271011 0.274469 0.281503 0.289979 0.295545 0.292146 0.273737 0.264568 0.259248 0.256258 0.255227 0.255494 0.256355 0.257210 0.257632 0.257386 0.256415 0.254803 0.252721 0.250388 0.248019 0.245798 0.243851 0.242239 0.240956 0.239943 0.239105 0.238329 0.237515 0.236588 0.235515 0.234312 0.233039 0.231789 0.230661 0.229735 0.229039 0.228520 0.228037 0.221582 0.218851 0.218054 0.218624 0.219853 0.221102 0.221908 0.222017 0.221378 0.220093 0.218365 0.216445 0.214575 0.212954 0.211714 0.210905 0.210506 0.210438 0.210584 0.210816 0.211022 0.211120 0.211074 0.210891 0.210612 0.210284 0.209937 0.209548 0.209020 0.208179 0.206804 0.204725
0.205635 0.206243 0.206272 0.205936 0.205503 0.205219 0.205258 0.205707 0.206566 0.207758 0.209155 0.210601 0.211939 0.213036 0.213797 0.214181 0.214207 0.213948 0.213529 0.213103 0.212838 0.212892 0.213387 0.214384 0.215870 0.217738 0.219789 0.221743 0.223264 0.224014 0.223722 0.222289 0.220379 0.220685 0.222266 0.224491 0.226759 0.228646 0.229940 0.230628 0.230850 0.230832 0.230823 0.231040 0.231631 0.232656 0.234085 0.235813 0.237690 0.239556 0.241275 0.242764 0.244019 0.245117 0.246200 0.247453 0.249045 0.251081 0.253531 0.256181 0.258615 0.260237 0.260385 0.258562 0.263965 0.265018 0.267171 0.269889 0.272618 0.274930 0.276593 0.277572 0.277996 0.278100 0.278148 0.278363 0.278865 0.279625 0.280437 0.280919 0.280540 0.278663 0.274624 0.267810 0.257762 0.244275 0.227490 0.207965 0.186725 0.165248 0.145414 0.129349 0.119197 0.116757 0.122999 0.137406 0.138455 0.163772 0.169836 0.162046 0.147679 0.133541 0.124676 0.123870 0.131698 0.146909 0.167010 0.188897 0.209457 0.226066 0.236943 0.241345 0.239591 0.232945 0.223369 0.213201 0.204783 0.200095 0.200432 0.206186 0.216731 0.230481 0.245094 0.257844 0.266129 0.268070 0.263123 0.252623 0.268892 0.257969 0.256732 0.262562 0.271964 0.281730 0.289536 0.294134 0.295274 0.293477 0.289735 0.285216 0.281002 0.277904 0.276353 0.276381 0.277675 0.279682 0.281754 0.283307 0.283947 0.283576 0.282425 0.281021 0.280075 0.280302 0.282202 0.285823 0.290585 0.295216 0.297937 0.296983 0.323983 0.205866 0.130296 0.120799 0.117487 0.133342 0.166932 0.200819 0.229406 0.250093 0.262681 0.268583 0.270025 0.269346 0.268489 0.268687 0.270380 0.273293 0.276674 0.279590 0.281255 0.281285 0.279863 0.277737 0.276055 0.276019 0.278422 0.283136 0.288675 0.292043 0.289080 0.275653 0.266366 0.261176 0.258197 0.257056 0.257109 0.257685 0.258217 0.258315 0.257775 0.256567 0.254790 0.252626 0.250294 0.248003 0.245922 0.244159 0.242750 0.241668 0.240828 0.240115 0.239399 0.238569 0.237545 0.236302 0.234870 0.233334 0.231818 0.230460 0.229383 0.228655 0.228256 0.228060 0.223502 0.221520 0.220681 0.220692 0.221155 0.221689 0.221995 0.221890 0.221302 0.220256 0.218845 0.217207 0.215491 0.213839 0.212366 0.211154 0.210245 0.209646 0.209334 0.209266 0.209389 0.209644 0.209975 0.210330 0.210656 0.210896 0.210978 0.210813 0.210292 0.209299 0.207746 0.205634
0.206668 0.205574 0.205336 0.205642 0.206168 0.206677 0.207053 0.207290 0.207461 0.207677 0.208043 0.208629 0.209453 0.210473 0.211596 0.212698 0.213651 0.214350 0.214738 0.214829 0.214711 0.214542 0.214527 0.214877 0.215762 0.217250 0.219249 0.221470 0.223416 0.224425 0.223799 0.221038 0.221542 0.220462 0.221395 0.223627 0.226357 0.228929 0.230927 0.232190 0.232773 0.232879 0.232784 0.232762 0.233039 0.233751 0.234932 0.236523 0.238396 0.240385 0.242328 0.244104 0.245658 0.247020 0.248296 0.249645 0.251236 0.253189 0.255506 0.258021 0.260359 0.261956 0.262161 0.260451 0.264974 0.268380 0.271724 0.274656 0.276955 0.278537 0.279451 0.279845 0.279939 0.279971 0.280154 0.280630 0.281433 0.282459 0.283453 0.284013 0.283613 0.281642 0.277464 0.270497 0.260295 0.246648 0.229671 0.209885 0.188274 0.166294 0.145836 0.129098 0.118359 0.115618 0.122065 0.137365 0.138325 0.165221 0.172084 0.164463 0.149860 0.135287 0.125940 0.124685 0.132116 0.146959 0.166676 0.188122 0.208160 0.224171 0.234409 0.238192 0.235915 0.228921 0.219242 0.209255 0.201307 0.197343 0.198585 0.205321 0.216813 0.231373 0.246598 0.259764 0.268351 0.270635 0.266283 0.256810 0.271855 0.260914 0.259885 0.266055 0.275819 0.285875 0.293827 0.298390 0.299308 0.297128 0.292891 0.287827 0.283085 0.279539 0.277670 0.277542 0.278850 0.281025 0.283385 0.285287 0.286276 0.286187 0.285195 0.283790 0.282678 0.282607 0.284147 0.287459 0.292095 0.296924 0.300265 0.300363 0.325382 0.247821 0.194282 0.180837 0.175387 0.182703 0.200974 0.220831 0.238632 0.252479 0.261907 0.267454 0.270213 0.271424 0.272174 0.273199 0.274817 0.276956 0.279267 0.281286 0.282604 0.283014 0.282597 0.281736 0.281023 0.281080 0.282307 0.284602 0.287131 0.288239 0.285646 0.277113 0.268349 0.264212 0.261591 0.260217 0.259640 0.259392 0.259088 0.258466 0.257402 0.255893 0.254029 0.251954 0.249834 0.247823 0.246043 0.244562 0.243391 0.242489 0.241771 0.241123 0.240425 0.239568 0.238477 0.237123 0.235533 0.233791 0.232027 0.230402 0.229078 0.228186 0.227786 0.227832 0.225493 0.224659 0.223880 0.223215 0.222677 0.222237 0.221833 0.221386 0.220819 0.220065 0.219085 0.217869 0.216445 0.214873 0.213239 0.211648 0.210212 0.209035 0.208202 0.207768 0.207745 0.208102 0.208761 0.209600 0.210467 0.211192 0.211610 0.211582 0.211024 0.209934 0.208410 0.206667
0.207670 0.204928 0.204477 0.205475 0.206996 0.208316 0.209025 0.209027 0.208472 0.207659 0.206937 0.206608 0.206869 0.207778 0.209245 0.211065 0.212962 0.214647 0.215879 0.216520 0.216571 0.216184 0.215639 0.215295 0.215507 0.216525 0.218381 0.220799 0.223141 0.224452 0.223621 0.219761 0.223224 0.220611 0.220776 0.222929 0.226069 0.229299 0.231991 0.233828 0.234773 0.235005 0.234822 0.234562 0.234526 0.234928 0.235871 0.237341 0.239229 0.241361 0.243547 0.245619 0.247468 0.249072 0.250497 0.251880 0.253391 0.255174 0.257281 0.259604 0.261830 0.263448 0.263826 0.262417 0.266447 0.272262 0.276702 0.279689 0.281410 0.282176 0.282329 0.282194 0.282049 0.282103 0.282486 0.283239 0.284305 0.285516 0.286594 0.287150 0.286700 0.284684 0.280518 0.273646 0.263614 0.250168 0.233340 0.213549 0.191676 0.169114 0.147760 0.129915 0.118080 0.114583 0.120997 0.137303 0.137481 0.166066 0.173742 0.166323 0.151605 0.136816 0.127258 0.125800 0.132968 0.147402 0.166492 0.187067 0.206029 0.220859 0.229960 0.232825 0.230014 0.222995 0.213852 0.204929 0.198439 0.196106 0.198880 0.206766 0.218799 0.233185 0.247603 0.259647 0.267353 0.269744 0.267257 0.261924 0.274193 0.270705 0.271447 0.275130 0.280100 0.284869 0.288384 0.290120 0.290032 0.288450 0.285933 0.283120 0.280605 0.278837 0.278068 0.278330 0.279461 0.281153 0.283023 0.284692 0.285860 0.286373 0.286252 0.285705 0.285093 0.284860 0.285440 0.287142 0.290034 0.293871 0.298077 0.301861 0.319076 0.279063 0.249519 0.233448 0.226167 0.226304 0.231650 0.239397 0.247711 0.255398 0.261843 0.266882 0.270659 0.273472 0.275659 0.277506 0.279199 0.280812 0.282320 0.283645 0.284691 0.285399 0.285771 0.285882 0.285862 0.285846 0.285912 0.285994 0.285825 0.284909 0.282588 0.278251 0.270330 0.267850 0.265867 0.264260 0.262855 0.261488 0.260037 0.258434 0.256671 0.254783 0.252843 0.250934 0.249144 0.247542 0.246173 0.245049 0.244148 0.243416 0.242774 0.242130 0.241387 0.240460 0.239291 0.237854 0.236172 0.234316 0.232402 0.230587 0.229048 0.227955 0.227437 0.227534 0.227278 0.227706 0.227024 0.225660 0.224063 0.222583 0.221413 0.220595 0.220050 0.219622 0.219133 0.218422 0.217385 0.215992 0.214295 0.212415 0.210526 0.208825 0.207500 0.206696 0.206492 0.206877 0.207750 0.208925 0.210158 0.211181 0.211759 0.211735 0.211089 0.209966 0.208682 0.207670
0.208463 0.204687 0.204198 0.205757 0.208006 0.209878 0.210761 0.210505 0.209329 0.207682 0.206095 0.205047 0.204868 0.205685 0.207414 0.209786 0.212410 0.214856 0.216744 0.217818 0.218009 0.217458 0.216498 0.215596 0.215246 0.215838 0.217509 0.220007 0.222617 0.224187 0.223327 0.218870 0.225290 0.221265 0.220673 0.222674 0.226094 0.229835 0.233083 0.235385 0.236624 0.236954 0.236694 0.236232 0.235936 0.236088 0.236846 0.238234 0.240156 0.242429 0.244833 0.247156 0.249238 0.251011 0.252505 0.253840 0.255193 0.256741 0.258592 0.260708 0.262852 0.264574 0.265274 0.264382 0.268442 0.276562 0.281818 0.284556 0.285488 0.285374 0.284853 0.284382 0.284230 0.284506 0.285205 0.286235 0.287449 0.288653 0.289601 0.289988 0.289439 0.287506 0.283678 0.277415 0.268207 0.255662 0.239616 0.220258 0.198263 0.174890 0.152041 0.132219 0.118340 0.113341 0.119497 0.137370 0.135966 0.166197 0.174584 0.167326 0.152582 0.137809 0.128369 0.127055 0.134249 0.148430 0.166879 0.186400 0.203976 0.217261 0.224906 0.226669 0.223356 0.216601 0.208538 0.201412 0.197191 0.197227 0.202028 0.211158 0.223320 0.236603 0.248884 0.258332 0.263948 0.265997 0.266185 0.267376 0.276356 0.290423 0.295190 0.292807 0.286290 0.278500 0.271607 0.266904 0.264852 0.265248 0.267465 0.270688 0.274123 0.277150 0.279407 0.280807 0.281506 0.281816 0.282103 0.282678 0.283705 0.285148 0.286769 0.288177 0.288949 0.288787 0.287700 0.286178 0.285286 0.286616 0.292002 0.302866 0.306250 0.295500 0.287354 0.270697 0.262590 0.258085 0.254696 0.253971 0.255475 0.258614 0.262747 0.267267 0.271674 0.275610 0.278875 0.281418 0.283306 0.284691 0.285757 0.286672 0.287557 0.288447 0.289291 0.289955 0.290253 0.289996 0.289049 0.287394 0.285183 0.282757 0.280616 0.279300 0.272090 0.271383 0.270193 0.268499 0.266373 0.263933 0.261323 0.258681 0.256132 0.253775 0.251682 0.249892 0.248415 0.247233 0.246305 0.245574 0.244967 0.244407 0.243815 0.243118 0.242255 0.241182 0.239877 0.238347 0.236624 0.234776 0.232896 0.231104 0.229535 0.228328 0.227597 0.227412 0.228589 0.230005 0.229360 0.227388 0.224903 0.222564 0.220778 0.219684 0.219202 0.219103 0.219091 0.218882 0.218260 0.217118 0.215473 0.213455 0.211281 0.209218 0.207528 0.206423 0.206028 0.206348 0.207261 0.208535 0.209862 0.210917 0.211431 0.211270 0.210498 0.209416 0.208536 0.208465
0.208885 0.205206 0.204950 0.206760 0.209180 0.211081 0.211831 0.211302 0.209760 0.207716 0.205764 0.204439 0.204109 0.204915 0.206765 0.209362 0.212272 0.215014 0.217156 0.218400 0.218649 0.218036 0.216907 0.215760 0.215138 0.215483 0.216980 0.219410 0.222065 0.223769 0.223081 0.218770 0.227495 0.222483 0.221300 0.223092 0.226591 0.230577 0.234121 0.236680 0.238086 0.238470 0.238163 0.237581 0.237132 0.237140 0.237797 0.239151 0.241112 0.243491 0.246042 0.248520 0.250729 0.252565 0.254032 0.255239 0.256377 0.257656 0.259240 0.261167 0.263283 0.265214 0.266404 0.266275 0.270927 0.281073 0.286711 0.288802 0.288711 0.287701 0.286690 0.286192 0.286373 0.287152 0.288312 0.289599 0.290789 0.291707 0.292226 0.292221 0.291521 0.289856 0.286824 0.281880 0.274385 0.263688 0.249271 0.230931 0.208989 0.184490 0.159354 0.136416 0.119275 0.111853 0.117553 0.137862 0.134224 0.165763 0.174582 0.167354 0.152645 0.138128 0.129175 0.128441 0.136080 0.150352 0.168387 0.186955 0.203134 0.214797 0.220894 0.221514 0.217760 0.211465 0.204814 0.199924 0.198451 0.201285 0.208380 0.218765 0.230736 0.242245 0.251419 0.257154 0.259647 0.260709 0.263638 0.272353 0.278899 0.321636 0.333013 0.320803 0.295644 0.267496 0.243792 0.228804 0.223815 0.227752 0.238040 0.251470 0.264958 0.276103 0.283511 0.286876 0.286853 0.284769 0.282228 0.280699 0.281151 0.283802 0.288044 0.292562 0.295680 0.295879 0.292428 0.286016 0.279197 0.276411 0.283285 0.304807 0.289171 0.295359 0.301550 0.286769 0.279481 0.273706 0.266922 0.262533 0.260890 0.261800 0.264704 0.268854 0.273489 0.277958 0.281809 0.284814 0.286964 0.288418 0.289427 0.290257 0.291107 0.292049 0.293001 0.293739 0.293944 0.293295 0.291589 0.288865 0.285509 0.282290 0.280274 0.280548 0.273429 0.274061 0.273657 0.272162 0.269730 0.266631 0.263175 0.259666 0.256360 0.253447 0.251043 0.249190 0.247862 0.246981 0.246429 0.246071 0.245768 0.245393 0.244844 0.244055 0.242997 0.241680 0.240149 0.238475 0.236743 0.235042 0.233444 0.232000 0.230728 0.229613 0.228619 0.227716 0.229220 0.230940 0.230169 0.227802 0.224833 0.222073 0.220027 0.218876 0.218532 0.218723 0.219091 0.219282 0.219022 0.218160 0.216688 0.214733 0.212526 0.210357 0.208515 0.207239 0.206668 0.206810 0.207540 0.208610 0.209700 0.210484 0.210713 0.210305 0.209412 0.208450 0.208048 0.208889
0.208826 0.206697 0.206990 0.208609 0.210444 0.211679 0.211906 0.211107 0.209567 0.207740 0.206122 0.205139 0.205065 0.205980 0.207770 0.210157 0.212758 0.215163 0.217012 0.218065 0.218260 0.217724 0.216766 0.215817 0.215341 0.215713 0.217086 0.219275 0.221685 0.223334 0.223027 0.219751 0.229506 0.224217 0.222754 0.224307 0.227630 0.231505 0.234994 0.237538 0.238950 0.239349 0.239052 0.238472 0.238018 0.238018 0.238673 0.240034 0.242016 0.244427 0.247014 0.249518 0.251726 0.253514 0.254872 0.255904 0.256807 0.257820 0.259159 0.260932 0.263077 0.265312 0.267158 0.268052 0.273775 0.285500 0.291009 0.292049 0.290749 0.288900 0.287655 0.287502 0.288400 0.289976 0.291739 0.293246 0.294210 0.294542 0.294316 0.293691 0.292796 0.291611 0.289868 0.286999 0.282157 0.274307 0.262418 0.245728 0.224062 0.198166 0.169992 0.142841 0.121260 0.110535 0.115620 0.139274 0.133241 0.165189 0.173892 0.166503 0.151938 0.137999 0.129982 0.130315 0.138870 0.153643 0.171594 0.189455 0.204411 0.214572 0.219211 0.218769 0.214662 0.208931 0.203813 0.201288 0.202685 0.208408 0.217833 0.229423 0.241044 0.250491 0.256134 0.257593 0.256285 0.255608 0.260509 0.276061 0.282340 0.363223 0.383495 0.358387 0.308651 0.253660 0.207829 0.179387 0.170711 0.179573 0.200809 0.228023 0.255076 0.277184 0.291560 0.297591 0.296584 0.291206 0.284715 0.280144 0.279561 0.283566 0.291099 0.299660 0.305931 0.306770 0.300430 0.287798 0.273302 0.265048 0.273594 0.308625 0.270841 0.279774 0.289962 0.279496 0.275036 0.271617 0.266986 0.264064 0.263289 0.264601 0.267594 0.271670 0.276194 0.280606 0.284504 0.287673 0.290081 0.291839 0.293138 0.294183 0.295120 0.295990 0.296707 0.297066 0.296798 0.295651 0.293495 0.290439 0.286914 0.283696 0.281815 0.282269 0.274223 0.275301 0.275514 0.274580 0.272487 0.269425 0.265709 0.261710 0.257792 0.254265 0.251348 0.249157 0.247698 0.246883 0.246548 0.246483 0.246464 0.246286 0.245793 0.244897 0.243587 0.241936 0.240080 0.238197 0.236470 0.235047 0.233995 0.233267 0.232682 0.231942 0.230690 0.228638 0.229074 0.230099 0.228967 0.226520 0.223663 0.221120 0.219326 0.218422 0.218302 0.218695 0.219256 0.219652 0.219621 0.219018 0.217829 0.216164 0.214226 0.212268 0.210545 0.209264 0.208545 0.208391 0.208690 0.209232 0.209750 0.209985 0.209766 0.209080 0.208135 0.207371 0.207401 0.208832
0.208283 0.209117 0.210231 0.211180 0.211654 0.211530 0.210862 0.209836 0.208714 0.207767 0.207224 0.207232 0.207839 0.208985 0.210523 0.212246 0.213921 0.215336 0.216330 0.216831 0.216865 0.216565 0.216144 0.215864 0.215978 0.216664 0.217965 0.219728 0.221581 0.222963 0.223227 0.221870 0.230957 0.226291 0.224960 0.226273 0.229147 0.232522 0.235576 0.237818 0.239084 0.239478 0.239280 0.238856 0.238567 0.238705 0.239447 0.240836 0.242791 0.245132 0.247621 0.250013 0.252102 0.253763 0.254978 0.255843 0.256550 0.257347 0.258484 0.260135 0.262337 0.264930 0.267551 0.269702 0.276756 0.289489 0.294396 0.294110 0.291550 0.289014 0.287824 0.288361 0.290292 0.292890 0.295346 0.297020 0.297591 0.297101 0.295897 0.294497 0.293394 0.292866 0.292799 0.292585 0.291111 0.286874 0.278223 0.263723 0.242606 0.215261 0.183675 0.151695 0.124979 0.110413 0.114770 0.142305 0.134622 0.165147 0.172806 0.165083 0.150986 0.138192 0.131716 0.133634 0.143475 0.158974 0.176956 0.194166 0.207945 0.216671 0.219951 0.218570 0.214233 0.209162 0.205619 0.205435 0.209618 0.218112 0.229758 0.242497 0.253797 0.261297 0.263555 0.260803 0.255488 0.252372 0.257841 0.278028 0.286996 0.410331 0.440607 0.401339 0.324493 0.239882 0.169667 0.126465 0.113871 0.128375 0.161938 0.204621 0.246879 0.281272 0.303457 0.312458 0.310303 0.301145 0.290088 0.281912 0.279939 0.285220 0.296234 0.309188 0.318962 0.320608 0.311226 0.291866 0.268960 0.254591 0.264715 0.314198 0.254469 0.253040 0.255935 0.251630 0.251877 0.253902 0.256034 0.258981 0.262611 0.266724 0.271089 0.275476 0.279686 0.283573 0.287048 0.290079 0.292673 0.294866 0.296690 0.298167 0.299284 0.299993 0.300216 0.299861 0.298851 0.297159 0.294850 0.292111 0.289268 0.286764 0.285093 0.284642 0.274499 0.274924 0.275463 0.275417 0.274345 0.272107 0.268830 0.264837 0.260553 0.256419 0.252815 0.250001 0.248091 0.247049 0.246704 0.246788 0.246988 0.247001 0.246582 0.245592 0.244021 0.241996 0.239758 0.237621 0.235903 0.234848 0.234535 0.234809 0.235239 0.235141 0.233701 0.230234 0.228218 0.227452 0.225725 0.223573 0.221505 0.219889 0.218903 0.218554 0.218710 0.219158 0.219659 0.219992 0.219996 0.219588 0.218766 0.217606 0.216235 0.214809 0.213479 0.212363 0.211525 0.210962 0.210606 0.210336 0.210014 0.209520 0.208802 0.207919 0.207066 0.206577 0.206863 0.208287
0.207390 0.212072 0.214120 0.214022 0.212592 0.210658 0.208896 0.207745 0.207404 0.207862 0.208953 0.210428 0.212010 0.213453 0.214576 0.215286 0.215580 0.215535 0.215288 0.215002 0.214839 0.214928 0.215342 0.216088 0.217108 0.218295 0.219520 0.220671 0.221692 0.222622 0.223600 0.224847 0.231507 0.228392 0.227630 0.228729 0.230919 0.233450 0.235742 0.237453 0.238474 0.238888 0.238907 0.238803 0.238843 0.239242 0.240130 0.241534 0.243387 0.245542 0.247807 0.249979 0.251883 0.253408 0.254527 0.255314 0.255930 0.256605 0.257598 0.259138 0.261367 0.264284 0.267705 0.271261 0.279554 0.292672 0.296699 0.295089 0.291454 0.288491 0.287616 0.289046 0.292135 0.295799 0.298932 0.300718 0.300827 0.299458 0.297248 0.295076 0.293807 0.294012 0.295727 0.298297 0.300347 0.299910 0.294723 0.282684 0.262439 0.234015 0.199410 0.162980 0.131434 0.113182 0.116746 0.147844 0.140568 0.166472 0.171671 0.163588 0.150744 0.140139 0.136096 0.140108 0.151298 0.167203 0.184650 0.200563 0.212590 0.219481 0.221227 0.218942 0.214562 0.210402 0.208666 0.210971 0.217978 0.229194 0.242996 0.256895 0.268057 0.274009 0.273462 0.267091 0.258076 0.252119 0.256600 0.278423 0.292811 0.453757 0.492971 0.441300 0.340622 0.229974 0.138355 0.082261 0.066357 0.085998 0.130598 0.187076 0.242871 0.288182 0.317277 0.328857 0.325579 0.312913 0.297603 0.285997 0.282542 0.288719 0.302622 0.319340 0.332167 0.334555 0.322555 0.297313 0.266963 0.247032 0.258183 0.319854 0.242834 0.222420 0.209085 0.211576 0.217587 0.226712 0.238074 0.249406 0.259580 0.268039 0.274689 0.279757 0.283639 0.286778 0.289553 0.292222 0.294889 0.297509 0.299924 0.301912 0.303249 0.303764 0.303390 0.302186 0.300338 0.298127 0.295870 0.293843 0.292189 0.290845 0.289505 0.287666 0.274479 0.273362 0.273896 0.274873 0.275264 0.274430 0.272167 0.268645 0.264295 0.259674 0.255337 0.251731 0.249129 0.247595 0.246994 0.247035 0.247331 0.247478 0.247137 0.246099 0.244330 0.241994 0.239421 0.237056 0.235356 0.234673 0.235116 0.236439 0.237968 0.238633 0.237136 0.232353 0.226907 0.223497 0.221046 0.219559 0.218877 0.218776 0.219026 0.219426 0.219826 0.220125 0.220272 0.220252 0.220076 0.219768 0.219353 0.218855 0.218282 0.217637 0.216909 0.216083 0.215145 0.214090 0.212924 0.211677 0.210399 0.209162 0.208058 0.207185 0.206639 0.206488 0.206754 0.207385
0.206442 0.214781 0.217588 0.216333 0.212975 0.209299 0.206582 0.205488 0.206120 0.208150 0.210997 0.213997 0.216551 0.218234 0.218851 0.218447 0.217273 0.215719 0.214230 0.213211 0.212946 0.213543 0.214906 0.216760 0.218707 0.220338 0.221357 0.221720 0.221741 0.222129 0.223886 0.228010 0.230926 0.230098 0.230259 0.231188 0.232554 0.234037 0.235393 0.236479 0.237259 0.237781 0.238154 0.238516 0.239006 0.239738 0.240780 0.242149 0.243810 0.245678 0.247634 0.249548 0.251292 0.252774 0.253948 0.254838 0.255541 0.256230 0.257139 0.258536 0.260682 0.263772 0.267867 0.272804 0.281805 0.294732 0.297954 0.295453 0.291245 0.288230 0.287823 0.290085 0.294129 0.298621 0.302252 0.304105 0.303863 0.301853 0.298929 0.296242 0.294924 0.295758 0.298896 0.303657 0.308492 0.311113 0.308833 0.299080 0.280071 0.251548 0.215463 0.176454 0.141877 0.121123 0.123876 0.156884 0.153662 0.170025 0.170807 0.162653 0.152573 0.145924 0.145629 0.152201 0.164263 0.179297 0.194426 0.207100 0.215599 0.219301 0.218716 0.215314 0.211176 0.208557 0.209411 0.214963 0.225399 0.239739 0.255924 0.271145 0.282406 0.287255 0.284604 0.275481 0.263521 0.254908 0.257443 0.278314 0.299232 0.480170 0.524137 0.465908 0.352637 0.228262 0.125410 0.062626 0.045131 0.067665 0.118272 0.182187 0.245231 0.296336 0.329022 0.341814 0.337707 0.322882 0.304971 0.291177 0.286576 0.292903 0.308074 0.326597 0.340925 0.343639 0.330194 0.301725 0.267198 0.243889 0.254912 0.322143 0.237612 0.197374 0.165045 0.173193 0.184436 0.200018 0.219877 0.239190 0.255781 0.268660 0.277788 0.283762 0.287513 0.290024 0.292129 0.294380 0.296999 0.299901 0.302770 0.305176 0.306701 0.307060 0.306184 0.304259 0.301701 0.299065 0.296901 0.295573 0.295073 0.294891 0.294007 0.291100 0.274608 0.271778 0.272054 0.273824 0.275550 0.276136 0.275036 0.272232 0.268105 0.263268 0.258399 0.254099 0.250785 0.248637 0.247588 0.247365 0.247558 0.247708 0.247410 0.246394 0.244591 0.242160 0.239469 0.237028 0.235379 0.234944 0.235870 0.237872 0.240149 0.241400 0.240027 0.234599 0.225589 0.219335 0.216269 0.215725 0.216739 0.218388 0.219970 0.221068 0.221533 0.221428 0.220943 0.220319 0.219778 0.219470 0.219447 0.219660 0.219974 0.220202 0.220146 0.219642 0.218599 0.217023 0.215031 0.212836 0.210712 0.208943 0.207749 0.207215 0.207230 0.207460 0.207383 0.206422
0.205875 0.216124 0.219127 0.217023 0.212499 0.207911 0.204862 0.204099 0.205607 0.208817 0.212860 0.216807 0.219875 0.221556 0.221688 0.220447 0.218280 0.215799 0.213647 0.212366 0.212285 0.213446 0.215590 0.218205 0.220645 0.222298 0.222797 0.222221 0.221244 0.221154 0.223653 0.230315 0.229179 0.230938 0.232171 0.232982 0.233538 0.234000 0.234486 0.235059 0.235742 0.236526 0.237392 0.238321 0.239308 0.240361 0.241501 0.242752 0.244137 0.245660 0.247305 0.249028 0.250758 0.252410 0.253898 0.255161 0.256190 0.257057 0.257936 0.259113 0.260974 0.263946 0.268395 0.274442 0.283157 0.295470 0.298445 0.296014 0.292100 0.289500 0.289538 0.292208 0.296580 0.301300 0.305061 0.306963 0.306715 0.304678 0.301746 0.299110 0.297941 0.299067 0.302671 0.308106 0.313842 0.317597 0.316667 0.308440 0.291054 0.264138 0.229499 0.191600 0.157618 0.136794 0.138749 0.170342 0.176404 0.176516 0.170447 0.162988 0.158106 0.158073 0.163336 0.172834 0.184556 0.196157 0.205530 0.211235 0.212749 0.210532 0.205906 0.200784 0.197311 0.197443 0.202562 0.213154 0.228632 0.247319 0.266647 0.283552 0.295054 0.298962 0.294613 0.283510 0.269669 0.259442 0.260516 0.279734 0.305177 0.473671 0.514521 0.460200 0.354670 0.238868 0.143178 0.084852 0.068725 0.089866 0.137105 0.196665 0.255316 0.302735 0.332885 0.344398 0.340078 0.325706 0.308423 0.294969 0.290103 0.295467 0.309136 0.325996 0.338998 0.341196 0.328300 0.301295 0.268457 0.245819 0.254887 0.316094 0.238813 0.188085 0.143668 0.154225 0.167907 0.186402 0.210212 0.233514 0.253541 0.269002 0.279790 0.286614 0.290610 0.293004 0.294851 0.296870 0.299375 0.302300 0.305289 0.307836 0.309441 0.309753 0.308683 0.306446 0.303537 0.300626 0.298379 0.297236 0.297187 0.297607 0.297238 0.294438 0.275524 0.272023 0.271989 0.273809 0.275877 0.276992 0.276491 0.274245 0.270542 0.265936 0.261080 0.256583 0.252901 0.250275 0.248711 0.248011 0.247828 0.247753 0.247399 0.246491 0.244926 0.242806 0.240430 0.238237 0.236710 0.236244 0.237000 0.238759 0.240834 0.242071 0.241021 0.236340 0.224858 0.216612 0.213390 0.213888 0.216417 0.219463 0.221953 0.223328 0.223496 0.222701 0.221383 0.220023 0.219027 0.218646 0.218935 0.219758 0.220834 0.221796 0.222279 0.221996 0.220810 0.218769 0.216118 0.213261 0.210683 0.208841 0.208026 0.208231 0.209055 0.209675 0.208969 0.205836
0.206190 0.214835 0.217057 0.214924 0.210911 0.207116 0.204901 0.204822 0.206748 0.210067 0.213937 0.217505 0.220095 0.221321 0.221128 0.219773 0.217745 0.215652 0.214087 0.213499 0.214096 0.215789 0.218197 0.220723 0.222687 0.223521 0.222983 0.221362 0.219605 0.219295 0.222377 0.230511 0.226510 0.230510 0.232657 0.233387 0.233337 0.233091 0.233068 0.233481 0.234365 0.235624 0.237099 0.238617 0.240047 0.241319 0.242436 0.243467 0.244519 0.245715 0.247151 0.248873 0.250857 0.253002 0.255150 0.257117 0.258743 0.259958 0.260844 0.261686 0.262986 0.265422 0.269701 0.276286 0.283361 0.294886 0.298684 0.297798 0.295367 0.293693 0.293936 0.296199 0.299832 0.303824 0.307166 0.309138 0.309477 0.308414 0.306590 0.304874 0.304127 0.304950 0.307449 0.311098 0.314694 0.316460 0.314308 0.306236 0.290848 0.267933 0.238998 0.207654 0.179655 0.162391 0.163569 0.188753 0.210370 0.186295 0.170763 0.165334 0.168975 0.179018 0.192048 0.204657 0.214021 0.218286 0.216759 0.209910 0.199220 0.186900 0.175532 0.167666 0.165426 0.170174 0.182259 0.200902 0.224230 0.249472 0.273324 0.292444 0.304059 0.306598 0.300274 0.287495 0.272945 0.263162 0.265387 0.285416 0.309181 0.419313 0.445760 0.409903 0.340582 0.264607 0.201841 0.163535 0.152804 0.166376 0.196910 0.235378 0.273127 0.303427 0.322364 0.329086 0.325471 0.315339 0.303380 0.294005 0.290307 0.293321 0.301728 0.312119 0.319824 0.320257 0.310601 0.291537 0.268567 0.252317 0.257030 0.296244 0.244496 0.203169 0.165094 0.172801 0.183611 0.198555 0.218140 0.237923 0.255535 0.269745 0.280267 0.287497 0.292222 0.295357 0.297739 0.299984 0.302412 0.305051 0.307685 0.309952 0.311458 0.311890 0.311106 0.309198 0.306488 0.303481 0.300751 0.298790 0.297838 0.297725 0.297797 0.296978 0.277938 0.276307 0.276217 0.276778 0.277180 0.276851 0.275503 0.273117 0.269880 0.266115 0.262191 0.258460 0.255195 0.252562 0.250608 0.249265 0.248381 0.247752 0.247167 0.246449 0.245488 0.244264 0.242851 0.241403 0.240119 0.239189 0.238737 0.238749 0.239030 0.239180 0.238637 0.236803 0.225341 0.217248 0.214736 0.216110 0.219344 0.222706 0.225047 0.225858 0.225177 0.223429 0.221223 0.219182 0.217793 0.217323 0.217781 0.218941 0.220402 0.221684 0.222332 0.222019 0.220625 0.218279 0.215352 0.212396 0.210032 0.208789 0.208925 0.210259 0.212056 0.213030 0.211552 0.206146
0.207800 0.209910 0.210075 0.209185 0.208131 0.207554 0.207759 0.208746 0.210290 0.212051 0.213680 0.214905 0.215587 0.215736 0.215507 0.215149 0.214952 0.215180 0.215999 0.217437 0.219351 0.221439 0.223283 0.224432 0.224512 0.223357 0.221136 0.218450 0.216353 0.216255 0.219636 0.227500 0.223500 0.228674 0.231218 0.231868 0.231587 0.231218 0.231318 0.232131 0.233629 0.235600 0.237747 0.239783 0.241497 0.242801 0.243732 0.244444 0.245162 0.246133 0.247565 0.249577 0.252163 0.255177 0.258353 0.261347 0.263821 0.265533 0.266449 0.266827 0.267270 0.268687 0.272123 0.278400 0.282400 0.293244 0.299293 0.301724 0.302105 0.301827 0.301838 0.302593 0.304131 0.306219 0.308495 0.310607 0.312302 0.313465 0.314118 0.314368 0.314338 0.314076 0.313484 0.312268 0.309927 0.305803 0.299186 0.289480 0.276408 0.260245 0.242026 0.223690 0.208073 0.198672 0.199057 0.211800 0.254900 0.199137 0.172036 0.170458 0.186331 0.210111 0.233076 0.248662 0.253064 0.245272 0.226726 0.200709 0.171617 0.144195 0.122828 0.110949 0.110613 0.122257 0.144671 0.175170 0.209949 0.244594 0.274700 0.296545 0.307734 0.307756 0.298345 0.283546 0.269382 0.263000 0.271170 0.298000 0.309800 0.309341 0.308407 0.307326 0.306300 0.305404 0.304609 0.303823 0.302931 0.301826 0.300439 0.298756 0.296817 0.294714 0.292572 0.290529 0.288705 0.287184 0.285991 0.285081 0.284334 0.283571 0.282575 0.281124 0.279043 0.276247 0.272791 0.268903 0.264994 0.261621 0.259396 0.258800 0.251000 0.246439 0.242973 0.241390 0.242087 0.245082 0.250083 0.256590 0.263997 0.271696 0.279152 0.285957 0.291863 0.296775 0.300738 0.303891 0.306419 0.308505 0.310280 0.311791 0.312984 0.313711 0.313761 0.312918 0.311030 0.308095 0.304336 0.300256 0.296639 0.294467 0.294721 0.298000 0.282400 0.286480 0.286900 0.284475 0.280382 0.275724 0.271307 0.267575 0.264650 0.262414 0.260619 0.258992 0.257311 0.255461 0.253450 0.251394 0.249479 0.247913 0.246856 0.246378 0.246414 0.246757 0.247079 0.246983 0.246097 0.244177 0.241228 0.237603 0.234056 0.231692 0.231773 0.235300 0.227500 0.222863 0.222243 0.224036 0.226548 0.228467 0.229049 0.228119 0.225945 0.223071 0.220131 0.217697 0.216157 0.215660 0.216100 0.217164 0.218405 0.219345 0.219576 0.218859 0.217185 0.214797 0.212162 0.209888 0.208588 0.208706 0.210332 0.213042 0.215806 0.217041 0.214885 0.207800
0.207800 0.204400 0.203457 0.204471 0.206679 0.209330 0.211831 0.213809 0.215108 0.215758 0.215914 0.215800 0.215646 0.215650 0.215943 0.216576 0.217525 0.218697 0.219963 0.221178 0.222214 0.222985 0.223456 0.223655 0.223658 0.223572 0.223503 0.223520 0.223627 0.223748 0.223746 0.223500 0.235300 0.240191 0.240914 0.239062 0.236359 0.234185 0.233374 0.234199 0.236470 0.239696 0.243251 0.246538 0.249104 0.250718 0.251392 0.251357 0.251006 0.250805 0.251193 0.252497 0.254851 0.258161 0.262111 0.266206 0.269879 0.272624 0.274155 0.274561 0.274408 0.274753 0.276980 0.282400 0.290200 0.294181 0.297139 0.299350 0.301212 0.303101 0.305285 0.307890 0.310900 0.314177 0.317499 0.320601 0.323217 0.325115 0.326127 0.326165 0.325225 0.323387 0.320791 0.317622 0.314071 0.310310 0.306455 0.302543 0.298514 0.294211 0.289393 0.283778 0.277113 0.269266 0.260372 0.251000 0.258800 0.249527 0.251458 0.260841 0.273195 0.284651 0.292592 0.295817 0.294388 0.289305 0.282102 0.274463 0.267890 0.263474 0.261769 0.262779 0.266035 0.270749 0.276004 0.280954 0.285005 0.287939 0.289957 0.291630 0.293756 0.297123 0.302220 0.308938 0.316335 0.322574 0.325153 0.321600 0.325500 0.325867 0.325198 0.323867 0.322276 0.320752 0.319497 0.318586 0.317976 0.317543 0.317114 0.316509 0.315569 0.314185 0.312310 0.309961 0.307221 0.304218 0.301111 0.298064 0.295219 0.292679 0.290486 0.288609 0.286948 0.285337 0.283567 0.281420 0.278706 0.275312 0.271248 0.266700 0.254900 0.245360 0.240766 0.240832 0.244621 0.250984 0.258824 0.267243 0.275598 0.283490 0.290726 0.297260 0.303128 0.308397 0.313117 0.317299 0.320905 0.323854 0.326041 0.327365 0.327756 0.327202 0.325769 0.323606 0.320939 0.318042 0.315201 0.312659 0.310558 0.308890 0.307460 0.305900 0.290200 0.291881 0.290018 0.285794 0.280610 0.275643 0.271645 0.268912 0.267357 0.266629 0.266259 0.265785 0.264852 0.263274 0.261051 0.258351 0.255460 0.252709 0.250399 0.248731 0.247747 0.247314 0.247129 0.246784 0.245850 0.244007 0.241173 0.237631 0.234095 0.231682 0.231716 0.235300 0.227500 0.226712 0.225705 0.224670 0.223793 0.223200 0.222936 0.222969 0.223213 0.223549 0.223851 0.224012 0.223953 0.223638 0.223069 0.222284 0.221348 0.220333 0.219311 0.218334 0.217430 0.216599 0.215811 0.215023 0.214189 0.213287 0.212336 0.211420 0.210692 0.210368 0.210681 0.211800
0.214538 0.213154 0.212669 0.212694 0.212826 0.212775 0.212405 0.211729 0.210869 0.210009 0.209341 0.209025 0.209155 0.209747 0.210739 0.212010 0.213401 0.214746 0.215909 0.216806 0.217428 0.217844 0.218192 0.218653 0.219410 0.220594 0.222232 0.224195 0.226177 0.227705 0.228227 0.227291 0.232811 0.235243 0.235699 0.234893 0.233634 0.232602 0.232249 0.232781 0.234190 0.236320 0.238931 0.241770 0.244615 0.247312 0.249785 0.252032 0.254103 0.256073 0.258012 0.259953 0.261874 0.263697 0.265298 0.266542 0.267330 0.267659 0.267681 0.267758 0.268468 0.270559 0.274814 0.281773 0.298437 0.313252 0.317176 0.314084 0.308283 0.303231 0.300996 0.302228 0.306425 0.312358 0.318519 0.323522 0.326396 0.326747 0.324788 0.321239 0.317142 0.313610 0.311561 0.311491 0.313305 0.316266 0.319073 0.320069 0.317603 0.310468 0.298396 0.282499 0.265528 0.251795 0.246551 0.254544 0.266645 0.244105 0.241803 0.253586 0.271737 0.289417 0.301873 0.306780 0.304022 0.295147 0.282691 0.269490 0.258113 0.250437 0.247420 0.249058 0.254512 0.262359 0.270926 0.278643 0.284364 0.287604 0.288639 0.288446 0.288479 0.290286 0.295013 0.302885 0.312771 0.322015 0.326728 0.322845 0.336444 0.342176 0.341679 0.337070 0.330713 0.324569 0.319890 0.317181 0.316317 0.316738 0.317677 0.318364 0.318189 0.316806 0.314174 0.310530 0.306321 0.302096 0.298388 0.295591 0.293872 0.293116 0.292932 0.292710 0.291754 0.289451 0.285476 0.279989 0.273774 0.268252 0.265290 0.266683 0.260232 0.253427 0.249809 0.249444 0.251925 0.256628 0.262878 0.270052 0.277626 0.285194 0.292465 0.299238 0.305391 0.310850 0.315577 0.319557 0.322788 0.325281 0.327063 0.328175 0.328680 0.328655 0.328195 0.327396 0.326345 0.325096 0.323654 0.321956 0.319861 0.317169 0.313652 0.309149 0.292464 0.296194 0.293320 0.286552 0.278801 0.272339 0.268446 0.267412 0.268735 0.271412 0.274266 0.276217 0.276498 0.274769 0.271141 0.266118 0.260466 0.255046 0.250630 0.247735 0.246501 0.246642 0.247477 0.248059 0.247390 0.244703 0.239772 0.233194 0.226550 0.222350 0.223614 0.232916 0.229980 0.221424 0.218753 0.220129 0.223344 0.226527 0.228466 0.228667 0.227245 0.224735 0.221867 0.219363 0.217774 0.217382 0.218163 0.219815 0.221834 0.223628 0.224636 0.224458 0.222943 0.220242 0.216804 0.213303 0.210510 0.209104 0.209465 0.211462 0.214319 0.216594 0.216395 0.211918
0.216774 0.216572 0.216458 0.216119 0.215361 0.214145 0.212572 0.210845 0.209213 0.207916 0.207141 0.206991 0.207470 0.208491 0.209887 0.211453 0.212970 0.214256 0.215190 0.215742 0.215987 0.216091 0.216290 0.216849 0.218000 0.219872 0.222431 0.225423 0.228354 0.230532 0.231184 0.229698 0.232275 0.231811 0.231735 0.231957 0.232365 0.232879 0.233477 0.234190 0.235095 0.236287 0.237860 0.239884 0.242385 0.245335 0.248648 0.252184 0.255762 0.259176 0.262216 0.264697 0.266480 0.267503 0.267791 0.267476 0.266795 0.266083 0.265748 0.266233 0.267961 0.271257 0.276263 0.282828 0.302420 0.318696 0.322565 0.318534 0.311539 0.305491 0.302685 0.303789 0.308176 0.314416 0.320801 0.325802 0.328395 0.328236 0.325672 0.321618 0.317315 0.314041 0.312795 0.314034 0.317495 0.322152 0.326328 0.327980 0.325133 0.316433 0.301733 0.282610 0.262648 0.247296 0.243032 0.255539 0.270629 0.244390 0.240774 0.253057 0.272699 0.292077 0.305849 0.311359 0.308403 0.298643 0.284852 0.270165 0.257439 0.248780 0.245290 0.247003 0.253024 0.261797 0.271473 0.280296 0.286959 0.290868 0.292259 0.292142 0.292062 0.293682 0.298254 0.306048 0.315885 0.324940 0.329073 0.323966 0.341029 0.347736 0.347234 0.342005 0.334797 0.327867 0.322642 0.319680 0.318817 0.319398 0.320543 0.321384 0.321252 0.319788 0.316982 0.313137 0.308784 0.304548 0.301007 0.298558 0.297314 0.297056 0.297244 0.297116 0.295845 0.292761 0.287599 0.280730 0.273311 0.267272 0.265029 0.268789 0.264574 0.258520 0.254880 0.253956 0.255630 0.259543 0.265214 0.272125 0.279769 0.287685 0.295473 0.302803 0.309424 0.315156 0.319894 0.323604 0.326319 0.328130 0.329180 0.329646 0.329724 0.329602 0.329441 0.329336 0.329299 0.329228 0.328893 0.327946 0.325948 0.322437 0.317052 0.309727 0.294327 0.295946 0.292358 0.285978 0.279274 0.274084 0.271356 0.271175 0.272958 0.275725 0.278382 0.279967 0.279823 0.277699 0.273756 0.268504 0.262682 0.257101 0.252474 0.249274 0.247620 0.247240 0.247507 0.247556 0.246483 0.243603 0.238733 0.232440 0.226186 0.222274 0.223454 0.232058 0.231154 0.220948 0.218015 0.220018 0.224171 0.228136 0.230413 0.230421 0.228349 0.224916 0.221078 0.217775 0.215723 0.215283 0.216424 0.218753 0.221612 0.224227 0.225863 0.225985 0.224378 0.221215 0.217050 0.212735 0.209254 0.207485 0.207936 0.210477 0.214163 0.217202 0.217218 0.211923
0.215759 0.215909 0.215984 0.215725 0.215002 0.213841 0.212388 0.210866 0.209524 0.208579 0.208184 0.208398 0.209186 0.210425 0.211929 0.213480 0.214870 0.215936 0.216592 0.216849 0.216826 0.216729 0.216828 0.217404 0.218686 0.220785 0.223623 0.226887 0.230016 0.232248 0.232760 0.230926 0.233144 0.230165 0.229519 0.230537 0.232389 0.234368 0.236025 0.237191 0.237943 0.238522 0.239245 0.240418 0.242270 0.244900 0.248263 0.252176 0.256345 0.260412 0.264015 0.266846 0.268704 0.269538 0.269465 0.268769 0.267868 0.267254 0.267414 0.268738 0.271415 0.275366 0.280204 0.285286 0.303275 0.315090 0.318397 0.316362 0.312398 0.309169 0.308201 0.309892 0.313751 0.318755 0.323715 0.327589 0.329708 0.329882 0.328402 0.325936 0.323356 0.321523 0.321066 0.322203 0.324621 0.327457 0.329406 0.328932 0.324604 0.315507 0.301671 0.284447 0.266700 0.252688 0.247421 0.255291 0.271688 0.248899 0.246186 0.257590 0.275525 0.293209 0.305881 0.311159 0.308845 0.300401 0.288289 0.275301 0.263997 0.256281 0.253170 0.254744 0.260252 0.268355 0.277440 0.285961 0.292750 0.297247 0.299602 0.300626 0.301581 0.303821 0.308327 0.315221 0.323366 0.330223 0.332172 0.325561 0.341744 0.346920 0.346378 0.342154 0.336447 0.331030 0.326993 0.324732 0.324068 0.324452 0.325170 0.325542 0.325061 0.323480 0.320830 0.317393 0.313613 0.309992 0.306971 0.304823 0.303577 0.302984 0.302542 0.301591 0.299452 0.295623 0.289990 0.283014 0.275844 0.270280 0.268488 0.272357 0.267771 0.261326 0.257145 0.255681 0.256958 0.260714 0.266512 0.273823 0.282083 0.290743 0.299297 0.307310 0.314435 0.320427 0.325145 0.328558 0.330738 0.331848 0.332123 0.331846 0.331315 0.330806 0.330533 0.330603 0.330985 0.331480 0.331710 0.331141 0.329133 0.325051 0.318444 0.309301 0.295910 0.293304 0.289335 0.285060 0.281393 0.278896 0.277721 0.277672 0.278310 0.279087 0.279466 0.279025 0.277522 0.274922 0.271385 0.267226 0.262848 0.258667 0.255028 0.252143 0.250047 0.248585 0.247438 0.246188 0.244414 0.241822 0.238371 0.234391 0.230639 0.228256 0.228568 0.232659 0.231455 0.223712 0.221396 0.222736 0.225631 0.228324 0.229697 0.229328 0.227383 0.224422 0.221190 0.218414 0.216647 0.216169 0.216956 0.218699 0.220885 0.222901 0.224160 0.224222 0.222891 0.220269 0.216763 0.213018 0.209805 0.207843 0.207595 0.209070 0.211670 0.214153 0.214800 0.211875
0.213089 0.212978 0.213049 0.213075 0.212908 0.212513 0.211957 0.211373 0.210921 0.210749 0.210956 0.211574 0.212564 0.213819 0.215187 0.216499 0.217598 0.218368 0.218765 0.218829 0.218688 0.218543 0.218641 0.219231 0.220503 0.222533 0.225218 0.228244 0.231073 0.232997 0.233272 0.231359 0.234644 0.230106 0.229053 0.230531 0.233314 0.236325 0.238835 0.240513 0.241388 0.241736 0.241970 0.242516 0.243715 0.245764 0.248676 0.252294 0.256315 0.260359 0.264028 0.266988 0.269027 0.270105 0.270372 0.270152 0.269899 0.270108 0.271215 0.273480 0.276877 0.281036 0.285251 0.288635 0.302492 0.307702 0.310427 0.311659 0.312419 0.313467 0.315195 0.317651 0.320627 0.323772 0.326711 0.329138 0.330875 0.331901 0.332332 0.332381 0.332293 0.332270 0.332399 0.332600 0.332603 0.331951 0.330065 0.326332 0.320246 0.311567 0.300484 0.287751 0.274754 0.263453 0.256140 0.254910 0.271079 0.255511 0.254869 0.264647 0.279155 0.293316 0.303577 0.308169 0.306959 0.301058 0.292327 0.282876 0.274647 0.269093 0.267014 0.268508 0.273056 0.279698 0.287264 0.294622 0.300905 0.305676 0.309001 0.311402 0.313705 0.316766 0.321140 0.326725 0.332492 0.336419 0.335785 0.328026 0.341246 0.344292 0.343800 0.341117 0.337632 0.334420 0.332100 0.330846 0.330482 0.330614 0.330775 0.330543 0.329630 0.327926 0.325507 0.322597 0.319510 0.316575 0.314052 0.312069 0.310575 0.309329 0.307936 0.305917 0.302823 0.298379 0.292630 0.286065 0.279681 0.274924 0.273442 0.276576 0.269932 0.262795 0.258002 0.256130 0.257281 0.261219 0.267484 0.275482 0.284561 0.294070 0.303407 0.312052 0.319600 0.325775 0.330434 0.333572 0.335308 0.335867 0.335551 0.334709 0.333691 0.332807 0.332282 0.332214 0.332537 0.333005 0.333186 0.332497 0.330267 0.325863 0.318871 0.309364 0.297372 0.290423 0.286372 0.284648 0.284370 0.284662 0.284828 0.284421 0.283244 0.281306 0.278760 0.275831 0.272756 0.269737 0.266903 0.264306 0.261923 0.259673 0.257451 0.255156 0.252722 0.250141 0.247474 0.244845 0.242418 0.240363 0.238803 0.237764 0.237131 0.236628 0.235848 0.234357 0.231410 0.227893 0.226501 0.226527 0.227136 0.227633 0.227579 0.226817 0.225428 0.223651 0.221806 0.220201 0.219076 0.218553 0.218625 0.219157 0.219921 0.220635 0.221015 0.220830 0.219947 0.218361 0.216206 0.213745 0.211330 0.209340 0.208105 0.207815 0.208446 0.209711 0.211066 0.211820
0.210166 0.209498 0.209415 0.209730 0.210248 0.210829 0.211407 0.211979 0.212583 0.213271 0.214083 0.215032 0.216093 0.217206 0.218284 0.219234 0.219971 0.220444 0.220649 0.220642 0.220538 0.220500 0.220717 0.221369 0.222586 0.224399 0.226699 0.229210 0.231487 0.232962 0.233056 0.231383 0.236073 0.231188 0.230015 0.231610 0.234702 0.238138 0.241104 0.243192 0.244357 0.244830 0.244995 0.245276 0.246035 0.247504 0.249755 0.252693 0.256090 0.259632 0.262989 0.265874 0.268110 0.269666 0.270672 0.271405 0.272241 0.273570 0.275702 0.278753 0.282559 0.286624 0.290168 0.292304 0.301414 0.300834 0.303273 0.307662 0.312802 0.317715 0.321795 0.324820 0.326890 0.328309 0.329468 0.330730 0.332345 0.334402 0.336808 0.339309 0.341534 0.343058 0.343476 0.342469 0.339857 0.335638 0.329979 0.323195 0.315680 0.307820 0.299898 0.291995 0.283948 0.275374 0.265820 0.255118 0.269939 0.262299 0.263935 0.271915 0.282619 0.292852 0.300405 0.304204 0.304211 0.301168 0.296283 0.290918 0.286319 0.283426 0.282763 0.284415 0.288082 0.293191 0.299032 0.304920 0.310326 0.314971 0.318867 0.322276 0.325606 0.329239 0.333320 0.337553 0.341055 0.342360 0.339679 0.331540 0.341581 0.343275 0.342991 0.341567 0.339809 0.338292 0.337302 0.336857 0.336781 0.336794 0.336599 0.335957 0.334733 0.332915 0.330608 0.327997 0.325308 0.322750 0.320462 0.318475 0.316690 0.314881 0.312734 0.309905 0.306113 0.301243 0.295450 0.289238 0.283481 0.279359 0.278134 0.280733 0.271306 0.263739 0.258572 0.256491 0.257670 0.261892 0.268668 0.277336 0.287156 0.297386 0.307342 0.316449 0.324270 0.330527 0.335105 0.338040 0.339504 0.339771 0.339184 0.338111 0.336900 0.335839 0.335112 0.334773 0.334719 0.334695 0.334299 0.333035 0.330376 0.325874 0.319306 0.310869 0.298860 0.288871 0.284956 0.285253 0.287495 0.289727 0.290636 0.289628 0.286736 0.282437 0.277439 0.272479 0.268167 0.264874 0.262691 0.261446 0.260763 0.260164 0.259180 0.257461 0.254866 0.251509 0.247756 0.244165 0.241363 0.239882 0.239967 0.241388 0.243321 0.244351 0.242679 0.236658 0.231461 0.231982 0.231370 0.229996 0.228293 0.226623 0.225214 0.224159 0.223436 0.222949 0.222577 0.222201 0.221740 0.221158 0.220469 0.219722 0.218984 0.218317 0.217754 0.217287 0.216852 0.216343 0.215623 0.214563 0.213084 0.211208 0.209104 0.207119 0.205780 0.205734 0.207612 0.211780
0.207946 0.206742 0.206442 0.206919 0.207958 0.209335 0.210866 0.212419 0.213914 0.215309 0.216585 0.217736 0.218757 0.219636 0.220363 0.220922 0.221310 0.221538 0.221641 0.221680 0.221743 0.221938 0.222376 0.223153 0.224325 0.225878 0.227710 0.229611 0.231273 0.232322 0.232396 0.231288 0.236939 0.232877 0.231913 0.233348 0.236170 0.239423 0.242398 0.244697 0.246215 0.247078 0.247550 0.247953 0.248580 0.249648 0.251259 0.253401 0.255959 0.258750 0.261570 0.264233 0.266622 0.268711 0.270578 0.272395 0.274389 0.276788 0.279747 0.283275 0.287166 0.290983 0.294086 0.295787 0.300989 0.297115 0.299677 0.306240 0.314187 0.321468 0.326889 0.330119 0.331505 0.331807 0.331917 0.332617 0.334404 0.337392 0.341307 0.345547 0.349313 0.351762 0.352175 0.350109 0.345495 0.338682 0.330392 0.321593 0.313297 0.306296 0.300880 0.296599 0.292136 0.285408 0.274015 0.256214 0.269073 0.267924 0.271388 0.277820 0.285308 0.292225 0.297489 0.300625 0.301693 0.301145 0.299657 0.297963 0.296720 0.296413 0.297305 0.299431 0.302634 0.306623 0.311047 0.315580 0.319973 0.324103 0.327976 0.331694 0.335385 0.339106 0.342734 0.345860 0.347751 0.347397 0.343731 0.336090 0.343880 0.345656 0.345747 0.344871 0.343715 0.342760 0.342227 0.342103 0.342209 0.342283 0.342059 0.341330 0.339995 0.338064 0.335654 0.332955 0.330184 0.327536 0.325133 0.322994 0.321009 0.318956 0.316530 0.313412 0.309353 0.304272 0.298359 0.292136 0.286485 0.282558 0.281560 0.284328 0.272198 0.264668 0.259480 0.257411 0.258708 0.263188 0.270350 0.279488 0.289800 0.300478 0.310788 0.320125 0.328049 0.334304 0.338815 0.341667 0.343077 0.343354 0.342848 0.341908 0.340835 0.339845 0.339046 0.338420 0.337828 0.337034 0.335733 0.333615 0.330418 0.326012 0.320467 0.314124 0.300472 0.289420 0.285759 0.287003 0.290263 0.293122 0.294037 0.292396 0.288379 0.282713 0.276380 0.270364 0.265440 0.262048 0.260246 0.259737 0.259969 0.260263 0.259975 0.258638 0.256078 0.252474 0.248341 0.244447 0.241639 0.240616 0.241664 0.244417 0.247690 0.249499 0.247366 0.239054 0.231881 0.235030 0.234796 0.232324 0.228941 0.225746 0.223426 0.222232 0.222056 0.222550 0.223270 0.223789 0.223797 0.223147 0.221871 0.220156 0.218288 0.216582 0.215307 0.214620 0.214517 0.214819 0.215199 0.215244 0.214559 0.212894 0.210285 0.207168 0.204434 0.203374 0.205442 0.211763
0.206885 0.205416 0.204932 0.205398 0.206632 0.208396 0.210448 0.212573 0.214603 0.216420 0.217952 0.219171 0.220081 0.220711 0.221108 0.221330 0.221441 0.221509 0.221598 0.221773 0.222089 0.222593 0.223312 0.224258 0.225409 0.226715 0.228086 0.229399 0.230503 0.231244 0.231500 0.231240 0.237019 0.234675 0.234211 0.235317 0.237447 0.240040 0.242635 0.244926 0.246771 0.248166 0.249207 0.250044 0.250847 0.251766 0.252911 0.254343 0.256073 0.258072 0.260286 0.262653 0.265125 0.267678 0.270319 0.273088 0.276040 0.279226 0.282664 0.286306 0.290013 0.293542 0.296559 0.298705 0.301690 0.297438 0.300468 0.307889 0.316676 0.324518 0.330127 0.333220 0.334283 0.334255 0.334192 0.334986 0.337165 0.340798 0.345491 0.350483 0.354800 0.357454 0.357641 0.354914 0.349302 0.341339 0.331997 0.322518 0.314142 0.307783 0.303671 0.301065 0.298105 0.291961 0.279422 0.258131 0.268904 0.271745 0.276284 0.281664 0.287040 0.291783 0.295545 0.298255 0.300065 0.301266 0.302207 0.303221 0.304573 0.306425 0.308828 0.311734 0.315020 0.318529 0.322105 0.325626 0.329034 0.332332 0.335575 0.338837 0.342155 0.345469 0.348562 0.351018 0.352220 0.351424 0.347948 0.341508 0.348388 0.351649 0.352237 0.351142 0.349402 0.347807 0.346788 0.346427 0.346541 0.346794 0.346811 0.346274 0.344993 0.342930 0.340200 0.337035 0.333726 0.330559 0.327742 0.325356 0.323320 0.321393 0.319209 0.316355 0.312473 0.307393 0.301259 0.294630 0.288518 0.284304 0.283475 0.287115 0.272902 0.265762 0.260855 0.259004 0.260502 0.265191 0.272574 0.281927 0.292420 0.303225 0.313592 0.322924 0.330802 0.337008 0.341510 0.344433 0.346023 0.346594 0.346474 0.345960 0.345277 0.344548 0.343787 0.342907 0.341745 0.340109 0.337828 0.334819 0.331131 0.326982 0.322746 0.318880 0.302248 0.292087 0.288695 0.289698 0.292398 0.294575 0.294840 0.292679 0.288315 0.282467 0.276085 0.270100 0.265240 0.261904 0.260130 0.259620 0.259838 0.260133 0.259892 0.258673 0.256316 0.252997 0.249208 0.245678 0.243204 0.242435 0.243625 0.246400 0.249607 0.251337 0.249215 0.241110 0.232762 0.236670 0.236348 0.233267 0.229120 0.225294 0.222644 0.221465 0.221593 0.222562 0.223782 0.224692 0.224883 0.224164 0.222583 0.220390 0.217973 0.215765 0.214145 0.213347 0.213400 0.214104 0.215049 0.215699 0.215513 0.214109 0.211441 0.207946 0.204635 0.203037 0.204931 0.211766
0.206994 0.205684 0.205137 0.205437 0.206510 0.208185 0.210241 0.212448 0.214597 0.216520 0.218102 0.219284 0.220066 0.220494 0.220651 0.220644 0.220589 0.220592 0.220745 0.221108 0.221706 0.222530 0.223535 0.224650 0.225791 0.226875 0.227836 0.228640 0.229302 0.229887 0.230506 0.231293 0.236335 0.236202 0.236433 0.237159 0.238390 0.240051 0.242009 0.244107 0.246192 0.248137 0.249856 0.251311 0.252517 0.253532 0.254448 0.255383 0.256459 0.257788 0.259461 0.261534 0.264023 0.266900 0.270102 0.273536 0.277096 0.280680 0.284208 0.287638 0.290973 0.294255 0.297540 0.300839 0.303563 0.301290 0.304957 0.312030 0.319962 0.326868 0.331768 0.334532 0.335669 0.336035 0.336545 0.337935 0.340595 0.344499 0.349218 0.354012 0.357980 0.360233 0.360079 0.357167 0.351585 0.343876 0.334969 0.326007 0.318105 0.312042 0.307947 0.305043 0.301534 0.294765 0.281793 0.260553 0.269529 0.273748 0.278610 0.283509 0.287986 0.291794 0.294896 0.297418 0.299592 0.301686 0.303944 0.306544 0.309571 0.313014 0.316772 0.320684 0.324562 0.328227 0.331547 0.334461 0.336993 0.339245 0.341375 0.343555 0.345915 0.348475 0.351091 0.353408 0.354866 0.354762 0.352426 0.347521 0.354659 0.360283 0.361409 0.359550 0.356398 0.353312 0.351112 0.350060 0.349976 0.350395 0.350748 0.350518 0.349349 0.347110 0.343906 0.340033 0.335908 0.331969 0.328575 0.325919 0.323969 0.322452 0.320893 0.318709 0.315343 0.310448 0.304070 0.296803 0.289863 0.285010 0.284230 0.289072 0.273665 0.266942 0.262455 0.260985 0.262795 0.267706 0.275203 0.284562 0.294961 0.305595 0.315752 0.324878 0.332605 0.338762 0.343350 0.346517 0.348503 0.349595 0.350066 0.350140 0.349955 0.349545 0.348851 0.347745 0.346070 0.343702 0.340615 0.336933 0.332967 0.329202 0.326219 0.324503 0.304175 0.296320 0.293125 0.292919 0.293839 0.294365 0.293556 0.291070 0.287072 0.282064 0.276704 0.271640 0.267375 0.264193 0.262127 0.260983 0.260401 0.259942 0.259192 0.257850 0.255805 0.253171 0.250276 0.247606 0.245690 0.244958 0.245568 0.247250 0.249208 0.250131 0.248388 0.242521 0.234033 0.237017 0.236227 0.233041 0.229010 0.225390 0.222934 0.221881 0.222049 0.222982 0.224117 0.224928 0.225033 0.224262 0.222665 0.220489 0.218105 0.215929 0.214325 0.213524 0.213561 0.214252 0.215218 0.215953 0.215940 0.214799 0.212457 0.209282 0.206172 0.204510 0.205929 0.211783
0.207977 0.207283 0.206853 0.206904 0.207527 0.208698 0.210297 0.212146 0.214043 0.215800 0.217268 0.218357 0.219042 0.219363 0.219412 0.219316 0.219218 0.219252 0.219520 0.220082 0.220938 0.222034 0.223267 0.224504 0.225613 0.226491 0.227099 0.227493 0.227841 0.228407 0.229510 0.231420 0.235102 0.237231 0.238230 0.238629 0.238969 0.239652 0.240880 0.242666 0.244873 0.247278 0.249637 0.251743 0.253459 0.254748 0.255670 0.256372 0.257056 0.257944 0.259238 0.261085 0.263549 0.266595 0.270095 0.273849 0.277628 0.281221 0.284503 0.287487 0.290360 0.293476 0.297281 0.302136 0.306335 0.307263 0.311517 0.317447 0.323516 0.328670 0.332446 0.334903 0.336462 0.337718 0.339250 0.341474 0.344553 0.348359 0.352504 0.356410 0.359415 0.360901 0.360405 0.357723 0.352956 0.346518 0.339073 0.331411 0.324274 0.318144 0.313039 0.308350 0.302789 0.294534 0.281669 0.263043 0.270816 0.274362 0.279001 0.283937 0.288534 0.292429 0.295548 0.298049 0.300238 0.302473 0.305078 0.308276 0.312152 0.316642 0.321546 0.326573 0.331389 0.335677 0.339198 0.341835 0.343616 0.344724 0.345462 0.346203 0.347303 0.349008 0.351349 0.354065 0.356562 0.357967 0.357293 0.353800 0.361846 0.369927 0.371534 0.368741 0.363934 0.359087 0.355438 0.353456 0.352971 0.353394 0.353959 0.353938 0.352804 0.350326 0.346594 0.341969 0.336996 0.332272 0.328314 0.325432 0.323646 0.322654 0.321865 0.320512 0.317826 0.313260 0.306740 0.298871 0.291062 0.285449 0.284528 0.290350 0.274661 0.267977 0.263834 0.262851 0.265133 0.270376 0.277999 0.287263 0.297385 0.307629 0.317373 0.326152 0.333676 0.339824 0.344621 0.348200 0.350759 0.352517 0.353664 0.354337 0.354594 0.354413 0.353709 0.352365 0.350282 0.347429 0.343904 0.339972 0.336073 0.332785 0.330697 0.330184 0.306190 0.301243 0.298113 0.296156 0.294680 0.293120 0.291116 0.288522 0.285373 0.281829 0.278117 0.274469 0.271080 0.268077 0.265508 0.263341 0.261489 0.259830 0.258238 0.256616 0.254917 0.253161 0.251428 0.249847 0.248561 0.247685 0.247250 0.247161 0.247160 0.246827 0.245645 0.243138 0.235516 0.236489 0.235034 0.232134 0.228851 0.226014 0.224098 0.223219 0.223210 0.223723 0.224348 0.224712 0.224551 0.223755 0.222372 0.220586 0.218669 0.216921 0.215602 0.214875 0.214760 0.215126 0.215698 0.216112 0.215998 0.215081 0.213303 0.210917 0.208550 0.207174 0.207937 0.211803
0.209376 0.209683 0.209569 0.209376 0.209396 0.209802 0.210634 0.211817 0.213201 0.214607 0.215866 0.216853 0.217507 0.217841 0.217927 0.217888 0.217871 0.218014 0.218427 0.219162 0.220206 0.221475 0.222830 0.224099 0.225122 0.225789 0.226094 0.226173 0.226319 0.226963 0.228586 0.231555 0.233646 0.237700 0.239413 0.239609 0.239242 0.239098 0.239661 0.241096 0.243301 0.246002 0.248846 0.251496 0.253704 0.255351 0.256459 0.257180 0.257758 0.258478 0.259607 0.261344 0.263776 0.266857 0.270412 0.274170 0.277826 0.281118 0.283924 0.286345 0.288755 0.291788 0.296220 0.302683 0.309547 0.313615 0.318215 0.322738 0.326775 0.330156 0.332932 0.335300 0.337528 0.339873 0.342518 0.345529 0.348839 0.352252 0.355477 0.358168 0.359975 0.360605 0.359859 0.357672 0.354119 0.349406 0.343829 0.337717 0.331344 0.324852 0.318168 0.310958 0.302650 0.292537 0.280044 0.265170 0.272521 0.274253 0.278421 0.283768 0.289137 0.293748 0.297282 0.299830 0.301775 0.303638 0.305934 0.309056 0.313198 0.318316 0.324150 0.330268 0.336148 0.341272 0.345224 0.347766 0.348899 0.348879 0.348183 0.347440 0.347307 0.348316 0.350710 0.354293 0.358343 0.361635 0.362642 0.360009 0.368992 0.378821 0.380761 0.377257 0.371173 0.364913 0.360017 0.357115 0.356065 0.356210 0.356662 0.356559 0.355262 0.352472 0.348265 0.343044 0.337436 0.332147 0.327799 0.324784 0.323163 0.322616 0.322477 0.321853 0.319820 0.315679 0.309244 0.301093 0.292719 0.286472 0.285165 0.291196 0.275985 0.268601 0.264523 0.264073 0.267025 0.272813 0.280698 0.289897 0.299678 0.309416 0.318629 0.326986 0.334300 0.340507 0.345634 0.349769 0.353024 0.355508 0.357304 0.358454 0.358961 0.358794 0.357908 0.356271 0.353896 0.350872 0.347389 0.343745 0.340329 0.337567 0.335807 0.335145 0.308205 0.305913 0.302688 0.298930 0.295111 0.291595 0.288574 0.286064 0.283942 0.282007 0.280038 0.277850 0.275331 0.272461 0.269314 0.266038 0.262828 0.259889 0.257391 0.255442 0.254056 0.253148 0.252541 0.251996 0.251260 0.250127 0.248509 0.246495 0.244388 0.242694 0.242039 0.242965 0.236979 0.235631 0.233527 0.231132 0.228873 0.227047 0.225782 0.225058 0.224744 0.224649 0.224573 0.224345 0.223858 0.223074 0.222032 0.220828 0.219592 0.218463 0.217555 0.216933 0.216597 0.216477 0.216438 0.216310 0.215925 0.215162 0.214002 0.212571 0.211164 0.210231 0.210302 0.211817
0.210715 0.212252 0.212627 0.212282 0.211706 0.211281 0.211231 0.211617 0.212368 0.213340 0.214358 0.215270 0.215974 0.216437 0.216698 0.216850 0.217019 0.217334 0.217897 0.218755 0.219887 0.221199 0.222538 0.223722 0.224582 0.225021 0.225066 0.224915 0.224953 0.225721 0.227806 0.231627 0.232329 0.237694 0.239962 0.240108 0.239326 0.238640 0.238716 0.239833 0.241935 0.244734 0.247831 0.250826 0.253405 0.255397 0.256793 0.257730 0.258456 0.259270 0.260456 0.262221 0.264651 0.267683 0.271113 0.274640 0.277935 0.280737 0.282966 0.284822 0.286836 0.289852 0.294867 0.302677 0.312698 0.318758 0.323350 0.326714 0.329301 0.331576 0.333914 0.336549 0.339563 0.342909 0.346441 0.349958 0.353240 0.356083 0.358319 0.359835 0.360568 0.360501 0.359649 0.358038 0.355684 0.352576 0.348663 0.343848 0.337998 0.330968 0.322637 0.312958 0.302031 0.290180 0.278030 0.266604 0.274387 0.274113 0.277851 0.283799 0.290175 0.295699 0.299751 0.302331 0.303899 0.305164 0.306869 0.309614 0.313729 0.319223 0.325782 0.332842 0.339689 0.345598 0.349969 0.352444 0.352998 0.351966 0.350015 0.348038 0.346992 0.347683 0.350523 0.355316 0.361114 0.366225 0.368476 0.365837 0.375276 0.385521 0.387574 0.383895 0.377404 0.370575 0.365023 0.361435 0.359717 0.359241 0.359133 0.358535 0.356803 0.353632 0.349091 0.343582 0.337737 0.332269 0.327814 0.324783 0.323249 0.322902 0.323074 0.322856 0.321288 0.317618 0.311586 0.303686 0.295322 0.288771 0.286815 0.291890 0.277654 0.268613 0.264183 0.264253 0.268087 0.274695 0.283077 0.292356 0.301847 0.311067 0.319715 0.327634 0.334764 0.341101 0.346661 0.351452 0.355462 0.358656 0.360988 0.362410 0.362896 0.362460 0.361168 0.359147 0.356583 0.353702 0.350746 0.347931 0.345400 0.343170 0.341087 0.338796 0.310121 0.309533 0.306057 0.300889 0.295354 0.290486 0.286857 0.284569 0.283356 0.282728 0.282120 0.281033 0.279130 0.276293 0.272627 0.268429 0.264120 0.260156 0.256935 0.254717 0.253556 0.253280 0.253506 0.253709 0.253327 0.251911 0.249280 0.245673 0.241831 0.238982 0.238641 0.242141 0.238192 0.234949 0.232404 0.230548 0.229243 0.228313 0.227592 0.226949 0.226303 0.225614 0.224878 0.224114 0.223352 0.222620 0.221940 0.221319 0.220754 0.220227 0.219714 0.219189 0.218630 0.218023 0.217368 0.216674 0.215964 0.215265 0.214603 0.213996 0.213442 0.212920 0.212393 0.211822
0.211613 0.214397 0.215373 0.215035 0.214017 0.212887 0.212037 0.211667 0.211803 0.212349 0.213147 0.214026 0.214850 0.215539 0.216082 0.216528 0.216964 0.217492 0.218196 0.219114 0.220226 0.221442 0.222620 0.223593 0.224213 0.224408 0.224238 0.223940 0.223946 0.224842 0.227253 0.231594 0.231472 0.237409 0.240002 0.240236 0.239360 0.238468 0.238297 0.239183 0.241110 0.243819 0.246921 0.250016 0.252783 0.255033 0.256736 0.258007 0.259066 0.260184 0.261618 0.263546 0.266030 0.268986 0.272201 0.275376 0.278199 0.280455 0.282128 0.283507 0.285231 0.288261 0.293694 0.302375 0.315353 0.321620 0.325840 0.328666 0.330883 0.333144 0.335854 0.339148 0.342938 0.346981 0.350963 0.354574 0.357568 0.359796 0.361218 0.361890 0.361933 0.361491 0.360682 0.359550 0.358038 0.355966 0.353047 0.348915 0.343196 0.335589 0.325974 0.314516 0.301755 0.288657 0.276588 0.267177 0.276221 0.274504 0.278054 0.284603 0.291858 0.298131 0.302569 0.305115 0.306310 0.307027 0.308200 0.310596 0.314657 0.320418 0.327515 0.335266 0.342801 0.349229 0.353815 0.356126 0.356145 0.354305 0.351450 0.348708 0.347277 0.348153 0.351828 0.358010 0.365447 0.371940 0.374676 0.371031 0.380183 0.389203 0.391112 0.387949 0.382172 0.375888 0.370491 0.366604 0.364192 0.362770 0.361639 0.360109 0.357662 0.354062 0.349381 0.343968 0.338363 0.333170 0.328930 0.325989 0.324405 0.323910 0.323926 0.323661 0.322271 0.319074 0.313791 0.306767 0.299120 0.292711 0.289865 0.292679 0.279617 0.267947 0.262705 0.263235 0.268131 0.275841 0.284996 0.294570 0.303910 0.312687 0.320809 0.328320 0.335308 0.341832 0.347885 0.353373 0.358132 0.361963 0.364675 0.366139 0.366328 0.365345 0.363429 0.360927 0.358243 0.355755 0.353718 0.352164 0.350819 0.349077 0.346063 0.340840 0.311849 0.311607 0.307759 0.301868 0.295614 0.290286 0.286575 0.284582 0.283939 0.284003 0.284047 0.283431 0.281729 0.278794 0.274767 0.270029 0.265117 0.260613 0.257022 0.254668 0.253616 0.253641 0.254250 0.254772 0.254492 0.252841 0.249599 0.245079 0.240240 0.236667 0.236311 0.240908 0.238976 0.234793 0.232144 0.230717 0.230030 0.229631 0.229187 0.228520 0.227596 0.226484 0.225311 0.224216 0.223314 0.222668 0.222280 0.222094 0.222011 0.221907 0.221666 0.221201 0.220476 0.219517 0.218409 0.217285 0.216295 0.215565 0.215157 0.215020 0.214966 0.214673 0.213740 0.211817
0.211858 0.215681 0.217281 0.217132 0.215940 0.214382 0.212975 0.212033 0.211676 0.211873 0.212497 0.213382 0.214368 0.215336 0.216225 0.217028 0.217782 0.218545 0.219372 0.220290 0.221281 0.222277 0.223167 0.223825 0.224147 0.224100 0.223774 0.223421 0.223466 0.224469 0.227011 0.231454 0.231304 0.237098 0.239761 0.240172 0.239476 0.238688 0.238507 0.239268 0.240990 0.243463 0.246356 0.249323 0.252080 0.254458 0.256422 0.258060 0.259547 0.261100 0.262914 0.265116 0.267723 0.270632 0.273631 0.276445 0.278814 0.280585 0.281815 0.282858 0.284408 0.287447 0.293063 0.302057 0.317226 0.321843 0.325422 0.328499 0.331584 0.335011 0.338902 0.343178 0.347625 0.351955 0.355882 0.359172 0.361683 0.363380 0.364323 0.364644 0.364509 0.364067 0.363409 0.362525 0.361284 0.359429 0.356599 0.352377 0.346362 0.338264 0.328005 0.315829 0.302376 0.288723 0.276335 0.266908 0.277933 0.275749 0.279424 0.286422 0.294177 0.300810 0.305377 0.307826 0.308772 0.309196 0.310138 0.312446 0.316596 0.322610 0.330067 0.338194 0.346022 0.352575 0.357064 0.359056 0.358587 0.356205 0.352907 0.349985 0.348780 0.350360 0.355174 0.362744 0.371466 0.378660 0.380985 0.375413 0.383581 0.389798 0.391306 0.389318 0.385345 0.380706 0.376297 0.372551 0.369500 0.366902 0.364381 0.361566 0.358188 0.354148 0.349528 0.344579 0.339658 0.335154 0.331407 0.328623 0.326823 0.325810 0.325184 0.324403 0.322880 0.320124 0.315888 0.310323 0.304066 0.298250 0.294340 0.293736 0.281769 0.266703 0.260246 0.261138 0.267208 0.276238 0.286415 0.296511 0.305884 0.314353 0.322043 0.329210 0.336096 0.342831 0.349379 0.355538 0.360984 0.365342 0.368281 0.369595 0.369276 0.367549 0.364858 0.361803 0.359031 0.357072 0.356166 0.356094 0.356062 0.354713 0.350325 0.341313 0.313328 0.312017 0.307734 0.301916 0.296043 0.291206 0.287939 0.286245 0.285720 0.285731 0.285592 0.284723 0.282758 0.279597 0.275412 0.270594 0.265671 0.261201 0.257657 0.255335 0.254274 0.254239 0.254742 0.255127 0.254705 0.252928 0.249589 0.244989 0.240048 0.236282 0.235562 0.239562 0.239229 0.235297 0.232922 0.231731 0.231196 0.230841 0.230339 0.229538 0.228442 0.227163 0.225866 0.224718 0.223844 0.223305 0.223085 0.223099 0.223213 0.223270 0.223125 0.222675 0.221881 0.220781 0.219487 0.218165 0.217002 0.216156 0.215698 0.215567 0.215534 0.215208 0.214105 0.211804
0.211430 0.215885 0.218028 0.218241 0.217193 0.215573 0.213949 0.212708 0.212047 0.212005 0.212505 0.213409 0.214558 0.215809 0.217056 0.218234 0.219321 0.220323 0.221255 0.222125 0.222923 0.223608 0.224123 0.224404 0.224409 0.224158 0.223764 0.223465 0.223625 0.224705 0.227162 0.231252 0.231926 0.237023 0.239520 0.240128 0.239778 0.239307 0.239295 0.240034 0.241557 0.243714 0.246260 0.248932 0.251517 0.253889 0.256025 0.257990 0.259911 0.261938 0.264192 0.266734 0.269533 0.272463 0.275318 0.277862 0.279890 0.281320 0.282270 0.283134 0.284607 0.287622 0.293179 0.301976 0.318225 0.319805 0.322658 0.326725 0.331716 0.337242 0.342895 0.348315 0.353225 0.357443 0.360885 0.363551 0.365507 0.366858 0.367723 0.368207 0.368378 0.368253 0.367779 0.366837 0.365245 0.362766 0.359141 0.354109 0.347453 0.339037 0.328856 0.317082 0.304108 0.290589 0.277467 0.265990 0.279539 0.277896 0.281946 0.289132 0.296910 0.303453 0.307887 0.310227 0.311142 0.311640 0.312764 0.315334 0.319778 0.326057 0.333688 0.341848 0.349543 0.355801 0.359874 0.361404 0.360531 0.357918 0.354670 0.352161 0.351753 0.354456 0.360565 0.369337 0.378824 0.385952 0.387036 0.378884 0.385709 0.387961 0.388852 0.388494 0.387110 0.384933 0.382163 0.378948 0.375385 0.371538 0.367455 0.363181 0.358781 0.354336 0.349948 0.345731 0.341800 0.338256 0.335164 0.332547 0.330367 0.328527 0.326869 0.325193 0.323275 0.320902 0.317905 0.314198 0.309819 0.304946 0.299905 0.295134 0.283973 0.265139 0.257215 0.258348 0.265590 0.276032 0.287384 0.298188 0.307779 0.316105 0.323491 0.330393 0.337208 0.344135 0.351119 0.357858 0.363878 0.368644 0.371693 0.372753 0.371844 0.369313 0.365810 0.362187 0.359322 0.357886 0.358091 0.359448 0.360635 0.359532 0.353577 0.340554 0.314535 0.311025 0.306311 0.301278 0.296728 0.293166 0.290745 0.289299 0.288449 0.287720 0.286650 0.284891 0.282263 0.278778 0.274632 0.270155 0.265754 0.261832 0.258713 0.256575 0.255411 0.255014 0.255001 0.254876 0.254132 0.252368 0.249432 0.245533 0.241322 0.237866 0.236491 0.238407 0.238943 0.236368 0.234603 0.233446 0.232608 0.231835 0.230965 0.229940 0.228789 0.227601 0.226487 0.225548 0.224854 0.224426 0.224234 0.224203 0.224224 0.224181 0.223964 0.223496 0.222745 0.221734 0.220537 0.219270 0.218061 0.217027 0.216232 0.215656 0.215174 0.214557 0.213512 0.211790
0.210489 0.215029 0.217539 0.218235 0.217636 0.216334 0.214861 0.213620 0.212859 0.212687 0.213098 0.214003 0.215271 0.216755 0.218317 0.219843 0.221247 0.222476 0.223496 0.224293 0.224861 0.225199 0.225309 0.225208 0.224931 0.224556 0.224212 0.224093 0.224457 0.225594 0.227762 0.231068 0.233301 0.237398 0.239555 0.240301 0.240326 0.240247 0.240491 0.241276 0.242636 0.244475 0.246630 0.248934 0.251253 0.253518 0.255724 0.257927 0.260212 0.262667 0.265346 0.268246 0.271288 0.274324 0.277156 0.279578 0.281438 0.282708 0.283549 0.284368 0.285824 0.288768 0.294075 0.302323 0.318452 0.316497 0.318773 0.324325 0.331782 0.339821 0.347414 0.353918 0.359063 0.362882 0.365602 0.367543 0.369021 0.370277 0.371432 0.372479 0.373291 0.373651 0.373303 0.371995 0.369525 0.365771 0.360704 0.354380 0.346903 0.338388 0.328900 0.318414 0.306811 0.293936 0.279766 0.264743 0.281133 0.280737 0.285244 0.292310 0.299673 0.305765 0.309904 0.312208 0.313361 0.314316 0.316016 0.319158 0.324052 0.330566 0.338167 0.346029 0.353206 0.358817 0.362238 0.363247 0.362114 0.359603 0.356870 0.355275 0.356086 0.360143 0.367499 0.377125 0.386775 0.393131 0.392381 0.381427 0.387093 0.384901 0.385035 0.386427 0.387903 0.388517 0.387696 0.385264 0.381371 0.376398 0.370833 0.365170 0.359820 0.355060 0.351007 0.347632 0.344787 0.342260 0.339828 0.337313 0.334622 0.331770 0.328869 0.326097 0.323633 0.321575 0.319847 0.318128 0.315810 0.312049 0.305933 0.296847 0.286076 0.263629 0.254201 0.255441 0.263715 0.275487 0.288021 0.299624 0.309583 0.317935 0.325161 0.331889 0.338650 0.345712 0.353015 0.360185 0.366631 0.371692 0.374795 0.375616 0.374192 0.370969 0.366766 0.362635 0.359644 0.358580 0.359623 0.362065 0.364136 0.363089 0.355664 0.339138 0.315497 0.309205 0.304136 0.300350 0.297685 0.295839 0.294451 0.293160 0.291659 0.289725 0.287240 0.284190 0.280659 0.276808 0.272843 0.268990 0.265460 0.262419 0.259965 0.258113 0.256794 0.255855 0.255086 0.254247 0.253108 0.251495 0.249333 0.246687 0.243782 0.240996 0.238811 0.237708 0.238203 0.237731 0.236796 0.235526 0.234070 0.232565 0.231123 0.229823 0.228710 0.227797 0.227075 0.226520 0.226096 0.225764 0.225484 0.225220 0.224938 0.224611 0.224212 0.223720 0.223115 0.222383 0.221511 0.220496 0.219344 0.218079 0.216740 0.215392 0.214118 0.213023 0.212214 0.211780
0.209326 0.213352 0.215978 0.217197 0.217279 0.216615 0.215615 0.214638 0.213957 0.213744 0.214071 0.214927 0.216229 0.217850 0.219641 0.221444 0.223118 0.224545 0.225641 0.226364 0.226712 0.226721 0.226464 0.226041 0.225573 0.225195 0.225043 0.225245 0.225907 0.227098 0.228823 0.230999 0.235264 0.238348 0.240075 0.240841 0.241132 0.241372 0.241848 0.242702 0.243951 0.245536 0.247359 0.249326 0.251373 0.253481 0.255673 0.258003 0.260532 0.263306 0.266330 0.269553 0.272860 0.276083 0.279022 0.281491 0.283367 0.284651 0.285523 0.286382 0.287841 0.290668 0.295630 0.303202 0.318171 0.313282 0.315360 0.322526 0.332358 0.342670 0.351893 0.359181 0.364339 0.367651 0.369673 0.371031 0.372260 0.373689 0.375394 0.377202 0.378750 0.379571 0.379199 0.377272 0.373614 0.368270 0.361509 0.353759 0.345495 0.337091 0.328657 0.319899 0.310067 0.298046 0.282697 0.263556 0.282845 0.283884 0.288702 0.295346 0.302001 0.307475 0.311325 0.313761 0.315432 0.317159 0.319707 0.323587 0.328957 0.335592 0.342932 0.350206 0.356578 0.361330 0.364011 0.364567 0.363396 0.361323 0.359489 0.359146 0.361377 0.366775 0.375115 0.385110 0.394324 0.399373 0.396557 0.383098 0.388398 0.382109 0.381442 0.384309 0.388307 0.391442 0.392453 0.390859 0.386848 0.381062 0.374370 0.367644 0.361595 0.356661 0.352970 0.350360 0.348453 0.346762 0.344816 0.342269 0.338990 0.335104 0.330976 0.327130 0.324110 0.322295 0.321696 0.321774 0.321345 0.318641 0.311636 0.298759 0.287931 0.262590 0.251865 0.253073 0.262093 0.274921 0.288471 0.300845 0.311262 0.319792 0.327012 0.333663 0.340379 0.347491 0.354953 0.362363 0.369069 0.374328 0.377500 0.378217 0.376513 0.372885 0.368238 0.363743 0.360580 0.359607 0.360994 0.363905 0.366312 0.365094 0.356581 0.337751 0.316288 0.307328 0.302036 0.299607 0.298881 0.298740 0.298312 0.297057 0.294764 0.291490 0.287478 0.283068 0.278614 0.274419 0.270697 0.267550 0.264978 0.262892 0.261153 0.259610 0.258130 0.256631 0.255091 0.253545 0.252063 0.250706 0.249481 0.248288 0.246890 0.244917 0.241940 0.237650 0.237167 0.239008 0.238961 0.237531 0.235365 0.233044 0.230983 0.229407 0.228368 0.227787 0.227515 0.227380 0.227228 0.226957 0.226525 0.225948 0.225286 0.224620 0.224023 0.223537 0.223153 0.222803 0.222370 0.221702 0.220658 0.219146 0.217181 0.214930 0.212734 0.211101 0.210616 0.211779
0.208286 0.211250 0.213708 0.215396 0.216268 0.216439 0.216128 0.215602 0.215125 0.214922 0.215150 0.215882 0.217108 0.218742 0.220639 0.222615 0.224481 0.226061 0.227223 0.227894 0.228074 0.227834 0.227311 0.226689 0.226170 0.225938 0.226127 0.226779 0.227828 0.229089 0.230288 0.231138 0.237549 0.239877 0.241186 0.241820 0.242162 0.242527 0.243111 0.244002 0.245196 0.246640 0.248266 0.250017 0.251871 0.253839 0.255970 0.258324 0.260960 0.263909 0.267157 0.270627 0.274185 0.277646 0.280800 0.283460 0.285501 0.286927 0.287913 0.288838 0.290284 0.292970 0.297603 0.304616 0.317755 0.311578 0.314021 0.322527 0.333980 0.345673 0.355754 0.363325 0.368309 0.371207 0.372817 0.373962 0.375290 0.377140 0.379497 0.382021 0.384145 0.385203 0.384591 0.381898 0.377011 0.370163 0.361899 0.352972 0.344158 0.336022 0.328670 0.321534 0.313290 0.301991 0.285559 0.262804 0.284773 0.286869 0.291639 0.297610 0.303461 0.308379 0.312125 0.314945 0.317382 0.320072 0.323557 0.328148 0.333858 0.340395 0.347225 0.353681 0.359094 0.362941 0.364970 0.365283 0.364368 0.363056 0.362393 0.363448 0.367055 0.373528 0.382387 0.392172 0.400409 0.403859 0.399156 0.384015 0.390264 0.381028 0.379625 0.383321 0.388915 0.393720 0.396012 0.395100 0.391180 0.385054 0.377821 0.370588 0.364245 0.359324 0.355945 0.353851 0.352510 0.351258 0.349467 0.346698 0.342815 0.338040 0.332926 0.328247 0.324805 0.323170 0.323399 0.324790 0.325738 0.323818 0.316221 0.300701 0.289415 0.262412 0.250816 0.251854 0.261202 0.274634 0.288867 0.301862 0.312757 0.321593 0.328963 0.335649 0.342335 0.349403 0.356848 0.364289 0.371079 0.376464 0.379777 0.380621 0.379000 0.375387 0.370674 0.366032 0.362650 0.361403 0.362478 0.365050 0.367090 0.365459 0.356461 0.337064 0.317025 0.306204 0.300862 0.299517 0.300254 0.301342 0.301540 0.300193 0.297180 0.292786 0.287539 0.282052 0.276883 0.272440 0.268932 0.266360 0.264551 0.263220 0.262044 0.260743 0.259145 0.257228 0.255124 0.253089 0.251426 0.250380 0.250012 0.250081 0.249973 0.248713 0.245141 0.238311 0.236040 0.239820 0.240545 0.239024 0.236306 0.233335 0.230774 0.228968 0.227974 0.227640 0.227701 0.227868 0.227897 0.227639 0.227055 0.226212 0.225247 0.224333 0.223623 0.223206 0.223073 0.223105 0.223086 0.222735 0.221780 0.220036 0.217503 0.214446 0.211441 0.209349 0.209181 0.211788
0.207690 0.209203 0.211220 0.213231 0.214853 0.215894 0.216344 0.216346 0.216130 0.215955 0.216053 0.216587 0.217625 0.219137 0.220998 0.223018 0.224973 0.226645 0.227859 0.228517 0.228616 0.228254 0.227623 0.226974 0.226572 0.226642 0.227298 0.228494 0.229987 0.231345 0.232026 0.231546 0.239832 0.241860 0.242854 0.243213 0.243346 0.243570 0.244074 0.244927 0.246106 0.247539 0.249145 0.250859 0.252659 0.254565 0.256633 0.258943 0.261566 0.264548 0.267882 0.271499 0.275258 0.278962 0.282387 0.285318 0.287609 0.289233 0.290346 0.291312 0.292708 0.295260 0.299693 0.306462 0.317608 0.312540 0.315995 0.325217 0.337013 0.348705 0.358545 0.365772 0.370453 0.373205 0.374893 0.376353 0.378189 0.380650 0.383601 0.386576 0.388896 0.389822 0.388727 0.385241 0.379355 0.371455 0.362270 0.352730 0.343751 0.335954 0.329377 0.323244 0.315876 0.304867 0.287668 0.262779 0.286940 0.289269 0.293490 0.298614 0.303755 0.308375 0.312338 0.315829 0.319220 0.322921 0.327249 0.332338 0.338100 0.344239 0.350305 0.355786 0.360215 0.363276 0.364897 0.365294 0.364985 0.364724 0.365388 0.367803 0.372519 0.379588 0.388349 0.397299 0.404117 0.405924 0.399893 0.384346 0.393138 0.382729 0.380756 0.384374 0.390199 0.395376 0.398056 0.397482 0.393832 0.387923 0.380884 0.373849 0.367723 0.363027 0.359856 0.357910 0.356609 0.355250 0.353183 0.349973 0.345526 0.340136 0.334452 0.329355 0.325739 0.324230 0.324877 0.326880 0.328445 0.326876 0.319053 0.302482 0.290445 0.263363 0.251484 0.252217 0.261383 0.274832 0.289287 0.302655 0.313990 0.323242 0.330924 0.337775 0.344469 0.351420 0.358683 0.365954 0.372662 0.378114 0.381672 0.382923 0.381811 0.378704 0.374369 0.369842 0.366206 0.364293 0.364338 0.365683 0.366589 0.364305 0.355550 0.337598 0.317857 0.306529 0.301320 0.300461 0.301741 0.303203 0.303487 0.301920 0.298444 0.293453 0.287603 0.281619 0.276138 0.271602 0.268207 0.265901 0.264431 0.263427 0.262489 0.261290 0.259649 0.257580 0.255293 0.253143 0.251536 0.250790 0.250976 0.251772 0.252372 0.251512 0.247682 0.239641 0.235039 0.239887 0.241123 0.239676 0.236774 0.233529 0.230727 0.228772 0.227733 0.227433 0.227562 0.227785 0.227828 0.227528 0.226855 0.225901 0.224846 0.223899 0.223244 0.222979 0.223082 0.223395 0.223637 0.223456 0.222511 0.220578 0.217662 0.214099 0.210610 0.208268 0.208320 0.211806
0.207757 0.207677 0.209045 0.211158 0.213339 0.215109 0.216239 0.216734 0.216771 0.216620 0.216568 0.216852 0.217615 0.218882 0.220566 0.222487 0.224410 0.226094 0.227339 0.228028 0.228153 0.227831 0.227283 0.226803 0.226693 0.227192 0.228387 0.230149 0.232086 0.233564 0.233823 0.232234 0.241782 0.244044 0.244904 0.244900 0.244590 0.244414 0.244635 0.245350 0.246527 0.248059 0.249812 0.251675 0.253586 0.255543 0.257598 0.259844 0.262381 0.265287 0.268591 0.272246 0.276126 0.280028 0.283705 0.286905 0.289438 0.291237 0.292428 0.293376 0.294689 0.297158 0.301599 0.308547 0.318093 0.316767 0.321835 0.330942 0.341555 0.351664 0.360054 0.366304 0.370622 0.373596 0.375944 0.378294 0.381027 0.384205 0.387562 0.390580 0.392598 0.392962 0.391168 0.386983 0.380526 0.372271 0.362983 0.353568 0.344861 0.337368 0.331004 0.324899 0.317350 0.306018 0.288530 0.263630 0.289241 0.290815 0.293973 0.298165 0.302806 0.307487 0.312030 0.316456 0.320904 0.325540 0.330479 0.335731 0.341176 0.346586 0.351656 0.356077 0.359600 0.362108 0.363663 0.364537 0.365193 0.366228 0.368277 0.371873 0.377282 0.384340 0.392308 0.399807 0.404870 0.405196 0.398676 0.384295 0.397141 0.387644 0.385349 0.387889 0.392398 0.396443 0.398441 0.397740 0.394479 0.389337 0.383251 0.377154 0.371779 0.367529 0.364444 0.362240 0.360407 0.358353 0.355553 0.351692 0.346761 0.341098 0.335345 0.330322 0.326836 0.325413 0.326027 0.327861 0.329186 0.327464 0.319803 0.303940 0.290989 0.265532 0.254017 0.254314 0.262754 0.275580 0.289735 0.303177 0.314882 0.324646 0.332817 0.339993 0.346776 0.353583 0.360540 0.367472 0.373953 0.379422 0.383320 0.385241 0.385041 0.382915 0.379390 0.375245 0.371344 0.368413 0.366764 0.366051 0.365107 0.361957 0.354162 0.339616 0.318945 0.308737 0.303826 0.302656 0.303301 0.304069 0.303788 0.301883 0.298313 0.293429 0.287807 0.282080 0.276805 0.272371 0.268950 0.266505 0.264824 0.263592 0.262471 0.261187 0.259590 0.257696 0.255687 0.253865 0.252566 0.252042 0.252321 0.253084 0.253583 0.252672 0.249001 0.241470 0.234358 0.239113 0.240513 0.239356 0.236754 0.233728 0.231015 0.229007 0.227793 0.227237 0.227083 0.227047 0.226899 0.226503 0.225844 0.225007 0.224151 0.223454 0.223061 0.223033 0.223318 0.223737 0.224001 0.223769 0.222720 0.220661 0.217631 0.213993 0.210486 0.208179 0.208293 0.211825
0.208543 0.207040 0.207665 0.209618 0.212036 0.214238 0.215825 0.216681 0.216918 0.216790 0.216603 0.216636 0.217084 0.218024 0.219409 0.221088 0.222845 0.224444 0.225683 0.226440 0.226705 0.226593 0.226329 0.226210 0.226538 0.227534 0.229253 0.231501 0.233794 0.235387 0.235405 0.233152 0.243108 0.246088 0.247035 0.246675 0.245798 0.245046 0.244826 0.245306 0.246460 0.248141 0.250150 0.252300 0.254463 0.256591 0.258717 0.260938 0.263382 0.266169 0.269368 0.272972 0.276875 0.280877 0.284709 0.288083 0.290763 0.292640 0.293823 0.294690 0.295912 0.298391 0.303075 0.310616 0.319458 0.324117 0.331213 0.339364 0.347378 0.354488 0.360387 0.365153 0.369111 0.372674 0.376209 0.379931 0.383849 0.387756 0.391269 0.393896 0.395132 0.394558 0.391927 0.387229 0.380710 0.372853 0.364298 0.355716 0.347647 0.340321 0.333492 0.326338 0.317482 0.305210 0.287978 0.265326 0.291440 0.291472 0.293206 0.296459 0.300823 0.305878 0.311283 0.316810 0.322322 0.327742 0.333014 0.338079 0.342856 0.347246 0.351148 0.354486 0.357237 0.359459 0.361307 0.363035 0.364975 0.367491 0.370912 0.375448 0.381087 0.387508 0.394012 0.399506 0.402579 0.401707 0.395650 0.384093 0.401997 0.395403 0.393080 0.393667 0.395450 0.396960 0.397247 0.395927 0.393093 0.389154 0.384661 0.380142 0.375989 0.372384 0.369288 0.366481 0.363627 0.360376 0.356462 0.351784 0.346466 0.340858 0.335500 0.331009 0.327935 0.326567 0.326748 0.327711 0.328023 0.325693 0.318546 0.304976 0.291075 0.268780 0.258212 0.257954 0.265164 0.276769 0.290132 0.303363 0.315370 0.325750 0.334598 0.342295 0.349302 0.356004 0.362604 0.369086 0.375225 0.380651 0.384937 0.387702 0.388705 0.387915 0.385541 0.382001 0.377853 0.373659 0.369824 0.366427 0.363084 0.358908 0.352641 0.343049 0.320442 0.312899 0.308400 0.306100 0.304936 0.303954 0.302470 0.300121 0.296835 0.292766 0.288204 0.283490 0.278946 0.274817 0.271248 0.268276 0.265848 0.263845 0.262128 0.260569 0.259087 0.257667 0.256358 0.255256 0.254463 0.254029 0.253892 0.253818 0.253372 0.251938 0.248829 0.243526 0.234133 0.237639 0.238847 0.238186 0.236350 0.234017 0.231706 0.229729 0.228204 0.227106 0.226324 0.225724 0.225190 0.224660 0.224126 0.223637 0.223267 0.223091 0.223148 0.223418 0.223803 0.224127 0.224157 0.223642 0.222376 0.220268 0.217415 0.214162 0.211124 0.209143 0.209142 0.211837
0.209915 0.207489 0.207423 0.208958 0.211208 0.213432 0.215154 0.216178 0.216549 0.216470 0.216219 0.216071 0.216235 0.216818 0.217818 0.219130 0.220585 0.221987 0.223165 0.224010 0.224511 0.224765 0.224965 0.225363 0.226212 0.227687 0.229800 0.232332 0.234792 0.236449 0.236464 0.234186 0.243614 0.247607 0.248865 0.248282 0.246884 0.245539 0.244821 0.244997 0.246070 0.247870 0.250137 0.252613 0.255098 0.257488 0.259782 0.262069 0.264489 0.267190 0.270278 0.273777 0.277605 0.281569 0.285393 0.288766 0.291423 0.293238 0.294316 0.295069 0.296244 0.298854 0.303983 0.312384 0.321788 0.333650 0.342871 0.349436 0.353926 0.357166 0.359973 0.363000 0.366652 0.371058 0.376099 0.381452 0.386663 0.391226 0.394660 0.396572 0.396712 0.394997 0.391523 0.386537 0.380404 0.373536 0.366320 0.359036 0.351779 0.344399 0.336486 0.327397 0.316367 0.302728 0.286248 0.267651 0.293184 0.291478 0.291734 0.294103 0.298302 0.303845 0.310185 0.316813 0.323306 0.329348 0.334737 0.339376 0.343262 0.346466 0.349120 0.351399 0.353508 0.355663 0.358075 0.360934 0.364382 0.368492 0.373244 0.378497 0.383971 0.389239 0.393733 0.396788 0.397713 0.395938 0.391225 0.383984 0.407039 0.404817 0.402763 0.400864 0.398977 0.396975 0.394796 0.392450 0.389990 0.387480 0.384960 0.382422 0.379805 0.376998 0.373864 0.370268 0.366115 0.361381 0.356136 0.350562 0.344937 0.339612 0.334958 0.331296 0.328814 0.327477 0.326957 0.326588 0.325386 0.322166 0.315786 0.305586 0.290792 0.272736 0.263515 0.262595 0.268194 0.278129 0.290335 0.303151 0.315434 0.326547 0.336279 0.344722 0.352142 0.358856 0.365134 0.371130 0.376852 0.382158 0.386791 0.390424 0.392725 0.393422 0.392365 0.389564 0.385213 0.379675 0.373443 0.367066 0.361054 0.355767 0.351317 0.347492 0.322467 0.318674 0.314628 0.310561 0.306694 0.303160 0.299985 0.297098 0.294365 0.291629 0.288745 0.285616 0.282210 0.278566 0.274791 0.271042 0.267502 0.264353 0.261743 0.259763 0.258427 0.257660 0.257309 0.257153 0.256942 0.256434 0.255443 0.253892 0.251844 0.249521 0.247267 0.245469 0.234416 0.235847 0.236590 0.236542 0.235774 0.234445 0.232741 0.230841 0.228904 0.227062 0.225417 0.224046 0.223004 0.222319 0.221996 0.222013 0.222319 0.222834 0.223449 0.224029 0.224424 0.224486 0.224081 0.223116 0.221565 0.219490 0.217059 0.214556 0.212363 0.210926 0.210663 0.211833
0.211566 0.209006 0.208459 0.209368 0.211030 0.212824 0.214319 0.215303 0.215758 0.215802 0.215630 0.215450 0.215438 0.215703 0.216280 0.217127 0.218154 0.219244 0.220287 0.221215 0.222016 0.222752 0.223543 0.224547 0.225917 0.227745 0.230002 0.232492 0.234824 0.236437 0.236710 0.235173 0.243226 0.248246 0.250001 0.249457 0.247790 0.246033 0.244901 0.244758 0.245662 0.247453 0.249854 0.252564 0.255334 0.258014 0.260562 0.263039 0.265570 0.268299 0.271341 0.274732 0.278403 0.282176 0.285787 0.288934 0.291364 0.292966 0.293873 0.294538 0.295766 0.298641 0.304316 0.313587 0.324986 0.343737 0.354781 0.359535 0.360382 0.359734 0.359506 0.360884 0.364314 0.369611 0.376147 0.383059 0.389444 0.394522 0.397744 0.398852 0.397875 0.395085 0.390915 0.385858 0.380355 0.374702 0.368982 0.363031 0.356468 0.348768 0.339388 0.327950 0.314430 0.299357 0.283964 0.270236 0.294067 0.291319 0.290470 0.292045 0.295975 0.301798 0.308837 0.316355 0.323665 0.330221 0.335670 0.339867 0.342872 0.344918 0.346367 0.347645 0.349183 0.351358 0.354433 0.358518 0.363550 0.369287 0.375333 0.381179 0.386270 0.390090 0.392253 0.392601 0.391282 0.388809 0.386063 0.384223 0.411314 0.414037 0.412505 0.408100 0.402346 0.396556 0.391635 0.388041 0.385816 0.384679 0.384145 0.383648 0.382648 0.380721 0.377618 0.373286 0.367870 0.361679 0.355131 0.348694 0.342806 0.337816 0.333919 0.331124 0.329244 0.327908 0.326619 0.324826 0.322033 0.317909 0.312412 0.305874 0.290281 0.276829 0.269069 0.267408 0.271214 0.279280 0.290178 0.302519 0.315121 0.327105 0.337925 0.347351 0.355415 0.362333 0.368413 0.373969 0.379240 0.384326 0.389159 0.393494 0.396936 0.399000 0.399198 0.397140 0.392653 0.385888 0.377398 0.368169 0.359569 0.353179 0.350464 0.352245 0.325079 0.325338 0.321696 0.315586 0.308654 0.302240 0.297154 0.293650 0.291525 0.290278 0.289284 0.287959 0.285875 0.282839 0.278910 0.274371 0.269661 0.265283 0.261702 0.259243 0.258019 0.257894 0.258488 0.259242 0.259520 0.258767 0.256677 0.253358 0.249442 0.246086 0.244790 0.246946 0.235163 0.234300 0.234467 0.235002 0.235317 0.235016 0.233930 0.232099 0.229722 0.227096 0.224550 0.222384 0.220823 0.219992 0.219898 0.220444 0.221441 0.222643 0.223784 0.224616 0.224946 0.224664 0.223755 0.222305 0.220485 0.218519 0.216643 0.215052 0.213854 0.213032 0.212432 0.211806
0.213065 0.211353 0.210676 0.210846 0.211558 0.212507 0.213446 0.214218 0.214751 0.215047 0.215158 0.215165 0.215156 0.215209 0.215382 0.215712 0.216212 0.216882 0.217709 0.218685 0.219805 0.221074 0.222506 0.224115 0.225906 0.227856 0.229902 0.231925 0.233750 0.235159 0.235933 0.235934 0.242016 0.247756 0.250121 0.249984 0.248494 0.246707 0.245392 0.244985 0.245616 0.247189 0.249471 0.252186 0.255086 0.258000 0.260849 0.263645 0.266462 0.269395 0.272521 0.275852 0.279319 0.282762 0.285954 0.288650 0.290658 0.291934 0.292665 0.293341 0.294776 0.298031 0.304206 0.314028 0.328783 0.352351 0.364497 0.367737 0.365796 0.362251 0.359800 0.360001 0.363304 0.369276 0.376907 0.384937 0.392144 0.397559 0.400603 0.401130 0.399382 0.395893 0.391334 0.386354 0.381423 0.376718 0.372061 0.366946 0.360633 0.352337 0.341474 0.327935 0.312349 0.296244 0.282021 0.272627 0.293719 0.291637 0.290520 0.291407 0.294696 0.300214 0.307372 0.315343 0.323248 0.330312 0.335985 0.340007 0.342428 0.343577 0.344000 0.344354 0.345305 0.347409 0.351014 0.356194 0.362707 0.370015 0.377345 0.383806 0.388543 0.390922 0.390726 0.388311 0.384706 0.381581 0.381026 0.385063 0.413773 0.420883 0.420034 0.413706 0.404791 0.395799 0.388472 0.383675 0.381477 0.381348 0.382394 0.383595 0.384018 0.382965 0.380070 0.375325 0.369043 0.361785 0.354240 0.347102 0.340948 0.336134 0.332734 0.330528 0.329047 0.327669 0.325771 0.322898 0.318931 0.314213 0.309551 0.306048 0.289728 0.280376 0.273845 0.271409 0.273499 0.279816 0.289533 0.301520 0.314567 0.327566 0.339652 0.350274 0.359219 0.366576 0.372658 0.377898 0.382730 0.387477 0.392259 0.396936 0.401102 0.404129 0.405267 0.403808 0.399266 0.391590 0.381349 0.369848 0.359125 0.351741 0.350278 0.356442 0.328253 0.331890 0.328513 0.320568 0.310906 0.301896 0.295026 0.290843 0.289104 0.289035 0.289615 0.289848 0.288973 0.286585 0.282685 0.277640 0.272084 0.266772 0.262415 0.259531 0.258316 0.258587 0.259793 0.261105 0.261589 0.260449 0.257295 0.252401 0.246874 0.242647 0.242168 0.247655 0.236234 0.233636 0.233325 0.234231 0.235284 0.235680 0.234991 0.233156 0.230411 0.227175 0.223944 0.221180 0.219234 0.218292 0.218362 0.219281 0.220756 0.222419 0.223889 0.224842 0.225061 0.224475 0.223170 0.221375 0.219410 0.217618 0.216273 0.215484 0.215125 0.214797 0.213890 0.211757
0.213960 0.214104 0.213741 0.213184 0.212719 0.212531 0.212687 0.213149 0.213810 0.214527 0.215163 0.215614 0.215832 0.215828 0.215676 0.215490 0.215413 0.215584 0.216120 0.217087 0.218491 0.220269 0.222298 0.224411 0.226425 0.228187 0.229605 0.230697 0.231610 0.232618 0.234078 0.236312 0.240202 0.246080 0.249076 0.249759 0.249016 0.247722 0.246573 0.246021 0.246283 0.247380 0.249208 0.251598 0.254371 0.257378 0.260516 0.263733 0.267010 0.270344 0.273718 0.277084 0.280347 0.283367 0.285986 0.288060 0.289521 0.290434 0.291065 0.291920 0.293741 0.297437 0.303893 0.313627 0.332785 0.357514 0.369695 0.372235 0.369283 0.364762 0.361591 0.361419 0.364682 0.370862 0.378832 0.387218 0.394709 0.400289 0.403379 0.403864 0.402046 0.398518 0.393995 0.389138 0.384388 0.379849 0.375244 0.369955 0.363154 0.354032 0.342078 0.327385 0.310915 0.294631 0.281380 0.274386 0.291932 0.293069 0.292906 0.293219 0.295266 0.299575 0.305979 0.313786 0.322026 0.329696 0.335971 0.340355 0.342758 0.343489 0.343194 0.342723 0.342979 0.344743 0.348524 0.354436 0.362144 0.370870 0.379498 0.386745 0.391414 0.392687 0.390430 0.385441 0.379583 0.375681 0.377085 0.386744 0.413538 0.423326 0.423190 0.416091 0.405594 0.394849 0.386072 0.380404 0.377995 0.378240 0.380069 0.382246 0.383623 0.383337 0.380916 0.376321 0.369904 0.362309 0.354335 0.346784 0.340313 0.335318 0.331860 0.329663 0.328172 0.326687 0.324546 0.321332 0.317076 0.312371 0.308348 0.306386 0.289336 0.282697 0.276825 0.273648 0.274388 0.279427 0.288385 0.300325 0.314008 0.328142 0.341597 0.353550 0.363567 0.371598 0.377920 0.383025 0.387476 0.391766 0.396176 0.400690 0.404949 0.408288 0.409833 0.408690 0.404172 0.396070 0.384905 0.372113 0.360077 0.351908 0.350862 0.359226 0.331863 0.337233 0.333909 0.324841 0.313503 0.302815 0.294649 0.289751 0.287904 0.288229 0.289527 0.290604 0.290511 0.288714 0.285143 0.280163 0.274460 0.268874 0.264213 0.261074 0.259699 0.259901 0.261076 0.262304 0.262549 0.260938 0.257067 0.251302 0.244970 0.240351 0.240308 0.247413 0.237414 0.234401 0.233920 0.234817 0.235920 0.236344 0.235612 0.233652 0.230714 0.227253 0.223803 0.220860 0.218796 0.217805 0.217881 0.218841 0.220362 0.222045 0.223492 0.224369 0.224470 0.223752 0.222342 0.220516 0.218636 0.217065 0.216066 0.215690 0.215702 0.215558 0.214481 0.211702
0.213905 0.216727 0.217124 0.215992 0.214322 0.212904 0.212206 0.212361 0.213242 0.214551 0.215933 0.217067 0.217733 0.217855 0.217503 0.216871 0.216233 0.215885 0.216080 0.216971 0.218577 0.220760 0.223244 0.225662 0.227634 0.228866 0.229259 0.229009 0.228661 0.229083 0.231314 0.236223 0.238119 0.243425 0.246976 0.248846 0.249410 0.249157 0.248562 0.248030 0.247858 0.248241 0.249276 0.250984 0.253327 0.256227 0.259577 0.263250 0.267108 0.271003 0.274783 0.278297 0.281405 0.283991 0.285986 0.287390 0.288297 0.288921 0.289610 0.290846 0.293211 0.297320 0.303677 0.312466 0.336561 0.357856 0.368841 0.371850 0.370250 0.367252 0.365278 0.365730 0.369026 0.374793 0.382142 0.389950 0.397110 0.402731 0.406246 0.407456 0.406496 0.403752 0.399731 0.394930 0.389705 0.384182 0.378214 0.371410 0.363225 0.353129 0.340816 0.326440 0.310810 0.295502 0.282776 0.275200 0.288787 0.296039 0.298224 0.298096 0.298215 0.300279 0.304931 0.311877 0.320179 0.328607 0.335975 0.341410 0.344519 0.345450 0.344837 0.343667 0.343079 0.344132 0.347582 0.353698 0.362163 0.372060 0.381984 0.390277 0.395357 0.396129 0.392414 0.385304 0.377357 0.372454 0.375180 0.389468 0.410216 0.420066 0.420522 0.414178 0.404308 0.393892 0.385107 0.379154 0.376312 0.376131 0.377686 0.379841 0.381498 0.381773 0.380120 0.376383 0.370772 0.363794 0.356141 0.348557 0.341704 0.336049 0.331787 0.328814 0.326759 0.325074 0.323174 0.320612 0.317243 0.313354 0.309670 0.307177 0.289294 0.283267 0.277236 0.273446 0.273481 0.278027 0.286901 0.299240 0.313770 0.329080 0.343876 0.357154 0.368316 0.377187 0.383971 0.389147 0.393322 0.397070 0.400789 0.404583 0.408206 0.411073 0.412356 0.411153 0.406724 0.398772 0.387709 0.374869 0.362565 0.353904 0.352221 0.359975 0.335671 0.340417 0.336893 0.327811 0.316411 0.305460 0.296785 0.291179 0.288540 0.288133 0.288899 0.289740 0.289759 0.288401 0.285522 0.281364 0.276467 0.271524 0.267222 0.264084 0.262341 0.261864 0.262164 0.262484 0.261963 0.259875 0.255900 0.250376 0.244475 0.240192 0.240028 0.246223 0.238448 0.236854 0.236660 0.237065 0.237318 0.236891 0.235547 0.233318 0.230446 0.227295 0.224264 0.221708 0.219885 0.218916 0.218779 0.219326 0.220311 0.221437 0.222408 0.222978 0.222993 0.222413 0.221321 0.219901 0.218403 0.217081 0.216119 0.215562 0.215259 0.214851 0.213824 0.211671
0.212806 0.218690 0.220187 0.218754 0.216088 0.213596 0.212161 0.212108 0.213304 0.215311 0.217563 0.219521 0.220794 0.221206 0.220814 0.219876 0.218787 0.217983 0.217846 0.218610 0.220301 0.222711 0.225421 0.227878 0.229517 0.229927 0.229021 0.227194 0.225405 0.225129 0.228094 0.235711 0.236180 0.240306 0.244268 0.247518 0.249759 0.250938 0.251205 0.250853 0.250250 0.249784 0.249799 0.250560 0.252218 0.254804 0.258228 0.262298 0.266745 0.271259 0.275532 0.279291 0.282340 0.284587 0.286061 0.286917 0.287428 0.287957 0.288916 0.290715 0.293696 0.298067 0.303845 0.310806 0.339738 0.353210 0.361882 0.366559 0.368640 0.369601 0.370674 0.372703 0.376093 0.380856 0.386686 0.393064 0.399373 0.404991 0.409370 0.412095 0.412912 0.411729 0.408603 0.403701 0.397260 0.389537 0.380766 0.371128 0.360731 0.349622 0.337816 0.325350 0.312359 0.299168 0.286388 0.274995 0.284759 0.300517 0.306259 0.305874 0.303557 0.302541 0.304601 0.310067 0.318159 0.327441 0.336309 0.343403 0.347894 0.349627 0.349122 0.347431 0.345908 0.345916 0.348531 0.354284 0.362993 0.373715 0.384852 0.394412 0.400422 0.401436 0.397089 0.388576 0.378925 0.372862 0.376042 0.393357 0.404184 0.411118 0.411897 0.407861 0.400965 0.393150 0.385979 0.380466 0.377048 0.375658 0.375841 0.376908 0.378081 0.378633 0.377982 0.375774 0.371904 0.366516 0.359970 0.352773 0.345505 0.338733 0.332925 0.328380 0.325180 0.323170 0.321971 0.321032 0.319722 0.317443 0.313779 0.308639 0.289728 0.281876 0.274797 0.270639 0.270819 0.275865 0.285471 0.298699 0.314226 0.330611 0.346522 0.360907 0.373095 0.382825 0.390213 0.395652 0.399693 0.402898 0.405705 0.408320 0.410652 0.412310 0.412674 0.411019 0.406720 0.399475 0.389542 0.377926 0.366454 0.357645 0.354282 0.358536 0.339334 0.340907 0.336942 0.329101 0.319456 0.309853 0.301594 0.295353 0.291232 0.288901 0.287779 0.287199 0.286558 0.285417 0.283555 0.280971 0.277850 0.274497 0.271247 0.268386 0.266075 0.264305 0.262886 0.261490 0.259721 0.257241 0.253904 0.249891 0.245805 0.242673 0.241788 0.244323 0.239086 0.240767 0.241342 0.240802 0.239333 0.237208 0.234713 0.232104 0.229584 0.227300 0.225339 0.223744 0.222519 0.221639 0.221063 0.220738 0.220603 0.220597 0.220653 0.220705 0.220688 0.220539 0.220202 0.219633 0.218813 0.217747 0.216484 0.215116 0.213778 0.212647 0.211908 0.211715
0.210948 0.219597 0.222297 0.220920 0.217708 0.214556 0.212684 0.212581 0.214127 0.216787 0.219838 0.222577 0.224476 0.225276 0.225013 0.223984 0.222662 0.221581 0.221209 0.221834 0.223484 0.225897 0.228546 0.230747 0.231809 0.231250 0.229020 0.225695 0.222581 0.221647 0.225172 0.234983 0.234805 0.237552 0.241753 0.246270 0.250147 0.252786 0.253988 0.253912 0.252974 0.251726 0.250745 0.250526 0.251412 0.253549 0.256882 0.261174 0.266051 0.271070 0.275786 0.279824 0.282940 0.285061 0.286300 0.286941 0.287397 0.288133 0.289577 0.292017 0.295516 0.299860 0.304581 0.309097 0.342122 0.345121 0.350833 0.357935 0.365134 0.371544 0.376801 0.381003 0.384560 0.388011 0.391845 0.396364 0.401596 0.407270 0.412850 0.417615 0.420774 0.421596 0.419541 0.414359 0.406161 0.395418 0.382918 0.369640 0.356579 0.344539 0.333902 0.324452 0.315281 0.304887 0.291534 0.274014 0.280775 0.305795 0.315653 0.315299 0.310566 0.306279 0.305432 0.309086 0.316704 0.326715 0.337127 0.346084 0.352280 0.355198 0.355159 0.353207 0.350849 0.349722 0.351226 0.356199 0.364673 0.375788 0.387868 0.398697 0.405970 0.407891 0.403820 0.394863 0.384232 0.377144 0.379985 0.398381 0.396798 0.398282 0.398989 0.398356 0.396231 0.392829 0.388629 0.384234 0.380237 0.377103 0.375090 0.374210 0.374233 0.374728 0.375134 0.374857 0.373361 0.370272 0.365446 0.359018 0.351408 0.343279 0.335459 0.328800 0.324024 0.321542 0.321279 0.322555 0.324045 0.323891 0.320028 0.310806 0.290646 0.278763 0.269933 0.265784 0.267035 0.273588 0.284700 0.299200 0.315712 0.332855 0.349406 0.364413 0.377254 0.387652 0.395633 0.401463 0.405549 0.408341 0.410235 0.411488 0.412171 0.412156 0.411145 0.408746 0.404585 0.398449 0.390427 0.381041 0.371308 0.362696 0.356909 0.355431 0.342425 0.338844 0.334271 0.328693 0.322289 0.315382 0.308369 0.301659 0.295615 0.290504 0.286476 0.283545 0.281601 0.280427 0.279735 0.279199 0.278507 0.277395 0.275682 0.273297 0.270287 0.266809 0.263106 0.259472 0.256192 0.253485 0.251443 0.249981 0.248815 0.247484 0.245435 0.242210 0.239150 0.245272 0.246942 0.245208 0.241519 0.237220 0.233295 0.230292 0.228354 0.227325 0.226874 0.226615 0.226218 0.225466 0.224300 0.222804 0.221177 0.219674 0.218541 0.217951 0.217949 0.218429 0.219137 0.219708 0.219747 0.218933 0.217137 0.214535 0.211690 0.209538 0.209252 0.211904
0.209076 0.219318 0.222967 0.222015 0.218907 0.215731 0.213854 0.213856 0.215644 0.218668 0.222161 0.225365 0.227700 0.228870 0.228888 0.228048 0.226831 0.225784 0.225388 0.225934 0.227439 0.229616 0.231906 0.233588 0.233952 0.232525 0.229315 0.225012 0.221105 0.219787 0.223567 0.234429 0.234343 0.236237 0.240539 0.245787 0.250644 0.254189 0.256012 0.256177 0.255106 0.253437 0.251865 0.251013 0.251335 0.253053 0.256145 0.260370 0.265320 0.270501 0.275418 0.279659 0.282967 0.285285 0.286762 0.287731 0.288639 0.289948 0.292019 0.294987 0.298675 0.302565 0.305896 0.307933 0.343778 0.337093 0.340044 0.349348 0.361238 0.372670 0.381817 0.388097 0.391927 0.394329 0.396514 0.399521 0.403955 0.409852 0.416665 0.423380 0.428706 0.431325 0.430159 0.424592 0.414638 0.400998 0.384988 0.368342 0.352881 0.340092 0.330673 0.324125 0.318524 0.310618 0.296460 0.272822 0.278142 0.310321 0.323703 0.323836 0.317621 0.310993 0.307855 0.309863 0.316757 0.326958 0.338271 0.348522 0.356064 0.360082 0.360695 0.358859 0.356116 0.354242 0.354842 0.358982 0.366910 0.377913 0.390376 0.402039 0.410454 0.413608 0.410614 0.402359 0.391922 0.384516 0.386668 0.404246 0.390384 0.385297 0.385473 0.388337 0.391427 0.393025 0.392349 0.389474 0.385087 0.380181 0.375766 0.372618 0.371127 0.371231 0.372446 0.373970 0.374852 0.374184 0.371288 0.365884 0.358181 0.348900 0.339188 0.330435 0.324006 0.320895 0.321370 0.324664 0.328802 0.330696 0.326639 0.313405 0.291857 0.274694 0.263900 0.260253 0.263376 0.272196 0.285295 0.301163 0.318374 0.335695 0.352144 0.367015 0.379865 0.390483 0.398852 0.405096 0.409431 0.412120 0.413428 0.413590 0.412791 0.411152 0.408727 0.405514 0.401473 0.396547 0.390701 0.383949 0.376394 0.368263 0.359934 0.351965 0.344484 0.335220 0.330010 0.327025 0.324377 0.320705 0.315383 0.308491 0.300633 0.292694 0.285595 0.280084 0.276594 0.275169 0.275476 0.276878 0.278556 0.279664 0.279489 0.277588 0.273886 0.268711 0.262755 0.256956 0.252303 0.249588 0.249136 0.250564 0.252632 0.253288 0.250013 0.240612 0.238584 0.248809 0.251529 0.248762 0.243120 0.236928 0.231808 0.228564 0.227277 0.227504 0.228518 0.229541 0.229927 0.229292 0.227560 0.224951 0.221910 0.218994 0.216741 0.215547 0.215563 0.216638 0.218331 0.219975 0.220825 0.220249 0.217954 0.214200 0.209945 0.206842 0.206993 0.212324
0.208358 0.218087 0.221993 0.221762 0.219511 0.217075 0.215672 0.215843 0.217544 0.220329 0.223556 0.226584 0.228913 0.230280 0.230685 0.230359 0.229692 0.229124 0.229039 0.229658 0.230970 0.232707 0.234381 0.235382 0.235126 0.233259 0.229862 0.225627 0.221941 0.220799 0.224441 0.234587 0.234990 0.237513 0.241881 0.246837 0.251272 0.254453 0.256081 0.256255 0.255367 0.253977 0.252687 0.252031 0.252394 0.253970 0.256746 0.260531 0.265000 0.269757 0.274408 0.278629 0.282217 0.285124 0.287460 0.289460 0.291434 0.293672 0.296359 0.299478 0.302755 0.305667 0.307569 0.307975 0.345074 0.334366 0.335904 0.345731 0.359197 0.372467 0.383171 0.390464 0.394739 0.397168 0.399197 0.402104 0.406678 0.413036 0.420608 0.428253 0.434489 0.437781 0.436857 0.430981 0.420151 0.405175 0.387588 0.369424 0.352823 0.339535 0.330371 0.324717 0.320254 0.313062 0.298362 0.272182 0.278313 0.311692 0.326441 0.327725 0.322186 0.315660 0.312094 0.313299 0.319219 0.328494 0.339106 0.348996 0.356552 0.360913 0.362089 0.360886 0.358687 0.357131 0.357737 0.361562 0.368923 0.379259 0.391164 0.402605 0.411332 0.415444 0.414016 0.407707 0.399152 0.392935 0.394869 0.410216 0.387902 0.377468 0.376680 0.381647 0.388311 0.393558 0.395644 0.394174 0.389806 0.383832 0.377741 0.372839 0.369980 0.369416 0.370789 0.373232 0.375572 0.376572 0.375200 0.370860 0.363558 0.353962 0.343341 0.333357 0.325741 0.321864 0.322270 0.326249 0.331580 0.334578 0.330671 0.315722 0.292876 0.270920 0.258739 0.256145 0.261551 0.272823 0.287816 0.304672 0.321940 0.338600 0.354000 0.367782 0.379781 0.389953 0.398306 0.404867 0.409670 0.412757 0.414200 0.414120 0.412703 0.410202 0.406919 0.403169 0.399214 0.395192 0.391037 0.386424 0.380761 0.373261 0.363166 0.350161 0.345089 0.331889 0.326203 0.325014 0.325056 0.323823 0.319972 0.313318 0.304577 0.295005 0.286005 0.278800 0.274181 0.272383 0.273073 0.275439 0.278368 0.280664 0.281293 0.279586 0.275398 0.269168 0.261867 0.254837 0.249502 0.247004 0.247802 0.251301 0.255633 0.257711 0.253740 0.240398 0.237511 0.249263 0.252423 0.249371 0.243147 0.236435 0.231082 0.227973 0.227147 0.228037 0.229752 0.231355 0.232079 0.231475 0.229468 0.226338 0.222636 0.219049 0.216243 0.214713 0.214663 0.215937 0.218025 0.220144 0.221410 0.221058 0.218716 0.214653 0.209955 0.206528 0.206812 0.213061
0.210185 0.216517 0.219566 0.220185 0.219512 0.218558 0.218026 0.218257 0.219280 0.220902 0.222820 0.224721 0.226356 0.227591 0.228418 0.228941 0.229333 0.229787 0.230452 0.231389 0.232538 0.233709 0.234617 0.234933 0.234383 0.232855 0.230511 0.227879 0.225882 0.225761 0.228838 0.236038 0.236712 0.242319 0.246865 0.250073 0.251984 0.252834 0.252952 0.252690 0.252375 0.252275 0.252587 0.253432 0.254858 0.256856 0.259373 0.262328 0.265627 0.269180 0.272902 0.276728 0.280605 0.284491 0.288348 0.292130 0.295773 0.299189 0.302268 0.304881 0.306915 0.308315 0.309166 0.309805 0.346611 0.342933 0.345650 0.352676 0.361591 0.370453 0.378128 0.384295 0.389260 0.393682 0.398291 0.403643 0.409954 0.417024 0.424249 0.430721 0.435380 0.437204 0.435398 0.429562 0.419798 0.406740 0.391489 0.375448 0.360072 0.346546 0.335442 0.326432 0.318127 0.308175 0.293772 0.272750 0.282377 0.306874 0.319140 0.322434 0.321014 0.318633 0.317836 0.319795 0.324496 0.331099 0.338363 0.345044 0.350199 0.353384 0.354708 0.354784 0.354566 0.355136 0.357454 0.362135 0.369277 0.378380 0.388387 0.397850 0.405223 0.409247 0.409385 0.406216 0.401683 0.399034 0.402270 0.414861 0.392090 0.380478 0.378425 0.382386 0.388505 0.393711 0.396170 0.395310 0.391574 0.386059 0.380113 0.374980 0.371539 0.370147 0.370609 0.372247 0.374068 0.374969 0.373979 0.370468 0.364310 0.355957 0.346403 0.337033 0.329353 0.324633 0.323501 0.325564 0.329153 0.331326 0.328291 0.316472 0.292807 0.268950 0.256957 0.255888 0.263283 0.276269 0.292214 0.309052 0.325379 0.340397 0.353788 0.365547 0.375830 0.384819 0.392643 0.399328 0.404805 0.408942 0.411599 0.412692 0.412244 0.410417 0.407511 0.403916 0.400033 0.396158 0.392351 0.388322 0.383371 0.376445 0.366381 0.352422 0.343977 0.331311 0.325519 0.323944 0.323669 0.322432 0.318986 0.313103 0.305360 0.296817 0.288682 0.282012 0.277502 0.275366 0.275328 0.276700 0.278532 0.279806 0.279645 0.277494 0.273253 0.267332 0.260603 0.254251 0.249526 0.247420 0.248306 0.251624 0.255677 0.257691 0.254261 0.242398 0.236252 0.244383 0.246714 0.244775 0.240585 0.235954 0.232143 0.229774 0.228900 0.229160 0.229971 0.230710 0.230864 0.230126 0.228442 0.225998 0.223164 0.220405 0.218181 0.216839 0.216534 0.217182 0.218453 0.219833 0.220721 0.220584 0.219134 0.216495 0.213330 0.210847 0.210631 0.214183
0.215700 0.215484 0.216315 0.217685 0.219088 0.220147 0.220667 0.220632 0.220170 0.219501 0.218878 0.218534 0.218648 0.219309 0.220514 0.222169 0.224110 0.226129 0.228012 0.229569 0.230671 0.231269 0.231410 0.231232 0.230944 0.230795 0.231026 0.231812 0.233214 0.235127 0.237268 0.239200 0.239200 0.250917 0.255891 0.255715 0.252652 0.248831 0.245828 0.244531 0.245180 0.247518 0.250985 0.254912 0.258696 0.261915 0.264396 0.266220 0.267683 0.269212 0.271265 0.274219 0.278280 0.283413 0.289321 0.295477 0.301210 0.305842 0.308869 0.310141 0.310033 0.309527 0.310153 0.313700 0.349000 0.367479 0.374899 0.374554 0.370524 0.366427 0.364792 0.366886 0.372819 0.381830 0.392628 0.403735 0.413782 0.421719 0.426924 0.429231 0.428866 0.426320 0.422195 0.417034 0.411180 0.404680 0.397263 0.388401 0.377459 0.363917 0.347647 0.329193 0.309982 0.292385 0.279497 0.274500 0.290200 0.292791 0.297465 0.303696 0.310685 0.317587 0.323681 0.328467 0.331716 0.333467 0.333994 0.333750 0.333289 0.333188 0.333965 0.336015 0.339554 0.344591 0.350921 0.358148 0.365735 0.373071 0.379570 0.384763 0.388411 0.390583 0.391718 0.392628 0.394418 0.398307 0.405304 0.415700 0.403900 0.398010 0.394655 0.393098 0.392423 0.391839 0.390812 0.389102 0.386725 0.383874 0.380833 0.377887 0.375257 0.373052 0.371248 0.369698 0.368158 0.366336 0.363943 0.360753 0.356648 0.351654 0.345954 0.339875 0.333842 0.328319 0.323713 0.320279 0.318024 0.316641 0.315495 0.313700 0.290200 0.270060 0.260814 0.261419 0.269463 0.282188 0.297096 0.312262 0.326434 0.338985 0.349787 0.359050 0.367152 0.374494 0.381392 0.388007 0.394324 0.400170 0.405256 0.409246 0.411830 0.412788 0.412043 0.409675 0.405916 0.401094 0.395564 0.389607 0.383340 0.376662 0.369268 0.360800 0.341200 0.335887 0.330525 0.325153 0.319838 0.314674 0.309771 0.305230 0.301131 0.297513 0.294365 0.291628 0.289197 0.286936 0.284694 0.282326 0.279716 0.276791 0.273540 0.270016 0.266340 0.262685 0.259258 0.256270 0.253896 0.252236 0.251282 0.250879 0.250722 0.250372 0.249318 0.247100 0.235300 0.232611 0.232300 0.233366 0.234788 0.235781 0.235897 0.235022 0.233304 0.231062 0.228676 0.226502 0.224801 0.223702 0.223193 0.223140 0.223326 0.223504 0.223451 0.223021 0.222182 0.221029 0.219772 0.218695 0.218087 0.218155 0.218924 0.220158 0.221312 0.221560 0.219946 0.215700
0.211800 0.211691 0.213648 0.216411 0.218851 0.220238 0.220310 0.219218 0.217401 0.215432 0.213878 0.213181 0.213581 0.215090 0.217499 0.220438 0.223446 0.226068 0.227946 0.228892 0.228941 0.228355 0.227591 0.227217 0.227785 0.229678 0.232950 0.237183 0.241425 0.244238 0.243952 0.239200 0.243100 0.241740 0.243230 0.246304 0.249693 0.252486 0.254245 0.254976 0.255020 0.254893 0.255140 0.256206 0.258346 0.261592 0.265751 0.270459 0.275257 0.279681 0.283360 0.286095 0.287913 0.289075 0.290044 0.291402 0.293720 0.297397 0.302492 0.308581 0.314681 0.319310 0.320748 0.317600 0.333300 0.338842 0.347962 0.358518 0.368632 0.377077 0.383366 0.387634 0.390430 0.392473 0.394436 0.396782 0.399673 0.402949 0.406178 0.408758 0.410048 0.409504 0.406799 0.401897 0.395070 0.386835 0.377818 0.368547 0.359196 0.349324 0.337666 0.322046 0.299533 0.266958 0.221951 0.164700 0.168600 0.159879 0.158975 0.163264 0.169719 0.175852 0.180121 0.181981 0.181712 0.180133 0.178288 0.177162 0.177465 0.179506 0.183155 0.187903 0.192979 0.197520 0.200755 0.202173 0.201654 0.199525 0.196538 0.193748 0.192305 0.193167 0.196788 0.202815 0.209898 0.215697 0.217244 0.211800 0.219600 0.225262 0.226359 0.224388 0.221066 0.217821 0.215555 0.214611 0.214865 0.215867 0.217023 0.217746 0.217581 0.216285 0.213853 0.210500 0.206608 0.202635 0.199030 0.196134 0.194113 0.192914 0.192270 0.191748 0.190843 0.189112 0.186328 0.182631 0.178621 0.175368 0.174242 0.176500 0.168600 0.240416 0.254891 0.228967 0.184426 0.140985 0.112763 0.107148 0.125257 0.163322 0.214514 0.270788 0.324506 0.369653 0.402560 0.422130 0.429612 0.428018 0.421299 0.413447 0.407646 0.405625 0.407335 0.411020 0.413716 0.412159 0.403967 0.388924 0.370037 0.353964 0.350237 0.368600 0.345100 0.340114 0.334827 0.329364 0.323898 0.318608 0.313644 0.309113 0.305071 0.301522 0.298420 0.295685 0.293206 0.290862 0.288530 0.286098 0.283478 0.280612 0.277478 0.274094 0.270520 0.266851 0.263209 0.259742 0.256603 0.253939 0.251875 0.250496 0.249824 0.249807 0.250289 0.251000 0.243100 0.238626 0.237042 0.237425 0.238660 0.239777 0.240113 0.239362 0.237536 0.234885 0.231799 0.228708 0.225996 0.223943 0.222686 0.222216 0.222392 0.222981 0.223704 0.224291 0.224530 0.224308 0.223629 0.222612 0.221467 0.220447 0.219774 0.219573 0.219794 0.220183 0.220293 0.219600
0.214250 0.218123 0.219738 0.219815 0.219175 0.218470 0.218073 0.218085 0.218405 0.218820 0.219101 0.219084 0.218717 0.218076 0.217357 0.216829 0.216782 0.217461 0.219002 0.221388 0.224429 0.227765 0.230923 0.233391 0.234734 0.234727 0.233478 0.231528 0.229876 0.229888 0.233017 0.240276 0.233525 0.242093 0.247526 0.250186 0.250943 0.250761 0.250463 0.250617 0.251521 0.253234 0.255643 0.258539 0.261682 0.264865 0.267942 0.270854 0.273616 0.276309 0.279041 0.281919 0.285013 0.288334 0.291824 0.295359 0.298776 0.301910 0.304653 0.306998 0.309091 0.311231 0.313830 0.317268 0.320020 0.115310 0.076386 0.150204 0.273980 0.394857 0.478748 0.511786 0.497177 0.449681 0.389394 0.336046 0.304600 0.302575 0.329215 0.376369 0.430735 0.477008 0.501368 0.494700 0.455001 0.388471 0.308941 0.235473 0.188231 0.182998 0.225090 0.303830 0.389212 0.432898 0.376296 0.169075 0.184184 0.199259 0.199578 0.191337 0.180712 0.172202 0.168125 0.168824 0.173251 0.179670 0.186302 0.191800 0.195496 0.197418 0.198096 0.198228 0.198279 0.198093 0.196623 0.191847 0.180936 0.160705 0.128350 0.082423 0.023926 0.000000 0.000000 0.000000 0.000000 0.000000 0.000000 0.098946 0.028799 0.219438 0.267694 0.217625 0.122739 0.071473 0.055570 0.039934 0.024184 0.017906 0.081019 0.139544 0.180417 0.196743 0.188552 0.162113 0.128066 0.098780 0.085420 0.095223 0.129470 0.182569 0.242552 0.293130 0.317227 0.301677 0.242427 0.149290 0.048836 0.000000 0.005238 0.158874 0.173053 0.100109 0.088820 0.113626 0.148808 0.176102 0.187166 0.182733 0.169918 0.158815 0.159215 0.177988 0.217458 0.274895 0.343066 0.411671 0.469380 0.506139 0.515352 0.495592 0.451500 0.393614 0.336988 0.298587 0.293628 0.331253 0.410149 0.515029 0.615183 0.666674 0.620115 0.436400 0.306258 0.324886 0.337070 0.342097 0.341124 0.336015 0.328633 0.320475 0.312546 0.305369 0.299094 0.293630 0.288779 0.284347 0.280210 0.276346 0.272818 0.269741 0.267218 0.265281 0.263850 0.262707 0.261513 0.259871 0.257422 0.253977 0.249661 0.245031 0.241134 0.239434 0.241532 0.248589 0.238976 0.224739 0.219936 0.222138 0.228123 0.234935 0.240422 0.243400 0.243574 0.241332 0.237468 0.232925 0.228568 0.225032 0.222638 0.221394 0.221050 0.221201 0.221417 0.221362 0.220896 0.220127 0.219399 0.219217 0.220097 0.222364 0.225936 0.230118 0.233501 0.234035 0.229400 0.217810
0.214727 0.220185 0.221827 0.221048 0.219358 0.217914 0.217343 0.217765 0.218913 0.220314 0.221462 0.221964 0.221635 0.220536 0.218958 0.217354 0.216241 0.216086 0.217198 0.219636 0.223167 0.227274 0.231222 0.234195 0.235479 0.234683 0.231953 0.228147 0.224886 0.224411 0.229142 0.240795 0.230660 0.241747 0.248327 0.251081 0.251358 0.250571 0.249869 0.249989 0.251251 0.253619 0.256816 0.260445 0.264099 0.267453 0.270312 0.272641 0.274551 0.276261 0.278045 0.280174 0.282846 0.286150 0.290030 0.294294 0.298638 0.302718 0.306225 0.308987 0.311055 0.312752 0.314650 0.317426 0.323833 0.063309 0.011707 0.101709 0.253986 0.402071 0.503429 0.541157 0.519868 0.458588 0.382819 0.317304 0.280473 0.281136 0.317524 0.378528 0.446669 0.502203 0.527619 0.511782 0.452974 0.360224 0.252461 0.155318 0.095669 0.094443 0.158677 0.274299 0.401780 0.477427 0.423851 0.173980 0.195227 0.224528 0.226342 0.211688 0.191912 0.175535 0.167168 0.167753 0.175527 0.187266 0.199475 0.209329 0.215229 0.216958 0.215465 0.212356 0.209223 0.206942 0.205104 0.201699 0.193173 0.174945 0.142378 0.092170 0.024027 0.000000 0.000000 0.000000 0.000000 0.000000 0.000000 0.110247 0.029712 0.265851 0.331760 0.278327 0.168349 0.109204 0.089314 0.065028 0.036938 0.018635 0.086535 0.150149 0.194342 0.211028 0.200101 0.168671 0.128915 0.095038 0.079864 0.091672 0.131843 0.193785 0.263514 0.322041 0.349493 0.330571 0.260627 0.151195 0.033357 0.000000 0.000000 0.161271 0.178072 0.037981 0.014614 0.063351 0.136640 0.198317 0.228998 0.225580 0.197311 0.160354 0.132241 0.127219 0.153073 0.209686 0.289339 0.378500 0.460714 0.520074 0.544684 0.529559 0.478397 0.403821 0.325788 0.268125 0.253376 0.296482 0.398193 0.539520 0.679031 0.755332 0.697642 0.448040 0.299159 0.321683 0.336758 0.343627 0.343658 0.338988 0.331709 0.323469 0.315332 0.307829 0.301085 0.294990 0.289355 0.284030 0.278979 0.274291 0.270154 0.266785 0.264354 0.262898 0.262269 0.262109 0.261884 0.260974 0.258815 0.255082 0.249891 0.243961 0.238695 0.236089 0.238361 0.247194 0.238975 0.223193 0.217407 0.219257 0.225457 0.232910 0.239292 0.243242 0.244315 0.242775 0.239343 0.234924 0.230393 0.226425 0.223412 0.221451 0.220388 0.219916 0.219686 0.219430 0.219044 0.218644 0.218546 0.219188 0.220988 0.224149 0.228443 0.233032 0.236378 0.236345 0.230601 0.217460
0.213858 0.219088 0.220991 0.220688 0.219452 0.218293 0.217800 0.218139 0.219145 0.220462 0.221683 0.222469 0.222637 0.222189 0.221309 0.220315 0.219587 0.219478 0.220229 0.221899 0.224331 0.227154 0.229837 0.231788 0.232503 0.231728 0.229631 0.226928 0.224924 0.225388 0.230188 0.240591 0.232639 0.240840 0.246475 0.249641 0.250984 0.251337 0.251482 0.252016 0.253298 0.255443 0.258359 0.261809 0.265475 0.269031 0.272200 0.274802 0.276783 0.278220 0.279316 0.280363 0.281706 0.283680 0.286556 0.290477 0.295411 0.301114 0.307130 0.312810 0.317398 0.320149 0.320535 0.318511 0.336040 0.128834 0.089219 0.162058 0.283211 0.399549 0.477687 0.505076 0.486412 0.437681 0.379613 0.331789 0.308210 0.314750 0.348570 0.399347 0.451900 0.489715 0.498727 0.470742 0.405866 0.313438 0.211102 0.121867 0.069277 0.071158 0.132780 0.240748 0.359440 0.432381 0.391580 0.178557 0.201328 0.236178 0.239626 0.223963 0.202085 0.183839 0.174688 0.175895 0.185544 0.199929 0.214922 0.227079 0.234356 0.236378 0.234277 0.230194 0.226552 0.225258 0.226988 0.230705 0.233540 0.231131 0.218457 0.191135 0.147061 0.088191 0.022112 0.000000 0.000000 0.003630 0.082068 0.220088 0.172194 0.351046 0.411076 0.384789 0.313995 0.275177 0.258324 0.231328 0.196247 0.165529 0.198471 0.230042 0.250550 0.254701 0.242279 0.217699 0.188653 0.164154 0.152325 0.158351 0.182937 0.221613 0.265113 0.300943 0.316082 0.300567 0.251483 0.176590 0.096524 0.044169 0.059382 0.176871 0.183445 0.039667 0.015198 0.065457 0.142100 0.207651 0.241246 0.238468 0.207699 0.164840 0.127834 0.111955 0.126479 0.173024 0.245576 0.332002 0.416682 0.483787 0.520638 0.520611 0.485061 0.423828 0.354055 0.297225 0.274552 0.301207 0.380151 0.496790 0.616091 0.684321 0.638111 0.424149 0.312145 0.326286 0.335128 0.338361 0.337098 0.332886 0.327149 0.320930 0.314827 0.309066 0.303615 0.298331 0.293075 0.287793 0.282561 0.277571 0.273092 0.269396 0.266678 0.264990 0.264182 0.263900 0.263616 0.262721 0.260660 0.257104 0.252129 0.246373 0.241098 0.238118 0.239463 0.246705 0.241693 0.229587 0.224336 0.224571 0.228173 0.233041 0.237505 0.240497 0.241550 0.240693 0.238302 0.234934 0.231184 0.227570 0.224463 0.222060 0.220398 0.219389 0.218886 0.218742 0.218863 0.219241 0.219956 0.221140 0.222907 0.225257 0.227964 0.230488 0.231931 0.231105 0.226765 0.218094
0.212418 0.216426 0.218664 0.219504 0.219502 0.219180 0.218922 0.218943 0.219300 0.219940 0.220748 0.221595 0.222373 0.223024 0.223542 0.223966 0.224366 0.224816 0.225371 0.226042 0.226791 0.227526 0.228124 0.228459 0.228453 0.228126 0.227650 0.227378 0.227845 0.229705 0.233570 0.239723 0.237082 0.239646 0.243201 0.246862 0.250012 0.252391 0.254053 0.255277 0.256442 0.257912 0.259947 0.262646 0.265931 0.269564 0.273204 0.276476 0.279056 0.280750 0.281553 0.281685 0.281586 0.281867 0.283213 0.286252 0.291394 0.298654 0.307509 0.316807 0.324795 0.329321 0.328300 0.320527 0.348714 0.247705 0.231685 0.271134 0.332863 0.390226 0.427308 0.439104 0.429285 0.406840 0.382509 0.365703 0.362297 0.373510 0.395884 0.422235 0.443337 0.450023 0.435338 0.396391 0.335541 0.260660 0.184270 0.121504 0.086999 0.091017 0.135343 0.209758 0.290191 0.339995 0.316157 0.182657 0.203647 0.237523 0.242577 0.229799 0.210967 0.195230 0.187801 0.190021 0.200247 0.215073 0.230602 0.243499 0.251723 0.254849 0.254014 0.251527 0.250241 0.252813 0.260988 0.275029 0.293421 0.312950 0.329181 0.337376 0.333745 0.316919 0.289381 0.263812 0.251272 0.258435 0.300929 0.389693 0.389834 0.457383 0.497183 0.511340 0.505910 0.500694 0.490443 0.465445 0.429049 0.389091 0.368832 0.350777 0.334340 0.319060 0.304786 0.291715 0.280313 0.271141 0.264635 0.260895 0.259528 0.259579 0.259608 0.257899 0.252822 0.243296 0.229303 0.212339 0.195663 0.184144 0.183465 0.198362 0.189410 0.081846 0.062962 0.100179 0.157663 0.207214 0.232701 0.230177 0.205389 0.170034 0.137771 0.120717 0.126880 0.158753 0.213116 0.281925 0.354043 0.417499 0.461899 0.480585 0.472208 0.441364 0.398104 0.356211 0.330319 0.332138 0.366292 0.426534 0.493415 0.534822 0.511170 0.387449 0.332652 0.333979 0.333266 0.330818 0.327320 0.323436 0.319621 0.316065 0.312734 0.309452 0.305992 0.302164 0.297877 0.293171 0.288212 0.283264 0.278639 0.274628 0.271441 0.269153 0.267668 0.266717 0.265894 0.264722 0.262758 0.259719 0.255615 0.250853 0.246294 0.243198 0.243005 0.246882 0.245493 0.238991 0.234953 0.233250 0.233306 0.234387 0.235777 0.236894 0.237344 0.236928 0.235628 0.233572 0.230988 0.228161 0.225382 0.222918 0.220978 0.219697 0.219126 0.219233 0.219912 0.221002 0.222303 0.223601 0.224693 0.225404 0.225607 0.225236 0.224294 0.222854 0.221065 0.219147
0.211080 0.213631 0.216145 0.218188 0.219530 0.220147 0.220176 0.219860 0.219483 0.219311 0.219545 0.220292 0.221551 0.223220 0.225113 0.226998 0.228629 0.229790 0.230336 0.230216 0.229494 0.228348 0.227052 0.225940 0.225353 0.225576 0.226766 0.228890 0.231685 0.234654 0.237129 0.238421 0.241895 0.238468 0.239691 0.243726 0.248689 0.253183 0.256484 0.258493 0.259570 0.260306 0.261315 0.263055 0.265727 0.269235 0.273223 0.277165 0.280491 0.282736 0.283662 0.283362 0.282297 0.281261 0.281272 0.283379 0.288401 0.296641 0.307604 0.319797 0.330694 0.336982 0.335228 0.323130 0.356728 0.365823 0.373815 0.378630 0.379710 0.377947 0.375212 0.373721 0.375399 0.381371 0.391636 0.404976 0.419084 0.430892 0.437038 0.434424 0.420775 0.395125 0.358169 0.312397 0.261979 0.212362 0.169594 0.139393 0.126053 0.131303 0.153290 0.185930 0.218918 0.238773 0.231359 0.186423 0.203871 0.232576 0.239011 0.231359 0.218649 0.208060 0.203821 0.207175 0.216988 0.230669 0.245147 0.257734 0.266742 0.271826 0.274014 0.275471 0.279048 0.287701 0.303872 0.328920 0.362720 0.403475 0.447828 0.491294 0.528988 0.556608 0.571548 0.567110 0.548911 0.537057 0.543522 0.579028 0.620238 0.567267 0.581559 0.634516 0.695545 0.723982 0.720751 0.700760 0.668018 0.624108 0.551355 0.483528 0.429367 0.393498 0.376076 0.373275 0.378454 0.383771 0.381954 0.367953 0.340180 0.301113 0.257070 0.217098 0.190988 0.186622 0.206985 0.247423 0.293893 0.323271 0.306990 0.219657 0.196139 0.141033 0.130248 0.148001 0.176452 0.201162 0.213495 0.210917 0.195975 0.174588 0.154127 0.141632 0.142404 0.159107 0.191419 0.236219 0.288216 0.340901 0.387675 0.422965 0.443189 0.447397 0.437480 0.417869 0.394702 0.374517 0.362628 0.361414 0.368896 0.378105 0.377873 0.355861 0.351015 0.341034 0.331870 0.324348 0.318773 0.315043 0.312780 0.311455 0.310499 0.309400 0.307763 0.305354 0.302106 0.298113 0.293591 0.288838 0.284180 0.279913 0.276259 0.273329 0.271103 0.269427 0.268045 0.266635 0.264878 0.262534 0.259519 0.255972 0.252293 0.249131 0.247282 0.247480 0.249019 0.247447 0.244611 0.241354 0.238371 0.236078 0.234596 0.233801 0.233418 0.233110 0.232572 0.231595 0.230105 0.228171 0.225987 0.223827 0.221994 0.220755 0.220285 0.220619 0.221635 0.223054 0.224476 0.225452 0.225573 0.224587 0.222506 0.219698 0.216925 0.215287 0.216027 0.220130
0.210288 0.211698 0.214342 0.217216 0.219529 0.220850 0.221124 0.220598 0.219702 0.218922 0.218684 0.219268 0.220762 0.223049 0.225837 0.228715 0.231230 0.232971 0.233652 0.233172 0.231654 0.229443 0.227066 0.225151 0.224304 0.224968 0.227273 0.230905 0.235050 0.238429 0.239520 0.237016 0.245648 0.237573 0.236844 0.241003 0.247263 0.253385 0.258029 0.260768 0.261890 0.262117 0.262302 0.263177 0.265177 0.268360 0.272417 0.276765 0.280698 0.283567 0.284953 0.284812 0.283546 0.281992 0.281314 0.282780 0.287464 0.295887 0.307658 0.321199 0.333660 0.341160 0.339530 0.325781 0.358224 0.448241 0.473280 0.452431 0.409752 0.366503 0.337299 0.329029 0.341587 0.369642 0.404848 0.438042 0.461122 0.468405 0.457374 0.428818 0.386414 0.335887 0.283903 0.236859 0.199774 0.175443 0.163998 0.162977 0.167956 0.173680 0.175589 0.171495 0.163032 0.156395 0.161688 0.190044 0.203577 0.224863 0.232257 0.230533 0.225239 0.220959 0.220537 0.224971 0.233725 0.245275 0.257715 0.269335 0.279064 0.286753 0.293269 0.300400 0.310600 0.326612 0.351006 0.385712 0.431576 0.488025 0.552881 0.622367 0.691344 0.753786 0.803487 0.818062 0.798633 0.775990 0.758079 0.754004 0.815841 0.665767 0.656431 0.736400 0.847320 0.900260 0.902207 0.888509 0.863008 0.820993 0.709611 0.604180 0.520541 0.467363 0.445333 0.447927 0.463464 0.478018 0.478647 0.456430 0.408760 0.340461 0.263394 0.194392 0.151590 0.149498 0.193452 0.274508 0.366199 0.425122 0.397769 0.236664 0.203509 0.198429 0.195082 0.193609 0.193414 0.193424 0.192463 0.189640 0.184646 0.177934 0.170743 0.164964 0.162890 0.166855 0.178842 0.200075 0.230684 0.269471 0.313838 0.359898 0.402810 0.437309 0.458445 0.462443 0.447636 0.415322 0.370408 0.321625 0.281066 0.262729 0.279716 0.339655 0.361875 0.345317 0.331235 0.320731 0.313887 0.310167 0.308729 0.308644 0.309051 0.309250 0.308748 0.307275 0.304764 0.301318 0.297165 0.292604 0.287958 0.283526 0.279545 0.276168 0.273443 0.271317 0.269647 0.268226 0.266810 0.265167 0.263115 0.260563 0.257551 0.254262 0.251030 0.248301 0.251419 0.252599 0.250518 0.246470 0.241784 0.237487 0.234175 0.232018 0.230865 0.230363 0.230101 0.229714 0.228970 0.227801 0.226306 0.224709 0.223300 0.222359 0.222078 0.222502 0.223495 0.224737 0.225771 0.226089 0.225250 0.223034 0.219587 0.215535 0.212031 0.210659 0.213134 0.220719
0.210228 0.211105 0.213698 0.216819 0.219473 0.221077 0.221490 0.220940 0.219893 0.218899 0.218459 0.218917 0.220401 0.222807 0.225824 0.229001 0.231831 0.233849 0.234726 0.234342 0.232827 0.230561 0.228130 0.226222 0.225495 0.226409 0.229049 0.232989 0.237223 0.240230 0.240251 0.235857 0.247666 0.237152 0.235196 0.239176 0.245954 0.252903 0.258357 0.261663 0.263002 0.263092 0.262860 0.263165 0.264584 0.267305 0.271120 0.275498 0.279733 0.283125 0.285169 0.285704 0.285017 0.283842 0.283274 0.284562 0.288819 0.296663 0.307849 0.320974 0.333356 0.341237 0.340471 0.327932 0.354113 0.480626 0.512551 0.479823 0.418416 0.358927 0.321275 0.313616 0.333944 0.373138 0.418506 0.457150 0.478661 0.476909 0.450793 0.404033 0.344114 0.280659 0.223485 0.180686 0.157027 0.152952 0.164398 0.183562 0.200616 0.206236 0.194623 0.166492 0.131289 0.107586 0.120378 0.193622 0.203905 0.216892 0.224657 0.228610 0.230733 0.232863 0.236301 0.241687 0.249049 0.257976 0.267852 0.278103 0.288433 0.298991 0.310479 0.324160 0.341781 0.365396 0.397113 0.438769 0.491568 0.555706 0.630033 0.711780 0.796427 0.877754 0.948145 0.976126 0.960194 0.937289 0.911795 0.890132 0.947922 0.741997 0.715430 0.805898 0.941156 1.000000 1.000000 1.000000 0.985048 0.950002 0.820353 0.695802 0.595811 0.531337 0.503737 0.505606 0.523203 0.539921 0.540203 0.513215 0.455670 0.373218 0.280021 0.196310 0.143977 0.140634 0.192905 0.290211 0.400811 0.472432 0.440464 0.247397 0.211090 0.241915 0.243488 0.227423 0.205675 0.187008 0.175856 0.172704 0.175286 0.180085 0.183754 0.184193 0.181167 0.176407 0.173230 0.175797 0.188120 0.213025 0.251218 0.300660 0.356372 0.410810 0.454834 0.479273 0.476951 0.444966 0.386861 0.314197 0.246882 0.211408 0.235989 0.341346 0.364043 0.346300 0.331352 0.320304 0.313187 0.309400 0.308038 0.308123 0.308758 0.309216 0.308989 0.307788 0.305528 0.302295 0.298299 0.293825 0.289191 0.284700 0.280609 0.277101 0.274271 0.272116 0.270543 0.269378 0.268388 0.267307 0.265870 0.263854 0.261111 0.257621 0.253534 0.249222 0.252378 0.253721 0.251792 0.247772 0.242928 0.238283 0.234480 0.231774 0.230111 0.229232 0.228797 0.228478 0.228041 0.227378 0.226514 0.225579 0.224761 0.224241 0.224140 0.224459 0.225062 0.225675 0.225925 0.225420 0.223851 0.221120 0.217463 0.213546 0.210480 0.209729 0.212816 0.220773
0.210860 0.211858 0.214233 0.216995 0.219325 0.220752 0.221168 0.220773 0.219960 0.219191 0.218885 0.219334 0.220647 0.222745 0.225378 0.228179 0.230736 0.232668 0.233707 0.233749 0.232895 0.231444 0.229858 0.228677 0.228411 0.229400 0.231677 0.234857 0.238088 0.240118 0.239532 0.235243 0.247933 0.237307 0.234925 0.238445 0.244931 0.251846 0.257506 0.261163 0.262869 0.263213 0.263035 0.263158 0.264193 0.266416 0.269745 0.273792 0.277976 0.281681 0.284414 0.285948 0.286423 0.286361 0.286611 0.288191 0.292049 0.298768 0.308255 0.319467 0.330299 0.337706 0.338240 0.329178 0.347070 0.465988 0.495039 0.464277 0.408652 0.357050 0.327419 0.326066 0.349557 0.387947 0.428420 0.458623 0.469272 0.455752 0.418655 0.363320 0.298554 0.234795 0.182039 0.147850 0.135796 0.144587 0.168119 0.196562 0.218444 0.223574 0.206411 0.169290 0.124662 0.095188 0.110258 0.197136 0.205447 0.210071 0.217517 0.226251 0.235003 0.243002 0.250011 0.256222 0.262109 0.268284 0.275380 0.283988 0.294649 0.307882 0.324250 0.344428 0.369254 0.399745 0.437045 0.482302 0.536456 0.599959 0.672420 0.752232 0.836225 0.919416 0.994973 1.000000 1.000000 1.000000 0.990749 0.973579 1.000000 0.789569 0.754050 0.838580 0.971536 1.000000 1.000000 1.000000 1.000000 1.000000 0.873590 0.749260 0.647072 0.578351 0.545144 0.540919 0.552837 0.565062 0.562534 0.534555 0.477558 0.396533 0.304709 0.221276 0.167216 0.159624 0.205261 0.294534 0.397605 0.464866 0.434639 0.251669 0.218243 0.266117 0.269493 0.245528 0.212362 0.183726 0.167002 0.163524 0.170159 0.181412 0.191509 0.196095 0.193310 0.184184 0.172351 0.163203 0.162660 0.175774 0.205395 0.251149 0.308927 0.371052 0.427220 0.466212 0.478272 0.457890 0.406601 0.335194 0.264544 0.224050 0.246418 0.357240 0.359459 0.344710 0.332053 0.322383 0.315809 0.311939 0.310106 0.309543 0.309509 0.309376 0.308676 0.307127 0.304627 0.301235 0.297137 0.292608 0.287963 0.283517 0.279542 0.276237 0.273702 0.271928 0.270794 0.270085 0.269511 0.268751 0.267493 0.265489 0.262608 0.258888 0.254581 0.250176 0.252027 0.251402 0.249091 0.245734 0.241995 0.238403 0.235299 0.232837 0.231016 0.229736 0.228849 0.228208 0.227697 0.227249 0.226844 0.226501 0.226252 0.226122 0.226098 0.226117 0.226060 0.225765 0.225047 0.223751 0.221802 0.219269 0.216422 0.213762 0.212013 0.212037 0.214656 0.220310
0.211979 0.213614 0.215647 0.217578 0.219054 0.219923 0.220214 0.220098 0.219821 0.219643 0.219784 0.220385 0.221485 0.223028 0.224870 0.226812 0.228641 0.230163 0.231245 0.231839 0.232000 0.231877 0.231693 0.231700 0.232125 0.233098 0.234590 0.236363 0.237956 0.238732 0.238016 0.235367 0.246897 0.238054 0.235924 0.238775 0.244309 0.250461 0.255789 0.259574 0.261735 0.262650 0.262941 0.263268 0.264170 0.265958 0.268680 0.272140 0.275969 0.279730 0.283031 0.285636 0.287540 0.289004 0.290525 0.292749 0.296319 0.301674 0.308837 0.317222 0.325526 0.331786 0.333707 0.329363 0.340385 0.419003 0.438299 0.419986 0.388042 0.361308 0.350461 0.357910 0.379479 0.406945 0.430755 0.442427 0.436332 0.410671 0.367657 0.312935 0.254425 0.200792 0.159792 0.136754 0.133462 0.147622 0.173091 0.200934 0.221259 0.225685 0.210103 0.177244 0.138357 0.113068 0.126247 0.200455 0.208273 0.204876 0.211294 0.223634 0.237856 0.250884 0.261029 0.267972 0.272480 0.276013 0.280311 0.287051 0.297597 0.312871 0.333341 0.359099 0.390002 0.425840 0.466484 0.511974 0.562524 0.618403 0.679706 0.746011 0.815965 0.886867 0.954344 0.989393 0.990904 0.993450 0.996807 1.000000 0.994585 0.806382 0.769898 0.835647 0.944504 0.990483 0.989830 0.990139 0.991169 0.978149 0.870602 0.762559 0.670371 0.604079 0.566306 0.552686 0.553573 0.556614 0.549741 0.524054 0.476097 0.409100 0.332848 0.262016 0.212984 0.199428 0.227265 0.289865 0.364873 0.414377 0.390700 0.250581 0.224266 0.271285 0.273725 0.248606 0.214120 0.184219 0.166590 0.162840 0.169974 0.182428 0.194130 0.200225 0.198227 0.188517 0.174184 0.160310 0.152849 0.157302 0.177407 0.214073 0.264743 0.323376 0.381126 0.427747 0.453648 0.452388 0.423255 0.373431 0.319040 0.284166 0.296723 0.379793 0.351764 0.342009 0.333149 0.325780 0.320154 0.316210 0.313655 0.312046 0.310880 0.309681 0.308057 0.305748 0.302646 0.298796 0.294377 0.289662 0.284981 0.280664 0.276990 0.274150 0.272210 0.271097 0.270605 0.270417 0.270151 0.269423 0.267922 0.265483 0.262159 0.258259 0.254341 0.251137 0.250790 0.247055 0.244039 0.241659 0.239710 0.237984 0.236332 0.234686 0.233054 0.231501 0.230116 0.228984 0.228168 0.227686 0.227502 0.227537 0.227667 0.227749 0.227637 0.227207 0.226377 0.225125 0.223499 0.221619 0.219668 0.217871 0.216467 0.215667 0.215614 0.216336 0.217714 0.219462
0.213296 0.215828 0.217456 0.218308 0.218642 0.218734 0.218810 0.219021 0.219440 0.220073 0.220879 0.221796 0.222757 0.223712 0.224631 0.225512 0.226378 0.227267 0.228223 0.229281 0.230457 0.231738 0.233078 0.234399 0.235599 0.236568 0.237211 0.237471 0.237359 0.236974 0.236519 0.236289 0.245246 0.239333 0.237895 0.239975 0.244151 0.249061 0.253674 0.257388 0.260014 0.261682 0.262727 0.263564 0.264586 0.266088 0.268220 0.270984 0.274256 0.277828 0.281465 0.284970 0.288231 0.291252 0.294166 0.297203 0.300634 0.304692 0.309466 0.314805 0.320246 0.325012 0.328111 0.328619 0.336912 0.359631 0.366375 0.365815 0.365727 0.370766 0.381925 0.397072 0.412069 0.422076 0.422777 0.411338 0.386985 0.351169 0.307336 0.260364 0.215764 0.178783 0.153505 0.142126 0.144490 0.157988 0.177900 0.198170 0.212584 0.216237 0.207098 0.187369 0.164282 0.149790 0.158544 0.203378 0.212049 0.201155 0.205915 0.220661 0.239117 0.256251 0.269066 0.276691 0.280028 0.281174 0.282777 0.287447 0.297293 0.313634 0.336886 0.366622 0.401766 0.440873 0.482456 0.525280 0.568589 0.612211 0.656509 0.702161 0.749788 0.799456 0.850143 0.881205 0.893396 0.914483 0.943007 0.975053 0.928261 0.793981 0.762731 0.802411 0.873715 0.898498 0.892556 0.893878 0.900671 0.898529 0.820852 0.739420 0.665611 0.607051 0.566722 0.543053 0.530836 0.522748 0.511179 0.490056 0.456347 0.410976 0.358923 0.308389 0.269028 0.249384 0.253872 0.279841 0.315489 0.339685 0.325046 0.245936 0.228549 0.261560 0.261308 0.240419 0.212508 0.188148 0.173297 0.169354 0.174189 0.183613 0.192897 0.198085 0.196912 0.189252 0.177097 0.164116 0.154895 0.153994 0.164971 0.189537 0.226977 0.273965 0.324862 0.372515 0.409539 0.429954 0.430967 0.414591 0.388640 0.366541 0.365213 0.400132 0.344876 0.339833 0.334520 0.329284 0.324522 0.320492 0.317239 0.314608 0.312311 0.310003 0.307364 0.304165 0.300310 0.295854 0.290990 0.286017 0.281288 0.277151 0.273883 0.271643 0.270432 0.270076 0.270246 0.270497 0.270347 0.269368 0.267296 0.264133 0.260221 0.256259 0.253215 0.252097 0.249217 0.242388 0.238620 0.237175 0.237034 0.237278 0.237266 0.236687 0.235515 0.233930 0.232217 0.230664 0.229495 0.228817 0.228605 0.228712 0.228908 0.228931 0.228544 0.227592 0.226045 0.224018 0.221762 0.219630 0.218004 0.217206 0.217391 0.218446 0.219929 0.221065 0.220867 0.218415
0.214509 0.217909 0.219134 0.218912 0.218095 0.217385 0.217214 0.217728 0.218845 0.220328 0.221885 0.223244 0.224219 0.224743 0.224872 0.224774 0.224684 0.224857 0.225510 0.226773 0.228653 0.231016 0.233595 0.236033 0.237946 0.239012 0.239070 0.238213 0.236852 0.235721 0.235771 0.237928 0.243690 0.241028 0.240450 0.241769 0.244473 0.247958 0.251663 0.255159 0.258181 0.260627 0.262541 0.264069 0.265422 0.266831 0.268508 0.270619 0.273260 0.276451 0.280133 0.284186 0.288441 0.292712 0.296822 0.300632 0.304069 0.307141 0.309947 0.312671 0.315554 0.318853 0.322765 0.327338 0.338293 0.307306 0.302802 0.319811 0.349750 0.383339 0.412452 0.431149 0.436065 0.426356 0.403334 0.369921 0.330027 0.287925 0.247684 0.212721 0.185472 0.167216 0.158050 0.156990 0.162199 0.171299 0.181736 0.191163 0.197801 0.200723 0.200040 0.196925 0.193455 0.192240 0.195799 0.205688 0.216191 0.198446 0.201087 0.217177 0.238709 0.259053 0.274074 0.282349 0.284777 0.283878 0.282978 0.285420 0.293931 0.310176 0.334558 0.366240 0.403360 0.443399 0.483646 0.521670 0.555759 0.585230 0.610580 0.633422 0.656194 0.681647 0.712154 0.736961 0.758760 0.796729 0.848530 0.907373 0.826891 0.756672 0.734305 0.746644 0.776374 0.778394 0.766781 0.767295 0.777009 0.783283 0.738556 0.687501 0.635896 0.588460 0.548246 0.516408 0.492313 0.473942 0.458474 0.442971 0.425030 0.403311 0.377848 0.350067 0.322489 0.298123 0.279615 0.268284 0.263254 0.260957 0.255404 0.239696 0.230694 0.243097 0.239603 0.226183 0.209402 0.194499 0.184570 0.180511 0.181427 0.185282 0.189617 0.192208 0.191563 0.187237 0.179923 0.171342 0.163959 0.160575 0.163851 0.175831 0.197530 0.228641 0.267422 0.310789 0.354633 0.394360 0.425595 0.444993 0.451021 0.444561 0.429108 0.410298 0.341808 0.339505 0.336148 0.332009 0.327614 0.323419 0.319663 0.316345 0.313277 0.310179 0.306764 0.302828 0.298302 0.293272 0.287972 0.282743 0.277975 0.274029 0.271176 0.269525 0.268993 0.269295 0.269973 0.270461 0.270195 0.268734 0.265903 0.261911 0.257429 0.253563 0.251685 0.253038 0.247836 0.238950 0.234639 0.233787 0.234883 0.236561 0.237853 0.238258 0.237692 0.236366 0.234649 0.232932 0.231526 0.230596 0.230137 0.229991 0.229897 0.229562 0.228733 0.227276 0.225217 0.222770 0.220309 0.218308 0.217232 0.217406 0.218868 0.221235 0.223640 0.224772 0.223100 0.217365
0.215365 0.219347 0.220224 0.219160 0.217443 0.216096 0.215713 0.216454 0.218131 0.220335 0.222583 0.224437 0.225602 0.225972 0.225640 0.224873 0.224043 0.223557 0.223766 0.224892 0.226967 0.229813 0.233052 0.236171 0.238616 0.239928 0.239888 0.238657 0.236864 0.235597 0.236242 0.240077 0.242798 0.242987 0.243199 0.243867 0.245250 0.247402 0.250195 0.253383 0.256669 0.259777 0.262507 0.264765 0.266580 0.268092 0.269524 0.271141 0.273198 0.275897 0.279337 0.283493 0.288199 0.293171 0.298037 0.302407 0.305949 0.308484 0.310076 0.311091 0.312224 0.314439 0.318789 0.326088 0.344543 0.276487 0.265224 0.295061 0.345141 0.396140 0.433776 0.450055 0.442973 0.415323 0.373046 0.323521 0.274035 0.230595 0.197195 0.175513 0.165047 0.163577 0.167856 0.174409 0.180294 0.183700 0.184281 0.183150 0.182485 0.184789 0.191888 0.203836 0.217997 0.228678 0.227796 0.207201 0.220023 0.196266 0.196563 0.213135 0.236701 0.259394 0.276152 0.285030 0.286822 0.284276 0.281152 0.281304 0.287899 0.302874 0.326645 0.358095 0.394803 0.433467 0.470462 0.502456 0.526994 0.542986 0.551011 0.553387 0.553958 0.557591 0.569384 0.587693 0.616571 0.666395 0.734072 0.810725 0.711008 0.700535 0.688056 0.677016 0.669643 0.651882 0.635333 0.633677 0.643442 0.654631 0.639442 0.616553 0.586671 0.551719 0.514512 0.478290 0.446174 0.420613 0.402916 0.392941 0.388996 0.388011 0.385982 0.378685 0.362605 0.335970 0.299743 0.258359 0.219916 0.195473 0.197012 0.233545 0.230591 0.222345 0.216161 0.211130 0.206492 0.201898 0.197395 0.193285 0.189917 0.187519 0.186081 0.185324 0.184758 0.183802 0.181967 0.179042 0.175278 0.171502 0.169161 0.170240 0.177060 0.191938 0.216727 0.252277 0.297861 0.350663 0.405437 0.454492 0.488190 0.496177 0.469643 0.404904 0.343895 0.341672 0.338087 0.333586 0.328817 0.324295 0.320271 0.316721 0.313424 0.310062 0.306333 0.302034 0.297121 0.291723 0.286126 0.280725 0.275945 0.272166 0.269640 0.268429 0.268369 0.269074 0.269979 0.270435 0.269828 0.267743 0.264114 0.259360 0.254449 0.250833 0.250196 0.253927 0.247031 0.237786 0.233322 0.232543 0.233928 0.236071 0.237947 0.238987 0.239034 0.238232 0.236893 0.235368 0.233950 0.232803 0.231948 0.231270 0.230569 0.229621 0.228249 0.226386 0.224120 0.221698 0.219506 0.217992 0.217560 0.218438 0.220532 0.223311 0.225754 0.226426 0.223734 0.216469
0.215706 0.219807 0.220431 0.218918 0.216742 0.215067 0.214573 0.215439 0.217443 0.220107 0.222858 0.225167 0.226664 0.227189 0.226815 0.225815 0.224601 0.223633 0.223334 0.223992 0.225701 0.228329 0.231522 0.234764 0.237483 0.239184 0.239606 0.238874 0.237594 0.236850 0.238036 0.242435 0.242885 0.245039 0.245811 0.246018 0.246425 0.247545 0.249571 0.252416 0.255799 0.259346 0.262699 0.265593 0.267906 0.269677 0.271092 0.272440 0.274052 0.276236 0.279206 0.283029 0.287596 0.292621 0.297679 0.302277 0.305958 0.308427 0.309684 0.310127 0.310608 0.312389 0.316932 0.325480 0.354003 0.274003 0.262162 0.297269 0.352949 0.405935 0.440136 0.447766 0.428544 0.387814 0.334211 0.277360 0.225929 0.186243 0.161540 0.151869 0.154545 0.165028 0.178051 0.188804 0.193969 0.192440 0.185573 0.176875 0.171121 0.172956 0.185170 0.206943 0.232515 0.250885 0.247341 0.207801 0.222917 0.194296 0.192309 0.208690 0.233329 0.257506 0.275474 0.284855 0.286272 0.282520 0.277559 0.275505 0.279776 0.292469 0.314028 0.343203 0.377284 0.412553 0.444900 0.470511 0.486546 0.491716 0.486682 0.474198 0.458939 0.447000 0.445049 0.458097 0.490580 0.545207 0.618131 0.699334 0.598307 0.632460 0.628654 0.601795 0.567902 0.536563 0.516650 0.512068 0.519444 0.531757 0.538071 0.536737 0.524766 0.501848 0.470285 0.434412 0.399644 0.371316 0.353514 0.348090 0.354042 0.367403 0.381735 0.389256 0.382534 0.356577 0.311028 0.252032 0.193166 0.154675 0.160028 0.228608 0.228434 0.204700 0.197144 0.199411 0.204936 0.208919 0.208957 0.204839 0.197894 0.190166 0.183650 0.179715 0.178787 0.180308 0.182951 0.185029 0.185010 0.182047 0.176416 0.169769 0.165124 0.166526 0.178385 0.204493 0.246827 0.304265 0.371470 0.438230 0.489670 0.507865 0.475457 0.382065 0.350494 0.346123 0.340385 0.334171 0.328280 0.323200 0.319054 0.315660 0.312645 0.309574 0.306067 0.301890 0.297005 0.291572 0.285924 0.280498 0.275755 0.272085 0.269727 0.268705 0.268801 0.269560 0.270361 0.270510 0.269396 0.266650 0.262320 0.256997 0.251864 0.248600 0.249072 0.254707 0.246978 0.239264 0.235108 0.233850 0.234467 0.235955 0.237531 0.238699 0.239237 0.239132 0.238504 0.237523 0.236348 0.235087 0.233777 0.232396 0.230882 0.229173 0.227247 0.225147 0.223009 0.221051 0.219550 0.218784 0.218960 0.220120 0.222052 0.224226 0.225780 0.225597 0.222532 0.215830
0.215487 0.219178 0.219662 0.218168 0.216065 0.214455 0.213998 0.214892 0.216953 0.219743 0.222715 0.225344 0.227229 0.228160 0.228137 0.227357 0.226162 0.224970 0.224194 0.224158 0.225040 0.226827 0.229314 0.232138 0.234851 0.237027 0.238386 0.238922 0.238987 0.239312 0.240888 0.244660 0.243975 0.247016 0.248058 0.248035 0.247914 0.248417 0.249914 0.252430 0.255733 0.259439 0.263133 0.266464 0.269213 0.271327 0.272918 0.274231 0.275587 0.277318 0.279689 0.282844 0.286761 0.291241 0.295933 0.300391 0.304174 0.306962 0.308691 0.309668 0.310637 0.312763 0.317461 0.326018 0.363662 0.298311 0.292065 0.324164 0.370215 0.409622 0.429038 0.423078 0.393269 0.346054 0.290453 0.235835 0.190105 0.158484 0.142944 0.142281 0.152722 0.168932 0.185217 0.196738 0.200534 0.196167 0.185861 0.174050 0.166318 0.167839 0.181501 0.206055 0.234772 0.255255 0.251245 0.207467 0.224397 0.192481 0.188553 0.204209 0.228974 0.253703 0.272259 0.281961 0.283232 0.278758 0.272467 0.268490 0.270284 0.279987 0.298075 0.323308 0.352966 0.383310 0.410205 0.429824 0.439336 0.437505 0.425087 0.404978 0.382045 0.362610 0.353586 0.363323 0.395602 0.447531 0.514515 0.586404 0.501358 0.559290 0.561478 0.527899 0.481039 0.443825 0.422567 0.414952 0.418274 0.428345 0.445935 0.457265 0.457439 0.444749 0.420786 0.389885 0.358062 0.331647 0.315850 0.313495 0.324163 0.343912 0.365732 0.380755 0.380176 0.357700 0.312165 0.249844 0.185722 0.142801 0.148306 0.225330 0.224685 0.193643 0.186342 0.193436 0.205183 0.214332 0.217112 0.213018 0.203911 0.192862 0.183033 0.176798 0.175202 0.177811 0.182929 0.188089 0.190742 0.188992 0.182256 0.171710 0.160409 0.153013 0.155055 0.171798 0.206767 0.260114 0.327116 0.397173 0.453815 0.476368 0.444065 0.343576 0.359134 0.351771 0.342974 0.334300 0.326784 0.320896 0.316606 0.313534 0.311109 0.308731 0.305904 0.302321 0.297912 0.292836 0.287440 0.282179 0.277530 0.273893 0.271504 0.270375 0.270271 0.270724 0.271105 0.270736 0.269038 0.265707 0.260876 0.255240 0.250092 0.247203 0.248481 0.255306 0.247630 0.243045 0.239617 0.237442 0.236400 0.236251 0.236706 0.237471 0.238279 0.238906 0.239181 0.238988 0.238270 0.237025 0.235298 0.233185 0.230816 0.228350 0.225964 0.223837 0.222130 0.220975 0.220446 0.220544 0.221179 0.222157 0.223180 0.223864 0.223772 0.222488 0.219721 0.215477
0.214773 0.217584 0.218041 0.217010 0.215497 0.214346 0.214097 0.214952 0.216820 0.219397 0.222267 0.224996 0.227214 0.228671 0.229270 0.229068 0.228257 0.227126 0.226008 0.225224 0.225032 0.225587 0.226914 0.228911 0.231366 0.234007 0.236561 0.238831 0.240756 0.242460 0.244229 0.246418 0.245824 0.248765 0.249822 0.249809 0.249614 0.249936 0.251168 0.253397 0.256462 0.260044 0.263763 0.267269 0.270308 0.272758 0.274643 0.276114 0.277411 0.278814 0.280580 0.282898 0.285841 0.289352 0.293244 0.297240 0.301031 0.304365 0.307140 0.309501 0.311905 0.315120 0.320141 0.327943 0.369735 0.340504 0.344472 0.366574 0.390792 0.404704 0.401367 0.379401 0.341955 0.295116 0.246175 0.202059 0.168115 0.147361 0.140236 0.144807 0.157350 0.173202 0.187712 0.197171 0.199548 0.194919 0.185486 0.175136 0.168540 0.169883 0.181380 0.201843 0.225687 0.242868 0.240403 0.206268 0.224201 0.191014 0.185744 0.200217 0.224115 0.248354 0.266754 0.276504 0.277822 0.273149 0.266158 0.260752 0.260221 0.266624 0.280460 0.300631 0.324667 0.349171 0.370405 0.384951 0.390345 0.385608 0.371582 0.351022 0.328383 0.309290 0.299702 0.308023 0.336562 0.379336 0.431154 0.482679 0.426630 0.487123 0.492051 0.460337 0.413806 0.378167 0.357616 0.347450 0.346028 0.351497 0.370408 0.385428 0.391524 0.386473 0.371068 0.348694 0.324432 0.303855 0.291731 0.290862 0.301251 0.319787 0.340571 0.355924 0.358042 0.341139 0.303786 0.251002 0.195463 0.157024 0.159511 0.223504 0.219985 0.190388 0.184813 0.193667 0.206969 0.217269 0.220669 0.216621 0.207037 0.195121 0.184233 0.176974 0.174608 0.176878 0.182172 0.187998 0.191643 0.190914 0.184808 0.174003 0.161035 0.150096 0.146400 0.155138 0.180099 0.222116 0.277602 0.337524 0.387316 0.408310 0.381483 0.294398 0.366070 0.356807 0.345553 0.334631 0.325444 0.318571 0.313947 0.311070 0.309225 0.307666 0.305768 0.303118 0.299565 0.295213 0.290367 0.285465 0.280973 0.277294 0.274676 0.273156 0.272530 0.272375 0.272110 0.271115 0.268869 0.265121 0.260046 0.254363 0.249359 0.246770 0.248436 0.255648 0.248742 0.248209 0.245788 0.242483 0.239280 0.236892 0.235667 0.235596 0.236400 0.237634 0.238804 0.239469 0.239316 0.238207 0.236187 0.233469 0.230385 0.227328 0.224677 0.222737 0.221677 0.221498 0.222026 0.222934 0.223800 0.224194 0.223779 0.222419 0.220276 0.217843 0.215909 0.215377
0.213727 0.215345 0.215872 0.215642 0.215120 0.214751 0.214870 0.215662 0.217154 0.219236 0.221695 0.224256 0.226634 0.228571 0.229872 0.230434 0.230259 0.229452 0.228217 0.226828 0.225602 0.224859 0.224879 0.225860 0.227877 0.230859 0.234568 0.238608 0.242459 0.245540 0.247314 0.247441 0.247996 0.250162 0.251086 0.251301 0.251412 0.251917 0.253118 0.255115 0.257824 0.261039 0.264488 0.267893 0.271020 0.273714 0.275915 0.277659 0.279062 0.280301 0.281577 0.283083 0.284975 0.287345 0.290217 0.293544 0.297226 0.301146 0.305212 0.309402 0.313808 0.318654 0.324287 0.331098 0.368431 0.386722 0.402863 0.410817 0.406787 0.389686 0.360917 0.323757 0.282553 0.241898 0.205903 0.177654 0.158878 0.149845 0.149482 0.155664 0.165631 0.176474 0.185615 0.191226 0.192525 0.189890 0.184776 0.179413 0.176305 0.177573 0.184246 0.195597 0.208736 0.218667 0.219094 0.204354 0.222302 0.190252 0.184417 0.197276 0.219250 0.241853 0.259252 0.268697 0.270218 0.265889 0.258925 0.252776 0.250375 0.253589 0.262935 0.277564 0.295466 0.313869 0.329759 0.340436 0.344042 0.339967 0.329085 0.313745 0.297512 0.284635 0.279287 0.287403 0.309455 0.338832 0.370116 0.395580 0.374713 0.420812 0.425495 0.402028 0.366143 0.337803 0.319678 0.307901 0.302047 0.301912 0.314525 0.326055 0.332712 0.332509 0.325471 0.313426 0.299452 0.287107 0.279571 0.278855 0.285214 0.296887 0.310248 0.320418 0.322299 0.311955 0.288143 0.253707 0.216441 0.188882 0.186353 0.222429 0.215045 0.194005 0.191091 0.198809 0.209457 0.217322 0.219448 0.215474 0.206948 0.196438 0.186643 0.179693 0.176687 0.177532 0.181061 0.185370 0.188318 0.188088 0.183702 0.175413 0.164868 0.154990 0.149546 0.152396 0.166501 0.192782 0.229046 0.269209 0.303205 0.318002 0.300304 0.241601 0.367095 0.358991 0.347492 0.335634 0.325326 0.317482 0.312232 0.309162 0.307560 0.306619 0.305613 0.304010 0.301530 0.298157 0.294097 0.289715 0.285437 0.281660 0.278663 0.276540 0.275169 0.274220 0.273212 0.271609 0.268954 0.265022 0.259976 0.254471 0.249693 0.247245 0.248837 0.255670 0.249937 0.253477 0.252141 0.247779 0.242431 0.237732 0.234660 0.233515 0.234038 0.235607 0.237448 0.238830 0.239209 0.238317 0.236188 0.233129 0.229638 0.226297 0.223651 0.222090 0.221765 0.222538 0.223989 0.225491 0.226328 0.225883 0.223828 0.220329 0.216168 0.212759 0.211940 0.215452
0.212567 0.212920 0.213586 0.214326 0.215002 0.215601 0.216205 0.216954 0.217987 0.219397 0.221200 0.223322 0.225598 0.227803 0.229679 0.230984 0.231534 0.231247 0.230172 0.228504 0.226574 0.224818 0.223725 0.223756 0.225255 0.228348 0.232858 0.238247 0.243606 0.247743 0.249388 0.247569 0.249975 0.251117 0.251905 0.252519 0.253186 0.254111 0.255443 0.257254 0.259539 0.262220 0.265169 0.268226 0.271223 0.274005 0.276451 0.278491 0.280111 0.281364 0.282359 0.283262 0.284274 0.285613 0.287495 0.290106 0.293577 0.297963 0.303225 0.309222 0.315716 0.322388 0.328879 0.334854 0.356762 0.421463 0.448596 0.441916 0.410370 0.364370 0.313483 0.265199 0.224475 0.193803 0.173600 0.162770 0.159299 0.160814 0.165033 0.170082 0.174670 0.178131 0.180342 0.181577 0.182308 0.183006 0.183983 0.185298 0.186758 0.188012 0.188742 0.188899 0.188940 0.189977 0.193699 0.201926 0.218883 0.190565 0.185018 0.195844 0.214815 0.234602 0.250111 0.258855 0.260700 0.257247 0.251075 0.244995 0.241424 0.241946 0.247094 0.256338 0.268270 0.280927 0.292199 0.300257 0.303928 0.302967 0.298163 0.291247 0.284597 0.280750 0.281772 0.289856 0.303822 0.318433 0.328642 0.328902 0.341520 0.363686 0.366046 0.353951 0.334259 0.316268 0.301695 0.289517 0.280419 0.275117 0.277473 0.281380 0.285044 0.287188 0.287221 0.285244 0.281924 0.278266 0.275326 0.273929 0.274424 0.276541 0.279368 0.281483 0.281241 0.277181 0.268526 0.255667 0.240528 0.226627 0.218635 0.221155 0.210515 0.201937 0.201851 0.206326 0.211487 0.214553 0.214170 0.210310 0.203907 0.196396 0.189271 0.183722 0.180400 0.179333 0.179973 0.181370 0.182409 0.182092 0.179803 0.175504 0.169835 0.164071 0.159929 0.159230 0.163432 0.173099 0.187401 0.203759 0.217821 0.223976 0.216687 0.192962 0.358493 0.356022 0.347783 0.337287 0.327040 0.318548 0.312436 0.308659 0.306723 0.305909 0.305464 0.304748 0.303327 0.301010 0.297849 0.294082 0.290063 0.286174 0.282729 0.279909 0.277710 0.275934 0.274227 0.272150 0.269299 0.265443 0.260671 0.255508 0.250962 0.248449 0.249524 0.255341 0.250797 0.257507 0.257118 0.252056 0.245108 0.238581 0.233933 0.231716 0.231727 0.233255 0.235360 0.237127 0.237862 0.237207 0.235180 0.232134 0.228660 0.225440 0.223099 0.222056 0.222417 0.223923 0.225973 0.227727 0.228288 0.226938 0.223415 0.218154 0.212451 0.208428 0.208702 0.215601
0.211529 0.210814 0.211662 0.213344 0.215189 0.216759 0.217891 0.218649 0.219245 0.219940 0.220956 0.222411 0.224287 0.226430 0.228574 0.230399 0.231593 0.231921 0.231291 0.229793 0.227715 0.225525 0.223814 0.223200 0.224204 0.227108 0.231814 0.237739 0.243779 0.248389 0.249852 0.246790 0.251283 0.251584 0.252370 0.253493 0.254811 0.256243 0.257771 0.259427 0.261266 0.263334 0.265649 0.268180 0.270850 0.273537 0.276094 0.278375 0.280261 0.281687 0.282666 0.283305 0.283810 0.284467 0.285627 0.287654 0.290873 0.295504 0.301593 0.308956 0.317128 0.325370 0.332711 0.338087 0.333278 0.431195 0.465240 0.447089 0.395629 0.329989 0.265674 0.212940 0.176694 0.157328 0.152045 0.156306 0.165165 0.174322 0.180808 0.183275 0.181932 0.178180 0.174056 0.171600 0.172251 0.176411 0.183247 0.190807 0.196476 0.197735 0.193127 0.183267 0.171615 0.164672 0.171103 0.199205 0.214294 0.192168 0.187719 0.196125 0.211101 0.226986 0.239782 0.247443 0.249695 0.247586 0.242929 0.237751 0.233849 0.232466 0.234142 0.238708 0.245421 0.253184 0.260820 0.267351 0.272215 0.275400 0.277453 0.279339 0.282167 0.286800 0.293406 0.300565 0.306147 0.307559 0.300872 0.283011 0.320151 0.317460 0.316676 0.315549 0.312235 0.304660 0.294051 0.282744 0.272193 0.263404 0.255609 0.251268 0.250618 0.253243 0.258170 0.264056 0.269437 0.272990 0.273786 0.271474 0.266381 0.259485 0.252266 0.246418 0.243452 0.244239 0.248546 0.254683 0.259376 0.258050 0.245721 0.218755 0.206864 0.210759 0.212875 0.213159 0.211881 0.209431 0.206198 0.202516 0.198643 0.194767 0.191024 0.187517 0.184329 0.181537 0.179201 0.177368 0.176049 0.175206 0.174741 0.174485 0.174199 0.173595 0.172361 0.170217 0.166976 0.162624 0.157414 0.151948 0.147263 0.144875 0.146792 0.155449 0.337961 0.345958 0.345062 0.338847 0.330398 0.321995 0.315038 0.310126 0.307226 0.305884 0.305434 0.305180 0.304541 0.303137 0.300823 0.297677 0.293949 0.289985 0.286134 0.282670 0.279720 0.277235 0.274993 0.272653 0.269847 0.266305 0.262002 0.257280 0.252928 0.250148 0.250347 0.254681 0.250959 0.259201 0.259438 0.254248 0.246668 0.239258 0.233682 0.230633 0.229988 0.231065 0.232919 0.234609 0.235413 0.234950 0.233221 0.230568 0.227571 0.224897 0.223142 0.222681 0.223555 0.225430 0.227625 0.229232 0.229320 0.227197 0.222697 0.216449 0.210021 0.205869 0.206933 0.215731
0.210825 0.209493 0.210540 0.212943 0.215688 0.218043 0.219643 0.220469 0.220744 0.220820 0.221054 0.221716 0.222925 0.224632 0.226632 0.228612 0.230221 0.231147 0.231194 0.230343 0.228782 0.226906 0.225264 0.224476 0.225105 0.227504 0.231665 0.237092 0.242742 0.247097 0.248411 0.245246 0.251604 0.251560 0.252570 0.254244 0.256172 0.258056 0.259751 0.261255 0.262667 0.264129 0.265777 0.267699 0.269909 0.272340 0.274856 0.277278 0.279423 0.281143 0.282367 0.283134 0.283609 0.284087 0.284964 0.286693 0.289714 0.294363 0.300771 0.308766 0.317789 0.326853 0.334566 0.339256 0.298595 0.407668 0.442550 0.418894 0.360155 0.289170 0.223654 0.174497 0.145926 0.136789 0.142364 0.156270 0.172145 0.184922 0.191581 0.191384 0.185631 0.177055 0.168988 0.164452 0.165358 0.171946 0.182595 0.194091 0.202355 0.203597 0.195734 0.179821 0.161121 0.149298 0.157057 0.196394 0.208976 0.194980 0.192265 0.197965 0.208196 0.219361 0.228820 0.235097 0.237803 0.237384 0.234812 0.231266 0.227869 0.225506 0.224722 0.225711 0.228372 0.232416 0.237489 0.243292 0.249667 0.256625 0.264298 0.272825 0.282161 0.291857 0.300838 0.305423 0.303568 0.295748 0.279913 0.255455 0.303048 0.282340 0.278864 0.285285 0.293806 0.294101 0.287189 0.277876 0.267905 0.258110 0.243789 0.233710 0.229542 0.231568 0.238716 0.248835 0.259176 0.266961 0.269977 0.267069 0.258470 0.245869 0.232189 0.221056 0.215984 0.219363 0.231397 0.249204 0.266361 0.273300 0.259000 0.214598 0.204286 0.217068 0.220129 0.216508 0.209745 0.202724 0.197200 0.193785 0.192188 0.191587 0.191008 0.189643 0.187063 0.183316 0.178889 0.174577 0.171273 0.169734 0.170344 0.172948 0.176760 0.180413 0.182140 0.180098 0.172822 0.159751 0.141757 0.121569 0.103946 0.095407 0.103287 0.133828 0.305334 0.327615 0.337727 0.338768 0.334201 0.327100 0.319772 0.313646 0.309344 0.306848 0.305716 0.305299 0.304929 0.304062 0.302366 0.299743 0.296320 0.292381 0.288287 0.284380 0.280905 0.277946 0.275408 0.273035 0.270483 0.267432 0.263721 0.259495 0.255306 0.252128 0.251225 0.253765 0.250202 0.257970 0.258405 0.253756 0.246726 0.239631 0.234008 0.230549 0.229221 0.229488 0.230575 0.231695 0.232235 0.231865 0.230575 0.228639 0.226520 0.224750 0.223786 0.223885 0.225017 0.226828 0.228677 0.229755 0.229262 0.226649 0.221874 0.215628 0.209458 0.205693 0.207049 0.215783
0.210597 0.209290 0.210538 0.213293 0.216472 0.219245 0.221148 0.222078 0.222207 0.221877 0.221480 0.221360 0.221743 0.222699 0.224142 0.225859 0.227562 0.228955 0.229805 0.229995 0.229571 0.228751 0.227898 0.227466 0.227903 0.229535 0.232441 0.236337 0.240521 0.243903 0.245178 0.243226 0.250868 0.251084 0.252559 0.254768 0.257166 0.259349 0.261113 0.262443 0.263467 0.264392 0.265435 0.266767 0.268480 0.270567 0.272928 0.275393 0.277760 0.279843 0.281515 0.282752 0.283659 0.284479 0.285577 0.287395 0.290387 0.294918 0.301156 0.308952 0.317730 0.326408 0.333374 0.336558 0.255612 0.350320 0.379387 0.357478 0.306064 0.245704 0.192001 0.154152 0.135213 0.133392 0.143793 0.160220 0.176741 0.188843 0.194082 0.192234 0.185001 0.175373 0.166786 0.162240 0.163524 0.170701 0.181959 0.193920 0.202402 0.203581 0.195411 0.179033 0.159814 0.147495 0.154795 0.193641 0.203386 0.198525 0.197893 0.200789 0.205955 0.212041 0.217881 0.222626 0.225787 0.227216 0.227044 0.225615 0.223404 0.220955 0.218819 0.217515 0.217492 0.219111 0.222619 0.228136 0.235631 0.244891 0.255502 0.266805 0.277884 0.287554 0.294400 0.294567 0.287210 0.275503 0.259863 0.241851 0.284060 0.257282 0.252525 0.261247 0.274043 0.277991 0.273997 0.267479 0.259946 0.251820 0.236771 0.225502 0.220112 0.221208 0.227889 0.238020 0.248725 0.257014 0.260431 0.257615 0.248682 0.235337 0.220657 0.208542 0.202842 0.206266 0.219215 0.238772 0.258180 0.267202 0.253915 0.208556 0.202656 0.218310 0.220756 0.214538 0.204726 0.195352 0.188787 0.185746 0.185656 0.187185 0.188786 0.189163 0.187576 0.183985 0.179007 0.173740 0.169476 0.167362 0.168078 0.171582 0.176977 0.182555 0.186019 0.184920 0.177240 0.162102 0.140472 0.115719 0.093834 0.083045 0.092500 0.129641 0.262989 0.300886 0.324147 0.334791 0.336242 0.332114 0.325509 0.318685 0.312992 0.308972 0.306549 0.305260 0.304475 0.303580 0.302108 0.299816 0.296696 0.292939 0.288867 0.284844 0.281179 0.278049 0.275459 0.273230 0.271051 0.268565 0.265501 0.261816 0.257825 0.254255 0.252178 0.252730 0.248515 0.253916 0.254123 0.250624 0.245264 0.239653 0.234895 0.231531 0.229613 0.228851 0.228782 0.228924 0.228896 0.228490 0.227694 0.226666 0.225673 0.225012 0.224914 0.225469 0.226574 0.227914 0.229004 0.229272 0.228192 0.225454 0.221139 0.215868 0.210876 0.207928 0.209023 0.215749
0.210894 0.210342 0.211786 0.214445 0.217468 0.220167 0.222106 0.223125 0.223294 0.222846 0.222097 0.221372 0.220942 0.220989 0.221578 0.222669 0.224131 0.225777 0.227403 0.228834 0.229954 0.230735 0.231242 0.231623 0.232076 0.232803 0.233950 0.235541 0.237436 0.239310 0.240697 0.241126 0.249293 0.250242 0.252343 0.255024 0.257717 0.260012 0.261713 0.262824 0.263504 0.263996 0.264560 0.265418 0.266711 0.268480 0.270665 0.273127 0.275682 0.278140 0.280355 0.282264 0.283915 0.285478 0.287236 0.289547 0.292779 0.297223 0.302981 0.309855 0.317223 0.323953 0.328349 0.328186 0.209340 0.267280 0.284970 0.271453 0.240208 0.204122 0.172873 0.152006 0.143140 0.144830 0.153720 0.165718 0.177012 0.184801 0.187695 0.185781 0.180399 0.173691 0.168032 0.165433 0.167027 0.172740 0.181216 0.190045 0.196304 0.197359 0.191842 0.180602 0.167403 0.158999 0.164152 0.191027 0.197923 0.201929 0.203366 0.203639 0.204016 0.205289 0.207688 0.210958 0.214528 0.217716 0.219912 0.220727 0.220084 0.218242 0.215760 0.213406 0.212032 0.212426 0.215166 0.220495 0.228236 0.237766 0.248059 0.257798 0.265565 0.270081 0.270483 0.264903 0.254559 0.244364 0.237419 0.236913 0.260041 0.240349 0.236144 0.241706 0.250617 0.253653 0.251556 0.248188 0.244388 0.240133 0.230436 0.222977 0.219199 0.219582 0.223606 0.229931 0.236703 0.241968 0.244094 0.242149 0.236152 0.227161 0.217139 0.208603 0.204062 0.205307 0.212648 0.224251 0.235788 0.240670 0.231203 0.201099 0.201532 0.213424 0.213823 0.206889 0.197165 0.188232 0.182187 0.179640 0.180046 0.182163 0.184537 0.185912 0.185513 0.183182 0.179357 0.174935 0.171029 0.168687 0.168604 0.170899 0.174986 0.179581 0.182877 0.182874 0.177861 0.166985 0.150836 0.131921 0.114854 0.106067 0.112750 0.140721 0.215796 0.266946 0.302976 0.324260 0.333540 0.334395 0.330288 0.324043 0.317636 0.312197 0.308137 0.305348 0.303414 0.301812 0.300062 0.297835 0.294999 0.291620 0.287912 0.284173 0.280695 0.277688 0.275221 0.273197 0.271370 0.269406 0.266982 0.263912 0.260273 0.256491 0.253336 0.251760 0.246123 0.247883 0.247552 0.245596 0.242669 0.239381 0.236197 0.233395 0.231095 0.229293 0.227918 0.226878 0.226094 0.225525 0.225168 0.225046 0.225193 0.225622 0.226303 0.227139 0.227966 0.228557 0.228651 0.228000 0.226432 0.223919 0.220644 0.217053 0.213857 0.211973 0.212355 0.215681
0.211660 0.212544 0.214184 0.216306 0.218571 0.220652 0.222287 0.223311 0.223668 0.223408 0.222676 0.221679 0.220663 0.219875 0.219534 0.219800 0.220754 0.222386 0.224593 0.227183 0.229903 0.232466 0.234589 0.236042 0.236695 0.236556 0.235805 0.234804 0.234075 0.234238 0.235887 0.239393 0.247366 0.249160 0.251888 0.254945 0.257783 0.260035 0.261555 0.262397 0.262760 0.262921 0.263167 0.263741 0.264803 0.266414 0.268533 0.271045 0.273783 0.276579 0.279296 0.281868 0.284321 0.286778 0.289446 0.292567 0.296362 0.300938 0.306189 0.311696 0.316627 0.319679 0.319078 0.312659 0.166279 0.174605 0.178035 0.177048 0.173422 0.169109 0.165629 0.163835 0.163913 0.165531 0.168048 0.170733 0.172951 0.174292 0.174635 0.174144 0.173207 0.172330 0.172018 0.172647 0.174364 0.177034 0.180236 0.183336 0.185621 0.186492 0.185685 0.183482 0.180856 0.179465 0.181397 0.188547 0.192877 0.204016 0.207115 0.205294 0.201858 0.199304 0.198965 0.201049 0.204928 0.209514 0.213645 0.216401 0.217308 0.216431 0.214328 0.211921 0.210278 0.210373 0.212845 0.217815 0.224778 0.232622 0.239774 0.244484 0.245218 0.241136 0.232559 0.221102 0.210370 0.205763 0.212768 0.235479 0.231688 0.229142 0.227078 0.225520 0.224410 0.223051 0.221893 0.221534 0.221896 0.222635 0.222643 0.222709 0.222815 0.222941 0.223058 0.223133 0.223126 0.222993 0.222692 0.222184 0.221435 0.220418 0.219113 0.217506 0.215582 0.213329 0.210732 0.207778 0.204471 0.200849 0.197029 0.193268 0.200243 0.203156 0.200643 0.194868 0.188101 0.182130 0.178012 0.176074 0.176057 0.177324 0.179086 0.180602 0.181323 0.180985 0.179618 0.177514 0.175133 0.172993 0.171540 0.171043 0.171508 0.172656 0.173945 0.174677 0.174149 0.171860 0.167735 0.162320 0.156898 0.153435 0.154270 0.161415 0.170557 0.228276 0.273536 0.304645 0.322844 0.330788 0.331537 0.327932 0.322262 0.316146 0.310548 0.305887 0.302183 0.299213 0.296653 0.294193 0.291612 0.288813 0.285823 0.282768 0.279821 0.277147 0.274849 0.272929 0.271276 0.269670 0.267836 0.265507 0.262519 0.258893 0.254901 0.251065 0.243467 0.241354 0.240389 0.240021 0.239689 0.238975 0.237662 0.235734 0.233340 0.230737 0.228225 0.226086 0.224543 0.223720 0.223634 0.224194 0.225216 0.226460 0.227657 0.228554 0.228947 0.228714 0.227829 0.226370 0.224501 0.222453 0.220472 0.218777 0.217504 0.216667 0.216140 0.215686
0.212740 0.215549 0.217394 0.218643 0.219648 0.220616 0.221584 0.222454 0.223064 0.223255 0.222936 0.222124 0.220956 0.219679 0.218612 0.218092 0.218414 0.219771 0.222199 0.225553 0.229500 0.233548 0.237113 0.239611 0.240580 0.239815 0.237489 0.234242 0.231202 0.229877 0.231884 0.238435 0.245757 0.248005 0.251142 0.254462 0.257371 0.259513 0.260789 0.261318 0.261368 0.261272 0.261355 0.261875 0.262985 0.264725 0.267028 0.269756 0.272732 0.275795 0.278835 0.281824 0.284831 0.288004 0.291536 0.295596 0.300240 0.305307 0.310315 0.314375 0.316147 0.313875 0.305545 0.289208 0.133390 0.093598 0.083690 0.095411 0.118754 0.144778 0.167011 0.181861 0.188371 0.187602 0.181861 0.173931 0.166413 0.161255 0.159488 0.161176 0.165550 0.171284 0.176846 0.180880 0.182530 0.181660 0.178927 0.175657 0.173547 0.174187 0.178486 0.186090 0.194950 0.201239 0.199900 0.186129 0.188395 0.203526 0.207524 0.204503 0.198916 0.194215 0.192337 0.193743 0.197772 0.203132 0.208381 0.212340 0.214351 0.214384 0.212992 0.211127 0.209885 0.210202 0.212579 0.216875 0.222228 0.227124 0.229652 0.227918 0.220602 0.207579 0.190504 0.174713 0.165776 0.168387 0.189524 0.233391 0.203386 0.221235 0.222040 0.212321 0.199298 0.192358 0.191529 0.193566 0.197504 0.202879 0.213530 0.222070 0.226788 0.227024 0.223210 0.216698 0.209411 0.203411 0.200427 0.201444 0.206420 0.214183 0.222566 0.228783 0.230035 0.224289 0.211112 0.192423 0.172908 0.159835 0.161874 0.186492 0.198022 0.189972 0.184591 0.181257 0.179131 0.177552 0.176167 0.174927 0.173978 0.173539 0.173775 0.174713 0.176203 0.177919 0.179420 0.180231 0.179952 0.178360 0.175496 0.171711 0.167666 0.164266 0.162525 0.163378 0.167441 0.174751 0.184538 0.195061 0.203609 0.206748 0.200922 0.183564 0.134915 0.188502 0.236258 0.274260 0.301375 0.318240 0.326489 0.328182 0.325410 0.320042 0.313583 0.307116 0.301314 0.296490 0.292677 0.289715 0.287345 0.285288 0.283306 0.281246 0.279055 0.276779 0.274532 0.272453 0.270649 0.269144 0.267825 0.266419 0.264498 0.261543 0.257069 0.250842 0.241139 0.236181 0.234760 0.235609 0.237299 0.238664 0.238977 0.237982 0.235818 0.232894 0.229750 0.226921 0.224831 0.223730 0.223657 0.224459 0.225827 0.227364 0.228665 0.229389 0.229326 0.228441 0.226880 0.224942 0.223018 0.221490 0.220621 0.220432 0.220615 0.220518 0.219237 0.215897
0.213907 0.218811 0.220875 0.221097 0.220557 0.220068 0.220052 0.220561 0.221383 0.222182 0.222627 0.222502 0.221769 0.220587 0.219281 0.218282 0.218035 0.218906 0.221086 0.224529 0.228915 0.233674 0.238053 0.241244 0.242549 0.241582 0.238464 0.233974 0.229602 0.227441 0.229813 0.238531 0.245169 0.246982 0.250095 0.253549 0.256547 0.258624 0.259669 0.259868 0.259590 0.259272 0.259317 0.260010 0.261488 0.263725 0.266565 0.269774 0.273102 0.276353 0.279435 0.282399 0.285428 0.288803 0.292819 0.297665 0.303279 0.309189 0.314384 0.317234 0.315523 0.306652 0.288092 0.258175 0.116697 0.046304 0.028106 0.048162 0.088767 0.133893 0.171919 0.196459 0.205937 0.202458 0.190366 0.174817 0.160566 0.151088 0.148116 0.151567 0.159817 0.170239 0.179890 0.186226 0.187717 0.184258 0.177271 0.169459 0.164193 0.164580 0.172339 0.186676 0.203461 0.215104 0.211636 0.183660 0.184492 0.199426 0.203322 0.200283 0.194731 0.190073 0.188211 0.189592 0.193566 0.198876 0.204134 0.208217 0.210514 0.211011 0.210228 0.209034 0.208377 0.208994 0.211149 0.214457 0.217843 0.219661 0.218000 0.211148 0.198195 0.179674 0.158137 0.141317 0.135530 0.143953 0.173630 0.228112 0.181989 0.214572 0.217706 0.202429 0.181063 0.170300 0.169718 0.173178 0.179152 0.187241 0.205179 0.219566 0.227498 0.227852 0.221357 0.210304 0.197969 0.187868 0.182967 0.184979 0.193879 0.207730 0.222906 0.234722 0.238461 0.230680 0.210637 0.181535 0.151239 0.131939 0.138148 0.182254 0.194210 0.177515 0.170366 0.169725 0.172086 0.174677 0.175922 0.175421 0.173654 0.171566 0.170161 0.170165 0.171825 0.174840 0.178433 0.181539 0.183053 0.182123 0.178400 0.172226 0.164704 0.157614 0.153159 0.153563 0.160514 0.174549 0.194455 0.216825 0.235947 0.244273 0.233725 0.198207 0.115816 0.152019 0.193098 0.233085 0.267743 0.294597 0.312749 0.322561 0.325281 0.322668 0.316642 0.309011 0.301266 0.294461 0.289172 0.285533 0.283318 0.282068 0.281230 0.280290 0.278892 0.276904 0.274439 0.271817 0.269462 0.267755 0.266866 0.266578 0.266179 0.264460 0.259915 0.251233 0.239755 0.234170 0.232732 0.234035 0.236471 0.238695 0.239838 0.239546 0.237908 0.235316 0.232322 0.229487 0.227267 0.225941 0.225575 0.226035 0.227027 0.228168 0.229069 0.229411 0.229016 0.227882 0.226192 0.224279 0.222553 0.221390 0.221009 0.221345 0.221963 0.222048 0.220536 0.216444
0.214912 0.221668 0.223955 0.223228 0.221165 0.219130 0.217944 0.217880 0.218773 0.220191 0.221621 0.222626 0.222949 0.222574 0.221715 0.220764 0.220201 0.220480 0.221921 0.224616 0.228371 0.232707 0.236915 0.240173 0.241726 0.241098 0.238313 0.234080 0.229877 0.227859 0.230482 0.239732 0.246142 0.246325 0.248836 0.252281 0.255445 0.257586 0.258492 0.258386 0.257769 0.257238 0.257321 0.258374 0.260509 0.263607 0.267357 0.271349 0.275179 0.278553 0.281372 0.283777 0.286132 0.288955 0.292772 0.297917 0.304300 0.311157 0.316864 0.318847 0.313706 0.297641 0.267322 0.221361 0.119683 0.049617 0.031520 0.051619 0.092185 0.137116 0.174734 0.198646 0.207323 0.202956 0.189994 0.173694 0.158885 0.149084 0.146023 0.149576 0.158049 0.168729 0.178584 0.185001 0.186410 0.182703 0.175344 0.167110 0.161464 0.161607 0.169320 0.183818 0.200903 0.212831 0.209416 0.181031 0.181088 0.191298 0.194041 0.192287 0.189123 0.186844 0.186640 0.188670 0.192349 0.196711 0.200761 0.203744 0.205309 0.205546 0.204919 0.204099 0.203764 0.204370 0.205971 0.208104 0.209788 0.209652 0.206203 0.198221 0.185241 0.168058 0.149156 0.135909 0.133570 0.143566 0.171277 0.218993 0.174597 0.207781 0.211395 0.196513 0.175489 0.165422 0.165546 0.169281 0.175088 0.182744 0.200656 0.214902 0.222579 0.222582 0.215671 0.204177 0.191422 0.180967 0.175816 0.177715 0.186655 0.200702 0.216219 0.228497 0.232793 0.225637 0.206260 0.177857 0.148291 0.129759 0.136768 0.181660 0.188490 0.169658 0.162745 0.163866 0.168581 0.173358 0.176146 0.176360 0.174539 0.171851 0.169593 0.168780 0.169878 0.172703 0.176479 0.180040 0.182111 0.181643 0.178112 0.171755 0.163664 0.155722 0.150339 0.150009 0.156700 0.171156 0.192216 0.216292 0.237215 0.246720 0.235873 0.197855 0.117661 0.123425 0.147869 0.183594 0.222927 0.259501 0.288984 0.309212 0.319940 0.322374 0.318613 0.311113 0.302222 0.293838 0.287213 0.282887 0.280752 0.280213 0.280408 0.280449 0.279645 0.277670 0.274641 0.271087 0.267811 0.265633 0.265077 0.266033 0.267491 0.267467 0.263265 0.252276 0.239809 0.236554 0.235700 0.236449 0.237893 0.239261 0.240032 0.239962 0.239055 0.237489 0.235546 0.233535 0.231724 0.230302 0.229355 0.228861 0.228711 0.228734 0.228741 0.228559 0.228070 0.227233 0.226095 0.224780 0.223463 0.222324 0.221491 0.220985 0.220671 0.220249 0.219297 0.217400
0.215548 0.223464 0.225944 0.224587 0.221376 0.218034 0.215714 0.214941 0.215697 0.217584 0.220017 0.222399 0.224260 0.225345 0.225643 0.225363 0.224870 0.224590 0.224905 0.226060 0.228086 0.230773 0.233690 0.236258 0.237882 0.238123 0.236883 0.234575 0.232223 0.231420 0.234067 0.241775 0.248831 0.246299 0.247634 0.250889 0.254269 0.256612 0.257505 0.257174 0.256254 0.255528 0.255700 0.257216 0.260187 0.264381 0.269298 0.274299 0.278759 0.282229 0.284558 0.285958 0.286995 0.288473 0.291230 0.295852 0.302318 0.309663 0.315693 0.316887 0.308591 0.285693 0.243954 0.182252 0.141716 0.108779 0.100505 0.110489 0.130351 0.152407 0.171019 0.183040 0.187638 0.185778 0.179541 0.171441 0.163837 0.158500 0.156377 0.157533 0.161273 0.166377 0.171430 0.175155 0.176715 0.175924 0.173315 0.170049 0.167650 0.167588 0.170766 0.176990 0.184575 0.190237 0.189545 0.178194 0.178073 0.179734 0.180478 0.181143 0.182362 0.184408 0.187199 0.190395 0.193533 0.196163 0.197952 0.198756 0.198638 0.197846 0.196748 0.195746 0.195183 0.195246 0.195908 0.196895 0.197707 0.197696 0.196199 0.192712 0.187098 0.179794 0.171971 0.167134 0.167496 0.173133 0.186115 0.207136 0.185632 0.200351 0.201733 0.195014 0.185908 0.182604 0.184244 0.187162 0.190472 0.194105 0.202530 0.208764 0.211495 0.210305 0.205680 0.198859 0.191539 0.185508 0.182255 0.182630 0.186612 0.193232 0.200687 0.206654 0.208802 0.205427 0.196148 0.182516 0.168345 0.159542 0.163106 0.184941 0.181111 0.169238 0.164991 0.165995 0.169481 0.173182 0.175698 0.176522 0.175855 0.174324 0.172693 0.171616 0.171461 0.172242 0.173625 0.175034 0.175791 0.175305 0.173239 0.169647 0.165041 0.160371 0.156897 0.155957 0.158651 0.165458 0.175864 0.188072 0.198893 0.203985 0.198598 0.179040 0.140428 0.106790 0.106374 0.131401 0.171133 0.215239 0.255622 0.287142 0.307586 0.317170 0.317817 0.312369 0.303867 0.294983 0.287641 0.282842 0.280686 0.280543 0.281340 0.281899 0.281257 0.278926 0.275037 0.270324 0.265947 0.263150 0.262808 0.264930 0.268250 0.270065 0.266555 0.253858 0.241490 0.243432 0.243744 0.242938 0.241655 0.240416 0.239529 0.239075 0.238954 0.238956 0.238841 0.238402 0.237519 0.236174 0.234458 0.232543 0.230651 0.229000 0.227758 0.227005 0.226704 0.226700 0.226735 0.226502 0.225710 0.224174 0.221905 0.219188 0.216617 0.215058 0.215500 0.218733
0.215712 0.223698 0.226273 0.224796 0.221150 0.217107 0.213986 0.212536 0.212961 0.215027 0.218216 0.221887 0.225415 0.228302 0.230242 0.231148 0.231136 0.230478 0.229534 0.228673 0.228204 0.228314 0.229035 0.230251 0.231728 0.233193 0.234426 0.235372 0.236225 0.237472 0.239833 0.244049 0.252804 0.247180 0.246991 0.249811 0.253290 0.255839 0.256813 0.256392 0.255304 0.254490 0.254804 0.256791 0.260570 0.265822 0.271877 0.277879 0.282985 0.286566 0.288377 0.288644 0.288061 0.287656 0.288540 0.291545 0.296795 0.303263 0.308431 0.308155 0.296921 0.268702 0.218662 0.146016 0.176822 0.211525 0.220964 0.212219 0.194180 0.174724 0.159340 0.150781 0.149362 0.153620 0.161105 0.169142 0.175452 0.178574 0.178050 0.174397 0.168890 0.163214 0.159056 0.157698 0.159694 0.164688 0.171413 0.177918 0.181997 0.181798 0.176519 0.167078 0.156555 0.150163 0.154433 0.175219 0.175396 0.166647 0.165035 0.168722 0.175298 0.182563 0.188910 0.193421 0.195811 0.196261 0.195233 0.193288 0.190951 0.188623 0.186544 0.184818 0.183464 0.182487 0.181956 0.182055 0.183102 0.185512 0.189714 0.195999 0.204344 0.214207 0.224354 0.231366 0.232940 0.228660 0.216264 0.194868 0.213708 0.192657 0.189178 0.197461 0.210626 0.219472 0.223372 0.224708 0.223779 0.220546 0.211129 0.202340 0.195881 0.192632 0.192564 0.194840 0.198072 0.200669 0.201224 0.198865 0.193511 0.185985 0.177924 0.171503 0.168950 0.171917 0.180794 0.194078 0.208011 0.216707 0.213087 0.191007 0.173071 0.176705 0.177163 0.175904 0.174383 0.173586 0.173890 0.175135 0.176804 0.178241 0.178859 0.178284 0.176451 0.173607 0.170256 0.167053 0.164652 0.163564 0.164011 0.165842 0.168495 0.171052 0.172369 0.171297 0.166963 0.159095 0.148321 0.136394 0.126238 0.121692 0.126833 0.144666 0.178124 0.104842 0.076206 0.085504 0.120297 0.167343 0.215434 0.256708 0.286900 0.304918 0.312055 0.311052 0.305210 0.297641 0.290752 0.285959 0.283646 0.283323 0.283931 0.284216 0.283122 0.280100 0.275298 0.269570 0.264285 0.260941 0.260636 0.263478 0.268079 0.271332 0.268749 0.255688 0.244529 0.253290 0.255069 0.252079 0.246979 0.242001 0.238560 0.237199 0.237725 0.239458 0.241507 0.243018 0.243363 0.242254 0.239769 0.236310 0.232493 0.229004 0.226446 0.225195 0.225299 0.226438 0.227964 0.229015 0.228721 0.226455 0.222115 0.216367 0.210784 0.207770 0.210150 0.220259
0.215468 0.222175 0.224646 0.223646 0.220524 0.216727 0.213487 0.211659 0.211669 0.213538 0.216952 0.221369 0.226129 0.230571 0.234120 0.236367 0.237116 0.236396 0.234454 0.231717 0.228733 0.226093 0.224351 0.223935 0.225079 0.227760 0.231678 0.236260 0.240732 0.244229 0.245988 0.245609 0.256923 0.249242 0.247665 0.249697 0.252822 0.255277 0.256288 0.255963 0.255007 0.254379 0.254963 0.257333 0.261614 0.267461 0.274150 0.280737 0.286270 0.290002 0.291576 0.291127 0.289288 0.287067 0.285600 0.285787 0.287853 0.290903 0.292569 0.288874 0.274501 0.243679 0.191952 0.119153 0.213252 0.324587 0.353909 0.323695 0.262585 0.196227 0.142778 0.111652 0.104370 0.116582 0.140559 0.167622 0.190161 0.203019 0.204175 0.194728 0.178292 0.159957 0.145031 0.137774 0.140345 0.152172 0.169881 0.187883 0.199621 0.199366 0.184327 0.156702 0.125101 0.104596 0.114454 0.172334 0.173149 0.155371 0.151812 0.158189 0.169383 0.181038 0.190249 0.195656 0.197176 0.195575 0.192009 0.187632 0.183323 0.179564 0.176448 0.173814 0.171440 0.169271 0.167615 0.167251 0.169415 0.175636 0.187402 0.205678 0.230330 0.259528 0.289266 0.308192 0.309321 0.292683 0.251883 0.184889 0.249116 0.185801 0.176276 0.201841 0.240902 0.263626 0.269891 0.269438 0.263915 0.253150 0.222966 0.196681 0.179523 0.173900 0.179191 0.192149 0.207788 0.220571 0.225699 0.220269 0.204106 0.180090 0.153849 0.132779 0.124415 0.134333 0.163842 0.207930 0.254072 0.282716 0.270458 0.197188 0.166165 0.188999 0.194770 0.189884 0.181236 0.174019 0.170940 0.172341 0.176831 0.182131 0.185907 0.186429 0.182993 0.176054 0.167091 0.158248 0.151833 0.149754 0.152996 0.161238 0.172689 0.184207 0.191747 0.191112 0.178978 0.154063 0.118268 0.077546 0.042136 0.025751 0.043159 0.105522 0.218109 0.118168 0.066052 0.057817 0.081896 0.124669 0.173812 0.220001 0.257445 0.283666 0.298821 0.304829 0.304495 0.300734 0.296001 0.291947 0.289303 0.287968 0.287253 0.286212 0.283998 0.280163 0.274855 0.268847 0.263389 0.259866 0.259319 0.261896 0.266368 0.269902 0.268338 0.257292 0.248098 0.262756 0.265728 0.260695 0.252074 0.243592 0.237648 0.235211 0.236034 0.239057 0.242842 0.245984 0.247419 0.246617 0.243633 0.239041 0.233778 0.228910 0.225393 0.223841 0.224364 0.226497 0.229255 0.231317 0.231327 0.228303 0.222068 0.213640 0.205454 0.201248 0.205424 0.221627
0.215077 0.219131 0.221175 0.221181 0.219623 0.217258 0.214915 0.213339 0.213071 0.214379 0.217236 0.221343 0.226185 0.231116 0.235455 0.238590 0.240071 0.239686 0.237505 0.233898 0.229496 0.225124 0.221689 0.220034 0.220776 0.224142 0.229826 0.236913 0.243895 0.248838 0.249765 0.245307 0.259386 0.252730 0.250621 0.251370 0.253182 0.254765 0.255524 0.255505 0.255198 0.255289 0.256424 0.259023 0.263181 0.268636 0.274828 0.281007 0.286380 0.290271 0.292246 0.292206 0.290402 0.287359 0.283724 0.280025 0.276386 0.272233 0.266062 0.255378 0.236904 0.207237 0.164132 0.108643 0.234401 0.394832 0.436717 0.392499 0.303606 0.207185 0.129561 0.084413 0.073977 0.091970 0.127185 0.167011 0.200354 0.219660 0.221906 0.208598 0.184904 0.158165 0.136078 0.124864 0.127744 0.144009 0.168907 0.194465 0.211270 0.211041 0.189666 0.150157 0.104714 0.074839 0.088117 0.169936 0.171613 0.150403 0.146243 0.153713 0.166539 0.179515 0.189302 0.194474 0.195141 0.192382 0.187659 0.182342 0.177385 0.173215 0.169779 0.166750 0.163808 0.160942 0.158701 0.158312 0.161630 0.170872 0.188126 0.214665 0.250145 0.291784 0.333733 0.359397 0.359010 0.333544 0.274408 0.179239 0.273009 0.181266 0.167445 0.204284 0.260399 0.291977 0.299451 0.297728 0.289342 0.273898 0.229919 0.192044 0.167847 0.160756 0.169759 0.190004 0.214104 0.233888 0.242285 0.235019 0.211830 0.176941 0.138612 0.107693 0.095243 0.109450 0.152254 0.216347 0.283430 0.324931 0.306669 0.199330 0.162832 0.199090 0.208311 0.200451 0.186307 0.174108 0.168260 0.169504 0.175859 0.183907 0.190064 0.191609 0.187340 0.177804 0.165114 0.152429 0.143199 0.140319 0.145342 0.157880 0.175345 0.193111 0.205162 0.205211 0.188224 0.152172 0.099754 0.039708 0.000000 0.000000 0.000000 0.080093 0.241932 0.144579 0.084284 0.061619 0.069680 0.098615 0.138502 0.181003 0.220088 0.252157 0.275750 0.291047 0.299296 0.302263 0.301773 0.299381 0.296194 0.292818 0.289428 0.285908 0.282044 0.277699 0.272952 0.268161 0.263919 0.260915 0.259691 0.260357 0.262314 0.264102 0.263500 0.258069 0.250826 0.266796 0.269851 0.264041 0.254223 0.244513 0.237577 0.234518 0.235107 0.238213 0.242284 0.245784 0.247542 0.246951 0.244038 0.239394 0.234001 0.228992 0.225383 0.223832 0.224460 0.226773 0.229723 0.231898 0.231858 0.228560 0.221833 0.212795 0.204087 0.199747 0.204523 0.222330
0.214981 0.215300 0.216478 0.217771 0.218657 0.218943 0.218743 0.218380 0.218265 0.218775 0.220151 0.222446 0.225498 0.228961 0.232356 0.235160 0.236899 0.237240 0.236073 0.233558 0.230129 0.226465 0.223391 0.221747 0.222218 0.225139 0.230324 0.236934 0.243453 0.247838 0.247904 0.242058 0.258026 0.257808 0.256863 0.255674 0.254624 0.253971 0.253861 0.254350 0.255439 0.257096 0.259281 0.261956 0.265085 0.268625 0.272508 0.276619 0.280769 0.284681 0.287975 0.290167 0.290686 0.288908 0.284207 0.276027 0.263979 0.247934 0.228147 0.205356 0.180886 0.156709 0.135466 0.120408 0.221768 0.357938 0.393314 0.355519 0.279832 0.197883 0.132076 0.094038 0.085643 0.101504 0.132037 0.166465 0.195306 0.212102 0.214264 0.203068 0.182920 0.160090 0.141156 0.131445 0.133732 0.147442 0.168549 0.190275 0.204603 0.204464 0.186326 0.152710 0.113958 0.088338 0.099317 0.168533 0.171241 0.156547 0.154048 0.159650 0.168762 0.177683 0.184132 0.187246 0.187256 0.185042 0.181695 0.178165 0.175048 0.172523 0.170426 0.168429 0.166280 0.164041 0.162273 0.162118 0.165222 0.173491 0.188665 0.211736 0.242280 0.277798 0.313210 0.334181 0.332553 0.309750 0.258874 0.178336 0.259756 0.180410 0.168097 0.199394 0.247313 0.273868 0.279698 0.277970 0.270853 0.257864 0.219995 0.187453 0.166762 0.160874 0.168914 0.186698 0.207856 0.225334 0.233017 0.227192 0.207597 0.177826 0.144950 0.118277 0.107307 0.119082 0.155293 0.209693 0.266606 0.301539 0.285197 0.192488 0.165669 0.196789 0.204457 0.197314 0.184712 0.173788 0.168377 0.169149 0.174416 0.181242 0.186529 0.187915 0.184336 0.176231 0.165389 0.154501 0.146525 0.143952 0.148132 0.158760 0.173646 0.188852 0.199241 0.199429 0.185090 0.154454 0.109781 0.058492 0.013502 0.000000 0.013458 0.091581 0.228531 0.178819 0.136614 0.108468 0.096817 0.101049 0.118504 0.145364 0.177397 0.210553 0.241393 0.267358 0.286891 0.299431 0.305304 0.305526 0.301570 0.295097 0.287714 0.280752 0.275110 0.271176 0.268831 0.267538 0.266524 0.265011 0.262483 0.258942 0.255082 0.252307 0.252496 0.257405 0.251007 0.259600 0.260692 0.256636 0.250255 0.243940 0.239245 0.236818 0.236537 0.237757 0.239586 0.241142 0.241746 0.241046 0.239051 0.236090 0.232719 0.229574 0.227227 0.226039 0.226065 0.227010 0.228263 0.229016 0.228454 0.226007 0.221618 0.215987 0.210698 0.208138 0.211087 0.221801
0.215700 0.211854 0.211678 0.214130 0.217892 0.221777 0.224940 0.226938 0.227694 0.227408 0.226451 0.225248 0.224192 0.223572 0.223540 0.224105 0.225154 0.226492 0.227895 0.229161 0.230161 0.230863 0.231341 0.231758 0.232316 0.233189 0.234446 0.235968 0.237409 0.238200 0.237667 0.235300 0.251000 0.264501 0.267102 0.263196 0.257227 0.252450 0.250529 0.251676 0.255079 0.259427 0.263411 0.266102 0.267169 0.266912 0.266141 0.265922 0.267253 0.270728 0.276246 0.282837 0.288654 0.291150 0.287484 0.275110 0.252516 0.220023 0.180505 0.139827 0.106777 0.092150 0.106617 0.156900 0.160800 0.158136 0.157505 0.158370 0.160018 0.161810 0.163298 0.164261 0.164680 0.164682 0.164473 0.164273 0.164264 0.164556 0.165170 0.166042 0.167045 0.168015 0.168795 0.169263 0.169365 0.169132 0.168674 0.168169 0.167818 0.167799 0.168198 0.168960 0.169841 0.170421 0.170163 0.168600 0.172500 0.177231 0.179205 0.178968 0.177376 0.175301 0.173445 0.172276 0.172008 0.172641 0.174011 0.175863 0.177908 0.179881 0.181574 0.182865 0.183716 0.184168 0.184320 0.184297 0.184227 0.184206 0.184281 0.184440 0.184609 0.184679 0.184525 0.184057 0.183255 0.182212 0.181148 0.180400 0.184300 0.183809 0.182812 0.181684 0.180718 0.180083 0.179823 0.179879 0.180132 0.180443 0.180687 0.180782 0.180702 0.180479 0.180195 0.179960 0.179890 0.180078 0.180573 0.181357 0.182341 0.183362 0.184207 0.184640 0.184443 0.183473 0.181712 0.179310 0.176614 0.174154 0.172578 0.172500 0.176500 0.171564 0.169824 0.170302 0.171803 0.173328 0.174238 0.174288 0.173550 0.172305 0.170913 0.169708 0.168915 0.168607 0.168701 0.168990 0.169197 0.169045 0.168332 0.166988 0.165115 0.162992 0.161037 0.159733 0.159511 0.160620 0.162976 0.166053 0.168834 0.169883 0.167608 0.160800 0.160800 0.212871 0.222522 0.203033 0.170849 0.140439 0.121768 0.119594 0.133971 0.161426 0.196421 0.232804 0.265035 0.289076 0.302867 0.306409 0.301491 0.291142 0.278925 0.268180 0.261349 0.259489 0.262069 0.267107 0.271670 0.272700 0.268058 0.257623 0.244164 0.233636 0.234418 0.254900 0.247100 0.236480 0.232844 0.234067 0.237570 0.241152 0.243357 0.243552 0.241813 0.238701 0.235018 0.231573 0.229002 0.227651 0.227541 0.228393 0.229713 0.230917 0.231463 0.230981 0.229370 0.226844 0.223912 0.221286 0.219723 0.219810 0.221725 0.225024 0.228503 0.230246 0.227938 0.219600
0.219600 0.220431 0.220425 0.220025 0.219663 0.219642 0.220102 0.221029 0.222293 0.223703 0.225057 0.226187 0.226988 0.227433 0.227570 0.227509 0.227394 0.227378 0.227589 0.228102 0.228929 0.230009 0.231224 0.232426 0.233477 0.234304 0.234947 0.235603 0.236641 0.238570 0.241934 0.247100 0.254900 0.297971 0.303913 0.286581 0.261194 0.239774 0.229252 0.231388 0.243780 0.261415 0.278334 0.289121 0.290009 0.279514 0.258580 0.230253 0.199015 0.169872 0.147366 0.134666 0.132883 0.140740 0.154697 0.169569 0.179608 0.179978 0.168395 0.146663 0.121670 0.105297 0.112528 0.156900 0.160800 0.156661 0.154903 0.155014 0.156227 0.157821 0.159263 0.160259 0.160736 0.160788 0.160607 0.160411 0.160390 0.160662 0.161258 0.162121 0.163125 0.164106 0.164899 0.165379 0.165486 0.165248 0.164776 0.164254 0.163889 0.163867 0.164282 0.165075 0.165996 0.166604 0.166338 0.164700 0.168600 0.161907 0.159480 0.160383 0.163227 0.166678 0.169720 0.171762 0.172616 0.172419 0.171513 0.170328 0.169275 0.168666 0.168662 0.169266 0.170333 0.171615 0.172818 0.173664 0.173950 0.173597 0.172669 0.171373 0.170021 0.168966 0.168515 0.168831 0.169848 0.171219 0.172341 0.172500 0.176500 0.172261 0.170395 0.170473 0.171764 0.173522 0.175144 0.176247 0.176668 0.176431 0.175689 0.174669 0.173608 0.172707 0.172102 0.171847 0.171917 0.172218 0.172615 0.172960 0.173120 0.173006 0.172584 0.171885 0.170991 0.170020 0.169086 0.168263 0.167550 0.166847 0.165967 0.164700 0.164700 0.166666 0.167061 0.166371 0.165206 0.164104 0.163433 0.163364 0.163888 0.164858 0.166047 0.167203 0.168097 0.168561 0.168509 0.167946 0.166955 0.165683 0.164308 0.163011 0.161946 0.161210 0.160828 0.160749 0.160853 0.160977 0.160945 0.160617 0.159929 0.158938 0.157829 0.156900 0.156900 0.181956 0.185581 0.176132 0.162375 0.150895 0.145169 0.145722 0.150899 0.157895 0.163777 0.166322 0.164558 0.158971 0.151383 0.144552 0.141577 0.145219 0.157232 0.177841 0.205449 0.236669 0.266718 0.290186 0.302131 0.299387 0.281902 0.253838 0.224057 0.205533 0.213099 0.258800 0.247100 0.232674 0.227103 0.228165 0.232872 0.238472 0.242956 0.245221 0.245000 0.242663 0.238967 0.234806 0.230991 0.228106 0.226429 0.225917 0.226267 0.227011 0.227641 0.227734 0.227059 0.225642 0.223776 0.221966 0.220806 0.220807 0.222181 0.224648 0.227296 0.228585 0.226589 0.219600
0.213169 0.222836 0.224614 0.221366 0.216276 0.211895 0.209738 0.210272 0.213124 0.217397 0.222005 0.225964 0.228601 0.229664 0.229328 0.228115 0.226738 0.225924 0.226215 0.227814 0.230483 0.233538 0.235939 0.236497 0.234169 0.228425 0.219625 0.209332 0.200447 0.197039 0.203683 0.224096 0.284484 0.221268 0.189477 0.186085 0.202901 0.230250 0.259274 0.283192 0.297773 0.301295 0.294149 0.278273 0.256521 0.232064 0.207884 0.186398 0.169236 0.157156 0.150096 0.147332 0.147703 0.149868 0.152560 0.154795 0.156002 0.156065 0.155263 0.154101 0.153094 0.152514 0.152211 0.151591 0.157684 0.160243 0.160774 0.159989 0.158668 0.157439 0.156689 0.156562 0.157008 0.157852 0.158871 0.159858 0.160669 0.161246 0.161617 0.161874 0.162144 0.162545 0.163144 0.163932 0.164800 0.165549 0.165917 0.165634 0.164496 0.162450 0.159684 0.156684 0.154256 0.153454 0.155389 0.160855 0.167281 0.160932 0.158294 0.158613 0.160712 0.163447 0.165948 0.167704 0.168552 0.168604 0.168147 0.167535 0.167102 0.167087 0.167600 0.168613 0.169975 0.171452 0.172782 0.173723 0.174114 0.173905 0.173177 0.172130 0.171048 0.170233 0.169927 0.170220 0.170981 0.171823 0.172147 0.171301 0.173842 0.174040 0.173468 0.172558 0.171702 0.171158 0.171028 0.171271 0.171749 0.172270 0.172642 0.172713 0.172396 0.171687 0.170660 0.169455 0.168250 0.167232 0.166566 0.166358 0.166639 0.167348 0.168338 0.169389 0.170244 0.170655 0.170437 0.169526 0.168023 0.166222 0.164590 0.163684 0.166880 0.166005 0.164570 0.162916 0.161368 0.160183 0.159522 0.159447 0.159930 0.160870 0.162115 0.163488 0.164812 0.165927 0.166708 0.167076 0.167001 0.166503 0.165645 0.164523 0.163252 0.161954 0.160739 0.159691 0.158859 0.158249 0.157823 0.157503 0.157192 0.156794 0.156252 0.155595 0.161195 0.166762 0.166688 0.163342 0.159150 0.155903 0.154501 0.154994 0.156792 0.158955 0.160501 0.160669 0.159111 0.155993 0.151992 0.148218 0.146043 0.146893 0.152002 0.162184 0.177623 0.197744 0.221160 0.245736 0.268765 0.287272 0.298424 0.300030 0.291080 0.272271 0.246439 0.218784 0.288361 0.313111 0.315737 0.302727 0.281875 0.260034 0.242026 0.230352 0.225432 0.226131 0.230403 0.235921 0.240604 0.242987 0.242410 0.239035 0.233703 0.227686 0.222371 0.218936 0.218070 0.219798 0.223426 0.227662 0.230887 0.231581 0.228829 0.222829 0.215278 0.209450 0.209747 0.220430
0.209978 0.223308 0.226259 0.222415 0.215867 0.209957 0.206738 0.206927 0.210148 0.215323 0.221093 0.226187 0.229697 0.231231 0.230932 0.229391 0.227471 0.226077 0.225924 0.227331 0.230093 0.233453 0.236205 0.236926 0.234332 0.227711 0.217391 0.205121 0.194260 0.189596 0.196576 0.219708 0.288344 0.182846 0.140170 0.148014 0.186567 0.235978 0.280468 0.310034 0.320505 0.312576 0.290338 0.259656 0.226688 0.196707 0.173340 0.158226 0.151093 0.150153 0.152730 0.155985 0.157619 0.156409 0.152504 0.147367 0.143371 0.143041 0.148056 0.158184 0.170409 0.178632 0.174445 0.149585 0.156235 0.161932 0.163442 0.162109 0.159490 0.156887 0.155133 0.154573 0.155143 0.156508 0.158214 0.159821 0.161003 0.161609 0.161667 0.161363 0.160972 0.160786 0.161031 0.161793 0.162979 0.164305 0.165337 0.165577 0.164585 0.162136 0.158383 0.153983 0.150155 0.148595 0.151170 0.159313 0.166311 0.160682 0.158133 0.158088 0.159601 0.161737 0.163778 0.165294 0.166137 0.166383 0.166246 0.165996 0.165883 0.166087 0.166682 0.167636 0.168822 0.170059 0.171144 0.171906 0.172239 0.172131 0.171675 0.171048 0.170480 0.170193 0.170332 0.170893 0.171667 0.172229 0.171993 0.170389 0.170953 0.174543 0.175184 0.173846 0.171662 0.169581 0.168203 0.167758 0.168158 0.169103 0.170194 0.171039 0.171342 0.170953 0.169888 0.168316 0.166521 0.164843 0.163611 0.163073 0.163351 0.164396 0.165992 0.167782 0.169328 0.170201 0.170095 0.168935 0.166974 0.164821 0.163390 0.163688 0.167376 0.165067 0.162928 0.161124 0.159729 0.158779 0.158280 0.158221 0.158574 0.159286 0.160283 0.161466 0.162719 0.163914 0.164922 0.165628 0.165940 0.165807 0.165219 0.164221 0.162904 0.161401 0.159869 0.158471 0.157350 0.156599 0.156240 0.156204 0.156328 0.156376 0.156098 0.155328 0.163168 0.156673 0.154475 0.155123 0.157015 0.158918 0.160126 0.160426 0.159944 0.158972 0.157806 0.156642 0.155536 0.154430 0.153229 0.151911 0.150641 0.149864 0.150352 0.153166 0.159547 0.170694 0.187468 0.210029 0.237446 0.267363 0.295796 0.317189 0.324880 0.312167 0.274192 0.210914 0.296453 0.331397 0.336271 0.319835 0.292683 0.264148 0.240789 0.225996 0.220313 0.222163 0.228736 0.236853 0.243685 0.247261 0.246721 0.242328 0.235274 0.227328 0.220400 0.216091 0.215318 0.218066 0.223335 0.229304 0.233728 0.234524 0.230486 0.221984 0.211492 0.203679 0.204747 0.220633
0.209524 0.222660 0.226173 0.223208 0.217469 0.212055 0.208932 0.208871 0.211631 0.216304 0.221679 0.226582 0.230130 0.231880 0.231870 0.230555 0.228667 0.227021 0.226315 0.226942 0.228867 0.231582 0.234174 0.235497 0.234459 0.230372 0.223344 0.214609 0.206707 0.203365 0.208911 0.226989 0.276091 0.177686 0.143325 0.158112 0.200483 0.249846 0.290619 0.313706 0.316265 0.300441 0.271632 0.236672 0.202228 0.173587 0.153938 0.144133 0.142914 0.147485 0.154308 0.159977 0.162018 0.159465 0.153108 0.145328 0.139486 0.138931 0.145731 0.159366 0.175704 0.186738 0.181663 0.150070 0.156058 0.162037 0.163531 0.162002 0.159141 0.156353 0.154532 0.154036 0.154772 0.156352 0.158253 0.159976 0.161149 0.161596 0.161352 0.160633 0.159769 0.159121 0.158985 0.159517 0.160671 0.162189 0.163631 0.164457 0.164156 0.162409 0.159262 0.155271 0.151577 0.149837 0.151942 0.159414 0.165585 0.160909 0.158670 0.158452 0.159533 0.161187 0.162841 0.164147 0.164965 0.165329 0.165381 0.165308 0.165288 0.165445 0.165837 0.166442 0.167179 0.167930 0.168571 0.169003 0.169183 0.169134 0.168950 0.168778 0.168783 0.169099 0.169775 0.170716 0.171652 0.172138 0.171626 0.169631 0.168130 0.173631 0.175172 0.173899 0.171255 0.168501 0.166490 0.165609 0.165839 0.166871 0.168247 0.169488 0.170209 0.170182 0.169375 0.167937 0.166159 0.164410 0.163054 0.162379 0.162532 0.163476 0.164987 0.166685 0.168107 0.168811 0.168505 0.167174 0.165180 0.163287 0.162577 0.164162 0.166655 0.163981 0.161953 0.160550 0.159652 0.159127 0.158877 0.158847 0.159018 0.159386 0.159947 0.160675 0.161520 0.162399 0.163207 0.163827 0.164152 0.164097 0.163620 0.162735 0.161517 0.160094 0.158640 0.157346 0.156386 0.155881 0.155859 0.156225 0.156751 0.157092 0.156864 0.155779 0.163120 0.151247 0.148272 0.150934 0.155743 0.160046 0.162397 0.162475 0.160778 0.158212 0.155718 0.153982 0.153276 0.153442 0.153988 0.154293 0.153847 0.152494 0.150627 0.149271 0.150042 0.154925 0.165897 0.184398 0.210709 0.243322 0.278427 0.309704 0.328629 0.325597 0.292191 0.225030 0.282812 0.309190 0.312536 0.299647 0.278718 0.256928 0.239279 0.228301 0.224317 0.226022 0.231181 0.237305 0.242213 0.244420 0.243326 0.239218 0.233104 0.226427 0.220718 0.217239 0.216686 0.219002 0.223335 0.228187 0.231728 0.232282 0.228889 0.221874 0.213262 0.206837 0.207611 0.220360
0.210893 0.221660 0.225229 0.223761 0.219934 0.216061 0.213683 0.213484 0.215399 0.218841 0.222955 0.226868 0.229875 0.231566 0.231872 0.231042 0.229557 0.228013 0.226973 0.226846 0.227774 0.229590 0.231830 0.233822 0.234848 0.234359 0.232218 0.228922 0.225745 0.224698 0.228220 0.238437 0.258219 0.195211 0.178623 0.195631 0.229359 0.264447 0.289876 0.299850 0.293405 0.273274 0.244446 0.212705 0.183385 0.160463 0.146061 0.140339 0.141764 0.147631 0.154762 0.160238 0.162052 0.159562 0.153649 0.146535 0.141233 0.140669 0.146605 0.158533 0.172837 0.182605 0.178588 0.151938 0.156590 0.161112 0.162039 0.160606 0.158209 0.155991 0.154662 0.154478 0.155325 0.156841 0.158562 0.160045 0.160967 0.161178 0.160717 0.159783 0.158687 0.157773 0.157341 0.157573 0.158485 0.159904 0.161484 0.162774 0.163312 0.162757 0.161033 0.158456 0.155807 0.154301 0.155394 0.160337 0.164965 0.161357 0.159561 0.159301 0.160061 0.161310 0.162621 0.163715 0.164469 0.164877 0.165017 0.165003 0.164949 0.164940 0.165019 0.165187 0.165408 0.165628 0.165794 0.165876 0.165880 0.165856 0.165892 0.166099 0.166580 0.167393 0.168508 0.169771 0.170884 0.171421 0.170896 0.168915 0.165628 0.171525 0.173529 0.172658 0.170273 0.167607 0.165528 0.164473 0.164492 0.165345 0.166635 0.167924 0.168840 0.169144 0.168765 0.167797 0.166461 0.165058 0.163894 0.163218 0.163159 0.163701 0.164665 0.165749 0.166585 0.166834 0.166297 0.165025 0.163399 0.162147 0.162238 0.164608 0.165324 0.162884 0.161380 0.160632 0.160363 0.160325 0.160347 0.160349 0.160324 0.160313 0.160370 0.160537 0.160823 0.161200 0.161599 0.161927 0.162080 0.161970 0.161541 0.160790 0.159772 0.158605 0.157452 0.156496 0.155909 0.155803 0.156187 0.156934 0.157766 0.158271 0.157986 0.156557 0.161675 0.149372 0.146558 0.149700 0.155030 0.159691 0.162132 0.162038 0.159990 0.157031 0.154253 0.152468 0.152021 0.152747 0.154067 0.155184 0.155348 0.154128 0.151642 0.148698 0.146789 0.147932 0.154334 0.167880 0.189528 0.218642 0.252420 0.285560 0.310389 0.317722 0.298786 0.248617 0.260472 0.270848 0.271249 0.264770 0.255089 0.245370 0.237749 0.233218 0.231772 0.232689 0.234869 0.237144 0.238541 0.238448 0.236695 0.233533 0.229548 0.225506 0.222186 0.220199 0.219850 0.221051 0.223313 0.225825 0.227623 0.227836 0.225969 0.222190 0.217531 0.213913 0.213874 0.219840
0.213145 0.220840 0.224105 0.224073 0.222289 0.220171 0.218732 0.218499 0.219544 0.221603 0.224208 0.226833 0.229011 0.230421 0.230933 0.230618 0.229715 0.228574 0.227587 0.227111 0.227396 0.228538 0.230457 0.232912 0.235554 0.238002 0.239960 0.241320 0.242254 0.243248 0.245020 0.248283 0.242959 0.223736 0.225754 0.240715 0.259342 0.274003 0.279899 0.275271 0.260958 0.239634 0.214917 0.190529 0.169619 0.154298 0.145427 0.142642 0.144574 0.149227 0.154421 0.158255 0.159488 0.157798 0.153849 0.149141 0.145642 0.145228 0.149007 0.156640 0.165841 0.172283 0.170214 0.154168 0.157304 0.159731 0.159956 0.158815 0.157216 0.155880 0.155230 0.155389 0.156233 0.157482 0.158794 0.159852 0.160429 0.160422 0.159869 0.158926 0.157835 0.156870 0.156285 0.156256 0.156848 0.157987 0.159470 0.160990 0.162205 0.162809 0.162633 0.161730 0.160439 0.159394 0.159433 0.161370 0.164328 0.161794 0.160490 0.160257 0.160765 0.161658 0.162640 0.163507 0.164149 0.164538 0.164700 0.164689 0.164570 0.164394 0.164199 0.164001 0.163801 0.163597 0.163392 0.163203 0.163069 0.163051 0.163225 0.163666 0.164426 0.165510 0.166842 0.168251 0.169456 0.170092 0.169763 0.168164 0.163619 0.168649 0.170664 0.170346 0.168693 0.166654 0.164935 0.163930 0.163743 0.164253 0.165200 0.166274 0.167190 0.167744 0.167838 0.167490 0.166811 0.165976 0.165174 0.164570 0.164262 0.164259 0.164473 0.164742 0.164863 0.164660 0.164049 0.163115 0.162153 0.161677 0.162330 0.164687 0.163895 0.161876 0.160973 0.160876 0.161197 0.161601 0.161867 0.161897 0.161697 0.161339 0.160927 0.160557 0.160297 0.160166 0.160138 0.160147 0.160108 0.159934 0.159565 0.158981 0.158220 0.157374 0.156584 0.156010 0.155802 0.156054 0.156756 0.157762 0.158769 0.159340 0.158982 0.157311 0.159516 0.149758 0.147620 0.150250 0.154604 0.158372 0.160292 0.160111 0.158309 0.155758 0.153378 0.151870 0.151553 0.152314 0.153679 0.154957 0.155456 0.154707 0.152660 0.149823 0.147295 0.146668 0.149805 0.158468 0.173854 0.196075 0.223666 0.253247 0.279486 0.295558 0.294355 0.270726 0.240026 0.235859 0.233719 0.233233 0.233894 0.235171 0.236582 0.237745 0.238396 0.238396 0.237715 0.236421 0.234649 0.232579 0.230404 0.228313 0.226464 0.224972 0.223901 0.223258 0.222997 0.223030 0.223234 0.223476 0.223625 0.223573 0.223255 0.222659 0.221835 0.220894 0.219993 0.219304
0.215520 0.220445 0.223194 0.224128 0.223905 0.223204 0.222580 0.222383 0.222759 0.223672 0.224956 0.226377 0.227692 0.228698 0.229266 0.229367 0.229070 0.228535 0.227988 0.227686 0.227883 0.228784 0.230516 0.233099 0.236431 0.240284 0.244327 0.248151 0.251323 0.253434 0.254169 0.253358 0.234985 0.253113 0.268621 0.278304 0.280545 0.275172 0.263164 0.246282 0.226678 0.206548 0.187839 0.172040 0.160061 0.152209 0.148227 0.147414 0.148779 0.151222 0.153716 0.155464 0.156014 0.155314 0.153701 0.151809 0.150413 0.150218 0.151625 0.154503 0.158043 0.160753 0.160685 0.156022 0.157813 0.158364 0.158050 0.157294 0.156514 0.156015 0.155952 0.156332 0.157045 0.157914 0.158739 0.159342 0.159599 0.159457 0.158945 0.158163 0.157266 0.156435 0.155851 0.155660 0.155952 0.156739 0.157950 0.159436 0.160991 0.162382 0.163395 0.163882 0.163808 0.163284 0.162569 0.162035 0.163592 0.162035 0.161202 0.161024 0.161321 0.161893 0.162557 0.163179 0.163673 0.163996 0.164141 0.164122 0.163966 0.163702 0.163357 0.162958 0.162530 0.162100 0.161702 0.161378 0.161179 0.161161 0.161382 0.161885 0.162689 0.163771 0.165051 0.166381 0.167544 0.168271 0.168277 0.167344 0.162179 0.165498 0.167144 0.167362 0.166643 0.165511 0.164398 0.163597 0.163247 0.163356 0.163836 0.164543 0.165316 0.166012 0.166522 0.166784 0.166788 0.166562 0.166164 0.165660 0.165114 0.164572 0.164056 0.163567 0.163092 0.162621 0.162173 0.161810 0.161657 0.161891 0.162711 0.164249 0.162685 0.161011 0.160565 0.160953 0.161709 0.162441 0.162888 0.162939 0.162604 0.161980 0.161206 0.160422 0.159738 0.159217 0.158867 0.158651 0.158497 0.158324 0.158064 0.157679 0.157184 0.156642 0.156164 0.155884 0.155929 0.156378 0.157217 0.158302 0.159341 0.159910 0.159523 0.157789 0.157227 0.151238 0.149937 0.151575 0.154277 0.156606 0.157766 0.157585 0.156356 0.154629 0.152998 0.151933 0.151670 0.152168 0.153144 0.154155 0.154725 0.154486 0.153313 0.151427 0.149444 0.148351 0.149398 0.153913 0.163033 0.177396 0.196808 0.219969 0.244314 0.266083 0.280736 0.283878 0.227880 0.215718 0.212438 0.215600 0.222257 0.229757 0.236154 0.240325 0.241914 0.241167 0.238709 0.235336 0.231821 0.228779 0.226582 0.225340 0.224926 0.225045 0.225326 0.225422 0.225099 0.224294 0.223140 0.221937 0.221075 0.220915 0.221636 0.223090 0.224690 0.225399 0.223886 0.218937
0.217519 0.220473 0.222620 0.223920 0.224521 0.224652 0.224553 0.224429 0.224421 0.224603 0.224982 0.225513 0.226120 0.226716 0.227224 0.227599 0.227837 0.227983 0.228135 0.228430 0.229030 0.230103 0.231786 0.234165 0.237235 0.240876 0.244837 0.248730 0.252051 0.254223 0.254683 0.253018 0.235387 0.276038 0.297056 0.299566 0.287819 0.267100 0.242427 0.217840 0.196115 0.178770 0.166249 0.158202 0.153787 0.151951 0.151664 0.152074 0.152595 0.152926 0.153006 0.152939 0.152894 0.153010 0.153330 0.153762 0.154107 0.154122 0.153637 0.152697 0.151680 0.151355 0.152804 0.157100 0.157906 0.157317 0.156788 0.156417 0.156260 0.156326 0.156590 0.156998 0.157476 0.157945 0.158328 0.158561 0.158602 0.158436 0.158076 0.157566 0.156978 0.156403 0.155944 0.155703 0.155774 0.156219 0.157067 0.158290 0.159805 0.161467 0.163070 0.164369 0.165102 0.165036 0.164027 0.162109 0.162719 0.161964 0.161527 0.161404 0.161531 0.161824 0.162196 0.162572 0.162893 0.163120 0.163230 0.163213 0.163073 0.162823 0.162483 0.162078 0.161641 0.161206 0.160813 0.160504 0.160322 0.160307 0.160491 0.160897 0.161526 0.162357 0.163338 0.164381 0.165366 0.166146 0.166557 0.166454 0.161294 0.162537 0.163558 0.164174 0.164350 0.164153 0.163716 0.163196 0.162745 0.162487 0.162496 0.162792 0.163346 0.164077 0.164879 0.165624 0.166193 0.166484 0.166433 0.166025 0.165297 0.164334 0.163267 0.162248 0.161433 0.160951 0.160879 0.161212 0.161850 0.162597 0.163181 0.163314 0.161807 0.160298 0.160076 0.160711 0.161697 0.162606 0.163155 0.163217 0.162804 0.162023 0.161035 0.160005 0.159076 0.158340 0.157831 0.157530 0.157376 0.157287 0.157185 0.157014 0.156759 0.156456 0.156182 0.156048 0.156164 0.156605 0.157370 0.158344 0.159276 0.159792 0.159445 0.157859 0.155220 0.152918 0.152369 0.152945 0.153949 0.154828 0.155256 0.155141 0.154577 0.153772 0.152973 0.152391 0.152159 0.152300 0.152728 0.153269 0.153705 0.153829 0.153511 0.152753 0.151740 0.150871 0.150761 0.152206 0.156118 0.163408 0.174834 0.190819 0.211230 0.235148 0.260641 0.284564 0.226069 0.213774 0.210953 0.214843 0.222197 0.230165 0.236710 0.240724 0.241939 0.240725 0.237842 0.234192 0.230615 0.227740 0.225903 0.225140 0.225222 0.225754 0.226280 0.226402 0.225884 0.224713 0.223116 0.221515 0.220427 0.220308 0.221367 0.223386 0.225597 0.226671 0.224929 0.218861
0.218910 0.220765 0.222318 0.223463 0.224196 0.224573 0.224684 0.224629 0.224501 0.224378 0.224317 0.224356 0.224514 0.224799 0.225208 0.225737 0.226387 0.227164 0.228081 0.229160 0.230428 0.231911 0.233625 0.235571 0.237722 0.240016 0.242350 0.244576 0.246510 0.247941 0.248663 0.248521 0.242394 0.288410 0.306841 0.301673 0.280386 0.250993 0.220323 0.193227 0.172415 0.158697 0.151449 0.149161 0.149965 0.152074 0.154090 0.155171 0.155059 0.153990 0.152515 0.151289 0.150847 0.151432 0.152898 0.154717 0.156107 0.156266 0.154695 0.151537 0.147857 0.145730 0.147972 0.157309 0.157534 0.156728 0.156338 0.156281 0.156439 0.156699 0.156977 0.157221 0.157409 0.157535 0.157605 0.157623 0.157592 0.157509 0.157371 0.157174 0.156926 0.156649 0.156382 0.156185 0.156131 0.156302 0.156771 0.157587 0.158749 0.160192 0.161765 0.163229 0.164267 0.164524 0.163683 0.161594 0.161720 0.161530 0.161384 0.161311 0.161318 0.161396 0.161526 0.161680 0.161829 0.161945 0.162008 0.162003 0.161926 0.161780 0.161578 0.161337 0.161080 0.160830 0.160611 0.160445 0.160350 0.160341 0.160427 0.160614 0.160908 0.161309 0.161818 0.162434 0.163147 0.163937 0.164758 0.165517 0.160880 0.160130 0.160417 0.161224 0.162075 0.162647 0.162801 0.162566 0.162085 0.161559 0.161188 0.161123 0.161439 0.162118 0.163058 0.164093 0.165023 0.165657 0.165845 0.165513 0.164686 0.163488 0.162132 0.160886 0.160025 0.159765 0.160192 0.161206 0.162483 0.163483 0.163534 0.162027 0.161207 0.159712 0.159502 0.160155 0.161166 0.162102 0.162669 0.162734 0.162302 0.161480 0.160433 0.159337 0.158348 0.157574 0.157062 0.156806 0.156749 0.156806 0.156887 0.156916 0.156854 0.156705 0.156520 0.156385 0.156401 0.156648 0.157153 0.157851 0.158560 0.158982 0.158744 0.157499 0.153724 0.154220 0.154210 0.153930 0.153599 0.153353 0.153235 0.153216 0.153233 0.153221 0.153141 0.152989 0.152803 0.152641 0.152567 0.152623 0.152813 0.153087 0.153347 0.153467 0.153334 0.152906 0.152289 0.151808 0.152088 0.154085 0.159087 0.168613 0.184193 0.206980 0.237120 0.272839 0.233041 0.226865 0.225693 0.227880 0.231629 0.235431 0.238262 0.239618 0.239447 0.238026 0.235815 0.233321 0.230994 0.229142 0.227907 0.227257 0.227028 0.226977 0.226846 0.226433 0.225646 0.224527 0.223258 0.222121 0.221432 0.221438 0.222206 0.223523 0.224825 0.225217 0.223619 0.219122
0.219675 0.221096 0.222128 0.222804 0.223203 0.223408 0.223482 0.223469 0.223397 0.223290 0.223175 0.223090 0.223087 0.223228 0.223577 0.224195 0.225123 0.226373 0.227921 0.229703 0.231614 0.233517 0.235261 0.236704 0.237734 0.238309 0.238475 0.238393 0.238342 0.238694 0.239861 0.242178 0.252470 0.289065 0.298703 0.286588 0.260797 0.229443 0.199093 0.174105 0.156578 0.146703 0.143299 0.144423 0.147918 0.151866 0.154881 0.156247 0.155911 0.154342 0.152323 0.150689 0.150084 0.150775 0.152551 0.154755 0.156441 0.156660 0.154824 0.151101 0.146726 0.144084 0.146403 0.156791 0.156773 0.156592 0.156624 0.156764 0.156913 0.157007 0.157021 0.156963 0.156864 0.156761 0.156690 0.156672 0.156711 0.156795 0.156897 0.156986 0.157033 0.157020 0.156949 0.156844 0.156753 0.156743 0.156888 0.157254 0.157881 0.158761 0.159820 0.160908 0.161799 0.162217 0.161891 0.160647 0.160644 0.160753 0.160781 0.160756 0.160709 0.160662 0.160628 0.160610 0.160605 0.160609 0.160615 0.160621 0.160628 0.160639 0.160658 0.160689 0.160736 0.160795 0.160858 0.160914 0.160947 0.160943 0.160891 0.160795 0.160672 0.160564 0.160537 0.160680 0.161092 0.161865 0.163041 0.164564 0.160804 0.158493 0.158082 0.158857 0.160062 0.161110 0.161671 0.161667 0.161219 0.160560 0.159958 0.159644 0.159756 0.160321 0.161250 0.162362 0.163423 0.164198 0.164496 0.164219 0.163391 0.162162 0.160794 0.159619 0.158964 0.159070 0.159999 0.161549 0.163215 0.164210 0.163600 0.160595 0.160733 0.159213 0.158889 0.159393 0.160265 0.161098 0.161612 0.161672 0.161276 0.160518 0.159552 0.158546 0.157651 0.156977 0.156575 0.156444 0.156529 0.156745 0.156994 0.157186 0.157258 0.157188 0.157001 0.156763 0.156564 0.156494 0.156615 0.156923 0.157323 0.157619 0.157535 0.156780 0.152802 0.154871 0.155147 0.154360 0.153253 0.152361 0.151944 0.152015 0.152421 0.152936 0.153346 0.153512 0.153397 0.153067 0.152665 0.152358 0.152287 0.152516 0.152995 0.153556 0.153940 0.153863 0.153119 0.151711 0.149994 0.148805 0.149545 0.154150 0.164920 0.184095 0.213106 0.251390 0.244916 0.247813 0.248732 0.247915 0.245895 0.243265 0.240536 0.238080 0.236100 0.234650 0.233670 0.233021 0.232538 0.232058 0.231455 0.230658 0.229654 0.228487 0.227244 0.226037 0.224980 0.224163 0.223641 0.223410 0.223412 0.223532 0.223623 0.223523 0.223099 0.222280 0.221094 0.219700
0.219939 0.221262 0.221884 0.222023 0.221923 0.221774 0.221681 0.221672 0.221727 0.221805 0.221873 0.221931 0.222017 0.222204 0.222592 0.223284 0.224362 0.225862 0.227754 0.229931 0.232208 0.234341 0.236053 0.237084 0.237248 0.236494 0.234968 0.233054 0.231387 0.230810 0.232250 0.236485 0.261485 0.279144 0.276782 0.259396 0.233614 0.205689 0.180429 0.160799 0.147979 0.141689 0.140651 0.143081 0.147122 0.151186 0.154176 0.155569 0.155395 0.154106 0.152397 0.150990 0.150433 0.150953 0.152380 0.154173 0.155558 0.155758 0.154292 0.151294 0.147762 0.145621 0.147474 0.155818 0.155775 0.156799 0.157410 0.157610 0.157480 0.157139 0.156706 0.156288 0.155961 0.155772 0.155738 0.155847 0.156069 0.156362 0.156677 0.156971 0.157207 0.157363 0.157432 0.157420 0.157351 0.157258 0.157181 0.157158 0.157222 0.157395 0.157680 0.158058 0.158491 0.158921 0.159280 0.159502 0.159561 0.159709 0.159800 0.159833 0.159810 0.159742 0.159640 0.159518 0.159396 0.159294 0.159234 0.159236 0.159318 0.159489 0.159750 0.160089 0.160481 0.160889 0.161267 0.161563 0.161727 0.161718 0.161515 0.161124 0.160590 0.160000 0.159486 0.159213 0.159367 0.160115 0.161553 0.163626 0.160910 0.157684 0.156724 0.157278 0.158493 0.159678 0.160412 0.160553 0.160184 0.159531 0.158869 0.158444 0.158419 0.158841 0.159637 0.160638 0.161620 0.162349 0.162640 0.162402 0.161665 0.160591 0.159449 0.158573 0.158283 0.158792 0.160109 0.161953 0.163717 0.164501 0.163279 0.159233 0.160209 0.158754 0.158306 0.158583 0.159211 0.159849 0.160255 0.160306 0.159990 0.159380 0.158601 0.157797 0.157098 0.156601 0.156357 0.156364 0.156576 0.156912 0.157274 0.157566 0.157712 0.157669 0.157436 0.157056 0.156605 0.156180 0.155871 0.155739 0.155783 0.155926 0.156011 0.155827 0.152397 0.154834 0.155175 0.154261 0.152959 0.151908 0.151429 0.151554 0.152114 0.152839 0.153465 0.153800 0.153772 0.153431 0.152924 0.152449 0.152189 0.152256 0.152643 0.153205 0.153672 0.153705 0.152995 0.151389 0.149049 0.146596 0.145219 0.146708 0.153327 0.167482 0.191071 0.224414 0.256877 0.268075 0.270711 0.266908 0.259419 0.250800 0.242979 0.237099 0.233568 0.232200 0.232423 0.233491 0.234664 0.235356 0.235212 0.234144 0.232304 0.230023 0.227716 0.225786 0.224528 0.224062 0.224293 0.224930 0.225546 0.225684 0.225003 0.223426 0.221271 0.219304 0.218656 0.220521
0.219896 0.221144 0.221479 0.221225 0.220735 0.220280 0.220014 0.219979 0.220141 0.220424 0.220756 0.221091 0.221431 0.221828 0.222367 0.223151 0.224271 0.225776 0.227649 0.229790 0.232017 0.234072 0.235662 0.236503 0.236384 0.235241 0.233228 0.230764 0.228559 0.227569 0.228870 0.233403 0.265744 0.261301 0.246963 0.226556 0.204091 0.182933 0.165399 0.152684 0.144977 0.141704 0.141810 0.144042 0.147186 0.150248 0.152561 0.153818 0.154042 0.153510 0.152635 0.151851 0.151489 0.151701 0.152414 0.153347 0.154087 0.154214 0.153465 0.151909 0.150080 0.149015 0.150109 0.154702 0.154721 0.157184 0.158383 0.158514 0.157934 0.157018 0.156076 0.155323 0.154870 0.154741 0.154895 0.155253 0.155725 0.156225 0.156687 0.157071 0.157359 0.157553 0.157664 0.157705 0.157682 0.157590 0.157416 0.157141 0.156757 0.156282 0.155776 0.155355 0.155197 0.155523 0.156549 0.158401 0.158552 0.158515 0.158581 0.158687 0.158770 0.158785 0.158713 0.158564 0.158368 0.158174 0.158037 0.158010 0.158133 0.158429 0.158895 0.159504 0.160203 0.160921 0.161571 0.162065 0.162324 0.162289 0.161939 0.161294 0.160431 0.159481 0.158627 0.158086 0.158088 0.158826 0.160398 0.162724 0.161043 0.157612 0.156322 0.156529 0.157460 0.158471 0.159150 0.159338 0.159078 0.158548 0.157978 0.157579 0.157495 0.157773 0.158358 0.159114 0.159858 0.160402 0.160603 0.160396 0.159824 0.159038 0.158281 0.157835 0.157959 0.158800 0.160307 0.162161 0.163746 0.164194 0.162553 0.158116 0.159488 0.158301 0.157820 0.157877 0.158222 0.158616 0.158882 0.158921 0.158714 0.158304 0.157778 0.157235 0.156775 0.156471 0.156367 0.156465 0.156731 0.157101 0.157491 0.157811 0.157979 0.157938 0.157663 0.157167 0.156505 0.155766 0.155061 0.154503 0.154186 0.154158 0.154397 0.154797 0.152372 0.154235 0.154488 0.153773 0.152759 0.151945 0.151585 0.151714 0.152202 0.152842 0.153418 0.153769 0.153821 0.153595 0.153193 0.152759 0.152437 0.152325 0.152436 0.152680 0.152869 0.152751 0.152077 0.150696 0.148666 0.146368 0.144601 0.144625 0.148111 0.156940 0.172803 0.196506 0.264426 0.280057 0.283390 0.277747 0.267171 0.255301 0.244809 0.237221 0.233008 0.231817 0.232774 0.234789 0.236816 0.238049 0.238034 0.236696 0.234299 0.231341 0.228426 0.226110 0.224774 0.224530 0.225181 0.226257 0.227116 0.227116 0.225829 0.223267 0.220055 0.217488 0.217364 0.221477
0.219740 0.220733 0.220902 0.220530 0.219936 0.219383 0.219039 0.218970 0.219167 0.219574 0.220118 0.220736 0.221394 0.222092 0.222861 0.223755 0.224827 0.226118 0.227630 0.229315 0.231071 0.232742 0.234139 0.235069 0.235375 0.234982 0.233953 0.232523 0.231130 0.230398 0.231075 0.233886 0.262760 0.238904 0.215367 0.194363 0.177044 0.163793 0.154466 0.148589 0.145511 0.144527 0.144959 0.146213 0.147812 0.149406 0.150772 0.151799 0.152465 0.152810 0.152917 0.152876 0.152775 0.152679 0.152623 0.152615 0.152640 0.152672 0.152691 0.152696 0.152723 0.152840 0.153142 0.153714 0.153774 0.157570 0.159234 0.159195 0.158108 0.156616 0.155219 0.154229 0.153772 0.153824 0.154268 0.154940 0.155675 0.156344 0.156866 0.157215 0.157412 0.157504 0.157545 0.157571 0.157587 0.157557 0.157412 0.157066 0.156448 0.155543 0.154436 0.153344 0.152632 0.152784 0.154305 0.157530 0.157693 0.157315 0.157296 0.157493 0.157746 0.157931 0.157973 0.157862 0.157635 0.157367 0.157148 0.157064 0.157183 0.157541 0.158137 0.158928 0.159836 0.160758 0.161577 0.162177 0.162461 0.162369 0.161890 0.161068 0.160014 0.158892 0.157915 0.157315 0.157312 0.158069 0.159631 0.161863 0.161072 0.158062 0.156685 0.156503 0.156958 0.157569 0.158020 0.158168 0.158024 0.157693 0.157324 0.157057 0.156986 0.157141 0.157486 0.157929 0.158352 0.158638 0.158704 0.158529 0.158163 0.157734 0.157423 0.157428 0.157912 0.158938 0.160406 0.162005 0.163198 0.163275 0.161491 0.157349 0.158504 0.157835 0.157478 0.157388 0.157468 0.157610 0.157724 0.157749 0.157664 0.157476 0.157222 0.156951 0.156717 0.156568 0.156537 0.156635 0.156851 0.157147 0.157467 0.157739 0.157890 0.157851 0.157573 0.157038 0.156264 0.155319 0.154315 0.153403 0.152760 0.152554 0.152908 0.153838 0.152567 0.153286 0.153374 0.153080 0.152670 0.152347 0.152217 0.152299 0.152544 0.152868 0.153181 0.153408 0.153505 0.153467 0.153319 0.153103 0.152868 0.152647 0.152443 0.152227 0.151931 0.151466 0.150748 0.149732 0.148460 0.147113 0.146053 0.145862 0.147341 0.151470 0.159298 0.171739 0.264338 0.278800 0.281475 0.275817 0.265753 0.254708 0.245126 0.238351 0.234736 0.233878 0.234914 0.236806 0.238586 0.239527 0.239244 0.237714 0.235222 0.232263 0.229412 0.227183 0.225910 0.225662 0.226216 0.227094 0.227676 0.227365 0.225800 0.223063 0.219847 0.217485 0.217773 0.222443
0.219617 0.220126 0.220240 0.220047 0.219687 0.219307 0.219033 0.218953 0.219114 0.219523 0.220156 0.220967 0.221898 0.222891 0.223898 0.224886 0.225840 0.226765 0.227681 0.228621 0.229621 0.230708 0.231898 0.233178 0.234507 0.235811 0.236987 0.237912 0.238471 0.238586 0.238267 0.237678 0.251676 0.215336 0.187155 0.167787 0.156034 0.149954 0.147555 0.147166 0.147595 0.148138 0.148497 0.148658 0.148760 0.148982 0.149455 0.150215 0.151192 0.152232 0.153137 0.153721 0.153867 0.153565 0.152932 0.152199 0.151663 0.151611 0.152213 0.153420 0.154879 0.155909 0.155590 0.153029 0.153054 0.157803 0.159722 0.159451 0.157906 0.155955 0.154249 0.153164 0.152820 0.153137 0.153913 0.154900 0.155864 0.156634 0.157123 0.157328 0.157315 0.157187 0.157053 0.156990 0.157016 0.157080 0.157070 0.156836 0.156239 0.155212 0.153825 0.152341 0.151243 0.151201 0.152942 0.156991 0.157042 0.156253 0.156124 0.156424 0.156884 0.157284 0.157490 0.157462 0.157239 0.156917 0.156617 0.156458 0.156532 0.156887 0.157521 0.158379 0.159364 0.160348 0.161194 0.161776 0.161996 0.161807 0.161222 0.160319 0.159237 0.158164 0.157312 0.156884 0.157039 0.157847 0.159250 0.161034 0.160896 0.158745 0.157498 0.156971 0.156889 0.157002 0.157131 0.157185 0.157143 0.157037 0.156918 0.156838 0.156829 0.156896 0.157016 0.157149 0.157245 0.157268 0.157200 0.157061 0.156907 0.156827 0.156928 0.157308 0.158024 0.159058 0.160280 0.161430 0.162118 0.161871 0.160233 0.156952 0.157280 0.157357 0.157291 0.157160 0.157033 0.156948 0.156918 0.156931 0.156963 0.156987 0.156987 0.156954 0.156895 0.156828 0.156780 0.156774 0.156828 0.156943 0.157102 0.157265 0.157372 0.157352 0.157133 0.156658 0.155902 0.154893 0.153728 0.152575 0.151673 0.151301 0.151718 0.153072 0.152830 0.152212 0.152122 0.152348 0.152675 0.152948 0.153088 0.153089 0.152994 0.152870 0.152782 0.152774 0.152859 0.153014 0.153184 0.153299 0.153284 0.153079 0.152652 0.152008 0.151196 0.150302 0.149435 0.148711 0.148226 0.148033 0.148131 0.148467 0.148977 0.149667 0.150774 0.153009 0.255225 0.262867 0.263577 0.259825 0.253997 0.247988 0.243039 0.239738 0.238134 0.237891 0.238465 0.239263 0.239773 0.239646 0.238741 0.237118 0.234998 0.232703 0.230572 0.228886 0.227802 0.227317 0.227258 0.227317 0.227128 0.226368 0.224883 0.222807 0.220647 0.219282 0.219827 0.223293
0.219597 0.219497 0.219648 0.219859 0.219998 0.220022 0.219972 0.219938 0.220032 0.220347 0.220935 0.221793 0.222862 0.224041 0.225200 0.226217 0.226995 0.227496 0.227755 0.227887 0.228080 0.228571 0.229608 0.231396 0.234034 0.237453 0.241361 0.245217 0.248241 0.249499 0.248078 0.243394 0.233343 0.193453 0.165773 0.149786 0.142921 0.142014 0.144166 0.147176 0.149670 0.151039 0.151263 0.150689 0.149826 0.149153 0.149005 0.149507 0.150565 0.151924 0.153235 0.154164 0.154479 0.154121 0.153239 0.152170 0.151363 0.151259 0.152127 0.153898 0.156033 0.157484 0.156834 0.152706 0.152620 0.157782 0.159706 0.159187 0.157318 0.155107 0.153287 0.152260 0.152122 0.152734 0.153823 0.155070 0.156190 0.156982 0.157359 0.157342 0.157042 0.156621 0.156242 0.156029 0.156028 0.156192 0.156385 0.156412 0.156072 0.155238 0.153931 0.152399 0.151152 0.150936 0.152596 0.156785 0.156633 0.155457 0.155227 0.155628 0.156287 0.156899 0.157272 0.157338 0.157138 0.156783 0.156418 0.156185 0.156192 0.156494 0.157084 0.157897 0.158821 0.159716 0.160439 0.160870 0.160930 0.160602 0.159936 0.159047 0.158101 0.157290 0.156797 0.156756 0.157213 0.158095 0.159199 0.160216 0.160463 0.159341 0.158380 0.157628 0.157088 0.156741 0.156556 0.156498 0.156532 0.156622 0.156735 0.156840 0.156910 0.156925 0.156875 0.156760 0.156595 0.156409 0.156242 0.156145 0.156171 0.156367 0.156766 0.157373 0.158156 0.159034 0.159875 0.160497 0.160687 0.160229 0.158962 0.156864 0.155930 0.156886 0.157234 0.157165 0.156906 0.156644 0.156494 0.156494 0.156625 0.156828 0.157033 0.157176 0.157220 0.157155 0.157001 0.156801 0.156604 0.156460 0.156394 0.156405 0.156457 0.156479 0.156379 0.156059 0.155447 0.154522 0.153346 0.152086 0.151019 0.150509 0.150938 0.152574 0.153045 0.151205 0.150964 0.151691 0.152724 0.153571 0.153971 0.153884 0.153435 0.152831 0.152289 0.151978 0.151979 0.152269 0.152738 0.153214 0.153508 0.153459 0.152976 0.152070 0.150863 0.149574 0.148483 0.147864 0.147903 0.148620 0.149788 0.150912 0.151265 0.150057 0.146762 0.141699 0.237686 0.234425 0.232266 0.231876 0.233071 0.235274 0.237817 0.240120 0.241779 0.242590 0.242533 0.241724 0.240370 0.238709 0.236966 0.235318 0.233876 0.232677 0.231692 0.230843 0.230029 0.229152 0.228144 0.226985 0.225717 0.224442 0.223306 0.222473 0.222092 0.222244 0.222908 0.223924
0.219670 0.219044 0.219303 0.219997 0.220735 0.221279 0.221565 0.221666 0.221732 0.221928 0.222377 0.223130 0.224147 0.225309 0.226445 0.227368 0.227930 0.228058 0.227797 0.227320 0.226930 0.227023 0.228025 0.230309 0.234087 0.239295 0.245498 0.251817 0.256936 0.259211 0.256938 0.248831 0.210082 0.175255 0.152635 0.141087 0.137786 0.139531 0.143511 0.147669 0.150790 0.152411 0.152636 0.151913 0.150822 0.149895 0.149504 0.149794 0.150689 0.151940 0.153202 0.154138 0.154504 0.154229 0.153440 0.152451 0.151689 0.151576 0.152375 0.154026 0.156020 0.157359 0.156688 0.152688 0.152466 0.157467 0.159162 0.158426 0.156415 0.154173 0.152444 0.151608 0.151724 0.152608 0.153935 0.155347 0.156527 0.157264 0.157475 0.157204 0.156601 0.155869 0.155223 0.154830 0.154772 0.155020 0.155437 0.155808 0.155892 0.155499 0.154584 0.153323 0.152167 0.151826 0.153144 0.156823 0.156466 0.155019 0.154726 0.155205 0.156010 0.156772 0.157263 0.157399 0.157222 0.156855 0.156455 0.156174 0.156123 0.156353 0.156848 0.157530 0.158279 0.158953 0.159421 0.159583 0.159398 0.158893 0.158166 0.157371 0.156695 0.156318 0.156367 0.156872 0.157730 0.158689 0.159375 0.159385 0.159764 0.159560 0.158952 0.158147 0.157350 0.156711 0.156313 0.156170 0.156243 0.156457 0.156721 0.156952 0.157083 0.157078 0.156934 0.156679 0.156369 0.156074 0.155867 0.155812 0.155952 0.156299 0.156830 0.157484 0.158172 0.158786 0.159214 0.159363 0.159177 0.158657 0.157873 0.156960 0.154634 0.156452 0.157253 0.157313 0.156996 0.156615 0.156377 0.156367 0.156570 0.156900 0.157243 0.157489 0.157562 0.157430 0.157110 0.156664 0.156176 0.155739 0.155425 0.155273 0.155269 0.155351 0.155409 0.155312 0.154939 0.154217 0.153166 0.151932 0.150807 0.150208 0.150604 0.152368 0.153147 0.150389 0.150037 0.151153 0.152744 0.154054 0.154675 0.154528 0.153787 0.152763 0.151794 0.151157 0.151001 0.151328 0.152004 0.152792 0.153418 0.153634 0.153283 0.152346 0.150959 0.149409 0.148077 0.147354 0.147528 0.148661 0.150470 0.152267 0.152982 0.151344 0.146285 0.137647 0.214076 0.198603 0.193338 0.196867 0.206124 0.217778 0.229036 0.238003 0.243753 0.246197 0.245865 0.243638 0.240496 0.237319 0.234742 0.233084 0.232354 0.232298 0.232507 0.232529 0.231993 0.230707 0.228714 0.226302 0.223944 0.222187 0.221488 0.222033 0.223567 0.225309 0.226009 0.224258
0.219756 0.218930 0.219343 0.220431 0.221664 0.222689 0.223356 0.223694 0.223845 0.223988 0.224280 0.224806 0.225563 0.226455 0.227326 0.228000 0.228325 0.228233 0.227769 0.227121 0.226614 0.226679 0.227784 0.230342 0.234595 0.240484 0.247534 0.254769 0.260698 0.263423 0.260901 0.251447 0.185193 0.161751 0.147225 0.140411 0.139169 0.141232 0.144664 0.148075 0.150657 0.152114 0.152530 0.152220 0.151585 0.151000 0.150728 0.150886 0.151441 0.152243 0.153075 0.153718 0.154010 0.153896 0.153446 0.152853 0.152383 0.152301 0.152779 0.153784 0.155004 0.155816 0.155369 0.152831 0.152535 0.156879 0.158175 0.157291 0.155331 0.153277 0.151807 0.151249 0.151618 0.152699 0.154152 0.155607 0.156747 0.157367 0.157393 0.156889 0.156022 0.155028 0.154148 0.153585 0.153453 0.153754 0.154370 0.155090 0.155654 0.155831 0.155499 0.154732 0.153856 0.153451 0.154260 0.156955 0.156511 0.154982 0.154683 0.155197 0.156047 0.156847 0.157361 0.157509 0.157339 0.156980 0.156589 0.156311 0.156244 0.156423 0.156811 0.157321 0.157824 0.158190 0.158308 0.158119 0.157630 0.156924 0.156151 0.155505 0.155185 0.155342 0.156032 0.157160 0.158451 0.159463 0.159647 0.158515 0.158831 0.159182 0.158902 0.158241 0.157470 0.156803 0.156366 0.156201 0.156275 0.156508 0.156800 0.157054 0.157198 0.157192 0.157038 0.156773 0.156460 0.156177 0.155997 0.155978 0.156146 0.156492 0.156967 0.157489 0.157960 0.158282 0.158381 0.158235 0.157890 0.157464 0.157133 0.157081 0.153594 0.156086 0.157269 0.157472 0.157151 0.156710 0.156422 0.156404 0.156646 0.157044 0.157453 0.157731 0.157773 0.157534 0.157033 0.156345 0.155584 0.154879 0.154341 0.154042 0.153993 0.154139 0.154363 0.154509 0.154417 0.153970 0.153142 0.152050 0.150973 0.150346 0.150684 0.152424 0.153125 0.149812 0.149372 0.150712 0.152651 0.154277 0.155075 0.154924 0.154010 0.152696 0.151392 0.150449 0.150080 0.150330 0.151073 0.152058 0.152968 0.153499 0.153430 0.152684 0.151362 0.149738 0.148216 0.147243 0.147188 0.148206 0.150101 0.152237 0.153528 0.152582 0.148067 0.139391 0.187976 0.162302 0.154475 0.161373 0.177588 0.197547 0.216694 0.232008 0.242062 0.246785 0.247079 0.244386 0.240287 0.236172 0.233026 0.231323 0.231039 0.231743 0.232769 0.233402 0.233074 0.231517 0.228844 0.225553 0.222426 0.220326 0.219939 0.221469 0.224380 0.227270 0.228001 0.224256
0.219740 0.219226 0.219814 0.221057 0.222505 0.223826 0.224843 0.225519 0.225917 0.226154 0.226347 0.226582 0.226894 0.227261 0.227618 0.227884 0.227986 0.227899 0.227671 0.227435 0.227414 0.227898 0.229199 0.231593 0.235232 0.240059 0.245717 0.251480 0.256228 0.258488 0.256584 0.248932 0.162298 0.153002 0.147539 0.145028 0.144562 0.145333 0.146696 0.148189 0.149526 0.150570 0.151292 0.151736 0.151986 0.152128 0.152238 0.152366 0.152530 0.152723 0.152919 0.153086 0.153195 0.153231 0.153201 0.153131 0.153062 0.153039 0.153093 0.153226 0.153391 0.153491 0.153389 0.152943 0.152734 0.156094 0.156913 0.155973 0.154235 0.152535 0.151432 0.151177 0.151745 0.152914 0.154358 0.155731 0.156742 0.157206 0.157067 0.156394 0.155361 0.154204 0.153176 0.152493 0.152293 0.152609 0.153356 0.154348 0.155333 0.156060 0.156346 0.156154 0.155655 0.155248 0.155504 0.157005 0.156710 0.155331 0.155093 0.155580 0.156343 0.157030 0.157439 0.157517 0.157325 0.156993 0.156665 0.156461 0.156449 0.156631 0.156947 0.157289 0.157532 0.157558 0.157291 0.156718 0.155905 0.154994 0.154189 0.153715 0.153774 0.154482 0.155810 0.157534 0.159214 0.160225 0.159868 0.157591 0.157735 0.158101 0.158042 0.157711 0.157282 0.156895 0.156635 0.156534 0.156575 0.156711 0.156884 0.157036 0.157122 0.157121 0.157035 0.156886 0.156713 0.156561 0.156470 0.156471 0.156573 0.156764 0.157009 0.157257 0.157449 0.157537 0.157493 0.157327 0.157095 0.156896 0.156854 0.157066 0.152993 0.155816 0.157201 0.157499 0.157201 0.156751 0.156448 0.156426 0.156674 0.157082 0.157491 0.157743 0.157722 0.157377 0.156727 0.155859 0.154904 0.154011 0.153317 0.152915 0.152836 0.153035 0.153396 0.153752 0.153923 0.153761 0.153206 0.152336 0.151400 0.150812 0.151083 0.152668 0.153009 0.149456 0.148920 0.150301 0.152375 0.154170 0.155114 0.155039 0.154103 0.152665 0.151157 0.149967 0.149358 0.149424 0.150083 0.151112 0.152198 0.153015 0.153295 0.152897 0.151845 0.150344 0.148745 0.147485 0.146976 0.147483 0.148984 0.151068 0.152886 0.153227 0.150771 0.144607 0.163449 0.132683 0.123557 0.132219 0.152256 0.177083 0.201291 0.221237 0.235116 0.242705 0.244925 0.243357 0.239785 0.235814 0.232622 0.230828 0.230494 0.231222 0.232328 0.233059 0.232796 0.231232 0.228470 0.225027 0.221733 0.219518 0.219127 0.220794 0.223954 0.227102 0.227931 0.223922
0.219505 0.219871 0.220629 0.221710 0.222993 0.224341 0.225615 0.226700 0.227518 0.228028 0.228234 0.228175 0.227924 0.227573 0.227223 0.226971 0.226903 0.227083 0.227550 0.228312 0.229353 0.230636 0.232110 0.233718 0.235405 0.237115 0.238792 0.240351 0.241642 0.242383 0.242053 0.239753 0.144646 0.148321 0.150748 0.151531 0.151043 0.149929 0.148801 0.148090 0.148003 0.148535 0.149529 0.150749 0.151943 0.152905 0.153505 0.153711 0.153576 0.153222 0.152802 0.152466 0.152323 0.152411 0.152692 0.153053 0.153334 0.153376 0.153078 0.152458 0.151701 0.151178 0.151393 0.152839 0.152962 0.155222 0.155586 0.154693 0.153299 0.152042 0.151336 0.151346 0.152018 0.153147 0.154448 0.155628 0.156444 0.156745 0.156490 0.155749 0.154680 0.153501 0.152446 0.151726 0.151485 0.151780 0.152561 0.153682 0.154925 0.156043 0.156820 0.157132 0.157005 0.156647 0.156433 0.156814 0.156979 0.155994 0.155877 0.156266 0.156796 0.157207 0.157373 0.157292 0.157046 0.156760 0.156550 0.156499 0.156625 0.156890 0.157197 0.157424 0.157443 0.157158 0.156531 0.155601 0.154491 0.153400 0.152575 0.152265 0.152667 0.153852 0.155711 0.157903 0.159849 0.160783 0.159898 0.156618 0.156564 0.156345 0.156344 0.156487 0.156688 0.156876 0.157005 0.157059 0.157042 0.156976 0.156892 0.156815 0.156770 0.156767 0.156805 0.156875 0.156957 0.157030 0.157073 0.157071 0.157021 0.156929 0.156814 0.156703 0.156627 0.156613 0.156674 0.156801 0.156959 0.157077 0.157057 0.156789 0.152946 0.155651 0.156982 0.157274 0.156997 0.156573 0.156287 0.156265 0.156493 0.156862 0.157219 0.157409 0.157322 0.156907 0.156188 0.155249 0.154225 0.153268 0.152518 0.152078 0.151987 0.152212 0.152648 0.153135 0.153494 0.153569 0.153280 0.152671 0.151943 0.151455 0.151665 0.152995 0.152856 0.149251 0.148578 0.149836 0.151870 0.153725 0.154804 0.154889 0.154081 0.152693 0.151128 0.149778 0.148937 0.148747 0.149192 0.150105 0.151218 0.152218 0.152817 0.152817 0.152157 0.150935 0.149408 0.147947 0.146962 0.146804 0.147643 0.149362 0.151475 0.153130 0.153216 0.150671 0.144234 0.115592 0.106917 0.115006 0.134292 0.158900 0.183844 0.205587 0.222158 0.232981 0.238547 0.240015 0.238836 0.236422 0.233912 0.232035 0.231075 0.230923 0.231189 0.231363 0.230971 0.229725 0.227614 0.224933 0.222232 0.220180 0.219366 0.220065 0.222013 0.224274 0.225299 0.223295
0.218968 0.220653 0.221550 0.222177 0.222946 0.224052 0.225462 0.226982 0.228337 0.229270 0.229607 0.229305 0.228469 0.227329 0.226202 0.225425 0.225291 0.225977 0.227497 0.229670 0.232130 0.234364 0.235791 0.235882 0.234285 0.230969 0.226339 0.221286 0.217138 0.215441 0.217499 0.223604 0.134460 0.146554 0.153959 0.156677 0.155948 0.153372 0.150387 0.148019 0.146807 0.146849 0.147921 0.149609 0.151446 0.153021 0.154056 0.154438 0.154217 0.153577 0.152770 0.152059 0.151645 0.151624 0.151954 0.152466 0.152904 0.152998 0.152565 0.151613 0.150429 0.149607 0.149984 0.152389 0.153129 0.154382 0.154400 0.153650 0.152657 0.151852 0.151497 0.151681 0.152340 0.153303 0.154349 0.155256 0.155843 0.156000 0.155702 0.155007 0.154047 0.152998 0.152054 0.151395 0.151154 0.151396 0.152104 0.153176 0.154443 0.155693 0.156712 0.157333 0.157478 0.157201 0.156699 0.156284 0.157226 0.156842 0.156893 0.157112 0.157278 0.157269 0.157072 0.156754 0.156426 0.156202 0.156161 0.156331 0.156676 0.157103 0.157482 0.157670 0.157544 0.157029 0.156127 0.154923 0.153592 0.152376 0.151551 0.151376 0.152029 0.153540 0.155729 0.158171 0.160198 0.160965 0.159623 0.155617 0.155417 0.154081 0.153961 0.154652 0.155684 0.156665 0.157347 0.157631 0.157544 0.157202 0.156756 0.156356 0.156116 0.156094 0.156286 0.156633 0.157038 0.157389 0.157583 0.157555 0.157290 0.156837 0.156297 0.155816 0.155543 0.155598 0.156021 0.156731 0.157503 0.157966 0.157664 0.156189 0.153468 0.155579 0.156570 0.156730 0.156449 0.156072 0.155828 0.155810 0.155999 0.156297 0.156570 0.156687 0.156556 0.156137 0.155452 0.154579 0.153636 0.152756 0.152066 0.151659 0.151574 0.151788 0.152216 0.152725 0.153158 0.153378 0.153302 0.152947 0.152460 0.152116 0.152278 0.153288 0.152731 0.149110 0.148232 0.149253 0.151138 0.152991 0.154211 0.154528 0.153971 0.152776 0.151292 0.149884 0.148855 0.148391 0.148539 0.149206 0.150189 0.151219 0.152017 0.152352 0.152091 0.151234 0.149928 0.148449 0.147165 0.146459 0.146641 0.147847 0.149938 0.152445 0.154559 0.155230 0.132982 0.114185 0.107831 0.112813 0.126349 0.145089 0.165836 0.185960 0.203586 0.217627 0.227697 0.233976 0.237030 0.237642 0.236651 0.234830 0.232798 0.230968 0.229541 0.228530 0.227806 0.227164 0.226392 0.225339 0.223960 0.222345 0.220715 0.219390 0.218714 0.218971 0.220272 0.222453
0.218118 0.221233 0.222212 0.222232 0.222307 0.223014 0.224456 0.226363 0.228263 0.229664 0.230199 0.229735 0.228402 0.226573 0.224784 0.223618 0.223568 0.224916 0.227622 0.231275 0.235103 0.238057 0.238975 0.236809 0.230908 0.221306 0.208974 0.195955 0.185302 0.180687 0.185559 0.201661 0.132466 0.146413 0.154933 0.158155 0.157460 0.154593 0.151133 0.148229 0.146521 0.146181 0.147024 0.148647 0.150565 0.152328 0.153607 0.154231 0.154199 0.153654 0.152826 0.151976 0.151329 0.151021 0.151064 0.151349 0.151669 0.151786 0.151515 0.150821 0.149906 0.149249 0.149554 0.151557 0.153177 0.153684 0.153521 0.152985 0.152386 0.151964 0.151858 0.152098 0.152625 0.153321 0.154038 0.154633 0.154991 0.155045 0.154781 0.154242 0.153520 0.152736 0.152028 0.151525 0.151329 0.151498 0.152034 0.152880 0.153922 0.155006 0.155961 0.156625 0.156883 0.156699 0.156145 0.155406 0.157356 0.157709 0.157948 0.157942 0.157650 0.157128 0.156495 0.155898 0.155475 0.155326 0.155486 0.155921 0.156535 0.157183 0.157701 0.157932 0.157759 0.157131 0.156082 0.154738 0.153306 0.152051 0.151259 0.151176 0.151954 0.153582 0.155836 0.158250 0.160132 0.160643 0.158971 0.154634 0.154389 0.151601 0.151210 0.152436 0.154364 0.156228 0.157537 0.158090 0.157937 0.157290 0.156441 0.155674 0.155206 0.155147 0.155488 0.156119 0.156853 0.157482 0.157817 0.157740 0.157236 0.156406 0.155456 0.154661 0.154305 0.154597 0.155583 0.157069 0.158573 0.159347 0.158501 0.155283 0.154448 0.155565 0.155966 0.155872 0.155552 0.155230 0.155042 0.155035 0.155178 0.155390 0.155569 0.155624 0.155489 0.155140 0.154598 0.153922 0.153200 0.152531 0.152008 0.151699 0.151634 0.151800 0.152138 0.152555 0.152938 0.153188 0.153238 0.153092 0.152838 0.152653 0.152776 0.153434 0.152684 0.148958 0.147803 0.148532 0.150231 0.152066 0.153436 0.154027 0.153789 0.152880 0.151582 0.150216 0.149079 0.148381 0.148218 0.148566 0.149293 0.150187 0.151005 0.151519 0.151561 0.151066 0.150090 0.148820 0.147547 0.146625 0.146403 0.147140 0.148910 0.151513 0.154411 0.156710 0.130686 0.128014 0.125530 0.125327 0.128925 0.136941 0.149076 0.164295 0.181091 0.197800 0.212868 0.225082 0.233705 0.238534 0.239878 0.238459 0.235262 0.231363 0.227748 0.225146 0.223924 0.224028 0.225010 0.226136 0.226567 0.225600 0.222935 0.218920 0.214700 0.212192 0.213766 0.221496
0.217028 0.221195 0.222183 0.221682 0.221172 0.221529 0.222955 0.225125 0.227417 0.229163 0.229862 0.229316 0.227688 0.225462 0.223340 0.222076 0.222297 0.224318 0.228012 0.232730 0.237330 0.240297 0.239986 0.234946 0.224327 0.208295 0.188393 0.167745 0.150974 0.143662 0.151174 0.176578 0.137666 0.146778 0.152629 0.155133 0.155019 0.153310 0.150995 0.148858 0.147396 0.146824 0.147119 0.148090 0.149451 0.150897 0.152158 0.153040 0.153447 0.153378 0.152917 0.152204 0.151406 0.150678 0.150135 0.149836 0.149772 0.149876 0.150045 0.150178 0.150214 0.150173 0.150174 0.150422 0.153098 0.153202 0.153034 0.152746 0.152477 0.152324 0.152335 0.152512 0.152817 0.153188 0.153552 0.153840 0.154001 0.154001 0.153839 0.153536 0.153139 0.152710 0.152322 0.152043 0.151929 0.152017 0.152314 0.152797 0.153409 0.154069 0.154674 0.155122 0.155324 0.155228 0.154845 0.154271 0.157289 0.158408 0.158825 0.158565 0.157790 0.156740 0.155668 0.154799 0.154295 0.154231 0.154595 0.155296 0.156180 0.157062 0.157749 0.158083 0.157956 0.157342 0.156300 0.154979 0.153597 0.152417 0.151704 0.151673 0.152437 0.153951 0.155976 0.158061 0.159567 0.159752 0.157927 0.153733 0.153555 0.149283 0.148538 0.150194 0.152917 0.155586 0.157477 0.158289 0.158084 0.157164 0.155947 0.154839 0.154152 0.154043 0.154500 0.155363 0.156369 0.157221 0.157658 0.157521 0.156799 0.155650 0.154379 0.153386 0.153070 0.153712 0.155346 0.157643 0.159854 0.160849 0.159311 0.154177 0.155655 0.155550 0.155212 0.154788 0.154402 0.154132 0.154010 0.154020 0.154119 0.154247 0.154344 0.154359 0.154263 0.154049 0.153732 0.153350 0.152950 0.152585 0.152303 0.152137 0.152103 0.152193 0.152379 0.152613 0.152841 0.153012 0.153093 0.153081 0.153013 0.152965 0.153043 0.153346 0.152737 0.148756 0.147275 0.147718 0.149251 0.151079 0.152596 0.153449 0.153533 0.152937 0.151882 0.150647 0.149503 0.148664 0.148252 0.148288 0.148694 0.149320 0.149974 0.150464 0.150637 0.150413 0.149808 0.148940 0.148017 0.147306 0.147081 0.147555 0.148808 0.150712 0.152880 0.154651 0.136387 0.152764 0.154937 0.148586 0.140114 0.134709 0.135497 0.143413 0.157557 0.175771 0.195309 0.213458 0.228024 0.237658 0.241984 0.241553 0.237645 0.231963 0.226282 0.222091 0.220300 0.221064 0.223742 0.227045 0.229340 0.229110 0.225497 0.218836 0.211043 0.205667 0.207370 0.220541
0.215860 0.220148 0.221061 0.220416 0.219790 0.220101 0.221551 0.223784 0.226138 0.227915 0.228606 0.228035 0.226405 0.224251 0.222322 0.221392 0.222064 0.224580 0.228670 0.233495 0.237678 0.239467 0.237009 0.228734 0.213816 0.192639 0.167201 0.141338 0.120607 0.111668 0.120927 0.152176 0.147442 0.146932 0.147473 0.148490 0.149469 0.150077 0.150186 0.149849 0.149242 0.148594 0.148130 0.148015 0.148325 0.149035 0.150028 0.151120 0.152095 0.152751 0.152937 0.152590 0.151751 0.150573 0.149296 0.148211 0.147598 0.147657 0.148428 0.149733 0.151140 0.151997 0.151546 0.149173 0.152928 0.152959 0.152927 0.152878 0.152839 0.152822 0.152828 0.152855 0.152895 0.152940 0.152982 0.153013 0.153028 0.153025 0.153003 0.152966 0.152919 0.152868 0.152821 0.152787 0.152773 0.152783 0.152819 0.152881 0.152960 0.153047 0.153125 0.153179 0.153196 0.153169 0.153112 0.153064 0.156968 0.158758 0.159312 0.158810 0.157608 0.156109 0.154683 0.153613 0.153067 0.153093 0.153633 0.154547 0.155639 0.156699 0.157530 0.157980 0.157963 0.157475 0.156592 0.155465 0.154299 0.153323 0.152751 0.152746 0.153369 0.154554 0.156075 0.157552 0.158481 0.158302 0.156538 0.152989 0.152963 0.147533 0.146451 0.148348 0.151594 0.154814 0.157111 0.158112 0.157882 0.156782 0.155312 0.153966 0.153118 0.152958 0.153472 0.154468 0.155630 0.156605 0.157085 0.156890 0.156020 0.154677 0.153240 0.152195 0.152018 0.153028 0.155230 0.158179 0.160909 0.161992 0.159798 0.153050 0.156769 0.155462 0.154395 0.153641 0.153183 0.152962 0.152903 0.152935 0.153002 0.153065 0.153102 0.153106 0.153081 0.153034 0.152978 0.152923 0.152876 0.152842 0.152823 0.152814 0.152815 0.152821 0.152830 0.152842 0.152857 0.152878 0.152908 0.152944 0.152981 0.153010 0.153014 0.152976 0.152876 0.148518 0.146713 0.146925 0.148342 0.150171 0.151796 0.152845 0.153179 0.152853 0.152047 0.151003 0.149962 0.149117 0.148586 0.148399 0.148510 0.148811 0.149168 0.149447 0.149553 0.149446 0.149155 0.148776 0.148447 0.148316 0.148491 0.148989 0.149695 0.150339 0.150523 0.149820 0.147259 0.180793 0.187315 0.175466 0.155812 0.137540 0.126869 0.126642 0.136694 0.154655 0.176911 0.199549 0.219141 0.233297 0.240938 0.242315 0.238789 0.232447 0.225620 0.220376 0.218092 0.219160 0.222892 0.227667 0.231323 0.231757 0.227670 0.219315 0.209072 0.201582 0.203105 0.219704
0.214843 0.217848 0.218609 0.218469 0.218521 0.219333 0.220936 0.222974 0.224910 0.226232 0.226623 0.226044 0.224758 0.223264 0.222178 0.222076 0.223324 0.225930 0.229443 0.232922 0.235000 0.234051 0.228460 0.216973 0.199108 0.175560 0.148539 0.121924 0.101117 0.092438 0.101854 0.132827 0.158003 0.146677 0.141270 0.140632 0.142873 0.146153 0.149094 0.150923 0.151431 0.150841 0.149627 0.148337 0.147444 0.147243 0.147808 0.148990 0.150475 0.151858 0.152749 0.152864 0.152101 0.150587 0.148668 0.146855 0.145715 0.145713 0.147047 0.149475 0.152215 0.153952 0.153053 0.148079 0.152739 0.152924 0.153091 0.153228 0.153309 0.153314 0.153235 0.153083 0.152881 0.152662 0.152463 0.152317 0.152251 0.152277 0.152397 0.152595 0.152846 0.153113 0.153355 0.153531 0.153605 0.153553 0.153364 0.153046 0.152629 0.152160 0.151702 0.151329 0.151117 0.151136 0.151435 0.152035 0.156375 0.158618 0.159236 0.158550 0.157062 0.155295 0.153689 0.152548 0.152027 0.152141 0.152794 0.153811 0.154982 0.156096 0.156976 0.157496 0.157604 0.157315 0.156714 0.155935 0.155141 0.154497 0.154140 0.154156 0.154550 0.155239 0.156044 0.156706 0.156921 0.156391 0.154910 0.152473 0.152627 0.146716 0.145424 0.147314 0.150667 0.154026 0.156440 0.157505 0.157281 0.156142 0.154608 0.153194 0.152291 0.152097 0.152597 0.153590 0.154752 0.155718 0.156174 0.155943 0.155035 0.153675 0.152266 0.151319 0.151324 0.152597 0.155110 0.158352 0.161258 0.162282 0.159681 0.152122 0.157432 0.155230 0.153628 0.152640 0.152141 0.151966 0.151962 0.152016 0.152066 0.152089 0.152096 0.152112 0.152165 0.152275 0.152449 0.152675 0.152928 0.153175 0.153377 0.153503 0.153535 0.153471 0.153329 0.153144 0.152958 0.152815 0.152746 0.152751 0.152797 0.152809 0.152685 0.152328 0.153049 0.148312 0.146257 0.146322 0.147664 0.149469 0.151117 0.152235 0.152689 0.152531 0.151931 0.151106 0.150265 0.149566 0.149090 0.148846 0.148782 0.148809 0.148836 0.148794 0.148667 0.148493 0.148365 0.148400 0.148704 0.149311 0.150133 0.150917 0.151230 0.150509 0.148203 0.144042 0.159097 0.202510 0.211837 0.196954 0.170443 0.143609 0.124485 0.117226 0.122418 0.137924 0.159955 0.184137 0.206439 0.223837 0.234693 0.238836 0.237376 0.232323 0.226079 0.220894 0.218379 0.219162 0.222737 0.227582 0.231528 0.232377 0.228666 0.220482 0.210087 0.202121 0.203001 0.219091
0.214228 0.214339 0.214901 0.216071 0.217775 0.219763 0.221700 0.223266 0.224239 0.224544 0.224277 0.223679 0.223084 0.222844 0.223241 0.224396 0.226202 0.228273 0.229947 0.230322 0.228355 0.223009 0.213446 0.199246 0.180640 0.158705 0.135506 0.114093 0.098313 0.092340 0.099829 0.122563 0.165178 0.146309 0.136726 0.134901 0.138011 0.143187 0.148183 0.151636 0.153046 0.152604 0.150933 0.148833 0.147049 0.146108 0.146234 0.147331 0.149042 0.150851 0.152218 0.152710 0.152122 0.150537 0.148346 0.146172 0.144744 0.144691 0.146312 0.149347 0.152824 0.155057 0.153904 0.147432 0.152619 0.153013 0.153341 0.153573 0.153679 0.153641 0.153465 0.153179 0.152826 0.152462 0.152143 0.151921 0.151833 0.151897 0.152112 0.152453 0.152876 0.153324 0.153730 0.154025 0.154149 0.154059 0.153735 0.153187 0.152462 0.151638 0.150827 0.150162 0.149785 0.149826 0.150373 0.151442 0.155536 0.157914 0.158509 0.157735 0.156178 0.154403 0.152856 0.151820 0.151412 0.151606 0.152278 0.153245 0.154310 0.155295 0.156068 0.156555 0.156743 0.156673 0.156426 0.156103 0.155802 0.155597 0.155529 0.155587 0.155717 0.155826 0.155805 0.155554 0.155014 0.154197 0.153207 0.152238 0.152525 0.147074 0.145797 0.147410 0.150369 0.153359 0.155521 0.156485 0.156299 0.155293 0.153928 0.152662 0.151843 0.151647 0.152061 0.152908 0.153900 0.154716 0.155085 0.154855 0.154048 0.152870 0.151689 0.150962 0.151121 0.152431 0.154843 0.157862 0.160496 0.161322 0.158755 0.151609 0.157326 0.154798 0.153031 0.152000 0.151529 0.151403 0.151438 0.151509 0.151553 0.151562 0.151562 0.151597 0.151706 0.151914 0.152222 0.152608 0.153028 0.153428 0.153751 0.153952 0.154004 0.153907 0.153687 0.153395 0.153092 0.152839 0.152675 0.152598 0.152555 0.152440 0.152115 0.151456 0.153184 0.148247 0.146089 0.146091 0.147360 0.149065 0.150598 0.151616 0.152021 0.151894 0.151420 0.150807 0.150236 0.149819 0.149586 0.149496 0.149459 0.149375 0.149167 0.148815 0.148372 0.147966 0.147773 0.147971 0.148677 0.149868 0.151309 0.152512 0.152742 0.151120 0.146869 0.139745 0.167202 0.208528 0.218023 0.204152 0.178156 0.150464 0.128812 0.117591 0.118002 0.128712 0.146729 0.168319 0.189817 0.208252 0.221724 0.229554 0.232191 0.230952 0.227638 0.224099 0.221825 0.221624 0.223462 0.226479 0.229224 0.230085 0.227856 0.222361 0.214975 0.208843 0.208534 0.218783
0.214234 0.210094 0.210467 0.213685 0.217907 0.221664 0.224090 0.224943 0.224485 0.223298 0.222080 0.221454 0.221826 0.223289 0.225598 0.228198 0.230306 0.231030 0.229506 0.225048 0.217268 0.206179 0.192242 0.176352 0.159766 0.143963 0.130449 0.120529 0.115069 0.114294 0.117679 0.124004 0.165465 0.146437 0.136622 0.134584 0.137573 0.142751 0.147865 0.151514 0.153144 0.152887 0.151320 0.149213 0.147305 0.146143 0.145987 0.146793 0.148259 0.149917 0.151259 0.151863 0.151507 0.150233 0.148369 0.146468 0.145190 0.145118 0.146545 0.149256 0.152387 0.154408 0.153361 0.147464 0.152631 0.153106 0.153459 0.153675 0.153743 0.153663 0.153453 0.153148 0.152793 0.152442 0.152146 0.151950 0.151884 0.151964 0.152186 0.152525 0.152940 0.153375 0.153767 0.154050 0.154167 0.154075 0.153752 0.153208 0.152484 0.151659 0.150843 0.150171 0.149788 0.149829 0.150390 0.151483 0.154526 0.156672 0.157151 0.156415 0.155044 0.153560 0.152344 0.151606 0.151398 0.151655 0.152237 0.152981 0.153732 0.154378 0.154857 0.155164 0.155340 0.155449 0.155563 0.155736 0.155986 0.156285 0.156559 0.156701 0.156591 0.156138 0.155312 0.154186 0.152963 0.151972 0.151625 0.152302 0.152602 0.148644 0.147665 0.148759 0.150827 0.152934 0.154466 0.155156 0.155033 0.154329 0.153368 0.152471 0.151885 0.151731 0.152003 0.152574 0.153244 0.153791 0.154026 0.153848 0.153279 0.152470 0.151686 0.151249 0.151461 0.152500 0.154312 0.156526 0.158413 0.158940 0.156968 0.151663 0.156269 0.154151 0.152703 0.151887 0.151539 0.151471 0.151523 0.151592 0.151631 0.151640 0.151645 0.151688 0.151805 0.152015 0.152317 0.152688 0.153086 0.153461 0.153763 0.153951 0.154003 0.153920 0.153726 0.153464 0.153185 0.152934 0.152732 0.152563 0.152361 0.152021 0.151417 0.150464 0.153203 0.148435 0.146383 0.146379 0.147519 0.148993 0.150238 0.150972 0.151157 0.150922 0.150478 0.150040 0.149765 0.149723 0.149890 0.150164 0.150398 0.150449 0.150222 0.149704 0.148980 0.148238 0.147724 0.147693 0.148322 0.149617 0.151327 0.152885 0.153423 0.151879 0.147285 0.139272 0.167577 0.192360 0.198765 0.190787 0.174390 0.155563 0.139187 0.128521 0.125113 0.128999 0.139059 0.153446 0.170007 0.186654 0.201648 0.213777 0.222437 0.227608 0.229756 0.229676 0.228307 0.226545 0.225085 0.224313 0.224260 0.224648 0.224999 0.224814 0.223784 0.221987 0.219998 0.218828
0.214970 0.206107 0.206386 0.212011 0.219112 0.224845 0.227771 0.227771 0.225684 0.222844 0.220616 0.220022 0.221493 0.224772 0.228972 0.232748 0.234568 0.233022 0.227133 0.216607 0.201984 0.184654 0.166714 0.150650 0.138886 0.133211 0.134198 0.140688 0.149530 0.155737 0.153347 0.137251 0.157207 0.147674 0.142733 0.141684 0.143167 0.145769 0.148364 0.150242 0.151113 0.151031 0.150273 0.149217 0.148231 0.147593 0.147444 0.147773 0.148443 0.149233 0.149897 0.150227 0.150108 0.149553 0.148706 0.147829 0.147230 0.147190 0.147851 0.149117 0.150582 0.151527 0.151029 0.148255 0.152782 0.153072 0.153254 0.153344 0.153352 0.153290 0.153169 0.153010 0.152834 0.152666 0.152528 0.152441 0.152418 0.152465 0.152579 0.152747 0.152951 0.153162 0.153350 0.153485 0.153538 0.153488 0.153326 0.153056 0.152699 0.152292 0.151891 0.151561 0.151374 0.151398 0.151677 0.152217 0.153467 0.155035 0.155322 0.154754 0.153813 0.152897 0.152251 0.151972 0.152033 0.152327 0.152719 0.153084 0.153339 0.153459 0.153472 0.153453 0.153499 0.153698 0.154110 0.154737 0.155515 0.156311 0.156944 0.157213 0.156944 0.156048 0.154574 0.152758 0.151036 0.150018 0.150375 0.152630 0.152783 0.151195 0.150785 0.151197 0.151999 0.152823 0.153424 0.153698 0.153653 0.153380 0.153005 0.152653 0.152420 0.152354 0.152453 0.152667 0.152918 0.153121 0.153203 0.153128 0.152905 0.152597 0.152308 0.152165 0.152284 0.152732 0.153481 0.154378 0.155127 0.155313 0.154484 0.152312 0.154307 0.153328 0.152688 0.152351 0.152230 0.152227 0.152267 0.152303 0.152319 0.152319 0.152320 0.152343 0.152404 0.152512 0.152662 0.152841 0.153026 0.153195 0.153326 0.153405 0.153426 0.153396 0.153327 0.153238 0.153140 0.153033 0.152895 0.152675 0.152298 0.151677 0.150740 0.149490 0.153057 0.148955 0.147231 0.147235 0.148135 0.149212 0.149997 0.150293 0.150128 0.149680 0.149185 0.148863 0.148861 0.149217 0.149866 0.150653 0.151374 0.151828 0.151865 0.151426 0.150573 0.149487 0.148441 0.147750 0.147688 0.148390 0.149765 0.151413 0.152613 0.152390 0.149733 0.144014 0.158284 0.153300 0.153549 0.155906 0.157584 0.156925 0.153597 0.148396 0.142857 0.138782 0.137799 0.141020 0.148826 0.160803 0.175819 0.192213 0.208076 0.221567 0.231226 0.236235 0.236585 0.233111 0.227383 0.221439 0.217375 0.216836 0.220477 0.227487 0.235320 0.239814 0.235904 0.219227
0.216366 0.203910 0.204299 0.211941 0.221308 0.228484 0.231637 0.230820 0.227392 0.223312 0.220455 0.220093 0.222577 0.227258 0.232628 0.236644 0.237168 0.232447 0.221568 0.204784 0.183670 0.161032 0.140562 0.126220 0.121409 0.128003 0.145395 0.169750 0.193742 0.207112 0.198488 0.158976 0.141689 0.150243 0.154687 0.155639 0.154311 0.151963 0.149608 0.147888 0.147070 0.147115 0.147781 0.148733 0.149639 0.150246 0.150423 0.150170 0.149601 0.148910 0.148313 0.147996 0.148067 0.148524 0.149243 0.150002 0.150526 0.150568 0.149995 0.148881 0.147576 0.146717 0.147142 0.149651 0.152981 0.152800 0.152624 0.152508 0.152473 0.152520 0.152633 0.152788 0.152957 0.153115 0.153239 0.153311 0.153321 0.153268 0.153157 0.153001 0.152818 0.152634 0.152473 0.152361 0.152322 0.152372 0.152519 0.152759 0.153075 0.153433 0.153788 0.154081 0.154249 0.154230 0.153981 0.153493 0.152517 0.153272 0.153330 0.153028 0.152684 0.152505 0.152566 0.152826 0.153174 0.153473 0.153606 0.153505 0.153171 0.152671 0.152128 0.151691 0.151507 0.151688 0.152277 0.153230 0.154413 0.155610 0.156553 0.156972 0.156656 0.155522 0.153681 0.151487 0.149545 0.148651 0.149645 0.153121 0.152983 0.154193 0.154518 0.154221 0.153627 0.153014 0.152563 0.152357 0.152388 0.152591 0.152870 0.153133 0.153309 0.153362 0.153294 0.153141 0.152961 0.152817 0.152763 0.152823 0.152989 0.153214 0.153417 0.153505 0.153390 0.153028 0.152440 0.151750 0.151184 0.151059 0.151718 0.153404 0.151790 0.152438 0.152943 0.153276 0.153453 0.153515 0.153505 0.153461 0.153410 0.153365 0.153328 0.153294 0.153249 0.153183 0.153089 0.152963 0.152814 0.152655 0.152509 0.152399 0.152349 0.152375 0.152480 0.152649 0.152845 0.153005 0.153047 0.152871 0.152382 0.151509 0.150242 0.148685 0.152756 0.149796 0.148571 0.148548 0.149074 0.149605 0.149813 0.149596 0.149040 0.148346 0.147760 0.147496 0.147694 0.148383 0.149480 0.150806 0.152120 0.153165 0.153715 0.153625 0.152866 0.151541 0.149883 0.148222 0.146937 0.146372 0.146753 0.148097 0.150139 0.152304 0.153755 0.153551 0.140711 0.098881 0.091180 0.106197 0.130721 0.153817 0.168633 0.172667 0.167061 0.155403 0.142380 0.132537 0.129313 0.134446 0.147770 0.167384 0.190122 0.212231 0.230131 0.241149 0.244086 0.239533 0.229840 0.218705 0.210394 0.208650 0.215443 0.229775 0.246867 0.258143 0.252557 0.219938
0.218126 0.205441 0.206266 0.214440 0.224056 0.231075 0.233764 0.232404 0.228604 0.224501 0.222016 0.222301 0.225439 0.230416 0.235337 0.237838 0.235619 0.227001 0.211422 0.189773 0.164503 0.139432 0.119246 0.108685 0.111493 0.129222 0.160103 0.198205 0.233247 0.251465 0.238080 0.181993 0.123840 0.153604 0.169051 0.172332 0.167662 0.159428 0.151157 0.145092 0.142174 0.142281 0.144577 0.147902 0.151101 0.153289 0.153995 0.153204 0.151302 0.148944 0.146874 0.145736 0.145910 0.147396 0.149785 0.152327 0.154095 0.154244 0.152322 0.148579 0.144199 0.141332 0.142788 0.151207 0.153025 0.152239 0.151622 0.151275 0.151230 0.151461 0.151909 0.152487 0.153101 0.153661 0.154088 0.154323 0.154334 0.154117 0.153696 0.153121 0.152466 0.151817 0.151266 0.150905 0.150808 0.151028 0.151582 0.152446 0.153549 0.154773 0.155957 0.156910 0.157426 0.157324 0.156483 0.154903 0.151853 0.151761 0.151609 0.151606 0.151873 0.152415 0.153136 0.153873 0.154450 0.154719 0.154590 0.154057 0.153194 0.152148 0.151109 0.150281 0.149843 0.149914 0.150525 0.151602 0.152969 0.154367 0.155487 0.156032 0.155779 0.154657 0.152809 0.150637 0.148803 0.148155 0.149564 0.153610 0.153124 0.156823 0.157845 0.156985 0.155220 0.153384 0.152032 0.151409 0.151496 0.152097 0.152933 0.153723 0.154255 0.154423 0.154234 0.153795 0.153277 0.152870 0.152726 0.152920 0.153419 0.154077 0.154653 0.154860 0.154446 0.153276 0.151436 0.149306 0.147589 0.147253 0.149340 0.154582 0.149403 0.151661 0.153321 0.154337 0.154816 0.154922 0.154817 0.154629 0.154439 0.154282 0.154154 0.154029 0.153869 0.153643 0.153330 0.152933 0.152477 0.152004 0.151572 0.151243 0.151071 0.151092 0.151312 0.151701 0.152185 0.152655 0.152969 0.152974 0.152531 0.151554 0.150051 0.148184 0.152389 0.150816 0.150127 0.150003 0.150058 0.149987 0.149623 0.148953 0.148088 0.147220 0.146567 0.146322 0.146614 0.147479 0.148850 0.150563 0.152375 0.153999 0.155146 0.155571 0.155119 0.153762 0.151626 0.149006 0.146346 0.144206 0.143196 0.143874 0.146622 0.151490 0.158010 0.165002 0.120414 0.046138 0.031151 0.057200 0.102242 0.147303 0.179710 0.193804 0.190045 0.173253 0.150527 0.129278 0.115621 0.113314 0.123292 0.143765 0.170806 0.199283 0.223966 0.240625 0.246936 0.243041 0.231621 0.217419 0.206215 0.203326 0.211829 0.230825 0.254172 0.270325 0.264030 0.220868
0.219716 0.212708 0.214394 0.220325 0.226537 0.230564 0.231616 0.230254 0.227824 0.225831 0.225418 0.227003 0.230133 0.233549 0.235444 0.233847 0.227084 0.214228 0.195465 0.172302 0.147564 0.125130 0.109402 0.104524 0.113421 0.136749 0.171942 0.212577 0.248340 0.265988 0.251751 0.195725 0.112153 0.156207 0.179038 0.183839 0.176849 0.164567 0.152222 0.143145 0.138743 0.138846 0.142229 0.147173 0.151969 0.155296 0.156441 0.155368 0.152630 0.149182 0.146117 0.144389 0.144563 0.146656 0.150082 0.153754 0.156322 0.156551 0.153772 0.148344 0.141984 0.137820 0.139945 0.152197 0.152601 0.151423 0.150489 0.149968 0.149925 0.150336 0.151104 0.152088 0.153126 0.154058 0.154748 0.155100 0.155065 0.154646 0.153900 0.152923 0.151850 0.150829 0.150014 0.149541 0.149512 0.149983 0.150949 0.152342 0.154024 0.155802 0.157435 0.158666 0.159250 0.158995 0.157817 0.155793 0.151638 0.150945 0.150671 0.150896 0.151576 0.152566 0.153658 0.154628 0.155282 0.155484 0.155181 0.154411 0.153288 0.151992 0.150734 0.149721 0.149128 0.149062 0.149545 0.150496 0.151744 0.153044 0.154112 0.154683 0.154562 0.153693 0.152212 0.150478 0.149071 0.148723 0.150170 0.153879 0.153157 0.158081 0.159477 0.158388 0.156096 0.153699 0.151928 0.151105 0.151212 0.151994 0.153084 0.154118 0.154821 0.155052 0.154822 0.154271 0.153622 0.153118 0.152955 0.153226 0.153882 0.154725 0.155436 0.155641 0.155009 0.153375 0.150867 0.148003 0.145728 0.145336 0.148208 0.155300 0.148114 0.151228 0.153565 0.155014 0.155685 0.155784 0.155536 0.155132 0.154710 0.154346 0.154061 0.153835 0.153624 0.153378 0.153054 0.152631 0.152115 0.151540 0.150964 0.150462 0.150112 0.149979 0.150104 0.150484 0.151067 0.151744 0.152351 0.152690 0.152550 0.151757 0.150231 0.148078 0.152137 0.151722 0.151393 0.151081 0.150685 0.150129 0.149387 0.148497 0.147554 0.146697 0.146081 0.145853 0.146122 0.146936 0.148268 0.150002 0.151941 0.153824 0.155346 0.156206 0.156150 0.155025 0.152831 0.149769 0.146271 0.143003 0.140830 0.140733 0.143640 0.150183 0.160330 0.172883 0.107056 0.020633 0.002473 0.032462 0.085741 0.140483 0.181665 0.202034 0.201273 0.184157 0.158313 0.132046 0.112528 0.104557 0.109934 0.127466 0.153505 0.182874 0.210018 0.230176 0.240387 0.240151 0.231607 0.219145 0.208430 0.204925 0.212095 0.229586 0.251868 0.267916 0.262762 0.221885
0.220435 0.227152 0.230153 0.229913 0.227639 0.224776 0.222614 0.222037 0.223378 0.226389 0.230312 0.234013 0.236180 0.235540 0.231077 0.222229 0.209031 0.192197 0.173114 0.153744 0.136432 0.123625 0.117519 0.119657 0.130524 0.149192 0.173068 0.197860 0.217825 0.226455 0.217719 0.188032 0.117327 0.155586 0.175379 0.179492 0.173349 0.162603 0.151802 0.143846 0.139967 0.140024 0.142957 0.147272 0.151482 0.154432 0.155494 0.154625 0.152295 0.149325 0.146660 0.145127 0.145224 0.146973 0.149879 0.153012 0.155213 0.155417 0.153046 0.148400 0.142949 0.139378 0.141204 0.151725 0.151350 0.150490 0.149640 0.149088 0.149011 0.149458 0.150356 0.151546 0.152821 0.153965 0.154792 0.155172 0.155049 0.154446 0.153457 0.152238 0.150978 0.149877 0.149116 0.148832 0.149096 0.149904 0.151168 0.152731 0.154380 0.155882 0.157019 0.157631 0.157653 0.157142 0.156285 0.155364 0.151985 0.151240 0.151002 0.151264 0.151920 0.152801 0.153717 0.154486 0.154967 0.155074 0.154787 0.154150 0.153261 0.152256 0.151286 0.150496 0.150003 0.149877 0.150128 0.150702 0.151485 0.152319 0.153025 0.153436 0.153433 0.152983 0.152171 0.151218 0.150475 0.150380 0.151366 0.153699 0.153070 0.156980 0.158114 0.157290 0.155511 0.153641 0.152255 0.151609 0.151688 0.152295 0.153145 0.153954 0.154506 0.154694 0.154527 0.154113 0.153626 0.153253 0.153146 0.153372 0.153888 0.154536 0.155062 0.155172 0.154611 0.153256 0.151218 0.148918 0.147117 0.146844 0.149195 0.154918 0.149000 0.151371 0.153342 0.154663 0.155285 0.155296 0.154860 0.154173 0.153419 0.152742 0.152237 0.151940 0.151833 0.151858 0.151933 0.151969 0.151890 0.151652 0.151246 0.150712 0.150127 0.149601 0.149252 0.149183 0.149455 0.150051 0.150862 0.151669 0.152157 0.151961 0.150750 0.148379 0.152235 0.152091 0.151690 0.151135 0.150496 0.149813 0.149111 0.148414 0.147757 0.147194 0.146793 0.146632 0.146781 0.147289 0.148162 0.149356 0.150762 0.152210 0.153482 0.154333 0.154528 0.153887 0.152338 0.149969 0.147070 0.144166 0.142003 0.141495 0.143591 0.149053 0.158096 0.169879 0.112883 0.051925 0.038514 0.059403 0.097687 0.138135 0.169876 0.187227 0.189282 0.178793 0.160730 0.140842 0.124409 0.115328 0.115596 0.125187 0.142290 0.163819 0.186109 0.205660 0.219826 0.227329 0.228504 0.225214 0.220404 0.217338 0.218586 0.224948 0.234542 0.242417 0.241124 0.222823
0.219600 0.248610 0.253261 0.242491 0.226206 0.212274 0.205262 0.206369 0.214075 0.225140 0.235700 0.242228 0.242267 0.234844 0.220567 0.201424 0.180342 0.160599 0.145180 0.136183 0.134366 0.138935 0.147612 0.157039 0.163478 0.163763 0.156371 0.142424 0.126337 0.115769 0.120404 0.149000 0.149000 0.149000 0.149000 0.149000 0.149000 0.149000 0.149000 0.149000 0.149000 0.149000 0.149000 0.149000 0.149000 0.149000 0.149000 0.149000 0.149000 0.149000 0.149000 0.149000 0.149000 0.149000 0.149000 0.149000 0.149000 0.149000 0.149000 0.149000 0.149000 0.149000 0.149000 0.149000 0.149000 0.149661 0.149568 0.149201 0.148980 0.149159 0.149800 0.150804 0.151965 0.153039 0.153802 0.154098 0.153871 0.153170 0.152135 0.150977 0.149930 0.149215 0.148993 0.149331 0.150186 0.151399 0.152720 0.153845 0.154483 0.154425 0.153628 0.152275 0.150811 0.149917 0.150392 0.152900 0.152900 0.152900 0.152900 0.152900 0.152900 0.152900 0.152900 0.152900 0.152900 0.152900 0.152900 0.152900 0.152900 0.152900 0.152900 0.152900 0.152900 0.152900 0.152900 0.152900 0.152900 0.152900 0.152900 0.152900 0.152900 0.152900 0.152900 0.152900 0.152900 0.152900 0.152900 0.152900 0.152900 0.152900 0.152900 0.152900 0.152900 0.152900 0.152900 0.152900 0.152900 0.152900 0.152900 0.152900 0.152900 0.152900 0.152900 0.152900 0.152900 0.152900 0.152900 0.152900 0.152900 0.152900 0.152900 0.152900 0.152900 0.152900 0.152900 0.152900 0.152900 0.152900 0.152900 0.152900 0.152900 0.152232 0.152323 0.152693 0.152918 0.152743 0.152103 0.151099 0.149936 0.148861 0.148097 0.147800 0.148027 0.148730 0.149766 0.150925 0.151972 0.152686 0.152907 0.152567 0.151711 0.150498 0.149180 0.148058 0.147425 0.147484 0.148278 0.149619 0.151063 0.151936 0.151458 0.149000 0.152900 0.151476 0.150345 0.149569 0.149115 0.148905 0.148856 0.148890 0.148952 0.149006 0.149037 0.149042 0.149028 0.149006 0.148987 0.148977 0.148978 0.148989 0.149004 0.149018 0.149023 0.149018 0.149003 0.148983 0.148968 0.148965 0.148982 0.149017 0.149061 0.149093 0.149083 0.149000 0.149000 0.163902 0.166044 0.160418 0.152247 0.145443 0.142062 0.142402 0.145466 0.149585 0.153026 0.154490 0.153435 0.150189 0.145876 0.142170 0.140936 0.143819 0.151843 0.165101 0.182587 0.202214 0.221062 0.235853 0.243605 0.242438 0.232372 0.215989 0.198724 0.188494 0.194319 0.223500
0.219600 0.189126 0.183090 0.193797 0.211791 0.228806 0.239209 0.240364 0.232318 0.217099 0.197854 0.178017 0.160613 0.147767 0.140454 0.138490 0.140716 0.145340 0.150365 0.154023 0.155160 0.153485 0.149648 0.145100 0.141743 0.141392 0.145109 0.152545 0.161444 0.167548 0.165196 0.149000 0.149000 0.149000 0.149000 0.149000 0.149000 0.149000 0.149000 0.149000 0.149000 0.149000 0.149000 0.149000 0.149000 0.149000 0.149000 0.149000 0.149000 0.149000 0.149000 0.149000 0.149000 0.149000 0.149000 0.149000 0.149000 0.149000 0.149000 0.149000 0.149000 0.149000 0.149000 0.149000 0.149000 0.148605 0.148553 0.148705 0.148917 0.149089 0.149171 0.149160 0.149084 0.148986 0.148909 0.148880 0.148907 0.148976 0.149060 0.149123 0.149135 0.149079 0.148962 0.148821 0.148717 0.148732 0.148948 0.149432 0.150202 0.151211 0.152315 0.153273 0.153754 0.153384 0.151838 0.149000 0.152900 0.154319 0.154534 0.154007 0.153219 0.152544 0.152189 0.152205 0.152516 0.152966 0.153378 0.153594 0.153506 0.153080 0.152353 0.151424 0.150431 0.149523 0.148830 0.148439 0.148371 0.148576 0.148943 0.149320 0.149553 0.149532 0.149244 0.148812 0.148523 0.148803 0.150139 0.152900 0.152900 0.154748 0.155315 0.154788 0.153545 0.152013 0.150575 0.149513 0.148989 0.149041 0.149599 0.150516 0.151598 0.152638 0.153449 0.153893 0.153893 0.153449 0.152638 0.151598 0.150516 0.149599 0.149041 0.148989 0.149513 0.150575 0.152013 0.153545 0.154788 0.155315 0.154748 0.152900 0.152900 0.148484 0.146637 0.146823 0.148228 0.150055 0.151690 0.152758 0.153118 0.152824 0.152051 0.151038 0.150020 0.149186 0.148651 0.148445 0.148521 0.148777 0.149086 0.149324 0.149405 0.149300 0.149044 0.148733 0.148498 0.148469 0.148726 0.149251 0.149887 0.150330 0.150167 0.149000 0.149000 0.149000 0.149000 0.149000 0.149000 0.149000 0.149000 0.149000 0.149000 0.149000 0.149000 0.149000 0.149000 0.149000 0.149000 0.149000 0.149000 0.149000 0.149000 0.149000 0.149000 0.149000 0.149000 0.149000 0.149000 0.149000 0.149000 0.149000 0.149000 0.149000 0.149000 0.149000 0.149000 0.151330 0.151667 0.150790 0.149510 0.148439 0.147899 0.147945 0.148428 0.149096 0.149676 0.149950 0.149802 0.149230 0.148333 0.147285 0.146278 0.145481 0.144995 0.144825 0.144885 0.145026 0.145100 0.145047 0.145000 0.145394 0.147044 0.151155 0.159235 0.172828 0.193017 0.219600
0.246595 0.202476 0.181901 0.179358 0.186956 0.197292 0.204920 0.206850 0.202388 0.192613 0.179678 0.166114 0.154230 0.145679 0.141230 0.140735 0.143265 0.147385 0.151500 0.154218 0.154667 0.152698 0.148951 0.144727 0.141691 0.141401 0.144746 0.151375 0.159277 0.164706 0.162704 0.148565 0.146492 0.147269 0.148068 0.148736 0.149190 0.149411 0.149426 0.149297 0.149098 0.148900 0.148758 0.148707 0.148754 0.148880 0.149049 0.149216 0.149333 0.149360 0.149277 0.149087 0.148816 0.148515 0.148250 0.148094 0.148105 0.148315 0.148713 0.149228 0.149729 0.150036 0.149948 0.149313 0.149000 0.148607 0.148533 0.148656 0.148848 0.149012 0.149098 0.149098 0.149031 0.148935 0.148849 0.148802 0.148805 0.148855 0.148931 0.149004 0.149047 0.149039 0.148978 0.148880 0.148787 0.148755 0.148848 0.149119 0.149596 0.150256 0.151011 0.151697 0.152082 0.151894 0.150886 0.148949 0.151425 0.153135 0.153385 0.152744 0.151802 0.151008 0.150603 0.150633 0.150994 0.151498 0.151939 0.152150 0.152038 0.151600 0.150920 0.150148 0.149462 0.149032 0.148975 0.149330 0.150031 0.150914 0.151740 0.152235 0.152159 0.151379 0.149951 0.148178 0.146632 0.146113 0.147495 0.151425 0.151425 0.154731 0.156232 0.156159 0.155002 0.153314 0.151582 0.150162 0.149261 0.148937 0.149132 0.149703 0.150466 0.151230 0.151832 0.152155 0.152146 0.151818 0.151241 0.150529 0.149822 0.149262 0.148965 0.149006 0.149397 0.150080 0.150931 0.151770 0.152390 0.152599 0.152274 0.151425 0.154313 0.150424 0.148408 0.147962 0.148535 0.149560 0.150578 0.151293 0.151575 0.151432 0.150967 0.150328 0.149671 0.149124 0.148765 0.148618 0.148655 0.148811 0.149003 0.149154 0.149211 0.149157 0.149022 0.148874 0.148798 0.148878 0.149152 0.149587 0.150046 0.150290 0.150011 0.148925 0.148875 0.149387 0.149477 0.149302 0.149034 0.148805 0.148686 0.148694 0.148799 0.148947 0.149077 0.149139 0.149106 0.148977 0.148777 0.148550 0.148351 0.148233 0.148234 0.148368 0.148620 0.148944 0.149271 0.149516 0.149606 0.149490 0.149173 0.148726 0.148298 0.148104 0.148382 0.149313 0.147833 0.150414 0.150472 0.149038 0.147193 0.145751 0.145141 0.145427 0.146391 0.147656 0.148807 0.149497 0.149514 0.148816 0.147521 0.145878 0.144199 0.142799 0.141921 0.141687 0.142068 0.142893 0.143890 0.144770 0.145340 0.145630 0.146011 0.147276 0.150624 0.157506 0.169245 0.186358
0.254527 0.206414 0.178710 0.167929 0.168050 0.173018 0.178085 0.180330 0.178641 0.173351 0.165735 0.157472 0.150175 0.145042 0.142656 0.142939 0.145238 0.148522 0.151637 0.153577 0.153722 0.151998 0.148926 0.145527 0.143092 0.142826 0.145410 0.150562 0.156713 0.160947 0.159404 0.148414 0.146017 0.146948 0.147893 0.148679 0.149211 0.149469 0.149489 0.149342 0.149113 0.148887 0.148725 0.148667 0.148720 0.148864 0.149057 0.149247 0.149379 0.149409 0.149314 0.149095 0.148786 0.148443 0.148142 0.147965 0.147978 0.148220 0.148673 0.149260 0.149830 0.150178 0.150078 0.149354 0.149000 0.148705 0.148641 0.148723 0.148859 0.148981 0.149050 0.149056 0.149012 0.148943 0.148877 0.148835 0.148828 0.148857 0.148908 0.148965 0.149005 0.149016 0.148989 0.148932 0.148868 0.148830 0.148858 0.148988 0.149242 0.149611 0.150050 0.150465 0.150717 0.150639 0.150077 0.148954 0.150298 0.152029 0.152278 0.151626 0.150676 0.149883 0.149485 0.149521 0.149879 0.150368 0.150786 0.150974 0.150857 0.150453 0.149868 0.149268 0.148841 0.148751 0.149100 0.149889 0.151008 0.152234 0.153270 0.153792 0.153529 0.152346 0.150337 0.147888 0.145699 0.144727 0.146006 0.150298 0.150298 0.154207 0.156153 0.156372 0.155380 0.153754 0.152001 0.150491 0.149438 0.148909 0.148857 0.149157 0.149647 0.150165 0.150577 0.150794 0.150781 0.150556 0.150180 0.149742 0.149339 0.149056 0.148952 0.149047 0.149317 0.149698 0.150098 0.150422 0.150591 0.150581 0.150438 0.150298 0.154728 0.151551 0.149622 0.148818 0.148808 0.149222 0.149746 0.150164 0.150364 0.150326 0.150094 0.149751 0.149384 0.149072 0.148862 0.148773 0.148790 0.148876 0.148984 0.149069 0.149101 0.149075 0.149010 0.148949 0.148946 0.149046 0.149267 0.149577 0.149876 0.149999 0.149739 0.148916 0.148870 0.149451 0.149550 0.149348 0.149041 0.148778 0.148643 0.148652 0.148772 0.148941 0.149089 0.149160 0.149123 0.148975 0.148746 0.148486 0.148259 0.148123 0.148123 0.148276 0.148563 0.148933 0.149306 0.149587 0.149690 0.149559 0.149198 0.148689 0.148201 0.147978 0.148294 0.149354 0.147670 0.149644 0.149517 0.148195 0.146602 0.145420 0.144991 0.145333 0.146227 0.147322 0.148247 0.148700 0.148510 0.147666 0.146305 0.144682 0.143112 0.141901 0.141287 0.141382 0.142142 0.143369 0.144747 0.145908 0.146537 0.146488 0.145903 0.145300 0.145597 0.148019 0.153826 0.163798
0.246785 0.202140 0.173672 0.159478 0.155333 0.156671 0.159697 0.161870 0.161954 0.159811 0.156057 0.151687 0.147737 0.145016 0.143950 0.144531 0.146359 0.148769 0.151000 0.152379 0.152493 0.151295 0.149146 0.146755 0.145024 0.144793 0.146546 0.150097 0.154359 0.157300 0.156218 0.148535 0.146911 0.147568 0.148227 0.148770 0.149136 0.149314 0.149329 0.149230 0.149077 0.148925 0.148817 0.148778 0.148814 0.148910 0.149039 0.149165 0.149253 0.149272 0.149207 0.149061 0.148854 0.148625 0.148425 0.148308 0.148318 0.148479 0.148782 0.149173 0.149553 0.149784 0.149717 0.149235 0.149000 0.148839 0.148801 0.148842 0.148914 0.148981 0.149020 0.149026 0.149005 0.148969 0.148933 0.148908 0.148901 0.148913 0.148939 0.148969 0.148994 0.149004 0.148996 0.148970 0.148938 0.148913 0.148916 0.148964 0.149069 0.149230 0.149429 0.149622 0.149747 0.149725 0.149481 0.148974 0.149544 0.151090 0.151309 0.150725 0.149879 0.149176 0.148827 0.148862 0.149178 0.149604 0.149961 0.150116 0.150009 0.149670 0.149203 0.148766 0.148529 0.148638 0.149171 0.150111 0.151333 0.152610 0.153645 0.154123 0.153786 0.152514 0.150412 0.147867 0.145571 0.144459 0.145537 0.149544 0.149544 0.153343 0.155314 0.155670 0.154880 0.153472 0.151906 0.150517 0.149500 0.148917 0.148735 0.148851 0.149135 0.149459 0.149720 0.149854 0.149840 0.149697 0.149476 0.149238 0.149047 0.148949 0.148964 0.149078 0.149251 0.149422 0.149528 0.149531 0.149433 0.149302 0.149276 0.149544 0.154323 0.151908 0.150248 0.149333 0.148996 0.149020 0.149209 0.149412 0.149543 0.149566 0.149490 0.149347 0.149182 0.149035 0.148932 0.148887 0.148894 0.148936 0.148990 0.149032 0.149048 0.149035 0.149005 0.148979 0.148988 0.149055 0.149190 0.149370 0.149538 0.149599 0.149436 0.148945 0.148919 0.149306 0.149371 0.149235 0.149028 0.148852 0.148762 0.148768 0.148848 0.148961 0.149061 0.149108 0.149083 0.148984 0.148831 0.148657 0.148504 0.148413 0.148412 0.148514 0.148706 0.148953 0.149202 0.149391 0.149460 0.149374 0.149133 0.148793 0.148467 0.148318 0.148528 0.149235 0.148113 0.149048 0.148845 0.148054 0.147200 0.146640 0.146517 0.146788 0.147280 0.147763 0.148019 0.147896 0.147339 0.146399 0.145224 0.144023 0.143028 0.142443 0.142402 0.142934 0.143946 0.145228 0.146487 0.147398 0.147682 0.147194 0.146014 0.144506 0.143346 0.143453 0.145812 0.151112
0.228919 0.192337 0.167507 0.153601 0.147899 0.147232 0.148816 0.150654 0.151614 0.151334 0.150009 0.148152 0.146364 0.145157 0.144828 0.145417 0.146722 0.148362 0.149885 0.150881 0.151087 0.150463 0.149224 0.147802 0.146754 0.146611 0.147686 0.149877 0.152517 0.154342 0.153659 0.148843 0.148375 0.148573 0.148769 0.148929 0.149037 0.149089 0.149094 0.149066 0.149022 0.148979 0.148948 0.148937 0.148947 0.148975 0.149011 0.149047 0.149071 0.149077 0.149058 0.149016 0.148958 0.148893 0.148836 0.148803 0.148807 0.148852 0.148938 0.149049 0.149156 0.149221 0.149202 0.149066 0.149000 0.148960 0.148950 0.148959 0.148977 0.148994 0.149004 0.149006 0.149001 0.148993 0.148984 0.148977 0.148975 0.148977 0.148983 0.148991 0.148997 0.149000 0.148999 0.148994 0.148986 0.148979 0.148978 0.148986 0.149007 0.149041 0.149083 0.149126 0.149155 0.149153 0.149102 0.148994 0.149109 0.150349 0.150524 0.150054 0.149377 0.148816 0.148539 0.148569 0.148820 0.149156 0.149434 0.149551 0.149464 0.149204 0.148859 0.148562 0.148450 0.148640 0.149187 0.150068 0.151169 0.152292 0.153181 0.153571 0.153246 0.152109 0.150256 0.148022 0.145995 0.144971 0.145801 0.149109 0.149109 0.152323 0.154031 0.154402 0.153821 0.152716 0.151459 0.150323 0.149465 0.148939 0.148719 0.148730 0.148874 0.149059 0.149211 0.149286 0.149273 0.149191 0.149074 0.148967 0.148906 0.148911 0.148980 0.149088 0.149189 0.149235 0.149185 0.149032 0.148818 0.148648 0.148682 0.149109 0.153388 0.151688 0.150392 0.149548 0.149095 0.148923 0.148920 0.148990 0.149069 0.149119 0.149130 0.149105 0.149060 0.149012 0.148975 0.148958 0.148960 0.148977 0.149000 0.149020 0.149027 0.149020 0.149003 0.148984 0.148978 0.148995 0.149042 0.149114 0.149187 0.149223 0.149172 0.148985 0.148979 0.149088 0.149106 0.149067 0.149008 0.148958 0.148933 0.148934 0.148957 0.148989 0.149018 0.149031 0.149024 0.148996 0.148952 0.148903 0.148859 0.148833 0.148833 0.148861 0.148916 0.148986 0.149057 0.149110 0.149130 0.149106 0.149038 0.148942 0.148849 0.148807 0.148866 0.149066 0.148749 0.148662 0.148479 0.148345 0.148337 0.148455 0.148636 0.148779 0.148781 0.148559 0.148078 0.147355 0.146462 0.145516 0.144656 0.144024 0.143738 0.143865 0.144408 0.145293 0.146376 0.147452 0.148290 0.148669 0.148430 0.147526 0.146068 0.144355 0.142870 0.142232 0.143074 0.145819
0.206619 0.179971 0.161084 0.149747 0.144375 0.142960 0.143647 0.145020 0.146189 0.146755 0.146695 0.146221 0.145647 0.145266 0.145275 0.145736 0.146572 0.147599 0.148583 0.149299 0.149596 0.149438 0.148930 0.148299 0.147845 0.147861 0.148524 0.149783 0.151275 0.152299 0.151913 0.149207 0.149728 0.149495 0.149268 0.149084 0.148962 0.148902 0.148896 0.148927 0.148975 0.149023 0.149056 0.149068 0.149057 0.149027 0.148987 0.148949 0.148922 0.148917 0.148937 0.148983 0.149047 0.149118 0.149179 0.149215 0.149211 0.149161 0.149067 0.148947 0.148830 0.148760 0.148781 0.148929 0.149000 0.149040 0.149051 0.149041 0.149024 0.149007 0.148997 0.148994 0.148999 0.149007 0.149016 0.149023 0.149025 0.149023 0.149018 0.149011 0.149004 0.149000 0.149001 0.149005 0.149012 0.149019 0.149022 0.149017 0.149000 0.148971 0.148934 0.148895 0.148868 0.148868 0.148911 0.149006 0.148911 0.149804 0.149929 0.149590 0.149103 0.148701 0.148504 0.148526 0.148706 0.148945 0.149140 0.149220 0.149158 0.148976 0.148744 0.148557 0.148518 0.148707 0.149163 0.149863 0.150717 0.151576 0.152246 0.152530 0.152268 0.151390 0.149970 0.148263 0.146709 0.145904 0.146483 0.148911 0.148911 0.151310 0.152604 0.152916 0.152525 0.151742 0.150838 0.150010 0.149370 0.148961 0.148765 0.148730 0.148791 0.148885 0.148964 0.149001 0.148992 0.148949 0.148897 0.148863 0.148866 0.148913 0.148993 0.149079 0.149133 0.149118 0.149012 0.148821 0.148598 0.148442 0.148495 0.148911 0.152220 0.151127 0.150213 0.149548 0.149123 0.148898 0.148813 0.148815 0.148859 0.148913 0.148958 0.148987 0.149000 0.149001 0.148997 0.148994 0.148994 0.149000 0.149008 0.149016 0.149020 0.149016 0.149003 0.148981 0.148956 0.148931 0.148915 0.148914 0.148928 0.148957 0.148991 0.149016 0.149022 0.148903 0.148883 0.148926 0.148990 0.149045 0.149073 0.149072 0.149046 0.149011 0.148980 0.148966 0.148973 0.149004 0.149052 0.149106 0.149154 0.149183 0.149183 0.149152 0.149093 0.149016 0.148939 0.148880 0.148858 0.148884 0.148958 0.149063 0.149164 0.149211 0.149146 0.148929 0.149274 0.148501 0.148402 0.148804 0.149446 0.150064 0.150449 0.150470 0.150087 0.149339 0.148332 0.147214 0.146147 0.145288 0.144759 0.144634 0.144930 0.145599 0.146537 0.147590 0.148581 0.149323 0.149658 0.149476 0.148745 0.147534 0.146017 0.144475 0.143266 0.142774 0.143328 0.145070
0.184573 0.167588 0.155167 0.147364 0.143358 0.142012 0.142227 0.143118 0.144088 0.144817 0.145210 0.145325 0.145301 0.145288 0.145403 0.145701 0.146172 0.146747 0.147326 0.147808 0.148119 0.148238 0.148211 0.148137 0.148154 0.148395 0.148932 0.149727 0.150585 0.151145 0.150931 0.149491 0.150525 0.150031 0.149559 0.149181 0.148930 0.148809 0.148795 0.148855 0.148950 0.149044 0.149110 0.149133 0.149111 0.149052 0.148975 0.148900 0.148849 0.148839 0.148880 0.148970 0.149094 0.149231 0.149350 0.149418 0.149410 0.149312 0.149130 0.148897 0.148672 0.148536 0.148577 0.148863 0.149000 0.149073 0.149092 0.149076 0.149045 0.149015 0.148996 0.148990 0.148997 0.149012 0.149028 0.149040 0.149045 0.149043 0.149033 0.149021 0.149008 0.149001 0.149001 0.149008 0.149021 0.149034 0.149041 0.149034 0.149009 0.148963 0.148902 0.148838 0.148792 0.148788 0.148855 0.149009 0.148865 0.149430 0.149508 0.149294 0.148986 0.148733 0.148609 0.148624 0.148737 0.148886 0.149008 0.149056 0.149017 0.148905 0.148765 0.148661 0.148655 0.148800 0.149117 0.149591 0.150161 0.150728 0.151166 0.151347 0.151168 0.150584 0.149646 0.148519 0.147492 0.146950 0.147307 0.148865 0.148865 0.150423 0.151271 0.151490 0.151256 0.150767 0.150195 0.149666 0.149252 0.148979 0.148837 0.148794 0.148813 0.148853 0.148889 0.148905 0.148898 0.148879 0.148861 0.148860 0.148885 0.148935 0.149000 0.149058 0.149083 0.149051 0.148951 0.148792 0.148617 0.148502 0.148550 0.148865 0.151066 0.150441 0.149874 0.149423 0.149106 0.148913 0.148819 0.148797 0.148819 0.148863 0.148910 0.148951 0.148980 0.148997 0.149005 0.149006 0.149006 0.149007 0.149010 0.149014 0.149017 0.149014 0.149003 0.148979 0.148944 0.148901 0.148855 0.148818 0.148805 0.148830 0.148904 0.149031 0.149041 0.148809 0.148772 0.148855 0.148981 0.149088 0.149142 0.149139 0.149090 0.149021 0.148961 0.148932 0.148947 0.149007 0.149101 0.149206 0.149300 0.149356 0.149357 0.149297 0.149182 0.149033 0.148883 0.148768 0.148725 0.148775 0.148919 0.149122 0.149319 0.149409 0.149285 0.148863 0.149531 0.148549 0.148553 0.149221 0.150145 0.150958 0.151400 0.151343 0.150788 0.149838 0.148664 0.147468 0.146444 0.145750 0.145486 0.145677 0.146281 0.147188 0.148239 0.149250 0.150037 0.150443 0.150365 0.149772 0.148721 0.147357 0.145904 0.144643 0.143868 0.143835 0.144690 0.146390
0.165970 0.156984 0.150291 0.145975 0.143661 0.142797 0.142830 0.143304 0.143895 0.144415 0.144787 0.145013 0.145142 0.145237 0.145350 0.145514 0.145734 0.145996 0.146270 0.146529 0.146757 0.146959 0.147164 0.147420 0.147780 0.148285 0.148932 0.149659 0.150320 0.150695 0.150520 0.149579 0.150583 0.150064 0.149577 0.149192 0.148939 0.148817 0.148802 0.148860 0.148951 0.149041 0.149104 0.149126 0.149105 0.149049 0.148975 0.148904 0.148857 0.148849 0.148888 0.148974 0.149092 0.149221 0.149333 0.149396 0.149388 0.149294 0.149123 0.148903 0.148692 0.148564 0.148603 0.148872 0.149000 0.149065 0.149082 0.149069 0.149041 0.149014 0.148997 0.148991 0.148997 0.149009 0.149024 0.149035 0.149040 0.149038 0.149030 0.149019 0.149008 0.149001 0.149000 0.149006 0.149017 0.149029 0.149036 0.149033 0.149014 0.148978 0.148929 0.148875 0.148835 0.148830 0.148883 0.149007 0.148898 0.149193 0.149234 0.149122 0.148961 0.148829 0.148765 0.148772 0.148831 0.148909 0.148971 0.148996 0.148975 0.148918 0.148848 0.148799 0.148804 0.148890 0.149068 0.149328 0.149638 0.149944 0.150179 0.150274 0.150174 0.149858 0.149351 0.148743 0.148188 0.147891 0.148075 0.148898 0.148898 0.149728 0.150184 0.150307 0.150190 0.149937 0.149639 0.149360 0.149139 0.148991 0.148909 0.148879 0.148880 0.148894 0.148906 0.148911 0.148908 0.148901 0.148898 0.148906 0.148928 0.148962 0.149002 0.149034 0.149043 0.149018 0.148951 0.148853 0.148748 0.148681 0.148712 0.148898 0.150093 0.149795 0.149503 0.149255 0.149068 0.148945 0.148879 0.148858 0.148868 0.148895 0.148927 0.148958 0.148982 0.148997 0.149005 0.149007 0.149007 0.149007 0.149008 0.149010 0.149012 0.149011 0.149002 0.148983 0.148952 0.148912 0.148867 0.148828 0.148809 0.148828 0.148899 0.149029 0.149036 0.148817 0.148782 0.148862 0.148981 0.149082 0.149135 0.149131 0.149085 0.149020 0.148962 0.148935 0.148949 0.149006 0.149095 0.149196 0.149284 0.149338 0.149340 0.149283 0.149175 0.149033 0.148891 0.148782 0.148740 0.148787 0.148923 0.149115 0.149301 0.149387 0.149271 0.148872 0.149502 0.148764 0.148844 0.149459 0.150261 0.150943 0.151294 0.151218 0.150728 0.149924 0.148957 0.148003 0.147223 0.146744 0.146637 0.146912 0.147513 0.148331 0.149218 0.150008 0.150542 0.150693 0.150387 0.149623 0.148482 0.147127 0.145790 0.144749 0.144287 0.144636 0.145909 0.148018
0.152432 0.149133 0.146728 0.145214 0.144424 0.144139 0.144158 0.144321 0.144523 0.144708 0.144857 0.144971 0.145066 0.145152 0.145236 0.145317 0.145390 0.145450 0.145496 0.145541 0.145610 0.145743 0.145988 0.146390 0.146978 0.147750 0.148652 0.149570 0.150324 0.150688 0.150429 0.149394 0.149945 0.149631 0.149342 0.149118 0.148972 0.148901 0.148892 0.148923 0.148972 0.149021 0.149056 0.149067 0.149056 0.149026 0.148986 0.148949 0.148924 0.148920 0.148942 0.148988 0.149051 0.149119 0.149178 0.149212 0.149206 0.149156 0.149065 0.148949 0.148837 0.148770 0.148791 0.148933 0.149000 0.149033 0.149042 0.149035 0.149021 0.149008 0.148999 0.148996 0.148998 0.149004 0.149012 0.149017 0.149020 0.149019 0.149016 0.149010 0.149005 0.149001 0.149000 0.149003 0.149008 0.149014 0.149018 0.149017 0.149009 0.148993 0.148970 0.148945 0.148926 0.148922 0.148946 0.149003 0.148956 0.149058 0.149072 0.149033 0.148978 0.148932 0.148909 0.148912 0.148933 0.148959 0.148981 0.148989 0.148982 0.148962 0.148939 0.148923 0.148927 0.148960 0.149025 0.149119 0.149231 0.149340 0.149423 0.149457 0.149420 0.149307 0.149126 0.148909 0.148711 0.148604 0.148667 0.148956 0.148956 0.149249 0.149411 0.149457 0.149417 0.149330 0.149226 0.149129 0.149051 0.148997 0.148967 0.148954 0.148952 0.148955 0.148957 0.148958 0.148957 0.148955 0.148956 0.148961 0.148972 0.148986 0.149001 0.149013 0.149015 0.149004 0.148977 0.148938 0.148898 0.148873 0.148885 0.148956 0.149384 0.149289 0.149189 0.149099 0.149027 0.148978 0.148950 0.148940 0.148943 0.148954 0.148968 0.148981 0.148992 0.148999 0.149002 0.149003 0.149003 0.149003 0.149004 0.149005 0.149006 0.149005 0.149001 0.148991 0.148976 0.148954 0.148930 0.148909 0.148899 0.148908 0.148945 0.149015 0.149018 0.148902 0.148883 0.148926 0.148989 0.149044 0.149072 0.149070 0.149045 0.149010 0.148979 0.148965 0.148972 0.149003 0.149050 0.149104 0.149152 0.149181 0.149182 0.149152 0.149094 0.149019 0.148943 0.148884 0.148862 0.148887 0.148958 0.149061 0.149160 0.149206 0.149145 0.148933 0.149267 0.149082 0.149179 0.149463 0.149808 0.150098 0.150244 0.150201 0.149969 0.149585 0.149114 0.148639 0.148241 0.147991 0.147934 0.148086 0.148426 0.148896 0.149412 0.149868 0.150153 0.150165 0.149837 0.149145 0.148136 0.146927 0.145715 0.144765 0.144378 0.144848 0.146378 0.148970
0.144238 0.144268 0.144506 0.144826 0.145117 0.145312 0.145387 0.145358 0.145262 0.145147 0.145054 0.145009 0.145018 0.145070 0.145138 0.145188 0.145192 0.145134 0.145017 0.144873 0.144757 0.144745 0.144917 0.145345 0.146068 0.147071 0.148265 0.149475 0.150442 0.150853 0.150406 0.148914 0.148820 0.148881 0.148935 0.148977 0.149004 0.149017 0.149019 0.149013 0.149005 0.148997 0.148991 0.148989 0.148991 0.148996 0.149002 0.149009 0.149013 0.149013 0.149009 0.149002 0.148991 0.148980 0.148970 0.148965 0.148966 0.148974 0.148989 0.149008 0.149026 0.149037 0.149034 0.149011 0.149000 0.148995 0.148993 0.148995 0.148997 0.148999 0.149000 0.149001 0.149000 0.148999 0.148998 0.148997 0.148997 0.148997 0.148998 0.148998 0.148999 0.149000 0.149000 0.149000 0.148999 0.148998 0.148997 0.148997 0.148998 0.149000 0.149004 0.149008 0.149011 0.149011 0.149008 0.148999 0.149006 0.148994 0.148992 0.148997 0.149003 0.149009 0.149011 0.149011 0.149009 0.149006 0.149003 0.149002 0.149003 0.149005 0.149008 0.149010 0.149009 0.149005 0.148997 0.148986 0.148972 0.148959 0.148949 0.148945 0.148950 0.148963 0.148985 0.149011 0.149034 0.149047 0.149040 0.149006 0.149006 0.148971 0.148952 0.148947 0.148951 0.148961 0.148973 0.148985 0.148994 0.149000 0.149004 0.149006 0.149006 0.149006 0.149006 0.149006 0.149006 0.149006 0.149006 0.149005 0.149004 0.149002 0.149000 0.148998 0.148998 0.149000 0.149003 0.149008 0.149013 0.149016 0.149015 0.149006 0.148955 0.148965 0.148976 0.148987 0.148996 0.149003 0.149007 0.149008 0.149008 0.149006 0.149004 0.149003 0.149001 0.149000 0.149000 0.149000 0.149000 0.149000 0.148999 0.148999 0.148999 0.148999 0.149000 0.149001 0.149004 0.149007 0.149011 0.149015 0.149016 0.149015 0.149009 0.148998 0.148997 0.149016 0.149019 0.149012 0.149002 0.148993 0.148988 0.148989 0.148993 0.148998 0.149003 0.149006 0.149005 0.149000 0.148992 0.148983 0.148975 0.148970 0.148970 0.148975 0.148984 0.148997 0.149009 0.149019 0.149023 0.149019 0.149007 0.148990 0.148974 0.148966 0.148976 0.149011 0.148956 0.149438 0.149475 0.149248 0.148940 0.148690 0.148570 0.148591 0.148719 0.148899 0.149069 0.149183 0.149219 0.149178 0.149087 0.148983 0.148908 0.148890 0.148936 0.149024 0.149100 0.149088 0.148902 0.148467 0.147749 0.146781 0.145690 0.144710 0.144179 0.144492 0.146017 0.148938
0.140685 0.142067 0.143464 0.144652 0.145503 0.145977 0.146113 0.145997 0.145739 0.145442 0.145191 0.145034 0.144984 0.145018 0.145091 0.145145 0.145131 0.145015 0.144798 0.144517 0.144248 0.144092 0.144163 0.144564 0.145354 0.146518 0.147942 0.149397 0.150542 0.150962 0.150254 0.148170 0.147499 0.148016 0.148466 0.148804 0.149017 0.149119 0.149136 0.149098 0.149036 0.148976 0.148935 0.148921 0.148936 0.148971 0.149017 0.149060 0.149087 0.149089 0.149063 0.149009 0.148937 0.148861 0.148796 0.148762 0.148770 0.148827 0.148929 0.149056 0.149177 0.149248 0.149225 0.149073 0.149000 0.148967 0.148958 0.148964 0.148978 0.148992 0.149001 0.149004 0.149002 0.148996 0.148989 0.148983 0.148980 0.148980 0.148984 0.148989 0.148995 0.148999 0.149000 0.148998 0.148993 0.148986 0.148982 0.148981 0.148987 0.149001 0.149021 0.149044 0.149063 0.149067 0.149048 0.148997 0.149034 0.148973 0.148965 0.148988 0.149021 0.149048 0.149061 0.149060 0.149048 0.149032 0.149019 0.149015 0.149019 0.149030 0.149043 0.149051 0.149047 0.149025 0.148983 0.148924 0.148855 0.148788 0.148737 0.148717 0.148740 0.148810 0.148922 0.149055 0.149178 0.149244 0.149208 0.149034 0.149034 0.148856 0.148756 0.148727 0.148749 0.148801 0.148862 0.148921 0.148968 0.149001 0.149021 0.149031 0.149034 0.149034 0.149034 0.149034 0.149035 0.149035 0.149033 0.149028 0.149020 0.149009 0.148999 0.148991 0.148991 0.149000 0.149019 0.149046 0.149073 0.149090 0.149081 0.149034 0.148769 0.148815 0.148873 0.148931 0.148980 0.149016 0.149037 0.149045 0.149044 0.149036 0.149025 0.149015 0.149006 0.149001 0.148998 0.148998 0.148998 0.148998 0.148997 0.148995 0.148994 0.148994 0.148999 0.149009 0.149026 0.149049 0.149075 0.149098 0.149110 0.149100 0.149060 0.148984 0.148981 0.149113 0.149134 0.149086 0.149013 0.148952 0.148920 0.148922 0.148950 0.148990 0.149025 0.149041 0.149033 0.148998 0.148944 0.148882 0.148828 0.148794 0.148792 0.148826 0.148891 0.148975 0.149062 0.149128 0.149155 0.149128 0.149048 0.148932 0.148821 0.148768 0.148836 0.149073 0.148700 0.149772 0.149680 0.148885 0.147886 0.147077 0.146685 0.146771 0.147261 0.147999 0.148795 0.149473 0.149904 0.150030 0.149858 0.149458 0.148939 0.148423 0.148012 0.147770 0.147701 0.147747 0.147795 0.147707 0.147355 0.146671 0.145698 0.144630 0.143831 0.143805 0.145096 0.148095
0.140497 0.141865 0.143323 0.144608 0.145552 0.146094 0.146259 0.146136 0.145845 0.145503 0.145210 0.145024 0.144963 0.145004 0.145093 0.145165 0.145157 0.145029 0.144775 0.144435 0.144091 0.143860 0.143873 0.144249 0.145059 0.146289 0.147810 0.149356 0.150531 0.150855 0.149854 0.147243 0.146286 0.147242 0.148048 0.148636 0.149002 0.149175 0.149206 0.149150 0.149057 0.148968 0.148907 0.148888 0.148910 0.148961 0.149026 0.149085 0.149120 0.149121 0.149082 0.149007 0.148909 0.148806 0.148722 0.148678 0.148692 0.148771 0.148906 0.149073 0.149230 0.149321 0.149290 0.149097 0.149000 0.148958 0.148945 0.148954 0.148971 0.148989 0.149001 0.149006 0.149003 0.148995 0.148986 0.148979 0.148975 0.148975 0.148979 0.148986 0.148993 0.148998 0.149000 0.148997 0.148991 0.148983 0.148976 0.148975 0.148981 0.148998 0.149022 0.149051 0.149074 0.149081 0.149058 0.148997 0.149038 0.148975 0.148967 0.148991 0.149025 0.149053 0.149067 0.149065 0.149052 0.149036 0.149023 0.149018 0.149023 0.149034 0.149048 0.149055 0.149050 0.149026 0.148982 0.148919 0.148847 0.148776 0.148723 0.148702 0.148726 0.148800 0.148917 0.149058 0.149186 0.149257 0.149220 0.149038 0.149038 0.148852 0.148748 0.148717 0.148739 0.148792 0.148856 0.148916 0.148966 0.149001 0.149022 0.149033 0.149037 0.149038 0.149039 0.149039 0.149040 0.149040 0.149037 0.149031 0.149022 0.149010 0.148998 0.148990 0.148990 0.149001 0.149022 0.149052 0.149081 0.149099 0.149090 0.149038 0.148759 0.148802 0.148862 0.148924 0.148978 0.149018 0.149042 0.149051 0.149049 0.149040 0.149028 0.149016 0.149007 0.149001 0.148998 0.148998 0.148998 0.148998 0.148996 0.148994 0.148992 0.148992 0.148999 0.149012 0.149035 0.149065 0.149099 0.149130 0.149145 0.149132 0.149079 0.148979 0.148976 0.149155 0.149183 0.149117 0.149019 0.148935 0.148892 0.148895 0.148933 0.148987 0.149034 0.149057 0.149045 0.148998 0.148924 0.148841 0.148766 0.148720 0.148716 0.148761 0.148849 0.148964 0.149082 0.149172 0.149209 0.149173 0.149065 0.148909 0.148758 0.148686 0.148777 0.149097 0.148595 0.150043 0.149774 0.148477 0.146896 0.145620 0.144995 0.145116 0.145876 0.147038 0.148307 0.149406 0.150127 0.150360 0.150103 0.149452 0.148574 0.147663 0.146903 0.146424 0.146277 0.146417 0.146710 0.146961 0.146962 0.146557 0.145709 0.144570 0.143509 0.143105 0.144039 0.146873
0.142211 0.142864 0.143757 0.144652 0.145366 0.145804 0.145955 0.145872 0.145645 0.145372 0.145138 0.144997 0.144965 0.145023 0.145123 0.145205 0.145210 0.145101 0.144873 0.144564 0.144255 0.144057 0.144097 0.144486 0.145287 0.146481 0.147927 0.149354 0.150358 0.150455 0.149175 0.146251 0.145431 0.146723 0.147770 0.148512 0.148961 0.149171 0.149213 0.149157 0.149062 0.148973 0.148915 0.148898 0.148920 0.148968 0.149025 0.149075 0.149103 0.149099 0.149062 0.148998 0.148917 0.148837 0.148774 0.148746 0.148763 0.148827 0.148931 0.149053 0.149164 0.149227 0.149205 0.149076 0.149000 0.148968 0.148959 0.148965 0.148978 0.148991 0.149001 0.149004 0.149002 0.148997 0.148990 0.148984 0.148981 0.148981 0.148984 0.148989 0.148995 0.148999 0.149000 0.148998 0.148993 0.148987 0.148982 0.148981 0.148985 0.148996 0.149014 0.149034 0.149052 0.149057 0.149042 0.148998 0.149026 0.148986 0.148981 0.148996 0.149017 0.149035 0.149043 0.149042 0.149034 0.149024 0.149016 0.149013 0.149016 0.149023 0.149031 0.149036 0.149032 0.149017 0.148988 0.148949 0.148903 0.148858 0.148824 0.148811 0.148827 0.148873 0.148948 0.149036 0.149118 0.149162 0.149139 0.149026 0.149026 0.148908 0.148842 0.148823 0.148836 0.148869 0.148909 0.148947 0.148978 0.149000 0.149014 0.149021 0.149024 0.149025 0.149026 0.149027 0.149027 0.149027 0.149025 0.149021 0.149014 0.149006 0.148999 0.148994 0.148994 0.149001 0.149015 0.149034 0.149053 0.149065 0.149059 0.149026 0.148849 0.148873 0.148910 0.148949 0.148985 0.149012 0.149028 0.149034 0.149033 0.149027 0.149019 0.149010 0.149004 0.149001 0.148999 0.148999 0.148999 0.148999 0.148997 0.148995 0.148994 0.148994 0.148999 0.149010 0.149027 0.149051 0.149078 0.149101 0.149113 0.149103 0.149061 0.148984 0.148982 0.149126 0.149148 0.149095 0.149016 0.148949 0.148914 0.148916 0.148947 0.148990 0.149028 0.149047 0.149037 0.148999 0.148940 0.148872 0.148812 0.148774 0.148771 0.148806 0.148877 0.148969 0.149064 0.149137 0.149167 0.149139 0.149053 0.148928 0.148807 0.148748 0.148821 0.149076 0.148676 0.150228 0.149778 0.148138 0.146183 0.144607 0.143813 0.143917 0.144792 0.146154 0.147656 0.148965 0.149826 0.150105 0.149792 0.149000 0.147922 0.146797 0.145851 0.145256 0.145090 0.145318 0.145796 0.146298 0.146570 0.146399 0.145694 0.144562 0.143357 0.142677 0.143261 0.145761
0.144494 0.144307 0.144453 0.144766 0.145092 0.145327 0.145427 0.145400 0.145289 0.145151 0.145036 0.144981 0.144994 0.145063 0.145154 0.145224 0.145236 0.145167 0.145020 0.144832 0.144670 0.144622 0.144785 0.145237 0.146014 0.147073 0.148277 0.149374 0.150009 0.149769 0.148272 0.145331 0.145093 0.146555 0.147687 0.148457 0.148906 0.149112 0.149159 0.149119 0.149050 0.148988 0.148952 0.148944 0.148960 0.148987 0.149016 0.149036 0.149042 0.149033 0.149013 0.148986 0.148961 0.148944 0.148938 0.148944 0.148959 0.148978 0.148994 0.149002 0.149002 0.148996 0.148997 0.149020 0.149000 0.148992 0.148990 0.148991 0.148994 0.148998 0.149000 0.149001 0.149001 0.148999 0.148998 0.148996 0.148995 0.148995 0.148996 0.148997 0.148999 0.149000 0.149000 0.149000 0.148998 0.148997 0.148996 0.148995 0.148996 0.148999 0.149003 0.149008 0.149012 0.149014 0.149010 0.148999 0.149006 0.148997 0.148996 0.148999 0.149004 0.149008 0.149009 0.149009 0.149007 0.149005 0.149004 0.149003 0.149004 0.149005 0.149007 0.149008 0.149007 0.149004 0.148997 0.148989 0.148979 0.148970 0.148963 0.148960 0.148963 0.148973 0.148989 0.149008 0.149025 0.149034 0.149030 0.149006 0.149006 0.148981 0.148967 0.148963 0.148966 0.148973 0.148981 0.148989 0.148995 0.149000 0.149003 0.149005 0.149005 0.149006 0.149006 0.149006 0.149006 0.149006 0.149005 0.149004 0.149003 0.149001 0.149000 0.148999 0.148999 0.149000 0.149003 0.149007 0.149012 0.149014 0.149013 0.149006 0.148968 0.148973 0.148980 0.148989 0.148997 0.149003 0.149006 0.149008 0.149007 0.149006 0.149004 0.149002 0.149001 0.149000 0.149000 0.149000 0.149000 0.149000 0.148999 0.148999 0.148998 0.148998 0.149000 0.149003 0.149007 0.149013 0.149020 0.149026 0.149029 0.149026 0.149016 0.148996 0.148995 0.149034 0.149040 0.149026 0.149004 0.148987 0.148977 0.148978 0.148986 0.148998 0.149008 0.149013 0.149010 0.149000 0.148984 0.148966 0.148950 0.148940 0.148938 0.148948 0.148966 0.148991 0.149016 0.149036 0.149044 0.149037 0.149014 0.148981 0.148949 0.148933 0.148952 0.149020 0.148914 0.150330 0.149743 0.147972 0.145894 0.144206 0.143315 0.143335 0.144142 0.145454 0.146921 0.148208 0.149057 0.149328 0.149011 0.148211 0.147125 0.145990 0.145039 0.144448 0.144305 0.144582 0.145142 0.145762 0.146183 0.146177 0.145631 0.144619 0.143456 0.142694 0.143043 0.145150
0.146349 0.145604 0.145153 0.144938 0.144871 0.144877 0.144904 0.144926 0.144938 0.144949 0.144967 0.145002 0.145051 0.145109 0.145161 0.145194 0.145201 0.145183 0.145159 0.145161 0.145235 0.145432 0.145797 0.146355 0.147093 0.147944 0.148774 0.149381 0.149506 0.148873 0.147261 0.144616 0.145315 0.146752 0.147806 0.148485 0.148860 0.149025 0.149068 0.149054 0.149027 0.149008 0.149004 0.149008 0.149013 0.149012 0.149001 0.148982 0.148962 0.148950 0.148954 0.148980 0.149029 0.149092 0.149155 0.149202 0.149211 0.149169 0.149074 0.148939 0.148800 0.148713 0.148743 0.148951 0.149000 0.149020 0.149025 0.149022 0.149014 0.149005 0.149000 0.148997 0.148998 0.149002 0.149006 0.149009 0.149011 0.149011 0.149010 0.149007 0.149003 0.149001 0.149000 0.149001 0.149004 0.149007 0.149011 0.149012 0.149010 0.149004 0.148995 0.148983 0.148973 0.148969 0.148977 0.149001 0.148988 0.149005 0.149007 0.149001 0.148991 0.148984 0.148980 0.148981 0.148984 0.148988 0.148992 0.148993 0.148992 0.148989 0.148985 0.148984 0.148986 0.148993 0.149005 0.149023 0.149043 0.149062 0.149077 0.149083 0.149076 0.149055 0.149023 0.148984 0.148949 0.148929 0.148939 0.148988 0.148988 0.149039 0.149068 0.149076 0.149071 0.149057 0.149040 0.149023 0.149010 0.149000 0.148994 0.148990 0.148989 0.148988 0.148988 0.148987 0.148987 0.148987 0.148988 0.148990 0.148994 0.148997 0.149001 0.149003 0.149003 0.148999 0.148993 0.148984 0.148975 0.148970 0.148973 0.148988 0.149065 0.149058 0.149043 0.149024 0.149007 0.148994 0.148986 0.148983 0.148984 0.148987 0.148992 0.148995 0.148998 0.149000 0.149000 0.149000 0.149000 0.149000 0.149001 0.149003 0.149004 0.149004 0.149001 0.148994 0.148982 0.148967 0.148950 0.148935 0.148928 0.148934 0.148961 0.149010 0.149011 0.148911 0.148895 0.148932 0.148988 0.149035 0.149059 0.149057 0.149036 0.149006 0.148979 0.148966 0.148973 0.148999 0.149041 0.149089 0.149131 0.149158 0.149162 0.149138 0.149090 0.149026 0.148960 0.148908 0.148886 0.148904 0.148963 0.149048 0.149133 0.149174 0.149125 0.148951 0.149223 0.150368 0.149737 0.148051 0.146084 0.144449 0.143513 0.143382 0.143956 0.144994 0.146193 0.147262 0.147974 0.148203 0.147933 0.147254 0.146330 0.145366 0.144561 0.144071 0.143972 0.144246 0.144777 0.145374 0.145814 0.145898 0.145520 0.144734 0.143799 0.143179 0.143472 0.145232
0.147230 0.146396 0.145685 0.145146 0.144790 0.144603 0.144553 0.144603 0.144712 0.144845 0.144972 0.145070 0.145128 0.145146 0.145133 0.145108 0.145099 0.145137 0.145255 0.145482 0.145837 0.146324 0.146929 0.147610 0.148298 0.148895 0.149283 0.149325 0.148892 0.147888 0.146293 0.144219 0.146030 0.147253 0.148090 0.148589 0.148841 0.148944 0.148975 0.148986 0.149000 0.149024 0.149049 0.149064 0.149059 0.149032 0.148986 0.148935 0.148895 0.148883 0.148911 0.148984 0.149094 0.149224 0.149343 0.149419 0.149421 0.149327 0.149139 0.148888 0.148640 0.148489 0.148545 0.148899 0.149000 0.149039 0.149051 0.149043 0.149027 0.149011 0.148999 0.148995 0.148997 0.149003 0.149011 0.149018 0.149023 0.149023 0.149019 0.149013 0.149007 0.149002 0.149000 0.149002 0.149007 0.149014 0.149021 0.149025 0.149021 0.149010 0.148991 0.148969 0.148949 0.148941 0.148956 0.149002 0.148979 0.149007 0.149011 0.149000 0.148985 0.148972 0.148966 0.148967 0.148972 0.148980 0.148985 0.148988 0.148986 0.148980 0.148975 0.148972 0.148975 0.148987 0.149009 0.149039 0.149074 0.149107 0.149132 0.149142 0.149130 0.149095 0.149040 0.148973 0.148912 0.148878 0.148895 0.148979 0.148979 0.149066 0.149115 0.149130 0.149120 0.149097 0.149068 0.149040 0.149017 0.149000 0.148989 0.148983 0.148980 0.148979 0.148978 0.148977 0.148977 0.148977 0.148979 0.148983 0.148989 0.148995 0.149001 0.149005 0.149005 0.148999 0.148987 0.148972 0.148957 0.148948 0.148953 0.148979 0.149112 0.149102 0.149076 0.149044 0.149013 0.148990 0.148975 0.148970 0.148971 0.148978 0.148985 0.148992 0.148997 0.149000 0.149000 0.149000 0.148999 0.149000 0.149003 0.149006 0.149009 0.149008 0.149002 0.148987 0.148963 0.148932 0.148897 0.148867 0.148852 0.148865 0.148920 0.149020 0.149022 0.148804 0.148771 0.148851 0.148972 0.149074 0.149126 0.149123 0.149076 0.149011 0.148953 0.148924 0.148939 0.148997 0.149088 0.149192 0.149286 0.149346 0.149354 0.149303 0.149199 0.149061 0.148917 0.148805 0.148756 0.148794 0.148919 0.149103 0.149285 0.149375 0.149273 0.148899 0.149479 0.150376 0.149833 0.148409 0.146713 0.145235 0.144276 0.143939 0.144165 0.144782 0.145566 0.146296 0.146799 0.146971 0.146792 0.146320 0.145671 0.144991 0.144426 0.144089 0.144038 0.144261 0.144673 0.145137 0.145492 0.145595 0.145375 0.144880 0.144308 0.144009 0.144430 0.145971
0.147036 0.146573 0.145965 0.145360 0.144873 0.144566 0.144453 0.144505 0.144666 0.144870 0.145054 0.145175 0.145210 0.145166 0.145073 0.144981 0.144950 0.145039 0.145293 0.145736 0.146360 0.147125 0.147952 0.148738 0.149360 0.149697 0.149648 0.149155 0.148226 0.146954 0.145523 0.144209 0.147077 0.147934 0.148466 0.148747 0.148866 0.148905 0.148921 0.148944 0.148982 0.149028 0.149067 0.149086 0.149076 0.149037 0.148978 0.148917 0.148873 0.148865 0.148905 0.148996 0.149126 0.149274 0.149407 0.149486 0.149480 0.149369 0.149155 0.148876 0.148604 0.148441 0.148505 0.148889 0.149000 0.149041 0.149054 0.149046 0.149029 0.149012 0.148999 0.148994 0.148996 0.149003 0.149012 0.149019 0.149024 0.149024 0.149020 0.149014 0.149007 0.149002 0.149000 0.149002 0.149007 0.149015 0.149022 0.149026 0.149023 0.149012 0.148993 0.148970 0.148949 0.148940 0.148955 0.149002 0.148980 0.149006 0.149010 0.149000 0.148985 0.148974 0.148968 0.148969 0.148974 0.148981 0.148986 0.148988 0.148986 0.148981 0.148976 0.148974 0.148977 0.148988 0.149008 0.149036 0.149068 0.149098 0.149121 0.149130 0.149119 0.149087 0.149036 0.148976 0.148920 0.148889 0.148904 0.148980 0.148980 0.149059 0.149104 0.149118 0.149109 0.149088 0.149062 0.149036 0.149015 0.149000 0.148990 0.148985 0.148982 0.148980 0.148979 0.148979 0.148978 0.148979 0.148981 0.148984 0.148990 0.148996 0.149001 0.149005 0.149004 0.148999 0.148988 0.148974 0.148960 0.148951 0.148956 0.148980 0.149101 0.149095 0.149072 0.149042 0.149013 0.148990 0.148976 0.148971 0.148973 0.148979 0.148987 0.148993 0.148998 0.149000 0.149000 0.148999 0.148999 0.149000 0.149003 0.149007 0.149009 0.149009 0.149002 0.148986 0.148960 0.148925 0.148887 0.148854 0.148838 0.148853 0.148912 0.149021 0.149023 0.148768 0.148729 0.148824 0.148964 0.149084 0.149146 0.149142 0.149087 0.149010 0.148942 0.148909 0.148926 0.148994 0.149101 0.149224 0.149335 0.149407 0.149418 0.149361 0.149240 0.149079 0.148911 0.148778 0.148719 0.148761 0.148904 0.149118 0.149330 0.149437 0.149320 0.148889 0.149555 0.150387 0.150083 0.149027 0.147661 0.146357 0.145362 0.144788 0.144624 0.144779 0.145116 0.145488 0.145776 0.145899 0.145830 0.145592 0.145246 0.144875 0.144565 0.144385 0.144369 0.144511 0.144761 0.145038 0.145251 0.145324 0.145229 0.145020 0.144847 0.144954 0.145634 0.147128
0.146037 0.146231 0.145996 0.145545 0.145077 0.144736 0.144585 0.144619 0.144784 0.145001 0.145190 0.145292 0.145280 0.145167 0.144998 0.144845 0.144793 0.144919 0.145277 0.145884 0.146710 0.147674 0.148653 0.149491 0.150030 0.150135 0.149730 0.148831 0.147569 0.146198 0.145077 0.144600 0.148235 0.148632 0.148839 0.148920 0.148936 0.148932 0.148933 0.148951 0.148982 0.149017 0.149045 0.149058 0.149049 0.149022 0.148984 0.148945 0.148919 0.148917 0.148946 0.149006 0.149089 0.149181 0.149262 0.149308 0.149301 0.149229 0.149096 0.148924 0.148759 0.148663 0.148703 0.148935 0.149000 0.149023 0.149030 0.149026 0.149016 0.149007 0.149000 0.148997 0.148998 0.149002 0.149006 0.149011 0.149013 0.149013 0.149011 0.149008 0.149004 0.149001 0.149000 0.149001 0.149004 0.149008 0.149013 0.149015 0.149014 0.149008 0.148997 0.148984 0.148973 0.148968 0.148976 0.149001 0.148990 0.149003 0.149004 0.149000 0.148993 0.148987 0.148985 0.148985 0.148987 0.148990 0.148993 0.148994 0.148993 0.148991 0.148988 0.148987 0.148989 0.148994 0.149004 0.149018 0.149033 0.149048 0.149059 0.149063 0.149058 0.149042 0.149018 0.148988 0.148961 0.148946 0.148953 0.148990 0.148990 0.149028 0.149050 0.149057 0.149053 0.149043 0.149030 0.149018 0.149007 0.149000 0.148995 0.148992 0.148991 0.148990 0.148990 0.148989 0.148989 0.148989 0.148990 0.148992 0.148995 0.148998 0.149001 0.149002 0.149002 0.148999 0.148994 0.148987 0.148980 0.148976 0.148978 0.148990 0.149049 0.149048 0.149037 0.149022 0.149007 0.148995 0.148988 0.148985 0.148986 0.148990 0.148994 0.148997 0.148999 0.149000 0.149000 0.148999 0.148999 0.149000 0.149002 0.149004 0.149006 0.149005 0.149001 0.148992 0.148976 0.148956 0.148934 0.148915 0.148906 0.148914 0.148949 0.149012 0.149013 0.148851 0.148826 0.148886 0.148976 0.149052 0.149092 0.149089 0.149054 0.149005 0.148961 0.148940 0.148951 0.148995 0.149063 0.149142 0.149214 0.149261 0.149269 0.149234 0.149158 0.149056 0.148949 0.148863 0.148825 0.148849 0.148939 0.149073 0.149207 0.149276 0.149205 0.148935 0.149349 0.150430 0.150510 0.149840 0.148751 0.147554 0.146479 0.145663 0.145151 0.144918 0.144894 0.144990 0.145122 0.145223 0.145255 0.145210 0.145105 0.144975 0.144859 0.144790 0.144788 0.144848 0.144950 0.145056 0.145128 0.145145 0.145119 0.145117 0.145263 0.145733 0.146716 0.148334
0.144726 0.145608 0.145842 0.145661 0.145321 0.145016 0.144856 0.144863 0.144996 0.145179 0.145331 0.145388 0.145323 0.145153 0.144931 0.144739 0.144673 0.144817 0.145226 0.145910 0.146822 0.147861 0.148875 0.149687 0.150123 0.150054 0.149432 0.148332 0.146973 0.145716 0.145022 0.145343 0.149270 0.149185 0.149107 0.149058 0.149036 0.149029 0.149025 0.149018 0.149006 0.148992 0.148980 0.148974 0.148978 0.148990 0.149008 0.149026 0.149039 0.149040 0.149026 0.148995 0.148950 0.148901 0.148856 0.148830 0.148833 0.148873 0.148947 0.149043 0.149136 0.149191 0.149167 0.149032 0.149000 0.148989 0.148986 0.148988 0.148992 0.148997 0.149000 0.149001 0.149001 0.148999 0.148997 0.148995 0.148994 0.148994 0.148995 0.148996 0.148998 0.148999 0.149000 0.149000 0.148998 0.148996 0.148994 0.148993 0.148994 0.148996 0.149001 0.149007 0.149012 0.149014 0.149011 0.149000 0.149004 0.148999 0.148998 0.149000 0.149003 0.149005 0.149006 0.149006 0.149005 0.149004 0.149003 0.149003 0.149003 0.149004 0.149005 0.149005 0.149004 0.149002 0.148998 0.148993 0.148987 0.148981 0.148976 0.148975 0.148977 0.148983 0.148993 0.149005 0.149016 0.149022 0.149019 0.149004 0.149004 0.148989 0.148980 0.148977 0.148979 0.148983 0.148988 0.148993 0.148997 0.149000 0.149002 0.149003 0.149004 0.149004 0.149004 0.149004 0.149004 0.149004 0.149004 0.149003 0.149002 0.149001 0.149000 0.148999 0.148999 0.149000 0.149002 0.149005 0.149008 0.149010 0.149009 0.149004 0.148980 0.148980 0.148985 0.148991 0.148997 0.149002 0.149005 0.149006 0.149006 0.149004 0.149002 0.149001 0.149000 0.149000 0.149000 0.149001 0.149001 0.149000 0.148999 0.148998 0.148997 0.148997 0.149000 0.149004 0.149011 0.149021 0.149032 0.149041 0.149045 0.149041 0.149025 0.148994 0.148994 0.149082 0.149095 0.149063 0.149014 0.148973 0.148951 0.148953 0.148971 0.148998 0.149022 0.149033 0.149028 0.149004 0.148966 0.148923 0.148884 0.148857 0.148852 0.148870 0.148911 0.148966 0.149024 0.149071 0.149093 0.149081 0.149033 0.148962 0.148890 0.148852 0.148889 0.149032 0.148814 0.150517 0.151090 0.150735 0.149779 0.148557 0.147341 0.146314 0.145567 0.145114 0.144915 0.144897 0.144981 0.145097 0.145194 0.145245 0.145247 0.145214 0.145168 0.145132 0.145118 0.145127 0.145148 0.145159 0.145146 0.145108 0.145080 0.145141 0.145422 0.146092 0.147318 0.149186
0.143651 0.144993 0.145598 0.145682 0.145506 0.145282 0.145139 0.145122 0.145206 0.145330 0.145423 0.145430 0.145327 0.145131 0.144895 0.144699 0.144631 0.144770 0.145164 0.145817 0.146678 0.147639 0.148553 0.149248 0.149565 0.149398 0.148728 0.147668 0.146476 0.145546 0.145353 0.146326 0.149971 0.149451 0.149182 0.149107 0.149131 0.149174 0.149182 0.149140 0.149057 0.148961 0.148884 0.148851 0.148873 0.148947 0.149050 0.149151 0.149215 0.149209 0.149115 0.148933 0.148685 0.148415 0.148183 0.148055 0.148088 0.148312 0.148714 0.149225 0.149713 0.149993 0.149858 0.149151 0.149000 0.148951 0.148937 0.148945 0.148965 0.148986 0.149001 0.149007 0.149005 0.148997 0.148987 0.148978 0.148973 0.148972 0.148976 0.148983 0.148991 0.148998 0.149000 0.148998 0.148992 0.148983 0.148974 0.148968 0.148970 0.148981 0.149002 0.149027 0.149051 0.149062 0.149047 0.148998 0.149016 0.148997 0.148994 0.149001 0.149012 0.149020 0.149025 0.149024 0.149020 0.149015 0.149012 0.149010 0.149012 0.149015 0.149019 0.149020 0.149017 0.149009 0.148993 0.148972 0.148948 0.148925 0.148908 0.148902 0.148910 0.148934 0.148973 0.149018 0.149060 0.149084 0.149073 0.149016 0.149016 0.148957 0.148923 0.148912 0.148918 0.148934 0.148954 0.148973 0.148988 0.149000 0.149007 0.149012 0.149014 0.149016 0.149017 0.149017 0.149018 0.149017 0.149015 0.149012 0.149008 0.149003 0.148999 0.148996 0.148997 0.149001 0.149010 0.149021 0.149032 0.149038 0.149035 0.149016 0.148924 0.148920 0.148936 0.148962 0.148988 0.149010 0.149022 0.149026 0.149023 0.149017 0.149009 0.149003 0.149000 0.149000 0.149001 0.149003 0.149003 0.149001 0.148997 0.148991 0.148987 0.148988 0.148998 0.149019 0.149054 0.149100 0.149150 0.149194 0.149215 0.149195 0.149117 0.148974 0.148973 0.149463 0.149539 0.149356 0.149084 0.148852 0.148733 0.148740 0.148846 0.148996 0.149129 0.149194 0.149161 0.149028 0.148817 0.148572 0.148348 0.148196 0.148160 0.148257 0.148479 0.148784 0.149108 0.149372 0.149501 0.149442 0.149188 0.148796 0.148396 0.148182 0.148375 0.149151 0.147980 0.150640 0.151750 0.151572 0.150551 0.149146 0.147731 0.146555 0.145736 0.145289 0.145152 0.145223 0.145390 0.145559 0.145666 0.145684 0.145618 0.145500 0.145371 0.145272 0.145226 0.145236 0.145278 0.145315 0.145307 0.145238 0.145131 0.145079 0.145249 0.145871 0.147189 0.149358
0.143246 0.144637 0.145364 0.145597 0.145554 0.145419 0.145313 0.145284 0.145322 0.145387 0.145427 0.145400 0.145290 0.145112 0.144909 0.144744 0.144687 0.144799 0.145115 0.145632 0.146305 0.147044 0.147729 0.148225 0.148415 0.148228 0.147678 0.146886 0.146097 0.145662 0.145982 0.147387 0.150198 0.149345 0.149005 0.149013 0.149170 0.149317 0.149364 0.149289 0.149126 0.148935 0.148783 0.148718 0.148764 0.148908 0.149106 0.149295 0.149403 0.149371 0.149163 0.148784 0.148281 0.147744 0.147292 0.147054 0.147141 0.147608 0.148426 0.149450 0.150416 0.150956 0.150667 0.149241 0.149000 0.148927 0.148905 0.148918 0.148948 0.148979 0.149001 0.149010 0.149007 0.148996 0.148981 0.148968 0.148960 0.148958 0.148964 0.148975 0.148987 0.148996 0.149001 0.148998 0.148988 0.148975 0.148961 0.148953 0.148955 0.148971 0.149000 0.149037 0.149072 0.149089 0.149069 0.148998 0.149021 0.148996 0.148993 0.149002 0.149016 0.149027 0.149032 0.149031 0.149026 0.149020 0.149015 0.149013 0.149015 0.149019 0.149024 0.149026 0.149022 0.149011 0.148991 0.148965 0.148934 0.148904 0.148882 0.148874 0.148884 0.148916 0.148965 0.149023 0.149077 0.149107 0.149094 0.149021 0.149021 0.148945 0.148901 0.148888 0.148895 0.148916 0.148941 0.148965 0.148985 0.149000 0.149010 0.149015 0.149019 0.149020 0.149022 0.149023 0.149023 0.149022 0.149020 0.149016 0.149010 0.149004 0.148999 0.148995 0.148996 0.149002 0.149013 0.149027 0.149042 0.149050 0.149045 0.149021 0.148903 0.148892 0.148911 0.148947 0.148984 0.149014 0.149031 0.149036 0.149031 0.149021 0.149011 0.149003 0.148999 0.148999 0.149002 0.149005 0.149006 0.149003 0.148996 0.148987 0.148980 0.148981 0.148996 0.149031 0.149085 0.149158 0.149237 0.149306 0.149339 0.149308 0.149186 0.148962 0.148960 0.149963 0.150118 0.149745 0.149187 0.148711 0.148466 0.148481 0.148699 0.149006 0.149280 0.149414 0.149347 0.149073 0.148637 0.148127 0.147656 0.147333 0.147243 0.147429 0.147870 0.148488 0.149152 0.149701 0.149981 0.149882 0.149386 0.148605 0.147796 0.147348 0.147710 0.149241 0.146962 0.150764 0.152369 0.152195 0.150916 0.149195 0.147553 0.146311 0.145597 0.145383 0.145540 0.145890 0.146258 0.146510 0.146568 0.146422 0.146119 0.145742 0.145389 0.145144 0.145055 0.145123 0.145296 0.145485 0.145585 0.145518 0.145271 0.144940 0.144751 0.145056 0.146262 0.148692
0.143702 0.144676 0.145215 0.145420 0.145430 0.145364 0.145303 0.145279 0.145292 0.145318 0.145327 0.145297 0.145219 0.145101 0.144973 0.144871 0.144837 0.144905 0.145093 0.145395 0.145780 0.146192 0.146557 0.146801 0.146865 0.146727 0.146423 0.146063 0.145833 0.145976 0.146749 0.148328 0.149902 0.148855 0.148558 0.148736 0.149088 0.149384 0.149502 0.149421 0.149198 0.148928 0.148712 0.148622 0.148688 0.148891 0.149165 0.149416 0.149540 0.149452 0.149105 0.148511 0.147745 0.146943 0.146285 0.145962 0.146132 0.146872 0.148128 0.149678 0.151119 0.151899 0.151420 0.149231 0.149000 0.148936 0.148916 0.148928 0.148954 0.148981 0.149001 0.149009 0.149007 0.148997 0.148984 0.148972 0.148964 0.148963 0.148968 0.148978 0.148988 0.148997 0.149001 0.148998 0.148990 0.148978 0.148966 0.148958 0.148959 0.148973 0.148998 0.149030 0.149061 0.149076 0.149059 0.148998 0.149016 0.148997 0.148995 0.149002 0.149012 0.149020 0.149024 0.149024 0.149020 0.149015 0.149012 0.149010 0.149012 0.149015 0.149018 0.149020 0.149017 0.149008 0.148993 0.148973 0.148950 0.148927 0.148911 0.148905 0.148913 0.148936 0.148973 0.149018 0.149058 0.149081 0.149071 0.149016 0.149016 0.148958 0.148926 0.148915 0.148921 0.148936 0.148955 0.148973 0.148988 0.149000 0.149007 0.149012 0.149014 0.149016 0.149017 0.149017 0.149018 0.149017 0.149015 0.149012 0.149008 0.149003 0.148999 0.148996 0.148997 0.149001 0.149010 0.149021 0.149032 0.149038 0.149034 0.149016 0.148927 0.148913 0.148927 0.148955 0.148987 0.149011 0.149026 0.149030 0.149025 0.149016 0.149007 0.149001 0.148998 0.148999 0.149003 0.149006 0.149006 0.149003 0.148996 0.148987 0.148981 0.148982 0.148997 0.149029 0.149081 0.149150 0.149225 0.149291 0.149322 0.149293 0.149178 0.148966 0.148964 0.150514 0.150754 0.150177 0.149314 0.148579 0.148198 0.148221 0.148558 0.149035 0.149461 0.149670 0.149568 0.149140 0.148457 0.147654 0.146903 0.146376 0.146208 0.146465 0.147124 0.148065 0.149092 0.149957 0.150422 0.150313 0.149597 0.148431 0.147200 0.146490 0.146983 0.149231 0.145949 0.150835 0.152790 0.152460 0.150793 0.148697 0.146850 0.145639 0.145179 0.145370 0.145982 0.146736 0.147376 0.147718 0.147678 0.147278 0.146624 0.145876 0.145209 0.144769 0.144638 0.144812 0.145199 0.145633 0.145920 0.145891 0.145473 0.144754 0.144031 0.143805 0.144700 0.147261
0.144892 0.145093 0.145180 0.145189 0.145161 0.145128 0.145108 0.145106 0.145118 0.145135 0.145146 0.145144 0.145129 0.145103 0.145074 0.145052 0.145047 0.145063 0.145102 0.145157 0.145215 0.145261 0.145280 0.145264 0.145220 0.145172 0.145175 0.145305 0.145662 0.146350 0.147445 0.148948 0.149139 0.148042 0.147868 0.148253 0.148821 0.149289 0.149514 0.149476 0.149249 0.148952 0.148709 0.148608 0.148685 0.148912 0.149209 0.149462 0.149548 0.149367 0.148871 0.148081 0.147100 0.146101 0.145310 0.144961 0.145245 0.146246 0.147883 0.149862 0.151665 0.152595 0.151906 0.149045 0.149000 0.148989 0.148985 0.148987 0.148992 0.148997 0.149000 0.149002 0.149001 0.148999 0.148997 0.148995 0.148994 0.148994 0.148994 0.148996 0.148998 0.148999 0.149000 0.149000 0.148998 0.148996 0.148994 0.148993 0.148993 0.148995 0.148999 0.149005 0.149010 0.149013 0.149010 0.149000 0.149002 0.149000 0.148999 0.149000 0.149002 0.149003 0.149004 0.149004 0.149003 0.149002 0.149002 0.149002 0.149002 0.149002 0.149003 0.149003 0.149003 0.149001 0.148999 0.148996 0.148993 0.148989 0.148987 0.148986 0.148987 0.148990 0.148996 0.149003 0.149009 0.149012 0.149011 0.149002 0.149002 0.148994 0.148989 0.148987 0.148988 0.148991 0.148993 0.148996 0.148998 0.149000 0.149001 0.149002 0.149002 0.149002 0.149003 0.149003 0.149003 0.149003 0.149002 0.149002 0.149001 0.149000 0.149000 0.148999 0.149000 0.149000 0.149001 0.149003 0.149005 0.149006 0.149005 0.149002 0.148989 0.148986 0.148988 0.148993 0.148998 0.149002 0.149004 0.149005 0.149004 0.149002 0.149001 0.149000 0.148999 0.149000 0.149001 0.149001 0.149001 0.149001 0.148999 0.148998 0.148996 0.148997 0.148999 0.149006 0.149016 0.149029 0.149043 0.149056 0.149062 0.149056 0.149035 0.148994 0.148994 0.151020 0.151334 0.150580 0.149451 0.148486 0.147986 0.148015 0.148457 0.149085 0.149647 0.149926 0.149792 0.149225 0.148315 0.147236 0.146215 0.145477 0.145204 0.145489 0.146309 0.147517 0.148860 0.150022 0.150688 0.150625 0.149774 0.148322 0.146747 0.145787 0.146313 0.149045 0.145176 0.150781 0.152850 0.152250 0.150186 0.147771 0.145809 0.144726 0.144604 0.145260 0.146363 0.147533 0.148439 0.148854 0.148696 0.148021 0.146999 0.145871 0.144889 0.144260 0.144099 0.144398 0.145021 0.145727 0.146228 0.146260 0.145683 0.144572 0.143277 0.142438 0.142881 0.145378
0.146385 0.145706 0.145239 0.144965 0.144836 0.144799 0.144809 0.144837 0.144868 0.144901 0.144938 0.144985 0.145045 0.145114 0.145183 0.145238 0.145259 0.145228 0.145133 0.144967 0.144737 0.144466 0.144191 0.143963 0.143843 0.143894 0.144174 0.144723 0.145550 0.146620 0.147847 0.149078 0.148065 0.147042 0.147011 0.147572 0.148319 0.148952 0.149316 0.149390 0.149247 0.149010 0.148803 0.148716 0.148783 0.148977 0.149213 0.149378 0.149351 0.149038 0.148402 0.147479 0.146388 0.145325 0.144530 0.144251 0.144677 0.145882 0.147753 0.149949 0.151891 0.152815 0.151914 0.148616 0.149000 0.149084 0.149109 0.149094 0.149060 0.149025 0.148999 0.148988 0.148991 0.149004 0.149021 0.149036 0.149046 0.149047 0.149041 0.149029 0.149015 0.149004 0.148999 0.149002 0.149012 0.149028 0.149044 0.149054 0.149054 0.149038 0.149007 0.148967 0.148928 0.148909 0.148928 0.149002 0.148985 0.149002 0.149004 0.148998 0.148989 0.148981 0.148977 0.148978 0.148981 0.148985 0.148989 0.148990 0.148989 0.148986 0.148983 0.148982 0.148984 0.148992 0.149006 0.149025 0.149046 0.149067 0.149082 0.149088 0.149081 0.149059 0.149025 0.148984 0.148946 0.148925 0.148935 0.148985 0.148985 0.149038 0.149068 0.149078 0.149072 0.149059 0.149041 0.149025 0.149011 0.149000 0.148993 0.148989 0.148987 0.148985 0.148984 0.148984 0.148983 0.148984 0.148986 0.148988 0.148993 0.148997 0.149001 0.149003 0.149003 0.148999 0.148991 0.148980 0.148970 0.148964 0.148968 0.148985 0.149067 0.149099 0.149089 0.149055 0.149016 0.148985 0.148968 0.148965 0.148973 0.148985 0.148997 0.149005 0.149006 0.149002 0.148995 0.148989 0.148988 0.148994 0.149005 0.149020 0.149031 0.149029 0.149006 0.148953 0.148868 0.148758 0.148636 0.148531 0.148480 0.148526 0.148708 0.149044 0.149046 0.151366 0.151728 0.150865 0.149569 0.148460 0.147883 0.147915 0.148424 0.149150 0.149802 0.150128 0.149976 0.149316 0.148245 0.146963 0.145727 0.144802 0.144402 0.144644 0.145514 0.146859 0.148400 0.149781 0.150638 0.150696 0.149864 0.148321 0.146573 0.145421 0.145829 0.148616 0.144882 0.150531 0.152403 0.151509 0.149187 0.146644 0.144726 0.143852 0.144059 0.145100 0.146571 0.148032 0.149106 0.149550 0.149288 0.148408 0.147126 0.145737 0.144545 0.143797 0.143630 0.144029 0.144830 0.145741 0.146408 0.146503 0.145833 0.144451 0.142729 0.141379 0.141347 0.143549
0.147545 0.146219 0.145324 0.144815 0.144586 0.144527 0.144551 0.144602 0.144657 0.144715 0.144783 0.144874 0.144991 0.145127 0.145261 0.145364 0.145402 0.145342 0.145165 0.144866 0.144467 0.144013 0.143574 0.143234 0.143084 0.143204 0.143646 0.144415 0.145455 0.146638 0.147770 0.148615 0.146904 0.146032 0.146095 0.146728 0.147562 0.148318 0.148846 0.149109 0.149159 0.149089 0.148997 0.148956 0.148990 0.149076 0.149149 0.149118 0.148894 0.148415 0.147669 0.146712 0.145668 0.144723 0.144098 0.144004 0.144595 0.145904 0.147789 0.149901 0.151672 0.152381 0.151290 0.147908 0.149000 0.149196 0.149253 0.149218 0.149139 0.149057 0.148998 0.148972 0.148979 0.149008 0.149047 0.149082 0.149104 0.149108 0.149093 0.149067 0.149036 0.149010 0.148998 0.149004 0.149028 0.149064 0.149101 0.149126 0.149125 0.149091 0.149022 0.148930 0.148843 0.148797 0.148838 0.149003 0.148971 0.149003 0.149008 0.148995 0.148978 0.148964 0.148957 0.148958 0.148964 0.148972 0.148979 0.148981 0.148978 0.148973 0.148967 0.148965 0.148970 0.148985 0.149012 0.149048 0.149089 0.149128 0.149157 0.149168 0.149154 0.149112 0.149047 0.148969 0.148897 0.148857 0.148875 0.148971 0.148971 0.149072 0.149129 0.149148 0.149138 0.149112 0.149079 0.149047 0.149020 0.149001 0.148987 0.148979 0.148975 0.148972 0.148970 0.148968 0.148968 0.148969 0.148972 0.148978 0.148986 0.148994 0.149002 0.149007 0.149005 0.148997 0.148982 0.148962 0.148943 0.148932 0.148938 0.148971 0.149128 0.149227 0.149212 0.149134 0.149039 0.148963 0.148922 0.148918 0.148939 0.148973 0.149004 0.149021 0.149021 0.149006 0.148985 0.148967 0.148964 0.148980 0.149014 0.149056 0.149086 0.149082 0.149016 0.148868 0.148633 0.148324 0.147985 0.147691 0.147547 0.147672 0.148174 0.149102 0.149105 0.151440 0.151808 0.150940 0.149633 0.148510 0.147923 0.147953 0.148469 0.149211 0.149880 0.150220 0.150067 0.149385 0.148264 0.146900 0.145553 0.144496 0.143956 0.144067 0.144836 0.146130 0.147684 0.149151 0.150163 0.150426 0.149811 0.148447 0.146775 0.145533 0.145639 0.147908 0.145242 0.150028 0.151365 0.150253 0.147960 0.145603 0.143942 0.143331 0.143759 0.144958 0.146520 0.148011 0.149072 0.149478 0.149169 0.148243 0.146928 0.145521 0.144326 0.143588 0.143441 0.143870 0.144707 0.145660 0.146371 0.146504 0.145854 0.144447 0.142626 0.141064 0.140676 0.142365
0.147714 0.146305 0.145350 0.144800 0.144548 0.144478 0.144500 0.144555 0.144617 0.144683 0.144761 0.144862 0.144988 0.145131 0.145270 0.145375 0.145413 0.145352 0.145173 0.144877 0.144486 0.144047 0.143628 0.143314 0.143186 0.143315 0.143738 0.144440 0.145344 0.146304 0.147118 0.147562 0.145900 0.145201 0.145247 0.145795 0.146580 0.147388 0.148083 0.148605 0.148952 0.149157 0.149261 0.149295 0.149272 0.149178 0.148985 0.148656 0.148161 0.147497 0.146693 0.145825 0.145006 0.144383 0.144111 0.144320 0.145083 0.146369 0.148015 0.149700 0.150959 0.151233 0.149990 0.146934 0.149000 0.149266 0.149341 0.149291 0.149184 0.149074 0.148996 0.148962 0.148971 0.149010 0.149061 0.149108 0.149137 0.149141 0.149123 0.149087 0.149047 0.149014 0.148998 0.149006 0.149037 0.149083 0.149132 0.149165 0.149166 0.149123 0.149034 0.148916 0.148802 0.148742 0.148793 0.149003 0.148969 0.149003 0.149008 0.148995 0.148976 0.148961 0.148953 0.148954 0.148961 0.148970 0.148977 0.148979 0.148977 0.148971 0.148964 0.148962 0.148968 0.148984 0.149013 0.149051 0.149095 0.149137 0.149168 0.149180 0.149165 0.149120 0.149050 0.148967 0.148890 0.148847 0.148866 0.148969 0.148969 0.149076 0.149138 0.149158 0.149147 0.149119 0.149084 0.149050 0.149022 0.149001 0.148986 0.148978 0.148973 0.148969 0.148967 0.148966 0.148965 0.148966 0.148970 0.148976 0.148985 0.148994 0.149002 0.149007 0.149006 0.148997 0.148981 0.148959 0.148938 0.148926 0.148933 0.148969 0.149137 0.149335 0.149332 0.149212 0.149061 0.148940 0.148877 0.148874 0.148915 0.148974 0.149025 0.149050 0.149044 0.149012 0.148970 0.148936 0.148930 0.148960 0.149024 0.149102 0.149159 0.149150 0.149029 0.148758 0.148324 0.147755 0.147130 0.146587 0.146317 0.146539 0.147449 0.149135 0.149138 0.151152 0.151475 0.150729 0.149597 0.148618 0.148102 0.148124 0.148575 0.149231 0.149830 0.150140 0.150009 0.149393 0.148359 0.147070 0.145751 0.144646 0.143969 0.143862 0.144362 0.145385 0.146731 0.148115 0.149217 0.149757 0.149568 0.148681 0.147373 0.146176 0.145798 0.146934 0.146310 0.149251 0.149749 0.148589 0.146714 0.144928 0.143756 0.143422 0.143881 0.144906 0.146172 0.147346 0.148160 0.148449 0.148178 0.147433 0.146394 0.145295 0.144369 0.143806 0.143706 0.144055 0.144724 0.145486 0.146060 0.146185 0.145694 0.144596 0.143137 0.141817 0.141322 0.142343
0.146460 0.145735 0.145238 0.144948 0.144812 0.144771 0.144780 0.144809 0.144843 0.144881 0.144924 0.144979 0.145044 0.145117 0.145187 0.145240 0.145258 0.145228 0.145140 0.144996 0.144807 0.144596 0.144398 0.144250 0.144194 0.144260 0.144462 0.144789 0.145198 0.145614 0.145936 0.146058 0.145259 0.144697 0.144587 0.144877 0.145465 0.146235 0.147075 0.147890 0.148603 0.149157 0.149512 0.149644 0.149545 0.149220 0.148693 0.148000 0.147198 0.146358 0.145562 0.144903 0.144471 0.144343 0.144572 0.145171 0.146094 0.147234 0.148407 0.149367 0.149823 0.149484 0.148142 0.145780 0.149000 0.149199 0.149246 0.149204 0.149124 0.149046 0.148993 0.148971 0.148979 0.149006 0.149041 0.149072 0.149091 0.149093 0.149080 0.149057 0.149030 0.149009 0.148999 0.149004 0.149025 0.149055 0.149087 0.149108 0.149109 0.149081 0.149025 0.148950 0.148878 0.148839 0.148871 0.149002 0.148984 0.149002 0.149004 0.148997 0.148987 0.148979 0.148976 0.148976 0.148980 0.148984 0.148988 0.148989 0.148988 0.148985 0.148981 0.148980 0.148983 0.148992 0.149007 0.149027 0.149050 0.149071 0.149088 0.149094 0.149086 0.149063 0.149026 0.148983 0.148943 0.148920 0.148930 0.148984 0.148984 0.149040 0.149072 0.149082 0.149077 0.149062 0.149044 0.149026 0.149011 0.149000 0.148993 0.148988 0.148986 0.148984 0.148983 0.148982 0.148982 0.148982 0.148984 0.148987 0.148992 0.148997 0.149001 0.149004 0.149003 0.148998 0.148990 0.148979 0.148968 0.148961 0.148965 0.148984 0.149071 0.149390 0.149416 0.149272 0.149077 0.148920 0.148842 0.148847 0.148910 0.148994 0.149062 0.149091 0.149074 0.149019 0.148951 0.148899 0.148890 0.148936 0.149033 0.149151 0.149238 0.149225 0.149043 0.148636 0.147985 0.147130 0.146190 0.145371 0.144955 0.145268 0.146602 0.149089 0.149091 0.150463 0.150692 0.150188 0.149409 0.148728 0.148361 0.148371 0.148688 0.149159 0.149599 0.149837 0.149750 0.149288 0.148480 0.147428 0.146286 0.145234 0.144447 0.144060 0.144148 0.144701 0.145626 0.146752 0.147858 0.148709 0.149109 0.148952 0.148269 0.147258 0.146277 0.145780 0.147945 0.148232 0.147701 0.146721 0.145662 0.144808 0.144320 0.144237 0.144502 0.144992 0.145561 0.146067 0.146402 0.146506 0.146371 0.146042 0.145596 0.145132 0.144748 0.144518 0.144484 0.144636 0.144919 0.145240 0.145484 0.145542 0.145347 0.144896 0.144284 0.143705 0.143429 0.143731
0.143841 0.144506 0.144965 0.145237 0.145367 0.145409 0.145403 0.145376 0.145342 0.145305 0.145262 0.145210 0.145149 0.145083 0.145020 0.144974 0.144958 0.144985 0.145061 0.145187 0.145351 0.145533 0.145704 0.145829 0.145875 0.145816 0.145641 0.145364 0.145023 0.144688 0.144446 0.144389 0.145080 0.144583 0.144199 0.144102 0.144378 0.145022 0.145951 0.147030 0.148100 0.149005 0.149616 0.149848 0.149670 0.149111 0.148250 0.147206 0.146125 0.145157 0.144439 0.144075 0.144120 0.144570 0.145359 0.146364 0.147415 0.148318 0.148887 0.148968 0.148485 0.147467 0.146075 0.144612 0.149000 0.148866 0.148799 0.148806 0.148861 0.148931 0.148989 0.149019 0.149019 0.148994 0.148957 0.148920 0.148895 0.148888 0.148900 0.148927 0.148959 0.148987 0.149003 0.148999 0.148975 0.148937 0.148895 0.148865 0.148860 0.148892 0.148962 0.149059 0.149156 0.149210 0.149171 0.148998 0.149015 0.148999 0.148996 0.149003 0.149012 0.149019 0.149023 0.149022 0.149019 0.149015 0.149012 0.149010 0.149012 0.149014 0.149017 0.149018 0.149016 0.149008 0.148994 0.148975 0.148954 0.148934 0.148919 0.148913 0.148920 0.148942 0.148976 0.149016 0.149053 0.149074 0.149065 0.149015 0.149015 0.148963 0.148934 0.148924 0.148929 0.148943 0.148959 0.148976 0.148989 0.149000 0.149007 0.149011 0.149013 0.149015 0.149016 0.149017 0.149017 0.149016 0.149015 0.149012 0.149007 0.149003 0.148999 0.148997 0.148997 0.149002 0.149010 0.149020 0.149030 0.149036 0.149033 0.149015 0.148934 0.149368 0.149438 0.149293 0.149081 0.148909 0.148830 0.148846 0.148929 0.149031 0.149110 0.149137 0.149105 0.149027 0.148934 0.148865 0.148852 0.148913 0.149040 0.149193 0.149306 0.149290 0.149056 0.148531 0.147691 0.146587 0.145371 0.144302 0.143742 0.144106 0.145766 0.148891 0.148890 0.149406 0.149508 0.149325 0.149021 0.148741 0.148578 0.148572 0.148707 0.148925 0.149144 0.149278 0.149248 0.149004 0.148528 0.147841 0.147004 0.146108 0.145265 0.144593 0.144202 0.144169 0.144529 0.145259 0.146269 0.147400 0.148437 0.149129 0.149221 0.148515 0.146932 0.144612 0.149772 0.147070 0.145519 0.144935 0.144968 0.145262 0.145542 0.145647 0.145527 0.145217 0.144808 0.144409 0.144118 0.144000 0.144077 0.144328 0.144691 0.145084 0.145419 0.145625 0.145659 0.145523 0.145265 0.144967 0.144739 0.144682 0.144867 0.145294 0.145874 0.146417 0.146657 0.146319
0.140619 0.142965 0.144598 0.145574 0.146055 0.146214 0.146198 0.146102 0.145977 0.145836 0.145676 0.145487 0.145269 0.145036 0.144818 0.144659 0.144605 0.144697 0.144957 0.145383 0.145937 0.146548 0.147117 0.147531 0.147678 0.147474 0.146888 0.145969 0.144856 0.143785 0.143057 0.142978 0.145301 0.144793 0.144107 0.143609 0.143544 0.144002 0.144926 0.146152 0.147456 0.148603 0.149393 0.149695 0.149462 0.148738 0.147648 0.146376 0.145137 0.144141 0.143562 0.143506 0.143994 0.144949 0.146206 0.147528 0.148646 0.149303 0.149314 0.148618 0.147325 0.145737 0.144333 0.143677 0.149000 0.148114 0.147800 0.147924 0.148281 0.148680 0.148983 0.149127 0.149109 0.148969 0.148773 0.148589 0.148468 0.148441 0.148507 0.148642 0.148803 0.148941 0.149011 0.148987 0.148868 0.148680 0.148477 0.148329 0.148307 0.148461 0.148798 0.149263 0.149725 0.149984 0.149806 0.148994 0.149055 0.148996 0.148988 0.149011 0.149043 0.149069 0.149081 0.149079 0.149068 0.149053 0.149042 0.149037 0.149042 0.149052 0.149062 0.149066 0.149056 0.149027 0.148978 0.148912 0.148836 0.148763 0.148710 0.148690 0.148716 0.148793 0.148913 0.149057 0.149189 0.149263 0.149230 0.149055 0.149055 0.148870 0.148764 0.148730 0.148747 0.148795 0.148855 0.148913 0.148962 0.148999 0.149023 0.149039 0.149048 0.149054 0.149058 0.149061 0.149061 0.149059 0.149053 0.149042 0.149027 0.149010 0.148996 0.148988 0.148990 0.149006 0.149034 0.149072 0.149108 0.149129 0.149117 0.149055 0.148765 0.149267 0.149383 0.149266 0.149071 0.148913 0.148846 0.148875 0.148968 0.149075 0.149153 0.149172 0.149126 0.149031 0.148923 0.148844 0.148830 0.148898 0.149040 0.149212 0.149338 0.149321 0.149062 0.148480 0.147547 0.146318 0.144955 0.143742 0.143073 0.143399 0.145131 0.148457 0.148451 0.148102 0.148073 0.148215 0.148392 0.148521 0.148568 0.148548 0.148496 0.148452 0.148440 0.148461 0.148489 0.148476 0.148362 0.148091 0.147626 0.146966 0.146154 0.145277 0.144468 0.143881 0.143669 0.143950 0.144769 0.146055 0.147596 0.149026 0.149848 0.149500 0.147501 0.143677 0.151177 0.145939 0.143647 0.143576 0.144698 0.146068 0.147020 0.147223 0.146654 0.145511 0.144120 0.142830 0.141935 0.141618 0.141922 0.142756 0.143920 0.145153 0.146188 0.146808 0.146897 0.146464 0.145657 0.144736 0.144026 0.143839 0.144386 0.145679 0.147462 0.149183 0.150066 0.149303
0.138337 0.141849 0.144312 0.145800 0.146545 0.146802 0.146786 0.146641 0.146444 0.146221 0.145968 0.145677 0.145346 0.144999 0.144678 0.144446 0.144368 0.144502 0.144879 0.145493 0.146290 0.147167 0.147981 0.148568 0.148771 0.148472 0.147632 0.146326 0.144761 0.143283 0.142328 0.142331 0.145668 0.145114 0.144254 0.143524 0.143228 0.143494 0.144285 0.145434 0.146706 0.147848 0.148643 0.148947 0.148711 0.147983 0.146899 0.145659 0.144491 0.143617 0.143211 0.143371 0.144097 0.145282 0.146721 0.148142 0.149243 0.149754 0.149502 0.148468 0.146841 0.145027 0.143618 0.143272 0.149000 0.146799 0.146056 0.146388 0.147274 0.148243 0.148976 0.149318 0.149269 0.148931 0.148461 0.148019 0.147733 0.147669 0.147827 0.148149 0.148532 0.148860 0.149027 0.148970 0.148686 0.148239 0.147755 0.147400 0.147340 0.147695 0.148482 0.149573 0.150660 0.151278 0.150874 0.148991 0.149084 0.148995 0.148983 0.149017 0.149065 0.149104 0.149123 0.149120 0.149103 0.149081 0.149063 0.149057 0.149064 0.149079 0.149095 0.149100 0.149085 0.149041 0.148967 0.148866 0.148752 0.148642 0.148561 0.148531 0.148571 0.148687 0.148868 0.149085 0.149285 0.149397 0.149348 0.149084 0.149084 0.148804 0.148645 0.148593 0.148619 0.148691 0.148781 0.148869 0.148943 0.148998 0.149035 0.149059 0.149073 0.149082 0.149088 0.149092 0.149094 0.149090 0.149080 0.149063 0.149041 0.149016 0.148994 0.148981 0.148985 0.149009 0.149052 0.149109 0.149164 0.149196 0.149177 0.149084 0.148646 0.149118 0.149255 0.149187 0.149047 0.148933 0.148893 0.148928 0.149013 0.149105 0.149167 0.149173 0.149122 0.149030 0.148928 0.148854 0.148840 0.148903 0.149033 0.149190 0.149305 0.149292 0.149056 0.148526 0.147672 0.146539 0.145268 0.144106 0.143399 0.143550 0.144925 0.147702 0.147693 0.146762 0.146642 0.147001 0.147505 0.147914 0.148109 0.148081 0.147900 0.147670 0.147490 0.147426 0.147492 0.147650 0.147819 0.147892 0.147771 0.147383 0.146715 0.145820 0.144826 0.143920 0.143320 0.143230 0.143786 0.144993 0.146672 0.148430 0.149663 0.149631 0.147626 0.143272 0.151363 0.145072 0.142628 0.142996 0.144786 0.146753 0.148039 0.148243 0.147372 0.145726 0.143765 0.141972 0.140746 0.140331 0.140776 0.141949 0.143568 0.145273 0.146696 0.147541 0.147650 0.147039 0.145912 0.144629 0.143636 0.143366 0.144109 0.145891 0.148370 0.150804 0.152139 0.151275
0.139126 0.142207 0.144381 0.145707 0.146380 0.146620 0.146612 0.146483 0.146303 0.146098 0.145867 0.145604 0.145311 0.145007 0.144730 0.144530 0.144464 0.144579 0.144901 0.145422 0.146097 0.146837 0.147523 0.148015 0.148181 0.147924 0.147215 0.146120 0.144820 0.143609 0.142860 0.142939 0.145760 0.145210 0.144502 0.143925 0.143673 0.143819 0.144326 0.145080 0.145918 0.146672 0.147197 0.147399 0.147243 0.146761 0.146044 0.145225 0.144458 0.143894 0.143658 0.143823 0.144398 0.145320 0.146458 0.147626 0.148610 0.149205 0.149251 0.148682 0.147560 0.146098 0.144654 0.143687 0.149000 0.144830 0.143449 0.144094 0.145769 0.147593 0.148965 0.149605 0.149511 0.148879 0.148002 0.147178 0.146643 0.146522 0.146817 0.147415 0.148128 0.148738 0.149050 0.148947 0.148420 0.147588 0.146685 0.146015 0.145888 0.146527 0.147969 0.149975 0.151986 0.153142 0.152427 0.148992 0.149075 0.148996 0.148985 0.149015 0.149058 0.149093 0.149109 0.149107 0.149091 0.149072 0.149056 0.149051 0.149057 0.149070 0.149084 0.149089 0.149075 0.149037 0.148970 0.148881 0.148780 0.148683 0.148612 0.148585 0.148620 0.148723 0.148884 0.149076 0.149252 0.149351 0.149308 0.149075 0.149075 0.148828 0.148687 0.148641 0.148663 0.148727 0.148806 0.148884 0.148949 0.148998 0.149031 0.149052 0.149065 0.149073 0.149078 0.149082 0.149083 0.149080 0.149071 0.149056 0.149036 0.149014 0.148994 0.148983 0.148987 0.149008 0.149047 0.149097 0.149146 0.149174 0.149157 0.149075 0.148687 0.148977 0.149082 0.149070 0.149015 0.148969 0.148960 0.148988 0.149038 0.149089 0.149119 0.149116 0.149079 0.149019 0.148955 0.148909 0.148901 0.148939 0.149018 0.149113 0.149184 0.149177 0.149034 0.148708 0.148175 0.147449 0.146602 0.145766 0.145131 0.144925 0.145365 0.146575 0.146567 0.145666 0.145542 0.145886 0.146380 0.146788 0.146988 0.146965 0.146783 0.146541 0.146341 0.146259 0.146322 0.146508 0.146751 0.146957 0.147028 0.146884 0.146489 0.145866 0.145099 0.144333 0.143745 0.143517 0.143780 0.144574 0.145791 0.147147 0.148180 0.148300 0.146919 0.143687 0.149516 0.144725 0.142997 0.143473 0.145024 0.146653 0.147682 0.147805 0.147044 0.145657 0.144026 0.142546 0.141544 0.141215 0.141594 0.142569 0.143908 0.145311 0.146478 0.147167 0.147247 0.146735 0.145798 0.144731 0.143904 0.143673 0.144278 0.145747 0.147804 0.149849 0.151025 0.150430
0.145100 0.145100 0.145100 0.145100 0.145100 0.145100 0.145100 0.145100 0.145100 0.145100 0.145100 0.145100 0.145100 0.145100 0.145100 0.145100 0.145100 0.145100 0.145100 0.145100 0.145100 0.145100 0.145100 0.145100 0.145100 0.145100 0.145100 0.145100 0.145100 0.145100 0.145100 0.145100 0.145100 0.144705 0.144653 0.144804 0.145017 0.145189 0.145271 0.145260 0.145184 0.145086 0.145009 0.144980 0.145007 0.145076 0.145160 0.145223 0.145235 0.145179 0.145062 0.144921 0.144817 0.144832 0.145048 0.145532 0.146302 0.147311 0.148415 0.149373 0.149854 0.149484 0.147938 0.145100 0.149000 0.142249 0.140034 0.141090 0.143800 0.146741 0.148951 0.149982 0.149833 0.148819 0.147410 0.146087 0.145226 0.145029 0.145498 0.146456 0.147599 0.148577 0.149081 0.148920 0.148078 0.146744 0.145290 0.144202 0.143976 0.144970 0.147246 0.150432 0.153640 0.155504 0.154410 0.149000 0.149000 0.149000 0.149000 0.149000 0.149000 0.149000 0.149000 0.149000 0.149000 0.149000 0.149000 0.149000 0.149000 0.149000 0.149000 0.149000 0.149000 0.149000 0.149000 0.149000 0.149000 0.149000 0.149000 0.149000 0.149000 0.149000 0.149000 0.149000 0.149000 0.149000 0.149000 0.149000 0.149000 0.149000 0.149000 0.149000 0.149000 0.149000 0.149000 0.149000 0.149000 0.149000 0.149000 0.149000 0.149000 0.149000 0.149000 0.149000 0.149000 0.149000 0.149000 0.149000 0.149000 0.149000 0.149000 0.149000 0.149000 0.149000 0.149000 0.149000 0.149000 0.149000 0.149000 0.149000 0.149000 0.148925 0.148916 0.148945 0.148985 0.149016 0.149031 0.149029 0.149015 0.148998 0.148984 0.148979 0.148984 0.148996 0.149010 0.149020 0.149021 0.149012 0.148994 0.148974 0.148962 0.148966 0.148994 0.149044 0.149102 0.149135 0.149089 0.148891 0.148457 0.147702 0.146575 0.145100 0.145100 0.145100 0.145100 0.145100 0.145100 0.145100 0.145100 0.145100 0.145100 0.145100 0.145100 0.145100 0.145100 0.145100 0.145100 0.145100 0.145100 0.145100 0.145100 0.145100 0.145100 0.145100 0.145100 0.145100 0.145100 0.145100 0.145100 0.145100 0.145100 0.145100 0.145100 0.145100 0.145100 0.145100 0.145100 0.145100 0.145100 0.145100 0.145100 0.145100 0.145100 0.145100 0.145100 0.145100 0.145100 0.145100 0.145100 0.145100 0.145100 0.145100 0.145100 0.145100 0.145100 0.145100 0.145100 0.145100 0.145100 0.145100 0.145100 0.145100 0.145100 0.145100 0.145100 0.145100
