# Conjugate Gradient Solution:
# N=20
0 0.546678 0.146519 0.509262 1.000000 0.093326 0.710074 0.889767 0.600299 0.201727 0.252449 0.872677 0.182745 0.777062 0.810724 0.589648 0.124241 0.872402 0.173070 0.332652 0.078799 
1 1.002150 0.689674 0.953886 1.452167 0.564336 1.231051 1.449095 1.046934 0.729292 0.673836 1.360165 0.616654 1.286776 1.326266 1.147397 0.683326 1.384358 0.570963 0.878958 0.613755 
2 0.694427 0.798754 0.978660 1.252468 0.750241 1.270254 1.247383 1.109632 0.788548 1.012287 1.056092 0.883181 1.237428 1.125049 1.026273 1.090372 1.319513 0.864370 0.634057 0.796801 
3 0.745114 0.899724 0.910135 1.286312 0.939866 1.106244 1.137803 1.084060 0.918552 1.029070 0.929646 0.832838 1.190099 1.023444 1.036557 1.046315 1.238980 0.879516 0.780174 0.930716 
4 0.843268 0.980645 0.923117 1.236124 1.023292 1.097612 1.021924 1.061315 0.939271 1.033392 0.972686 0.946924 1.057577 1.016215 1.048095 0.996074 1.019808 0.909763 0.896661 0.963693 
5 0.949720 1.030653 0.939231 1.142975 0.982715 1.062743 0.980250 1.053846 0.934172 1.041546 0.957315 0.962061 1.025523 1.012994 1.028682 1.013528 0.989199 0.952971 0.972091 0.964912 
6 0.991233 1.020266 0.958814 1.034294 0.980575 1.052268 0.982229 1.019606 0.979491 1.000509 0.994458 0.988375 1.021136 0.963142 1.010107 1.007151 0.995148 0.986643 1.010797 0.995574 
7 0.989937 1.022475 0.973104 1.007474 0.989113 1.047451 0.988509 1.012032 0.997005 0.994626 0.993428 0.985909 1.023794 0.978304 0.997035 0.998942 0.990537 0.993699 1.014542 0.992991 
8 0.998017 1.019098 0.974458 0.999329 0.990726 1.032295 0.994927 1.003417 1.014600 0.996205 0.993143 0.995639 1.011062 0.990934 0.998126 0.999959 0.995255 0.990636 1.003348 0.989901 
9 1.001537 1.011170 0.981761 0.998874 0.992606 1.028719 0.990858 1.000498 1.017334 0.995075 0.991863 0.995964 1.006634 0.996270 0.999385 1.002571 0.997673 0.989811 1.001128 0.992304 
10 1.002794 1.008985 0.983971 0.998907 0.995231 1.026380 0.991465 1.000858 1.016144 0.995297 0.992276 0.997166 1.006253 0.996835 0.998710 1.003749 0.998593 0.989418 1.001507 0.991716 
11 1.003515 1.006755 0.985682 0.998631 0.997249 1.023859 0.991728 1.000985 1.014662 0.995288 0.992382 0.997994 1.005580 0.996959 0.997722 1.004441 0.999062 0.988820 1.001525 0.990917 
12 1.001187 1.003843 0.992340 0.998040 0.997903 1.014389 0.994425 1.003967 1.010487 0.996911 0.995540 0.999540 1.002341 0.998102 0.996578 1.004848 0.999780 0.987409 1.002749 0.994855 
13 0.999110 1.003092 0.997388 0.999751 0.998606 1.006380 0.994933 1.001910 1.006460 0.999462 1.000791 0.999888 0.999932 0.999085 0.994180 1.004375 1.001843 0.990035 1.003106 0.997055 
14 0.999857 1.003070 0.998073 0.999724 0.999637 1.004560 0.996271 1.001451 1.004262 0.999390 1.001926 0.998802 0.999263 0.999577 0.994278 1.004268 1.001405 0.991800 1.001373 0.998866 
15 1.000283 1.002189 0.999215 0.999874 0.999910 1.003709 0.998133 1.000658 1.002973 1.000442 1.001453 0.998372 0.998643 0.999149 0.995480 1.003028 1.000892 0.993843 1.000837 0.999415 
16 0.999686 1.000578 0.999574 0.999817 1.000239 1.001253 0.999856 1.000121 1.000616 0.999929 1.000380 0.999152 0.998611 0.999880 0.998984 1.001164 1.000560 0.998622 1.000704 0.999648 
17 0.999890 1.000373 1.000110 0.999975 1.000106 1.000283 1.000044 0.999864 0.999921 0.999758 0.999867 0.999987 0.999607 0.999946 0.999905 1.000131 1.000294 0.999697 1.000110 0.999965 
18 0.999968 1.000083 1.000068 1.000084 0.999965 1.000024 1.000090 0.999908 1.000001 0.999848 0.999924 1.000030 0.999937 0.999970 0.999947 1.000115 0.999975 0.999977 1.000041 0.999995 
19 0.999996 1.000045 1.000053 1.000063 0.999978 1.000007 1.000040 1.000000 1.000023 0.999906 0.999966 1.000012 0.999956 0.999968 0.999961 1.000043 0.999991 1.000022 1.000002 0.999981 
20 0.999996 1.000040 1.000049 1.000058 0.999978 1.000005 1.000035 1.000002 1.000021 0.999911 0.999967 1.000010 0.999957 0.999968 0.999961 1.000037 0.999990 1.000021 0.999998 0.999979 
21 1.000002 0.999997 0.999996 1.000005 0.999998 1.000003 1.000003 1.000002 0.999999 0.999997 0.999995 1.000006 0.999996 1.000003 0.999989 0.999996 1.000003 1.000004 1.000002 1.000006 
22 1.000000 1.000000 1.000000 1.000000 1.000000 1.000000 1.000000 1.000000 1.000000 1.000000 1.000000 1.000000 1.000000 1.000000 1.000000 1.000000 1.000000 1.000000 1.000000 1.000000 


# N=30
0 0.546678 0.146519 0.509262 1.000000 0.093326 0.710074 0.889767 0.600299 0.201727 0.252449 0.872677 0.182745 0.777062 0.810724 0.589648 0.124241 0.872402 0.173070 0.332652 0.078799 0.436659 0.261025 0.533036 0.664876 0.376568 0.567888 0.570788 0.662923 0.089419 0.185217 
1 1.023906 0.722676 0.972578 1.456259 0.623253 1.304352 1.498290 1.079439 0.732274 0.650405 1.315536 0.627742 1.314726 1.322889 1.137915 0.676824 1.429453 0.607349 0.912726 0.638847 0.977308 0.872255 1.065256 1.220069 0.892114 1.037768 1.100750 1.170232 0.669109 0.735415 
2 0.722067 0.805302 0.902631 1.258138 0.799578 1.288356 1.232843 1.122824 0.722813 0.877659 0.970241 0.854878 1.171787 1.111351 1.001632 1.044635 1.333154 0.838495 0.684496 0.833746 1.114720 0.883090 1.112007 1.138290 0.926308 1.194650 1.049011 1.234419 0.775093 0.930462 
3 0.723737 0.857423 0.878204 1.268732 0.918499 1.134804 1.154176 1.067745 0.804434 0.925140 0.934750 0.853228 1.082425 1.069056 1.054194 1.055713 1.260450 0.829574 0.795305 0.937053 1.078235 1.036122 1.003357 1.009982 0.908127 1.134686 1.094660 1.100606 0.893595 1.044148 
4 0.767239 0.975236 0.980012 1.224684 0.984672 1.084936 1.092865 1.079622 0.867092 1.027652 0.931701 0.897439 1.025151 1.083502 1.054195 1.017597 1.088117 0.864217 0.872547 0.949754 1.032676 1.069771 0.947458 0.933564 0.979710 1.045969 1.071672 1.079653 0.934961 0.996391 
5 0.858642 1.017294 1.013891 1.178119 0.981279 1.065212 1.024237 1.061473 0.923962 1.048157 0.962811 0.914167 1.003681 1.057635 1.018685 1.018113 1.025430 0.933183 0.933714 0.944041 1.003465 1.006575 0.989959 0.920527 0.950445 0.996412 1.090017 1.053646 0.973492 1.029330 
6 0.940723 1.010897 0.997646 1.091757 0.965382 1.087261 1.004784 1.026693 0.961827 1.037239 0.979799 0.954847 1.009767 1.023378 1.000901 1.023860 0.973244 0.945847 0.968630 0.971992 1.003659 1.005175 1.003682 0.946622 0.984750 0.951743 1.064729 1.012019 0.983973 1.053886 
7 0.983991 1.024949 0.962645 1.037997 0.971644 1.071670 1.007614 1.003256 0.996620 1.024487 0.981305 0.956237 1.006065 0.998118 0.993826 1.013673 0.961422 0.966008 0.983490 0.980056 1.001395 1.016159 1.002476 0.971917 0.989038 0.945631 1.044667 1.039506 0.997320 1.040789 
8 0.982771 1.031063 0.963470 1.026562 0.973399 1.068426 0.996262 1.000958 1.016910 1.014118 0.975974 0.956176 1.007319 0.993503 0.996193 1.003231 0.967176 0.969650 0.988884 0.980805 1.000988 1.023050 1.013936 0.982850 0.990033 0.948718 1.030826 1.033845 0.998707 1.032701 
9 0.982340 1.032384 0.964440 1.024672 0.974633 1.066560 0.995861 1.000188 1.018806 1.012660 0.977251 0.958985 1.009321 0.991871 0.998546 1.005315 0.969159 0.969762 0.990593 0.979455 1.000851 1.023219 1.014805 0.982962 0.990064 0.949440 1.029873 1.033189 0.997957 1.030622 
10 0.980892 1.033990 0.965726 1.020545 0.976264 1.062261 0.994411 0.998134 1.021390 1.009507 0.979070 0.963626 1.012337 0.988222 1.002249 1.008669 0.972065 0.969378 0.993017 0.976190 0.999950 1.022593 1.015545 0.982384 0.989385 0.950194 1.027437 1.031336 0.995850 1.026096 
11 0.980312 1.032672 0.971116 1.014466 0.978526 1.057852 0.994102 0.997131 1.020361 1.007018 0.979249 0.963950 1.014026 0.989113 1.006963 1.012751 0.973590 0.969345 0.997414 0.974681 1.002328 1.019512 1.012919 0.985374 0.986844 0.952787 1.022087 1.029613 0.998276 1.023834 
12 0.984695 1.027637 0.977964 1.012065 0.985044 1.052352 0.993900 0.998350 1.016219 1.003662 0.980589 0.970979 1.010459 0.987798 1.009358 1.012665 0.975873 0.968786 0.998576 0.976585 1.005486 1.018089 1.012699 0.988763 0.981777 0.956058 1.016986 1.027724 1.000898 1.018512 
13 0.989872 1.024317 0.984126 1.011134 0.989633 1.042875 0.995515 0.996900 1.013158 1.004365 0.978545 0.977511 1.009960 0.988417 1.006517 1.012333 0.979958 0.968791 1.000050 0.980738 1.006848 1.014792 1.011025 0.994650 0.979901 0.961618 1.014739 1.022559 1.000647 1.012541 
14 0.990902 1.018809 0.989309 1.010487 0.993869 1.031330 0.996219 0.995786 1.010830 1.003424 0.983283 0.986605 1.006456 0.992798 1.002697 1.012363 0.984462 0.974836 1.000671 0.986522 1.005574 1.011489 1.005903 1.004448 0.979553 0.966840 1.011818 1.016365 0.999534 1.006732 
15 0.991607 1.016141 0.992722 1.009010 0.995618 1.020917 0.996188 0.996695 1.006529 1.001525 0.988385 0.992341 1.002507 0.993243 1.000621 1.009629 0.990062 0.980688 1.001230 0.990588 1.007980 1.006845 1.001760 1.010215 0.984880 0.971927 1.011215 1.010328 1.001223 1.002108 
16 0.993876 1.013037 0.993770 1.010326 0.997071 1.014049 0.995267 0.996662 1.003328 1.001437 0.992773 0.997105 1.000731 0.993202 0.999578 1.006404 0.992989 0.985569 1.003034 0.991630 1.007577 1.003262 0.998523 1.011728 0.990128 0.981037 1.005892 1.006775 1.001710 1.001696 
17 0.996006 1.009505 0.994354 1.009552 0.997766 1.008163 0.994676 1.000128 1.001266 0.999030 0.995271 0.999653 1.000990 0.994565 0.999058 1.005034 0.994642 0.988718 1.004278 0.996045 1.003860 0.999929 0.997452 1.010129 0.994638 0.988353 1.002734 1.005136 1.002368 1.000549 
18 0.996392 1.007577 0.995150 1.008543 0.998133 1.006999 0.994879 1.000344 1.000842 0.998982 0.995941 1.000053 1.001129 0.994800 0.998419 1.004347 0.995909 0.989964 1.004065 0.996629 1.002165 0.999449 0.997161 1.008944 0.995945 0.990069 1.001950 1.004538 1.003292 0.999995 
19 0.997452 1.003589 0.997121 1.006506 0.999184 1.004775 0.995647 1.000986 1.000192 0.999110 0.997612 1.001091 1.001674 0.995558 0.997257 1.003086 0.998983 0.992894 1.003812 0.998105 0.998701 0.998705 0.996772 1.006552 0.999013 0.993979 1.000477 1.003440 1.005609 0.999015 
20 0.998686 1.002018 0.997146 1.005300 0.999836 1.003586 0.996915 1.001722 1.000954 0.999875 0.998877 1.001210 1.001266 0.997027 0.997009 1.002904 1.001108 0.994610 1.002465 0.999082 0.998049 0.997549 0.996697 1.004023 1.000071 0.995636 0.998482 1.001656 1.006355 0.998064 
21 0.999247 1.001673 0.997474 1.004591 1.000843 1.003344 0.997255 1.000863 1.001281 0.999520 0.999241 1.000925 1.000656 0.997974 0.997651 1.002733 1.001178 0.995051 1.001258 0.999303 0.997764 0.996913 0.997016 1.003294 1.000809 0.996849 0.998715 1.001055 1.006027 0.998031 
22 0.999909 1.000829 0.997863 1.003701 1.000628 1.002899 0.997450 1.000776 1.001569 0.999466 0.998872 1.000917 0.999690 0.998833 0.998375 1.002604 1.001305 0.995963 1.001098 0.998957 0.998081 0.997303 0.997224 1.002554 1.001150 0.997770 0.999356 1.000858 1.004808 0.998131 
23 0.999913 1.000207 0.998426 1.002385 1.000686 1.002360 0.998023 1.000417 1.001705 0.999171 0.998932 1.001142 0.999570 0.999810 0.998478 1.001571 1.001142 0.997066 1.001194 0.999121 0.999189 0.997719 0.997521 1.001210 1.000912 0.998710 0.999963 1.000858 1.003218 0.998652 
24 1.000058 1.000153 0.999081 1.001623 1.000037 1.001743 0.998357 1.000113 1.001612 0.999129 0.999286 1.001151 0.999680 1.000179 0.998720 1.001075 1.000817 0.997725 1.000655 0.999390 0.999754 0.998431 0.997808 1.000530 1.000539 0.999475 1.000189 1.000785 1.002476 0.998973 
25 1.000148 1.000138 0.999470 1.000961 1.000072 1.001029 0.998906 1.000303 1.001216 0.999191 0.999610 1.000785 0.999856 1.000252 0.998797 1.000790 1.000434 0.998373 1.000244 0.999261 0.999975 0.999158 0.998424 1.000313 1.000360 0.999842 1.000220 1.000447 1.001688 0.999448 
26 0.999949 0.999895 0.999897 1.000223 1.000004 1.000205 0.999672 1.000147 1.000584 0.999826 1.000145 1.000105 0.999781 1.000017 0.999354 1.000378 1.000015 0.999173 1.000144 0.999716 1.000118 0.999784 0.999620 1.000086 1.000166 1.000142 1.000115 1.000187 1.000496 0.999798 
27 0.999943 0.999887 0.999937 1.000173 1.000007 1.000151 0.999736 1.000140 1.000540 0.999880 1.000191 1.000060 0.999784 1.000008 0.999407 1.000353 0.999996 0.999241 1.000144 0.999760 1.000135 0.999840 0.999718 1.000077 1.000159 1.000167 1.000113 1.000176 1.000412 0.999835 
28 1.000000 0.999968 1.000067 0.999943 1.000018 0.999927 0.999792 1.000042 1.000176 1.000042 1.000243 0.999928 0.999819 1.000058 0.999662 1.000174 1.000119 0.999521 1.000053 0.999944 1.000085 1.000016 0.999992 1.000006 1.000123 1.000053 0.999986 1.000189 1.000001 1.000061 
29 0.999980 0.999968 1.000089 1.000013 0.999971 0.999871 0.999995 0.999982 1.000112 0.999971 1.000069 1.000000 0.999883 1.000031 0.999849 1.000083 1.000052 0.999780 1.000001 0.999967 1.000042 0.999984 1.000059 0.999988 1.000110 0.999953 0.999936 1.000141 1.000006 1.000112 
30 0.999997 0.999958 1.000071 1.000039 0.999987 0.999902 0.999985 0.999971 1.000076 0.999964 1.000040 0.999979 0.999943 1.000016 0.999896 1.000073 1.000026 0.999882 0.999995 0.999985 1.000051 0.999998 1.000043 0.999982 1.000090 0.999949 0.999946 1.000103 0.999996 1.000062 
31 1.000002 0.999988 1.000013 1.000006 1.000002 0.999987 0.999997 1.000004 1.000020 1.000000 1.000006 0.999994 1.000000 0.999991 0.999996 1.000002 1.000004 0.999987 0.999992 1.000001 1.000006 0.999994 0.999994 1.000002 1.000009 0.999991 0.999996 1.000014 0.999993 1.000013 
32 0.999999 0.999997 0.999999 0.999999 1.000001 0.999998 0.999998 1.000001 1.000001 1.000003 1.000000 1.000002 1.000003 1.000001 1.000001 0.999999 0.999998 0.999999 0.999997 0.999999 1.000002 0.999999 1.000001 1.000001 1.000002 0.999999 1.000000 1.000002 1.000001 1.000000 
33 1.000000 0.999998 0.999998 1.000000 1.000000 0.999998 0.999998 1.000000 1.000001 1.000002 1.000000 1.000001 1.000002 1.000001 1.000002 0.999999 0.999999 0.999999 0.999999 0.999999 1.000001 0.999999 1.000001 1.000001 1.000000 0.999999 1.000001 1.000001 1.000001 1.000000 
34 1.000000 1.000000 1.000000 1.000000 1.000000 1.000000 1.000000 1.000000 1.000000 1.000000 1.000000 1.000000 1.000000 1.000000 1.000000 1.000000 1.000000 1.000000 1.000000 1.000000 1.000000 1.000000 1.000000 1.000000 1.000000 1.000000 1.000000 1.000000 1.000000 1.000000 
35 1.000000 1.000000 1.000000 1.000000 1.000000 1.000000 1.000000 1.000000 1.000000 1.000000 1.000000 1.000000 1.000000 1.000000 1.000000 1.000000 1.000000 1.000000 1.000000 1.000000 1.000000 1.000000 1.000000 1.000000 1.000000 1.000000 1.000000 1.000000 1.000000 1.000000 


# N=40
0 0.546678 0.146519 0.509262 1.000000 0.093326 0.710074 0.889767 0.600299 0.201727 0.252449 0.872677 0.182745 0.777062 0.810724 0.589648 0.124241 0.872402 0.173070 0.332652 0.078799 0.436659 0.261025 0.533036 0.664876 0.376568 0.567888 0.570788 0.662923 0.089419 0.185217 0.820063 0.503769 0.123081 0.448592 0.837214 0.329325 0.118839 0.733512 0.097842 0.406690 
1 1.023996 0.712367 0.988888 1.472948 0.600076 1.288409 1.513327 1.073965 0.768339 0.669824 1.373075 0.658644 1.307543 1.277095 1.149465 0.688203 1.432374 0.631988 0.935403 0.627987 0.965268 0.864243 1.078606 1.217538 0.890158 1.033468 1.136314 1.203263 0.636940 0.748723 1.378520 1.105356 0.579401 0.962561 1.325081 0.880474 0.630630 1.315963 0.610418 0.940618 
2 0.718155 0.816854 0.916649 1.303276 0.763756 1.265611 1.257643 1.115237 0.766101 0.786792 1.031538 0.753489 1.157092 1.229594 0.975167 0.945156 1.321002 0.833378 0.676165 0.916738 1.175945 0.774704 1.147596 1.269247 0.912345 1.168669 1.073463 1.272849 0.750518 0.941880 1.188822 0.981617 0.702379 0.992694 1.255686 1.004238 0.703988 1.177081 0.721902 1.115585 
3 0.725402 0.837557 0.904373 1.346920 0.827851 1.128581 1.095942 1.020834 0.812576 0.823940 1.032789 0.824458 1.077885 1.221050 1.002859 0.994186 1.238884 0.873457 0.651848 1.023285 1.127762 0.899862 1.030027 1.211666 0.883401 1.095321 1.152469 1.239994 0.802491 0.997013 1.129861 1.003160 0.752055 1.085498 1.069328 0.917855 0.896312 1.136105 0.896093 1.135315 
4 0.784558 0.897645 0.918547 1.318178 0.900392 1.016596 1.054862 1.002152 0.829605 0.958523 0.985364 0.851309 1.041051 1.161502 0.990658 0.968160 1.154626 0.854458 0.742797 1.020187 1.150589 0.988623 0.954552 1.098578 0.963245 1.058212 1.110074 1.142246 0.841995 1.058108 1.076512 1.048509 0.800841 1.135793 1.063682 0.862821 0.861454 1.091004 1.034392 1.175606 
5 0.802539 0.913066 0.967049 1.270708 0.896518 1.002336 1.016456 1.037372 0.838490 1.012856 1.011426 0.887446 1.018220 1.137439 0.966526 0.995071 1.051101 0.879612 0.800249 1.000127 1.119092 1.013574 0.973285 1.040416 0.981377 1.031073 1.049816 1.120385 0.855846 1.066167 1.093306 1.119574 0.829090 1.094572 1.032591 0.876387 0.867453 1.050020 1.110418 1.162282 
6 0.847532 0.957421 0.955894 1.217613 0.860931 0.959707 1.022582 1.049654 0.841353 1.014547 1.031129 0.878304 1.020788 1.098835 0.945470 1.018648 1.018706 0.902286 0.853280 1.001167 1.102203 1.033312 1.013977 1.005474 0.984264 0.998371 1.039062 1.103933 0.900293 1.071861 1.102573 1.083872 0.868657 1.044453 1.012161 0.905862 0.891454 1.023779 1.146878 1.156824 
7 0.870477 0.986113 0.958156 1.167182 0.861141 0.971704 1.027478 1.044287 0.861693 1.012418 1.031565 0.891649 1.034530 1.063396 0.921718 1.009129 0.997423 0.919562 0.876870 0.997649 1.078423 1.053425 1.023619 1.007661 1.005794 0.974216 1.024999 1.099834 0.906030 1.073247 1.103926 1.057362 0.891403 1.029543 1.022409 0.894327 0.940808 1.002400 1.134490 1.153787 
8 0.894620 0.999073 0.948729 1.117926 0.869687 0.995686 1.026537 1.045711 0.919637 0.999386 1.022076 0.887962 1.015663 1.011600 0.911773 0.992963 0.969340 0.944536 0.929142 1.002036 1.046226 1.071248 1.044795 1.021231 0.996944 0.970375 1.020697 1.078260 0.910310 1.091238 1.084304 1.043563 0.916376 1.018747 1.024927 0.884618 0.971093 1.005596 1.111046 1.140830 
9 0.895528 0.999959 0.948724 1.116796 0.870062 0.996579 1.026699 1.045875 0.920958 0.999431 1.021998 0.888211 1.015324 1.010848 0.912324 0.993149 0.968998 0.945223 0.930679 1.002454 1.045907 1.071633 1.045507 1.021478 0.997058 0.970594 1.021056 1.078042 0.910744 1.091645 1.084102 1.043672 0.916883 1.018983 1.025209 0.884648 0.972073 1.005836 1.110437 1.140494 
10 0.914443 1.024124 0.943322 1.079906 0.871507 1.012615 1.020292 1.041566 0.935429 1.000965 1.012007 0.892530 0.997604 0.996523 0.934954 1.000774 0.956855 0.952583 0.959658 1.008041 1.039041 1.064352 1.054628 1.011055 0.996903 0.973455 1.028959 1.068467 0.917276 1.086443 1.073332 1.044031 0.914767 1.026254 1.026368 0.879696 0.990126 1.001291 1.082154 1.118629 
11 0.928504 1.047966 0.942356 1.053091 0.888786 1.039411 1.015799 1.020457 0.950413 1.001597 1.010501 0.899814 0.980590 1.000055 0.976600 0.999622 0.945016 0.955042 0.978923 1.006638 1.033321 1.067217 1.059909 1.003791 0.989765 0.981832 1.027389 1.052248 0.927069 1.087042 1.051716 1.029701 0.916919 1.009098 1.034917 0.890102 1.004952 0.981703 1.067515 1.091562 
12 0.937258 1.061356 0.945076 1.038328 0.902293 1.049296 1.017593 1.010381 0.965923 1.009065 1.008325 0.910580 0.972905 0.984697 1.003056 1.001751 0.939950 0.965878 0.979461 0.992445 1.027801 1.070907 1.058992 0.994300 0.983424 0.985986 1.041257 1.045409 0.923623 1.079048 1.031401 1.021430 0.914449 0.999230 1.043389 0.913604 1.013539 0.971767 1.060550 1.072951 
13 0.939450 1.062832 0.951102 1.030640 0.904443 1.054466 1.017351 1.012845 0.975635 1.011704 1.003632 0.908546 0.979008 0.982315 1.016121 1.000552 0.938608 0.973520 0.979607 0.991054 1.029973 1.077059 1.055592 0.991528 0.983338 0.982887 1.049748 1.037971 0.923069 1.072516 1.017262 1.020461 0.919266 0.997424 1.043048 0.926800 1.015362 0.960592 1.054236 1.057549 
14 0.940618 1.060219 0.951330 1.027614 0.907404 1.057875 1.016756 1.008653 0.979455 1.015434 1.002953 0.912407 0.984610 0.982534 1.019143 1.000835 0.938155 0.984942 0.979568 0.992625 1.031206 1.082894 1.054398 0.985262 0.979241 0.978724 1.053736 1.035958 0.926952 1.070016 1.013241 1.019404 0.922800 0.996716 1.044716 0.930491 1.009935 0.957239 1.046723 1.047484 
15 0.944341 1.058090 0.951855 1.025921 0.909802 1.061633 1.021341 1.002764 0.979209 1.017524 1.000219 0.916370 0.989896 0.985913 1.018827 0.996908 0.932943 0.992011 0.979649 0.994060 1.029312 1.080548 1.055548 0.982142 0.975714 0.974223 1.055961 1.034509 0.931028 1.067675 1.006853 1.019154 0.926057 1.001470 1.042932 0.937378 1.007288 0.957449 1.044185 1.042893 
16 0.948758 1.057272 0.953030 1.025076 0.911375 1.063798 1.022333 1.000995 0.978159 1.017955 0.997515 0.920134 0.994033 0.984901 1.022808 0.994702 0.931582 0.994878 0.976505 0.995337 1.025276 1.079168 1.055846 0.980675 0.974405 0.971333 1.054650 1.032742 0.933877 1.068961 1.005705 1.019059 0.929578 1.004033 1.038847 0.942050 1.003695 0.958068 1.040403 1.042728 
17 0.952310 1.057270 0.953673 1.025267 0.914948 1.063828 1.022171 1.001411 0.977912 1.017315 0.995936 0.920390 0.995976 0.984585 1.025444 0.993186 0.931891 0.999018 0.974882 0.994186 1.022780 1.076810 1.055949 0.980512 0.973292 0.969813 1.051881 1.033377 0.936452 1.068789 1.005894 1.018439 0.931712 1.007185 1.036961 0.943883 1.001950 0.957357 1.039467 1.041257 
18 0.952581 1.057198 0.953690 1.025255 0.915247 1.063778 1.022106 1.001396 0.977851 1.017220 0.995748 0.920373 0.996116 0.984510 1.025645 0.993030 0.931869 0.999365 0.974702 0.994040 1.022510 1.076546 1.055914 0.980461 0.973175 0.969646 1.051562 1.033362 0.936652 1.068685 1.005875 1.018317 0.931854 1.007432 1.036740 0.944011 1.001755 0.957253 1.039340 1.041091 
19 0.954697 1.054160 0.954174 1.026471 0.920268 1.063394 1.022246 1.000038 0.978480 1.016341 0.993832 0.920762 0.999045 0.983141 1.029161 0.994580 0.931650 1.004234 0.975014 0.993393 1.019769 1.074194 1.056105 0.981241 0.975002 0.969170 1.046499 1.030443 0.940471 1.063769 1.007083 1.015831 0.932355 1.010763 1.033625 0.946749 1.000447 0.957674 1.038156 1.041013 
20 0.955958 1.051453 0.954910 1.026339 0.923502 1.062117 1.021719 0.998568 0.979246 1.014858 0.994641 0.922860 1.001556 0.981019 1.030392 0.994862 0.933647 1.006659 0.975688 0.994922 1.016617 1.070326 1.055555 0.982152 0.975511 0.970951 1.043882 1.027272 0.944077 1.059894 1.007812 1.015555 0.933490 1.013632 1.033126 0.948981 0.999080 0.955128 1.038078 1.040991 
21 0.961394 1.047167 0.955311 1.025248 0.927306 1.058878 1.020599 1.000073 0.978811 1.013786 0.996900 0.929753 1.003263 0.979717 1.031093 0.995804 0.936460 1.010775 0.975838 0.998422 1.009719 1.066511 1.050695 0.987365 0.976040 0.976832 1.037588 1.021972 0.951332 1.050070 1.006526 1.013007 0.936797 1.018543 1.033219 0.953114 0.995878 0.953757 1.037422 1.039181 
22 0.966102 1.043629 0.956907 1.024420 0.932195 1.057509 1.017816 1.001804 0.975943 1.013526 0.998067 0.933900 1.004841 0.979300 1.029243 0.997087 0.939465 1.013079 0.977788 0.999440 1.005677 1.063462 1.046436 0.991289 0.975673 0.980142 1.035268 1.016734 0.956121 1.045622 1.006109 1.010824 0.937795 1.020589 1.032617 0.957097 0.994955 0.953537 1.035997 1.037789 
23 0.970878 1.039848 0.961915 1.023991 0.941516 1.056063 1.012616 1.004226 0.971938 1.015576 1.002529 0.940401 1.006285 0.977048 1.026592 0.996953 0.943348 1.014744 0.982398 1.001583 1.002041 1.055681 1.039004 0.996984 0.975051 0.985096 1.033158 1.010615 0.962188 1.035902 1.006998 1.004340 0.945412 1.022976 1.028774 0.962449 0.992435 0.955357 1.032862 1.035092 
24 0.971867 1.038480 0.962724 1.023288 0.944834 1.054019 1.011378 1.004927 0.972278 1.016073 1.003527 0.943152 1.007642 0.978155 1.025762 0.998755 0.944982 1.014234 0.984636 1.001164 1.000303 1.052516 1.036044 0.998350 0.974334 0.986180 1.031788 1.009111 0.962939 1.033558 1.006831 1.002598 0.949157 1.023624 1.027736 0.964397 0.991944 0.956175 1.030969 1.034560 
25 0.975803 1.031913 0.969504 1.019112 0.953924 1.047147 1.004864 1.006145 0.975813 1.013115 1.002713 0.954190 1.007669 0.983401 1.022774 1.002271 0.952668 1.010589 0.988481 0.996907 0.997387 1.043827 1.031711 1.000759 0.974709 0.986384 1.029664 1.004300 0.969677 1.024457 1.006164 0.998535 0.961877 1.024164 1.026939 0.969053 0.990620 0.962135 1.027030 1.032851 
26 0.976348 1.030967 0.970109 1.018640 0.954765 1.046507 1.004303 1.006117 0.976094 1.012816 1.002522 0.955012 1.007522 0.983731 1.022462 1.002637 0.953328 1.010125 0.988760 0.996615 0.997184 1.042901 1.030997 1.000847 0.974691 0.986356 1.029322 1.004013 0.970339 1.023544 1.006113 0.998218 0.963155 1.024049 1.026932 0.969554 0.990600 0.962670 1.026607 1.032646 
27 0.986437 1.015614 0.980610 1.011510 0.969245 1.036994 0.996268 1.006054 0.981430 1.008525 0.999907 0.968622 1.005578 0.989437 1.018160 1.009546 0.964805 1.002963 0.994047 0.992977 0.994853 1.028487 1.019464 1.002775 0.975074 0.986509 1.024270 1.000563 0.982036 1.009373 1.006202 0.994168 0.984880 1.022550 1.027740 0.978727 0.991327 0.972212 1.020355 1.030018 
28 0.990712 1.011727 0.982450 1.011042 0.974801 1.034677 0.994490 1.006902 0.983966 1.006894 0.998413 0.973488 1.004238 0.991547 1.015230 1.011080 0.969073 1.000100 0.995189 0.993088 0.994431 1.024559 1.016987 1.001743 0.975579 0.986839 1.022321 0.999082 0.984263 1.004230 1.006737 0.993240 0.991127 1.021514 1.026745 0.981989 0.991830 0.974083 1.018086 1.028531 
29 0.993356 1.010006 0.984088 1.010752 0.978320 1.032187 0.993706 1.005709 0.986870 1.006570 0.996181 0.976379 1.002197 0.994218 1.011660 1.011448 0.973376 0.998921 0.995656 0.991959 0.992950 1.021204 1.013557 1.001491 0.977485 0.988909 1.021051 0.997381 0.987474 1.000473 1.008765 0.993905 0.996761 1.019795 1.024583 0.985560 0.992453 0.975866 1.015301 1.026488 
30 0.994294 1.008563 0.983869 1.010071 0.981846 1.030044 0.994285 1.005954 0.988453 1.004851 0.995872 0.979263 1.000075 0.996056 1.009665 1.011098 0.975913 0.998843 0.995979 0.991138 0.992551 1.018227 1.010142 1.001310 0.980496 0.989477 1.020685 0.996044 0.990366 0.998512 1.009799 0.995060 1.000535 1.017793 1.022596 0.988101 0.992799 0.977338 1.012956 1.025013 
31 0.996140 1.006872 0.983936 1.010983 0.983794 1.026831 0.993813 1.006126 0.990439 1.004142 0.994646 0.983229 0.999744 0.997494 1.008624 1.009537 0.978317 0.999988 0.997170 0.991034 0.993001 1.013632 1.007310 1.001459 0.983966 0.990696 1.019835 0.995628 0.992674 0.997369 1.009425 0.996028 1.002881 1.013692 1.020654 0.989394 0.993931 0.979292 1.010849 1.023184 
32 0.996724 1.005436 0.984636 1.010689 0.984757 1.024305 0.993396 1.005916 0.991973 1.003218 0.993785 0.986407 0.999189 0.998393 1.007970 1.007719 0.980366 1.000427 0.998982 0.991515 0.993512 1.011453 1.005176 1.001385 0.986477 0.991461 1.018525 0.996647 0.993647 0.997349 1.009743 0.995720 1.003145 1.012018 1.018803 0.991615 0.994290 0.980611 1.009742 1.021269 
33 0.998480 1.004595 0.987596 1.008723 0.987762 1.019625 0.993970 1.004312 0.994387 1.001143 0.994570 0.989895 0.999776 0.998873 1.005945 1.006201 0.983318 1.000220 1.000037 0.992216 0.995816 1.009360 1.003083 1.001656 0.989300 0.993963 1.015525 0.998648 0.995529 0.997259 1.007898 0.996652 1.002239 1.009271 1.014030 0.993502 0.994271 0.983332 1.007326 1.018273 
34 0.998564 1.004507 0.987799 1.008568 0.987927 1.019267 0.994044 1.004184 0.994555 1.001078 0.994671 0.990130 0.999753 0.998869 1.005786 1.006094 0.983578 1.000192 1.000023 0.992279 0.995997 1.009137 1.002951 1.001684 0.989469 0.994036 1.015211 0.998658 0.995625 0.997299 1.007759 0.996690 1.002157 1.009099 1.013703 0.993622 0.994316 0.983562 1.007159 1.017938 
35 1.000205 1.003304 0.991542 1.006191 0.990966 1.013460 0.995763 1.002260 0.997769 1.000407 0.996794 0.994394 0.999550 0.999004 1.003401 1.004630 0.988480 0.999966 0.999977 0.993736 0.999417 1.005557 1.001080 1.002517 0.992611 0.995339 1.010001 0.998874 0.997523 0.998427 1.005720 0.997649 1.001022 1.006547 1.008486 0.995974 0.995499 0.987933 1.004628 1.012298 
36 1.000728 1.001593 0.997483 1.002507 0.998161 1.002891 0.998645 0.999724 1.000609 1.000466 0.998772 0.999274 0.999693 0.999064 1.000358 1.002135 0.996146 0.998418 1.000088 0.998610 1.000264 1.000953 1.000144 1.003746 0.998415 0.996665 1.002968 1.000570 1.000398 0.999526 1.001989 0.999866 0.999342 1.001246 1.002111 0.999382 0.997352 0.995947 1.000885 1.001846 
37 1.000389 1.001436 0.998558 1.002282 0.999175 1.001084 0.998718 0.999211 1.000556 1.000323 0.999588 0.999950 0.999500 0.998925 0.999746 1.001372 0.998250 0.998483 1.000479 0.999315 1.000362 1.000425 1.000115 1.003193 0.999594 0.997012 1.000924 1.000961 1.000977 0.999602 1.000327 1.000631 0.999454 1.000523 1.001080 1.000491 0.998261 0.997716 0.999661 1.000454 
38 1.000175 1.001570 0.999113 1.002165 0.999318 1.000970 0.998915 0.999355 1.000691 1.000070 0.999706 1.000050 0.999603 0.999025 0.999638 1.001251 0.998698 0.998666 1.000486 0.999617 1.000136 1.000204 0.999731 1.002592 0.999609 0.997162 1.000528 1.000891 1.001102 0.999575 1.000080 1.000634 0.999306 1.000290 1.000881 1.000507 0.998558 0.998326 0.999658 1.000256 
39 1.000036 1.001595 0.999257 1.002005 0.999410 1.000944 0.999118 0.999474 1.000672 0.999987 0.999596 1.000059 0.999711 0.998993 0.999561 1.001207 0.999009 0.998730 1.000506 0.999714 1.000136 1.000077 0.999604 1.002200 0.999697 0.997456 1.000328 1.000804 1.001202 0.999686 0.999876 1.000496 0.999349 1.000207 1.000812 1.000486 0.998587 0.998653 0.999762 1.000128 
40 0.999804 1.001273 0.999444 1.001662 0.999494 1.001099 0.999443 0.999640 1.000490 0.999791 0.999602 1.000251 1.000023 0.998968 0.999526 1.001165 0.999582 0.998833 1.000496 0.999648 0.999922 0.999959 0.999457 1.001421 0.999910 0.998174 1.000062 1.000766 1.001228 0.999858 0.999610 1.000384 0.999549 1.000133 1.000355 1.000240 0.998980 0.999254 1.000119 0.999571 
41 0.999889 1.000943 0.999425 1.001106 0.999604 1.001129 0.999451 0.999721 1.000528 0.999984 0.999824 1.000110 1.000091 0.999248 0.999568 1.000955 0.999976 0.999077 1.000364 0.999728 0.999775 0.999850 0.999508 1.000997 1.000145 0.998527 1.000031 1.000719 1.000999 0.999875 0.999494 1.000257 0.999569 1.000041 1.000096 1.000157 0.999097 0.999554 1.000306 0.999665 
42 0.999890 1.000936 0.999424 1.001097 0.999605 1.001127 0.999450 0.999721 1.000528 0.999985 0.999826 1.000106 1.000091 0.999252 0.999568 1.000950 0.999979 0.999080 1.000360 0.999728 0.999772 0.999847 0.999508 1.000989 1.000147 0.998533 1.000029 1.000716 1.000994 0.999874 0.999491 1.000253 0.999569 1.000039 1.000091 1.000155 0.999099 0.999558 1.000306 0.999665 
43 0.999958 1.000507 0.999546 1.000692 0.999762 1.000769 0.999456 0.999920 1.000544 1.000077 1.000109 0.999944 1.000187 0.999584 0.999654 1.000563 0.999876 0.999272 1.000077 0.999805 0.999759 0.999818 0.999699 1.000411 1.000292 0.999200 1.000039 1.000498 1.000807 1.000032 0.999629 1.000019 0.999640 1.000108 1.000089 1.000172 0.999467 0.999835 1.000152 0.999715 
44 0.999944 1.000173 0.999784 1.000362 0.999882 1.000382 0.999796 1.000042 1.000325 1.000163 1.000075 0.999989 1.000061 0.999789 0.999834 1.000257 0.999966 0.999578 1.000043 0.999860 0.999839 0.999915 0.999873 1.000161 1.000105 0.999605 1.000038 1.000295 1.000550 1.000029 0.999787 0.999956 0.999756 1.000054 0.999988 1.000051 0.999768 0.999859 1.000010 0.999911 
45 0.999965 1.000055 0.999966 1.000136 0.999960 1.000169 0.999940 1.000044 1.000122 1.000074 1.000019 0.999981 1.000014 0.999960 0.999917 1.000094 0.999975 0.999836 1.000013 0.999946 0.999936 0.999940 0.999957 1.000076 1.000073 0.999848 0.999997 1.000133 1.000220 1.000020 0.999885 0.999973 0.999912 1.000037 0.999995 1.000007 0.999933 0.999882 1.000000 0.999962 
46 1.000012 0.999989 1.000031 1.000028 0.999990 1.000006 1.000014 0.999997 1.000005 0.999999 1.000011 0.999996 0.999973 1.000002 0.999990 1.000030 0.999998 1.000004 1.000003 1.000000 0.999978 0.999991 1.000003 0.999997 1.000031 0.999994 1.000012 1.000012 1.000001 1.000021 0.999977 0.999976 1.000001 1.000007 0.999999 0.999988 0.999982 0.999975 0.999988 0.999998 
47 1.000001 0.999997 1.000009 1.000005 0.999998 1.000004 1.000002 0.999999 1.000000 1.000003 1.000002 1.000004 0.999993 0.999998 0.999996 1.000012 0.999998 1.000003 0.999997 1.000000 0.999994 0.999997 1.000001 0.999998 1.000011 0.999999 1.000002 1.000005 0.999999 1.000005 0.999996 0.999994 0.999999 1.000001 1.000001 0.999997 0.999995 0.999994 0.999993 1.000002 
48 1.000000 1.000000 1.000000 1.000000 1.000000 1.000000 1.000000 1.000000 1.000000 1.000000 1.000000 1.000000 1.000000 1.000000 1.000000 1.000000 1.000000 1.000000 1.000000 1.000000 1.000000 1.000000 1.000000 1.000000 1.000000 1.000000 1.000000 1.000000 1.000000 1.000000 1.000000 1.000000 1.000000 1.000000 1.000000 1.000000 1.000000 1.000000 1.000000 1.000000 
49 1.000000 1.000000 1.000000 1.000000 1.000000 1.000000 1.000000 1.000000 1.000000 1.000000 1.000000 1.000000 1.000000 1.000000 1.000000 1.000000 1.000000 1.000000 1.000000 1.000000 1.000000 1.000000 1.000000 1.000000 1.000000 1.000000 1.000000 1.000000 1.000000 1.000000 1.000000 1.000000 1.000000 1.000000 1.000000 1.000000 1.000000 1.000000 1.000000 1.000000 
50 1.000000 1.000000 1.000000 1.000000 1.000000 1.000000 1.000000 1.000000 1.000000 1.000000 1.000000 1.000000 1.000000 1.000000 1.000000 1.000000 1.000000 1.000000 1.000000 1.000000 1.000000 1.000000 1.000000 1.000000 1.000000 1.000000 1.000000 1.000000 1.000000 1.000000 1.000000 1.000000 1.000000 1.000000 1.000000 1.000000 1.000000 1.000000 1.000000 1.000000 


# N=50
0 0.546678 0.146519 0.509262 1.000000 0.093326 0.710074 0.889767 0.600299 0.201727 0.252449 0.872677 0.182745 0.777062 0.810724 0.589648 0.124241 0.872402 0.173070 0.332652 0.078799 0.436659 0.261025 0.533036 0.664876 0.376568 0.567888 0.570788 0.662923 0.089419 0.185217 0.820063 0.503769 0.123081 0.448592 0.837214 0.329325 0.118839 0.733512 0.097842 0.406690 0.693838 0.432997 0.188726 0.177099 0.419294 0.648396 0.861263 0.721000 0.550615 0.623829 
1 1.025755 0.697318 0.997372 1.478542 0.574823 1.254062 1.482699 1.075076 0.748347 0.659328 1.384265 0.668685 1.295710 1.272306 1.121314 0.677324 1.391058 0.650983 0.895387 0.613113 0.982581 0.858202 1.083478 1.180140 0.904957 1.024902 1.095419 1.198466 0.617498 0.723710 1.361757 1.048985 0.566276 0.978524 1.313704 0.824353 0.634382 1.281414 0.589133 0.910163 1.297694 0.946655 0.677761 0.669716 0.963261 1.120664 1.424555 1.239713 1.060778 1.136811 
2 0.748313 0.743006 0.868625 1.330667 0.616696 1.216388 1.261020 1.099499 0.707722 0.729684 1.108061 0.699478 1.137590 1.164333 1.021145 0.921237 1.339601 0.764741 0.731061 0.893015 1.182755 0.747934 1.140456 1.178556 0.903517 1.202462 1.092779 1.144857 0.711752 0.961362 1.175118 0.949601 0.718701 0.923521 1.288130 0.984552 0.634931 1.199855 0.683530 1.119409 1.177949 1.022688 0.895617 0.738885 0.959645 1.090244 1.236899 1.340259 1.183223 1.159102 
3 0.663243 0.739746 0.862373 1.357106 0.685040 1.153191 1.100337 0.982568 0.717662 0.785800 1.097248 0.806720 1.062557 1.158649 0.988028 1.028041 1.274521 0.842605 0.670949 0.966078 1.109641 0.872718 1.044028 1.112914 0.873959 1.175407 1.141670 1.198654 0.732540 1.008345 1.187436 0.976909 0.774001 0.957783 1.151535 0.951730 0.826834 1.120722 0.822530 1.139170 1.162725 1.081756 0.925639 0.809207 0.957903 1.097815 1.250288 1.274148 1.158340 1.051606 
4 0.691727 0.794453 0.861916 1.352449 0.771438 1.071511 1.078048 0.953387 0.726783 0.856355 1.038213 0.791197 0.986606 1.140772 0.957353 0.954197 1.224779 0.851392 0.744844 0.960324 1.122809 0.968359 0.967157 1.016582 0.920246 1.136708 1.151620 1.161710 0.776249 1.057967 1.147582 0.976764 0.837206 1.029232 1.124164 0.912000 0.862564 1.080048 0.994788 1.152496 1.184014 1.059319 1.000327 0.916022 0.957780 1.071770 1.207792 1.164478 1.174260 0.980208 
5 0.742638 0.827821 0.929587 1.282202 0.795856 1.087480 1.053510 1.011617 0.734592 0.896906 0.990493 0.810761 0.975732 1.104682 0.953730 0.957419 1.109070 0.855612 0.785071 0.956748 1.109963 1.003217 0.967227 0.974022 0.988634 1.097787 1.131014 1.127512 0.789893 1.060881 1.152024 1.040470 0.882546 1.016781 1.080159 0.905081 0.882997 1.073032 1.057624 1.138670 1.196526 1.061928 1.056609 0.947881 0.915888 1.062432 1.164170 1.115291 1.139959 0.930843 
6 0.869322 0.877051 0.929148 1.193390 0.829351 1.080974 1.043343 1.054309 0.797523 0.918361 0.965904 0.815522 0.995655 1.065465 0.948439 0.990826 1.051491 0.908221 0.847947 0.960776 1.085589 1.022102 0.996992 0.938137 0.969228 1.057513 1.122799 1.113139 0.829345 1.101490 1.160495 1.049666 0.958096 0.981008 1.028658 0.904203 0.925091 1.068051 1.099169 1.139973 1.188281 1.024845 1.021536 0.928451 0.935159 1.048357 1.054743 1.068445 1.082839 0.891540 
7 0.914507 0.932498 0.936628 1.118829 0.844394 1.070355 1.033927 1.069722 0.840126 0.936714 0.952286 0.863683 1.017355 1.072084 0.949729 0.992697 1.020387 0.949920 0.872391 0.957059 1.080560 1.024209 1.010509 0.925096 0.992555 1.016672 1.098775 1.092571 0.853007 1.093746 1.158105 1.016359 1.000366 0.995261 1.020702 0.880990 0.966206 1.044755 1.114003 1.148082 1.168742 1.007897 0.986649 0.904959 0.944562 1.008091 1.018300 1.067264 1.060071 0.901212 
8 0.912227 0.947947 0.944348 1.078233 0.847984 1.054046 1.029386 1.066794 0.891230 0.940325 0.954020 0.899253 1.023364 1.079138 0.974517 0.995527 0.994982 0.969216 0.917395 0.954792 1.049014 1.035312 1.018195 0.922579 0.996820 1.010971 1.096301 1.047031 0.876791 1.088622 1.145294 1.015266 1.026415 0.999371 1.020813 0.884772 0.971771 1.040834 1.116904 1.166095 1.128046 0.994541 0.974012 0.893221 0.955690 0.973729 1.008742 1.052734 1.032718 0.919953 
9 0.912506 0.948870 0.944978 1.076853 0.848692 1.053483 1.029471 1.067070 0.893532 0.940617 0.954359 0.901009 1.023785 1.079595 0.975751 0.996050 0.994102 0.970388 0.919464 0.954922 1.048006 1.036028 1.018855 0.922582 0.997198 1.011234 1.096517 1.045726 0.878192 1.088564 1.144934 1.015678 1.027621 0.999987 1.021447 0.885255 0.972242 1.040786 1.117090 1.166897 1.126757 0.994216 0.973731 0.893219 0.956527 0.972829 1.008791 1.052483 1.031765 0.921101 
10 0.918897 0.957024 0.952204 1.052917 0.871629 1.029237 1.021725 1.074692 0.916504 0.936871 0.953385 0.923997 1.018932 1.076951 0.984258 1.004736 0.969275 0.990093 0.939047 0.948149 1.028046 1.036847 1.025902 0.907657 0.993110 1.024561 1.096172 1.037142 0.901721 1.074654 1.126915 1.024940 1.035507 1.012998 1.047153 0.890742 0.972669 1.023767 1.103810 1.161753 1.105105 0.981368 0.963153 0.900501 0.968447 0.969310 1.011152 1.047641 1.007016 0.938490 
11 0.940892 0.953295 0.969678 1.046678 0.888135 1.016010 1.017025 1.077420 0.926738 0.939714 0.957003 0.928664 1.019816 1.072247 1.008494 1.013937 0.950070 0.991789 0.947621 0.951498 1.021798 1.041087 1.027343 0.900162 0.995314 1.037083 1.093558 1.015886 0.931084 1.057192 1.100232 1.020100 1.047972 1.011034 1.066235 0.904537 0.993737 0.995572 1.082195 1.146805 1.075891 0.977508 0.949970 0.919458 0.985774 0.956913 1.013779 1.044109 0.999635 0.943516 
12 0.954255 0.952874 0.981856 1.051068 0.903410 1.019359 1.015260 1.072846 0.938128 0.951881 0.968390 0.937568 1.005135 1.057667 1.019376 1.014452 0.937892 1.001766 0.948454 0.957361 1.016386 1.037393 1.034470 0.895885 0.992353 1.042184 1.089064 1.000783 0.941453 1.043415 1.085932 1.004289 1.055634 1.005525 1.079228 0.923529 1.005722 0.985524 1.068963 1.130233 1.071540 0.972417 0.949440 0.932321 0.995462 0.939572 1.017340 1.036079 0.987092 0.953101 
13 0.964208 0.964019 0.983907 1.042502 0.918705 1.025788 1.014680 1.070229 0.947699 0.967729 0.970006 0.932322 0.996264 1.054677 1.021993 1.017159 0.935629 1.006730 0.955156 0.974872 1.000879 1.027302 1.032965 0.903026 0.990957 1.041749 1.092980 0.984433 0.937425 1.028735 1.069283 0.996673 1.061051 1.008484 1.080132 0.942329 1.015901 0.971089 1.050212 1.112324 1.074115 0.968566 0.952564 0.944396 1.008781 0.934131 1.029190 1.025543 0.977002 0.960148 
14 0.971753 0.972152 0.979185 1.029795 0.929919 1.029896 1.009097 1.066145 0.948732 0.974190 0.975030 0.932332 0.991471 1.050831 1.027172 1.019707 0.939557 1.013109 0.957279 0.982676 0.990655 1.028539 1.032705 0.910226 0.989639 1.039505 1.097779 0.974585 0.941201 1.021003 1.065386 0.992508 1.064494 1.004803 1.079221 0.944887 1.012307 0.965852 1.034614 1.097445 1.075689 0.967047 0.958582 0.959432 1.012128 0.927861 1.035610 1.020860 0.978927 0.964086 
15 0.976096 0.973501 0.973670 1.021266 0.938841 1.036820 1.005910 1.060065 0.951050 0.975554 0.978047 0.931207 0.989784 1.048836 1.026622 1.017146 0.937928 1.017948 0.959461 0.982312 0.985987 1.030097 1.034052 0.920821 0.986426 1.041780 1.097698 0.971695 0.943280 1.011446 1.059397 0.993242 1.068798 1.002791 1.077705 0.946247 1.013436 0.962097 1.029892 1.088223 1.075515 0.970421 0.962796 0.965270 1.013177 0.926618 1.036067 1.015432 0.985902 0.970926 
16 0.981691 0.972627 0.965142 1.011802 0.944399 1.041772 1.005901 1.053566 0.955115 0.978189 0.975156 0.934576 0.991951 1.040621 1.025828 1.017480 0.937188 1.019158 0.961771 0.980136 0.984132 1.034234 1.033126 0.927814 0.982180 1.041700 1.094431 0.970281 0.944281 0.999333 1.057425 0.991487 1.067828 1.005021 1.076251 0.954211 1.015144 0.962856 1.024865 1.083988 1.073179 0.972431 0.967596 0.972543 1.014260 0.927489 1.038754 1.011109 0.993184 0.973289 
17 0.983225 0.972810 0.963656 1.010152 0.945216 1.043296 1.004926 1.052348 0.957133 0.977777 0.974632 0.935222 0.993033 1.038624 1.026011 1.017009 0.937630 1.019357 0.962748 0.980582 0.984071 1.034543 1.032857 0.929197 0.980055 1.040800 1.092689 0.969586 0.945156 0.997016 1.058084 0.991094 1.068001 1.005978 1.075935 0.956550 1.015511 0.962078 1.024686 1.082414 1.072353 0.973130 0.969116 0.975098 1.013444 0.928991 1.039944 1.010564 0.994806 0.975004 
18 0.988906 0.973020 0.957190 1.003033 0.947930 1.048931 1.000151 1.046902 0.964850 0.975514 0.971947 0.937265 0.996931 1.030007 1.026219 1.014398 0.938927 1.019621 0.966135 0.981914 0.983272 1.035007 1.031142 0.934175 0.970688 1.036500 1.084885 0.966108 0.948248 0.987139 1.060295 0.988880 1.068262 1.009300 1.074127 0.965517 1.016408 0.958165 1.023543 1.075422 1.068299 0.975434 0.974812 0.985000 1.009400 0.934784 1.044218 1.007857 1.000778 0.981535 
19 0.990653 0.975917 0.955991 1.000431 0.951850 1.054412 0.996474 1.040294 0.968983 0.975987 0.969183 0.937820 1.000923 1.024620 1.027252 1.012107 0.939142 1.019897 0.968339 0.979223 0.982147 1.033720 1.029792 0.936639 0.965361 1.032398 1.079001 0.963599 0.954316 0.983560 1.059991 0.986087 1.066923 1.008601 1.073248 0.968068 1.016407 0.956584 1.020563 1.074638 1.067127 0.978238 0.980614 0.988457 1.010808 0.942706 1.047381 1.006974 1.002291 0.983479 
20 0.992244 0.977968 0.953740 0.999907 0.953617 1.057831 0.993523 1.037619 0.970395 0.977184 0.968644 0.938322 1.000639 1.020072 1.031344 1.011900 0.938525 1.020615 0.971815 0.975163 0.981261 1.029602 1.028081 0.938922 0.961465 1.026052 1.076411 0.963390 0.959239 0.979900 1.056442 0.984085 1.065733 1.010289 1.069438 0.969810 1.016395 0.957932 1.019833 1.073478 1.064930 0.980872 0.984573 0.991781 1.012046 0.949021 1.048615 1.009516 1.003692 0.985919 
21 0.992058 0.978704 0.952023 1.000427 0.956370 1.064617 0.990239 1.034683 0.970730 0.980769 0.968560 0.942476 0.999644 1.016228 1.036041 1.012556 0.939892 1.020442 0.976775 0.971459 0.980531 1.026423 1.026708 0.942428 0.960909 1.019410 1.072303 0.965325 0.961581 0.979197 1.052359 0.982421 1.065803 1.012143 1.067407 0.972469 1.013348 0.956333 1.018836 1.071727 1.060781 0.980147 0.983945 0.995343 1.012065 0.957688 1.047681 1.009053 1.005866 0.986637 
22 0.993577 0.981152 0.954227 1.003168 0.958253 1.068834 0.985962 1.029767 0.972140 0.982377 0.966999 0.948147 1.000878 1.012850 1.038148 1.014092 0.940905 1.020591 0.982055 0.968199 0.977066 1.023494 1.028125 0.947147 0.961424 1.011998 1.073350 0.966911 0.963704 0.978261 1.045888 0.978150 1.061951 1.013554 1.065863 0.976962 1.009540 0.954782 1.019080 1.068476 1.056856 0.978491 0.984310 0.998128 1.009463 0.966881 1.044264 1.008886 1.011282 0.986840 
23 0.993515 0.982468 0.955996 1.004772 0.959059 1.069896 0.985258 1.028562 0.974749 0.983328 0.967851 0.949123 1.002254 1.011653 1.038492 1.015944 0.939447 1.022443 0.984560 0.967764 0.975962 1.023229 1.025684 0.949548 0.961399 1.008282 1.072062 0.969212 0.964047 0.978479 1.042344 0.975230 1.059992 1.013750 1.065419 0.978599 1.006522 0.954588 1.018248 1.066430 1.054523 0.978088 0.985057 0.999084 1.008004 0.970453 1.042769 1.008727 1.014712 0.986574 
24 0.993594 0.983298 0.957405 1.005510 0.959578 1.070876 0.984773 1.027890 0.975721 0.983309 0.969473 0.949973 1.003434 1.009433 1.037298 1.016203 0.939391 1.022929 0.985790 0.967848 0.976019 1.022903 1.024384 0.950025 0.961782 1.006439 1.071886 0.970425 0.964338 0.979407 1.040661 0.975169 1.058326 1.015114 1.064187 0.979451 1.004710 0.953751 1.017237 1.065403 1.052523 0.978696 0.985691 0.999067 1.008671 0.970814 1.041601 1.008557 1.016267 0.986882 
25 0.993605 0.983361 0.957451 1.005551 0.959564 1.070916 0.984745 1.027839 0.975734 0.983304 0.969517 0.949997 1.003448 1.009355 1.037202 1.016194 0.939369 1.022924 0.985813 0.967877 0.976012 1.022914 1.024350 0.950076 0.961785 1.006370 1.071814 0.970493 0.964396 0.979427 1.040556 0.975159 1.058214 1.015174 1.064076 0.979470 1.004597 0.953727 1.017201 1.065314 1.052370 0.978659 0.985715 0.999050 1.008701 0.970811 1.041563 1.008544 1.016283 0.986875 
26 0.994529 0.986288 0.959353 1.007535 0.959336 1.072802 0.984390 1.026426 0.976519 0.983554 0.971340 0.951220 1.004179 1.007376 1.034181 1.016309 0.938980 1.023052 0.986931 0.969636 0.976257 1.024107 1.023983 0.952579 0.962324 1.004625 1.069378 0.973481 0.967262 0.980502 1.037337 0.975334 1.054531 1.017753 1.060396 0.980472 1.001066 0.953591 1.016566 1.062463 1.047262 0.977446 0.987025 0.998840 1.010238 0.971047 1.040970 1.008584 1.016923 0.987027 
27 0.996874 0.991301 0.960330 1.010867 0.960307 1.073592 0.985279 1.023494 0.976997 0.985996 0.973981 0.952943 1.006790 1.003477 1.030216 1.018118 0.938890 1.022372 0.987949 0.971802 0.975449 1.023328 1.023277 0.957442 0.963527 1.002062 1.064768 0.977555 0.970725 0.983229 1.032864 0.977256 1.047751 1.019324 1.057004 0.981019 0.996472 0.952849 1.018143 1.058603 1.039038 0.977362 0.988581 0.999011 1.010648 0.969792 1.040989 1.008157 1.016847 0.988287 
28 0.997594 0.994765 0.960025 1.013415 0.962210 1.072609 0.986459 1.022315 0.979111 0.986696 0.976824 0.954200 1.008292 0.998787 1.028785 1.018882 0.938638 1.020406 0.986931 0.975262 0.974924 1.023727 1.023724 0.962562 0.966212 0.998644 1.060821 0.980559 0.973674 0.985191 1.029080 0.978855 1.041032 1.020505 1.054094 0.980366 0.993957 0.952223 1.018996 1.055976 1.033758 0.976544 0.989957 0.998822 1.011539 0.970394 1.039619 1.006778 1.016578 0.990215 
29 0.996855 0.997688 0.960648 1.014690 0.962721 1.070358 0.985787 1.020996 0.981995 0.988761 0.979166 0.953776 1.009096 0.995086 1.028008 1.019829 0.939297 1.019254 0.986793 0.976926 0.975483 1.023619 1.025163 0.968489 0.968832 0.995483 1.056248 0.983769 0.977380 0.987540 1.026784 0.981042 1.033150 1.022393 1.051849 0.980889 0.992417 0.951748 1.019465 1.051988 1.029999 0.976531 0.990583 0.998829 1.012838 0.969998 1.037520 1.004589 1.016448 0.991094 
30 0.996793 1.001359 0.960279 1.015932 0.962558 1.067551 0.984156 1.019033 0.983934 0.990147 0.981791 0.954741 1.009639 0.993367 1.027373 1.020598 0.939146 1.016435 0.987391 0.979381 0.976681 1.024054 1.026097 0.972655 0.970942 0.993112 1.051930 0.986260 0.979475 0.988550 1.024710 0.982614 1.027461 1.023381 1.050863 0.981937 0.990027 0.952333 1.019708 1.048084 1.027726 0.979274 0.990694 0.998905 1.014936 0.970320 1.034346 1.002851 1.015475 0.991637 
31 0.996367 1.005019 0.961374 1.015719 0.962960 1.065787 0.983395 1.017544 0.984968 0.990539 0.983688 0.956636 1.009131 0.992681 1.026554 1.020277 0.939295 1.013413 0.987510 0.982062 0.978146 1.024010 1.024922 0.977153 0.971045 0.989949 1.048858 0.988734 0.981675 0.989814 1.022849 0.984945 1.021716 1.023171 1.051384 0.983368 0.989286 0.954199 1.020050 1.044923 1.025311 0.980950 0.990404 0.999687 1.017038 0.970186 1.030776 1.001196 1.014724 0.992152 
32 0.995107 1.008598 0.963112 1.016540 0.963125 1.063365 0.983271 1.017280 0.986088 0.991461 0.983766 0.958847 1.008889 0.990897 1.025265 1.020155 0.940562 1.011207 0.987883 0.983956 0.980681 1.024291 1.024208 0.981094 0.970316 0.987344 1.047034 0.990339 0.983295 0.990012 1.020901 0.987077 1.018458 1.022252 1.051122 0.983294 0.988692 0.956344 1.019674 1.041448 1.023016 0.982943 0.989375 1.000184 1.018429 0.970468 1.028598 0.998787 1.014014 0.992926 
33 0.995019 1.008887 0.963259 1.016618 0.963156 1.063190 0.983286 1.017272 0.986184 0.991537 0.983786 0.959037 1.008888 0.990776 1.025178 1.020167 0.940675 1.011049 0.987936 0.984113 0.980894 1.024332 1.024172 0.981412 0.970275 0.987152 1.046903 0.990478 0.983435 0.990050 1.020766 0.987257 1.018224 1.022195 1.051112 0.983306 0.988668 0.956524 1.019655 1.041188 1.022861 0.983108 0.989316 1.000236 1.018553 0.970502 1.028448 0.998619 1.013974 0.993004 
34 0.993449 1.011042 0.964303 1.017292 0.963844 1.060701 0.984184 1.016788 0.985972 0.991125 0.983766 0.961280 1.009036 0.989956 1.023777 1.020896 0.941537 1.009056 0.989376 0.984909 0.982893 1.024708 1.024041 0.984271 0.969801 0.984609 1.044638 0.991518 0.984571 0.991262 1.019226 0.988624 1.016352 1.021225 1.050338 0.983826 0.989068 0.957887 1.018867 1.037589 1.021920 0.984013 0.989476 1.000529 1.019725 0.970438 1.026990 0.997121 1.013423 0.994102 
35 0.992761 1.012493 0.965917 1.017435 0.963923 1.058514 0.984955 1.015111 0.986248 0.991134 0.983491 0.962423 1.008571 0.989032 1.023124 1.021530 0.942566 1.007475 0.990192 0.985570 0.983793 1.024678 1.023559 0.985719 0.969996 0.983393 1.042734 0.992797 0.985010 0.991567 1.018543 0.990152 1.015933 1.020293 1.049480 0.984023 0.989215 0.958810 1.018228 1.035530 1.021574 0.983850 0.989624 1.000739 1.020618 0.970512 1.025681 0.996962 1.013569 0.995515 
36 0.992036 1.013895 0.968062 1.017569 0.965665 1.055938 0.985824 1.013530 0.987642 0.990693 0.983050 0.963580 1.007286 0.988915 1.021949 1.022373 0.944796 1.005765 0.991044 0.985948 0.985209 1.024754 1.023621 0.986753 0.970564 0.981485 1.040010 0.994110 0.984837 0.991331 1.017628 0.992176 1.014827 1.018190 1.047788 0.984628 0.988999 0.959796 1.017840 1.033339 1.020482 0.984177 0.989672 1.001244 1.021905 0.970423 1.024403 0.997531 1.013820 0.996603 
37 0.991835 1.014610 0.968922 1.017459 0.966541 1.054281 0.986325 1.012209 0.988702 0.990386 0.983251 0.964141 1.006398 0.989145 1.020963 1.022817 0.946437 1.005027 0.991269 0.985980 0.986525 1.024347 1.023401 0.987071 0.971863 0.980303 1.038920 0.994849 0.984824 0.991251 1.017371 0.993372 1.014559 1.016874 1.047145 0.985166 0.989415 0.960992 1.017358 1.031443 1.018784 0.984230 0.990463 1.001106 1.022312 0.971060 1.023673 0.997429 1.013602 0.997121 
38 0.992665 1.014087 0.970128 1.016880 0.968109 1.051018 0.986244 1.010792 0.991332 0.990775 0.982989 0.966057 1.005274 0.990045 1.019096 1.022180 0.948924 1.003065 0.990874 0.985829 0.988297 1.023276 1.022309 0.987910 0.974126 0.978962 1.037351 0.996328 0.985433 0.992837 1.016080 0.994878 1.014515 1.014711 1.045309 0.986427 0.989513 0.963445 1.016262 1.028281 1.016948 0.984596 0.991398 1.000717 1.022786 0.971944 1.023511 0.997472 1.013411 0.998449 
39 0.993363 1.013502 0.971377 1.016323 0.969274 1.048185 0.986479 1.009598 0.993695 0.991443 0.983553 0.968454 1.004480 0.991548 1.017493 1.021701 0.950966 1.001146 0.990886 0.985930 0.989815 1.021708 1.021495 0.988057 0.975856 0.978120 1.036015 0.998303 0.986372 0.993521 1.015227 0.996207 1.013843 1.012512 1.042736 0.987115 0.990078 0.965220 1.014759 1.025980 1.015604 0.984979 0.992308 1.000743 1.022502 0.972828 1.023393 0.996652 1.013263 0.999520 
40 0.993520 1.013435 0.971609 1.016146 0.969603 1.047480 0.986632 1.009378 0.994253 0.991617 0.983643 0.968927 1.004244 0.991898 1.017075 1.021570 0.951580 1.000674 0.991026 0.986019 0.990371 1.021245 1.021304 0.988100 0.976307 0.978103 1.035703 0.998723 0.986728 0.993750 1.014932 0.996385 1.013689 1.011989 1.042150 0.987354 0.990112 0.965642 1.014424 1.025598 1.015297 0.985042 0.992607 1.000835 1.022385 0.973035 1.023211 0.996442 1.013272 0.999864 
41 0.993749 1.013287 0.971963 1.015807 0.970132 1.046247 0.986855 1.008977 0.995155 0.991882 0.983758 0.969683 1.003804 0.992454 1.016325 1.021308 0.952593 0.999841 0.991235 0.986134 0.991288 1.020415 1.020937 0.988141 0.977040 0.978061 1.035139 0.999390 0.987303 0.994104 1.014389 0.996632 1.013395 1.011069 1.041124 0.987730 0.990126 0.966317 1.013826 1.024929 1.014738 0.985112 0.993081 1.000961 1.022142 0.973351 1.022851 0.996051 1.013247 1.000418 
42 0.994575 1.012890 0.973756 1.014870 0.972341 1.043005 0.987089 1.007954 0.997516 0.992022 0.984724 0.972002 1.002496 0.993494 1.013834 1.021109 0.956328 0.997489 0.992317 0.985800 0.993535 1.019065 1.018138 0.989524 0.980055 0.979103 1.033522 1.001004 0.989181 0.994607 1.013285 0.996793 1.012106 1.008714 1.037409 0.988994 0.990887 0.968323 1.012164 1.022993 1.013747 0.985855 0.993682 1.001213 1.020102 0.974673 1.021542 0.995817 1.011238 1.002100 
43 0.995111 1.012756 0.974977 1.014507 0.974144 1.040266 0.987306 1.007762 0.999590 0.992726 0.985939 0.974425 1.001691 0.994244 1.011947 1.020480 0.959710 0.995624 0.993067 0.985515 0.994751 1.017753 1.016051 0.990800 0.981638 0.980652 1.031624 1.001489 0.990254 0.994950 1.012237 0.997328 1.011323 1.007421 1.034833 0.989524 0.991898 0.969872 1.010674 1.021191 1.012938 0.986035 0.995017 1.001195 1.018364 0.975820 1.019725 0.996535 1.010119 1.002142 
44 0.995079 1.011502 0.976797 1.013713 0.977105 1.036891 0.987652 1.007365 1.000161 0.993809 0.987287 0.976435 1.001897 0.994762 1.010386 1.019116 0.963064 0.994616 0.994077 0.986734 0.995517 1.016022 1.014367 0.991967 0.983170 0.981824 1.029588 1.002030 0.991883 0.994497 1.011715 0.997572 1.010968 1.006532 1.032194 0.990515 0.992358 0.972174 1.009850 1.019309 1.011968 0.986467 0.995863 1.000504 1.016698 0.977150 1.017952 0.997271 1.009093 1.001753 
45 0.996380 1.007904 0.982595 1.011973 0.983899 1.027388 0.988609 1.006624 0.999994 0.996367 0.990775 0.982046 1.002454 0.997132 1.006080 1.015901 0.972416 0.994679 0.995060 0.989402 0.996677 1.011626 1.009972 0.994795 0.987393 0.985212 1.022168 1.001142 0.994722 0.994126 1.009988 0.998413 1.009120 1.005133 1.024481 0.992993 0.993709 0.979568 1.007221 1.015503 1.009069 0.988124 0.997746 1.000455 1.013288 0.982057 1.012404 0.997354 1.006767 1.002545 
46 0.997995 1.004841 0.989851 1.008856 0.990984 1.016547 0.992073 1.005170 1.000094 0.997452 0.994752 0.988542 1.002097 0.999505 1.003166 1.012099 0.983214 0.994769 0.994940 0.991891 0.997451 1.006252 1.005388 0.998460 0.991623 0.989681 1.013923 1.000521 0.997933 0.994680 1.007602 0.998899 1.007937 1.004372 1.015126 0.996558 0.994528 0.986932 1.004852 1.010923 1.005732 0.991696 0.999801 0.999932 1.009141 0.987712 1.006890 0.996430 1.004211 1.001585 
47 0.999410 1.002743 0.994111 1.006583 0.995310 1.010591 0.994150 1.004143 1.000048 0.998011 0.996267 0.993115 1.001126 1.000594 1.001626 1.010168 0.989514 0.995596 0.995070 0.993860 0.998480 1.002990 1.002821 1.000066 0.994170 0.992379 1.008862 1.000518 0.999600 0.995028 1.006104 0.998968 1.006355 1.004463 1.010439 0.997616 0.994844 0.991139 1.003360 1.007726 1.004336 0.994038 1.001361 0.999073 1.006444 0.990981 1.003889 0.996202 1.002548 1.001182 
48 0.999485 1.002600 0.994323 1.006463 0.995513 1.010280 0.994250 1.004071 1.000043 0.998030 0.996330 0.993331 1.001069 1.000649 1.001555 1.010060 0.989843 0.995625 0.995094 0.993971 0.998521 1.002819 1.002669 1.000146 0.994286 0.992515 1.008595 1.000493 0.999673 0.995044 1.006007 0.998969 1.006258 1.004448 1.010177 0.997652 0.994861 0.991346 1.003279 1.007548 1.004241 0.994158 1.001436 0.999008 1.006302 0.991141 1.003720 0.996173 1.002454 1.001149 
49 1.001735 0.998827 0.999665 1.003918 1.000325 1.003191 0.996980 1.002314 1.000308 0.998585 0.997919 0.998466 0.999987 1.002352 1.000512 1.007714 0.998269 0.996386 0.996543 0.997268 0.999678 0.999179 0.999011 1.002436 0.997183 0.996113 1.002507 0.999764 1.001598 0.995828 1.003694 0.999368 1.003935 1.004070 1.003811 0.998523 0.995717 0.996552 1.001685 1.003425 1.001922 0.997431 1.003521 0.997396 1.003298 0.995224 0.999783 0.995526 1.000459 1.000504 
50 1.002072 0.998025 1.000891 1.003018 1.000947 1.001468 0.997435 1.002401 1.000134 0.998724 0.998303 0.999875 1.000034 1.002501 1.000476 1.006766 1.000489 0.996871 0.996956 0.997845 0.999763 0.998489 0.998107 1.002908 0.997999 0.997190 1.001153 1.000198 1.001678 0.995825 1.003057 0.999091 1.003252 1.003329 1.002435 0.998825 0.995955 0.997362 1.001829 1.002323 1.001317 0.998057 1.004474 0.997164 1.003246 0.996240 0.998973 0.995402 0.999756 1.000492 
51 1.002154 0.997925 1.001123 1.002640 1.001019 1.000946 0.997506 1.002275 1.000103 0.998657 0.998742 1.000395 1.000094 1.002399 1.000432 1.006577 1.000909 0.997176 0.997116 0.998022 1.000187 0.998141 0.997729 1.003008 0.998273 0.997645 1.000808 0.999904 1.001723 0.995805 1.002744 0.999209 1.002900 1.002917 1.001940 0.998964 0.995958 0.997592 1.002163 1.001933 1.001429 0.997887 1.004416 0.997026 1.003372 0.996708 0.999098 0.995428 0.999781 1.000294 
52 1.002134 0.998004 1.001152 1.002604 1.001062 1.000907 0.997425 1.002278 1.000078 0.998574 0.998728 1.000439 1.000127 1.002361 1.000488 1.006495 1.000899 0.997213 0.997181 0.998089 1.000238 0.998042 0.997703 1.003020 0.998383 0.997779 1.000719 0.999905 1.001654 0.995844 1.002696 0.999227 1.002850 1.002852 1.001845 0.998986 0.996050 0.997682 1.002141 1.001897 1.001391 0.997886 1.004376 0.997020 1.003344 0.996735 0.999157 0.995441 0.999846 1.000252 
53 1.002145 0.998071 1.001125 1.002623 1.001114 1.000849 0.997392 1.002244 1.000084 0.998496 0.998750 1.000467 1.000123 1.002291 1.000525 1.006379 1.000921 0.997271 0.997282 0.998115 1.000230 0.997996 0.997692 1.002986 0.998430 0.997884 1.000666 0.999940 1.001606 0.995908 1.002692 0.999219 1.002792 1.002798 1.001792 0.998992 0.996109 0.997808 1.002115 1.001862 1.001380 0.997858 1.004305 0.997053 1.003336 0.996748 0.999205 0.995429 0.999877 1.000201 
54 1.001980 0.998168 1.000973 1.002551 1.000933 1.000779 0.997597 1.002147 1.000160 0.998330 0.998793 1.000513 0.999976 1.002021 1.000245 1.005808 1.000861 0.997586 0.997686 0.998370 1.000005 0.997841 0.997811 1.002874 0.998809 0.998119 1.000470 0.999970 1.001627 0.996186 1.002563 0.999264 1.002639 1.002497 1.001699 0.998964 0.996492 0.998052 1.001986 1.001692 1.001309 0.998117 1.003847 0.997426 1.003234 0.997005 0.999323 0.995753 1.000012 1.000014 
55 1.001938 0.998189 1.000936 1.002512 1.000881 1.000758 0.997647 1.002118 1.000159 0.998325 0.998792 1.000537 0.999952 1.001942 1.000205 1.005704 1.000855 0.997643 0.997760 0.998424 0.999960 0.997846 0.997835 1.002831 0.998898 0.998157 1.000431 0.999961 1.001634 0.996254 1.002537 0.999266 1.002585 1.002413 1.001674 0.998978 0.996563 0.998121 1.001921 1.001677 1.001282 0.998169 1.003758 0.997506 1.003202 0.997049 0.999355 0.995832 1.000039 0.999947 
56 1.001910 0.998209 1.000911 1.002485 1.000845 1.000745 0.997687 1.002099 1.000160 0.998324 0.998795 1.000558 0.999938 1.001885 1.000179 1.005631 1.000854 0.997688 0.997818 0.998467 0.999930 0.997854 0.997857 1.002802 0.998967 0.998189 1.000405 0.999956 1.001642 0.996307 1.002521 0.999271 1.002548 1.002352 1.001658 0.998991 0.996619 0.998176 1.001875 1.001669 1.001266 0.998210 1.003694 0.997568 1.003181 0.997084 0.999383 0.995895 1.000062 0.999900 
57 1.001706 0.998523 1.000724 1.002196 1.000647 1.000581 0.997953 1.001893 1.000067 0.998511 0.999000 1.000497 0.999793 1.001567 1.000092 1.004780 1.000832 0.998097 0.998210 0.998731 0.999833 0.998199 0.998127 1.002394 0.999171 0.998375 1.000241 0.999982 1.001523 0.996797 1.002107 0.999466 1.002207 1.001927 1.001487 0.999250 0.997150 0.998396 1.001555 1.001540 1.001135 0.998517 1.003161 0.997737 1.002654 0.997494 0.999557 0.996428 1.000171 0.999890 
58 1.000584 0.999629 1.000180 1.000750 1.000274 1.000161 0.999436 1.000687 0.999966 0.999606 0.999574 1.000164 0.999881 1.000571 1.000025 1.001510 1.000255 0.999329 0.999429 0.999540 0.999882 0.999451 0.999257 1.000720 0.999791 0.999515 1.000076 0.999950 1.000562 0.998936 1.000846 0.999775 1.000628 1.000637 1.000467 0.999783 0.999110 0.999374 1.000485 1.000429 1.000333 0.999542 1.000947 0.999116 1.000968 0.999262 0.999857 0.998819 1.000222 1.000004 
59 1.000163 0.999904 1.000031 1.000304 1.000108 1.000074 0.999828 1.000295 0.999984 0.999895 0.999826 1.000095 0.999871 1.000186 1.000039 1.000527 1.000037 0.999785 0.999791 0.999842 0.999901 0.999808 0.999711 1.000206 0.999918 0.999889 1.000048 0.999932 1.000244 0.999656 1.000426 0.999920 1.000174 1.000161 1.000107 0.999986 0.999669 0.999778 1.000187 1.000071 1.000083 0.999875 1.000323 0.999618 1.000339 0.999761 0.999904 0.999606 1.000149 1.000082 
60 0.999985 1.000009 0.999972 1.000037 1.000003 1.000026 1.000012 1.000004 1.000011 0.999990 0.999961 1.000011 1.000027 1.000020 1.000024 1.000005 1.000014 1.000024 0.999971 0.999997 0.999990 0.999994 0.999966 0.999975 1.000016 1.000000 1.000001 0.999998 1.000035 0.999978 0.999999 1.000028 1.000000 0.999999 0.999993 1.000024 0.999984 0.999993 1.000004 0.999975 1.000025 0.999995 1.000001 0.999987 1.000004 0.999976 0.999968 0.999988 0.999997 1.000007 
61 0.999993 1.000008 0.999979 1.000025 0.999998 1.000014 1.000008 1.000006 1.000006 0.999991 0.999974 1.000007 1.000019 1.000014 1.000020 1.000003 1.000012 1.000016 0.999980 0.999998 0.999993 0.999994 0.999975 0.999980 1.000012 0.999996 1.000004 0.999997 1.000025 0.999982 0.999998 1.000019 0.999998 1.000003 0.999992 1.000016 0.999991 0.999997 1.000005 0.999979 1.000016 0.999997 1.000000 0.999995 1.000000 0.999980 0.999978 0.999997 1.000001 1.000006 
62 0.999996 1.000003 0.999991 1.000010 0.999999 1.000006 1.000003 1.000003 1.000002 0.999996 0.999989 1.000002 1.000008 1.000005 1.000008 1.000002 1.000005 1.000006 0.999991 0.999999 0.999996 0.999997 0.999989 0.999990 1.000005 0.999998 1.000001 0.999999 1.000011 0.999992 0.999998 1.000007 0.999999 1.000001 0.999997 1.000006 0.999996 0.999999 1.000002 0.999990 1.000007 0.999999 0.999999 0.999998 1.000000 0.999991 0.999991 0.999998 1.000000 1.000003 
63 0.999999 1.000000 1.000000 0.999999 1.000000 1.000001 1.000000 1.000001 1.000000 1.000000 1.000001 0.999999 1.000000 1.000000 1.000000 1.000001 1.000001 0.999999 1.000000 1.000000 0.999999 1.000000 1.000000 0.999998 1.000000 1.000000 0.999999 1.000000 1.000001 1.000000 0.999999 0.999999 1.000000 1.000000 1.000000 1.000000 1.000000 1.000001 1.000001 0.999999 1.000000 1.000000 1.000000 1.000000 1.000000 1.000000 1.000000 0.999999 1.000001 1.000000 
64 1.000000 1.000000 1.000000 1.000000 1.000000 1.000000 1.000000 1.000000 1.000000 1.000000 1.000000 1.000000 1.000000 1.000000 1.000000 1.000001 1.000000 1.000000 1.000000 1.000000 0.999999 1.000000 1.000000 0.999999 1.000000 1.000000 1.000000 1.000000 1.000000 1.000000 1.000000 1.000000 1.000000 1.000000 1.000000 1.000000 1.000000 1.000000 1.000000 1.000000 1.000000 1.000000 1.000000 1.000000 1.000000 1.000000 1.000000 1.000000 1.000000 1.000000 
65 1.000000 1.000000 1.000000 1.000000 1.000000 1.000000 1.000000 1.000000 1.000000 1.000000 1.000000 1.000000 1.000000 1.000000 1.000000 1.000000 1.000000 1.000000 1.000000 1.000000 1.000000 1.000000 1.000000 1.000000 1.000000 1.000000 1.000000 1.000000 1.000000 1.000000 1.000000 1.000000 1.000000 1.000000 1.000000 1.000000 1.000000 1.000000 1.000000 1.000000 1.000000 1.000000 1.000000 1.000000 1.000000 1.000000 1.000000 1.000000 1.000000 1.000000 


# N=60
0 0.546678 0.146519 0.509262 1.000000 0.093326 0.710074 0.889767 0.600299 0.201727 0.252449 0.872677 0.182745 0.777062 0.810724 0.589648 0.124241 0.872402 0.173070 0.332652 0.078799 0.436659 0.261025 0.533036 0.664876 0.376568 0.567888 0.570788 0.662923 0.089419 0.185217 0.820063 0.503769 0.123081 0.448592 0.837214 0.329325 0.118839 0.733512 0.097842 0.406690 0.693838 0.432997 0.188726 0.177099 0.419294 0.648396 0.861263 0.721000 0.550615 0.623829 0.852260 0.920103 0.665639 0.456343 0.878780 0.098300 0.867367 0.112705 0.712973 0.422163 
1 1.030519 0.685031 1.000577 1.466350 0.566079 1.256992 1.430528 1.053296 0.731910 0.679488 1.345845 0.655688 1.301301 1.250458 1.105054 0.658729 1.365344 0.638522 0.864672 0.594404 0.968611 0.822429 1.046195 1.170449 0.884040 1.007231 1.061649 1.183361 0.584330 0.679592 1.345293 1.035537 0.576369 0.951033 1.289023 0.798146 0.614995 1.247214 0.556462 0.905692 1.240934 0.983491 0.673907 0.645644 0.946486 1.110977 1.390836 1.219132 1.070659 1.105749 1.386566 1.381593 1.151321 0.956582 1.388762 0.592406 1.358231 0.657887 1.191466 0.962511 
2 0.726492 0.673271 0.865700 1.302182 0.637982 1.270033 1.360723 1.065677 0.661658 0.734046 1.110828 0.732877 1.116696 1.082525 0.979472 0.903946 1.274973 0.673268 0.765506 0.896581 1.188487 0.701214 1.070559 1.190967 0.908223 1.208484 1.088350 1.118683 0.697129 0.913761 1.118522 0.924553 0.719994 0.974961 1.240206 0.961867 0.665369 1.182549 0.639288 0.980349 1.142058 1.077079 0.928079 0.676359 0.883822 1.141003 1.177356 1.329073 1.152496 1.110886 1.190660 1.176716 1.181640 0.853865 1.226285 0.786240 1.372852 0.667713 1.259916 1.261243 
3 0.632777 0.647754 0.877769 1.319961 0.721718 1.243651 1.294706 0.961456 0.687795 0.796203 1.112853 0.802802 1.055255 1.050959 0.962843 0.943647 1.229699 0.746237 0.813138 0.925089 1.159268 0.827805 0.993604 1.144923 0.865564 1.248083 1.128987 1.157156 0.723049 0.996602 1.135049 0.964061 0.723374 1.004987 1.148961 0.961483 0.764584 1.153803 0.744178 0.965934 1.167138 1.084623 0.986240 0.712523 0.937132 1.177564 1.125297 1.233458 1.101792 1.015914 1.062402 1.156289 1.120748 0.932767 1.249470 0.773673 1.272374 0.623328 1.280854 1.289489 
4 0.639469 0.720551 0.925528 1.282594 0.834943 1.159007 1.213763 0.986005 0.730651 0.895710 1.016504 0.828982 1.036899 1.057432 0.998494 0.873819 1.136999 0.788405 0.857515 0.925685 1.200124 0.938471 0.948669 1.015548 0.899152 1.205870 1.104413 1.188938 0.732387 1.015224 1.090446 0.941838 0.781792 1.042275 1.115270 0.917835 0.803088 1.063428 0.944846 0.959271 1.154507 1.117499 1.019402 0.825610 0.997361 1.187821 1.013401 1.139686 1.109529 0.956500 1.027172 1.110643 1.147456 0.908402 1.318293 0.701371 1.218527 0.642064 1.271222 1.290999 
5 0.669848 0.735989 0.989524 1.220288 0.833521 1.126709 1.174151 1.039459 0.743909 0.911710 1.005816 0.851665 1.034258 1.054488 1.086674 0.888330 1.052758 0.815334 0.835439 0.921655 1.186254 1.000345 0.956028 0.975702 0.919025 1.152559 1.118459 1.170418 0.767629 1.035264 1.082418 0.977949 0.824278 0.993037 1.062813 0.906812 0.849488 1.043207 1.025018 0.939944 1.162878 1.099024 1.067297 0.860100 0.976105 1.203040 0.967321 1.102597 1.089767 0.940941 0.992590 1.089344 1.142201 0.879069 1.317517 0.692461 1.230680 0.673422 1.257410 1.264440 
6 0.724094 0.772065 0.990936 1.150956 0.835570 1.089276 1.190150 1.048888 0.771396 0.931200 0.983553 0.863875 1.041550 1.041864 1.121106 0.908318 1.027018 0.844433 0.842685 0.901371 1.190694 1.012660 0.962021 0.933979 0.911680 1.139094 1.129169 1.139401 0.795108 1.080947 1.059794 1.006248 0.850139 0.980881 1.073509 0.915013 0.866722 1.042305 1.061124 0.961073 1.199058 1.040931 1.070934 0.845370 0.986725 1.222955 0.937193 1.044270 1.062263 0.940971 0.976790 1.076945 1.118461 0.862226 1.298950 0.706912 1.227265 0.703130 1.248422 1.231427 
7 0.757442 0.810777 1.000040 1.101040 0.831693 1.074281 1.179234 1.040773 0.794764 0.948948 0.969687 0.900285 1.063482 1.061371 1.137322 0.939342 1.011251 0.865097 0.847644 0.892340 1.196172 1.012594 0.949328 0.905760 0.904352 1.132423 1.117255 1.108354 0.800373 1.084380 1.038270 1.018984 0.872561 0.982772 1.058304 0.909414 0.896733 1.017468 1.078173 0.973754 1.216803 1.038444 1.038473 0.810479 0.984252 1.213578 0.953406 1.009728 1.046007 0.939382 0.964846 1.061966 1.103784 0.865695 1.265101 0.720287 1.227233 0.757672 1.257577 1.228495 
8 0.759058 0.813331 1.000225 1.096979 0.831044 1.073025 1.176107 1.040838 0.796948 0.947107 0.969912 0.903442 1.061717 1.063652 1.139147 0.940478 1.010216 0.867953 0.849370 0.891684 1.197232 1.013045 0.949193 0.902193 0.902395 1.133489 1.115385 1.104716 0.802536 1.084104 1.036856 1.017515 0.873803 0.982111 1.056158 0.909014 0.896120 1.016924 1.080436 0.974676 1.217876 1.036378 1.035650 0.808667 0.983998 1.208843 0.954855 1.007338 1.044546 0.940922 0.964617 1.058801 1.101090 0.867667 1.260802 0.720348 1.225166 0.762794 1.255926 1.227489 
9 0.775631 0.838333 1.005196 1.066580 0.829006 1.066732 1.152496 1.045322 0.819313 0.932684 0.976304 0.933513 1.048546 1.086420 1.158620 0.953026 1.005449 0.896086 0.868722 0.890139 1.210377 1.021309 0.952566 0.875349 0.889149 1.146948 1.102930 1.077566 0.825563 1.085050 1.029394 1.007645 0.887180 0.979811 1.041147 0.909203 0.892809 1.017253 1.103317 0.986118 1.230612 1.021949 1.015636 0.797793 0.986019 1.170111 0.970928 0.991480 1.036187 0.958542 0.967408 1.034652 1.081304 0.889235 1.227694 0.723908 1.210074 0.810200 1.244063 1.222570 
10 0.804889 0.855704 1.018534 1.034426 0.831276 1.073585 1.119447 1.049632 0.820091 0.917049 0.974133 0.957504 1.037936 1.087118 1.165451 0.963545 0.994178 0.908974 0.880426 0.892248 1.199351 1.012372 0.952831 0.851871 0.906787 1.181957 1.101179 1.060461 0.847981 1.069863 1.037475 1.008162 0.895527 0.973389 1.042688 0.901809 0.913014 1.007777 1.106640 1.001105 1.216763 1.003255 1.004481 0.789626 1.012789 1.143248 0.957931 0.986566 1.030134 0.965191 0.985833 1.027063 1.075272 0.926154 1.193099 0.733448 1.176910 0.853775 1.227341 1.212579 
11 0.838159 0.858509 1.008840 1.017041 0.847650 1.068181 1.107064 1.069607 0.830211 0.904509 0.984047 0.964323 1.024289 1.080592 1.166316 0.979539 0.991522 0.926007 0.900629 0.901365 1.174314 0.994152 0.945756 0.843288 0.926279 1.192133 1.097981 1.039299 0.860850 1.054643 1.047958 0.999172 0.918344 0.971437 1.048183 0.893249 0.949884 1.000511 1.126911 0.999635 1.195801 0.979508 0.983360 0.793154 1.034969 1.116952 0.953031 0.995065 1.012935 0.960893 1.001065 1.004750 1.065876 0.961029 1.158636 0.745727 1.162525 0.880716 1.216604 1.212011 
12 0.863089 0.865251 1.009978 1.011966 0.864547 1.054060 1.092483 1.090371 0.843185 0.914358 0.992233 0.976729 1.007826 1.060475 1.150845 0.997671 0.992883 0.951207 0.925852 0.914632 1.137055 0.978119 0.958503 0.842387 0.973749 1.201627 1.071208 0.991883 0.887567 1.040508 1.066484 0.978374 0.949482 0.957926 1.055690 0.882943 0.969967 0.985292 1.137913 1.004415 1.193017 0.952825 0.968017 0.798417 1.049416 1.085710 0.961877 0.999186 0.994373 0.932866 1.010668 1.001773 1.057743 0.992717 1.126692 0.757423 1.146251 0.908508 1.198302 1.211015 
13 0.875618 0.867076 1.014227 1.010802 0.874708 1.036508 1.079946 1.106102 0.851810 0.908771 1.002077 0.972295 0.994515 1.051614 1.130344 1.004027 0.988584 0.976140 0.946922 0.927296 1.109346 0.955306 0.970752 0.853015 0.999704 1.208547 1.053085 0.962628 0.904780 1.024176 1.064944 0.979772 0.975705 0.956247 1.049042 0.878108 0.986004 0.968146 1.143735 1.016776 1.200243 0.939426 0.960432 0.800404 1.055558 1.070412 0.965288 0.995356 0.993370 0.921258 1.016352 0.994129 1.053613 1.015619 1.124237 0.772370 1.133205 0.928633 1.187977 1.198287 
14 0.888941 0.867621 1.014831 1.008325 0.879838 1.015185 1.074276 1.110561 0.851380 0.903703 1.009687 0.976955 0.986704 1.040167 1.122126 1.011496 0.988222 0.989288 0.954488 0.938274 1.087240 0.942590 0.975096 0.855277 1.011577 1.207513 1.045955 0.952822 0.917565 1.011216 1.067655 0.975741 0.988755 0.960400 1.040244 0.878290 0.993485 0.966009 1.136997 1.033457 1.202613 0.930592 0.953421 0.811729 1.060569 1.058807 0.969208 0.992553 0.998475 0.910679 1.017033 0.986362 1.050382 1.019794 1.130701 0.779872 1.124738 0.948150 1.183379 1.197753 
15 0.899180 0.862592 1.020261 1.008142 0.889208 1.008066 1.069488 1.105515 0.849721 0.901545 1.017430 0.983488 0.979796 1.039448 1.120236 1.007222 0.983901 1.000733 0.956969 0.946817 1.069358 0.934177 0.976905 0.863819 1.016738 1.207978 1.029750 0.949044 0.922959 1.009551 1.073685 0.969917 1.003293 0.960430 1.041770 0.880310 0.997510 0.967881 1.131131 1.048121 1.196990 0.924598 0.946666 0.818296 1.066411 1.055998 0.972226 0.984526 1.000402 0.907568 1.011561 0.974400 1.054628 1.015991 1.131880 0.789916 1.122577 0.961252 1.178618 1.193793 
16 0.904895 0.861097 1.023333 1.009502 0.891734 1.002682 1.066292 1.105329 0.848423 0.902283 1.016414 0.984553 0.977618 1.041032 1.120648 1.004744 0.983086 1.005000 0.958987 0.947889 1.063523 0.928341 0.978183 0.867733 1.015991 1.208846 1.026714 0.944366 0.923328 1.009723 1.076832 0.968898 1.006415 0.962645 1.042091 0.881554 0.997333 0.969511 1.128949 1.050074 1.192042 0.924887 0.947859 0.821240 1.068729 1.057108 0.975870 0.983048 1.001004 0.906200 1.007394 0.970721 1.053580 1.013613 1.129949 0.792623 1.118429 0.965575 1.177505 1.192135 
17 0.915046 0.859030 1.028982 1.012236 0.896456 0.993962 1.061320 1.105463 0.846680 0.903922 1.015018 0.986780 0.974384 1.044136 1.121817 1.000993 0.982142 1.012675 0.962850 0.950124 1.054131 0.918895 0.980805 0.874816 1.015109 1.210691 1.022060 0.936852 0.924345 1.010425 1.082648 0.967634 1.012051 0.966895 1.043030 0.884063 0.997427 0.972731 1.125626 1.053758 1.184094 0.925908 0.950396 0.826642 1.073133 1.059477 0.982612 0.981017 1.002468 0.904281 1.000781 0.964900 1.052179 1.010013 1.127055 0.797650 1.111755 0.973352 1.176012 1.189739 
18 0.920136 0.856781 1.030951 1.012853 0.903604 0.987436 1.058417 1.107579 0.846131 0.903593 1.012753 0.991526 0.971392 1.045226 1.122177 0.999156 0.980539 1.020099 0.960678 0.952426 1.051349 0.914380 0.981675 0.877839 1.013780 1.209581 1.020195 0.934904 0.924006 1.007740 1.085806 0.964536 1.014732 0.970446 1.043820 0.883872 0.996877 0.973253 1.121496 1.056240 1.181272 0.926822 0.954129 0.828834 1.076460 1.064828 0.991029 0.981056 1.002547 0.901543 0.999314 0.961090 1.051530 1.009138 1.123107 0.803337 1.107638 0.975985 1.171573 1.183642 
19 0.924200 0.852855 1.031872 1.013385 0.907120 0.984515 1.057314 1.105360 0.847160 0.904457 1.011552 0.993984 0.970962 1.044198 1.124956 0.997211 0.982933 1.023677 0.960821 0.956229 1.051235 0.911484 0.979710 0.880723 1.012007 1.206581 1.022784 0.930700 0.924010 1.006212 1.086899 0.961820 1.018928 0.971218 1.042544 0.885667 0.996621 0.972341 1.120373 1.060540 1.177618 0.929732 0.957433 0.828939 1.078297 1.066112 0.995674 0.980510 1.004324 0.898772 0.999954 0.960349 1.052867 1.008600 1.120279 0.806396 1.104291 0.977000 1.164526 1.177538 
20 0.931621 0.849905 1.032702 1.011884 0.908728 0.983752 1.056051 1.101614 0.846779 0.906571 1.009874 0.999902 0.968556 1.044450 1.124233 0.995145 0.985762 1.029269 0.961582 0.958057 1.049503 0.907255 0.976398 0.883911 1.009745 1.202187 1.025075 0.929139 0.924130 1.004366 1.088454 0.959409 1.023806 0.974840 1.042397 0.887826 0.997166 0.971031 1.120582 1.061682 1.176849 0.931929 0.962077 0.830661 1.073740 1.065716 0.998230 0.981392 1.004528 0.899382 1.000525 0.962223 1.055907 1.007415 1.118694 0.810745 1.099258 0.976019 1.154212 1.174252 
21 0.941267 0.847170 1.031054 1.009056 0.912245 0.985545 1.057578 1.099806 0.847760 0.909228 1.004893 1.005618 0.968227 1.050012 1.121967 0.994591 0.990275 1.034194 0.963879 0.958068 1.044325 0.907440 0.970811 0.890295 1.005865 1.197830 1.026332 0.926506 0.923778 1.002231 1.087635 0.955447 1.032161 0.977243 1.038401 0.891231 0.996177 0.969847 1.115147 1.063246 1.174990 0.934205 0.970264 0.835692 1.067285 1.067420 0.999211 0.981884 1.003328 0.898427 1.002881 0.961825 1.060137 1.008222 1.117315 0.815605 1.090555 0.976663 1.139233 1.171799 
22 0.952370 0.847523 1.029071 1.007133 0.923013 0.990462 1.059035 1.097994 0.853599 0.914031 1.001865 1.014421 0.969239 1.054619 1.116923 0.991684 1.002293 1.042228 0.963830 0.954832 1.036343 0.907269 0.966585 0.897167 1.002161 1.191322 1.033112 0.921564 0.924448 0.998613 1.087980 0.948981 1.047161 0.981880 1.029908 0.892731 0.996311 0.967317 1.102599 1.065352 1.172825 0.939481 0.980271 0.842123 1.058373 1.069643 0.995065 0.985494 1.000112 0.904335 0.999828 0.959424 1.064687 1.005361 1.113463 0.818676 1.078156 0.978209 1.119917 1.164750 
23 0.958124 0.848678 1.029025 1.005906 0.934638 0.992457 1.059353 1.096958 0.861526 0.923048 0.997756 1.016338 0.969900 1.060851 1.114600 0.992050 1.009528 1.048866 0.962307 0.952401 1.029249 0.905421 0.958667 0.900448 0.998979 1.186356 1.036505 0.919924 0.929758 0.994689 1.087805 0.946060 1.059564 0.986265 1.024019 0.899307 0.999234 0.968110 1.089766 1.069263 1.169615 0.940010 0.985951 0.847911 1.047318 1.069882 0.994704 0.991538 0.999737 0.911232 0.996000 0.959446 1.071750 1.004142 1.108031 0.817118 1.065731 0.976631 1.103405 1.156395 
24 0.958772 0.848681 1.028828 1.006262 0.935805 0.992557 1.059233 1.096842 0.862139 0.923536 0.997642 1.016723 0.970190 1.061420 1.114328 0.992027 1.009928 1.049021 0.962181 0.952186 1.028670 0.905391 0.958344 0.900243 0.998818 1.185988 1.036842 0.919679 0.930414 0.994538 1.087730 0.946097 1.060538 0.986461 1.023699 0.900161 0.999468 0.968220 1.088921 1.069475 1.169464 0.940276 0.986401 0.848355 1.046371 1.069908 0.994755 0.991910 0.999815 0.911749 0.996020 0.959407 1.072369 1.004021 1.107601 0.817380 1.064738 0.976392 1.102491 1.155891 
25 0.966363 0.847983 1.025624 1.010442 0.949875 0.993090 1.056950 1.094823 0.869073 0.928908 0.995792 1.021109 0.973329 1.067989 1.110231 0.991021 1.014159 1.050073 0.959959 0.948872 1.020820 0.904418 0.953939 0.896715 0.996287 1.180887 1.040487 0.915900 0.938150 0.992181 1.086102 0.946106 1.072084 0.988174 1.019269 0.910452 1.001756 0.969014 1.077997 1.071409 1.166984 0.943063 0.991400 0.853273 1.033910 1.069657 0.994803 0.995829 1.000235 0.917545 0.995840 0.958290 1.079494 1.001893 1.101650 0.820358 1.051805 0.972652 1.090867 1.149090 
26 0.973442 0.847071 1.021884 1.012487 0.959309 0.995802 1.051855 1.092534 0.877045 0.939172 0.990738 1.026062 0.978833 1.076013 1.104065 0.986038 1.021317 1.051206 0.956201 0.945064 1.015135 0.904476 0.947935 0.891791 0.999649 1.173265 1.046092 0.911954 0.949271 0.986630 1.085777 0.946599 1.086422 0.991636 1.013917 0.922576 1.003232 0.975450 1.065847 1.071966 1.161925 0.944322 0.996675 0.857871 1.021626 1.067991 0.996399 0.999126 1.000244 0.923316 0.993659 0.950869 1.084099 1.003370 1.099931 0.829703 1.039413 0.965929 1.080465 1.139686 
27 0.977590 0.846302 1.020237 1.014450 0.962152 0.996375 1.047123 1.092668 0.883695 0.946778 0.987293 1.027120 0.980663 1.082122 1.099752 0.983799 1.028117 1.051597 0.953040 0.945013 1.009336 0.903751 0.945491 0.887423 0.999856 1.170007 1.049921 0.913508 0.956704 0.985078 1.086049 0.945817 1.094070 0.991647 1.009030 0.929268 1.002916 0.977061 1.060014 1.071401 1.158755 0.945454 0.997363 0.860270 1.016501 1.068841 0.997031 1.000239 0.999665 0.927027 0.993339 0.948262 1.086302 1.002970 1.098349 0.837463 1.033780 0.962606 1.073241 1.134837 
28 0.980142 0.845261 1.019583 1.015456 0.964432 0.997146 1.046397 1.094422 0.888902 0.952594 0.986218 1.028426 0.980718 1.087499 1.096817 0.983898 1.032950 1.050195 0.951972 0.944678 1.004380 0.901858 0.942902 0.882843 1.002346 1.165937 1.052030 0.915536 0.959756 0.985759 1.085319 0.944236 1.095433 0.990331 1.006299 0.934180 1.002594 0.977987 1.056430 1.071528 1.156884 0.948021 0.999435 0.861418 1.013740 1.067248 0.997480 1.001392 0.999697 0.930230 0.990226 0.945932 1.088531 1.003179 1.098392 0.844846 1.027967 0.961749 1.068087 1.129190 
29 0.982952 0.845005 1.019251 1.016854 0.965965 0.996788 1.046207 1.093918 0.894842 0.954918 0.984976 1.028557 0.978492 1.090946 1.095331 0.985848 1.036217 1.048187 0.949717 0.944726 1.002024 0.901318 0.941110 0.880954 1.005568 1.163299 1.053120 0.917822 0.961682 0.986589 1.083675 0.942737 1.098493 0.988996 1.005466 0.933873 1.002211 0.980368 1.054307 1.070923 1.153693 0.950112 1.000907 0.861671 1.010204 1.066382 0.998293 1.000813 1.000519 0.932915 0.988631 0.946122 1.088682 1.003206 1.099237 0.850173 1.021854 0.961335 1.066048 1.125314 
30 0.985146 0.844260 1.020707 1.016336 0.969769 0.996562 1.044853 1.092579 0.902545 0.955267 0.982164 1.029032 0.976153 1.095003 1.092045 0.989344 1.040574 1.044478 0.946939 0.943150 0.999277 0.900057 0.942536 0.879573 1.009579 1.158457 1.055042 0.921383 0.963924 0.988649 1.081010 0.942162 1.102112 0.988159 1.004920 0.935444 1.001966 0.983703 1.052611 1.069977 1.148316 0.952548 1.001653 0.861246 1.007534 1.064629 1.000832 1.000192 0.999674 0.934990 0.986386 0.946569 1.088898 1.003524 1.101960 0.854638 1.015770 0.961030 1.061020 1.122072 
31 0.987672 0.843841 1.022868 1.015531 0.972695 0.994440 1.043903 1.090551 0.910443 0.955189 0.981566 1.030757 0.973924 1.100962 1.087838 0.993552 1.046591 1.037246 0.944162 0.940889 0.998291 0.898218 0.945112 0.876825 1.012912 1.150786 1.054934 0.925685 0.967109 0.990778 1.076868 0.941238 1.109218 0.988123 1.003815 0.936926 1.002069 0.985765 1.049349 1.067722 1.140812 0.953023 1.004261 0.862997 1.007170 1.063248 1.003585 0.999377 1.000609 0.938348 0.980819 0.949833 1.089494 1.006880 1.103404 0.860670 1.009685 0.959510 1.054981 1.118420 
32 0.987764 0.843790 1.022949 1.015481 0.972801 0.994327 1.043840 1.090448 0.910766 0.955187 0.981521 1.030818 0.973809 1.101178 1.087636 0.993722 1.046817 1.036927 0.944029 0.940767 0.998232 0.898112 0.945203 0.876689 1.013019 1.150441 1.054904 0.925850 0.967214 0.990836 1.076671 0.941185 1.109506 0.988085 1.003756 0.936974 1.002044 0.985840 1.049188 1.067605 1.140476 0.953033 1.004354 0.863057 1.007141 1.063170 1.003672 0.999319 1.000630 0.938484 0.980569 0.949947 1.089495 1.007015 1.103445 0.860903 1.009414 0.959424 1.054709 1.118250 
33 0.989777 0.842170 1.025148 1.015301 0.974694 0.992749 1.042972 1.089225 0.916687 0.957089 0.980908 1.032528 0.972350 1.102894 1.084633 0.997619 1.049515 1.032959 0.942809 0.938638 0.997935 0.896297 0.947028 0.875015 1.013578 1.145301 1.054255 0.928926 0.968001 0.990751 1.073900 0.941244 1.114410 0.986248 1.003673 0.938262 1.000983 0.987979 1.046539 1.065927 1.136172 0.954535 1.006075 0.864560 1.007666 1.062010 1.004458 0.998326 1.001313 0.941953 0.977853 0.951238 1.089250 1.010376 1.104316 0.864193 1.006176 0.958378 1.051177 1.116549 
34 0.992056 0.839752 1.029115 1.014903 0.976602 0.990873 1.042544 1.087168 0.921846 0.958225 0.979259 1.033836 0.969991 1.104943 1.081638 1.001511 1.052516 1.028352 0.943328 0.937892 0.998409 0.896361 0.948425 0.875303 1.014983 1.139581 1.054542 0.931137 0.970591 0.989285 1.071165 0.940611 1.117066 0.984337 1.004656 0.939966 1.000931 0.988669 1.043271 1.062533 1.134294 0.955526 1.006234 0.866133 1.008977 1.061897 1.004817 0.996910 1.002986 0.946185 0.975422 0.950701 1.088980 1.012039 1.103830 0.866928 1.002618 0.957083 1.048389 1.115346 
35 0.992821 0.841240 1.031748 1.014043 0.978745 0.988602 1.040695 1.085313 0.926311 0.958701 0.977969 1.036145 0.966509 1.107407 1.080397 1.005257 1.056486 1.024617 0.943757 0.937682 0.997969 0.895582 0.948679 0.876877 1.015500 1.133634 1.054858 0.932468 0.972481 0.987968 1.069785 0.940223 1.118947 0.981392 1.006868 0.942926 1.000749 0.988182 1.039644 1.059207 1.132112 0.956504 1.007301 0.867548 1.010032 1.061410 1.004244 0.994834 1.004112 0.949398 0.974676 0.950233 1.088686 1.013938 1.104592 0.869087 1.000502 0.954975 1.047570 1.113631 
36 0.993267 0.843442 1.032611 1.014517 0.980169 0.986631 1.039496 1.084574 0.929585 0.959378 0.977286 1.038149 0.962567 1.108568 1.080565 1.007324 1.058557 1.020582 0.944488 0.937094 0.997596 0.895193 0.948393 0.878863 1.016707 1.130173 1.054924 0.933665 0.973860 0.985675 1.068015 0.940676 1.120340 0.980260 1.007709 0.945772 1.000719 0.989000 1.037064 1.056629 1.130981 0.957956 1.007931 0.867706 1.011568 1.061100 1.003669 0.992509 1.004024 0.951746 0.973581 0.950419 1.088678 1.014673 1.104467 0.871122 0.999754 0.953612 1.045365 1.112849 
37 0.994184 0.845024 1.032785 1.015415 0.982829 0.984769 1.037330 1.084527 0.932557 0.959980 0.976322 1.039585 0.959629 1.109503 1.080947 1.009641 1.061238 1.016567 0.944424 0.935725 0.999032 0.894293 0.946767 0.881786 1.017592 1.127210 1.053962 0.934809 0.976575 0.984574 1.066897 0.942274 1.120746 0.978687 1.008798 0.947439 1.001469 0.989226 1.033697 1.053490 1.130283 0.959848 1.008366 0.869039 1.013156 1.059129 1.002887 0.989463 1.004331 0.953831 0.972180 0.950877 1.087491 1.014959 1.104999 0.874053 0.999797 0.952649 1.041782 1.112129 
38 0.995617 0.847303 1.032725 1.017712 0.985070 0.982330 1.035443 1.083596 0.937608 0.959637 0.974431 1.041546 0.958828 1.111265 1.080039 1.011861 1.062829 1.011581 0.943538 0.937463 1.000576 0.892826 0.945083 0.885171 1.018139 1.124551 1.053010 0.936025 0.979265 0.982248 1.066529 0.943677 1.120170 0.976845 1.010588 0.949208 1.002344 0.989816 1.030894 1.050271 1.129880 0.960992 1.010352 0.870876 1.014551 1.056512 1.001386 0.986093 1.003070 0.956412 0.969584 0.951310 1.085951 1.015551 1.105589 0.876114 1.000636 0.952442 1.037447 1.110845 
39 0.996536 0.847723 1.032509 1.018275 0.985688 0.980924 1.034872 1.083380 0.939856 0.959464 0.973848 1.042385 0.958433 1.112129 1.079056 1.012646 1.063555 1.009854 0.942620 0.937815 1.001170 0.892832 0.944290 0.887307 1.018769 1.123720 1.052815 0.937439 0.980265 0.981263 1.066324 0.944837 1.120239 0.976432 1.011386 0.950607 1.001999 0.989432 1.029854 1.048946 1.129559 0.961651 1.011480 0.871750 1.015338 1.054184 1.000656 0.984490 1.002493 0.956925 0.968506 0.951568 1.085322 1.015407 1.104716 0.876571 1.001022 0.952362 1.036509 1.109720 
40 0.997883 0.848373 1.032267 1.019114 0.986607 0.979030 1.034144 1.083137 0.943053 0.959274 0.973096 1.043610 0.957945 1.113389 1.077741 1.013809 1.064625 1.007511 0.941405 0.938369 1.002064 0.892916 0.943245 0.890347 1.019713 1.122613 1.052607 0.939479 0.981719 0.979952 1.066104 0.946527 1.120391 0.975924 1.012552 0.952615 1.001567 0.988955 1.028458 1.047162 1.129173 0.962637 1.013113 0.873024 1.016504 1.050984 0.999703 0.982313 1.001751 0.957695 0.967071 0.951986 1.084510 1.015263 1.103549 0.877265 1.001624 0.952313 1.035267 1.108213 
41 1.000339 0.849971 1.032267 1.020176 0.988142 0.977669 1.032929 1.082986 0.946342 0.958879 0.972566 1.044302 0.956930 1.115047 1.074999 1.016314 1.064998 1.005699 0.941136 0.940085 1.003160 0.893232 0.941439 0.892970 1.021005 1.120307 1.052964 0.941173 0.983621 0.978869 1.065896 0.949502 1.119857 0.975969 1.013155 0.953377 0.999415 0.988804 1.026088 1.045542 1.127541 0.963607 1.015218 0.874131 1.018306 1.046898 0.998717 0.979051 1.000887 0.958736 0.965436 0.952313 1.084674 1.014535 1.101603 0.878050 1.003475 0.950975 1.033706 1.106862 
42 1.002539 0.852528 1.033725 1.022359 0.989598 0.977099 1.032372 1.082490 0.949019 0.958841 0.972200 1.044829 0.956534 1.115770 1.072421 1.018570 1.064436 1.003734 0.940497 0.940785 1.003384 0.893386 0.939624 0.896048 1.021325 1.117888 1.053713 0.943423 0.985620 0.978431 1.065938 0.951225 1.119435 0.976134 1.012528 0.953978 0.998138 0.988450 1.024140 1.043488 1.126212 0.963521 1.017876 0.874163 1.020237 1.042249 0.998517 0.975875 1.000712 0.959360 0.964704 0.952030 1.084351 1.014049 1.099728 0.879194 1.004938 0.949704 1.032397 1.105613 
43 1.004312 0.855002 1.034458 1.024300 0.990812 0.976699 1.031861 1.082708 0.950979 0.958940 0.971237 1.045172 0.956289 1.115716 1.070188 1.020514 1.064162 1.001796 0.940114 0.941593 1.004226 0.893265 0.938367 0.898505 1.021616 1.116048 1.053892 0.945262 0.986974 0.978475 1.065578 0.952184 1.119469 0.976767 1.012483 0.954822 0.996467 0.987813 1.022994 1.042105 1.124954 0.962821 1.019947 0.874245 1.021878 1.038490 0.998151 0.973578 1.000899 0.960428 0.964516 0.951257 1.084288 1.013040 1.098377 0.880166 1.005793 0.948862 1.031226 1.104504 
44 1.006521 0.857677 1.035232 1.027722 0.991833 0.976665 1.029944 1.083142 0.952983 0.959158 0.970534 1.046323 0.956469 1.115176 1.067674 1.024306 1.064158 0.998958 0.939824 0.942686 1.004805 0.894291 0.936477 0.902258 1.021903 1.113232 1.053852 0.947754 0.988141 0.978286 1.065708 0.954604 1.119320 0.977719 1.012096 0.955830 0.994306 0.986457 1.021867 1.040446 1.123096 0.961196 1.022144 0.874081 1.023680 1.034289 0.998282 0.970788 1.000552 0.962116 0.963709 0.950289 1.084082 1.011799 1.096953 0.881247 1.006110 0.948027 1.029739 1.102316 
45 1.008820 0.861093 1.035226 1.031945 0.993476 0.976240 1.027102 1.082866 0.954825 0.960295 0.969944 1.047005 0.956846 1.115177 1.064308 1.029059 1.064519 0.995554 0.939256 0.942263 1.005148 0.895687 0.934815 0.907734 1.021646 1.109052 1.054212 0.950862 0.991159 0.976621 1.065117 0.957050 1.117994 0.978365 1.012739 0.955921 0.991221 0.984982 1.022351 1.040455 1.120395 0.959050 1.025647 0.873649 1.025583 1.029797 0.997855 0.968115 1.000410 0.964138 0.962448 0.948851 1.084106 1.010515 1.094533 0.883230 1.006895 0.947854 1.028029 1.100272 
46 1.010189 0.864491 1.035470 1.035528 0.994920 0.977086 1.023745 1.082901 0.958624 0.961456 0.970451 1.047290 0.957498 1.115206 1.061141 1.034054 1.063929 0.990508 0.938881 0.941948 1.005556 0.895894 0.932710 0.913843 1.021439 1.102770 1.053911 0.954442 0.995025 0.974940 1.066269 0.960039 1.116627 0.981045 1.013552 0.955940 0.986967 0.983037 1.022781 1.041450 1.118143 0.957389 1.029624 0.873652 1.027418 1.025875 0.996570 0.964897 1.000045 0.965487 0.962155 0.947158 1.082574 1.008782 1.090871 0.885637 1.006502 0.947784 1.026296 1.098860 
47 1.010213 0.864540 1.035466 1.035583 0.994937 0.977094 1.023674 1.082897 0.958681 0.961467 0.970452 1.047285 0.957504 1.115202 1.061083 1.034132 1.063911 0.990423 0.938867 0.941936 1.005558 0.895894 0.932671 0.913942 1.021429 1.102656 1.053897 0.954494 0.995082 0.974911 1.066280 0.960072 1.116597 0.981087 1.013558 0.955939 0.986894 0.983005 1.022782 1.041463 1.118105 0.957358 1.029682 0.873644 1.027447 1.025804 0.996534 0.964842 1.000032 0.965502 0.962142 0.947131 1.082544 1.008751 1.090805 0.885672 1.006489 0.947773 1.026266 1.098828 
48 1.011689 0.866232 1.035321 1.037719 0.995563 0.977605 1.020789 1.083042 0.960724 0.961725 0.970439 1.046938 0.958036 1.115344 1.059471 1.037052 1.063189 0.988184 0.938517 0.941672 1.005963 0.896350 0.931752 0.917637 1.021220 1.098632 1.053395 0.956253 0.996950 0.974502 1.066711 0.960445 1.115694 0.982958 1.013696 0.956485 0.984919 0.982694 1.022806 1.042226 1.117527 0.956809 1.031409 0.873275 1.028932 1.023591 0.994930 0.963533 0.999680 0.966112 0.961762 0.946991 1.081877 1.008219 1.088865 0.887104 1.006220 0.947399 1.025807 1.097736 
49 1.011859 0.867050 1.035507 1.038370 0.995765 0.977734 1.019782 1.083174 0.961037 0.961665 0.970346 1.046599 0.958746 1.115006 1.059200 1.038301 1.062963 0.987468 0.938556 0.941644 1.006095 0.896391 0.931625 0.918840 1.021208 1.097406 1.053591 0.957088 0.997495 0.974236 1.066896 0.960244 1.115492 0.983690 1.013960 0.956676 0.984041 0.982652 1.022719 1.042161 1.117264 0.956981 1.031619 0.873543 1.028805 1.022869 0.994334 0.962573 0.999526 0.966021 0.961322 0.946964 1.082154 1.008368 1.087866 0.887921 1.006138 0.947562 1.025651 1.097295 
50 1.011828 0.867403 1.035531 1.038783 0.995944 0.977926 1.019399 1.083302 0.961341 0.961536 0.970297 1.046434 0.959001 1.114878 1.059061 1.038769 1.062916 0.987186 0.938744 0.941585 1.005985 0.896470 0.931700 0.919520 1.020932 1.096821 1.053771 0.957492 0.997716 0.974197 1.066863 0.960245 1.115310 0.984217 1.014252 0.956672 0.983594 0.982831 1.022841 1.042174 1.117258 0.956849 1.031550 0.873932 1.028777 1.022428 0.994004 0.961835 0.999489 0.966051 0.961133 0.946963 1.082183 1.008588 1.087313 0.888419 1.006087 0.947403 1.025513 1.096726 
51 1.011654 0.867875 1.035627 1.039140 0.995978 0.978450 1.018872 1.083567 0.961591 0.961622 0.969828 1.046664 0.959354 1.114716 1.058910 1.039464 1.062755 0.986623 0.938716 0.941742 1.005521 0.896604 0.931919 0.920321 1.020594 1.096077 1.053976 0.957709 0.997929 0.974041 1.066519 0.960281 1.115062 0.984913 1.014592 0.956485 0.983340 0.983072 1.022888 1.042328 1.117119 0.956958 1.031371 0.874689 1.028779 1.021703 0.993686 0.961177 0.999790 0.965960 0.960941 0.947201 1.082077 1.008576 1.086505 0.889019 1.006200 0.947234 1.025478 1.096082 
52 1.011324 0.869262 1.035400 1.039536 0.995911 0.979976 1.018061 1.083715 0.961367 0.961500 0.969419 1.046164 0.960080 1.114195 1.058296 1.040778 1.062101 0.986010 0.939091 0.942374 1.004206 0.897408 0.932013 0.921209 1.019550 1.094593 1.054115 0.958410 0.998892 0.973579 1.065638 0.960318 1.115368 0.985974 1.016266 0.956533 0.982773 0.983565 1.023033 1.041988 1.116959 0.958021 1.031312 0.875902 1.029301 1.020506 0.993578 0.960446 1.000328 0.965855 0.960301 0.947786 1.080762 1.008169 1.085360 0.889927 1.006313 0.947302 1.025000 1.094319 
53 1.011311 0.870788 1.035282 1.039928 0.995767 0.981957 1.017421 1.084078 0.961715 0.961145 0.969062 1.045146 0.960439 1.113181 1.057525 1.041819 1.061718 0.985834 0.939026 0.942838 1.003153 0.898742 0.932296 0.921735 1.018345 1.093109 1.053975 0.958737 0.999387 0.972544 1.065021 0.960319 1.115121 0.986989 1.017924 0.957283 0.982675 0.983674 1.023164 1.041906 1.116310 0.958875 1.031426 0.877207 1.029589 1.019424 0.993703 0.959241 1.001155 0.965773 0.959356 0.948594 1.079464 1.007717 1.084272 0.891169 1.006341 0.947450 1.024558 1.093187 
54 1.011351 0.871121 1.035180 1.039879 0.995828 0.982326 1.017281 1.084031 0.961886 0.961074 0.968977 1.044894 0.960600 1.112957 1.057517 1.042012 1.061516 0.985787 0.939055 0.942942 1.002854 0.899052 0.932412 0.921926 1.018178 1.092910 1.053961 0.958812 0.999429 0.972347 1.064925 0.960327 1.115053 0.987195 1.018196 0.957426 0.982556 0.983545 1.023206 1.041876 1.116191 0.959053 1.031424 0.877490 1.029658 1.019186 0.993794 0.959124 1.001395 0.965888 0.959112 0.948757 1.079181 1.007683 1.084100 0.891545 1.006392 0.947360 1.024460 1.093004 
55 1.011524 0.872901 1.034565 1.039551 0.996124 0.984297 1.016460 1.083718 0.962783 0.960652 0.968463 1.043463 0.961436 1.111677 1.057434 1.043020 1.060347 0.985484 0.939168 0.943466 1.001159 0.900701 0.933008 0.922932 1.017220 1.091781 1.053842 0.959174 0.999609 0.971217 1.064352 0.960320 1.114631 0.988283 1.019644 0.958166 0.981843 0.982776 1.023392 1.041662 1.115486 0.959976 1.031361 0.878998 1.029990 1.017834 0.994250 0.958448 1.002667 0.966477 0.957717 0.949608 1.077577 1.007450 1.083110 0.893568 1.006626 0.946802 1.023872 1.091952 
56 1.011747 0.874300 1.033765 1.039423 0.996227 0.985734 1.015907 1.083209 0.963555 0.960645 0.968111 1.042514 0.962110 1.110606 1.057667 1.043961 1.059427 0.985399 0.939504 0.943788 0.999932 0.902073 0.933873 0.923477 1.016527 1.090876 1.053959 0.959592 0.999909 0.970302 1.064020 0.960100 1.114033 0.989228 1.020844 0.958758 0.981199 0.982228 1.023161 1.041437 1.114857 0.960415 1.031363 0.880400 1.030381 1.016565 0.994648 0.957881 1.003554 0.966675 0.956717 0.950461 1.076191 1.007024 1.082493 0.895000 1.006596 0.946437 1.023359 1.091208 
57 1.011753 0.876424 1.032157 1.039539 0.996260 0.988897 1.014701 1.082295 0.965132 0.960771 0.967687 1.040611 0.963174 1.109257 1.058279 1.045420 1.057082 0.985805 0.940291 0.944528 0.998183 0.904050 0.935832 0.924793 1.015343 1.089033 1.054249 0.960536 1.000311 0.968600 1.062573 0.959949 1.113190 0.990917 1.023077 0.959733 0.980694 0.980527 1.022433 1.040704 1.113322 0.961142 1.031431 0.882738 1.030937 1.014350 0.995274 0.956830 1.004730 0.967175 0.955125 0.951755 1.074028 1.006192 1.081488 0.897868 1.006686 0.946140 1.022626 1.089722 
58 1.011830 0.880353 1.029605 1.040248 0.996185 0.994501 1.012352 1.080682 0.968072 0.960997 0.966814 1.037188 0.964735 1.106066 1.059409 1.046880 1.052561 0.986400 0.941260 0.945919 0.994791 0.907901 0.938185 0.927296 1.013384 1.084966 1.055919 0.961846 1.001269 0.966514 1.058965 0.959732 1.111531 0.993766 1.027606 0.961656 0.978889 0.977120 1.020561 1.039849 1.110708 0.962044 1.031124 0.887903 1.032170 1.010339 0.997077 0.955374 1.005851 0.968429 0.952103 0.954688 1.069930 1.005556 1.079713 0.903032 1.006704 0.946567 1.021602 1.087872 
59 1.011969 0.883660 1.027945 1.040833 0.995772 0.998188 1.011305 1.079666 0.969809 0.960988 0.966388 1.035570 0.965607 1.104217 1.059381 1.047968 1.048843 0.987089 0.941600 0.946295 0.993330 0.910055 0.939723 0.929182 1.012293 1.082421 1.057169 0.962855 1.001990 0.965068 1.057109 0.959523 1.110454 0.994907 1.030381 0.962972 0.977800 0.974737 1.019626 1.039672 1.108953 0.962897 1.029929 0.891888 1.033139 1.008203 0.998349 0.954694 1.006319 0.969186 0.950012 0.956623 1.067300 1.004901 1.078635 0.906518 1.006237 0.946229 1.020761 1.086415 
60 1.011948 0.885172 1.027012 1.041208 0.995328 0.999857 1.010888 1.079215 0.970765 0.960890 0.966111 1.034539 0.966096 1.103384 1.059491 1.048463 1.047103 0.987229 0.942195 0.946550 0.992746 0.911165 0.940422 0.930275 1.011632 1.081161 1.057992 0.963129 1.002308 0.964590 1.056296 0.959518 1.110118 0.995058 1.031446 0.963767 0.977369 0.973729 1.019216 1.039809 1.107825 0.963395 1.029336 0.893801 1.033610 1.007056 0.998885 0.954425 1.006780 0.969374 0.948953 0.957407 1.065992 1.004588 1.078046 0.908076 1.005967 0.946155 1.020308 1.085762 
61 1.011181 0.893901 1.021307 1.042980 0.993139 1.007296 1.007214 1.077423 0.976208 0.959733 0.962952 1.030529 0.967636 1.098304 1.058201 1.048827 1.037225 0.988296 0.947216 0.947378 0.989864 0.918020 0.944728 0.935108 1.008371 1.073133 1.062232 0.967470 1.002366 0.962851 1.054329 0.960379 1.108715 0.995178 1.038433 0.966233 0.976673 0.968866 1.015440 1.040843 1.103452 0.965227 1.026634 0.902402 1.034531 1.001111 1.002088 0.954474 1.010560 0.970347 0.942938 0.961778 1.059483 1.002811 1.073569 0.917125 1.005337 0.946707 1.017528 1.082685 
62 1.011163 0.894205 1.021141 1.043057 0.993068 1.007547 1.007099 1.077312 0.976393 0.959715 0.962833 1.030370 0.967702 1.098160 1.058161 1.048842 1.036933 0.988324 0.947379 0.947386 0.989777 0.918242 0.944863 0.935252 1.008296 1.072886 1.062356 0.967598 1.002333 0.962800 1.054279 0.960441 1.108682 0.995188 1.038665 0.966309 0.976661 0.968711 1.015323 1.040889 1.103344 0.965296 1.026550 0.902699 1.034606 1.000934 1.002195 0.954476 1.010688 0.970368 0.942783 0.961925 1.059316 1.002761 1.073428 0.917420 1.005318 0.946754 1.017439 1.082571 
63 1.010816 0.898457 1.018700 1.044093 0.991952 1.011028 1.005344 1.075502 0.978929 0.959401 0.961009 1.027943 0.968567 1.096049 1.057477 1.048943 1.032713 0.988597 0.949588 0.947344 0.988428 0.921298 0.946674 0.937168 1.007174 1.069294 1.063987 0.969282 1.001687 0.961979 1.053490 0.961270 1.108138 0.995236 1.041877 0.967280 0.976397 0.966396 1.013555 1.041460 1.101738 0.966187 1.025265 0.906883 1.035644 0.998343 1.003616 0.954399 1.012406 0.970544 0.940526 0.963923 1.056910 1.001944 1.071303 0.921533 1.004941 0.947372 1.016078 1.080782 
64 1.008397 0.914475 1.008609 1.048135 0.987444 1.024300 0.998538 1.067870 0.988274 0.956953 0.954346 1.018090 0.969779 1.087681 1.055513 1.051116 1.016794 0.990476 0.956531 0.947573 0.983662 0.932630 0.954202 0.944130 1.002540 1.054709 1.070660 0.975439 0.998889 0.959100 1.051117 0.964883 1.106437 0.995328 1.052666 0.971460 0.975407 0.959097 1.007783 1.042262 1.097092 0.968909 1.021517 0.925183 1.039271 0.987724 1.009492 0.956042 1.018355 0.971865 0.931674 0.970118 1.047847 0.998058 1.062066 0.938386 1.004131 0.950326 1.010998 1.074537 
65 1.006504 0.925457 1.000899 1.050321 0.985993 1.034379 0.994840 1.062722 0.993792 0.955693 0.948526 1.011146 0.970665 1.082008 1.054250 1.051697 1.005859 0.991728 0.961344 0.948737 0.980651 0.939990 0.959816 0.949351 0.998688 1.043573 1.074982 0.979877 0.997350 0.956097 1.050338 0.968239 1.105534 0.994459 1.058935 0.974331 0.973943 0.954464 1.004299 1.042125 1.094004 0.970223 1.018300 0.937175 1.042527 0.979890 1.013454 0.956809 1.022257 0.972971 0.925247 0.976123 1.042080 0.995346 1.055891 0.950538 1.002277 0.953338 1.008720 1.070307 
66 1.002108 0.937322 0.991753 1.052670 0.982741 1.043464 0.991497 1.057747 1.000198 0.953303 0.942133 1.004122 0.973904 1.075430 1.053132 1.052135 0.994154 0.995309 0.965692 0.949740 0.976146 0.948517 0.965559 0.955353 0.995030 1.030385 1.078840 0.984121 0.996298 0.953441 1.049493 0.972300 1.104239 0.993601 1.066260 0.976796 0.973035 0.950071 1.000650 1.041275 1.090084 0.972512 1.015180 0.949556 1.047906 0.970894 1.017854 0.956709 1.026557 0.976306 0.919221 0.982676 1.037386 0.991821 1.048797 0.963877 0.998319 0.955862 1.005441 1.067344 
67 1.001293 0.940225 0.990104 1.053267 0.981902 1.045504 0.990901 1.056657 1.001959 0.952754 0.940878 1.002690 0.974586 1.073820 1.053159 1.052095 0.991731 0.996214 0.966398 0.950244 0.975229 0.950587 0.967007 0.956735 0.993756 1.027571 1.079391 0.985053 0.996239 0.952858 1.048978 0.973712 1.103885 0.993368 1.068184 0.977153 0.972526 0.949151 0.999686 1.040888 1.089288 0.972990 1.014276 0.951987 1.049162 0.968786 1.018415 0.957397 1.027538 0.976192 0.917603 0.983757 1.036737 0.991132 1.047304 0.967117 0.997041 0.956230 1.004536 1.066817 
68 1.001306 0.940621 0.989965 1.053439 0.981835 1.045586 0.990918 1.056540 1.002053 0.952704 0.940727 1.002455 0.974698 1.073708 1.053227 1.052056 0.991545 0.996337 0.966488 0.950334 0.975128 0.950792 0.967205 0.956826 0.993595 1.027105 1.079492 0.985214 0.996108 0.952708 1.048920 0.973943 1.103856 0.993468 1.068395 0.977158 0.972549 0.948988 0.999628 1.040888 1.089154 0.973140 1.014044 0.952271 1.049250 0.968429 1.018422 0.957539 1.027576 0.976248 0.917455 0.983832 1.036503 0.991064 1.047140 0.967485 0.996888 0.956227 1.004443 1.066832 
69 1.001277 0.940690 0.989957 1.053477 0.981825 1.045601 0.990931 1.056506 1.002038 0.952699 0.940680 1.002401 0.974708 1.073696 1.053244 1.052054 0.991497 0.996364 0.966489 0.950367 0.975111 0.950859 0.967262 0.956843 0.993577 1.027022 1.079493 0.985239 0.996080 0.952693 1.048912 0.973989 1.103852 0.993467 1.068439 0.977169 0.972540 0.948950 0.999594 1.040918 1.089124 0.973158 1.014010 0.952313 1.049257 0.968354 1.018402 0.957555 1.027562 0.976261 0.917430 0.983850 1.036429 0.991063 1.047089 0.967576 0.996851 0.956212 1.004401 1.066831 
70 1.000934 0.941605 0.989905 1.053997 0.981742 1.045826 0.991152 1.056107 1.001878 0.952681 0.940119 1.001767 0.974862 1.073583 1.053504 1.052082 0.990921 0.996743 0.966541 0.950821 0.974946 0.951754 0.968026 0.957100 0.993402 1.026028 1.079528 0.985591 0.995769 0.952547 1.048856 0.974600 1.103837 0.993495 1.069040 0.977353 0.972462 0.948517 0.999181 1.041345 1.088795 0.973429 1.013631 0.952874 1.049387 0.967447 1.018185 0.957792 1.027420 0.976460 0.917166 0.984120 1.035528 0.991090 1.046474 0.968762 0.996427 0.956063 1.003891 1.066855 
71 1.000456 0.942080 0.990001 1.054302 0.981775 1.045664 0.991417 1.055873 1.001879 0.952771 0.939889 1.001394 0.974899 1.073654 1.053437 1.052208 0.990312 0.996944 0.966552 0.950993 0.974888 0.952572 0.968344 0.957251 0.993107 1.025455 1.079764 0.985454 0.995455 0.952399 1.049058 0.974923 1.103866 0.993808 1.069544 0.977541 0.972306 0.948251 0.998936 1.041377 1.088338 0.973505 1.013183 0.953131 1.049452 0.966795 1.017744 0.958136 1.027425 0.976623 0.917153 0.984505 1.034964 0.990968 1.046319 0.969847 0.996320 0.956301 1.003490 1.066738 
72 1.000405 0.942108 0.990059 1.054303 0.981779 1.045644 0.991398 1.055848 1.001880 0.952791 0.939934 1.001361 0.974931 1.073659 1.053428 1.052225 0.990262 0.996940 0.966573 0.951007 0.974865 0.952675 0.968353 0.957283 0.993051 1.025421 1.079797 0.985449 0.995398 0.952362 1.049084 0.974965 1.103861 0.993803 1.069559 0.977536 0.972343 0.948253 0.998899 1.041384 1.088314 0.973512 1.013160 0.953157 1.049456 0.966723 1.017751 0.958162 1.027354 0.976622 0.917154 0.984563 1.034912 0.990939 1.046313 0.969965 0.996283 0.956296 1.003479 1.066723 
73 1.000243 0.942276 0.990212 1.054175 0.981849 1.045514 0.991321 1.055853 1.001882 0.952891 0.940038 1.001165 0.975036 1.073635 1.053326 1.052206 0.990154 0.996856 0.966704 0.951117 0.974953 0.952940 0.968426 0.957365 0.992859 1.025391 1.079865 0.985418 0.995198 0.952253 1.049034 0.974973 1.103893 0.993794 1.069711 0.977523 0.972412 0.948292 0.998814 1.041499 1.088235 0.973499 1.013141 0.953311 1.049502 0.966438 1.017749 0.958282 1.027086 0.976688 0.917240 0.984711 1.034818 0.990681 1.046285 0.970407 0.996136 0.956237 1.003460 1.066716 
74 1.000245 0.942289 0.990215 1.054166 0.981839 1.045503 0.991327 1.055843 1.001873 0.952899 0.940055 1.001154 0.975029 1.073631 1.053319 1.052188 0.990153 0.996835 0.966708 0.951134 0.974963 0.952966 0.968440 0.957376 0.992858 1.025386 1.079858 0.985409 0.995211 0.952260 1.049036 0.974970 1.103883 0.993808 1.069706 0.977513 0.972429 0.948289 0.998811 1.041493 1.088228 0.973503 1.013139 0.953320 1.049496 0.966434 1.017753 0.958287 1.027077 0.976700 0.917241 0.984716 1.034825 0.990676 1.046273 0.970420 0.996127 0.956240 1.003460 1.066701 
75 1.000264 0.942376 0.990179 1.054044 0.981826 1.045416 0.991356 1.055791 1.001849 0.953042 0.940132 1.001090 0.974988 1.073507 1.053225 1.052118 0.990108 0.996744 0.966699 0.951225 0.975000 0.953099 0.968573 0.957454 0.992763 1.025343 1.079768 0.985387 0.995250 0.952358 1.049061 0.975003 1.103754 0.993860 1.069654 0.977499 0.972517 0.948318 0.998777 1.041469 1.088120 0.973628 1.013122 0.953385 1.049431 0.966406 1.017783 0.958317 1.026960 0.976776 0.917362 0.984680 1.034870 0.990748 1.046259 0.970455 0.996106 0.956298 1.003457 1.066580 
76 1.000265 0.942380 0.990178 1.054041 0.981827 1.045412 0.991356 1.055788 1.001849 0.953047 0.940137 1.001089 0.974989 1.073503 1.053221 1.052116 0.990109 0.996744 0.966699 0.951230 0.975001 0.953103 0.968576 0.957457 0.992762 1.025343 1.079765 0.985388 0.995250 0.952363 1.049059 0.975006 1.103749 0.993861 1.069651 0.977499 0.972520 0.948320 0.998777 1.041467 1.088116 0.973630 1.013121 0.953388 1.049429 0.966409 1.017782 0.958318 1.026959 0.976778 0.917368 0.984681 1.034868 0.990750 1.046257 0.970457 0.996105 0.956300 1.003457 1.066578 
77 1.000274 0.942427 0.990159 1.054000 0.981835 1.045366 0.991351 1.055746 1.001842 0.953100 0.940190 1.001072 0.974995 1.073453 1.053169 1.052089 0.990112 0.996736 0.966694 0.951286 0.975016 0.953138 0.968609 0.957494 0.992742 1.025340 1.079730 0.985399 0.995249 0.952410 1.049029 0.975029 1.103690 0.993867 1.069606 0.977503 0.972551 0.948347 0.998770 1.041434 1.088060 0.973649 1.013105 0.953417 1.049397 0.966445 1.017768 0.958329 1.026950 0.976795 0.917434 0.984695 1.034842 0.990765 1.046217 0.970480 0.996091 0.956328 1.003455 1.066547 
78 1.000290 0.942829 0.990158 1.053600 0.981975 1.045082 0.991341 1.055435 1.001769 0.953525 0.940710 1.001020 0.975150 1.073070 1.052792 1.051737 0.990123 0.996717 0.966778 0.951674 0.975190 0.953454 0.968877 0.957820 0.992817 1.025145 1.079327 0.985452 0.995158 0.952739 1.048727 0.975190 1.103029 0.993886 1.069227 0.977650 0.972733 0.948718 0.998780 1.041135 1.087572 0.973788 1.012992 0.953692 1.049100 0.966623 1.017686 0.958522 1.026893 0.976934 0.917935 0.984734 1.034626 0.990868 1.045929 0.970595 0.996038 0.956621 1.003332 1.066181 
79 1.000326 0.946025 0.990771 1.050732 0.982967 1.042597 0.991675 1.052371 1.001740 0.956139 0.944131 1.000970 0.976516 1.069012 1.049926 1.048743 0.990697 0.996916 0.968542 0.954379 0.976547 0.956093 0.970754 0.960151 0.993172 1.023726 1.074860 0.986236 0.995432 0.955382 1.046092 0.976508 1.097406 0.994051 1.065372 0.978813 0.974104 0.951547 0.998918 1.038792 1.082684 0.975316 1.012203 0.956301 1.046295 0.968429 1.016684 0.960791 1.025421 0.978293 0.922639 0.985671 1.032717 0.991281 1.043339 0.972157 0.996337 0.959053 1.003086 1.062497 
80 1.000007 0.999535 0.999887 1.000438 0.999875 1.000342 0.999962 1.000489 1.000033 0.999603 0.999518 0.999983 0.999803 1.000652 1.000450 1.000422 0.999903 0.999964 0.999722 0.999622 0.999800 0.999694 0.999714 0.999662 0.999923 1.000182 1.000589 0.999924 0.999959 0.999588 1.000377 0.999759 1.000840 0.999942 1.000545 0.999799 0.999768 0.999593 0.999976 1.000326 1.000704 0.999752 1.000074 0.999658 1.000405 0.999763 1.000193 0.999659 1.000216 0.999779 0.999392 0.999853 1.000288 0.999948 1.000362 0.999761 0.999987 0.999651 1.000013 1.000530 
81 1.000000 0.999999 1.000000 1.000000 0.999999 1.000001 0.999999 1.000002 0.999999 1.000001 0.999996 1.000002 1.000001 1.000002 1.000002 1.000004 0.999999 0.999998 0.999997 1.000000 0.999999 0.999999 0.999998 0.999999 1.000002 1.000000 1.000001 1.000000 1.000000 0.999997 1.000001 0.999997 1.000003 0.999999 1.000001 0.999999 1.000000 0.999997 0.999998 1.000001 1.000001 1.000002 0.999999 0.999999 1.000001 0.999999 1.000002 1.000000 1.000001 0.999997 0.999998 1.000000 1.000003 0.999998 1.000000 0.999999 1.000001 1.000001 1.000001 1.000005 
82 1.000000 1.000000 1.000000 1.000000 1.000000 1.000000 1.000000 1.000000 1.000000 1.000000 1.000000 1.000000 1.000000 1.000000 1.000000 1.000000 1.000000 1.000000 1.000000 1.000000 1.000000 1.000000 1.000000 1.000000 1.000000 1.000000 1.000000 1.000000 1.000000 1.000000 1.000000 1.000000 1.000000 1.000000 1.000000 1.000000 1.000000 1.000000 1.000000 1.000000 1.000000 1.000000 1.000000 1.000000 1.000000 1.000000 1.000000 1.000000 1.000000 1.000000 1.000000 1.000000 1.000000 1.000000 1.000000 1.000000 1.000000 1.000000 1.000000 1.000000 
83 1.000000 1.000000 1.000000 1.000000 1.000000 1.000000 1.000000 1.000000 1.000000 1.000000 1.000000 1.000000 1.000000 1.000000 1.000000 1.000000 1.000000 1.000000 1.000000 1.000000 1.000000 1.000000 1.000000 1.000000 1.000000 1.000000 1.000000 1.000000 1.000000 1.000000 1.000000 1.000000 1.000000 1.000000 1.000000 1.000000 1.000000 1.000000 1.000000 1.000000 1.000000 1.000000 1.000000 1.000000 1.000000 1.000000 1.000000 1.000000 1.000000 1.000000 1.000000 1.000000 1.000000 1.000000 1.000000 1.000000 1.000000 1.000000 1.000000 1.000000 
84 1.000000 1.000000 1.000000 1.000000 1.000000 1.000000 1.000000 1.000000 1.000000 1.000000 1.000000 1.000000 1.000000 1.000000 1.000000 1.000000 1.000000 1.000000 1.000000 1.000000 1.000000 1.000000 1.000000 1.000000 1.000000 1.000000 1.000000 1.000000 1.000000 1.000000 1.000000 1.000000 1.000000 1.000000 1.000000 1.000000 1.000000 1.000000 1.000000 1.000000 1.000000 1.000000 1.000000 1.000000 1.000000 1.000000 1.000000 1.000000 1.000000 1.000000 1.000000 1.000000 1.000000 1.000000 1.000000 1.000000 1.000000 1.000000 1.000000 1.000000 




# SSOR -> Conjugate Gradient Solution:
# N=20
0 2.751421 3.233908 1.352051 0.983279 1.232294 2.040504 0.352455 0.315269 2.099969 0.031537 0.503585 0.867425 -0.221560 0.252215 -0.109197 1.779362 -0.376398 -0.109834 1.037701 0.536981 
1 2.751421 3.249029 1.374771 1.023043 1.276306 2.104353 0.425135 0.378607 2.173664 0.087966 0.577765 0.921439 -0.144507 0.330832 -0.024770 1.861468 -0.281020 -0.048996 1.141543 0.626902 
2 1.549948 2.215592 0.720574 0.620159 1.003296 2.052396 0.396551 0.521217 2.293022 0.221149 0.731747 0.953657 0.080965 0.523875 0.188982 2.132831 0.295759 0.205431 1.728758 1.059792 
3 1.314309 1.805635 0.610927 0.523492 0.955352 1.954942 0.502787 0.861094 2.126335 0.401070 0.908584 0.951595 0.499605 0.659750 0.197296 1.533474 0.970781 0.144568 1.883914 0.706438 
4 1.168927 1.623259 0.678416 0.460796 0.887623 1.995986 0.478175 1.071713 1.920228 0.682251 0.936640 1.097393 0.758139 0.737916 0.238086 1.439638 1.103805 0.140504 1.547093 0.704471 
5 1.185571 1.362694 0.615240 0.678680 0.802941 1.847856 0.511625 1.123864 1.732273 0.839194 1.039887 0.962551 1.055118 0.896954 0.432191 1.367954 1.082302 0.056081 1.265098 0.818569 
6 1.094014 1.270357 0.582100 0.885502 0.909845 1.713332 0.542357 1.129146 1.653104 0.978280 1.056900 0.879587 1.122784 0.911089 0.522750 1.366907 1.071649 0.205203 1.122834 0.745820 
7 0.944414 1.246720 0.675252 1.039339 0.933848 1.611027 0.652279 1.170748 1.486178 1.010237 1.007062 0.833713 1.040342 0.943996 0.730433 1.243446 1.050429 0.337915 1.058483 0.784542 
8 0.899538 1.217268 0.716901 1.123672 0.946084 1.474562 0.829529 1.099288 1.197768 1.005417 0.943936 0.892023 1.028928 0.947065 0.867184 1.200421 1.069817 0.508014 1.043363 0.821090 
9 0.914917 1.126774 0.849989 1.140984 0.932773 1.352003 0.914985 1.068228 1.051217 0.930279 0.941431 0.894130 1.065070 0.939532 0.898305 1.127132 1.060495 0.774496 1.017038 0.899879 
10 0.941189 1.072496 0.892585 1.101937 0.930221 1.211805 1.007116 1.051014 1.042751 0.942484 0.968630 0.954868 1.058926 0.919150 0.936059 1.048349 1.011691 0.900991 0.993974 0.949952 
11 0.947441 1.070547 0.900679 1.094047 0.934387 1.194830 1.011838 1.047640 1.042620 0.949383 0.969583 0.960538 1.059587 0.928809 0.944210 1.042244 1.009158 0.916032 0.996224 0.956376 
12 0.974555 1.049221 0.939363 1.031076 0.952501 1.082103 1.013876 1.013842 1.027764 0.984856 0.958658 0.980436 1.050055 0.984792 0.981059 0.996727 0.984795 0.992716 0.999477 0.979695 
13 1.000218 1.018298 0.960346 1.003807 0.984178 1.040494 0.991233 0.994654 1.013042 0.989604 0.979873 1.004303 1.025898 0.995995 1.020630 0.979729 0.986935 1.019538 0.996303 0.989732 
14 1.007831 1.005251 0.972911 0.996010 0.993180 1.029191 0.994972 1.001025 1.008780 0.994931 0.977022 0.999411 1.019198 0.991497 1.023826 0.987117 0.988254 1.015967 0.999803 0.990949 
15 1.003184 0.999636 0.987345 0.995808 0.998322 1.019754 1.000071 0.998504 1.004537 0.996873 0.988332 0.999504 1.012192 0.997226 1.014433 0.992794 0.988442 1.008211 1.001238 0.991204 
16 0.999581 1.000352 1.000487 0.998620 0.998995 1.000563 1.000994 0.998691 1.001350 0.998760 0.999776 0.999276 1.001043 0.999862 1.002382 1.000882 1.000565 1.000219 0.998617 0.997960 
17 0.999933 0.999793 1.000080 0.999965 1.000284 1.000109 1.000326 0.999634 1.000438 0.999632 0.999520 1.000069 1.000072 1.000208 1.000086 0.999968 1.000336 0.999876 0.999541 0.999997 
18 1.000087 0.999795 0.999986 1.000082 0.999965 1.000067 1.000150 0.999946 1.000185 0.999866 0.999779 1.000108 0.999847 1.000241 0.999979 1.000037 1.000140 1.000015 0.999811 0.999903 
19 0.999999 0.999982 1.000023 1.000028 0.999982 0.999991 0.999986 0.999988 1.000018 0.999998 0.999974 1.000031 1.000009 0.999998 1.000006 1.000003 1.000001 0.999991 1.000012 0.999988 
20 0.999997 0.999986 1.000016 1.000021 0.999986 0.999989 0.999987 0.999994 1.000012 0.999994 0.999979 1.000025 1.000008 0.999998 1.000003 1.000002 0.999998 0.999992 1.000008 0.999988 
21 0.999996 0.999998 1.000005 1.000008 0.999999 0.999989 0.999993 1.000008 1.000004 0.999988 0.999992 1.000015 1.000008 1.000002 1.000003 1.000005 0.999995 0.999995 1.000004 0.999993 
22 1.000000 1.000000 1.000000 1.000000 1.000000 1.000000 1.000000 1.000000 1.000000 1.000000 1.000000 1.000000 1.000000 1.000000 1.000000 1.000000 1.000000 1.000000 1.000000 1.000000 


0 3.000151 3.390282 1.328541 0.757108 1.197274 2.046874 0.156409 0.213390 2.271330 -0.051458 0.486794 0.957625 -0.254730 0.225867 -0.127677 1.825868 -0.519733 -0.141720 1.117594 0.493609 
1 3.002918 3.410627 1.358739 0.805914 1.250731 2.120633 0.241453 0.285404 2.354344 0.011830 0.568638 1.016141 -0.170533 0.311422 -0.035599 1.914010 -0.415752 -0.075117 1.230678 0.592330 
2 1.665821 2.282142 0.694477 0.425392 1.016513 2.105028 0.280740 0.470296 2.500580 0.166890 0.720562 1.012811 0.046302 0.484541 0.161629 2.155406 0.193736 0.188795 1.845000 1.055470 
3 1.405976 1.854456 0.573704 0.374880 0.970156 2.012320 0.434209 0.838501 2.287652 0.361778 0.890576 0.981175 0.474112 0.627193 0.151438 1.533978 0.929134 0.115771 1.984300 0.684949 
4 1.227743 1.652972 0.642597 0.346031 0.881224 2.065790 0.420477 1.072690 2.020255 0.669630 0.926270 1.131102 0.755225 0.725394 0.194020 1.442312 1.101836 0.103963 1.594114 0.683753 
5 1.212637 1.372539 0.575661 0.634545 0.779929 1.911616 0.469439 1.126195 1.786862 0.829356 1.046220 0.968000 1.069452 0.904142 0.404593 1.378440 1.093454 0.003149 1.279937 0.808843 
6 1.094798 1.280404 0.548091 0.884659 0.901036 1.762708 0.516426 1.139211 1.693802 0.981977 1.057439 0.867581 1.142701 0.909543 0.497788 1.386431 1.080027 0.155873 1.119970 0.728157 
7 0.939026 1.269634 0.652291 1.045533 0.925674 1.663868 0.632583 1.187345 1.521310 1.004772 1.004911 0.823196 1.048067 0.932512 0.702475 1.266254 1.055511 0.278359 1.062655 0.766254 
8 0.892293 1.247083 0.696192 1.132687 0.936793 1.526844 0.807522 1.107916 1.223376 0.992750 0.941781 0.882797 1.025638 0.935742 0.836534 1.232234 1.076385 0.453108 1.060191 0.803804 
9 0.911375 1.149534 0.840280 1.148520 0.925735 1.389451 0.900028 1.072035 1.067336 0.914551 0.940506 0.884860 1.059264 0.927925 0.870485 1.147702 1.066463 0.747222 1.030502 0.893416 
10 0.943001 1.084099 0.888987 1.103599 0.926077 1.227674 1.011440 1.052217 1.048565 0.933432 0.968804 0.954209 1.057202 0.910318 0.919807 1.055220 1.010672 0.893119 0.999727 0.951338 
11 0.968102 1.056517 0.928934 1.039760 0.943802 1.105723 1.014293 1.017921 1.029943 0.974743 0.955732 0.973504 1.049879 0.971539 0.966297 1.004089 0.985529 0.976379 0.998676 0.974550 
12 0.975726 1.052717 0.938741 1.029653 0.950489 1.085072 1.015978 1.013068 1.028402 0.984000 0.956728 0.979670 1.049880 0.985320 0.978952 0.996847 0.983768 0.993600 1.000927 0.981179 
13 0.999204 1.018736 0.958334 1.004951 0.983134 1.042168 0.991823 0.994601 1.013463 0.989843 0.978897 1.003639 1.026831 0.995722 1.022339 0.978603 0.986986 1.021105 0.995459 0.988780 
14 1.007224 1.004991 0.971482 0.996944 0.992947 1.030823 0.995422 1.001412 1.008221 0.994780 0.975799 0.998916 1.020920 0.991322 1.025569 0.986522 0.987930 1.016489 0.998892 0.990288 
15 1.002666 0.999288 0.987663 0.996739 0.998024 1.020188 1.000160 0.998413 1.003806 0.997087 0.988373 0.999442 1.012801 0.997490 1.014649 0.992685 0.988473 1.008131 1.000916 0.990695 
16 0.999563 1.000238 1.000615 0.998893 0.998762 1.000409 1.000858 0.998897 1.001210 0.998879 0.999850 0.999429 1.000971 0.999790 1.002227 1.000963 1.000503 1.000211 0.998889 0.997928 
17 0.999802 0.999944 1.000133 0.999800 1.000349 1.000054 1.000388 0.999597 1.000448 0.999431 0.999578 1.000007 1.000252 1.000179 1.000250 1.000055 1.000337 0.999822 0.999437 0.999895 
18 1.000073 0.999803 1.000016 1.000090 0.999981 1.000075 1.000150 0.999894 1.000192 0.999892 0.999767 1.000092 0.999858 1.000201 0.999984 1.000023 1.000153 1.000000 0.999817 0.999929 
19 1.000009 0.999979 0.999982 1.000010 1.000002 0.999987 1.000014 1.000041 1.000015 0.999944 0.999977 1.000032 0.999983 1.000056 0.999997 1.000024 0.999998 1.000005 0.999976 0.999969 
20 0.999997 0.999996 1.000006 1.000010 0.999996 0.999991 0.999992 1.000004 1.000004 0.999992 0.999990 1.000015 1.000008 1.000000 1.000001 1.000002 0.999996 0.999996 1.000005 0.999995 
21 0.999997 0.999996 1.000006 1.000010 0.999997 0.999992 0.999993 1.000004 1.000005 0.999992 0.999991 1.000015 1.000008 1.000000 1.000001 1.000003 0.999996 0.999996 1.000006 0.999995 
22 1.000000 1.000000 1.000000 1.000000 1.000000 1.000000 1.000000 1.000000 1.000000 1.000000 1.000000 1.000000 1.000000 1.000000 1.000000 1.000000 1.000000 1.000000 1.000000 1.000000 


0 3.262509 3.525417 1.284105 0.504444 1.156566 2.056623 -0.039041 0.105223 2.450092 -0.132834 0.460717 1.055035 -0.266480 0.209070 -0.113898 1.856054 -0.671598 -0.144122 1.184365 0.443442 
1 3.268477 3.551985 1.322701 0.563242 1.220037 2.140746 0.058948 0.186448 2.543049 -0.062212 0.550659 1.118373 -0.174619 0.301985 -0.013678 1.950579 -0.558191 -0.071492 1.307700 0.551678 
2 1.789154 2.334359 0.658366 0.215960 1.028562 2.160382 0.167877 0.415636 2.716942 0.115547 0.695931 1.073849 0.029780 0.448442 0.160840 2.153594 0.087447 0.197557 1.954797 1.046981 
3 1.503646 1.896066 0.528230 0.218460 0.984301 2.070783 0.369480 0.813951 2.448495 0.324930 0.861171 1.016435 0.463150 0.595876 0.126307 1.515305 0.884027 0.108918 2.077349 0.658421 
4 1.285629 1.674963 0.599201 0.232905 0.870322 2.136717 0.368840 1.074293 2.109316 0.659085 0.907822 1.168015 0.764484 0.716662 0.167527 1.432922 1.099218 0.085265 1.631705 0.662465 
5 1.234732 1.378006 0.532847 0.597834 0.754488 1.975478 0.434389 1.128444 1.831500 0.818390 1.046774 0.972126 1.088832 0.911717 0.388028 1.381160 1.103849 -0.035234 1.292159 0.799587 
6 1.092239 1.290222 0.514348 0.888713 0.890168 1.812763 0.496629 1.148569 1.726324 0.983070 1.053890 0.856110 1.163991 0.906059 0.479022 1.401110 1.087265 0.115603 1.116163 0.712297 
7 0.936176 1.293186 0.629003 1.049244 0.916383 1.715419 0.614646 1.201743 1.553064 0.997598 1.000946 0.814437 1.056715 0.921409 0.676977 1.286436 1.059774 0.225766 1.067169 0.748849 
8 0.888195 1.275326 0.676996 1.136927 0.928833 1.574670 0.785950 1.114012 1.249723 0.980201 0.939903 0.875497 1.021031 0.924999 0.808867 1.261248 1.080672 0.404084 1.077729 0.788094 
9 0.910533 1.169464 0.835347 1.152263 0.921667 1.417884 0.887508 1.073244 1.081353 0.900260 0.939376 0.877765 1.050830 0.917248 0.846358 1.164991 1.070642 0.726988 1.044456 0.889730 
10 0.944578 1.093345 0.888095 1.103262 0.923434 1.237632 1.013734 1.051187 1.050255 0.924088 0.968784 0.953259 1.051108 0.902886 0.904064 1.060988 1.008979 0.886406 1.004736 0.952913 
11 0.949925 1.090405 0.895567 1.097216 0.927403 1.221866 1.018992 1.048825 1.049515 0.931537 0.970056 0.958611 1.052769 0.912278 0.913815 1.055032 1.007274 0.900826 1.005858 0.958900 
12 0.975864 1.054903 0.940196 1.029024 0.948745 1.084438 1.018435 1.011934 1.026815 0.983196 0.956115 0.978837 1.047224 0.985545 0.975211 0.997595 0.983306 0.993737 1.001874 0.983031 
13 0.997747 1.018381 0.959069 1.006531 0.982840 1.040789 0.993071 0.994557 1.012472 0.990574 0.979536 1.003056 1.026124 0.995927 1.022381 0.978389 0.987924 1.021906 0.994713 0.988981 
14 1.006028 1.004513 0.971842 0.998289 0.993082 1.030105 0.996369 1.001652 1.006728 0.994914 0.976157 0.998643 1.021347 0.991795 1.025784 0.986429 0.988314 1.016595 0.997941 0.990497 
15 1.002108 0.999061 0.988276 0.997931 0.997472 1.019762 1.000264 0.998317 1.002970 0.997571 0.988646 0.999407 1.012927 0.997617 1.014539 0.992534 0.989028 1.008287 1.000542 0.990712 
16 0.999603 1.000119 1.000641 0.999123 0.998498 1.000359 1.000732 0.999081 1.001118 0.999028 0.999858 0.999538 1.000937 0.999664 1.002146 1.000975 1.000446 1.000295 0.999131 0.997907 
17 0.999687 1.000056 1.000206 0.999663 1.000278 1.000008 1.000436 0.999579 1.000453 0.999260 0.999676 0.999972 1.000413 1.000166 1.000426 1.000174 1.000313 0.999809 0.999383 0.999707 
18 1.000053 0.999824 1.000044 1.000086 1.000000 1.000073 1.000146 0.999852 1.000196 0.999905 0.999759 1.000078 0.999887 1.000155 0.999997 1.000010 1.000164 0.999978 0.999820 0.999953 
19 1.000036 0.999922 0.999975 1.000032 0.999996 1.000017 1.000066 1.000018 1.000063 0.999915 0.999922 1.000046 0.999923 1.000126 0.999988 1.000036 1.000039 1.000015 0.999920 0.999945 
20 1.000005 0.999971 0.999992 1.000012 0.999993 0.999995 1.000010 1.000006 1.000016 0.999967 0.999968 1.000020 0.999978 1.000033 0.999992 1.000008 1.000005 1.000000 0.999976 0.999977 
21 0.999998 0.999997 1.000004 1.000009 0.999997 0.999993 0.999994 1.000005 1.000003 0.999993 0.999992 1.000013 1.000006 1.000001 1.000000 1.000002 0.999997 0.999997 1.000005 0.999996 
22 1.000000 1.000000 1.000000 1.000000 1.000000 1.000000 1.000000 1.000000 1.000000 1.000000 1.000000 1.000000 1.000000 1.000000 1.000000 1.000000 1.000000 1.000000 1.000000 1.000000 


0 3.539785 3.635925 1.216990 0.225806 1.113211 2.079154 -0.228164 -0.011607 2.638962 -0.217142 0.416661 1.157244 -0.261006 0.202018 -0.067082 1.869307 -0.831237 -0.112454 1.235553 0.386157 
1 3.549484 3.669922 1.264880 0.295613 1.187140 2.173937 -0.116672 0.079393 2.742463 -0.138655 0.515324 1.225837 -0.160819 0.302752 0.041858 1.970562 -0.707567 -0.033626 1.370190 0.504581 
2 1.920631 2.371908 0.609120 -0.006785 1.038661 2.223264 0.061979 0.355197 2.943702 0.063591 0.652593 1.136192 0.029979 0.415820 0.188598 2.126189 -0.021544 0.233953 2.057365 1.033242 
3 1.605331 1.930383 0.471760 0.055457 0.995694 2.133266 0.310747 0.788164 2.607483 0.289632 0.817843 1.058239 0.468940 0.566734 0.123207 1.475634 0.838804 0.125571 2.161672 0.624107 
4 1.339281 1.689118 0.546790 0.124553 0.852675 2.210804 0.323955 1.077596 2.185060 0.649886 0.880815 1.207946 0.788076 0.712128 0.159660 1.411806 1.096627 0.084372 1.658699 0.640552 
5 1.251271 1.379970 0.486326 0.570392 0.726693 2.040144 0.406123 1.131427 1.865921 0.806306 1.041200 0.974141 1.114710 0.917984 0.382628 1.376119 1.112256 -0.059460 1.302222 0.790504 
6 1.087192 1.300868 0.480148 0.896886 0.877413 1.864483 0.481675 1.157474 1.751296 0.981594 1.046063 0.845140 1.186771 0.899618 0.466408 1.410852 1.092115 0.084666 1.112750 0.697998 
7 0.935233 1.317306 0.604174 1.051240 0.906099 1.766083 0.598658 1.213996 1.580941 0.989058 0.994592 0.807029 1.066453 0.910623 0.655700 1.303135 1.062447 0.181639 1.072008 0.732236 
8 0.886847 1.301641 0.658536 1.137244 0.921974 1.618505 0.765505 1.117407 1.276181 0.968035 0.937439 0.869895 1.016051 0.915127 0.785517 1.286647 1.082826 0.361887 1.094849 0.773725 
9 0.911936 1.185998 0.835303 1.152731 0.920402 1.437414 0.877740 1.071974 1.093016 0.887379 0.937595 0.872845 1.040059 0.907830 0.826404 1.179215 1.073403 0.713023 1.058166 0.888250 
10 0.948055 1.100471 0.893189 1.102099 0.924157 1.239696 1.018628 1.049508 1.049944 0.916279 0.971315 0.955175 1.042406 0.898544 0.891774 1.066390 1.007810 0.884444 1.010555 0.957474 
11 0.959351 1.089527 0.911791 1.082327 0.933582 1.192430 1.024735 1.040166 1.044653 0.938804 0.970276 0.965277 1.045416 0.927832 0.918740 1.048093 1.002678 0.921030 1.011096 0.969775 
12 0.975944 1.056089 0.945169 1.029162 0.948378 1.079692 1.021569 1.010676 1.023852 0.982815 0.958155 0.978948 1.042001 0.986316 0.970112 0.999827 0.984145 0.993368 1.003281 0.986193 
13 0.996008 1.017360 0.962999 1.008311 0.983388 1.035892 0.994809 0.994453 1.010254 0.991749 0.982276 1.002713 1.023273 0.996648 1.020019 0.979393 0.989872 1.021559 0.994300 0.990569 
14 1.004332 1.003872 0.974414 0.999847 0.993682 1.026595 0.997710 1.001662 1.004450 0.995416 0.978474 0.998641 1.019943 0.992964 1.023939 0.987087 0.989564 1.016016 0.997193 0.991759 
15 1.001587 0.999077 0.988900 0.999266 0.996788 1.018516 1.000417 0.998334 1.002077 0.998215 0.988975 0.999368 1.012586 0.997499 1.014247 0.992311 0.990117 1.008705 1.000042 0.991381 
16 0.999688 1.000009 1.000535 0.999297 0.998231 1.000427 1.000656 0.999237 1.001081 0.999169 0.999766 0.999572 1.000955 0.999494 1.002202 1.000923 1.000417 1.000472 0.999271 0.997885 
17 0.999611 1.000103 1.000259 0.999585 1.000149 1.000002 1.000467 0.999570 1.000452 0.999160 0.999761 0.999955 1.000529 1.000167 1.000560 1.000264 1.000278 0.999842 0.999373 0.999521 
18 1.000033 0.999848 1.000070 1.000076 1.000015 1.000067 1.000147 0.999816 1.000204 0.999906 0.999745 1.000071 0.999924 1.000114 1.000019 0.999999 1.000179 0.999955 0.999813 0.999970 
19 1.000042 0.999900 0.999984 1.000045 0.999997 1.000031 1.000082 0.999988 1.000086 0.999914 0.999893 1.000048 0.999906 1.000138 0.999988 1.000033 1.000060 1.000013 0.999901 0.999943 
20 0.999998 0.999996 1.000003 1.000008 0.999997 0.999993 0.999994 1.000004 1.000003 0.999993 0.999992 1.000012 1.000005 1.000001 0.999999 1.000001 0.999997 0.999997 1.000004 0.999996 
21 0.999998 0.999997 1.000004 1.000008 0.999997 0.999994 0.999994 1.000005 1.000003 0.999994 0.999993 1.000012 1.000006 1.000001 1.000000 1.000001 0.999997 0.999998 1.000004 0.999997 
22 1.000000 1.000000 1.000000 1.000000 1.000000 1.000000 1.000000 1.000000 1.000000 1.000000 1.000000 1.000000 1.000000 1.000000 1.000000 1.000000 1.000000 1.000000 1.000000 1.000000 


0 3.831859 3.716434 1.127178 -0.076803 1.070087 2.122200 -0.407132 -0.138694 2.839833 -0.306578 0.346766 1.261720 -0.242779 0.206465 0.011211 1.866506 -0.996194 -0.043618 1.267381 0.323014 
1 3.846034 3.759354 1.185220 0.005144 1.154874 2.227802 -0.281446 -0.037286 2.954498 -0.219694 0.455065 1.336142 -0.133421 0.315533 0.129629 1.974810 -0.861376 0.041474 1.414524 0.452225 
2 2.059688 2.392563 0.543794 -0.239764 1.046644 2.296036 -0.032162 0.288087 3.181803 0.008210 0.587825 1.198915 0.045250 0.387699 0.245545 2.071583 -0.129839 0.297530 2.152401 1.013299 
3 1.706798 1.957004 0.403248 -0.111568 1.002668 2.201378 0.260729 0.764224 2.760173 0.257387 0.759292 1.107794 0.493822 0.541415 0.141064 1.413857 0.799458 0.165738 2.234150 0.578556 
4 1.383606 1.694501 0.485826 0.026294 0.825390 2.288740 0.286105 1.084411 2.242783 0.642401 0.846838 1.249785 0.828146 0.712913 0.170913 1.380889 1.094891 0.099131 1.672619 0.619943 
5 1.261466 1.379222 0.436249 0.554989 0.697074 2.104777 0.384274 1.135808 1.889109 0.793511 1.030579 0.972913 1.148368 0.921033 0.388067 1.363787 1.117841 -0.070677 1.310673 0.781242 
6 1.080115 1.313064 0.445275 0.908550 0.863109 1.917919 0.470425 1.166554 1.768841 0.978149 1.034037 0.834410 1.211405 0.889414 0.459922 1.415585 1.093455 0.063346 1.110731 0.685167 
7 0.935454 1.341685 0.577039 1.052562 0.895014 1.815937 0.584983 1.224274 1.604202 0.979558 0.985649 0.800711 1.077506 0.899921 0.640214 1.315519 1.062781 0.147016 1.076995 0.716518 
8 0.887763 1.325547 0.640303 1.134719 0.915984 1.658509 0.746938 1.117879 1.301937 0.956533 0.933480 0.865706 1.011478 0.906662 0.767674 1.307746 1.083231 0.327535 1.110320 0.760508 
9 0.915297 1.198150 0.840668 1.150301 0.921979 1.447898 0.871382 1.068319 1.102461 0.875665 0.935066 0.870361 1.027020 0.900258 0.811182 1.190640 1.075307 0.704804 1.070722 0.888533 
10 0.951729 1.104792 0.903022 1.099381 0.927219 1.234618 1.023022 1.046453 1.047736 0.908747 0.974535 0.958055 1.029784 0.896502 0.880404 1.072455 1.007325 0.883000 1.016335 0.962302 
11 0.962395 1.092051 0.922170 1.079628 0.936421 1.183898 1.028959 1.037126 1.041643 0.934600 0.973953 0.968023 1.034254 0.928346 0.909832 1.052734 1.002807 0.921078 1.015697 0.975001 
12 0.976031 1.056246 0.953995 1.029325 0.949362 1.070538 1.024642 1.009022 1.020199 0.982514 0.962953 0.980018 1.033675 0.987785 0.962757 1.003817 0.986260 0.991633 1.005259 0.990527 
13 0.994287 1.015956 0.970203 1.009859 0.984874 1.027568 0.996578 0.994254 1.007478 0.993230 0.987481 1.002745 1.017862 0.997850 1.014493 0.982038 0.992913 1.019346 0.994551 0.993552 
14 1.002437 1.003111 0.979552 1.001202 0.994923 1.020132 0.999092 1.001451 1.001845 0.996352 0.983033 0.998924 1.016190 0.994758 1.019419 0.988962 0.991815 1.014069 0.997020 0.994143 
15 1.001087 0.999482 0.989634 1.000557 0.996394 1.015909 1.000611 0.998696 1.001028 0.998793 0.989691 0.999370 1.011434 0.997320 1.013308 0.992345 0.991883 1.008991 0.999401 0.993025 
16 0.999795 0.999936 1.000203 0.999421 0.997997 1.000670 1.000664 0.999370 1.001072 0.999245 0.999510 0.999523 1.001091 0.999314 1.002482 1.000762 1.000382 1.000797 0.999249 0.997847 
17 0.999569 1.000098 1.000256 0.999544 1.000033 1.000068 1.000510 0.999539 1.000463 0.999107 0.999787 0.999931 1.000624 1.000187 1.000684 1.000290 1.000247 0.999919 0.999346 0.999367 
18 1.000019 0.999863 1.000086 1.000064 1.000024 1.000064 1.000158 0.999787 1.000221 0.999896 0.999718 1.000072 0.999960 1.000087 1.000048 0.999988 1.000202 0.999934 0.999788 0.999979 
19 1.000044 0.999890 0.999987 1.000053 1.000000 1.000038 1.000087 0.999975 1.000097 0.999916 0.999877 1.000051 0.999902 1.000143 0.999990 1.000030 1.000067 1.000012 0.999893 0.999944 
20 1.000006 0.999964 0.999995 1.000016 0.999994 1.000001 1.000014 0.999993 1.000023 0.999970 0.999958 1.000019 0.999974 1.000034 0.999992 1.000005 1.000011 0.999998 0.999970 0.999978 
21 0.999998 0.999997 1.000004 1.000008 0.999997 0.999994 0.999994 1.000005 1.000003 0.999994 0.999993 1.000012 1.000006 1.000001 0.999999 1.000001 0.999997 0.999998 1.000004 0.999997 
22 1.000000 1.000000 1.000000 1.000000 1.000000 1.000000 1.000000 1.000000 1.000000 1.000000 1.000000 1.000000 1.000000 1.000000 1.000000 1.000000 1.000000 1.000000 1.000000 1.000000 


# N=30
0 4.624608 4.429735 2.280585 0.855484 2.476141 2.517288 0.335469 -0.290364 2.136320 0.004032 0.043840 1.917303 -0.762143 -0.169440 0.131562 1.983305 -0.767453 0.967109 1.559720 1.160877 0.177044 -0.026391 -0.468943 1.602556 -0.119126 -0.329834 0.376141 -0.861535 2.116743 -0.063817 
1 4.624608 4.448158 2.305821 0.897088 2.523171 2.583827 0.407564 -0.230654 2.198953 0.051851 0.100227 1.968197 -0.690160 -0.103770 0.206407 2.054415 -0.683390 1.025215 1.650397 1.237509 0.251414 0.058837 -0.398473 1.679657 -0.054069 -0.273506 0.447471 -0.787903 2.196133 0.005947 
2 2.393000 2.559392 1.144344 0.361158 1.938667 2.396458 0.317080 -0.121228 2.155761 0.120608 0.142696 1.934091 -0.419076 0.008469 0.519958 2.313096 -0.041455 1.302956 2.390221 1.628335 0.648038 0.511234 -0.131316 2.058362 0.090571 -0.232601 0.733223 -0.271042 2.583970 0.185293 
3 1.744003 1.953434 0.689992 0.488751 1.447227 1.964146 0.550805 0.394809 1.919488 0.422958 0.307793 1.920487 0.569809 0.158718 0.736253 1.580695 0.682274 0.970670 2.568783 1.011705 0.761750 0.570865 0.024724 2.139166 0.631985 -0.221806 0.964877 0.529407 2.147836 -0.346232 
4 1.397678 1.620431 0.489597 0.973510 1.236104 1.724658 0.136120 0.847818 1.742432 0.605277 0.325719 1.861438 1.169596 0.348713 0.839847 1.292470 1.108000 0.838671 1.962461 0.740609 0.831408 0.501664 0.285067 2.219604 0.540177 0.237059 0.788825 0.886714 1.919929 0.137121 
5 1.234224 1.384252 0.436726 1.331764 1.135874 1.577703 0.235782 0.979179 1.393934 0.619053 0.577835 1.672393 1.355658 0.531538 1.067980 1.233829 1.000862 0.458910 1.551285 0.861500 0.932496 0.558741 0.265018 2.045957 0.711288 0.443583 0.820423 0.917821 1.964322 0.351536 
6 1.049398 1.325680 0.487347 1.488444 1.185025 1.505254 0.382945 1.048180 1.187928 0.794101 0.659809 1.539174 1.307091 0.598911 0.988696 1.311509 0.928345 0.457939 1.338843 0.830346 0.949246 0.483431 0.329430 1.871546 0.801021 0.566714 0.907441 1.062490 1.985191 0.402095 
7 0.920545 1.213963 0.600737 1.693711 1.194611 1.467618 0.545301 1.111498 1.108155 0.921096 0.747892 1.329911 1.193563 0.726917 0.864923 1.290915 1.026587 0.458896 1.291235 0.792247 0.849513 0.512693 0.423149 1.689430 0.842054 0.571735 0.990461 0.996466 1.910399 0.535783 
8 0.861787 1.192106 0.667582 1.705845 1.144363 1.493337 0.605673 1.171834 1.071311 0.981594 0.740711 1.289010 1.120771 0.773225 0.810075 1.316100 1.100177 0.452186 1.211783 0.860687 0.802245 0.575300 0.466556 1.583660 0.943391 0.562115 0.977806 0.987344 1.783228 0.590946 
9 0.882336 1.201862 0.668065 1.666544 1.086287 1.456781 0.664869 1.145032 1.054043 0.966097 0.770169 1.200590 1.058767 0.788985 0.793194 1.327165 1.186168 0.470420 1.171902 0.923674 0.759854 0.623953 0.495235 1.481073 0.972943 0.597213 0.983953 1.073286 1.688646 0.666984 
10 0.885046 1.201003 0.677557 1.650539 1.081007 1.460454 0.678907 1.136042 1.057360 0.958621 0.781478 1.183113 1.053622 0.798554 0.789837 1.320477 1.187831 0.477506 1.170951 0.925661 0.763678 0.636348 0.514914 1.465530 0.988735 0.614247 0.975212 1.088111 1.671477 0.686748 
11 0.886830 1.182417 0.716948 1.557386 1.045234 1.467816 0.734817 1.080198 1.064809 0.911311 0.829111 1.087691 1.018487 0.835304 0.760787 1.272526 1.177164 0.504214 1.154954 0.918725 0.775441 0.684789 0.606049 1.376385 1.058411 0.691406 0.917161 1.148039 1.573617 0.773902 
12 0.907448 1.154873 0.740063 1.445823 1.011877 1.405297 0.788651 1.076320 1.123069 0.869670 0.898785 1.047435 1.000629 0.818872 0.755443 1.259700 1.143980 0.538316 1.130375 0.892365 0.827960 0.744055 0.749927 1.219422 1.109932 0.761340 0.924619 1.151238 1.459151 0.868160 
13 0.936210 1.116173 0.818833 1.289959 0.954661 1.281045 0.823272 1.084673 1.212538 0.919695 0.942371 0.978268 0.997348 0.888459 0.794946 1.241437 1.061106 0.598774 1.099792 0.870988 0.873908 0.836005 0.819658 1.088615 1.119841 0.808380 0.931516 1.166266 1.352339 0.957197 
14 0.957829 1.076579 0.879431 1.184311 0.976527 1.212047 0.815387 1.037517 1.214616 0.964605 0.969823 0.980868 0.989543 0.938333 0.822288 1.171640 1.027494 0.642603 1.058051 0.880215 0.912029 0.921898 0.885740 1.008629 1.107205 0.808480 0.980190 1.182984 1.280052 1.010212 
15 0.975763 1.062720 0.893571 1.135678 0.979164 1.180500 0.835900 1.021654 1.195235 0.989203 0.960499 0.966501 0.989047 0.972639 0.838309 1.137430 1.014783 0.668423 1.048063 0.911261 0.961267 0.922444 0.930903 0.995831 1.083186 0.817923 1.006487 1.166805 1.220710 1.025544 
16 0.988798 1.039356 0.902879 1.104444 0.981035 1.157598 0.882418 1.006508 1.166355 1.005207 0.979238 0.974575 0.973717 0.998332 0.876762 1.114372 0.991809 0.721755 1.028016 0.922445 0.995887 0.943320 0.961443 1.006630 1.038099 0.836862 1.019827 1.150116 1.128258 1.030035 
17 0.983230 1.037228 0.948386 1.059204 0.973188 1.110139 0.939871 0.987109 1.100721 1.003708 0.968099 0.960132 0.963493 0.992696 0.939189 1.080889 0.983482 0.810586 0.997539 0.917908 1.041811 0.999686 0.987223 1.035276 1.001372 0.886967 1.054976 1.099276 1.036321 1.035051 
18 0.960172 1.057337 0.972626 1.046813 0.977301 1.079007 0.960943 0.989913 1.063350 0.987108 0.969339 0.959809 0.978220 1.000942 0.968798 1.057325 0.972590 0.866960 1.000675 0.939523 1.048422 1.025290 1.004068 1.022947 0.972110 0.908749 1.051035 1.076735 0.997402 1.024655 
19 0.959011 1.056500 0.976228 1.043766 0.976072 1.075028 0.966923 0.987232 1.054643 0.990641 0.968757 0.961913 0.984450 0.996204 0.973106 1.051930 0.971193 0.877212 1.003055 0.943657 1.047040 1.026907 1.003741 1.017075 0.967190 0.913441 1.045825 1.070902 0.992766 1.025981 
20 0.958587 1.056016 0.983819 1.039337 0.975051 1.069556 0.979442 0.983653 1.040142 0.998407 0.968904 0.966908 0.997253 0.988579 0.982257 1.043421 0.970164 0.896914 1.008903 0.952566 1.045612 1.031115 1.004377 1.007768 0.959778 0.923049 1.037511 1.061591 0.986252 1.029963 
21 0.970428 1.044603 0.988720 1.026026 0.972518 1.064265 0.992120 0.998281 1.017326 1.001554 0.973167 0.966784 1.005461 0.979309 0.995268 1.025215 0.967079 0.932445 1.007275 0.965290 1.032410 1.030247 1.012507 1.001958 0.957177 0.927167 1.027574 1.050647 0.991316 1.030904 
22 0.981280 1.036529 0.978440 1.017785 0.978337 1.052110 1.000075 0.996739 1.006344 1.008490 0.973471 0.965939 1.017512 0.980246 1.004870 1.016147 0.963909 0.963958 1.000894 0.977035 1.007847 1.030738 1.023420 1.001690 0.969070 0.939390 1.020978 1.032191 0.992896 1.025072 
23 0.981346 1.035187 0.976129 1.014842 0.982649 1.048076 1.000608 0.995368 1.008622 1.012759 0.979379 0.965335 1.016310 0.979327 1.013630 1.007674 0.968297 0.977340 0.996243 0.982788 1.003602 1.024204 1.022077 0.999584 0.976401 0.946034 1.017391 1.023578 0.993650 1.020886 
24 0.984382 1.031329 0.975805 1.010401 0.986894 1.043975 0.999596 0.996589 1.004961 1.010727 0.982475 0.970140 1.014800 0.985955 1.015181 1.006845 0.974395 0.984826 0.996733 0.982218 1.003200 1.018817 1.015625 0.995784 0.981914 0.953580 1.015743 1.017439 0.993987 1.019611 
25 0.992985 1.015320 0.984164 1.006191 0.989172 1.033616 0.997271 0.998352 1.003005 1.004757 0.985681 0.984982 1.007508 0.997581 1.014001 1.001398 0.985244 0.996399 0.998686 0.988073 0.999258 1.008409 1.005584 0.988989 0.989772 0.982028 1.015712 1.007982 0.996784 1.007897 
26 0.995406 1.009046 0.986776 1.003875 0.994497 1.027316 0.999983 1.000667 1.004458 1.001561 0.986615 0.989396 1.006368 0.999594 1.009495 0.998345 0.989243 0.999281 0.997431 0.991975 0.999151 1.006521 0.999935 0.988960 0.991959 0.990807 1.013878 1.005201 0.997576 1.004857 
27 0.997608 1.005061 0.991662 1.001941 0.994985 1.017871 1.001352 0.999402 1.003720 1.000160 0.992671 0.993848 1.005606 1.001344 1.003525 0.998921 0.995017 1.001343 0.995486 0.995134 1.001036 1.004732 0.999163 0.992126 0.993921 0.994629 1.008477 1.001897 1.000325 1.000886 
28 0.998899 1.001440 0.998540 0.999881 0.998588 1.005318 1.001059 0.999597 1.001424 0.999555 0.998258 0.998681 1.002409 1.000673 1.001239 1.000042 0.998928 1.000183 0.998225 0.998731 0.999518 1.000442 0.999886 0.998116 0.998092 0.998388 1.003033 1.000492 1.000184 1.000614 
29 0.999068 1.000654 0.999735 0.999428 0.999185 1.002827 1.000878 0.999558 1.000885 0.999388 0.999215 0.999508 1.001678 1.000445 1.000715 1.000153 0.999561 0.999887 0.998657 0.999309 0.999155 0.999548 0.999933 0.999140 0.998796 0.999019 1.001884 1.000142 1.000054 1.000459 
30 0.999934 0.999945 1.000075 0.999901 1.000133 1.000066 1.000323 0.999917 1.000108 0.999905 0.999666 1.000058 0.999982 1.000132 1.000375 1.000099 1.000202 0.999817 0.999803 0.999821 0.999905 0.999931 1.000217 0.999839 0.999806 0.999899 0.999815 1.000039 1.000186 0.999922 
31 1.000023 0.999870 1.000106 1.000031 1.000108 1.000022 1.000055 0.999936 1.000050 0.999917 0.999860 0.999943 1.000058 1.000008 1.000167 1.000122 1.000082 0.999995 0.999933 0.999959 1.000009 0.999953 1.000066 0.999918 0.999968 0.999909 0.999915 1.000048 1.000007 0.999920 
32 1.000000 0.999996 1.000002 1.000018 0.999990 0.999989 1.000009 0.999990 1.000007 0.999987 0.999983 1.000013 0.999997 1.000005 1.000003 0.999994 0.999994 1.000015 0.999997 0.999999 1.000006 0.999991 0.999998 0.999999 1.000013 0.999984 1.000000 1.000007 1.000002 1.000012 
33 1.000000 1.000000 1.000000 1.000000 1.000000 1.000000 1.000000 1.000000 1.000000 1.000000 1.000000 1.000000 1.000000 1.000000 1.000000 1.000000 1.000000 1.000000 1.000000 1.000000 1.000000 1.000000 1.000000 1.000000 1.000000 1.000000 1.000000 1.000000 1.000000 1.000000 
34 1.000000 1.000000 1.000000 1.000000 1.000000 1.000000 1.000000 1.000000 1.000000 1.000000 1.000000 1.000000 1.000000 1.000000 1.000000 1.000000 1.000000 1.000000 1.000000 1.000000 1.000000 1.000000 1.000000 1.000000 1.000000 1.000000 1.000000 1.000000 1.000000 1.000000 


0 5.097161 4.550914 2.255016 0.503368 2.491216 2.381910 0.054240 -0.455219 2.373401 -0.123844 0.078010 2.168643 -0.866619 -0.160724 0.075210 1.965619 -0.929860 1.043177 1.652320 1.152000 0.166087 -0.117552 -0.568399 1.702808 -0.023782 -0.249647 0.336669 -0.980867 2.213940 -0.128227 
1 5.100084 4.575454 2.288433 0.554000 2.548361 2.459140 0.138671 -0.386520 2.445136 -0.069222 0.142236 2.225113 -0.786525 -0.087354 0.158534 2.044260 -0.835751 1.108389 1.753896 1.238392 0.249714 -0.022579 -0.489623 1.788107 0.048425 -0.186864 0.415868 -0.899379 2.302297 -0.050216 
2 2.656653 2.554008 1.143602 0.073888 2.026938 2.315255 0.139840 -0.222577 2.423960 0.026132 0.202376 2.140084 -0.534118 0.000987 0.460441 2.270127 -0.144693 1.403311 2.555637 1.671121 0.679246 0.434531 -0.224776 2.142305 0.155074 -0.179492 0.681203 -0.383142 2.686730 0.116699 
3 1.919632 1.929762 0.711446 0.270461 1.531417 1.862165 0.452790 0.336281 2.115135 0.372518 0.341849 2.089276 0.501172 0.137157 0.666440 1.548019 0.665463 1.048853 2.720973 1.043740 0.796129 0.488566 -0.063618 2.177293 0.695578 -0.173519 0.932704 0.456670 2.224714 -0.462800 
4 1.488353 1.542523 0.513867 0.872905 1.268520 1.607816 0.036869 0.843828 1.832938 0.566658 0.359126 1.997141 1.174495 0.383432 0.798702 1.264731 1.183450 0.876664 2.025171 0.747055 0.834296 0.449463 0.224641 2.262306 0.578123 0.325532 0.729776 0.852732 1.965894 0.067598 
5 1.275339 1.294827 0.467989 1.285808 1.161792 1.466076 0.192011 0.995296 1.398419 0.579370 0.622664 1.771961 1.359428 0.572328 1.051245 1.221080 1.068376 0.454566 1.559248 0.890553 0.939324 0.503630 0.209446 2.074731 0.771025 0.547998 0.772735 0.896280 2.016723 0.288341 
6 1.072705 1.244170 0.523414 1.476119 1.229008 1.400779 0.368416 1.062762 1.178936 0.769262 0.704987 1.613784 1.287871 0.629596 0.956004 1.306596 0.998931 0.469774 1.343965 0.851215 0.944863 0.414252 0.284177 1.894240 0.843305 0.672763 0.867094 1.041168 2.032935 0.351456 
7 0.947426 1.148871 0.642535 1.694669 1.237075 1.385063 0.540075 1.124860 1.100164 0.897639 0.784419 1.399721 1.165852 0.751518 0.832520 1.284590 1.094198 0.470786 1.303538 0.821322 0.837627 0.452821 0.375961 1.719506 0.886665 0.657434 0.939971 0.949215 1.941428 0.485612 
8 0.892728 1.143695 0.703431 1.701133 1.182223 1.413543 0.596524 1.181048 1.058418 0.957424 0.770684 1.358603 1.091040 0.788887 0.779989 1.318605 1.163540 0.472891 1.223633 0.895982 0.788465 0.518014 0.418294 1.616387 0.984808 0.637989 0.932618 0.946379 1.815825 0.537099 
9 0.912782 1.158989 0.700963 1.663418 1.123282 1.383162 0.652321 1.150136 1.040147 0.942672 0.799939 1.266565 1.033711 0.803421 0.766361 1.327965 1.240467 0.496072 1.191309 0.955699 0.743313 0.571821 0.448079 1.520144 1.007542 0.661901 0.945067 1.031280 1.729830 0.615287 
10 0.911945 1.157244 0.701855 1.656080 1.118601 1.382288 0.655349 1.145146 1.039018 0.939141 0.801986 1.257922 1.029695 0.804337 0.763215 1.323800 1.239437 0.497101 1.188403 0.955109 0.741826 0.574614 0.453024 1.511678 1.010779 0.665283 0.940727 1.035512 1.720869 0.621025 
11 0.913762 1.146463 0.744621 1.547627 1.073454 1.405645 0.728007 1.082869 1.051411 0.894454 0.856451 1.142177 0.998705 0.843725 0.734572 1.265861 1.220276 0.531178 1.172426 0.950278 0.756687 0.642936 0.569343 1.405234 1.093690 0.747694 0.878591 1.114244 1.602460 0.735395 
12 0.931625 1.125175 0.759475 1.433711 1.030885 1.351100 0.787001 1.081741 1.112995 0.856995 0.924661 1.086536 0.985613 0.822149 0.733752 1.249238 1.179114 0.565382 1.143353 0.922587 0.811208 0.711886 0.728509 1.234370 1.141250 0.811002 0.889866 1.123692 1.476638 0.844723 
13 0.952861 1.091774 0.833155 1.280121 0.966512 1.237400 0.823652 1.091732 1.201502 0.913775 0.965732 1.002303 0.988350 0.893561 0.783032 1.233416 1.084489 0.624425 1.105035 0.892606 0.858047 0.816200 0.807613 1.095131 1.145536 0.846460 0.904573 1.145682 1.364553 0.940906 
14 0.967528 1.055649 0.892284 1.176454 0.987662 1.177423 0.817322 1.041443 1.202670 0.963594 0.986700 0.996139 0.986509 0.942340 0.816411 1.164302 1.045352 0.663185 1.058466 0.894924 0.899957 0.907943 0.879805 1.009997 1.128428 0.839093 0.963662 1.164096 1.288648 0.999637 
15 0.983903 1.043405 0.904425 1.127162 0.989035 1.150876 0.841040 1.026076 1.184774 0.990500 0.974778 0.978116 0.985288 0.981532 0.837670 1.128057 1.027793 0.688578 1.045782 0.926532 0.954707 0.910287 0.929117 0.995369 1.094270 0.843896 0.993596 1.152107 1.220107 1.017221 
16 0.993831 1.025038 0.911666 1.100406 0.988074 1.137363 0.885622 1.010189 1.159023 1.004123 0.988850 0.985464 0.970671 1.002928 0.876730 1.108375 1.004333 0.735066 1.025437 0.930976 0.988439 0.936789 0.955908 1.005145 1.048071 0.857040 1.009560 1.140239 1.131116 1.022657 
17 0.986470 1.029014 0.950173 1.060194 0.976142 1.103745 0.938660 0.989463 1.100712 1.000623 0.970605 0.967554 0.962928 0.996576 0.933744 1.081723 0.993132 0.811665 0.999504 0.921550 1.036338 0.990963 0.980845 1.032168 1.009419 0.897379 1.048026 1.096171 1.044726 1.029922 
18 0.963489 1.050955 0.971783 1.050119 0.979196 1.080295 0.956495 0.992238 1.068538 0.983180 0.971019 0.964789 0.974778 1.002147 0.961643 1.059870 0.979762 0.861578 1.001611 0.938731 1.043703 1.016085 0.996410 1.022969 0.980288 0.912701 1.047830 1.078047 1.008379 1.020509 
19 0.963306 1.051631 0.972692 1.049949 0.979381 1.079895 0.957806 0.992168 1.067396 0.983702 0.971157 0.965246 0.976098 1.001918 0.962873 1.059311 0.979677 0.863659 1.002333 0.939806 1.043968 1.017031 0.996866 1.022464 0.979557 0.913661 1.047509 1.077381 1.007650 1.020915 
20 0.960001 1.054314 0.981463 1.043858 0.977071 1.071054 0.974119 0.985392 1.045935 0.994456 0.969168 0.970713 0.994636 0.990515 0.975917 1.047371 0.975253 0.890502 1.010396 0.952138 1.042133 1.024251 0.997247 1.008653 0.966134 0.924968 1.035557 1.062759 0.995374 1.025855 
21 0.971389 1.044487 0.986624 1.030303 0.973741 1.066360 0.987732 0.999173 1.020465 1.000364 0.973146 0.970297 1.004206 0.979008 0.990786 1.028092 0.970509 0.927547 1.009513 0.964498 1.029597 1.025333 1.006508 1.003687 0.960910 0.927256 1.025640 1.050993 0.999213 1.027945 
22 0.980575 1.037664 0.976596 1.022070 0.979436 1.054876 0.996036 0.997708 1.008826 1.007351 0.973215 0.968243 1.016710 0.979138 1.001283 1.019142 0.965595 0.957899 1.003364 0.976200 1.006669 1.026704 1.018954 1.005335 0.970295 0.937179 1.020556 1.033454 0.998853 1.022539 
23 0.980845 1.036636 0.974216 1.019190 0.983317 1.050921 0.996950 0.996130 1.010618 1.011884 0.978506 0.967136 1.015729 0.977938 1.010456 1.010916 0.969740 0.971012 0.998193 0.981344 1.003215 1.021473 1.018177 1.003726 0.976733 0.943189 1.016948 1.025204 0.998796 1.018774 
24 0.983730 1.032658 0.974008 1.014291 0.987431 1.046641 0.996669 0.997095 1.006696 1.009776 0.981518 0.971528 1.014564 0.984794 1.012690 1.009755 0.975510 0.979382 0.998271 0.980950 1.002703 1.016342 1.012727 0.999374 0.982108 0.950754 1.015343 1.018926 0.998548 1.017697 
25 0.992254 1.016041 0.982945 1.008652 0.989524 1.035709 0.996235 0.998399 1.004184 1.004109 0.984558 0.985516 1.007954 0.996688 1.013270 1.003038 0.985784 0.993635 0.999293 0.987315 0.998277 1.006624 1.004322 0.990535 0.989988 0.979800 1.015309 1.008927 0.999786 1.006969 
26 0.995068 1.009734 0.985628 1.005870 0.994544 1.029148 0.999235 1.000887 1.005240 1.001246 0.985453 0.989520 1.006779 0.998810 1.009282 0.999486 0.989602 0.997540 0.997686 0.991294 0.998273 1.005505 0.999042 0.989740 0.992129 0.988844 1.013394 1.005957 0.999915 1.004335 
27 0.996324 1.007808 0.988240 1.004645 0.994822 1.024388 1.000096 1.000346 1.004758 1.000748 0.988846 0.991693 1.006516 0.999900 1.006347 0.999604 0.992329 0.999050 0.996864 0.993164 0.999439 1.005019 0.998926 0.991225 0.993182 0.991249 1.011064 1.004262 1.000916 1.002607 
28 0.997432 1.005554 0.990833 1.003154 0.994894 1.019070 1.000723 0.999566 1.004003 1.000080 0.992265 0.993812 1.005990 1.000812 1.003037 0.999533 0.994968 1.000433 0.995784 0.994908 1.000433 1.004228 0.998623 0.992605 0.994094 0.993567 1.008363 1.002275 1.001718 1.000583 
29 0.998926 1.001067 0.999276 0.999465 0.998961 1.003397 1.000637 0.999856 1.000960 0.999673 0.999570 0.999362 1.001812 1.000180 1.000213 0.999946 0.999307 0.999750 0.998781 0.999386 0.999070 0.999633 0.999535 0.999301 0.998713 0.999072 1.002270 1.000058 1.000136 1.000564 
30 0.999919 1.000179 0.999871 0.999771 1.000002 1.000122 1.000066 1.000105 0.999960 1.000141 1.000081 1.000012 0.999932 1.000051 0.999994 0.999941 1.000065 0.999784 0.999982 0.999934 0.999883 1.000095 1.000055 1.000002 0.999818 1.000171 1.000016 0.999906 1.000103 0.999963 
31 1.000005 1.000015 0.999985 0.999914 1.000051 1.000074 0.999936 1.000053 0.999962 1.000066 1.000089 0.999918 1.000019 0.999972 0.999982 1.000035 1.000028 0.999931 1.000023 1.000004 0.999976 1.000048 0.999999 1.000000 0.999935 1.000086 1.000015 0.999963 0.999978 0.999933 
32 1.000000 1.000005 0.999994 1.000001 0.999995 1.000000 0.999994 1.000003 0.999998 1.000004 1.000007 1.000001 0.999999 0.999999 0.999992 0.999994 0.999994 1.000003 1.000004 1.000003 1.000001 1.000002 0.999995 1.000003 1.000003 1.000004 1.000006 0.999999 0.999997 1.000004 
33 1.000000 1.000000 1.000000 1.000000 1.000000 1.000000 1.000000 1.000000 1.000000 1.000000 1.000000 1.000000 1.000000 1.000000 1.000000 1.000000 1.000000 1.000000 1.000000 1.000000 1.000000 1.000000 1.000000 1.000000 1.000000 1.000000 1.000000 1.000000 1.000000 1.000000 
34 1.000000 1.000000 1.000000 1.000000 1.000000 1.000000 1.000000 1.000000 1.000000 1.000000 1.000000 1.000000 1.000000 1.000000 1.000000 1.000000 1.000000 1.000000 1.000000 1.000000 1.000000 1.000000 1.000000 1.000000 1.000000 1.000000 1.000000 1.000000 1.000000 1.000000 
35 1.000000 1.000000 1.000000 1.000000 1.000000 1.000000 1.000000 1.000000 1.000000 1.000000 1.000000 1.000000 1.000000 1.000000 1.000000 1.000000 1.000000 1.000000 1.000000 1.000000 1.000000 1.000000 1.000000 1.000000 1.000000 1.000000 1.000000 1.000000 1.000000 1.000000 


0 5.593253 4.628555 2.207334 0.090837 2.496724 2.260561 -0.211252 -0.622002 2.629909 -0.258450 0.113619 2.404630 -0.963299 -0.110390 0.044237 1.932745 -1.093633 1.148685 1.705628 1.130904 0.153572 -0.195826 -0.643675 1.744496 0.088926 -0.124897 0.314273 -1.098354 2.277233 -0.182821 
1 5.599620 4.660340 2.249963 0.151498 2.564719 2.349062 -0.113704 -0.543766 2.711562 -0.196303 0.186338 2.467067 -0.874395 -0.028792 0.136807 2.019366 -0.988502 1.221670 1.819342 1.227963 0.247322 -0.090287 -0.555896 1.838761 0.168843 -0.055033 0.402237 -1.008364 2.375626 -0.095677 
2 2.937244 2.518949 1.137705 -0.258760 2.107581 2.238535 -0.024306 -0.330266 2.714043 -0.068011 0.263522 2.321359 -0.645484 0.025769 0.424318 2.198833 -0.243210 1.535397 2.696628 1.706489 0.712713 0.367958 -0.297050 2.165280 0.229308 -0.083926 0.650390 -0.497258 2.764384 0.061766 
3 2.101194 1.887494 0.737920 0.013009 1.612099 1.764663 0.366727 0.276100 2.323117 0.328202 0.378680 2.248051 0.432204 0.142978 0.614458 1.494234 0.643542 1.160941 2.848512 1.073790 0.832785 0.420921 -0.136292 2.154953 0.772447 -0.090956 0.912718 0.383464 2.270791 -0.568411 
4 1.577730 1.444448 0.545072 0.757015 1.290270 1.480209 -0.040831 0.840762 1.916249 0.529321 0.398623 2.109527 1.185160 0.446628 0.775487 1.218573 1.267955 0.940119 2.072731 0.753539 0.834540 0.416620 0.177528 2.251002 0.616803 0.441495 0.686252 0.813516 1.982999 0.017146 
5 1.301777 1.192475 0.515320 1.219003 1.181960 1.355428 0.172629 1.018085 1.384817 0.550691 0.666520 1.861383 1.360122 0.629550 1.043629 1.199440 1.127120 0.479498 1.539773 0.926154 0.952144 0.461218 0.171780 2.062025 0.843996 0.680282 0.730138 0.878849 2.038215 0.234781 
6 1.097539 1.149293 0.568762 1.461264 1.272201 1.280464 0.384131 1.071303 1.162492 0.749541 0.762932 1.658995 1.259365 0.674300 0.928494 1.283883 1.075064 0.513648 1.342819 0.869234 0.935243 0.356556 0.257994 1.877587 0.874067 0.800093 0.844596 1.013006 2.054409 0.323396 
7 0.971147 1.074154 0.705746 1.675854 1.269629 1.302656 0.555150 1.143240 1.084327 0.884513 0.821321 1.458292 1.130767 0.795413 0.803616 1.263418 1.159141 0.505684 1.300798 0.860773 0.826089 0.415481 0.348351 1.720229 0.948769 0.753857 0.888153 0.883927 1.931885 0.449052 
8 0.928957 1.093197 0.745083 1.667774 1.209725 1.316556 0.603004 1.186524 1.037443 0.937711 0.806022 1.417535 1.051525 0.811031 0.757251 1.316481 1.231227 0.524408 1.218206 0.945942 0.774330 0.478316 0.387810 1.616890 1.029031 0.730212 0.896921 0.912869 1.814819 0.499056 
9 0.949671 1.105807 0.743035 1.636219 1.154839 1.293755 0.654529 1.145425 1.022934 0.917887 0.839760 1.317515 1.005992 0.828970 0.749288 1.309297 1.289760 0.543029 1.205738 0.990887 0.730282 0.533554 0.415868 1.538060 1.041776 0.743406 0.907129 0.984811 1.744961 0.577493 
10 0.943256 1.102435 0.762196 1.568836 1.122389 1.310749 0.693196 1.108926 1.025095 0.896715 0.863875 1.247516 0.988197 0.842045 0.728298 1.273550 1.269339 0.560179 1.189866 0.985894 0.735194 0.572955 0.484745 1.471112 1.087466 0.781313 0.867858 1.033067 1.668229 0.644271 
11 0.942637 1.104556 0.781873 1.517835 1.101062 1.329253 0.730176 1.084697 1.032946 0.882980 0.888069 1.195653 0.979430 0.856544 0.716768 1.249626 1.256608 0.577987 1.182261 0.985839 0.745483 0.610615 0.547168 1.420717 1.129166 0.816506 0.841486 1.075498 1.610825 0.703612 
12 0.958391 1.090570 0.787107 1.409358 1.049681 1.282209 0.792700 1.085253 1.095692 0.848655 0.954903 1.123800 0.971854 0.829829 0.720654 1.230039 1.210691 0.607671 1.153378 0.957239 0.798092 0.688399 0.715615 1.244240 1.167774 0.867271 0.856333 1.090426 1.479731 0.825561 
13 0.970290 1.064685 0.854691 1.262158 0.979418 1.182284 0.830597 1.096701 1.181423 0.910437 0.991764 1.026640 0.979842 0.899381 0.776541 1.219114 1.106213 0.661961 1.108334 0.919249 0.846042 0.801434 0.802703 1.102192 1.167665 0.889627 0.877053 1.119687 1.366223 0.925655 
14 0.977954 1.032809 0.910777 1.163057 0.999668 1.132597 0.825922 1.044185 1.183919 0.963609 1.006964 1.012057 0.983155 0.946178 0.814966 1.152961 1.062013 0.694012 1.057717 0.913663 0.890622 0.897417 0.878761 1.013490 1.146091 0.874595 0.944653 1.140224 1.287842 0.989659 
15 0.992142 1.023224 0.920736 1.114649 0.999635 1.113225 0.850097 1.029547 1.169086 0.991497 0.991704 0.990800 0.981397 0.988932 0.840218 1.115788 1.040815 0.716266 1.042529 0.943705 0.948663 0.902126 0.929990 0.995918 1.104735 0.873831 0.978525 1.133722 1.214388 1.009100 
16 0.999963 1.008935 0.924892 1.091893 0.995660 1.108874 0.891990 1.013095 1.147007 1.003008 1.000582 0.997054 0.967582 1.007673 0.878538 1.099789 1.017505 0.755818 1.023008 0.942637 0.981736 0.931433 0.953034 1.004043 1.058438 0.882416 0.997214 1.126077 1.129899 1.015277 
17 0.991636 1.017228 0.955565 1.057382 0.980782 1.089391 0.939447 0.992425 1.097294 0.997386 0.976654 0.977368 0.961544 1.001470 0.929223 1.079157 1.004739 0.820005 1.001498 0.929229 1.029597 0.981526 0.975175 1.028247 1.019694 0.914238 1.037959 1.089090 1.051165 1.023566 
18 0.969323 1.040505 0.974599 1.049667 0.983197 1.073565 0.954767 0.994912 1.070131 0.979529 0.976079 0.973038 0.971298 1.005270 0.955468 1.059237 0.989848 0.864167 1.002597 0.942133 1.037748 1.006109 0.988968 1.021827 0.991051 0.924693 1.041610 1.074699 1.017534 1.015143 
19 0.964101 1.047716 0.982271 1.044845 0.980848 1.065662 0.970504 0.987609 1.049282 0.990200 0.972722 0.977439 0.990776 0.994376 0.969776 1.048415 0.983300 0.890368 1.011081 0.954911 1.037413 1.015476 0.989647 1.008709 0.975377 0.934094 1.031241 1.059944 1.003675 1.019994 
20 0.966976 1.046366 0.983875 1.041879 0.980207 1.065192 0.974523 0.991051 1.042705 0.992618 0.973770 0.977551 0.993998 0.991373 0.974373 1.043864 0.981979 0.900084 1.011575 0.958224 1.035006 1.016795 0.992568 1.008042 0.973547 0.934361 1.029247 1.057198 1.004610 1.021178 
21 0.974461 1.040419 0.987066 1.031650 0.976921 1.062185 0.984537 1.000260 1.021794 0.998597 0.975699 0.976501 1.001778 0.981117 0.986397 1.028823 0.976498 0.927792 1.011081 0.966432 1.026004 1.018809 1.000008 1.004843 0.967068 0.933678 1.021963 1.047709 1.006147 1.023024 
22 0.981638 1.035302 0.977457 1.024080 0.982132 1.052471 0.992690 0.998762 1.010448 1.005447 0.975075 0.973295 1.014309 0.980073 0.997396 1.020597 0.970055 0.955190 1.005498 0.977271 1.005536 1.021049 1.013150 1.008335 0.973578 0.940538 1.018606 1.032174 1.004108 1.018454 
23 0.981954 1.034877 0.974908 1.021597 0.985238 1.049156 0.993777 0.997049 1.011780 1.009903 0.979460 0.971620 1.013660 0.978606 1.006370 1.013210 0.973580 0.967072 1.000231 0.981430 1.002986 1.017291 1.013175 1.007330 0.978806 0.945209 1.015202 1.024916 1.003494 1.015309 
24 0.984215 1.031545 0.974545 1.016943 0.988749 1.045495 0.994171 0.997680 1.008147 1.008078 0.982031 0.974891 1.013092 0.984669 1.008967 1.012017 0.978249 0.975059 0.999915 0.981117 1.002374 1.013034 1.009223 1.003055 0.983457 0.951473 1.013823 1.019369 1.002807 1.014788 
25 0.991898 1.015994 0.982918 1.010589 0.990346 1.035405 0.995319 0.998543 1.005263 1.003290 0.984678 0.986705 1.007748 0.995853 1.011325 1.004713 0.987114 0.990720 0.999995 0.987231 0.997558 1.004633 1.003051 0.992745 0.990951 0.978439 1.013843 1.009684 1.002691 1.006022 
26 0.994962 1.009899 0.985402 1.007562 0.994811 1.029103 0.998403 1.001051 1.005871 1.000922 0.985411 0.990118 1.006608 0.998062 1.008186 1.000828 0.990574 0.995526 0.998169 0.991097 0.997521 1.004211 0.998373 0.991084 0.993022 0.987429 1.012018 1.006635 1.002255 1.003810 
27 0.997309 1.005848 0.990266 1.004338 0.995011 1.019659 0.999919 0.999806 1.004274 1.000055 0.992149 0.993835 1.006029 1.000222 1.002385 1.000288 0.995065 0.999141 0.996331 0.994772 0.999741 1.003542 0.998224 0.993283 0.994678 0.992627 1.007968 1.002833 1.003023 1.000464 
28 0.998771 1.001509 0.998551 0.999654 0.998699 1.004354 1.000296 1.000196 1.001147 0.999997 0.999653 0.999064 1.001957 0.999935 0.999860 0.999756 0.998998 0.999486 0.998827 0.999280 0.998969 0.999765 0.999071 0.999266 0.998575 0.998993 1.002759 1.000084 1.000300 1.000645 
29 0.998879 1.001443 0.998692 0.999653 0.998825 1.004036 1.000298 1.000232 1.001073 1.000044 0.999770 0.999174 1.001829 0.999968 0.999867 0.999783 0.999111 0.999526 0.998959 0.999381 0.999050 0.999807 0.999156 0.999384 0.998704 0.999150 1.002599 1.000076 1.000297 1.000633 
30 0.999889 1.000416 0.999545 0.999686 0.999875 1.000387 0.999768 1.000306 0.999851 1.000397 1.000360 0.999907 0.999908 1.000030 0.999745 0.999781 0.999896 0.999731 1.000131 0.999954 0.999867 1.000276 0.999870 1.000047 0.999787 1.000428 1.000323 0.999802 1.000029 0.999981 
31 1.000030 1.000064 0.999873 0.999906 1.000027 1.000202 0.999719 1.000148 0.999895 1.000179 1.000254 0.999809 1.000042 0.999920 0.999861 1.000000 0.999934 0.999945 1.000124 1.000044 1.000001 1.000119 0.999883 1.000020 0.999952 1.000207 1.000168 0.999928 0.999876 0.999920 
32 1.000000 0.999998 1.000005 0.999990 1.000010 1.000007 1.000003 1.000002 0.999999 1.000001 1.000001 0.999992 1.000002 0.999999 1.000007 1.000009 1.000010 0.999989 0.999997 0.999997 0.999995 1.000002 1.000006 0.999996 0.999989 1.000004 0.999993 0.999998 1.000002 0.999990 
33 1.000000 1.000000 1.000000 1.000000 1.000000 1.000000 1.000000 1.000000 1.000000 1.000000 1.000000 1.000000 1.000000 1.000000 1.000000 1.000000 1.000000 1.000000 1.000000 1.000000 1.000000 1.000000 1.000000 1.000000 1.000000 1.000000 1.000000 1.000000 1.000000 1.000000 
34 1.000000 1.000000 1.000000 1.000000 1.000000 1.000000 1.000000 1.000000 1.000000 1.000000 1.000000 1.000000 1.000000 1.000000 1.000000 1.000000 1.000000 1.000000 1.000000 1.000000 1.000000 1.000000 1.000000 1.000000 1.000000 1.000000 1.000000 1.000000 1.000000 1.000000 


0 6.114235 4.657279 2.136069 -0.384883 2.496679 2.170605 -0.453161 -0.796488 2.909441 -0.405884 0.135162 2.615481 -1.054666 -0.018881 0.045483 1.886907 -1.263747 1.287710 1.714888 1.097011 0.141940 -0.254842 -0.687171 1.717729 0.215993 0.038904 0.311486 -1.209315 2.305837 -0.229742 
1 6.124683 4.697670 2.188963 -0.313094 2.576171 2.270844 -0.341671 -0.708096 3.001912 -0.335393 0.217239 2.684369 -0.956103 0.071558 0.148139 1.981972 -1.146491 1.369111 1.842054 1.205567 0.246593 -0.137971 -0.589757 1.821742 0.304116 0.116487 0.409197 -1.110210 2.415269 -0.132453 
2 3.233532 2.452371 1.122497 -0.637767 2.178351 2.177063 -0.167812 -0.448318 3.031486 -0.164554 0.317855 2.470410 -0.750654 0.084283 0.420393 2.100816 -0.336896 1.702011 2.811965 1.730478 0.747218 0.315099 -0.344057 2.117341 0.306547 0.047798 0.646010 -0.610240 2.813131 0.022484 
3 2.283572 1.830032 0.767753 -0.287352 1.685333 1.683338 0.295313 0.213867 2.546297 0.291278 0.409976 2.393999 0.366134 0.178257 0.586837 1.420673 0.612830 1.309714 2.946559 1.098090 0.872571 0.370603 -0.189537 2.064701 0.860617 0.021172 0.907433 0.312501 2.281594 -0.660208 
4 1.667686 1.333243 0.580233 0.626754 1.299290 1.345950 -0.091576 0.834095 1.994121 0.490715 0.443336 2.191547 1.201731 0.536701 0.775489 1.150875 1.356957 1.029090 2.110619 0.757343 0.831858 0.408425 0.143763 2.178761 0.650385 0.576264 0.667031 0.767562 1.970835 -0.011836 
5 1.313436 1.089991 0.579265 1.115679 1.196992 1.260279 0.163358 1.046556 1.369251 0.539808 0.692008 1.950508 1.356166 0.696820 1.035830 1.171588 1.173320 0.553707 1.499487 0.960427 0.971130 0.432896 0.157905 2.014239 0.921559 0.833823 0.687268 0.870108 2.020800 0.190574 
6 1.157331 1.042599 0.607647 1.423245 1.293072 1.150733 0.411478 1.063587 1.160250 0.697535 0.833452 1.687142 1.244612 0.730564 0.940993 1.222258 1.157042 0.562730 1.361432 0.898159 0.925644 0.335669 0.234417 1.838780 0.889486 0.926852 0.836446 0.952961 2.049805 0.312510 
7 0.990308 1.013905 0.765664 1.597436 1.305254 1.221706 0.562896 1.158771 1.061834 0.885284 0.837963 1.540463 1.105211 0.829609 0.783435 1.250560 1.188719 0.589209 1.266565 0.898964 0.841705 0.372157 0.336984 1.711281 1.012253 0.883870 0.832415 0.858616 1.904823 0.403888 
8 0.988776 1.020533 0.784904 1.636466 1.238760 1.200921 0.625286 1.172274 1.028349 0.897856 0.866577 1.449521 1.027652 0.851013 0.764208 1.269994 1.290420 0.581849 1.240931 0.978898 0.764199 0.455173 0.364643 1.609215 1.044227 0.827544 0.878639 0.840871 1.811350 0.477597 
9 0.974529 1.053014 0.796465 1.578296 1.188711 1.206386 0.658329 1.151497 0.997887 0.913269 0.866022 1.386014 0.980680 0.855448 0.737667 1.292330 1.317183 0.618776 1.193787 1.028681 0.734522 0.499007 0.400699 1.542627 1.085685 0.840121 0.867394 0.939470 1.735386 0.534584 
10 0.975795 1.055156 0.799016 1.573866 1.186146 1.209238 0.664431 1.148904 0.999205 0.912518 0.870031 1.378928 0.980275 0.857850 0.737538 1.290634 1.318069 0.621412 1.194434 1.030803 0.735233 0.505592 0.408629 1.537364 1.090660 0.843765 0.866127 0.946611 1.729404 0.543758 
11 0.981928 1.054068 0.821676 1.481293 1.126136 1.233306 0.743979 1.078930 1.012557 0.868737 0.929767 1.235400 0.963280 0.876920 0.716757 1.216357 1.293474 0.637091 1.196490 1.022534 0.735272 0.591400 0.531764 1.424469 1.148377 0.889268 0.816443 1.023434 1.605705 0.681988 
12 0.983284 1.054085 0.824096 1.370605 1.068962 1.204598 0.804170 1.088449 1.069902 0.847889 0.983964 1.162445 0.960109 0.840548 0.715884 1.205647 1.234352 0.665967 1.156562 0.995350 0.791361 0.673053 0.712286 1.250413 1.190918 0.928643 0.822572 1.054758 1.467372 0.808132 
13 0.989059 1.035831 0.882791 1.237371 0.993379 1.116354 0.844017 1.098466 1.153119 0.909032 1.019788 1.050495 0.972377 0.905271 0.776743 1.198512 1.125949 0.709864 1.111095 0.949933 0.838290 0.792352 0.804628 1.110855 1.183377 0.935185 0.850261 1.088013 1.357903 0.911838 
14 0.988894 1.009360 0.934689 1.144100 1.012479 1.078544 0.840597 1.045322 1.158613 0.964996 1.029618 1.028930 0.979634 0.949267 0.818125 1.137998 1.076239 0.734106 1.055905 0.936129 0.884943 0.890920 0.883034 1.020360 1.159055 0.912696 0.923608 1.112174 1.277544 0.980201 
15 1.000575 1.002971 0.942199 1.098075 1.010710 1.067404 0.862972 1.031348 1.148114 0.992579 1.010696 1.003996 0.977788 0.994083 0.845716 1.100977 1.053174 0.750823 1.038994 0.962705 0.944077 0.897981 0.934112 0.998895 1.113999 0.906554 0.961790 1.111293 1.203482 1.001657 
16 1.006858 0.991932 0.942340 1.079029 1.003851 1.072209 0.900919 1.015475 1.130748 1.002284 1.014588 1.008830 0.964621 1.012211 0.881715 1.088594 1.030494 0.783081 1.021064 0.957825 0.976163 0.927128 0.953595 1.003876 1.068728 0.911400 0.982583 1.108428 1.124783 1.008222 
17 0.998350 1.002494 0.965041 1.050271 0.986738 1.066679 0.942750 0.995544 1.089877 0.994589 0.986587 0.988804 0.959457 1.006946 0.926147 1.073062 1.017308 0.835657 1.003315 0.940733 1.022406 0.972863 0.971541 1.023849 1.031235 0.936613 1.025096 1.078397 1.053991 1.016913 
18 0.977068 1.026164 0.980963 1.044727 0.988443 1.058388 0.955649 0.997490 1.067806 0.976542 0.984322 0.983190 0.967447 1.009605 0.950095 1.055223 1.001644 0.873852 1.003150 0.949249 1.030929 0.995979 0.982708 1.019120 1.003547 0.943368 1.032341 1.067078 1.023450 1.009331 
19 0.976229 1.028356 0.982290 1.044480 0.988396 1.057870 0.958352 0.996674 1.065062 0.978203 0.983876 0.983907 0.970823 1.008409 0.952930 1.053983 1.000594 0.878136 1.004747 0.951532 1.031472 0.998155 0.983197 1.017590 1.001017 0.944757 1.031508 1.065140 1.021438 1.010283 
20 0.970692 1.036758 0.986855 1.041303 0.985816 1.052931 0.970060 0.990215 1.048584 0.986678 0.979604 0.986269 0.986753 0.999372 0.965138 1.045637 0.993154 0.898333 1.011016 0.961405 1.031703 1.006436 0.983221 1.007069 0.986238 0.950061 1.024281 1.052835 1.009508 1.013642 
21 0.979407 1.032623 0.990386 1.029477 0.981599 1.051866 0.983288 1.001348 1.021002 0.996576 0.980784 0.984584 0.998460 0.985489 0.982767 1.026991 0.984412 0.933760 1.011638 0.971064 1.022056 1.011634 0.994016 1.004637 0.975080 0.946149 1.016806 1.041053 1.010988 1.017009 
22 0.984553 1.029370 0.981143 1.023034 0.986084 1.044737 0.990886 0.999823 1.010613 1.003053 0.979017 0.980461 1.010716 0.983174 0.994013 1.019844 0.976740 0.957283 1.006842 0.980463 1.004356 1.014560 1.006988 1.009731 0.978670 0.949716 1.015273 1.028056 1.007648 1.013386 
23 0.984758 1.029705 0.978362 1.021228 0.988259 1.042468 0.991892 0.998039 1.011594 1.007110 0.982324 0.978318 1.010405 0.981503 1.002206 1.013731 0.979418 0.967133 1.001926 0.983411 1.002737 1.012225 1.007811 1.009426 0.982561 0.952678 1.012295 1.022236 1.006777 1.010913 
24 0.986096 1.027612 0.977716 1.017564 0.990814 1.040024 0.992609 0.998347 1.008813 1.005821 0.984215 0.980128 1.010428 0.985923 1.004612 1.012891 0.982521 0.973302 1.001385 0.983064 1.002166 1.009230 1.005451 1.006028 0.986000 0.956640 1.011287 1.018203 1.005960 1.011052 
25 0.992100 1.014924 0.984402 1.011531 0.991694 1.032163 0.994637 0.998766 1.006016 1.002369 0.986320 0.988661 1.006751 0.995302 1.008212 1.006147 0.989260 0.988094 1.000734 0.988020 0.997352 1.002624 1.001842 0.995544 0.992587 0.978541 1.011388 1.009981 1.004997 1.005026 
26 0.995207 1.009274 0.986436 1.008508 0.995389 1.026614 0.997597 1.001106 1.006184 1.000586 0.986766 0.991339 1.005692 0.997584 1.006202 1.002169 0.992227 0.993549 0.998843 0.991537 0.997121 1.002721 0.998006 0.992951 0.994617 0.987088 1.009777 1.007008 1.004176 1.003247 
27 0.997311 1.005634 0.990431 1.005171 0.995482 1.018786 0.999019 1.000043 1.004422 0.999994 0.992605 0.994174 1.005447 0.999641 1.001482 1.001124 0.995542 0.997535 0.997128 0.994873 0.999039 1.002515 0.998011 0.994311 0.995796 0.992139 1.006982 1.003409 1.004006 1.000482 
28 0.997415 1.005534 0.990643 1.005060 0.995547 1.018478 0.999107 1.000049 1.004378 1.000005 0.992863 0.994324 1.005442 0.999733 1.001369 1.001116 0.995701 0.997686 0.997136 0.995041 0.999125 1.002523 0.998052 0.994432 0.995888 0.992372 1.006901 1.003312 1.004006 1.000442 
29 0.998770 1.001773 0.997950 0.999990 0.998623 1.004950 0.999922 1.000549 1.001348 1.000313 0.999650 0.998860 1.001866 0.999737 0.999624 0.999697 0.998895 0.999103 0.998975 0.999173 0.998910 0.999875 0.998738 0.999269 0.998677 0.998949 1.002913 1.000242 1.000579 1.000694 
30 0.999841 1.000621 0.999170 0.999695 0.999761 1.000790 0.999500 1.000467 0.999820 1.000594 1.000458 0.999772 0.999925 1.000049 0.999633 0.999679 0.999740 0.999649 1.000224 0.999884 0.999822 1.000409 0.999711 0.999984 0.999762 1.000565 1.000628 0.999772 1.000037 0.999988 
31 1.000052 1.000061 0.999804 0.999939 1.000036 1.000337 0.999571 1.000197 0.999875 1.000228 1.000296 0.999712 1.000075 0.999887 0.999854 1.000013 0.999882 0.999950 1.000181 1.000043 1.000012 1.000133 0.999811 0.999986 0.999971 1.000246 1.000263 0.999937 0.999814 0.999904 
32 0.999999 0.999997 1.000010 0.999975 1.000022 1.000017 1.000005 1.000005 0.999997 1.000005 1.000005 0.999981 1.000005 0.999997 1.000013 1.000020 1.000022 0.999976 0.999995 0.999995 0.999989 1.000006 1.000012 0.999992 0.999975 1.000013 0.999987 0.999993 1.000004 0.999976 
33 1.000000 1.000000 1.000000 1.000000 1.000000 1.000000 1.000000 1.000000 1.000000 1.000000 1.000000 1.000000 1.000000 1.000000 1.000000 1.000000 1.000000 1.000000 1.000000 1.000000 1.000000 1.000000 1.000000 1.000000 1.000000 1.000000 1.000000 1.000000 1.000000 1.000000 


0 6.660886 4.624478 2.043320 -0.920928 2.497160 2.123711 -0.667019 -0.983765 3.214462 -0.571072 0.127246 2.797483 -1.142241 0.113636 0.081435 1.831986 -1.442113 1.459849 1.675209 1.052990 0.137566 -0.293516 -0.694701 1.618634 0.355508 0.234951 0.325132 -1.307481 2.305564 -0.275482 
1 6.676303 4.675244 2.107574 -0.836740 2.588811 2.236084 -0.540579 -0.884454 3.318835 -0.491333 0.219885 2.873446 -1.032946 0.213686 0.195206 1.936052 -1.311364 1.550344 1.817358 1.173816 0.253803 -0.164484 -0.587010 1.733271 0.452336 0.320977 0.433847 -1.198624 2.427047 -0.166785 
2 3.545603 2.349098 1.096305 -1.057717 2.240550 2.133707 -0.284230 -0.579789 3.381384 -0.267822 0.359483 2.584537 -0.846892 0.177620 0.453975 1.978505 -0.420473 1.900917 2.902298 1.739420 0.781286 0.274436 -0.365800 1.993704 0.380003 0.207967 0.671357 -0.718848 2.834645 -0.002158 
3 2.460804 1.759642 0.802947 -0.632912 1.750770 1.627293 0.237428 0.149619 2.788229 0.261855 0.426818 2.530459 0.302006 0.245059 0.585765 1.333315 0.570202 1.495604 3.010307 1.115599 0.916367 0.335372 -0.223047 1.906067 0.960417 0.159245 0.914182 0.244366 2.258697 -0.736816 
4 1.768690 1.220417 0.617437 0.477746 1.298313 1.205472 -0.107316 0.814590 2.074452 0.445547 0.496348 2.242382 1.217121 0.647299 0.799873 1.058703 1.444425 1.141140 2.155935 0.756596 0.825505 0.425457 0.116354 2.041143 0.679178 0.716807 0.682892 0.710215 1.934713 -0.029151 
5 1.335609 1.002249 0.653300 0.947486 1.207906 1.184409 0.122479 1.068219 1.407509 0.543077 0.676631 2.056362 1.347711 0.770945 1.007890 1.133188 1.233239 0.716515 1.482674 0.969890 0.982084 0.421688 0.168575 1.946375 0.968713 0.994113 0.637251 0.862195 1.958961 0.159332 
6 1.233365 0.934094 0.651413 1.292525 1.272803 1.055477 0.406703 1.064883 1.172614 0.616960 0.874183 1.767294 1.266146 0.796349 1.001953 1.137308 1.209640 0.612866 1.368401 0.960019 0.947003 0.360573 0.206184 1.797079 0.944951 1.056741 0.801807 0.883354 2.008700 0.279862 
7 1.051794 0.941933 0.788933 1.502313 1.337808 1.096149 0.579356 1.139972 1.054321 0.849852 0.882748 1.595005 1.099768 0.858829 0.802798 1.206548 1.224630 0.694197 1.256381 0.922481 0.862632 0.334297 0.326937 1.678944 1.015600 1.039762 0.819676 0.846590 1.887964 0.380717 
8 1.024905 0.947885 0.844934 1.561258 1.271357 1.110440 0.648468 1.171191 1.011796 0.886120 0.903431 1.502174 1.012330 0.901369 0.770032 1.220699 1.308213 0.672506 1.228772 1.005769 0.780660 0.433919 0.363515 1.591740 1.085405 0.951251 0.840361 0.778669 1.776384 0.449209 
9 1.017527 0.987363 0.845579 1.516948 1.216519 1.098421 0.680580 1.146267 0.977625 0.897247 0.910896 1.429857 0.959380 0.892828 0.749911 1.250220 1.350326 0.705447 1.190092 1.064745 0.738617 0.483843 0.397022 1.522148 1.108637 0.943299 0.850800 0.875123 1.709194 0.511383 
10 1.018287 0.989862 0.847198 1.514637 1.214810 1.100280 0.684537 1.145037 0.978085 0.897638 0.913241 1.425573 0.959033 0.893946 0.749997 1.250411 1.351676 0.707418 1.190495 1.067204 0.738687 0.488490 0.401978 1.519272 1.111717 0.944801 0.850714 0.880798 1.705810 0.517434 
11 1.013247 1.003512 0.872865 1.420567 1.151183 1.136762 0.763153 1.077166 0.985075 0.868397 0.963374 1.279642 0.948835 0.902189 0.724203 1.181304 1.315223 0.718869 1.192857 1.061564 0.736814 0.579643 0.530905 1.416545 1.172047 0.973919 0.789532 0.974934 1.578527 0.661523 
12 1.011837 1.013296 0.867308 1.323482 1.088023 1.114402 0.823601 1.087415 1.039273 0.848366 1.016579 1.195799 0.950793 0.855620 0.723841 1.172385 1.254824 0.735867 1.159583 1.034923 0.788234 0.667639 0.716345 1.250810 1.204049 0.992205 0.794165 1.011879 1.442720 0.795458 
13 1.008248 1.005914 0.918039 1.204783 1.009335 1.041708 0.862512 1.097544 1.117182 0.910517 1.047270 1.076577 0.965780 0.911156 0.783064 1.173402 1.142477 0.768254 1.112023 0.984119 0.835747 0.787640 0.812593 1.122008 1.193612 0.982906 0.823283 1.051757 1.340246 0.897689 
14 1.001105 0.985518 0.963591 1.119855 1.026366 1.015544 0.860502 1.044240 1.127657 0.967358 1.054069 1.047278 0.976091 0.951703 0.826129 1.119306 1.087906 0.782412 1.053707 0.961972 0.883307 0.888305 0.891953 1.031543 1.166257 0.951985 0.901408 1.079859 1.258887 0.970796 
15 1.009494 0.982901 0.968515 1.076720 1.022432 1.013433 0.879568 1.031055 1.122052 0.994453 1.031160 1.018193 0.974623 0.997232 0.854303 1.083600 1.063782 0.792176 1.035251 0.983871 0.942457 0.897561 0.942024 1.005516 1.120808 0.941159 0.943878 1.084765 1.186494 0.994737 
16 1.014567 0.974443 0.964188 1.061381 1.012793 1.027028 0.912713 1.016834 1.110039 1.002403 1.031090 1.020781 0.961810 1.016325 0.887109 1.074231 1.042222 0.816991 1.019495 0.976438 0.972825 0.924853 0.958341 1.005741 1.077331 0.942848 0.966257 1.087301 1.114332 1.001728 
17 1.006187 0.985726 0.979046 1.038220 0.993695 1.035363 0.949107 0.998194 1.077787 0.992899 1.000228 1.001090 0.956896 1.012517 0.925367 1.063303 1.029529 0.858721 1.004804 0.955779 1.016047 0.966484 0.971359 1.019674 1.042508 0.963267 1.010054 1.064300 1.051338 1.010793 
18 0.986264 1.009044 0.991409 1.034879 0.994597 1.034641 0.959751 0.999790 1.061188 0.974834 0.995846 0.994253 0.963519 1.014731 0.946401 1.047833 1.013999 0.890676 1.003317 0.960134 1.024292 0.987293 0.979314 1.015256 1.016623 0.967473 1.020524 1.055753 1.024656 1.004130 
19 0.985917 1.010087 0.991891 1.034968 0.994702 1.034802 0.960623 0.999713 1.060560 0.975108 0.995733 0.994410 0.964541 1.014618 0.947474 1.047543 1.013640 0.892085 1.003789 0.960822 1.024673 0.988217 0.979606 1.014977 1.015790 0.967869 1.020664 1.055333 1.024039 1.004390 
20 0.979054 1.022209 0.994997 1.033376 0.991697 1.033072 0.972335 0.992653 1.045048 0.983793 0.989710 0.996039 0.981859 1.005825 0.961450 1.039968 1.004200 0.912191 1.009790 0.970636 1.025962 0.998006 0.978991 1.004097 0.998587 0.971491 1.015462 1.042732 1.011822 1.007525 
21 0.985869 1.021631 0.996598 1.023436 0.987221 1.035848 0.984580 1.002232 1.017854 0.994688 0.988221 0.993548 0.994630 0.991737 0.980450 1.022362 0.993421 0.945665 1.010884 0.978197 1.018053 1.004804 0.989580 1.002483 0.984305 0.963840 1.010414 1.031439 1.012805 1.010820 
22 0.989185 1.020197 0.987461 1.018458 0.990832 1.031999 0.991340 1.000813 1.008818 1.000601 0.984874 0.988821 1.006511 0.988244 0.991897 1.016401 0.984827 0.965160 1.007017 0.985844 1.002957 1.008133 1.001593 1.008786 0.985173 0.964308 1.010786 1.021081 1.008633 1.008046 
23 0.989173 1.021278 0.984423 1.017475 0.992136 1.030934 0.992036 0.999021 1.009579 1.004034 0.987084 0.986418 1.006460 0.986473 0.998934 1.011741 0.986622 0.972591 1.002799 0.987556 1.002182 1.006972 1.003003 1.009209 0.987811 0.965595 1.008387 1.016837 1.007777 1.006143 
24 0.989635 1.020502 0.983637 1.015236 0.993637 1.029803 0.992638 0.999097 1.007949 1.003324 0.988235 0.986993 1.006811 0.988944 1.000617 1.011465 0.988193 0.976094 1.002293 0.987145 1.001838 1.005269 1.001905 1.007259 0.989828 0.967153 1.007803 1.014619 1.007138 1.006693 
25 0.993154 1.012453 0.987768 1.010836 0.993731 1.025283 0.994509 0.999061 1.005968 1.001433 0.989678 0.991613 1.004910 0.995275 1.004244 1.006800 0.992233 0.986756 1.001389 0.990064 0.997916 1.000857 1.000731 0.998865 0.994659 0.980982 1.008007 1.009236 1.006047 1.003775 
26 0.995980 1.007556 0.989160 1.008114 0.996442 1.020983 0.997104 1.000980 1.005789 1.000240 0.989765 0.993435 1.003981 0.997609 1.003555 1.003121 0.994596 0.992359 0.999637 0.992897 0.997332 1.001179 0.998038 0.995376 0.996720 0.988517 1.006728 1.006602 1.005095 1.002509 
27 0.996689 1.006190 0.990338 1.006774 0.996399 1.018518 0.997607 1.000591 1.005046 1.000034 0.991625 0.994181 1.004006 0.998322 1.002065 1.002493 0.995474 0.994053 0.998896 0.994033 0.997877 1.001164 0.998007 0.995522 0.996994 0.990361 1.006005 1.005230 1.004713 1.001560 
28 0.997726 1.004608 0.992006 1.005173 0.996488 1.015483 0.998418 1.000218 1.004227 0.999889 0.994170 0.995269 1.004180 0.999368 1.000310 1.001845 0.996757 0.996322 0.998129 0.995647 0.998728 1.001303 0.998133 0.995906 0.997486 0.992847 1.005219 1.003608 1.004367 1.000503 
29 0.998856 1.001851 0.997493 1.000505 0.998635 1.005220 0.999586 1.000761 1.001605 1.000463 0.999425 0.998717 1.001588 0.999584 0.999468 0.999828 0.998952 0.998591 0.999124 0.998992 0.998878 0.999922 0.998587 0.999218 0.998972 0.998726 1.002687 1.000577 1.000993 1.000706 
30 0.999789 1.000742 0.998877 0.999830 0.999665 1.001174 0.999345 1.000525 0.999900 1.000645 1.000381 0.999659 0.999977 1.000079 0.999598 0.999694 0.999646 0.999536 1.000243 0.999768 0.999745 1.000432 0.999628 0.999857 0.999803 1.000493 1.000801 0.999852 1.000165 1.000010 
31 1.000047 1.000075 0.999743 0.999981 1.000033 1.000450 0.999499 1.000228 0.999895 1.000248 1.000279 0.999662 1.000088 0.999873 0.999878 1.000024 0.999857 0.999921 1.000207 1.000015 0.999989 1.000118 0.999769 0.999937 0.999994 1.000237 1.000312 0.999967 0.999817 0.999918 
32 0.999999 0.999998 1.000011 0.999967 1.000028 1.000025 1.000005 1.000008 0.999995 1.000007 1.000008 0.999975 1.000006 0.999995 1.000014 1.000026 1.000028 0.999968 0.999994 0.999994 0.999984 1.000009 1.000015 0.999990 0.999967 1.000019 0.999985 0.999991 1.000005 0.999970 
33 0.999999 1.000000 1.000001 0.999999 1.000000 1.000001 1.000000 1.000001 1.000000 1.000001 0.999999 1.000001 1.000000 1.000000 1.000000 1.000001 1.000000 1.000000 0.999999 1.000000 1.000000 1.000000 1.000000 1.000000 1.000001 1.000001 0.999999 1.000001 1.000000 0.999999 
34 1.000000 1.000000 1.000000 1.000000 1.000000 1.000000 1.000000 1.000000 1.000000 1.000000 1.000000 1.000000 1.000000 1.000000 1.000000 1.000000 1.000000 1.000000 1.000000 1.000000 1.000000 1.000000 1.000000 1.000000 1.000000 1.000000 1.000000 1.000000 1.000000 1.000000 
35 1.000000 1.000000 1.000000 1.000000 1.000000 1.000000 1.000000 1.000000 1.000000 1.000000 1.000000 1.000000 1.000000 1.000000 1.000000 1.000000 1.000000 1.000000 1.000000 1.000000 1.000000 1.000000 1.000000 1.000000 1.000000 1.000000 1.000000 1.000000 1.000000 1.000000 


# N=40
0 7.081414 5.543158 3.626459 1.319205 3.342930 2.362527 0.000228 -0.746121 2.219654 0.305460 0.179374 2.687937 -0.735890 -1.656931 0.581290 2.584105 -2.035232 1.529976 2.706609 0.258680 -0.588258 -0.018481 -0.317331 2.452423 0.448678 -1.354358 -0.125035 -0.634640 2.933448 0.101865 -0.101456 -0.472657 2.841134 0.879693 -0.621221 3.301406 -0.117318 -1.354139 -0.472899 0.438518 
1 7.081414 5.558549 3.649784 1.356044 3.384609 2.418771 0.063071 -0.693272 2.283027 0.352754 0.236805 2.739537 -0.674528 -1.604381 0.647330 2.650579 -1.962500 1.584379 2.786433 0.323112 -0.529745 0.052181 -0.256761 2.516464 0.504269 -1.306423 -0.061144 -0.570872 3.000666 0.161383 -0.036526 -0.399965 2.893368 0.941779 -0.563060 3.355086 -0.066659 -1.302322 -0.430351 0.474726 
2 4.117460 3.038613 2.081660 0.611089 2.777235 2.189430 -0.085991 -0.464316 2.554782 0.617980 0.489649 2.893012 -0.320497 -1.364955 1.081751 3.158543 -1.114440 2.019120 3.748779 0.812995 -0.270703 0.509587 -0.004505 2.924493 0.653459 -1.298936 0.243741 -0.102127 3.635551 0.248576 0.330458 0.177478 3.198938 1.467024 -0.118284 3.170818 -0.189250 -1.825560 -1.024719 -0.613629 
3 3.589979 2.452973 1.529217 0.717568 2.509988 1.753852 0.270083 -0.377715 2.648096 0.979409 0.299326 3.032896 0.299928 -1.183426 1.164397 2.561572 -0.480225 1.789004 3.770065 0.519221 -0.280045 0.549601 0.191232 3.095142 1.049477 -1.311479 0.784680 -0.010176 3.696630 -0.568577 -0.020982 0.108034 2.834757 1.725451 0.662819 2.796804 0.015200 -1.545131 -0.841923 -0.817388 
4 3.150565 1.895119 1.312116 0.980983 2.357743 1.807015 0.038737 -0.037793 2.792092 1.037438 0.246137 3.173935 0.719712 -0.827663 1.351296 2.324717 -0.130829 1.598666 3.121181 0.628840 -0.496934 0.408410 0.393000 3.309471 0.854692 -1.033895 0.875117 0.033667 3.612688 -0.831342 -0.240230 0.282135 2.474200 1.141707 1.110268 2.851386 0.136364 -1.125510 -0.537947 -0.660154 
5 2.956698 1.747719 0.926746 0.994924 2.264597 1.714748 -0.149810 0.319784 2.520931 1.005171 0.340370 2.880859 0.969429 -0.481534 1.598382 2.222686 0.426043 1.303641 2.549569 0.796558 -0.281062 0.029982 0.080741 3.040916 0.751848 -0.805228 0.855954 0.247882 3.569771 -0.798998 -0.122457 0.407789 2.206673 1.093262 1.564330 2.958683 0.052847 -0.722447 -0.387820 -0.474165 
6 2.685682 1.548962 0.826518 1.174951 2.174655 1.836698 -0.316492 0.409674 2.276620 0.904637 0.613867 2.683127 1.061361 -0.052015 1.696338 2.055138 0.648436 0.981087 2.223313 0.750103 -0.161844 -0.051522 -0.159544 2.796908 0.769485 -0.608714 0.812097 0.379569 3.415143 -0.946931 0.141181 0.585816 2.036250 1.290111 1.481394 2.918377 0.130507 -0.229021 -0.201182 -0.397527 
7 2.227164 1.364478 0.722133 1.382776 2.259502 1.931457 -0.414438 0.439263 2.045530 0.931499 0.620546 2.440621 1.157406 0.271946 1.425413 1.922237 0.910383 0.681649 1.944877 0.615080 0.122908 -0.096267 -0.168381 2.524823 0.826472 -0.141010 0.741894 0.406074 3.263471 -0.911727 0.325634 0.610609 1.964172 1.488219 1.322526 2.863043 -0.040696 0.303581 0.052400 -0.100382 
8 2.010720 1.180462 0.738515 1.521473 2.287538 1.800807 -0.365535 0.568065 1.878218 0.929831 0.679175 2.279922 1.414494 0.440400 1.041475 1.963496 1.220767 0.553169 1.706154 0.516086 0.151643 -0.130205 -0.215517 2.297220 0.748682 0.107336 0.827541 0.557410 3.073427 -0.758957 0.546960 0.672267 1.970562 1.550476 1.072103 2.563559 0.039327 0.466578 0.248812 0.142128 
9 1.895605 0.983398 0.828204 1.557084 2.125935 1.686078 -0.143960 0.836820 1.741319 0.927423 0.731325 2.148458 1.483620 0.587512 0.821154 1.957276 1.354370 0.448755 1.558316 0.571620 0.219884 -0.080284 -0.254332 2.194417 0.823194 0.195058 0.783237 0.630694 2.958305 -0.652021 0.683380 0.624837 2.088846 1.507614 0.914549 2.306609 0.024597 0.645319 0.445640 0.356251 
10 1.854981 0.915456 0.851646 1.561840 2.069414 1.643659 -0.082612 0.913902 1.691678 0.921931 0.742370 2.104222 1.495816 0.627218 0.746153 1.948895 1.388430 0.413399 1.506780 0.582503 0.234612 -0.072580 -0.271078 2.155775 0.841205 0.216322 0.762782 0.647660 2.916403 -0.624491 0.719772 0.603943 2.119052 1.488451 0.863325 2.221309 0.014562 0.694830 0.501517 0.416567 
11 1.769987 0.705606 0.985176 1.545462 1.906076 1.510798 0.053419 1.050043 1.504156 0.908666 0.828087 2.107963 1.362754 0.710925 0.496090 1.933111 1.462112 0.460486 1.438994 0.579055 0.241686 -0.117194 -0.212896 1.997749 0.919969 0.267242 0.720972 0.741237 2.790016 -0.481657 0.879770 0.621913 2.100158 1.459219 0.923587 2.020842 0.035186 0.889227 0.707811 0.594538 
12 1.731217 0.581681 1.074447 1.571149 1.777979 1.333439 0.067236 1.040051 1.367274 0.822576 0.851451 2.035197 1.285779 0.852715 0.412355 1.893333 1.527874 0.429579 1.495598 0.667584 0.230676 -0.121432 -0.124344 1.904538 1.020784 0.349098 0.696754 0.715446 2.661879 -0.306009 0.908076 0.638469 2.100211 1.431779 0.978614 1.884927 0.140230 0.954505 0.818085 0.745325 
13 1.660585 0.561746 1.114599 1.572249 1.729723 1.152873 0.061208 1.065591 1.306462 0.797752 0.859023 2.021677 1.186507 0.910933 0.422779 1.900050 1.525530 0.431810 1.479304 0.744845 0.246561 -0.080151 -0.047895 1.821933 1.128793 0.475544 0.662140 0.776140 2.462319 -0.244754 0.922688 0.649608 2.117122 1.408480 1.017581 1.741723 0.249571 1.013329 0.799109 0.867780 
14 1.605485 0.537374 1.156935 1.547171 1.756233 1.001066 0.122032 1.121831 1.319719 0.764041 0.904765 1.918031 1.057219 0.951658 0.469642 1.823989 1.531132 0.452311 1.483631 0.727785 0.312041 -0.036780 0.024408 1.784274 1.125229 0.589625 0.672118 0.792591 2.298028 -0.177905 0.955727 0.668689 2.099922 1.350670 1.041821 1.656039 0.342357 1.039118 0.799127 0.908427 
15 1.505596 0.502810 1.275694 1.379110 1.756059 0.836378 0.264666 1.144733 1.279865 0.780033 0.934657 1.803702 0.920414 1.023484 0.545982 1.708322 1.550691 0.451410 1.427160 0.701841 0.494473 0.064458 0.143549 1.716432 1.160235 0.756440 0.720289 0.724092 2.040337 -0.055299 1.098140 0.692021 1.988427 1.197447 1.064058 1.559135 0.566030 1.051182 0.714161 0.985215 
16 1.486568 0.508115 1.274075 1.216955 1.681875 0.703432 0.400200 1.098352 1.236690 0.810958 0.951122 1.750655 0.822101 1.140086 0.571832 1.595627 1.531385 0.498112 1.369943 0.766627 0.670602 0.154007 0.289533 1.624445 1.081975 0.915138 0.803474 0.719083 1.850739 0.025622 1.171283 0.693819 1.935965 1.081832 1.028654 1.500685 0.732687 1.107832 0.683865 0.970390 
17 1.483220 0.503232 1.277722 1.035999 1.659396 0.644258 0.512823 1.080298 1.200549 0.833376 0.950473 1.735851 0.815312 1.245354 0.575654 1.404212 1.482266 0.551901 1.327166 0.825419 0.803561 0.265534 0.376531 1.513325 1.041224 1.032606 0.836538 0.729340 1.623132 0.150863 1.180742 0.792245 1.917916 1.006365 1.030916 1.442271 0.822710 1.134059 0.662828 0.936372 
18 1.478288 0.498025 1.279070 0.978275 1.639626 0.609594 0.545537 1.071324 1.194211 0.836781 0.942872 1.722421 0.825998 1.246519 0.605256 1.337903 1.472923 0.601906 1.311099 0.840443 0.837349 0.329485 0.399505 1.452444 1.035125 1.054831 0.870739 0.723458 1.550744 0.212359 1.176065 0.828923 1.903490 0.981028 1.009200 1.439698 0.848769 1.184315 0.658489 0.940154 
19 1.473304 0.493518 1.278216 0.946677 1.627458 0.589506 0.559962 1.064943 1.188781 0.836919 0.936684 1.713203 0.829939 1.245290 0.618901 1.301395 1.465907 0.627161 1.300245 0.846019 0.852899 0.360155 0.409503 1.418405 1.030407 1.064073 0.886034 0.718630 1.511650 0.242211 1.171157 0.845284 1.894178 0.966057 0.995725 1.436508 0.860841 1.208229 0.654781 0.940132 
20 1.412073 0.515966 1.303347 0.857190 1.602656 0.550990 0.604634 1.056043 1.169592 0.839307 0.900271 1.653644 0.872633 1.274461 0.678481 1.186035 1.436401 0.774165 1.252479 0.857788 0.919079 0.420168 0.465929 1.299895 1.046026 1.067016 0.889542 0.739920 1.428758 0.331082 1.136316 0.866835 1.864724 0.930671 0.946146 1.431742 0.952368 1.255018 0.686191 0.929649 
21 1.368061 0.533813 1.298519 0.826530 1.591237 0.539622 0.692602 1.030622 1.163791 0.856066 0.900185 1.620952 0.928091 1.285818 0.768317 1.103020 1.420431 0.872390 1.237866 0.869678 0.945702 0.459377 0.546195 1.139627 1.052719 1.076866 0.840357 0.747751 1.368203 0.413838 1.126386 0.869568 1.813249 0.877184 0.906174 1.397456 0.999786 1.282551 0.702572 0.911340 
22 1.346785 0.540985 1.302483 0.796910 1.563830 0.550051 0.771964 1.036219 1.163319 0.862706 0.877287 1.581410 0.945970 1.269896 0.823485 1.068746 1.404374 0.910504 1.217306 0.889252 0.931573 0.458537 0.609126 1.052564 1.068899 1.118944 0.819137 0.757406 1.337890 0.470963 1.098811 0.899622 1.750559 0.884805 0.864342 1.385278 1.035515 1.294498 0.712580 0.883142 
23 1.326661 0.557565 1.299059 0.761990 1.544022 0.585608 0.858343 1.012892 1.163962 0.852124 0.874510 1.528745 0.942591 1.246508 0.873863 1.017818 1.414656 0.968204 1.146353 0.926644 0.895159 0.516789 0.660559 0.981681 1.102808 1.184425 0.789227 0.777261 1.332332 0.563659 1.059568 0.896978 1.659630 0.901211 0.836250 1.332653 1.071951 1.303561 0.723853 0.832188 
24 1.306101 0.582906 1.287976 0.748049 1.518525 0.616091 0.909231 1.005863 1.171672 0.853574 0.934997 1.472598 0.956165 1.225166 0.866401 1.010843 1.421979 1.022139 1.117451 0.971825 0.890435 0.551712 0.690430 0.946975 1.138050 1.214019 0.774492 0.770687 1.289531 0.603492 1.005538 0.893794 1.567322 0.905626 0.819569 1.318283 1.083852 1.302519 0.728905 0.805064 
25 1.286663 0.611494 1.301151 0.743646 1.484838 0.624958 0.918576 0.997281 1.162109 0.884261 0.978446 1.433835 0.971482 1.198310 0.871113 0.990976 1.422642 1.042786 1.111055 0.996261 0.886640 0.570388 0.707978 0.941012 1.154706 1.241884 0.769527 0.785037 1.273362 0.630947 0.983068 0.896307 1.515616 0.897985 0.807877 1.304373 1.074953 1.295834 0.739441 0.782706 
26 1.252769 0.652511 1.293540 0.747094 1.465742 0.625136 0.929205 1.013362 1.115571 0.925459 1.031993 1.411060 0.987945 1.160629 0.880989 0.964382 1.399926 1.045479 1.112889 1.030471 0.891891 0.609224 0.732224 0.949464 1.167638 1.255818 0.766007 0.812697 1.252032 0.693665 0.944526 0.884011 1.411672 0.893936 0.778395 1.289100 1.075936 1.286190 0.769376 0.753853 
27 1.250922 0.655438 1.293330 0.747697 1.464775 0.625488 0.930293 1.014560 1.113154 0.928264 1.035546 1.409914 0.989338 1.158511 0.881938 0.963090 1.398752 1.045925 1.113360 1.032958 0.892684 0.611963 0.733994 0.950460 1.168619 1.256871 0.766025 0.814705 1.251043 0.697981 0.942522 0.883721 1.405420 0.894086 0.776935 1.288323 1.076361 1.286039 0.771536 0.752445 
28 1.231344 0.678028 1.287232 0.760872 1.444005 0.624407 0.940205 1.009101 1.110060 0.945342 1.048608 1.395980 1.002221 1.133948 0.884806 0.953955 1.376375 1.048431 1.111560 1.052073 0.913103 0.622997 0.736373 0.970282 1.157787 1.252182 0.750548 0.821812 1.242039 0.734359 0.931574 0.892237 1.352260 0.902975 0.773588 1.261031 1.082660 1.292892 0.782667 0.747329 
29 1.205618 0.715961 1.279492 0.774200 1.415933 0.623164 0.949898 1.003896 1.104037 0.927961 1.058517 1.380459 1.017719 1.102228 0.885052 0.940501 1.360382 1.042659 1.102641 1.072680 0.940890 0.644707 0.767572 0.991313 1.150009 1.232758 0.739313 0.840519 1.234632 0.760090 0.933835 0.914524 1.294952 0.909250 0.769893 1.235068 1.073000 1.289457 0.794516 0.747319 
30 1.180648 0.755078 1.260157 0.792340 1.378571 0.621004 0.974879 0.982699 1.091114 0.915625 1.058574 1.347308 1.034062 1.076299 0.883373 0.939195 1.340069 1.034390 1.095058 1.077519 0.960772 0.684737 0.795119 1.023480 1.142903 1.208136 0.715501 0.882509 1.215637 0.789426 0.937672 0.944110 1.230313 0.906701 0.771587 1.226474 1.063223 1.283610 0.810631 0.752011 
31 1.161666 0.783483 1.239481 0.827760 1.346241 0.633340 0.988975 0.965148 1.088616 0.931850 1.049080 1.321098 1.019040 1.060987 0.886850 0.937610 1.337548 1.024246 1.074356 1.085036 0.983788 0.714689 0.818706 1.037094 1.144884 1.166787 0.715781 0.910159 1.189152 0.819299 0.937208 0.976324 1.188646 0.905397 0.768492 1.215666 1.053508 1.260615 0.831584 0.754279 
32 1.134848 0.817297 1.220342 0.864203 1.319595 0.649916 1.007247 0.949404 1.085327 0.942501 1.040220 1.286482 1.006591 1.064019 0.888495 0.945930 1.307501 1.013789 1.056454 1.087958 1.000695 0.739700 0.834386 1.040641 1.153518 1.128248 0.745463 0.938703 1.178356 0.852228 0.932919 1.010800 1.146514 0.890846 0.775550 1.191346 1.034764 1.242910 0.841147 0.757613 
33 1.099996 0.860657 1.193826 0.913128 1.260539 0.682313 1.022113 0.945292 1.096721 0.943465 1.036321 1.257572 0.998061 1.061636 0.884813 0.945740 1.268336 0.993335 1.037556 1.070937 1.018633 0.766386 0.852048 1.036364 1.159823 1.093464 0.784376 0.974823 1.157432 0.908268 0.931003 1.022429 1.111984 0.882995 0.795555 1.178560 1.027059 1.218091 0.841407 0.761276 
34 1.095507 0.871108 1.182495 0.926167 1.238891 0.704586 1.019231 0.948547 1.102204 0.944482 1.030119 1.241866 0.994601 1.058352 0.883996 0.946923 1.255770 0.986740 1.040535 1.065210 1.029132 0.780676 0.859621 1.031187 1.159969 1.082922 0.798405 0.993150 1.151289 0.923463 0.930175 1.024748 1.095183 0.877976 0.803270 1.166937 1.027902 1.209560 0.843005 0.768491 
35 1.091401 0.878944 1.172798 0.936007 1.220947 0.722052 1.016206 0.950664 1.106080 0.944879 1.024605 1.228697 0.991248 1.055172 0.882811 0.947323 1.245062 0.980929 1.042392 1.060042 1.037026 0.791570 0.865148 1.026427 1.159523 1.073974 0.809147 1.007379 1.145769 0.935066 0.928924 1.025961 1.081190 0.873398 0.808983 1.156924 1.028100 1.202060 0.843920 0.773916 
36 1.076084 0.900113 1.147975 0.935947 1.191290 0.757793 1.014777 0.946660 1.118187 0.945771 1.022874 1.208049 0.984462 1.045698 0.888784 0.949955 1.223921 0.965545 1.046322 1.051112 1.042888 0.806884 0.872363 1.020064 1.156983 1.058685 0.833036 1.029490 1.133081 0.954202 0.927310 1.027089 1.063089 0.867780 0.819851 1.136497 1.030668 1.185582 0.865804 0.799065 
37 1.065641 0.925931 1.123242 0.932239 1.162249 0.785145 1.006251 0.953248 1.124033 0.950501 1.018963 1.188710 0.981232 1.044201 0.895681 0.962383 1.206315 0.956742 1.047737 1.034016 1.042635 0.827506 0.884976 1.015653 1.152394 1.047105 0.848577 1.032232 1.120504 0.970217 0.930454 1.031168 1.049877 0.867618 0.833394 1.113744 1.030305 1.173570 0.889305 0.811274 
38 1.051763 0.945094 1.100403 0.938797 1.139381 0.818015 1.001364 0.959580 1.112771 0.957431 1.016472 1.155773 0.982208 1.025151 0.901281 0.975110 1.175182 0.946229 1.042441 1.028754 1.040621 0.858164 0.902006 1.004023 1.137145 1.035898 0.868635 1.028430 1.107046 0.978165 0.937978 1.034113 1.048928 0.873612 0.863582 1.095918 1.040050 1.157420 0.916662 0.823227 
39 1.028246 0.971689 1.082944 0.946689 1.109911 0.859561 1.000864 0.972250 1.094637 0.972150 1.010504 1.117252 0.979827 1.018626 0.911778 0.981101 1.143876 0.943726 1.039845 1.028538 1.023290 0.898191 0.923439 0.992916 1.098751 1.017832 0.893488 1.023432 1.088603 0.982890 0.946899 1.030793 1.039756 0.896986 0.899201 1.076575 1.041402 1.133011 0.932831 0.857516 
40 1.012937 0.987093 1.056153 0.961832 1.068865 0.919508 1.002721 0.981444 1.050824 0.984002 1.012579 1.071037 0.984419 1.009090 0.945261 0.993240 1.098705 0.956506 1.025933 1.010984 1.015316 0.936505 0.959940 0.996032 1.053297 1.002503 0.931775 1.017245 1.056900 0.992831 0.949549 1.023106 1.033752 0.933758 0.939305 1.042714 1.031606 1.093512 0.949560 0.910761 
41 1.000631 0.994648 1.032919 0.981644 1.026328 0.978878 1.001057 0.989097 1.016163 0.992614 1.002660 1.021444 0.997397 1.003188 0.986763 1.008841 1.038451 0.976807 1.009795 1.003608 1.005975 0.977807 0.992096 0.999427 1.010206 0.991304 0.980859 1.011504 1.007365 1.001363 0.975384 0.999003 1.013733 0.980427 0.984499 1.010216 1.006988 1.040920 0.983582 0.960429 
42 1.000629 0.994744 1.032738 0.981838 1.026074 0.979223 1.001107 0.989222 1.016026 0.992737 1.002652 1.021194 0.997511 1.003196 0.987042 1.008936 1.038074 0.977015 1.009720 1.003598 1.006015 0.978166 0.992313 0.999452 1.010025 0.991366 0.981180 1.011472 1.007228 1.001447 0.975604 0.998961 1.013620 0.980777 0.984824 1.010112 1.006867 1.040535 0.983860 0.960895 
43 0.999990 0.996184 1.020791 0.988566 1.013139 0.987213 1.000766 0.993635 1.009720 0.997167 1.000852 1.010568 0.999213 1.001883 0.994408 1.008378 1.019427 0.985007 1.003370 1.000654 1.007560 0.991483 0.997274 0.996540 1.002789 0.995651 0.989943 1.006481 1.004877 1.001787 0.982235 0.997351 1.006439 0.992730 0.995333 1.005996 0.999886 1.019217 0.993393 0.981044 
44 1.000234 0.995857 1.014720 0.993457 1.005592 0.992206 0.999461 0.995790 1.006672 0.998535 1.002854 1.006458 1.000130 1.002232 0.998581 1.007173 1.008392 0.990144 0.999701 0.998698 1.005258 0.998783 0.998952 0.995605 0.998860 0.996959 0.994860 1.004568 1.003234 1.000305 0.988205 0.999247 1.001966 0.998543 0.998182 1.002996 1.000009 1.007894 0.998067 0.990523 
45 1.000952 0.998788 1.000533 0.998703 1.000907 0.998840 0.999117 0.999600 1.001578 1.001044 1.001178 0.999163 1.000467 1.000540 0.999630 1.000138 0.999440 0.998560 0.998956 0.999925 0.999838 0.999805 1.001791 0.999817 1.000368 0.998593 0.999437 1.000741 1.000664 1.000687 0.999704 0.999495 1.000170 1.000838 0.999867 1.000380 0.999917 1.000889 0.999251 0.999966 
46 1.000285 0.999611 1.000236 0.999323 1.000410 0.999644 0.999586 0.999836 1.000509 1.000617 1.000382 0.999954 1.000227 1.000058 0.999735 1.000207 0.999718 0.999537 0.999377 0.999919 0.999944 0.999863 1.000705 0.999836 1.000330 0.999448 0.999728 1.000442 1.000162 1.000198 1.000040 0.999848 0.999955 1.000381 1.000097 1.000105 1.000010 1.000329 0.999518 1.000094 
47 0.999999 0.999998 0.999999 1.000001 1.000000 1.000000 0.999998 0.999999 1.000001 1.000000 1.000001 1.000002 0.999998 0.999998 1.000001 1.000003 1.000000 1.000001 0.999999 1.000001 0.999999 1.000002 1.000002 1.000000 0.999997 1.000001 1.000000 0.999999 1.000000 1.000002 1.000001 1.000000 1.000000 0.999997 0.999999 1.000001 0.999997 1.000003 0.999999 1.000001 
48 1.000000 1.000000 1.000000 1.000000 1.000000 1.000000 1.000000 1.000000 1.000000 1.000000 1.000000 1.000000 1.000000 1.000000 1.000000 1.000000 1.000000 1.000000 1.000000 1.000000 1.000000 1.000000 1.000000 1.000000 1.000000 1.000000 1.000000 1.000000 1.000000 1.000000 1.000000 1.000000 1.000000 1.000000 1.000000 1.000000 1.000000 1.000000 1.000000 1.000000 
49 1.000000 1.000000 1.000000 1.000000 1.000000 1.000000 1.000000 1.000000 1.000000 1.000000 1.000000 1.000000 1.000000 1.000000 1.000000 1.000000 1.000000 1.000000 1.000000 1.000000 1.000000 1.000000 1.000000 1.000000 1.000000 1.000000 1.000000 1.000000 1.000000 1.000000 1.000000 1.000000 1.000000 1.000000 1.000000 1.000000 1.000000 1.000000 1.000000 1.000000 
50 1.000000 1.000000 1.000000 1.000000 1.000000 1.000000 1.000000 1.000000 1.000000 1.000000 1.000000 1.000000 1.000000 1.000000 1.000000 1.000000 1.000000 1.000000 1.000000 1.000000 1.000000 1.000000 1.000000 1.000000 1.000000 1.000000 1.000000 1.000000 1.000000 1.000000 1.000000 1.000000 1.000000 1.000000 1.000000 1.000000 1.000000 1.000000 1.000000 1.000000 


0 7.837782 5.669462 3.505779 0.800649 3.403662 2.238344 -0.403011 -0.873045 2.500984 0.165348 0.040568 3.065301 -0.854172 -1.712775 0.646753 2.585635 -2.427791 1.671898 3.045694 0.069804 -0.625450 -0.094586 -0.386660 2.614386 0.493308 -1.370762 -0.102471 -0.825606 3.077984 -0.091251 -0.005359 -0.627809 3.195345 0.696835 -0.688640 3.491144 -0.038523 -1.613163 -0.495559 0.641092 
1 7.840187 5.690371 3.536341 0.845786 3.453773 2.303661 -0.329889 -0.812514 2.572901 0.219158 0.105535 3.122134 -0.786209 -1.654166 0.720122 2.658818 -2.346564 1.732549 3.134562 0.141822 -0.559542 -0.016209 -0.319288 2.685367 0.554896 -1.317129 -0.031283 -0.754646 3.152254 -0.024439 0.067845 -0.546067 3.254110 0.767381 -0.622824 3.551737 0.018695 -1.554082 -0.447283 0.682229 
2 4.603147 3.026445 1.998096 0.204484 2.939165 2.146152 -0.375918 -0.504725 2.898745 0.542559 0.396891 3.208593 -0.465715 -1.428366 1.140378 3.125340 -1.437515 2.178763 4.150938 0.653988 -0.277796 0.417926 -0.096403 3.066996 0.650696 -1.340727 0.255657 -0.286794 3.775837 0.049319 0.476103 0.087024 3.586973 1.387774 -0.112826 3.338093 -0.123628 -2.119668 -1.115700 -0.545570 
3 3.987751 2.429963 1.453744 0.407623 2.663484 1.693471 0.052746 -0.424586 2.942045 0.957185 0.163033 3.322363 0.186756 -1.264637 1.235859 2.564666 -0.715156 1.910355 4.121878 0.382877 -0.305874 0.484024 0.095698 3.211020 1.049757 -1.355971 0.861800 -0.232102 3.860302 -0.813907 0.109246 -0.024090 3.197019 1.664602 0.683747 2.962678 0.096041 -1.773664 -1.011733 -0.767321 
4 3.439510 1.844362 1.273761 0.779985 2.531753 1.776669 -0.143892 -0.050952 3.018754 1.017442 0.102919 3.421679 0.635105 -0.833860 1.416714 2.330482 -0.285678 1.700347 3.369999 0.505293 -0.576312 0.318146 0.317630 3.438394 0.809231 -1.059690 0.971381 -0.168453 3.786651 -1.106140 -0.166266 0.170628 2.817340 1.067398 1.175099 3.027078 0.247978 -1.323652 -0.711377 -0.666693 
5 3.171291 1.682652 0.895282 0.873778 2.452750 1.709944 -0.282535 0.332297 2.659812 0.995590 0.215341 3.096820 0.885551 -0.472729 1.682028 2.250953 0.374309 1.362427 2.706254 0.700668 -0.381145 -0.079719 -0.014299 3.121664 0.685232 -0.812232 0.941400 0.054369 3.731195 -1.056344 -0.078589 0.320210 2.538955 1.028985 1.691011 3.155830 0.080610 -0.847148 -0.581363 -0.496788 
6 2.871759 1.480562 0.831490 1.101563 2.351599 1.853350 -0.422379 0.421834 2.353658 0.886502 0.511833 2.865970 0.989138 -0.012162 1.785996 2.105915 0.652224 1.015767 2.332351 0.677529 -0.281742 -0.181825 -0.284581 2.856395 0.700989 -0.633122 0.891703 0.203361 3.557677 -1.209586 0.161726 0.523358 2.356716 1.274960 1.606150 3.114572 0.146239 -0.324636 -0.386008 -0.448628 
7 2.354041 1.278174 0.769143 1.368257 2.439016 1.978693 -0.513298 0.424713 2.072444 0.910265 0.522663 2.586641 1.098815 0.348257 1.471173 2.000103 0.960199 0.697582 2.010716 0.552857 0.012210 -0.227483 -0.291612 2.564695 0.762821 -0.145691 0.797399 0.241735 3.388029 -1.168906 0.324021 0.543937 2.268948 1.530915 1.397339 3.043917 -0.061655 0.270435 -0.082650 -0.145044 
8 2.135666 1.079338 0.796893 1.521229 2.472399 1.838424 -0.458306 0.549340 1.893536 0.906724 0.607843 2.430480 1.387432 0.491981 1.066509 2.069352 1.300907 0.568129 1.757467 0.452217 0.037019 -0.249509 -0.344783 2.316151 0.681629 0.095543 0.862368 0.421989 3.194984 -0.991856 0.554612 0.596300 2.250721 1.607236 1.123252 2.706196 -0.020238 0.454407 0.139527 0.114323 
9 2.073735 0.976377 0.837458 1.527182 2.386711 1.773859 -0.365140 0.676762 1.822788 0.895867 0.628238 2.355063 1.429203 0.552325 0.948378 2.058929 1.353992 0.507464 1.680190 0.470262 0.064457 -0.242343 -0.368727 2.267046 0.712285 0.129120 0.821588 0.458345 3.137246 -0.943228 0.604374 0.566090 2.291025 1.587556 1.032334 2.573204 -0.036051 0.524204 0.239353 0.210304 
10 1.980163 0.809890 0.924485 1.548555 2.245584 1.676055 -0.180724 0.916383 1.713827 0.888361 0.679079 2.237516 1.512032 0.671199 0.758073 2.054880 1.459440 0.415338 1.563681 0.519398 0.127765 -0.212417 -0.393950 2.197653 0.783980 0.198516 0.763410 0.536642 3.051967 -0.841958 0.707309 0.528839 2.375188 1.565518 0.890093 2.355412 -0.050202 0.664983 0.430457 0.394133 
11 1.899719 0.595004 1.046287 1.528760 2.053903 1.529300 -0.048024 1.055528 1.537066 0.881535 0.783098 2.256486 1.388751 0.726574 0.511999 2.040288 1.519511 0.453522 1.496302 0.520759 0.133927 -0.244926 -0.329062 2.049854 0.872710 0.245447 0.704154 0.637754 2.944336 -0.697494 0.873180 0.529712 2.331710 1.533153 0.934377 2.147029 -0.039895 0.886610 0.646022 0.584494 
12 1.858662 0.473179 1.127349 1.547829 1.923279 1.341366 -0.043477 1.051685 1.400561 0.795936 0.821823 2.182670 1.317204 0.867918 0.405075 1.983743 1.581757 0.424284 1.559268 0.613339 0.125775 -0.258531 -0.234435 1.965688 0.981168 0.327502 0.663092 0.624642 2.826595 -0.503768 0.907735 0.548300 2.309544 1.508507 1.001276 1.997700 0.077294 0.944883 0.770199 0.734664 
13 1.779818 0.454433 1.157694 1.552102 1.862230 1.139927 -0.054310 1.086379 1.339347 0.772372 0.839677 2.159783 1.213475 0.922151 0.406444 1.983897 1.574773 0.415771 1.548401 0.712411 0.141618 -0.210172 -0.152044 1.886938 1.106633 0.467808 0.623116 0.685222 2.615451 -0.428002 0.927016 0.568395 2.312500 1.475899 1.033438 1.843144 0.198672 1.013842 0.748623 0.868856 
14 1.715366 0.439433 1.196771 1.531834 1.886116 0.970540 0.015132 1.147774 1.348809 0.743909 0.898248 2.040322 1.066374 0.960289 0.440977 1.892577 1.583041 0.434857 1.550988 0.698478 0.214283 -0.161131 -0.076101 1.850617 1.114384 0.597239 0.635470 0.707411 2.434799 -0.353335 0.969410 0.596520 2.280575 1.405951 1.055538 1.747261 0.302759 1.048970 0.752097 0.911127 
15 1.594270 0.421246 1.313750 1.368976 1.880771 0.797168 0.172174 1.173309 1.293993 0.768477 0.941672 1.908953 0.911258 1.038538 0.495056 1.760488 1.613045 0.429619 1.482907 0.680812 0.414523 -0.050924 0.043847 1.786997 1.169187 0.781312 0.681527 0.643523 2.156588 -0.211694 1.127955 0.634060 2.145779 1.226382 1.069716 1.640175 0.543042 1.061961 0.670727 0.985535 
16 1.566808 0.429992 1.302724 1.223109 1.791614 0.658693 0.319246 1.128761 1.246850 0.796689 0.961080 1.850960 0.811811 1.153285 0.517761 1.651868 1.606420 0.465564 1.425673 0.755732 0.597324 0.044487 0.183249 1.693954 1.096513 0.940777 0.769513 0.637440 1.961344 -0.114453 1.201827 0.647914 2.076580 1.098521 1.016480 1.580030 0.704874 1.125085 0.641281 0.967988 
17 1.549242 0.436882 1.309061 1.046997 1.758228 0.594769 0.447497 1.105912 1.207810 0.821715 0.955102 1.838811 0.797485 1.268126 0.512058 1.458039 1.560563 0.525905 1.370876 0.814169 0.752265 0.148374 0.276868 1.581492 1.057006 1.065908 0.803671 0.674715 1.728024 0.014304 1.210319 0.750650 2.041045 1.019798 1.017923 1.509806 0.803632 1.154493 0.628830 0.924240 
18 1.547780 0.435793 1.308656 1.040093 1.755875 0.591189 0.450913 1.104183 1.205887 0.821560 0.953856 1.837306 0.796888 1.270247 0.512295 1.449888 1.558292 0.528169 1.368072 0.815274 0.756495 0.152494 0.279043 1.575731 1.055140 1.068897 0.804705 0.674549 1.718844 0.019121 1.209356 0.753678 2.038818 1.015981 1.016404 1.507055 0.805908 1.156142 0.627563 0.922534 
19 1.531696 0.418508 1.316118 0.938727 1.717160 0.533034 0.518076 1.081054 1.195812 0.817664 0.938268 1.813035 0.818507 1.283382 0.564926 1.316740 1.539774 0.598985 1.337417 0.842433 0.826895 0.271155 0.320217 1.467701 1.044598 1.109292 0.853813 0.666596 1.577638 0.141442 1.196070 0.825274 2.004528 0.957763 0.979828 1.489748 0.844875 1.237766 0.617358 0.924161 
20 1.457439 0.442806 1.346949 0.831076 1.678076 0.473787 0.577107 1.065598 1.177720 0.811507 0.891631 1.741601 0.865142 1.313188 0.641205 1.186813 1.508600 0.767694 1.276166 0.853979 0.918281 0.343882 0.395659 1.320593 1.059712 1.109072 0.867333 0.706804 1.468699 0.258574 1.153672 0.856288 1.953398 0.914699 0.919083 1.483987 0.954391 1.304434 0.647319 0.913716 
21 1.405773 0.464743 1.348264 0.798170 1.662187 0.458278 0.673882 1.033123 1.178514 0.828340 0.891030 1.699922 0.921429 1.332623 0.741935 1.096162 1.489150 0.867181 1.255521 0.864519 0.957192 0.389033 0.491769 1.149538 1.069716 1.113720 0.807040 0.726019 1.398050 0.353496 1.140334 0.858419 1.895162 0.853866 0.877524 1.441809 1.008178 1.336212 0.662430 0.892375 
22 1.382829 0.473606 1.353953 0.766705 1.635801 0.467738 0.760126 1.034899 1.182201 0.838351 0.869261 1.654338 0.937755 1.312914 0.799489 1.061770 1.472523 0.900579 1.233514 0.883723 0.940600 0.388834 0.566280 1.054054 1.088316 1.152464 0.784465 0.736727 1.363945 0.421885 1.110745 0.894783 1.823893 0.860424 0.834420 1.427020 1.046429 1.348943 0.671235 0.862274 
23 1.358933 0.497825 1.349057 0.726371 1.615153 0.505680 0.855909 1.008583 1.186099 0.833335 0.868837 1.589647 0.928202 1.285319 0.850949 1.010528 1.479681 0.958359 1.153438 0.928158 0.898084 0.456546 0.629119 0.975614 1.129722 1.214724 0.751661 0.761192 1.360288 0.527553 1.064036 0.893329 1.724420 0.877571 0.801912 1.367846 1.090044 1.359252 0.684245 0.802676 
24 1.335703 0.532728 1.336431 0.710043 1.580694 0.543783 0.912894 1.000884 1.196943 0.840742 0.939633 1.522164 0.945881 1.256005 0.838768 1.001877 1.485949 1.020856 1.123480 0.979955 0.889619 0.501183 0.663681 0.932759 1.170855 1.245343 0.733122 0.754396 1.312467 0.576859 0.999220 0.892042 1.618825 0.879009 0.784649 1.351649 1.103887 1.357768 0.691778 0.766367 
25 1.311940 0.568553 1.349573 0.704613 1.542202 0.555936 0.920426 0.992533 1.183950 0.873480 0.985612 1.483443 0.964141 1.222218 0.845437 0.977396 1.484193 1.041779 1.119384 1.007366 0.885460 0.522248 0.682399 0.925628 1.187998 1.274450 0.731166 0.772487 1.298572 0.608193 0.972886 0.893464 1.561693 0.869379 0.769829 1.337058 1.094706 1.348844 0.706777 0.740700 
26 1.310460 0.571187 1.349448 0.705006 1.541235 0.556709 0.921339 0.993428 1.182177 0.875755 0.988581 1.482482 0.965515 1.220419 0.846403 0.976335 1.483374 1.042480 1.120038 1.009345 0.886003 0.524499 0.683702 0.926249 1.188915 1.275623 0.731331 0.774206 1.297884 0.611580 0.971143 0.893262 1.556725 0.869375 0.768684 1.336551 1.094972 1.348675 0.708607 0.739485 
27 1.273003 0.618752 1.335662 0.709390 1.520308 0.564195 0.932842 1.011008 1.133511 0.917306 1.042353 1.462192 0.986907 1.178013 0.860341 0.948584 1.455195 1.047664 1.128433 1.043251 0.893172 0.565866 0.703065 0.935684 1.199467 1.290004 0.727546 0.804083 1.276602 0.679223 0.926743 0.879126 1.442042 0.864540 0.737155 1.319785 1.096731 1.338425 0.742572 0.708591 
28 1.253441 0.645622 1.328019 0.725500 1.495448 0.566960 0.940306 1.006499 1.132486 0.933963 1.053768 1.447559 1.001294 1.149829 0.866292 0.938694 1.433273 1.052063 1.125458 1.062382 0.916813 0.576722 0.706315 0.959043 1.186618 1.284287 0.711316 0.809679 1.267633 0.716382 0.916826 0.888950 1.383874 0.875561 0.733622 1.289224 1.101303 1.343591 0.754091 0.701988 
29 1.221931 0.692374 1.312757 0.743888 1.463023 0.568894 0.955833 0.995688 1.123622 0.909739 1.065748 1.426169 1.020906 1.109981 0.868671 0.924650 1.410330 1.043839 1.113030 1.086156 0.948046 0.604697 0.744254 0.989726 1.177261 1.258886 0.698365 0.835814 1.258520 0.744378 0.920959 0.916179 1.311420 0.883725 0.731426 1.262630 1.086895 1.334770 0.769455 0.704955 
30 1.199325 0.729763 1.291401 0.765604 1.425362 0.568957 0.979465 0.972911 1.110675 0.903359 1.064461 1.390875 1.036035 1.085311 0.868663 0.925767 1.388121 1.036855 1.104689 1.090058 0.964607 0.644338 0.769359 1.025066 1.169374 1.234231 0.675473 0.876441 1.240933 0.771909 0.925330 0.945755 1.247530 0.884090 0.735136 1.255712 1.075136 1.325296 0.784311 0.709993 
31 1.181834 0.760602 1.270760 0.805549 1.389746 0.581078 0.989722 0.960057 1.104819 0.922127 1.055539 1.363721 1.021507 1.070275 0.870594 0.925006 1.383563 1.028068 1.083560 1.096981 0.985506 0.679082 0.797063 1.040552 1.170469 1.188928 0.676086 0.903207 1.215841 0.802184 0.925294 0.978213 1.203649 0.886284 0.733133 1.245125 1.060850 1.297855 0.804112 0.712342 
32 1.151786 0.794056 1.250296 0.847543 1.361682 0.600259 1.011326 0.938913 1.099912 0.937335 1.050741 1.327080 1.007954 1.067017 0.871629 0.933364 1.347590 1.015902 1.063193 1.104028 1.001843 0.703556 0.811275 1.046552 1.177558 1.143737 0.708699 0.933814 1.203127 0.837379 0.919672 1.011507 1.163339 0.875042 0.742042 1.222245 1.042000 1.274185 0.818932 0.722543 
33 1.121546 0.840188 1.225038 0.898553 1.301477 0.635684 1.019431 0.942600 1.106510 0.938855 1.041316 1.292562 1.000886 1.071235 0.867702 0.942122 1.305245 0.999083 1.048234 1.083009 1.018336 0.735811 0.833429 1.044127 1.182894 1.107156 0.750010 0.967227 1.185275 0.891516 0.920559 1.025330 1.123253 0.868593 0.763748 1.199425 1.025592 1.249731 0.816896 0.723605 
34 1.120704 0.841056 1.224210 0.899592 1.299851 0.636633 1.019464 0.942491 1.106627 0.938761 1.040989 1.291592 1.000548 1.071010 0.867506 0.942104 1.304097 0.998456 1.047802 1.082407 1.018665 0.736419 0.833772 1.043874 1.182832 1.106192 0.750896 0.968065 1.184638 0.892655 0.920408 1.025385 1.122226 0.868311 0.764189 1.198772 1.025261 1.248921 0.816851 0.723739 
35 1.099332 0.865236 1.197400 0.929907 1.252210 0.681891 1.024433 0.938018 1.119316 0.937358 1.036147 1.264671 0.992199 1.056140 0.867771 0.940572 1.274424 0.976939 1.043488 1.070356 1.035418 0.757743 0.844704 1.037001 1.181060 1.082194 0.782944 1.005723 1.165488 0.928869 0.917966 1.024459 1.097250 0.863365 0.782789 1.184688 1.029176 1.224671 0.826243 0.744456 
36 1.087938 0.890758 1.165814 0.939432 1.209459 0.734182 1.013374 0.943189 1.130464 0.939897 1.022299 1.228828 0.982570 1.050626 0.873688 0.949705 1.249151 0.961302 1.052606 1.055586 1.049761 0.787728 0.859456 1.026753 1.175799 1.060353 0.813058 1.036492 1.152253 0.949921 0.917138 1.031943 1.062408 0.853703 0.800090 1.149869 1.027916 1.204455 0.845094 0.770870 
37 1.066501 0.926414 1.129465 0.934195 1.171453 0.771990 1.007080 0.945084 1.139660 0.945182 1.019849 1.203745 0.977634 1.044799 0.885117 0.963186 1.223738 0.945305 1.050890 1.035812 1.047960 0.812842 0.873164 1.021588 1.167980 1.042622 0.837682 1.042403 1.133453 0.970348 0.921406 1.037950 1.048182 0.854232 0.820415 1.123602 1.028871 1.185302 0.882306 0.794347 
38 1.052814 0.947364 1.103474 0.942137 1.145748 0.807866 0.999278 0.954461 1.125262 0.953957 1.015297 1.166967 0.980248 1.025141 0.890514 0.976245 1.188511 0.934968 1.045851 1.029046 1.046781 0.848179 0.893153 1.008848 1.149691 1.029233 0.859188 1.037653 1.118655 0.978944 0.931909 1.042272 1.047224 0.860914 0.853280 1.103406 1.039535 1.168827 0.911323 0.806872 
39 1.028800 0.974713 1.085337 0.948914 1.116151 0.849488 0.999748 0.968338 1.104800 0.969899 1.008606 1.126542 0.979181 1.017355 0.900266 0.979967 1.153905 0.933552 1.043650 1.029848 1.030210 0.888921 0.916058 0.997366 1.108438 1.011290 0.885097 1.031292 1.099587 0.985128 0.942135 1.036285 1.040016 0.886297 0.890702 1.084088 1.040049 1.143945 0.927152 0.845569 
40 1.021196 0.981087 1.076867 0.955379 1.097611 0.875773 0.999047 0.972700 1.087499 0.974423 1.012797 1.108091 0.980731 1.015209 0.914293 0.984760 1.132557 0.939033 1.038162 1.023388 1.020991 0.908287 0.930541 0.997195 1.086155 1.002810 0.902079 1.029068 1.084309 0.986771 0.947005 1.035325 1.036133 0.902694 0.906027 1.068421 1.041499 1.126957 0.934721 0.866932 
41 1.008530 0.992988 1.049526 0.968229 1.056680 0.934073 1.001701 0.982232 1.041436 0.986497 1.011382 1.058720 0.986522 1.005340 0.951817 0.998674 1.083928 0.956714 1.023140 1.006645 1.015587 0.946916 0.969577 1.000852 1.041630 0.993464 0.942509 1.018592 1.047404 0.997487 0.952046 1.020239 1.029638 0.943853 0.950105 1.033411 1.024761 1.082050 0.955338 0.923548 
42 1.008029 0.993714 1.048274 0.969072 1.054686 0.937267 1.001994 0.982857 1.039286 0.987224 1.011387 1.056276 0.987021 1.004993 0.953983 0.999573 1.081463 0.957809 1.022518 1.006014 1.015423 0.949134 0.971715 1.001182 1.039476 0.993143 0.944842 1.018209 1.045533 0.998173 0.952641 1.019540 1.029321 0.946198 0.952567 1.031768 1.023972 1.079789 0.956682 0.926614 
43 1.000074 0.996423 1.031348 0.983554 1.021820 0.981772 1.000533 0.989438 1.013805 0.994037 1.002757 1.017038 0.996568 1.001378 0.988851 1.011870 1.032197 0.976574 1.009035 1.003140 1.006384 0.983271 0.995697 1.001487 1.006492 0.989161 0.984002 1.011272 1.004267 1.002225 0.977096 0.998039 1.011137 0.984604 0.989418 1.007033 1.004519 1.034121 0.987293 0.966345 
44 1.000003 0.996564 1.015277 0.993424 1.005497 0.991244 0.999248 0.995844 1.006896 0.998618 1.003341 1.006229 0.999134 1.001485 0.998145 1.008103 1.008036 0.988818 1.000164 0.998912 1.005695 0.999484 0.999367 0.996450 0.998610 0.996935 0.994501 1.004387 1.003443 1.000316 0.987938 0.999210 1.001539 0.998554 0.999309 1.002758 1.000290 1.007301 0.997980 0.990623 
45 1.000976 0.998833 1.000335 0.998676 1.000813 0.998869 0.998898 0.999685 1.001590 1.001112 1.001399 0.999190 1.000474 1.000547 0.999699 0.999991 0.999358 0.998478 0.999119 0.999910 1.000048 0.999854 1.001617 1.000053 1.000236 0.998850 0.999690 1.000689 1.000586 1.000649 0.999736 0.999389 0.999965 1.000713 0.999867 1.000420 0.999885 1.000822 0.999281 0.999983 
46 1.000602 0.999272 1.000271 0.998861 1.000647 0.999338 0.999141 0.999812 1.001008 1.001001 1.000893 0.999631 1.000422 1.000321 0.999641 1.000072 0.999434 0.999015 0.999155 0.999889 1.000063 0.999785 1.001165 1.000001 1.000402 0.999169 0.999699 1.000650 1.000313 1.000386 0.999952 0.999617 0.999882 1.000606 1.000068 1.000251 1.000008 1.000476 0.999331 1.000089 
47 0.999999 1.000000 1.000003 0.999999 1.000001 1.000002 1.000000 1.000002 1.000000 0.999998 0.999999 0.999996 1.000002 1.000006 0.999999 0.999997 0.999998 0.999998 1.000001 1.000001 1.000002 0.999998 1.000000 1.000003 1.000002 0.999999 0.999997 1.000000 1.000000 1.000000 0.999997 1.000001 1.000002 1.000001 1.000000 1.000000 1.000003 0.999995 1.000002 0.999998 
48 1.000000 1.000000 1.000000 1.000000 1.000000 1.000000 1.000000 1.000000 1.000000 1.000000 1.000000 0.999999 1.000000 1.000001 1.000000 0.999999 1.000000 1.000000 1.000000 1.000000 1.000000 1.000000 1.000000 1.000000 1.000000 1.000000 0.999999 1.000000 1.000000 1.000000 0.999999 1.000000 1.000000 1.000000 1.000000 1.000000 1.000000 0.999999 1.000000 1.000000 
49 1.000000 1.000000 1.000000 1.000000 1.000000 1.000000 1.000000 1.000000 1.000000 1.000000 1.000000 1.000000 1.000000 1.000000 1.000000 1.000000 1.000000 1.000000 1.000000 1.000000 1.000000 1.000000 1.000000 1.000000 1.000000 1.000000 1.000000 1.000000 1.000000 1.000000 1.000000 1.000000 1.000000 1.000000 1.000000 1.000000 1.000000 1.000000 1.000000 1.000000 


0 8.618257 5.742401 3.337732 0.203910 3.439748 2.147694 -0.765308 -0.987807 2.806457 0.005249 -0.116931 3.434079 -0.968398 -1.695850 0.740242 2.545715 -2.811575 1.849884 3.338616 -0.140042 -0.632045 -0.166550 -0.439528 2.700269 0.542445 -1.320238 -0.038306 -1.009958 3.160823 -0.265683 0.114092 -0.786906 3.549234 0.473774 -0.772711 3.659389 0.071181 -1.865150 -0.529458 0.866271 
1 8.623601 5.769976 3.376683 0.258413 3.499111 2.222642 -0.681066 -0.919034 2.887832 0.066433 -0.043680 3.496641 -0.893117 -1.630694 0.821865 2.626192 -2.720947 1.917547 3.437802 -0.059635 -0.557930 -0.079473 -0.364450 2.779089 0.610937 -1.260142 0.041205 -0.931052 3.243241 -0.190630 0.196441 -0.695148 3.615446 0.553914 -0.698268 3.727863 0.135781 -1.797723 -0.474381 0.913177 
2 5.090268 2.970984 1.889364 -0.260900 3.078379 2.114657 -0.634220 -0.543646 3.267516 0.459828 0.281517 3.498353 -0.616243 -1.435438 1.227701 3.031423 -1.750747 2.376755 4.525687 0.470628 -0.255914 0.330549 -0.170658 3.133600 0.656238 -1.315200 0.315342 -0.471807 3.867715 -0.128665 0.643631 -0.006818 3.986429 1.288818 -0.111861 3.488252 -0.027367 -2.399858 -1.204737 -0.459115 
3 4.375651 2.368395 1.362240 0.051060 2.800858 1.640503 -0.140693 -0.465060 3.248372 0.932446 0.007649 3.598921 0.072010 -1.293020 1.336956 2.519511 -0.949025 2.066362 4.442841 0.228991 -0.312835 0.432150 0.015969 3.247911 1.063518 -1.344274 0.978591 -0.458380 3.970626 -1.041690 0.262569 -0.156768 3.566723 1.581282 0.700159 3.111229 0.220690 -1.985495 -1.186908 -0.696261 
4 3.710091 1.764126 1.222265 0.551398 2.699933 1.739411 -0.298467 -0.046289 3.243290 0.996797 -0.059507 3.642061 0.545907 -0.788193 1.508405 2.293687 -0.434774 1.832457 3.591135 0.374081 -0.638870 0.239077 0.261870 3.489644 0.765702 -1.033668 1.099094 -0.380328 3.914146 -1.356979 -0.082469 0.055487 3.172290 0.968868 1.245155 3.190760 0.399092 -1.503178 -0.885983 -0.655408 
5 3.365588 1.598229 0.869928 0.730216 2.632881 1.697284 -0.388743 0.359206 2.777340 0.989897 0.087062 3.289123 0.792226 -0.422738 1.789727 2.244606 0.327481 1.447385 2.833762 0.599898 -0.473991 -0.178870 -0.097920 3.124142 0.619410 -0.779759 1.049293 -0.143393 3.844066 -1.293641 -0.014459 0.240949 2.883205 0.952145 1.823627 3.335311 0.151756 -0.950834 -0.779146 -0.507784 
6 3.034248 1.393918 0.851101 1.010252 2.521806 1.864398 -0.501500 0.440388 2.409125 0.870719 0.406914 3.023089 0.899656 0.063766 1.888496 2.121941 0.651278 1.069645 2.425673 0.601840 -0.391571 -0.289568 -0.388313 2.851343 0.634207 -0.616420 0.984148 0.010239 3.653332 -1.450848 0.199285 0.463717 2.694958 1.251603 1.721286 3.293156 0.195736 -0.392962 -0.566156 -0.483188 
7 2.478035 1.186463 0.828635 1.320745 2.616048 2.006752 -0.584168 0.415359 2.082366 0.890516 0.417419 2.713518 1.025583 0.440034 1.520817 2.058400 1.004473 0.742427 2.073254 0.495239 -0.090217 -0.338287 -0.390228 2.558929 0.694547 -0.123583 0.863268 0.063362 3.470837 -1.398628 0.330781 0.472730 2.588276 1.565326 1.469634 3.204670 -0.050879 0.242246 -0.213767 -0.174092 
8 2.258836 0.971595 0.869859 1.484039 2.649421 1.864542 -0.531528 0.532587 1.896666 0.884524 0.534774 2.571068 1.344546 0.555070 1.103363 2.155730 1.365782 0.608041 1.806004 0.394820 -0.072027 -0.346754 -0.450088 2.305186 0.611262 0.106640 0.899610 0.273001 3.274565 -1.209961 0.570778 0.519866 2.539251 1.653878 1.173870 2.830589 -0.049567 0.446820 0.030810 0.097212 
9 2.110983 0.706336 0.998939 1.504518 2.425226 1.695156 -0.265843 0.909543 1.731069 0.856325 0.616053 2.361739 1.516582 0.718492 0.792856 2.142925 1.526327 0.441120 1.624438 0.459821 0.028001 -0.330733 -0.494766 2.215806 0.713155 0.204761 0.777612 0.410018 3.153779 -1.048291 0.701850 0.453655 2.634293 1.635701 0.927807 2.480066 -0.092006 0.635723 0.351455 0.375978 
10 2.104191 0.692947 1.002707 1.502036 2.412636 1.685388 -0.260448 0.917842 1.720836 0.854314 0.619237 2.358362 1.512822 0.719980 0.778112 2.140121 1.527565 0.438093 1.617134 0.458801 0.027563 -0.333865 -0.495034 2.208041 0.716055 0.205654 0.770927 0.413555 3.147038 -1.043526 0.707176 0.449921 2.631312 1.632273 0.923638 2.466052 -0.094400 0.644346 0.361500 0.384496 
11 2.022614 0.478373 1.115680 1.480558 2.199352 1.537740 -0.135371 1.065850 1.558305 0.854049 0.736584 2.391290 1.407746 0.757228 0.541809 2.128822 1.569568 0.463816 1.548480 0.468654 0.038099 -0.358552 -0.424693 2.085195 0.818330 0.248709 0.692750 0.523310 3.062828 -0.903909 0.872146 0.438548 2.564884 1.601479 0.951069 2.261856 -0.086869 0.882325 0.584130 0.582277 
12 1.982464 0.359410 1.181303 1.501964 2.066102 1.336267 -0.140490 1.064290 1.424867 0.772149 0.794244 2.320143 1.341818 0.889907 0.417120 2.057595 1.631283 0.434172 1.617564 0.562271 0.030269 -0.377332 -0.327948 2.007267 0.930328 0.329288 0.639679 0.522144 2.961085 -0.694266 0.915438 0.455394 2.516825 1.578855 1.028586 2.101449 0.033517 0.941898 0.718194 0.731976 
13 1.893961 0.344976 1.203793 1.511260 1.995944 1.123444 -0.159522 1.110707 1.364224 0.751630 0.820899 2.286937 1.239832 0.942459 0.404472 2.048450 1.616861 0.414295 1.610660 0.681249 0.046512 -0.329286 -0.243621 1.937757 1.074421 0.478812 0.590283 0.585583 2.746009 -0.605083 0.936947 0.488029 2.504808 1.540631 1.053744 1.939950 0.164550 1.012395 0.696322 0.872301 
14 1.824891 0.340572 1.233132 1.502694 2.013373 0.941786 -0.084504 1.172618 1.370920 0.729720 0.891708 2.157809 1.080490 0.971315 0.425277 1.949344 1.628282 0.430426 1.611726 0.672695 0.120886 -0.274394 -0.168440 1.903470 1.094101 0.615687 0.606707 0.612808 2.559966 -0.525045 0.986903 0.522506 2.457495 1.460783 1.067584 1.839308 0.270369 1.060476 0.702671 0.915610 
15 1.685028 0.341361 1.345478 1.353104 2.004053 0.763807 0.084899 1.200826 1.304589 0.760715 0.949031 2.009088 0.909297 1.053843 0.451672 1.803046 1.667728 0.422110 1.533954 0.662026 0.334014 -0.159631 -0.051159 1.848615 1.172116 0.809758 0.646793 0.559835 2.268668 -0.365371 1.155822 0.574842 2.300042 1.259849 1.071390 1.723117 0.520361 1.071139 0.630021 0.984187 
16 1.647059 0.354508 1.329124 1.222103 1.899166 0.622799 0.242182 1.157131 1.254104 0.787162 0.969140 1.948071 0.809982 1.166277 0.469508 1.700043 1.672986 0.446839 1.475478 0.747614 0.523220 -0.060126 0.082879 1.756494 1.110470 0.969263 0.734799 0.555003 2.067827 -0.250053 1.230817 0.602667 2.213056 1.119006 1.002340 1.659164 0.677573 1.135999 0.599695 0.964475 
17 1.616262 0.370474 1.334331 1.046504 1.848887 0.544231 0.395356 1.127315 1.212064 0.810816 0.959531 1.934369 0.784186 1.290922 0.456592 1.492060 1.630687 0.511912 1.410261 0.808829 0.704533 0.045314 0.186004 1.634183 1.068744 1.105452 0.773846 0.617219 1.814139 -0.105972 1.236037 0.716960 2.153539 1.029617 0.999083 1.571568 0.784854 1.173540 0.594373 0.907837 
18 1.584614 0.349520 1.352478 0.930436 1.798635 0.478892 0.485476 1.094556 1.201690 0.799332 0.937437 1.907786 0.809384 1.316186 0.518061 1.326557 1.608597 0.585080 1.368404 0.841996 0.803360 0.189910 0.237875 1.510293 1.062930 1.154903 0.822959 0.620358 1.638807 0.051299 1.216587 0.807877 2.100632 0.950044 0.959376 1.540316 0.831522 1.267887 0.583448 0.907039 
19 1.581746 0.348879 1.352863 0.925422 1.796051 0.475431 0.487685 1.092897 1.200443 0.798255 0.935362 1.905096 0.810052 1.316642 0.520125 1.320076 1.606889 0.589159 1.365493 0.842128 0.806698 0.193378 0.239838 1.504097 1.062411 1.155154 0.823501 0.620804 1.632316 0.056234 1.214564 0.809557 2.097667 0.946869 0.956706 1.538818 0.834034 1.270400 0.583081 0.906105 
20 1.494753 0.377171 1.389588 0.809004 1.744826 0.398125 0.560956 1.071117 1.184756 0.782559 0.883632 1.821589 0.858755 1.350094 0.609035 1.180824 1.578058 0.766568 1.295724 0.854361 0.923296 0.274828 0.332774 1.336517 1.077334 1.151809 0.842233 0.681200 1.501569 0.200753 1.166638 0.850218 2.024665 0.894356 0.889329 1.528835 0.958903 1.350511 0.611512 0.894039 
21 1.435322 0.404802 1.395672 0.775682 1.723491 0.377576 0.664648 1.033799 1.191706 0.801306 0.884293 1.771457 0.913014 1.374433 0.716789 1.086579 1.556112 0.862437 1.270212 0.864041 0.973746 0.324560 0.443861 1.157357 1.090905 1.151474 0.772982 0.711438 1.420700 0.305739 1.151219 0.853619 1.958600 0.826727 0.845628 1.480033 1.017648 1.388538 0.624308 0.869968 
22 1.410270 0.416020 1.402889 0.741450 1.699030 0.386884 0.756410 1.031649 1.199327 0.815728 0.864475 1.718292 0.927392 1.351048 0.774359 1.050878 1.538753 0.889783 1.245983 0.882971 0.953739 0.326483 0.528979 1.055746 1.112825 1.186134 0.748934 0.723338 1.383971 0.386220 1.119296 0.896101 1.879116 0.832470 0.801469 1.462395 1.059079 1.402695 0.633405 0.837670 
23 1.383149 0.447860 1.395177 0.694935 1.678148 0.426034 0.857830 1.002860 1.207023 0.818139 0.867894 1.642311 0.913627 1.319692 0.824779 0.999988 1.541974 0.946075 1.158315 0.933799 0.906324 0.403269 0.602670 0.970345 1.160398 1.241429 0.713463 0.752723 1.382564 0.503307 1.066339 0.895436 1.774028 0.849313 0.765034 1.397489 1.109135 1.415624 0.648842 0.771137 
24 1.358826 0.490983 1.381566 0.675317 1.634257 0.471167 0.917304 0.995281 1.221906 0.830523 0.946268 1.566003 0.936320 1.283069 0.808364 0.990131 1.546569 1.014933 1.128080 0.990179 0.895097 0.456830 0.641782 0.919926 1.205299 1.271161 0.691980 0.746360 1.332098 0.560579 0.991969 0.895877 1.658798 0.848692 0.748246 1.379885 1.124216 1.413980 0.658895 0.726513 
25 1.330335 0.533483 1.394448 0.668761 1.591903 0.488072 0.924470 0.986108 1.205861 0.864207 0.995228 1.528227 0.958188 1.242263 0.818266 0.961566 1.541432 1.035832 1.126938 1.020019 0.890696 0.480164 0.660868 0.911882 1.222377 1.302165 0.693497 0.768795 1.320177 0.595730 0.960700 0.895218 1.595141 0.837729 0.731008 1.365312 1.114641 1.402471 0.678943 0.698636 
26 1.290547 0.586972 1.375747 0.674377 1.569389 0.504450 0.937287 1.005177 1.156275 0.904945 1.048640 1.510140 0.983889 1.196401 0.837916 0.934756 1.509521 1.044710 1.141259 1.053050 0.899406 0.523798 0.675638 0.921848 1.230435 1.318164 0.690087 0.800124 1.298954 0.666679 0.910551 0.878536 1.470809 0.833305 0.698371 1.347298 1.116400 1.390490 0.715590 0.665607 
27 1.288804 0.590577 1.375060 0.676645 1.566733 0.505566 0.938173 1.005225 1.156408 0.907081 1.050049 1.508771 0.985799 1.193334 0.839290 0.933928 1.507614 1.045722 1.141232 1.055338 0.902286 0.525384 0.676409 0.924902 1.229291 1.317854 0.688729 0.800864 1.298288 0.671026 0.909796 0.879910 1.464368 0.834918 0.698172 1.344183 1.116951 1.391064 0.717157 0.664905 
28 1.272505 0.616594 1.367129 0.693054 1.542250 0.511422 0.941995 1.002500 1.155780 0.921530 1.057755 1.495132 0.998365 1.166149 0.847281 0.924693 1.489357 1.051511 1.137284 1.070873 0.923539 0.534416 0.679783 0.947475 1.216709 1.312228 0.674362 0.803511 1.290337 0.702688 0.901850 0.888800 1.410966 0.845867 0.694785 1.315547 1.118711 1.392990 0.726676 0.657142 
29 1.234695 0.672211 1.342201 0.718942 1.505955 0.518240 0.965270 0.983743 1.143617 0.893632 1.072046 1.466775 1.022217 1.116565 0.852829 0.910338 1.456280 1.042795 1.121026 1.099514 0.956549 0.567076 0.721813 0.990176 1.204431 1.280431 0.659874 0.835075 1.279413 0.733216 0.907667 0.920591 1.323509 0.857599 0.695408 1.288447 1.100619 1.377625 0.745893 0.664350 
30 1.214711 0.710029 1.318877 0.744963 1.466283 0.520636 0.985855 0.962103 1.129139 0.893087 1.068551 1.429160 1.036421 1.092943 0.854307 0.913110 1.432618 1.038684 1.112404 1.102541 0.969840 0.608571 0.746771 1.028381 1.195535 1.254710 0.637721 0.873565 1.263294 0.759275 0.913419 0.951021 1.259116 0.861258 0.700577 1.282124 1.085542 1.363603 0.759325 0.668695 
31 1.199428 0.740791 1.299895 0.784451 1.431116 0.532532 0.991436 0.954799 1.120453 0.910630 1.061957 1.404420 1.024191 1.077861 0.855405 0.911676 1.425626 1.031596 1.092887 1.109094 0.987293 0.644655 0.776461 1.043341 1.195792 1.210363 0.640395 0.897399 1.242499 0.786286 0.913941 0.980574 1.217013 0.866677 0.699391 1.272653 1.067512 1.332921 0.777503 0.672072 
32 1.170252 0.772563 1.277466 0.831421 1.399564 0.553969 1.013056 0.931295 1.114563 0.933237 1.059483 1.366853 1.010178 1.069986 0.855911 0.921025 1.386611 1.020069 1.071249 1.117241 1.002778 0.670986 0.788809 1.052157 1.199697 1.160248 0.671491 0.928166 1.226635 0.823303 0.906938 1.010974 1.178076 0.860717 0.709591 1.252713 1.049586 1.303049 0.797277 0.687795 
33 1.141298 0.817695 1.254300 0.880552 1.345427 0.590949 1.019268 0.934469 1.115591 0.935184 1.049912 1.327548 1.003661 1.075066 0.853520 0.935359 1.339127 1.005093 1.057668 1.099847 1.017156 0.703040 0.812450 1.051260 1.204639 1.120814 0.717621 0.959235 1.213063 0.871509 0.908832 1.027575 1.136415 0.854877 0.731666 1.221945 1.025538 1.277334 0.798087 0.691887 
34 1.109984 0.857394 1.216737 0.928314 1.274248 0.651984 1.025858 0.932426 1.130381 0.932948 1.041693 1.290247 0.993821 1.060095 0.854318 0.939655 1.296495 0.976023 1.047224 1.075585 1.034873 0.734741 0.831306 1.047092 1.200442 1.085907 0.761688 1.005611 1.183724 0.925873 0.908898 1.024817 1.102583 0.854674 0.760733 1.202228 1.024580 1.242564 0.808636 0.715428 
35 1.093056 0.887582 1.176794 0.945160 1.221015 0.720351 1.015560 0.935844 1.142054 0.935177 1.025466 1.244593 0.980988 1.049322 0.863193 0.950641 1.264990 0.953979 1.055306 1.059509 1.053058 0.771563 0.849465 1.035675 1.190533 1.057099 0.800417 1.045209 1.166796 0.949950 0.907960 1.034428 1.061954 0.845564 0.786465 1.161890 1.024574 1.214677 0.832924 0.752795 
36 1.091673 0.889457 1.173898 0.945967 1.217297 0.724574 1.014621 0.935890 1.142593 0.935193 1.024235 1.241421 0.979958 1.048446 0.863596 0.951194 1.262662 0.952344 1.055550 1.058179 1.053951 0.773773 0.850458 1.034718 1.189648 1.055022 0.802736 1.047451 1.165419 0.951317 0.907717 1.034839 1.059181 0.844808 0.788003 1.159012 1.024371 1.212603 0.834477 0.755047 
37 1.064346 0.933164 1.129145 0.941581 1.171353 0.770270 1.005496 0.939800 1.151272 0.942501 1.018724 1.209104 0.974704 1.042884 0.877803 0.968341 1.231694 0.933602 1.052985 1.034965 1.051580 0.807561 0.867246 1.028232 1.177035 1.032142 0.832915 1.052941 1.143088 0.972624 0.914453 1.044989 1.041339 0.846401 0.815622 1.127021 1.024443 1.189125 0.880109 0.784277 
38 1.050524 0.954069 1.101453 0.950174 1.144951 0.806939 0.996971 0.949821 1.134108 0.952074 1.013664 1.171594 0.978907 1.022082 0.883159 0.979981 1.193981 0.923373 1.047824 1.027898 1.051842 0.844036 0.887819 1.015435 1.156859 1.018404 0.855558 1.047916 1.127083 0.981592 0.926837 1.049293 1.041982 0.853503 0.849236 1.107072 1.035619 1.172429 0.910424 0.798003 
39 1.025713 0.982213 1.083329 0.957131 1.113198 0.851804 0.997210 0.966380 1.109228 0.969609 1.007645 1.127851 0.979628 1.014275 0.893447 0.981642 1.153046 0.924685 1.045610 1.029416 1.033069 0.888685 0.912965 1.003101 1.109201 0.999595 0.884812 1.039530 1.104558 0.988086 0.941342 1.041399 1.035537 0.882654 0.888767 1.085402 1.037638 1.145799 0.926181 0.841389 
40 1.013229 0.992264 1.062154 0.967395 1.074770 0.905658 0.998226 0.975901 1.066157 0.980058 1.015184 1.085972 0.983622 1.008348 0.927520 0.992659 1.107186 0.941994 1.032243 1.013063 1.019361 0.927664 0.948571 1.004899 1.063991 0.989124 0.921398 1.029441 1.070249 0.993866 0.948508 1.034170 1.031253 0.920514 0.924569 1.050783 1.034136 1.106367 0.942555 0.892697 
41 1.005962 0.998766 1.044183 0.973108 1.049844 0.940876 1.001159 0.982937 1.036877 0.989014 1.010480 1.051903 0.987435 1.002049 0.953247 1.001598 1.075134 0.955965 1.022697 1.005152 1.017076 0.953058 0.974699 1.005956 1.036431 0.987801 0.948071 1.019508 1.044134 1.000986 0.954018 1.019338 1.026821 0.949261 0.956523 1.029367 1.019298 1.074803 0.958860 0.931632 
42 0.999947 0.998157 1.029573 0.984931 1.019156 0.982953 0.999819 0.989634 1.011832 0.995250 1.003480 1.014358 0.995457 0.999601 0.989372 1.013326 1.028284 0.976343 1.009124 1.003271 1.006112 0.986501 0.998133 1.004533 1.004505 0.987119 0.985323 1.010927 1.002560 1.002407 0.978782 0.998397 1.009510 0.986633 0.992084 1.004898 1.003593 1.029921 0.989235 0.970125 
43 1.000011 0.998181 1.026446 0.987068 1.016126 0.984974 0.999830 0.991202 1.010746 0.996098 1.003644 1.012492 0.996277 0.999930 0.991473 1.012407 1.023674 0.979125 1.007403 1.002512 1.006128 0.989744 0.998719 1.003207 1.003146 0.989378 0.987548 1.009534 1.002795 1.002082 0.981166 0.998726 1.007731 0.989526 0.994098 1.004413 1.003069 1.024840 0.991314 0.975003 
44 0.999672 0.997583 1.014756 0.994033 1.004881 0.991268 0.999099 0.996172 1.006294 0.998583 1.003619 1.005437 0.998499 1.000533 0.998074 1.008364 1.006807 0.988391 1.000597 0.999165 1.005572 1.000351 1.000023 0.997837 0.997853 0.996848 0.994597 1.003956 1.003150 1.000238 0.988861 0.999253 1.000935 0.998992 1.000474 1.002129 1.000652 1.006267 0.997929 0.991527 
45 1.000816 0.999066 1.000112 0.998701 1.000695 0.999100 0.998805 0.999812 1.001349 1.001127 1.001335 0.999352 1.000525 1.000500 0.999748 0.999852 0.999313 0.998622 0.999223 0.999886 1.000257 0.999861 1.001302 1.000237 1.000163 0.999161 0.999865 1.000627 1.000419 1.000468 0.999859 0.999452 0.999768 1.000606 0.999973 1.000411 0.999932 1.000615 0.999370 1.000030 
46 1.000184 0.999762 1.000010 0.999532 1.000209 0.999786 0.999602 0.999899 1.000325 1.000491 1.000352 1.000079 1.000163 0.999951 0.999890 1.000124 0.999784 0.999668 0.999620 0.999945 1.000056 0.999990 1.000374 0.999958 1.000155 0.999771 0.999961 1.000249 1.000054 1.000100 1.000111 0.999849 0.999836 1.000152 1.000067 1.000097 0.999943 1.000263 0.999633 1.000127 
47 0.999999 0.999995 0.999998 1.000003 0.999997 1.000000 0.999998 0.999998 1.000003 0.999999 1.000002 1.000001 0.999998 0.999998 1.000004 1.000003 0.999999 0.999998 1.000000 1.000004 0.999998 1.000006 1.000002 1.000000 0.999997 1.000001 1.000000 0.999995 1.000001 1.000003 1.000001 0.999998 1.000001 0.999993 0.999995 1.000002 0.999995 1.000006 0.999998 1.000003 
48 1.000000 1.000000 1.000000 1.000000 1.000000 1.000000 1.000000 1.000000 1.000000 1.000000 1.000000 1.000000 1.000000 1.000000 1.000000 1.000000 1.000000 1.000000 1.000000 1.000000 1.000000 1.000000 1.000000 1.000000 1.000000 1.000000 1.000000 1.000000 1.000000 1.000000 1.000000 1.000000 1.000000 1.000000 1.000000 1.000000 1.000000 1.000000 1.000000 1.000000 
49 1.000000 1.000000 1.000000 1.000000 1.000000 1.000000 1.000000 1.000000 1.000000 1.000000 1.000000 1.000000 1.000000 1.000000 1.000000 1.000000 1.000000 1.000000 1.000000 1.000000 1.000000 1.000000 1.000000 1.000000 1.000000 1.000000 1.000000 1.000000 1.000000 1.000000 1.000000 1.000000 1.000000 1.000000 1.000000 1.000000 1.000000 1.000000 1.000000 1.000000 


0 9.417646 5.749496 3.133661 -0.467339 3.462439 2.094499 -1.070602 -1.103460 3.133438 -0.180391 -0.302100 3.781410 -1.071961 -1.609813 0.860416 2.464022 -3.177941 2.066222 3.563886 -0.359325 -0.604071 -0.228580 -0.463204 2.694028 0.597225 -1.206548 0.054088 -1.176366 3.182808 -0.418114 0.250110 -0.942751 3.894341 0.221403 -0.885125 3.809402 0.211282 -2.096885 -0.578845 1.104931 
1 9.426635 5.785161 3.182225 -0.402289 3.531876 2.179649 -0.974223 -1.025706 3.225367 -0.110837 -0.219555 3.850352 -0.988470 -1.537398 0.951438 2.552445 -3.076811 2.141761 3.674900 -0.269717 -0.520894 -0.131727 -0.379448 2.781765 0.673605 -1.139125 0.143091 -1.088718 3.274577 -0.333664 0.342618 -0.839882 3.969046 0.312352 -0.800920 3.886805 0.284154 -2.019921 -0.515731 1.158542 
2 5.575183 2.867945 1.764572 -0.781054 3.199051 2.090610 -0.843633 -0.590095 3.661617 0.367298 0.143079 3.751473 -0.763158 -1.383531 1.347364 2.871938 -2.041602 2.615247 4.857922 0.267074 -0.205975 0.250025 -0.218635 3.111048 0.668430 -1.226957 0.409837 -0.651094 3.910800 -0.277386 0.826722 -0.097398 4.390607 1.179171 -0.123553 3.621406 0.095459 -2.654941 -1.293557 -0.365776 
3 4.744512 2.266250 1.263529 -0.351665 2.924535 1.591524 -0.296695 -0.504268 3.564631 0.905973 -0.168177 3.859728 -0.035607 -1.266538 1.470475 2.426147 -1.173201 2.260504 4.715743 0.063162 -0.301445 0.394889 -0.038869 3.195163 1.093218 -1.279415 1.122830 -0.683898 4.025965 -1.244487 0.431811 -0.284366 3.935339 1.479856 0.703973 3.244265 0.386889 -2.169105 -1.370864 -0.612176 
4 3.959167 1.656402 1.165605 0.295643 2.866078 1.687513 -0.413624 -0.029217 3.461998 0.973708 -0.237787 3.829091 0.455697 -0.690882 1.628474 2.211848 -0.573641 1.999329 3.779172 0.240879 -0.683111 0.172414 0.231271 3.454302 0.725650 -0.959699 1.248759 -0.598437 3.995296 -1.573254 0.003139 -0.060259 3.533058 0.850191 1.310029 3.343203 0.588148 -1.656125 -1.061294 -0.635421 
5 3.538854 1.497575 0.861668 0.560931 2.807421 1.671969 -0.462581 0.394072 2.871757 0.990773 -0.040993 3.460536 0.691453 -0.338421 1.920635 2.201081 0.283832 1.564271 2.931174 0.499472 -0.558580 -0.263876 -0.165585 3.043583 0.560093 -0.709282 1.169432 -0.342212 3.905460 -1.501723 0.064496 0.173189 3.232830 0.861493 1.952415 3.495361 0.266254 -1.028514 -0.982052 -0.513693 
6 3.177794 1.293474 0.891486 0.894277 2.684570 1.860876 -0.549557 0.462510 2.444812 0.857564 0.300506 3.152817 0.796105 0.171189 2.002815 2.098918 0.645721 1.148977 2.507114 0.530697 -0.487522 -0.374914 -0.467697 2.782042 0.573478 -0.559398 1.082896 -0.196742 3.700651 -1.661409 0.244656 0.406755 3.043480 1.217827 1.818271 3.453255 0.282668 -0.434649 -0.738604 -0.508414 
7 2.596988 1.089177 0.898501 1.234593 2.789017 2.008804 -0.625793 0.411518 2.076264 0.872462 0.311073 2.822181 0.940256 0.546437 1.573782 2.090352 1.047707 0.817244 2.131524 0.446559 -0.178200 -0.427921 -0.463775 2.504036 0.626063 -0.067160 0.934897 -0.125014 3.507695 -1.594316 0.344620 0.398001 2.910624 1.586933 1.532891 3.343885 -0.006104 0.227432 -0.338754 -0.190675 
8 2.374720 0.857430 0.957924 1.405957 2.817748 1.875251 -0.581949 0.519780 1.887485 0.863459 0.465230 2.699921 1.289160 0.635058 1.149883 2.214551 1.421398 0.673191 1.849191 0.348041 -0.169404 -0.422634 -0.531064 2.262902 0.543212 0.150702 0.936625 0.114487 3.308492 -1.407294 0.594537 0.446617 2.827310 1.686143 1.219000 2.935374 -0.041046 0.450280 -0.074619 0.087171 
9 2.262457 0.641220 1.063513 1.426106 2.636814 1.725232 -0.364496 0.842071 1.763796 0.835548 0.548311 2.515174 1.473370 0.754383 0.893445 2.210417 1.570895 0.523005 1.711730 0.401851 -0.074755 -0.421853 -0.562061 2.213854 0.626072 0.233609 0.825300 0.250333 3.231501 -1.259017 0.694248 0.394834 2.881722 1.692580 1.013830 2.644220 -0.092747 0.600427 0.218618 0.324605 
10 2.228954 0.580031 1.084618 1.424528 2.583932 1.680577 -0.318179 0.915989 1.725602 0.824054 0.563720 2.466238 1.509096 0.777663 0.822801 2.202461 1.599508 0.482169 1.671089 0.408876 -0.057976 -0.429235 -0.574627 2.194766 0.641833 0.248072 0.790391 0.277809 3.206176 -1.228521 0.713301 0.374828 2.888266 1.687448 0.959746 2.565976 -0.110933 0.632674 0.285786 0.377678 
11 2.134595 0.354621 1.194017 1.399500 2.341539 1.528211 -0.202589 1.081691 1.565607 0.826088 0.692978 2.510303 1.417641 0.804209 0.581264 2.192651 1.619528 0.493320 1.592750 0.425492 -0.042796 -0.458606 -0.498367 2.096123 0.760601 0.284554 0.685434 0.401032 3.140609 -1.093291 0.877231 0.351575 2.791939 1.659277 0.970410 2.361294 -0.100682 0.884638 0.523624 0.584926 
12 2.097420 0.239696 1.239985 1.431345 2.205692 1.313829 -0.217837 1.079046 1.438432 0.750968 0.769676 2.444905 1.358830 0.922782 0.446289 2.109665 1.680700 0.459853 1.667063 0.518995 -0.052083 -0.476979 -0.403587 2.023912 0.874274 0.360461 0.622432 0.409506 3.059764 -0.871067 0.929796 0.362684 2.718617 1.637582 1.055014 2.193747 0.014381 0.950627 0.662342 0.734347 
13 2.001035 0.232884 1.256501 1.447903 2.131284 1.098607 -0.247749 1.136666 1.380397 0.735282 0.803194 2.401931 1.264224 0.973688 0.416284 2.089760 1.656815 0.430222 1.663500 0.652133 -0.036108 -0.436684 -0.321334 1.967250 1.034511 0.512084 0.562506 0.479305 2.849824 -0.771169 0.951307 0.410441 2.691928 1.598984 1.073878 2.030720 0.149820 1.014740 0.642493 0.874406 
14 1.932194 0.238650 1.271044 1.455462 2.139051 0.912469 -0.172273 1.194761 1.385810 0.720016 0.882817 2.271789 1.100552 0.988287 0.424114 1.992681 1.669645 0.441696 1.663308 0.651912 0.034557 -0.376401 -0.250568 1.936520 1.066439 0.646743 0.583318 0.509805 2.669771 -0.688927 1.005319 0.448281 2.631189 1.512563 1.074256 1.931896 0.247647 1.076579 0.649430 0.919215 
15 1.777634 0.260563 1.375116 1.326528 2.126749 0.730714 0.008115 1.225164 1.312648 0.754570 0.955490 2.104053 0.913156 1.072880 0.419268 1.832752 1.716744 0.431592 1.579112 0.646061 0.256891 -0.260199 -0.138033 1.895522 1.169719 0.843522 0.615699 0.473289 2.371582 -0.512249 1.179749 0.515378 2.451232 1.294601 1.066716 1.807021 0.501739 1.082466 0.589837 0.979263 
16 1.727195 0.280168 1.356148 1.208852 2.003958 0.589590 0.173701 1.180985 1.259746 0.781944 0.973982 2.042903 0.814658 1.181466 0.429406 1.736728 1.732433 0.444824 1.517856 0.743403 0.452629 -0.158820 -0.008003 1.806589 1.123541 1.003293 0.699602 0.473620 2.164659 -0.377242 1.257393 0.559999 2.344720 1.139766 0.984585 1.737193 0.654433 1.144612 0.556401 0.957433 
17 1.685027 0.305428 1.358967 1.043417 1.935586 0.495486 0.352916 1.145474 1.219092 0.799899 0.963389 2.025796 0.776848 1.311182 0.411166 1.515757 1.697130 0.509182 1.448845 0.807378 0.656509 -0.049491 0.102321 1.678599 1.082713 1.145838 0.743960 0.560057 1.895225 -0.214203 1.257514 0.687804 2.257982 1.039767 0.976197 1.632392 0.765656 1.191581 0.560772 0.888353 
18 1.666834 0.297489 1.365826 1.003654 1.914385 0.471202 0.384702 1.131004 1.213443 0.792231 0.952430 2.015429 0.782090 1.320150 0.429150 1.456034 1.687248 0.530248 1.429543 0.817034 0.693945 -0.001426 0.119288 1.635466 1.081742 1.160902 0.755956 0.564768 1.831109 -0.158745 1.247189 0.717969 2.232517 1.007062 0.961263 1.616337 0.781268 1.221747 0.555891 0.885203 
19 1.627990 0.284643 1.389000 0.914248 1.869262 0.419728 0.467490 1.101713 1.207304 0.777782 0.931452 1.995121 0.802938 1.345376 0.481795 1.319459 1.670439 0.587998 1.390366 0.846126 0.789290 0.122759 0.166302 1.537156 1.086749 1.200332 0.791704 0.581807 1.684626 -0.017354 1.228205 0.797271 2.176399 0.934494 0.929966 1.585790 0.824829 1.303090 0.550306 0.885392 
20 1.525517 0.320584 1.430729 0.792931 1.803425 0.322996 0.554356 1.071876 1.193120 0.752665 0.876891 1.895670 0.852239 1.382209 0.579472 1.171089 1.645867 0.768315 1.312962 0.858845 0.932611 0.210637 0.275111 1.350867 1.101005 1.193284 0.813114 0.664219 1.531882 0.156177 1.174376 0.849217 2.078143 0.869269 0.855827 1.567792 0.964438 1.393853 0.577394 0.868660 
21 1.457320 0.356041 1.440611 0.760284 1.775743 0.298028 0.663566 1.031569 1.205776 0.775054 0.880308 1.836880 0.903519 1.409484 0.690876 1.074516 1.622031 0.857287 1.283122 0.868401 0.994843 0.264635 0.400685 1.165252 1.118612 1.187624 0.736120 0.705005 1.439847 0.270721 1.157323 0.856072 2.003016 0.794823 0.808606 1.513450 1.026937 1.439421 0.588264 0.841493 
22 1.429457 0.370155 1.448296 0.721647 1.754405 0.308046 0.761044 1.025069 1.216886 0.795036 0.863113 1.774441 0.916150 1.382251 0.746981 1.035939 1.603391 0.877845 1.255287 0.887430 0.970601 0.271163 0.496536 1.057694 1.144398 1.217096 0.710816 0.718884 1.400510 0.365480 1.122310 0.904515 1.914040 0.799845 0.763090 1.492907 1.072605 1.456544 0.599242 0.806426 
23 1.399631 0.408920 1.437262 0.668550 1.733047 0.346982 0.863294 0.994444 1.228428 0.806271 0.871237 1.688329 0.900527 1.348679 0.794754 0.986012 1.602145 0.930866 1.161729 0.943601 0.921033 0.356004 0.579683 0.967203 1.195540 1.262516 0.673683 0.753808 1.401202 0.490860 1.064902 0.904130 1.807245 0.815398 0.724035 1.423528 1.127707 1.473400 0.617071 0.734946 
24 1.375588 0.457928 1.423313 0.645118 1.680376 0.397858 0.921746 0.988147 1.247729 0.821666 0.954397 1.606785 0.927882 1.306262 0.775241 0.975717 1.604948 1.002875 1.131403 1.002156 0.908499 0.416975 0.623230 0.910638 1.241430 1.290011 0.650848 0.747625 1.350308 0.553905 0.982909 0.905967 1.686710 0.814303 0.709488 1.404451 1.143447 1.471488 0.629033 0.683978 
25 1.342119 0.505848 1.435646 0.637291 1.634967 0.420950 0.931040 0.976419 1.229114 0.855623 1.006430 1.569528 0.953402 1.258665 0.789100 0.944589 1.594824 1.023744 1.134100 1.033307 0.902699 0.442504 0.640986 0.901797 1.257786 1.324194 0.655404 0.774433 1.339149 0.592325 0.945437 0.901905 1.615309 0.802381 0.691326 1.390702 1.133847 1.457063 0.654420 0.655209 
26 1.304324 0.559407 1.414216 0.643678 1.612906 0.444459 0.942860 0.996341 1.182730 0.890114 1.053484 1.554491 0.978756 1.213849 0.812950 0.922386 1.563277 1.035703 1.151212 1.062463 0.911385 0.484105 0.651082 0.910278 1.262150 1.339890 0.652512 0.802280 1.319257 0.658540 0.894701 0.882697 1.493076 0.799875 0.660528 1.371417 1.134635 1.442291 0.688896 0.622461 
27 1.303268 0.561648 1.413719 0.644315 1.612247 0.445600 0.943590 0.997216 1.181564 0.891571 1.055284 1.554147 0.979954 1.212429 0.814113 0.921907 1.562427 1.036400 1.152043 1.063793 0.912129 0.485821 0.651720 0.911075 1.262438 1.340582 0.652598 0.803446 1.318854 0.661211 0.893346 0.882504 1.488983 0.800191 0.659795 1.370835 1.134939 1.442142 0.690340 0.621634 
28 1.288248 0.590882 1.405176 0.663885 1.585052 0.456143 0.945914 0.995919 1.180285 0.908593 1.061446 1.539175 0.993098 1.182375 0.826296 0.912313 1.544631 1.045593 1.147827 1.078104 0.932944 0.495293 0.655595 0.936829 1.249076 1.335885 0.638570 0.804277 1.311093 0.693634 0.885943 0.892289 1.433469 0.813099 0.656614 1.340683 1.135150 1.441884 0.700253 0.612331 
29 1.248156 0.651169 1.371652 0.697082 1.547799 0.469644 0.973390 0.972604 1.165571 0.882699 1.076637 1.506949 1.019050 1.126092 0.835890 0.897803 1.503483 1.041053 1.128530 1.111115 0.964321 0.527686 0.697248 0.987900 1.233504 1.299823 0.624833 0.833317 1.299442 0.724530 0.893091 0.924747 1.339884 0.829913 0.659840 1.313049 1.115744 1.420200 0.721633 0.623018 
30 1.227349 0.695340 1.342947 0.729293 1.503063 0.475773 0.993398 0.951511 1.146167 0.883758 1.071957 1.463769 1.035860 1.099007 0.839528 0.900594 1.473510 1.040409 1.119079 1.115691 0.975539 0.576088 0.727063 1.032658 1.222233 1.270008 0.602652 0.872797 1.284183 0.750567 0.901880 0.958800 1.266380 0.838164 0.666980 1.305867 1.094119 1.398977 0.735562 0.628138 
31 1.213646 0.724902 1.325686 0.767090 1.468494 0.488454 0.995452 0.947484 1.135871 0.899828 1.067711 1.441505 1.026347 1.082630 0.841114 0.897679 1.463628 1.034815 1.100990 1.121979 0.989750 0.612270 0.756859 1.046490 1.220923 1.228730 0.607859 0.894005 1.267328 0.773737 0.902896 0.984679 1.227115 0.846868 0.666989 1.298185 1.073766 1.364918 0.753333 0.633834 
32 1.186694 0.755670 1.300588 0.818805 1.431786 0.513198 1.014996 0.924618 1.128388 0.929401 1.066534 1.402220 1.012819 1.072686 0.841993 0.909745 1.420087 1.024948 1.078644 1.128602 1.004636 0.643625 0.768371 1.056906 1.220810 1.174800 0.638387 0.924745 1.249107 0.812310 0.894277 1.012055 1.187188 0.846650 0.679427 1.280015 1.055040 1.327545 0.777201 0.654694 
33 1.156310 0.802440 1.276441 0.870405 1.376676 0.556491 1.020140 0.926155 1.125877 0.933854 1.058239 1.356462 1.006065 1.076098 0.842061 0.928740 1.364301 1.009784 1.063871 1.113201 1.018394 0.677608 0.795131 1.057547 1.224080 1.129114 0.692348 0.955884 1.235704 0.859845 0.896892 1.029796 1.142865 0.843817 0.704710 1.242278 1.024245 1.295963 0.783282 0.664833 
34 1.117244 0.855345 1.227880 0.931473 1.286492 0.636816 1.026507 0.926336 1.139829 0.931223 1.046442 1.305019 0.995523 1.059914 0.845955 0.941559 1.307310 0.974022 1.049634 1.079362 1.034888 0.720319 0.823617 1.057511 1.215475 1.083126 0.750165 1.010497 1.197077 0.927239 0.900667 1.024945 1.100551 0.849875 0.745738 1.213005 1.017030 1.250578 0.797814 0.695786 
35 1.115992 0.856669 1.226213 0.932930 1.283718 0.639136 1.026366 0.926209 1.140041 0.931038 1.045851 1.303232 0.994982 1.059259 0.845943 0.941777 1.305494 0.972821 1.049141 1.078241 1.035245 0.721453 0.824277 1.057240 1.214973 1.081622 0.751675 1.011935 1.195825 0.928836 0.900568 1.024706 1.099067 0.849801 0.746804 1.211789 1.016695 1.249047 0.798198 0.696691 
36 1.092029 0.894841 1.174286 0.957905 1.215088 0.728232 1.014402 0.930295 1.150147 0.933570 1.025322 1.242928 0.978508 1.042849 0.858400 0.956805 1.264519 0.943580 1.056302 1.058117 1.055887 0.769247 0.848977 1.044599 1.196641 1.043186 0.800255 1.059202 1.173559 0.956202 0.900686 1.036789 1.050363 0.842988 0.784618 1.161387 1.017041 1.211174 0.829197 0.747531 
37 1.057520 0.946947 1.120994 0.955276 1.160306 0.782701 1.002933 0.936480 1.157310 0.942812 1.016657 1.203058 0.972796 1.036259 0.875331 0.976877 1.226810 0.921803 1.053027 1.032241 1.052916 0.812881 0.868081 1.036088 1.177026 1.015109 0.836425 1.064203 1.147770 0.977701 0.910088 1.050963 1.029064 0.846449 0.820863 1.123835 1.017059 1.181999 0.884098 0.784933 
38 1.044710 0.966277 1.093379 0.964021 1.134822 0.817638 0.994201 0.946546 1.137945 0.952187 1.011480 1.167585 0.978343 1.015928 0.880696 0.987095 1.189112 0.912929 1.048034 1.024760 1.054709 0.848131 0.887626 1.024018 1.157015 1.002990 0.859047 1.058600 1.131152 0.986326 0.923635 1.055091 1.031454 0.853199 0.852868 1.105098 1.027740 1.165848 0.914460 0.798090 
39 1.021291 0.992619 1.076205 0.970350 1.103840 0.862976 0.994604 0.965361 1.108636 0.971074 1.005767 1.122398 0.981211 1.008319 0.890923 0.985752 1.143903 0.918471 1.045730 1.027872 1.035329 0.893592 0.913443 1.011085 1.105927 0.985926 0.890696 1.047152 1.105166 0.992879 0.942627 1.044290 1.027478 0.884467 0.892417 1.082629 1.030816 1.139189 0.929593 0.843574 
40 1.007430 1.002755 1.048572 0.977288 1.058640 0.924970 0.997835 0.978937 1.051787 0.985851 1.014382 1.069515 0.985980 1.002077 0.934249 0.996734 1.087624 0.944735 1.029065 1.007837 1.019456 0.941487 0.960145 1.011597 1.050559 0.980419 0.935003 1.028646 1.062073 0.999942 0.951396 1.032024 1.026494 0.933159 0.938321 1.040622 1.024925 1.089439 0.949328 0.911900 
41 1.002214 1.003993 1.032308 0.981114 1.034353 0.959246 1.000342 0.986492 1.024485 0.994383 1.005945 1.033220 0.990619 0.997759 0.965430 1.006014 1.052034 0.963459 1.018084 1.004555 1.014952 0.968882 0.985949 1.009756 1.022988 0.984566 0.964403 1.015904 1.028743 1.004067 0.964796 1.011172 1.018283 0.965619 0.973798 1.019265 1.008119 1.052567 0.972332 0.952051 
42 0.999768 1.000061 1.024712 0.987137 1.015393 0.984824 0.998884 0.990652 1.008764 0.997030 1.003984 1.011044 0.995022 0.997824 0.990247 1.012667 1.022578 0.978270 1.008452 1.003097 1.005438 0.990101 1.000128 1.007217 1.002464 0.986295 0.987170 1.009320 1.001402 1.002090 0.981790 0.999320 1.007348 0.989100 0.994572 1.002949 1.002418 1.023945 0.991483 0.975847 
43 0.999754 0.999980 1.024396 0.987576 1.014521 0.986236 0.998948 0.990985 1.008105 0.997253 1.004001 1.010035 0.995370 0.997940 0.991623 1.013091 1.021175 0.979143 1.008078 1.003127 1.005077 0.991324 1.000938 1.007176 1.001545 0.986527 0.988445 1.009090 1.000185 1.002100 0.982793 0.998876 1.006874 0.990409 0.995721 1.002262 1.002250 1.022583 0.992563 0.977200 
44 0.999328 0.998870 1.013021 0.995048 1.003905 0.992305 0.999116 0.996814 1.004902 0.998564 1.003475 1.004046 0.998299 0.999448 0.998305 1.007791 1.004923 0.989036 1.000980 0.999489 1.004986 1.001202 1.000872 0.999515 0.996819 0.996903 0.995123 1.003189 1.002428 1.000164 0.990833 0.999218 1.000330 0.999772 1.001591 1.001263 1.000919 1.004912 0.997928 0.993217 
45 1.000535 0.999388 0.999980 0.998805 1.000556 0.999387 0.998876 0.999892 1.000970 1.001051 1.001067 0.999705 1.000529 1.000319 0.999799 0.999871 0.999398 0.998896 0.999303 0.999866 1.000405 0.999902 1.000894 1.000263 1.000110 0.999480 0.999951 1.000546 1.000229 1.000220 0.999995 0.999618 0.999619 1.000456 1.000115 1.000358 0.999985 1.000444 0.999451 1.000070 
46 1.000535 0.999411 0.999850 0.999162 1.000400 0.999440 0.999099 0.999919 1.000884 1.000751 1.000960 0.999520 1.000406 1.000352 0.999939 0.999745 0.999508 0.999070 0.999562 0.999930 1.000278 0.999973 1.000767 1.000283 0.999952 0.999576 1.000047 1.000324 1.000254 1.000252 0.999966 0.999640 0.999752 1.000333 0.999966 1.000329 0.999926 1.000400 0.999674 1.000038 
47 1.000001 1.000001 0.999999 1.000000 1.000001 0.999998 1.000000 1.000000 1.000000 1.000000 1.000001 1.000000 0.999998 0.999998 0.999999 1.000000 1.000001 1.000002 1.000000 0.999998 1.000000 0.999998 1.000000 0.999998 0.999998 1.000000 1.000002 1.000002 1.000000 1.000000 1.000000 1.000000 0.999999 1.000002 1.000001 1.000000 1.000000 1.000001 1.000001 0.999999 
48 1.000000 1.000000 1.000000 1.000000 1.000000 1.000000 1.000000 1.000000 1.000000 1.000000 1.000000 1.000000 1.000000 1.000000 1.000000 1.000000 1.000000 1.000000 1.000000 1.000000 1.000000 1.000000 1.000000 1.000000 1.000000 1.000000 1.000000 1.000000 1.000000 1.000000 1.000000 1.000000 1.000000 1.000000 1.000000 1.000000 1.000000 1.000000 1.000000 1.000000 
49 1.000000 1.000000 1.000000 1.000000 1.000000 1.000000 1.000000 1.000000 1.000000 1.000000 1.000000 1.000000 1.000000 1.000000 1.000000 1.000000 1.000000 1.000000 1.000000 1.000000 1.000000 1.000000 1.000000 1.000000 1.000000 1.000000 1.000000 1.000000 1.000000 1.000000 1.000000 1.000000 1.000000 1.000000 1.000000 1.000000 1.000000 1.000000 1.000000 1.000000 
50 1.000000 1.000000 1.000000 1.000000 1.000000 1.000000 1.000000 1.000000 1.000000 1.000000 1.000000 1.000000 1.000000 1.000000 1.000000 1.000000 1.000000 1.000000 1.000000 1.000000 1.000000 1.000000 1.000000 1.000000 1.000000 1.000000 1.000000 1.000000 1.000000 1.000000 1.000000 1.000000 1.000000 1.000000 1.000000 1.000000 1.000000 1.000000 1.000000 1.000000 


0 10.232473 5.664016 2.911325 -1.206456 3.491471 2.074406 -1.308652 -1.232285 3.479468 -0.395491 -0.522405 4.097568 -1.153815 -1.459022 0.999831 2.343574 -3.513945 2.316216 3.698732 -0.569160 -0.534918 -0.281848 -0.447056 2.586778 0.658719 -1.031417 0.152247 -1.310987 3.153569 -0.554563 0.400594 -1.092198 4.220435 -0.042800 -1.040863 3.945852 0.376901 -2.290189 -0.651042 1.349154 
1 10.246127 5.709655 2.970863 -1.129472 3.571886 2.170413 -1.198790 -1.144540 3.583329 -0.316405 -0.429123 4.173797 -1.060953 -1.378289 1.101733 2.440728 -3.400863 2.400702 3.823444 -0.469538 -0.441748 -0.173941 -0.353509 2.684805 0.744129 -0.955641 0.252185 -1.213685 3.256067 -0.459190 0.504483 -0.976838 4.304926 0.060354 -0.945489 4.033441 0.459103 -2.202282 -0.578351 1.410589 
2 6.061264 2.706053 1.638568 -1.348272 3.312839 2.058670 -0.990657 -0.652559 4.080760 0.260620 -0.012700 3.960947 -0.893396 -1.268558 1.497718 2.642381 -2.291084 2.890055 5.131030 0.047399 -0.130820 0.171078 -0.235391 2.994066 0.684670 -1.079840 0.518787 -0.818738 3.911090 -0.394801 1.020841 -0.180710 4.792965 1.074141 -0.158898 3.740775 0.236737 -2.868765 -1.383433 -0.275905 
3 5.086249 2.114794 1.171997 -0.800267 3.043726 1.535888 -0.407602 -0.545424 3.886544 0.877811 -0.361035 4.108921 -0.125179 -1.182453 1.633844 2.289546 -1.375117 2.492643 4.920998 -0.106555 -0.272796 0.365646 -0.063286 3.050518 1.142884 -1.162539 1.272066 -0.904073 4.030477 -1.418565 0.612203 -0.402413 4.297457 1.368309 0.683207 3.368582 0.586504 -2.309295 -1.569392 -0.521219 
4 4.191693 1.518667 1.114680 0.010953 3.038608 1.603338 -0.481909 -0.007088 3.671794 0.944782 -0.423149 3.983155 0.369158 -0.543366 1.774606 2.083906 -0.694320 2.202966 3.934395 0.111176 -0.707157 0.113471 0.225461 3.329921 0.694242 -0.841934 1.405992 -0.820882 4.035968 -1.750627 0.085735 -0.176120 3.897483 0.721197 1.353484 3.486898 0.809189 -1.771414 -1.237705 -0.615706 
5 3.696584 1.377726 0.886878 0.358954 2.985789 1.624690 -0.504969 0.428933 2.948457 0.999297 -0.166410 3.624069 0.586340 -0.226126 2.065703 2.118323 0.238606 1.721865 3.004703 0.404152 -0.635436 -0.336045 -0.212861 2.887439 0.515405 -0.600241 1.286331 -0.541559 3.918323 -1.677698 0.152576 0.117308 3.586450 0.752689 2.060134 3.636762 0.425824 -1.078841 -1.190314 -0.521709 
6 3.311746 1.178567 0.956932 0.746861 2.844825 1.826365 -0.563797 0.486704 2.463009 0.846029 0.194377 3.258397 0.682397 0.305240 2.124981 2.032736 0.644355 1.256259 2.583024 0.473066 -0.564398 -0.443843 -0.525560 2.652202 0.524981 -0.458915 1.178222 -0.417878 3.704000 -1.836751 0.289416 0.348512 3.398501 1.170971 1.887271 3.598689 0.404280 -0.444125 -0.902073 -0.530755 
7 2.709281 0.982304 0.981311 1.105239 2.962921 1.974607 -0.638120 0.413610 2.053855 0.856064 0.210049 2.921326 0.846325 0.666052 1.623584 2.093123 1.102388 0.922928 2.183608 0.411476 -0.248112 -0.502424 -0.517040 2.399238 0.563302 0.033371 1.003279 -0.319075 3.498806 -1.754560 0.364797 0.320371 3.228383 1.592120 1.578159 3.463092 0.072465 0.237583 -0.458486 -0.200596 
8 2.480771 0.732224 1.065876 1.285312 2.981313 1.860883 -0.606034 0.513503 1.865888 0.840043 0.405914 2.818894 1.225336 0.738031 1.200049 2.239089 1.480454 0.761909 1.886950 0.316625 -0.252995 -0.483267 -0.593169 2.190435 0.482895 0.237195 0.966522 -0.051966 3.298363 -1.582188 0.622997 0.378539 3.111194 1.699400 1.248087 3.021179 0.011101 0.473113 -0.175555 0.075880 
9 2.368786 0.509892 1.148814 1.298857 2.796385 1.685521 -0.411286 0.821614 1.743232 0.801011 0.488090 2.616399 1.428188 0.816577 0.938101 2.228943 1.633318 0.588752 1.747676 0.353145 -0.162177 -0.509176 -0.632882 2.150454 0.546708 0.308806 0.836452 0.085471 3.233802 -1.440966 0.699087 0.312181 3.126772 1.709993 1.041839 2.720778 -0.080398 0.604041 0.117685 0.302329 
10 2.342275 0.450901 1.180527 1.308368 2.746095 1.641048 -0.345202 0.919223 1.713944 0.795450 0.520096 2.565507 1.491731 0.845686 0.868087 2.233061 1.683841 0.545432 1.715475 0.371630 -0.128573 -0.509050 -0.635547 2.146096 0.574193 0.335456 0.804941 0.133587 3.222578 -1.391398 0.730158 0.300671 3.135980 1.719437 0.989950 2.640193 -0.099374 0.652674 0.211884 0.376930 
11 2.235079 0.220775 1.285107 1.284358 2.485652 1.490059 -0.245516 1.103658 1.560093 0.795980 0.656918 2.616717 1.417998 0.868674 0.625746 2.227523 1.680627 0.542308 1.628949 0.395313 -0.107633 -0.549923 -0.553991 2.078827 0.704684 0.360635 0.676752 0.271922 3.179089 -1.263603 0.886518 0.270603 3.010896 1.700822 0.984168 2.446129 -0.077826 0.903711 0.462447 0.584747 
12 2.201797 0.110527 1.310237 1.331763 2.347093 1.266121 -0.271352 1.096958 1.441417 0.731614 0.749635 2.561141 1.367970 0.969399 0.486933 2.136527 1.739231 0.501915 1.705848 0.487415 -0.118816 -0.562662 -0.464366 2.011782 0.820803 0.427512 0.603550 0.288044 3.122330 -1.032246 0.948898 0.272043 2.914777 1.679378 1.072537 2.276009 0.023893 0.979606 0.600851 0.735443 
13 2.102124 0.113288 1.322499 1.358333 2.272694 1.055154 -0.313857 1.162235 1.389006 0.721052 0.788192 2.508121 1.285299 1.019259 0.438973 2.104228 1.704719 0.464636 1.706791 0.627113 -0.104573 -0.535752 -0.386996 1.969890 0.991894 0.573244 0.534595 0.366717 2.926182 -0.924422 0.967971 0.336178 2.875684 1.645822 1.085809 2.116444 0.157387 1.031075 0.586114 0.869379 
14 2.036278 0.128035 1.319931 1.382085 2.269695 0.872707 -0.243907 1.213989 1.394237 0.712278 0.871223 2.386251 1.125305 1.017215 0.435213 2.018814 1.715407 0.470882 1.704372 0.637602 -0.041039 -0.472084 -0.322388 1.943779 1.036542 0.697187 0.558772 0.399660 2.760355 -0.842611 1.022609 0.375842 2.804673 1.556599 1.070894 2.024987 0.240404 1.103938 0.589671 0.917200 
15 1.871947 0.172608 1.409808 1.281241 2.252681 0.685411 -0.052670 1.244639 1.319336 0.747617 0.961545 2.197812 0.919980 1.101013 0.398122 1.845981 1.767672 0.458875 1.616820 0.635785 0.188398 -0.353871 -0.215326 1.921178 1.166833 0.888761 0.584880 0.382569 2.460597 -0.648798 1.199777 0.456697 2.600948 1.323083 1.049977 1.891935 0.493810 1.105156 0.544492 0.968060 
16 1.807794 0.202361 1.390106 1.176012 2.107701 0.545510 0.120562 1.198672 1.266321 0.779364 0.975313 2.137374 0.822120 1.206161 0.395919 1.754599 1.791107 0.461226 1.552292 0.745826 0.392416 -0.254970 -0.086657 1.838280 1.137233 1.050551 0.661542 0.395634 2.246004 -0.491665 1.280432 0.523499 2.472811 1.154257 0.958389 1.813742 0.642571 1.158983 0.508354 0.940641 
17 1.755365 0.236990 1.388971 1.030710 2.022725 0.438767 0.323096 1.157974 1.230998 0.787509 0.965228 2.118528 0.773239 1.332432 0.373777 1.521606 1.763597 0.518100 1.484685 0.809857 0.612257 -0.137896 0.025585 1.709628 1.103021 1.190683 0.709228 0.504860 1.967442 -0.308797 1.273557 0.664206 2.355331 1.044016 0.946819 1.692226 0.750258 1.215434 0.523316 0.861100 
18 1.747200 0.234844 1.390718 1.018264 2.014498 0.430156 0.333648 1.152552 1.228337 0.783933 0.960828 2.114703 0.773201 1.335489 0.377840 1.502117 1.759668 0.523467 1.477013 0.812594 0.625578 -0.123619 0.030848 1.695990 1.102804 1.194984 0.711691 0.508047 1.945866 -0.290981 1.269085 0.673449 2.344506 1.031997 0.941507 1.685306 0.755449 1.224020 0.521634 0.858756 
19 1.668155 0.222290 1.427920 0.898662 1.939672 0.355630 0.457427 1.105915 1.218077 0.751807 0.923862 2.083966 0.796449 1.371593 0.449440 1.309878 1.732799 0.597837 1.410291 0.854988 0.778293 0.056086 0.099094 1.561079 1.120936 1.243871 0.753849 0.550794 1.733352 -0.076924 1.232540 0.788040 2.240172 0.914422 0.892488 1.633398 0.822695 1.341384 0.515348 0.856907 
20 1.552918 0.271856 1.472663 0.782177 1.858784 0.244102 0.555020 1.066769 1.206676 0.721419 0.871919 1.969036 0.845548 1.409178 0.549627 1.159016 1.716470 0.771475 1.330584 0.867028 0.945061 0.145208 0.218675 1.365188 1.134110 1.233040 0.775836 0.655942 1.566051 0.121209 1.175626 0.853287 2.117421 0.837685 0.815510 1.604527 0.970695 1.437668 0.542070 0.833232 
21 1.474678 0.317413 1.485449 0.751393 1.823383 0.217002 0.668357 1.025010 1.224912 0.748607 0.878966 1.901661 0.893607 1.437139 0.661542 1.060648 1.691152 0.850329 1.296562 0.877310 1.019456 0.204171 0.358153 1.175384 1.156058 1.220880 0.692535 0.706411 1.461548 0.245608 1.156527 0.866101 2.031414 0.756369 0.762982 1.546206 1.034839 1.491681 0.552085 0.802435 
22 1.442543 0.335414 1.491345 0.705783 1.806939 0.228928 0.774096 1.013349 1.238644 0.775306 0.864963 1.827176 0.904915 1.405899 0.715508 1.017118 1.669884 0.863570 1.262534 0.897694 0.990310 0.219608 0.466567 1.059988 1.186228 1.243182 0.666156 0.724706 1.418426 0.359201 1.116625 0.920186 1.929320 0.760688 0.715356 1.522387 1.086983 1.513805 0.566881 0.763079 
23 1.410443 0.380159 1.477705 0.647058 1.783280 0.266084 0.871282 0.981564 1.253396 0.796270 0.878070 1.732729 0.889880 1.372134 0.759320 0.968819 1.664174 0.911787 1.165330 0.957799 0.942848 0.310801 0.556496 0.967858 1.237157 1.277083 0.629374 0.765643 1.420664 0.487955 1.057413 0.919779 1.825658 0.773792 0.675899 1.450081 1.144536 1.535318 0.586134 0.688908 
24 1.387496 0.432525 1.463962 0.619773 1.723089 0.320903 0.925978 0.977903 1.276900 0.812527 0.963610 1.649722 0.920406 1.325866 0.738237 0.958731 1.665186 0.983537 1.134411 1.016086 0.930575 0.377216 0.604589 0.907072 1.281208 1.301735 0.607306 0.758310 1.371044 0.554735 0.970055 0.923068 1.703961 0.774200 0.665498 1.428669 1.160659 1.532600 0.599105 0.634503 
25 1.349622 0.483719 1.474904 0.610455 1.675675 0.351484 0.941013 0.961881 1.256635 0.846488 1.018633 1.611239 0.949210 1.272770 0.756010 0.928059 1.647898 1.005013 1.142186 1.047128 0.921248 0.405617 0.618912 0.897228 1.296395 1.340555 0.613342 0.789134 1.358415 0.595571 0.925540 0.913954 1.623786 0.761639 0.649007 1.416928 1.152237 1.515243 0.629951 0.606722 
26 1.338264 0.503380 1.468151 0.613558 1.668655 0.362917 0.945083 0.970491 1.242478 0.856740 1.033841 1.607348 0.958120 1.258166 0.766810 0.922768 1.638953 1.011211 1.149370 1.057489 0.924874 0.420526 0.623147 0.899970 1.297924 1.346888 0.613961 0.798067 1.352981 0.617495 0.909436 0.907235 1.583515 0.762675 0.639693 1.410078 1.152768 1.509340 0.641915 0.596253 
27 1.313561 0.540603 1.452022 0.618266 1.652825 0.383478 0.950520 0.986451 1.211463 0.875557 1.061870 1.597980 0.973710 1.227022 0.786376 0.910104 1.618445 1.021729 1.161360 1.075969 0.930439 0.448087 0.629310 0.903697 1.298517 1.357195 0.612631 0.813532 1.339744 0.659592 0.874850 0.891194 1.500167 0.763007 0.618852 1.393729 1.151882 1.495104 0.663809 0.573039 
28 1.301280 0.568119 1.443718 0.637687 1.626493 0.397430 0.952505 0.985474 1.208099 0.894874 1.066110 1.582641 0.985796 1.197674 0.801202 0.901099 1.601210 1.033427 1.158285 1.085748 0.945807 0.456655 0.631482 0.928955 1.285938 1.355464 0.600381 0.812553 1.332330 0.689274 0.867386 0.899995 1.450205 0.775723 0.616413 1.366259 1.151117 1.492955 0.673402 0.564328 
29 1.262889 0.629233 1.404748 0.675577 1.589940 0.418530 0.979087 0.962800 1.190427 0.874827 1.080969 1.549980 1.011961 1.138625 0.815402 0.885490 1.556167 1.037049 1.136849 1.121137 0.972435 0.485126 0.671037 0.982278 1.267506 1.318337 0.590617 0.832355 1.321261 0.718328 0.875766 0.929735 1.360764 0.797963 0.620945 1.337566 1.131720 1.465703 0.695340 0.577451 
30 1.238397 0.683606 1.364920 0.716180 1.539450 0.432045 1.002485 0.941109 1.162566 0.874770 1.076275 1.498077 1.035116 1.104059 0.822892 0.887412 1.512860 1.042750 1.125843 1.130644 0.981053 0.543533 0.707630 1.036916 1.251176 1.281797 0.568581 0.873042 1.305489 0.744795 0.889218 0.967594 1.271679 0.813597 0.631809 1.328798 1.102122 1.434235 0.711995 0.586556 
31 1.226066 0.712019 1.349835 0.752930 1.502591 0.446692 1.001451 0.938058 1.151565 0.891039 1.072522 1.475703 1.028886 1.084787 0.826638 0.882538 1.499812 1.039090 1.108479 1.135772 0.992147 0.580867 0.737080 1.050634 1.246805 1.245294 0.575318 0.892557 1.291221 0.764435 0.891753 0.990729 1.234087 0.826399 0.634198 1.322880 1.079868 1.396144 0.730520 0.595124 
32 1.201250 0.741767 1.320428 0.808695 1.460811 0.476594 1.018296 0.917969 1.141656 0.924598 1.073019 1.434631 1.016276 1.073883 0.830194 0.898890 1.449531 1.030601 1.084787 1.139911 1.007549 0.620013 0.749427 1.060646 1.241256 1.188473 0.607498 0.923182 1.270902 0.803361 0.881189 1.013847 1.190985 0.833464 0.650347 1.305419 1.059328 1.348280 0.758986 0.622819 
33 1.168343 0.792260 1.293620 0.865624 1.398021 0.530271 1.021328 0.917706 1.135447 0.934960 1.066244 1.379139 1.008992 1.075314 0.835136 0.923559 1.381600 1.015039 1.067032 1.123699 1.021153 0.659716 0.781755 1.063291 1.240174 1.134503 0.672166 0.955080 1.255076 0.852868 0.884401 1.032760 1.141627 0.836718 0.682274 1.259379 1.019980 1.305843 0.772596 0.642453 
34 1.163941 0.797633 1.288075 0.871674 1.388377 0.538692 1.021342 0.917595 1.135798 0.934636 1.064659 1.372749 1.007727 1.073488 0.835563 0.925221 1.374598 1.011238 1.064977 1.119803 1.021917 0.664125 0.784963 1.063443 1.238489 1.128930 0.678351 0.959958 1.250457 0.859283 0.884780 1.031766 1.136869 0.837681 0.686755 1.255319 1.018119 1.300367 0.774075 0.645737 
35 1.118865 0.861050 1.228748 0.941757 1.284132 0.638207 1.026250 0.920141 1.145089 0.933240 1.050598 1.305979 0.997707 1.055488 0.844786 0.947110 1.302613 0.971352 1.047349 1.079631 1.033993 0.717623 0.824339 1.069363 1.222709 1.071682 0.750150 1.019107 1.201734 0.934946 0.893508 1.023276 1.088711 0.852848 0.740826 1.215816 1.003930 1.244229 0.794546 0.687226 
36 1.088771 0.906355 1.166264 0.975729 1.202015 0.747072 1.012975 0.926415 1.149583 0.936438 1.026435 1.230736 0.979660 1.032399 0.860196 0.965896 1.250893 0.937219 1.053697 1.056506 1.054828 0.776085 0.857155 1.057193 1.193865 1.024677 0.807658 1.070388 1.174084 0.964417 0.897194 1.036157 1.035761 0.851273 0.792066 1.156368 1.005138 1.197531 0.830114 0.750737 
37 1.045662 0.968719 1.103252 0.976326 1.135710 0.813345 0.999664 0.936319 1.154291 0.947117 1.013631 1.182136 0.972629 1.023892 0.880053 0.988509 1.204864 0.912173 1.050380 1.027388 1.050913 0.831886 0.878327 1.045593 1.164252 0.991463 0.850723 1.075086 1.145015 0.986030 0.909920 1.054458 1.010289 0.857677 0.838665 1.111998 1.006184 1.160490 0.894840 0.800155 
38 1.034460 0.985422 1.077133 0.984455 1.112623 0.843931 0.991421 0.945594 1.134343 0.955292 1.008436 1.151079 0.978967 1.005581 0.885487 0.997790 1.169609 0.905452 1.045644 1.019476 1.054064 0.863633 0.895273 1.034415 1.147046 0.982716 0.872223 1.068468 1.128613 0.993824 0.923686 1.058239 1.014508 0.863237 0.867367 1.095423 1.015201 1.145420 0.924756 0.811138 
39 1.016393 1.004107 1.064227 0.989216 1.086866 0.884274 0.991170 0.964302 1.103418 0.973629 1.005196 1.110820 0.983958 1.000515 0.895385 0.993276 1.125123 0.916693 1.042708 1.024360 1.034632 0.904337 0.917594 1.021373 1.099128 0.969896 0.903757 1.054513 1.099928 0.998285 0.946700 1.046399 1.014369 0.892394 0.900499 1.074448 1.020997 1.122089 0.938798 0.851556 
40 1.009561 1.011104 1.052226 0.988205 1.072588 0.904474 0.994482 0.972922 1.081189 0.983303 1.002445 1.087406 0.985722 0.997328 0.907446 0.993343 1.104567 0.927003 1.038605 1.021067 1.030956 0.922987 0.935650 1.017756 1.077113 0.970942 0.919716 1.043511 1.085154 1.003028 0.950679 1.036655 1.017041 0.911100 0.921764 1.062007 1.015294 1.104944 0.945552 0.881039 
41 1.001762 1.010658 1.030648 0.988973 1.036282 0.952528 0.997008 0.984703 1.031142 0.994141 1.012002 1.045097 0.990413 0.996547 0.949838 1.000270 1.056406 0.956243 1.022225 1.003729 1.014602 0.963190 0.975536 1.015095 1.031152 0.975524 0.957208 1.023460 1.044044 1.004338 0.962757 1.024643 1.017865 0.954229 0.958653 1.026499 1.013478 1.060417 0.964055 0.940056 
42 1.001688 1.010691 1.030164 0.989119 1.035361 0.954054 0.997221 0.985146 1.029938 0.994519 1.012257 1.043927 0.990693 0.996645 0.951304 1.000645 1.055093 0.957244 1.021863 1.003467 1.014268 0.964506 0.976779 1.015102 1.029979 0.975849 0.958476 1.022991 1.042859 1.004467 0.963384 1.024293 1.017861 0.955655 0.959936 1.025613 1.013443 1.059160 0.964870 0.941878 
43 0.999576 1.001347 1.016467 0.990851 1.008941 0.990785 0.998365 0.993474 1.003599 0.999547 1.003751 1.005070 0.996357 0.996994 0.995027 1.010643 1.012520 0.984851 1.005996 1.002623 1.003685 0.996453 1.003105 1.008037 0.998659 0.988441 0.992668 1.005800 0.998098 1.001396 0.988283 0.999207 1.003973 0.994937 0.999411 1.000020 1.000674 1.013589 0.996439 0.986284 
44 0.999150 1.000101 1.009733 0.996381 1.002621 0.994457 0.999267 0.997820 1.002833 0.998782 1.002825 1.002226 0.998614 0.998584 0.998853 1.006073 1.002557 0.991269 1.001120 0.999841 1.003771 1.001769 1.001607 1.000991 0.996104 0.997371 0.996261 1.002039 1.001307 1.000056 0.993895 0.999185 0.999862 1.000639 1.002282 1.000332 1.001043 1.003217 0.998154 0.995656 
45 1.000322 0.999656 0.999788 0.999246 1.000308 0.999629 0.999205 0.999940 1.000591 1.000693 1.000714 0.999855 1.000390 1.000144 0.999964 0.999839 0.999616 0.999308 0.999580 0.999899 1.000338 1.000009 1.000475 1.000202 0.999944 0.999782 1.000078 1.000286 1.000124 1.000063 1.000089 0.999779 0.999652 1.000234 1.000088 1.000270 0.999960 1.000327 0.999687 1.000080 
46 1.000283 0.999682 0.999805 0.999427 1.000243 0.999715 0.999352 0.999998 1.000524 1.000492 1.000598 0.999708 1.000333 1.000262 0.999995 0.999740 0.999655 0.999412 0.999724 0.999948 1.000282 0.999982 1.000404 1.000255 0.999920 0.999822 1.000056 1.000184 1.000135 1.000082 1.000008 0.999817 0.999778 1.000193 1.000010 1.000247 0.999987 1.000196 0.999852 1.000023 
47 0.999996 1.000005 1.000007 0.999988 1.000007 1.000006 0.999995 1.000006 0.999997 1.000006 0.999996 1.000000 1.000006 1.000009 0.999990 0.999996 0.999994 1.000000 0.999993 0.999997 1.000007 0.999989 1.000001 1.000005 1.000009 0.999999 0.999993 1.000010 0.999997 0.999996 0.999997 1.000004 0.999999 1.000009 1.000008 0.999999 1.000010 0.999987 1.000001 0.999997 
48 1.000000 1.000000 1.000000 1.000000 1.000000 1.000000 1.000000 1.000000 1.000000 1.000000 1.000000 1.000000 1.000000 1.000000 0.999999 1.000000 1.000000 1.000000 1.000000 1.000000 1.000000 0.999999 1.000000 1.000000 1.000000 1.000000 1.000000 1.000000 1.000000 1.000000 1.000000 1.000000 1.000000 1.000000 1.000000 1.000000 1.000000 0.999999 1.000000 1.000000 
49 1.000000 1.000000 1.000000 1.000000 1.000000 1.000000 1.000000 1.000000 1.000000 1.000000 1.000000 1.000000 1.000000 1.000000 1.000000 1.000000 1.000000 1.000000 1.000000 1.000000 1.000000 1.000000 1.000000 1.000000 1.000000 1.000000 1.000000 1.000000 1.000000 1.000000 1.000000 1.000000 1.000000 1.000000 1.000000 1.000000 1.000000 1.000000 1.000000 1.000000 
50 1.000000 1.000000 1.000000 1.000000 1.000000 1.000000 1.000000 1.000000 1.000000 1.000000 1.000000 1.000000 1.000000 1.000000 1.000000 1.000000 1.000000 1.000000 1.000000 1.000000 1.000000 1.000000 1.000000 1.000000 1.000000 1.000000 1.000000 1.000000 1.000000 1.000000 1.000000 1.000000 1.000000 1.000000 1.000000 1.000000 1.000000 1.000000 1.000000 1.000000 


# N=50
0 9.799946 6.052269 4.259401 1.151203 4.057678 2.436114 -1.168020 0.522543 2.318601 0.685501 0.523476 2.076754 -0.999368 -1.193355 0.008598 3.553136 -2.609392 1.620024 2.181742 0.583240 -0.359385 -0.288350 -0.521774 2.726602 0.457323 -1.209591 -0.322372 0.007893 2.198417 0.241746 0.098734 -0.489968 2.626450 1.832185 -1.110617 2.218562 -0.460303 -1.864630 1.448262 2.017799 -2.639149 -1.058461 3.642849 0.313281 2.741966 -1.041307 2.048545 -1.983701 0.952642 0.942784 
1 9.799946 6.068087 4.286481 1.189494 4.098439 2.486911 -1.109908 0.573081 2.379753 0.730669 0.581764 2.129462 -0.941356 -1.144153 0.066622 3.615462 -2.548236 1.672481 2.248108 0.640255 -0.302060 -0.223013 -0.462701 2.782304 0.510278 -1.167099 -0.269407 0.066295 2.256797 0.292937 0.156160 -0.432743 2.671327 1.889455 -1.061805 2.259700 -0.416072 -1.818522 1.489589 2.056148 -2.586173 -1.012249 3.688414 0.366429 2.799468 -0.994161 2.101437 -1.936149 1.001174 0.990084 
2 5.892169 2.965591 2.586200 0.496461 3.621967 2.319896 -1.090218 0.960791 3.058673 1.229070 1.251494 2.611037 -0.314775 -0.787771 0.589029 4.390039 -1.642979 2.211108 3.199800 1.135644 0.115551 0.377229 0.039146 3.270897 0.669617 -1.272011 -0.079003 0.606361 2.884121 0.257244 0.527185 -0.083311 2.864206 2.385699 -0.828583 1.726748 -0.882614 -2.406818 0.999398 1.236770 -3.050439 -1.281235 3.591038 0.838196 3.206710 -0.875796 1.925771 -2.123401 0.963209 0.813298 
3 4.968768 2.132518 2.126119 0.507013 3.309838 1.709878 -0.882736 0.933918 3.181051 1.366174 1.219398 2.790616 0.383228 -0.653263 0.395229 3.820683 -1.232057 2.099541 3.070025 0.719901 0.106759 0.158098 0.457183 3.473934 1.087306 -1.376143 0.387227 0.928907 3.050174 -0.603781 0.124563 -0.166277 2.439814 3.054806 0.008228 1.080464 -0.886286 -2.500423 1.156271 0.704212 -2.346215 -1.147817 3.555511 0.948016 3.412406 -0.661876 1.639133 -1.617547 1.144371 1.452816 
4 4.521458 1.475974 1.992931 0.886439 2.726690 1.602228 -0.763501 0.670894 3.330477 1.394368 1.155169 2.650759 1.121825 -0.519496 0.765444 3.733358 -0.828955 1.517694 2.583944 0.619975 -0.304723 0.247163 0.642702 3.855092 1.066117 -1.274554 0.602603 0.715334 3.175689 -0.879856 -0.033816 -0.111740 1.983478 2.545137 0.539780 1.159938 -0.965093 -2.003525 1.136091 0.678227 -1.863699 -0.924492 3.536749 1.103701 3.418417 -0.434910 1.288691 -1.289018 1.131695 1.555201 
5 3.913221 1.327992 1.668731 1.193838 2.537761 1.797599 -0.817299 0.825736 3.188497 1.293067 1.153112 2.398703 1.337448 -0.177273 0.989549 3.760629 -0.330013 1.217358 1.728642 0.675643 -0.191718 -0.037763 0.671232 3.914822 0.794290 -1.194236 0.230551 0.992561 3.105108 -0.938028 0.056252 -0.068951 1.554068 2.249019 1.305176 1.506700 -1.077775 -1.665731 1.107511 0.544107 -1.226403 -0.704915 3.282478 1.343432 3.067350 -0.020088 0.993280 -1.016931 0.976224 1.729394 
6 3.275320 1.357616 1.246452 1.681276 2.318666 2.004469 -0.734761 0.838127 2.789674 1.196287 1.299186 1.883306 1.421856 0.202068 1.422601 3.618801 0.433414 0.573436 1.227655 0.617805 0.140399 -0.172077 0.381669 3.731526 0.606867 -1.305827 0.230364 1.116395 2.933695 -1.175163 0.255804 0.152579 1.092639 2.480847 1.475974 1.829392 -0.855468 -1.209057 1.028597 0.463265 -0.695732 -0.199674 2.825523 1.370372 2.881646 0.250633 0.845033 -1.101215 1.021478 1.661916 
7 2.628323 1.478195 1.085525 1.904915 2.229946 2.187432 -0.800980 0.788715 2.412312 1.200441 1.155754 1.722146 1.238853 0.225792 1.548272 3.488518 0.708122 0.243559 0.913106 0.566326 0.462553 -0.123017 0.355506 3.581693 0.557443 -1.145481 0.329846 1.083033 2.952695 -1.189574 0.381157 0.298041 0.860811 2.579148 1.460442 1.894261 -0.962781 -0.670234 0.941703 0.476839 -0.218221 0.178788 2.884325 1.189854 2.739407 0.333050 0.691076 -1.160661 1.172483 1.709787 
8 2.352893 1.506165 1.083015 2.018236 2.200152 2.222725 -0.829716 0.779490 2.188641 1.147803 1.060420 1.657937 1.224935 0.401770 1.505747 3.436129 0.755691 0.121977 0.796326 0.530161 0.457627 0.057343 0.225144 3.574266 0.381330 -1.055448 0.359432 1.177445 2.930486 -1.074760 0.527413 0.472264 0.786304 2.548010 1.364678 1.696379 -0.926529 -0.479756 1.004052 0.322856 0.086120 0.354230 2.872836 1.044547 2.625267 0.441993 0.685319 -1.166339 1.289081 1.733077 
9 2.316706 1.509691 1.061409 2.015254 2.179364 2.199441 -0.797408 0.796643 2.135450 1.140964 1.017221 1.638694 1.235196 0.418561 1.480768 3.429645 0.783112 0.088734 0.785695 0.531089 0.473772 0.082995 0.188630 3.558630 0.344286 -1.046145 0.362982 1.186075 2.908647 -1.030575 0.548155 0.480569 0.777172 2.531106 1.356572 1.661630 -0.934735 -0.452037 1.029754 0.309855 0.121140 0.365541 2.874055 1.029827 2.607110 0.440807 0.663954 -1.159164 1.328164 1.726471 
10 2.202912 1.537267 0.995420 2.014163 2.114711 2.127005 -0.657172 0.875145 1.958387 1.128148 0.873510 1.583782 1.289297 0.488318 1.402754 3.422753 0.899262 -0.018531 0.764987 0.550838 0.550263 0.190715 0.072180 3.514144 0.226443 -1.001745 0.390376 1.231473 2.840562 -0.854221 0.638081 0.522332 0.757870 2.483247 1.342307 1.551538 -0.951206 -0.337879 1.138889 0.280600 0.260191 0.417293 2.892562 0.992290 2.557472 0.446121 0.599997 -1.117367 1.484629 1.715349 
11 2.030347 1.515239 1.036764 1.999666 1.905611 2.102052 -0.395647 0.994839 1.760914 1.073338 0.786726 1.682955 1.376114 0.459190 1.222720 3.437728 1.009829 -0.116489 0.674298 0.583259 0.663438 0.308408 0.036937 3.387738 0.160281 -1.019260 0.421908 1.354355 2.567823 -0.775962 0.853023 0.615570 0.751804 2.367990 1.275166 1.439402 -0.884201 -0.174921 1.335544 0.301115 0.391475 0.492584 2.886872 0.858019 2.439176 0.418770 0.514569 -1.074696 1.541478 1.679235 
12 1.921172 1.481868 1.114245 2.025975 1.764906 2.076524 -0.248949 1.027653 1.702046 0.953835 0.747409 1.603111 1.381557 0.517101 1.086394 3.361158 1.114555 -0.131627 0.656449 0.602297 0.800159 0.395373 0.111156 3.321304 0.129651 -0.979899 0.413961 1.412334 2.437626 -0.710587 0.918900 0.684638 0.811102 2.284671 1.247333 1.355325 -0.867874 -0.080620 1.503221 0.376817 0.442792 0.483121 2.824726 0.723438 2.423077 0.437683 0.435733 -1.062447 1.518922 1.654398 
13 1.804708 1.436059 1.269375 1.995628 1.582958 1.892397 -0.155182 1.043150 1.558173 0.770561 0.699787 1.507607 1.382456 0.641895 0.984487 3.365618 1.251757 -0.104132 0.578391 0.559116 0.990418 0.531530 0.211555 3.144152 0.205798 -0.958655 0.396304 1.501211 2.308824 -0.572560 1.031505 0.817613 0.810958 2.207231 1.249882 1.166169 -0.862517 0.097502 1.600651 0.544426 0.509787 0.459949 2.692346 0.595322 2.444836 0.400181 0.448463 -0.880735 1.423684 1.498479 
14 1.668347 1.354757 1.367409 2.027488 1.446286 1.660916 -0.080376 1.057417 1.448251 0.629840 0.742438 1.423870 1.340157 0.769309 0.970682 3.367902 1.252990 -0.131093 0.542934 0.553819 1.102628 0.483236 0.267615 2.971118 0.300036 -0.881916 0.390804 1.538372 2.103286 -0.345029 1.078409 1.013425 0.870842 2.145603 1.281092 1.004714 -0.815960 0.223328 1.717560 0.720498 0.552658 0.512057 2.612259 0.462177 2.443308 0.318623 0.442590 -0.690832 1.348993 1.446629 
15 1.574243 1.296513 1.406240 2.112394 1.405409 1.468195 0.041142 1.065333 1.399211 0.616934 0.773927 1.419527 1.262250 0.880632 0.988021 3.295471 1.214803 -0.190373 0.493573 0.574015 1.148100 0.483926 0.322175 2.824764 0.399557 -0.778067 0.392936 1.592631 1.951367 -0.167547 1.157839 1.051819 0.899901 2.087267 1.341719 0.880214 -0.760831 0.320087 1.749083 0.838515 0.613137 0.457744 2.526406 0.356708 2.468667 0.283599 0.467440 -0.638064 1.278632 1.360849 
16 1.494413 1.219263 1.490786 2.176556 1.331688 1.276949 0.108039 1.198153 1.324817 0.626829 0.741661 1.378906 1.159753 1.029588 0.999403 3.210158 1.178206 -0.246445 0.404776 0.650694 1.210817 0.447886 0.442335 2.722944 0.543454 -0.644491 0.510342 1.609807 1.853781 0.002176 1.256188 1.059040 0.904628 1.992014 1.349040 0.799877 -0.633136 0.353934 1.759922 0.888480 0.637934 0.423932 2.397984 0.269551 2.437690 0.228352 0.495304 -0.576734 1.239692 1.285893 
17 1.492960 1.162117 1.498894 2.197787 1.306216 1.181000 0.138473 1.269483 1.289604 0.646447 0.768974 1.344497 1.098322 1.075314 0.954818 3.162430 1.189330 -0.218365 0.388393 0.653019 1.225929 0.442552 0.474477 2.651789 0.603491 -0.556034 0.628629 1.608499 1.809506 0.101042 1.318978 1.084419 0.895841 1.911770 1.379903 0.778767 -0.592976 0.381216 1.739340 0.906441 0.682120 0.439453 2.307138 0.234300 2.414944 0.181782 0.495307 -0.577801 1.176974 1.270220 
18 1.493257 1.161177 1.499081 2.198001 1.305367 1.179171 0.140265 1.272160 1.289066 0.647505 0.770483 1.343854 1.097126 1.078007 0.953549 3.161152 1.189593 -0.217080 0.388282 0.654014 1.227072 0.443625 0.474855 2.650334 0.606583 -0.552634 0.632175 1.608517 1.808592 0.103800 1.320614 1.085511 0.896581 1.909637 1.381338 0.778541 -0.591009 0.382380 1.738413 0.907863 0.684281 0.440758 2.305018 0.233635 2.414484 0.180743 0.495882 -0.577062 1.175365 1.270180 
19 1.485189 1.122326 1.472441 2.158855 1.241117 1.119032 0.199041 1.357113 1.254905 0.676591 0.816732 1.305147 1.045731 1.194398 0.877628 3.086404 1.162886 -0.185654 0.362230 0.691342 1.259364 0.489943 0.431586 2.591388 0.731138 -0.432451 0.724042 1.577245 1.758397 0.159774 1.334407 1.101578 0.933080 1.810859 1.420582 0.754567 -0.524692 0.401743 1.662964 0.960140 0.753838 0.485637 2.222205 0.193713 2.371653 0.127012 0.501975 -0.553825 1.096546 1.251942 
20 1.477260 1.108837 1.430446 2.118106 1.185287 1.068806 0.233252 1.393624 1.271049 0.662067 0.866482 1.306603 0.993054 1.278369 0.838563 2.997075 1.165104 -0.163427 0.344570 0.735546 1.262938 0.521933 0.416482 2.520620 0.750359 -0.327369 0.799424 1.556897 1.750221 0.183356 1.351784 1.105064 0.969603 1.764976 1.414343 0.755536 -0.454483 0.423189 1.626263 0.996634 0.826290 0.487633 2.189742 0.204435 2.307976 0.044570 0.506977 -0.491369 1.037163 1.224901 
21 1.459132 1.090310 1.403642 2.057377 1.181362 1.047679 0.261228 1.399337 1.298273 0.667518 0.850832 1.296981 1.006396 1.323229 0.796888 2.906772 1.178767 -0.160222 0.341467 0.753585 1.271787 0.529487 0.416656 2.430956 0.762589 -0.176361 0.844988 1.530623 1.732034 0.202477 1.381157 1.141171 1.009623 1.726077 1.412268 0.759216 -0.360624 0.407462 1.578487 1.041466 0.892116 0.501681 2.149080 0.220074 2.243813 -0.018527 0.528915 -0.438221 0.976888 1.182205 
22 1.461491 1.024704 1.334601 1.994071 1.203398 1.014554 0.317047 1.435974 1.320213 0.656884 0.815680 1.236586 1.024697 1.341901 0.807205 2.791628 1.162335 -0.126252 0.356988 0.751805 1.308506 0.570174 0.419886 2.280664 0.797884 0.025052 0.868361 1.461232 1.698155 0.188107 1.443307 1.157169 1.093537 1.657863 1.382509 0.733247 -0.219359 0.460860 1.532773 1.059076 0.958277 0.507207 2.091561 0.279184 2.116430 -0.064204 0.576010 -0.344471 0.885317 1.191369 
23 1.439049 0.976558 1.279446 1.907804 1.237936 1.000324 0.362671 1.428820 1.300662 0.640971 0.802969 1.203642 1.024716 1.361383 0.814139 2.712210 1.169221 -0.062735 0.340380 0.728052 1.295400 0.589563 0.431697 2.172608 0.817842 0.125186 0.898536 1.388543 1.670874 0.206415 1.479153 1.140397 1.148714 1.598517 1.353311 0.745042 -0.067805 0.494207 1.505059 1.099120 1.001022 0.497736 2.059506 0.302048 2.064647 -0.042306 0.602878 -0.273863 0.856537 1.219778 
24 1.395459 0.906951 1.225251 1.699125 1.241125 0.953084 0.445609 1.425434 1.275082 0.703937 0.788068 1.151833 0.990748 1.416941 0.876357 2.507134 1.230441 0.080084 0.345396 0.682241 1.213880 0.612241 0.489845 1.913031 0.840017 0.292727 0.942924 1.217079 1.568346 0.213831 1.541919 1.123350 1.326809 1.471645 1.301233 0.780380 0.101696 0.545309 1.457230 1.154718 1.103098 0.520890 1.958209 0.355058 1.923181 0.079626 0.718707 -0.125185 0.869745 1.242041 
25 1.398785 0.769166 1.187398 1.523324 1.262326 0.947628 0.520443 1.413326 1.224563 0.743142 0.753862 1.120953 0.941929 1.485449 0.923393 2.344013 1.235591 0.214416 0.409920 0.666138 1.163347 0.631586 0.562744 1.663540 0.818723 0.440686 0.999538 1.113468 1.448309 0.211000 1.523236 1.087783 1.455418 1.376796 1.280720 0.846727 0.262838 0.629101 1.392442 1.180069 1.202149 0.570049 1.868052 0.385742 1.798264 0.207679 0.791809 0.031940 0.909183 1.189296 
26 1.399171 0.765600 1.187753 1.519051 1.262843 0.948608 0.522482 1.412414 1.223201 0.743992 0.753659 1.120834 0.941260 1.487230 0.925577 2.339082 1.236583 0.218833 0.412220 0.666405 1.162821 0.632569 0.564473 1.656913 0.818824 0.445120 1.001877 1.110956 1.445216 0.212196 1.523339 1.086291 1.459753 1.374707 1.281413 0.848055 0.267947 0.631609 1.390594 1.180877 1.204895 0.571956 1.865831 0.387650 1.794464 0.211521 0.793829 0.036483 0.910963 1.188223 
27 1.398343 0.649487 1.206467 1.391019 1.259551 0.978179 0.559509 1.359582 1.166112 0.749861 0.743257 1.114012 0.916500 1.519803 0.985573 2.171535 1.262490 0.341497 0.467605 0.668616 1.144706 0.647978 0.589356 1.454866 0.816018 0.562560 1.064782 1.026932 1.342605 0.251272 1.518640 1.015221 1.582558 1.306504 1.307459 0.859637 0.407881 0.687659 1.319779 1.188864 1.262306 0.618697 1.790538 0.444767 1.660678 0.310605 0.832041 0.151928 0.956471 1.146998 
28 1.358686 0.595670 1.230696 1.313518 1.242575 0.988233 0.600267 1.351247 1.142404 0.730334 0.706223 1.110032 0.901226 1.530009 1.023889 2.055712 1.274710 0.451436 0.516525 0.657913 1.106240 0.650738 0.583607 1.344005 0.800787 0.671284 1.142277 0.978327 1.234159 0.292073 1.482958 0.938273 1.652431 1.289130 1.303761 0.869691 0.498902 0.745981 1.261831 1.221588 1.288599 0.661684 1.731978 0.522179 1.561802 0.421562 0.883751 0.231205 0.946371 1.111119 
29 1.339443 0.580882 1.232424 1.296564 1.240220 1.007643 0.632335 1.354940 1.109976 0.723717 0.716012 1.121833 0.903550 1.534956 1.038190 2.000680 1.272420 0.494003 0.554252 0.632051 1.098569 0.642462 0.600690 1.319630 0.794626 0.713858 1.153642 0.948569 1.207820 0.316105 1.465502 0.898701 1.656304 1.269885 1.285394 0.863267 0.524462 0.752797 1.244703 1.246833 1.305594 0.684902 1.695157 0.557846 1.512994 0.455340 0.907612 0.273045 0.945088 1.088218 
30 1.328282 0.571105 1.215241 1.279098 1.207320 1.025422 0.664539 1.345005 1.050419 0.733409 0.738600 1.126672 0.906590 1.502702 1.054892 1.938486 1.261403 0.550182 0.607039 0.634620 1.085800 0.625634 0.613888 1.299532 0.788848 0.786319 1.169692 0.930630 1.195460 0.341412 1.453378 0.868575 1.654915 1.259463 1.255318 0.849750 0.559316 0.755755 1.217056 1.290817 1.325562 0.686906 1.631678 0.583190 1.446673 0.534074 0.920394 0.345777 0.945238 1.060965 
31 1.304273 0.553813 1.194063 1.271790 1.189302 1.045293 0.668894 1.350770 1.003234 0.752759 0.763722 1.111165 0.918585 1.450191 1.059684 1.823621 1.245008 0.627332 0.671847 0.658884 1.053622 0.644441 0.613432 1.280233 0.806781 0.843798 1.165970 0.896444 1.162725 0.384456 1.455234 0.839943 1.606863 1.264938 1.236476 0.865445 0.596008 0.759263 1.218042 1.339862 1.335071 0.692782 1.577381 0.593929 1.365934 0.608884 0.941332 0.449384 0.951073 1.016147 
32 1.284837 0.564461 1.158187 1.271856 1.173757 1.046579 0.674412 1.348231 0.970484 0.770492 0.800827 1.084633 0.947839 1.414159 1.061367 1.735526 1.221185 0.708668 0.697781 0.677666 1.024819 0.664956 0.636467 1.250389 0.822907 0.901980 1.163238 0.887020 1.136928 0.412989 1.454430 0.815858 1.568293 1.262693 1.217086 0.867420 0.625388 0.762924 1.219984 1.367504 1.313403 0.727220 1.552289 0.613626 1.306282 0.669751 0.939292 0.514829 0.971514 0.959497 
33 1.275020 0.564526 1.130197 1.236000 1.148206 1.072670 0.713452 1.332577 0.934411 0.787798 0.831968 1.050328 0.981026 1.381266 1.068702 1.629637 1.175708 0.788804 0.698465 0.708019 0.981845 0.683696 0.673522 1.223457 0.849559 0.953705 1.152878 0.887133 1.116396 0.471821 1.444243 0.822386 1.514979 1.291801 1.184538 0.876520 0.636284 0.789359 1.220623 1.376192 1.291160 0.752048 1.501590 0.658687 1.255642 0.708812 0.937586 0.559522 0.990519 0.923170 
34 1.274669 0.565527 1.126913 1.234595 1.146722 1.074880 0.716844 1.330348 0.932469 0.789809 0.833816 1.048940 0.984653 1.378354 1.069113 1.622700 1.173477 0.795745 0.698268 0.713914 0.979096 0.686440 0.678101 1.220387 0.851227 0.956948 1.152091 0.885977 1.114869 0.477969 1.441639 0.821971 1.510674 1.294396 1.181625 0.876388 0.637561 0.791297 1.220755 1.376441 1.289943 0.756136 1.495984 0.661220 1.252056 0.711737 0.939298 0.563752 0.990891 0.922101 
35 1.269564 0.571580 1.097288 1.221625 1.132546 1.090132 0.741606 1.309343 0.914530 0.804505 0.845824 1.035988 1.011964 1.352222 1.069728 1.564645 1.153638 0.849981 0.693765 0.761061 0.954503 0.706419 0.713420 1.192348 0.861770 0.980433 1.143086 0.873238 1.099992 0.525982 1.416651 0.815368 1.473476 1.312866 1.155559 0.872359 0.645673 0.804138 1.219384 1.375610 1.277322 0.787896 1.447299 0.678598 1.220481 0.732920 0.951475 0.595841 0.990645 0.911954 
36 1.252178 0.595473 1.085086 1.206335 1.107760 1.103904 0.785031 1.292733 0.897080 0.828671 0.858577 1.012571 1.028590 1.323126 1.081499 1.516410 1.139434 0.903318 0.704700 0.796958 0.932676 0.725948 0.745598 1.162190 0.861119 0.998294 1.131988 0.864321 1.098733 0.568746 1.378462 0.820403 1.425845 1.319263 1.154534 0.868889 0.672966 0.815680 1.212101 1.356771 1.256727 0.807216 1.420441 0.681653 1.184590 0.744033 0.973409 0.623176 0.981693 0.905660 
37 1.227869 0.630076 1.078842 1.184463 1.092456 1.116949 0.827476 1.291379 0.875617 0.839528 0.883152 0.997839 1.035967 1.271899 1.104607 1.458169 1.124642 0.935439 0.714070 0.830815 0.908797 0.776173 0.780485 1.121143 0.860461 1.025750 1.122408 0.863893 1.091458 0.614429 1.322579 0.834584 1.378133 1.313789 1.152794 0.871207 0.699390 0.810243 1.199175 1.327375 1.230390 0.831133 1.378722 0.694746 1.169249 0.761646 0.982044 0.665839 0.973884 0.907651 
38 1.192140 0.676643 1.079333 1.161652 1.069038 1.122107 0.853480 1.264165 0.863376 0.870519 0.903667 0.984065 1.036238 1.233733 1.115723 1.418930 1.098559 0.966358 0.738556 0.854198 0.897249 0.828023 0.810279 1.088667 0.860801 1.059356 1.108473 0.863768 1.071678 0.651533 1.276977 0.836347 1.325929 1.301571 1.150946 0.886088 0.733724 0.814198 1.201217 1.292417 1.205540 0.850256 1.314421 0.724685 1.161650 0.766764 0.980254 0.710424 0.975386 0.920464 
39 1.153336 0.736559 1.075180 1.132076 1.057373 1.121840 0.874202 1.237367 0.860504 0.881860 0.928212 0.969559 1.047873 1.203360 1.115586 1.381483 1.061019 0.980313 0.778830 0.888843 0.893734 0.867773 0.849021 1.056013 0.866638 1.067182 1.109118 0.852185 1.049710 0.687724 1.244050 0.848221 1.273590 1.280166 1.153341 0.896477 0.762517 0.824808 1.190569 1.255550 1.191488 0.856926 1.258628 0.761754 1.146398 0.788689 0.975502 0.745267 0.975466 0.928437 
40 1.099153 0.820767 1.054941 1.090654 1.042633 1.117346 0.892633 1.207482 0.880304 0.914906 0.954579 0.946706 1.059938 1.135048 1.114568 1.306806 1.006382 1.001703 0.823590 0.921039 0.905647 0.916597 0.903414 1.041639 0.866587 1.044978 1.108035 0.861023 1.022216 0.752162 1.183982 0.874100 1.228778 1.233383 1.153149 0.903086 0.824410 0.860885 1.162152 1.212111 1.177256 0.873926 1.165937 0.812604 1.123805 0.809268 0.975755 0.799291 0.987249 0.925633 
41 1.061207 0.893363 1.013600 1.066239 0.999643 1.113450 0.897660 1.168951 0.884105 0.943780 0.957181 0.944273 1.054238 1.084458 1.099320 1.221985 0.959484 1.007092 0.879665 0.938931 0.911963 0.971201 0.967290 1.022936 0.875496 1.015448 1.094943 0.882685 1.000763 0.821916 1.136757 0.912403 1.186271 1.186085 1.156061 0.917940 0.893127 0.887782 1.130196 1.174035 1.144759 0.902488 1.097604 0.880729 1.103701 0.842651 0.988529 0.844426 0.982856 0.936160 
42 1.060026 0.895982 1.012300 1.065509 0.998342 1.113456 0.898153 1.167687 0.884501 0.944836 0.957330 0.944232 1.054077 1.082833 1.098935 1.219191 0.958005 1.007387 0.881764 0.939746 0.912438 0.973176 0.969573 1.022407 0.875965 1.014571 1.094691 0.883648 1.000295 0.824477 1.135338 0.913798 1.184879 1.184528 1.156322 0.918622 0.895505 0.888797 1.129265 1.172964 1.143760 0.903715 1.095431 0.883220 1.103186 0.843955 0.989159 0.846197 0.982940 0.936743 
43 1.037606 0.931914 0.988052 1.049119 0.978963 1.109640 0.915432 1.139294 0.897358 0.955172 0.950116 0.933101 1.039812 1.053203 1.089251 1.169721 0.930591 1.007796 0.912719 0.954145 0.925650 0.995376 0.997081 1.008817 0.881617 0.999153 1.092250 0.901443 0.999942 0.863036 1.114224 0.926658 1.155985 1.150457 1.159984 0.929453 0.919765 0.896648 1.114331 1.161236 1.120643 0.928636 1.061610 0.920629 1.094000 0.863818 0.998659 0.877690 0.989342 0.949390 
44 1.014580 0.966132 0.968844 1.034757 0.956362 1.110262 0.936880 1.102027 0.920507 0.962290 0.949470 0.926993 1.023726 1.022694 1.080179 1.120645 0.895141 1.010036 0.940718 0.965771 0.933639 1.022552 1.020783 0.993480 0.888731 0.977336 1.091969 0.928262 0.995723 0.897525 1.103001 0.946293 1.115745 1.110368 1.155115 0.936085 0.952492 0.900739 1.091887 1.141943 1.096778 0.961692 1.020021 0.956750 1.081630 0.889394 1.019644 0.915987 0.995582 0.961212 
45 1.003922 0.991798 0.947019 1.032149 0.932277 1.115650 0.954649 1.076147 0.950037 0.963259 0.948114 0.920962 1.009681 1.001403 1.070083 1.089227 0.878999 1.015449 0.957637 0.964267 0.949466 1.039229 1.040665 0.984304 0.899265 0.970972 1.089122 0.938780 0.978388 0.932898 1.091042 0.961780 1.082986 1.085237 1.146346 0.943190 0.970645 0.899892 1.061336 1.117918 1.081358 0.972075 0.998062 0.977354 1.074351 0.908585 1.032528 0.950105 1.013853 0.972223 
46 0.994165 1.011553 0.927325 1.032042 0.922613 1.120625 0.963958 1.047903 0.959915 0.960907 0.948815 0.914587 1.008675 0.988602 1.065835 1.067138 0.873469 1.017926 0.970120 0.963355 0.958785 1.049898 1.052751 0.980679 0.918786 0.968435 1.096862 0.962628 0.961855 0.956196 1.074384 0.970728 1.066686 1.058150 1.133674 0.958578 0.975333 0.899150 1.046419 1.095122 1.070088 0.969687 0.985790 0.986884 1.061938 0.916195 1.054022 0.975258 1.024325 0.980917 
47 0.988948 1.018448 0.921073 1.036182 0.920764 1.126800 0.965081 1.037578 0.964663 0.966932 0.950117 0.913171 1.008252 0.984849 1.060564 1.055414 0.872930 1.021357 0.973187 0.965667 0.965657 1.052650 1.054633 0.971126 0.926929 0.965816 1.101956 0.975203 0.953704 0.963978 1.059995 0.979873 1.053449 1.040881 1.124001 0.959580 0.977487 0.900282 1.040415 1.090327 1.063508 0.962041 0.982622 0.998794 1.057473 0.920665 1.064523 0.986235 1.031718 0.987998 
48 0.987643 1.018366 0.921060 1.038430 0.919086 1.128448 0.965656 1.035665 0.966638 0.969020 0.951904 0.911374 1.010028 0.984763 1.058485 1.053382 0.872245 1.019646 0.974011 0.965240 0.967022 1.052902 1.053377 0.968130 0.928075 0.965004 1.103507 0.975837 0.954634 0.967437 1.056560 0.981066 1.053022 1.037948 1.120120 0.961402 0.978359 0.900804 1.040525 1.088129 1.061170 0.960980 0.982078 1.000641 1.057490 0.922939 1.066131 0.988702 1.032076 0.988160 
49 0.986146 1.019278 0.921382 1.039437 0.918468 1.129611 0.965792 1.034867 0.968137 0.971701 0.953500 0.911831 1.011371 0.983856 1.054588 1.051993 0.870909 1.018502 0.973072 0.963246 0.968905 1.052350 1.052449 0.963464 0.929978 0.963941 1.104111 0.977882 0.956629 0.970780 1.054006 0.980437 1.052537 1.036932 1.117932 0.963158 0.978133 0.901929 1.040267 1.085124 1.059927 0.959705 0.981886 1.001913 1.056446 0.925553 1.067498 0.992308 1.031269 0.988570 
50 0.985980 1.019455 0.921468 1.039612 0.918430 1.129821 0.965860 1.034801 0.968403 0.972112 0.953768 0.911943 1.011604 0.983777 1.054090 1.051851 0.870775 1.018374 0.972993 0.963004 0.969204 1.052327 1.052368 0.962852 0.930293 0.963833 1.104238 0.978221 0.956958 0.971295 1.053694 0.980392 1.052503 1.036840 1.117667 0.963442 0.978144 0.902143 1.040269 1.084756 1.059792 0.959571 0.981892 1.002120 1.056326 0.925960 1.067725 0.992855 1.031202 0.988678 
51 0.984990 1.020955 0.921675 1.038929 0.919825 1.131856 0.965416 1.034928 0.974645 0.975708 0.955997 0.914007 1.013812 0.986267 1.050231 1.051722 0.872903 1.013181 0.974671 0.958381 0.967588 1.053466 1.051802 0.956397 0.934235 0.963091 1.104968 0.983030 0.961126 0.976934 1.048979 0.979360 1.050350 1.036467 1.113832 0.964285 0.978208 0.907126 1.038811 1.084841 1.052387 0.958197 0.978505 0.999337 1.047785 0.929584 1.064786 0.996627 1.032164 0.992210 
52 0.984962 1.020881 0.922432 1.038545 0.920145 1.131540 0.965282 1.034918 0.975560 0.976150 0.956431 0.913566 1.013586 0.986535 1.049636 1.051731 0.873544 1.012608 0.975094 0.958269 0.967407 1.053184 1.051932 0.956031 0.935385 0.962947 1.104154 0.984143 0.961375 0.977729 1.047863 0.979094 1.050057 1.036532 1.112509 0.964233 0.978824 0.906932 1.038901 1.084508 1.052740 0.958637 0.978781 0.999320 1.046293 0.930407 1.063749 0.996720 1.031954 0.992964 
53 0.985238 1.020506 0.923183 1.037861 0.920650 1.130557 0.965581 1.034350 0.976527 0.977144 0.957009 0.913490 1.013164 0.986130 1.049370 1.052196 0.875122 1.011739 0.975647 0.958170 0.967134 1.053512 1.051848 0.955564 0.936933 0.962718 1.103197 0.985123 0.961821 0.978883 1.047005 0.978437 1.049143 1.036204 1.110705 0.964316 0.979164 0.907515 1.038482 1.084305 1.053303 0.958940 0.979468 0.999870 1.044926 0.931159 1.062568 0.996568 1.031349 0.992726 
54 0.986239 1.019706 0.924997 1.035393 0.923937 1.127404 0.966786 1.032497 0.977918 0.978918 0.959037 0.915796 1.010939 0.986394 1.047419 1.051299 0.879972 1.009946 0.975787 0.959140 0.968360 1.052055 1.050587 0.957777 0.939764 0.964124 1.100678 0.985239 0.962482 0.980081 1.044825 0.979216 1.047158 1.035305 1.107301 0.963966 0.980155 0.910369 1.039178 1.081058 1.051270 0.960407 0.980670 1.000504 1.042378 0.934378 1.060477 0.997266 1.029323 0.991815 
55 0.992821 1.011466 0.949570 1.016059 0.947161 1.087208 0.973430 1.022659 0.985118 0.988774 0.977968 0.940245 1.008319 0.990468 1.031480 1.034488 0.919144 1.000310 0.982638 0.972792 0.982236 1.035375 1.036700 0.973809 0.955955 0.978618 1.068423 0.991510 0.970936 0.988065 1.030763 0.981500 1.028412 1.024145 1.072067 0.972954 0.987010 0.940976 1.026566 1.056023 1.032733 0.974573 0.990890 0.999208 1.029523 0.957170 1.046453 0.998109 1.018545 0.996681 
56 0.995299 1.008793 0.956971 1.012436 0.955531 1.072904 0.976777 1.018681 0.987905 0.990814 0.984404 0.948207 1.006738 0.991562 1.025751 1.028332 0.932029 0.998806 0.985366 0.976285 0.985915 1.030733 1.031902 0.978154 0.960199 0.982848 1.058301 0.993723 0.974459 0.990506 1.026105 0.983071 1.023025 1.021238 1.061546 0.976358 0.988888 0.950520 1.023233 1.047639 1.027850 0.978073 0.992760 0.999232 1.024863 0.964543 1.041397 0.997121 1.015401 0.998420 
57 0.995347 1.008671 0.957266 1.012295 0.955839 1.072316 0.976905 1.018512 0.987977 0.990872 0.984587 0.948532 1.006663 0.991586 1.025507 1.028103 0.932500 0.998745 0.985431 0.976419 0.986038 1.030532 1.031680 0.978312 0.960399 0.982986 1.057870 0.993759 0.974601 0.990569 1.025883 0.983147 1.022817 1.021097 1.061107 0.976506 0.988952 0.950859 1.023063 1.047301 1.027625 0.978202 0.992809 0.999227 1.024629 0.964807 1.041159 0.997077 1.015288 0.998446 
58 0.997449 1.003122 0.976063 1.006167 0.974148 1.039782 0.986235 1.010137 0.992325 0.994647 0.993532 0.969373 1.003850 0.993862 1.012867 1.017851 0.959483 0.996991 0.989220 0.985907 0.994087 1.020464 1.019604 0.988590 0.975458 0.991110 1.033797 0.995378 0.984817 0.994573 1.013587 0.990255 1.012828 1.013763 1.036823 0.987504 0.994142 0.970474 1.013317 1.029625 1.015559 0.987100 0.996257 1.000498 1.010928 0.980340 1.027870 0.996359 1.011254 0.999797 
59 0.999228 0.999739 0.998833 1.001657 0.998787 1.003548 0.999540 1.000383 0.998171 1.000514 1.000440 0.995607 0.999607 0.999284 0.999436 1.002053 0.996474 0.999055 0.998546 0.999204 0.998609 1.002598 1.003153 0.999976 0.996404 0.998644 1.003392 0.999467 0.997699 0.999127 1.002055 0.999048 1.002359 1.002019 1.003287 0.999044 0.998969 0.997424 0.999214 1.003116 1.000383 0.998821 1.000458 1.000976 1.000046 0.997358 1.002447 1.001373 1.000822 1.000969 
60 0.999512 0.999865 0.999557 1.001256 0.999790 1.002137 1.000213 0.999940 0.998424 1.000831 1.000298 0.996635 0.999885 0.999809 0.999016 1.001191 0.997975 0.999034 0.998993 0.999501 0.998987 1.001969 1.002115 1.000296 0.997590 0.998942 1.002087 0.999741 0.998224 0.999223 1.001407 0.999284 1.001743 1.001740 1.002192 0.999278 0.999400 0.998107 0.998724 1.002157 0.999967 0.999188 1.000282 1.000779 1.000071 0.998324 1.001587 1.001256 1.000506 1.000658 
61 1.000039 0.999982 1.000043 1.000012 1.000095 0.999917 1.000072 0.999851 0.999932 1.000308 0.999922 0.999988 1.000116 1.000193 1.000260 0.999899 0.999795 1.000093 0.999849 0.999870 1.000323 1.000263 1.000063 1.000107 0.999708 0.999818 1.000240 0.999976 0.999818 1.000048 1.000077 1.000087 1.000007 1.000107 0.999941 1.000113 0.999852 0.999714 0.999892 1.000146 0.999959 0.999951 1.000131 0.999928 0.999830 1.000055 0.999754 1.000110 0.999702 1.000123 
62 1.000065 0.999995 1.000030 1.000007 1.000062 0.999888 1.000065 0.999892 0.999928 1.000256 0.999937 0.999990 1.000102 1.000173 1.000250 0.999906 0.999838 1.000074 0.999875 0.999885 1.000292 1.000217 1.000040 1.000084 0.999756 0.999811 1.000232 0.999973 0.999849 1.000022 1.000062 1.000066 0.999992 1.000122 0.999927 1.000091 0.999884 0.999758 0.999921 1.000106 0.999957 0.999963 1.000110 0.999960 0.999841 1.000027 0.999787 1.000126 0.999759 1.000114 
63 1.000000 1.000000 1.000000 1.000000 1.000000 1.000000 1.000000 0.999999 0.999999 1.000001 1.000000 1.000000 1.000000 1.000001 1.000001 0.999999 0.999999 1.000000 0.999999 0.999999 1.000001 1.000001 1.000000 1.000000 0.999999 0.999999 1.000000 0.999999 0.999999 1.000000 1.000000 1.000000 1.000000 1.000000 1.000000 1.000000 0.999999 0.999998 0.999999 1.000000 0.999999 1.000000 1.000000 1.000000 0.999999 0.999999 0.999999 1.000000 0.999999 1.000000 
64 1.000000 1.000000 1.000000 1.000000 1.000000 1.000000 1.000000 1.000000 1.000000 1.000000 1.000000 1.000000 1.000000 1.000000 1.000000 0.999999 1.000000 1.000000 1.000000 1.000000 1.000000 1.000000 1.000000 1.000000 1.000000 1.000000 1.000000 1.000000 1.000000 1.000000 1.000000 1.000000 1.000000 1.000000 1.000000 1.000000 1.000000 1.000000 1.000000 1.000000 1.000000 1.000000 1.000000 1.000000 1.000000 0.999999 1.000000 1.000000 1.000000 1.000000 
65 1.000000 1.000000 1.000000 1.000000 1.000000 1.000000 1.000000 1.000000 1.000000 1.000000 1.000000 1.000000 1.000000 1.000000 1.000000 1.000000 1.000000 1.000000 1.000000 1.000000 1.000000 1.000000 1.000000 1.000000 1.000000 1.000000 1.000000 1.000000 1.000000 1.000000 1.000000 1.000000 1.000000 1.000000 1.000000 1.000000 1.000000 1.000000 1.000000 1.000000 1.000000 1.000000 1.000000 1.000000 1.000000 1.000000 1.000000 1.000000 1.000000 1.000000 


0 10.892658 6.082269 3.984934 0.486833 4.043836 2.467219 -1.708165 0.495043 2.661768 0.508693 0.424157 2.242512 -1.116917 -1.247172 0.079401 3.723431 -3.054843 1.816276 2.369113 0.404759 -0.411044 -0.356982 -0.530372 2.839564 0.491371 -1.147192 -0.265578 -0.182460 2.281141 0.034554 0.266144 -0.711242 3.000381 1.790307 -1.134182 2.279678 -0.399334 -2.273752 1.634973 2.389237 -2.774109 -1.295372 3.942485 0.121882 2.852619 -1.277979 2.494631 -2.379251 0.968975 1.006205 
1 10.895043 6.103872 4.019368 0.533419 4.092632 2.526560 -1.640220 0.553268 2.731507 0.560170 0.490171 2.301228 -1.052387 -1.191931 0.144563 3.792167 -2.986216 1.874928 2.443040 0.468579 -0.346364 -0.283828 -0.464079 2.901428 0.550570 -1.099205 -0.205803 -0.117066 2.346299 0.092588 0.331081 -0.646678 3.051019 1.854797 -1.078994 2.326319 -0.349055 -2.220849 1.681972 2.433397 -2.712950 -1.242509 3.994558 0.183013 2.918306 -1.224228 2.554695 -2.325302 1.023696 1.059108 
2 6.629375 2.862182 2.381870 -0.003152 3.752847 2.468853 -1.461411 1.060409 3.523753 1.140082 1.233593 2.749950 -0.456152 -0.843294 0.674709 4.502293 -2.027409 2.407970 3.402733 0.952504 0.089664 0.307550 0.035979 3.337272 0.648221 -1.245899 -0.024852 0.415737 2.961895 0.039136 0.725941 -0.288769 3.240382 2.369604 -0.839728 1.707679 -0.882207 -2.852460 1.122298 1.544052 -3.167222 -1.522656 3.905885 0.781633 3.409370 -1.076795 2.347957 -2.548000 0.942306 0.783429 
3 5.547378 1.982638 1.953885 0.096701 3.410103 1.822499 -1.207988 1.054897 3.585522 1.317194 1.161073 2.892269 0.286411 -0.718753 0.477363 3.965185 -1.573001 2.257553 3.214062 0.554444 0.071740 0.017414 0.447758 3.536241 1.090207 -1.375958 0.536985 0.745321 3.155795 -0.893988 0.271451 -0.387269 2.804604 3.119598 0.031829 1.018453 -0.857993 -2.940302 1.238780 0.931128 -2.435172 -1.358590 3.877451 0.971703 3.635563 -0.847674 1.994414 -1.908577 1.144253 1.451136 
4 4.977335 1.262894 1.847106 0.640217 2.798250 1.726527 -1.049035 0.716134 3.661613 1.366967 1.087552 2.708430 1.087270 -0.559665 0.862516 3.917420 -1.096244 1.614424 2.674045 0.459301 -0.424847 0.120991 0.627267 3.940704 1.037663 -1.269324 0.793749 0.528533 3.306441 -1.178549 0.087770 -0.337216 2.335104 2.582822 0.637879 1.117996 -0.951646 -2.371616 1.172913 0.848388 -1.887592 -1.128611 3.821085 1.171807 3.640961 -0.589957 1.563869 -1.504838 1.103024 1.570772 
5 4.227903 1.127888 1.550332 1.096575 2.639282 1.986809 -1.058040 0.873105 3.403968 1.271267 1.071657 2.416906 1.311302 -0.152080 1.076515 3.962460 -0.517562 1.268649 1.750486 0.519784 -0.329949 -0.172442 0.655177 3.994175 0.738996 -1.199826 0.370457 0.828804 3.213810 -1.238845 0.143904 -0.290467 1.892714 2.286811 1.502782 1.525777 -1.118711 -1.986235 1.093409 0.676721 -1.172718 -0.896844 3.504903 1.439257 3.234276 -0.153834 1.194831 -1.173441 0.937976 1.778753 
6 3.473875 1.208272 1.165790 1.712440 2.416490 2.233623 -0.923585 0.916817 2.886274 1.170783 1.227144 1.859161 1.392719 0.271471 1.538999 3.855152 0.339856 0.568573 1.204448 0.468067 -0.009353 -0.301555 0.335439 3.777049 0.518433 -1.362914 0.382263 0.971318 3.000538 -1.518723 0.326807 -0.019512 1.403893 2.569299 1.666617 1.903482 -0.908078 -1.471674 0.951399 0.583043 -0.613734 -0.351251 2.971512 1.464258 2.990805 0.112862 0.991405 -1.219290 1.022571 1.705675 
7 2.774584 1.370674 1.030557 1.980630 2.334754 2.418842 -0.962426 0.854948 2.472140 1.178194 1.072035 1.678606 1.195602 0.280393 1.653549 3.726152 0.644802 0.245720 0.886371 0.417738 0.314825 -0.227495 0.305086 3.608790 0.436279 -1.198817 0.504876 0.942586 3.024516 -1.515596 0.443595 0.138556 1.176333 2.684286 1.638856 1.966335 -1.049654 -0.895844 0.848954 0.608849 -0.130103 0.025255 3.024431 1.243439 2.843044 0.196249 0.786839 -1.284782 1.214216 1.755207 
8 2.465466 1.413239 1.045168 2.097746 2.300086 2.461927 -0.991075 0.841782 2.222218 1.120695 0.969506 1.620127 1.191496 0.462799 1.604422 3.673336 0.684494 0.124913 0.751601 0.375956 0.317545 -0.025066 0.162891 3.594180 0.255616 -1.120212 0.526702 1.046696 2.995546 -1.391158 0.607028 0.323833 1.085711 2.664140 1.527765 1.748219 -1.013521 -0.692446 0.922564 0.440822 0.187203 0.219913 3.010578 1.061131 2.717819 0.314913 0.772048 -1.290950 1.343750 1.775806 
9 2.458428 1.416614 1.044603 2.100907 2.298656 2.461737 -0.984739 0.845956 2.214006 1.120498 0.964597 1.618781 1.195438 0.469765 1.602914 3.674060 0.690580 0.120910 0.750744 0.377735 0.322244 -0.015934 0.158311 3.594143 0.250315 -1.116284 0.529307 1.051642 2.994453 -1.380796 0.614632 0.330046 1.084642 2.664136 1.526859 1.742466 -1.012035 -0.683503 0.929976 0.438581 0.198738 0.226592 3.012607 1.058260 2.716035 0.318740 0.771330 -1.287945 1.352844 1.777348 
10 2.296883 1.447741 0.945848 2.088672 2.194688 2.353718 -0.799876 0.952733 1.963361 1.090847 0.760877 1.534642 1.280353 0.568853 1.498306 3.658303 0.835272 -0.030959 0.717608 0.399821 0.432234 0.139047 -0.011900 3.528577 0.077102 -1.071607 0.546406 1.110119 2.893963 -1.122184 0.741671 0.388391 1.035356 2.602059 1.491278 1.579133 -1.046518 -0.527438 1.110531 0.383023 0.379525 0.303028 3.033849 0.985076 2.644496 0.332498 0.672142 -1.237697 1.562421 1.754459 
11 2.120513 1.421231 0.977431 2.057836 1.946252 2.318680 -0.520501 1.080928 1.757871 1.032008 0.665488 1.650299 1.387329 0.518657 1.315043 3.671192 0.949159 -0.135890 0.610631 0.435757 0.572165 0.268883 -0.035644 3.386104 0.002090 -1.092366 0.565602 1.254150 2.596292 -1.019109 0.982548 0.498628 0.998215 2.483337 1.415895 1.452947 -0.992089 -0.336615 1.367270 0.413193 0.516466 0.388165 3.036042 0.828317 2.527157 0.318146 0.567037 -1.202644 1.608472 1.708658 
12 2.011441 1.388214 1.059675 2.073036 1.781071 2.289401 -0.372106 1.112028 1.698986 0.904147 0.625170 1.563053 1.408548 0.582139 1.182309 3.579526 1.058063 -0.155874 0.580017 0.458942 0.730449 0.359258 0.050958 3.324787 -0.021750 -1.054341 0.543505 1.325966 2.461327 -0.944812 1.047444 0.580910 1.041263 2.401220 1.382828 1.347294 -0.969685 -0.244322 1.570502 0.502181 0.562792 0.384103 2.968197 0.676845 2.518288 0.348234 0.482195 -1.197642 1.580854 1.673770 
13 1.897261 1.344028 1.208555 2.030572 1.582563 2.089586 -0.287024 1.125791 1.555508 0.712720 0.590878 1.466505 1.415345 0.701249 1.097256 3.577703 1.197333 -0.124476 0.488430 0.419457 0.938633 0.497189 0.166836 3.156370 0.062843 -1.040725 0.510696 1.431648 2.338893 -0.784813 1.156406 0.722139 1.005874 2.327467 1.385089 1.135436 -0.972611 -0.059162 1.694985 0.686671 0.624998 0.363849 2.836274 0.542317 2.547464 0.307658 0.498152 -1.020257 1.473203 1.501270 
14 1.759203 1.263610 1.300322 2.066095 1.435722 1.843683 -0.218295 1.140978 1.446390 0.566421 0.648913 1.378101 1.372637 0.819037 1.088373 3.584014 1.187157 -0.151470 0.453420 0.424671 1.054739 0.445007 0.232348 2.996384 0.165988 -0.962686 0.496484 1.478088 2.128028 -0.534249 1.196482 0.930898 1.038913 2.274255 1.416373 0.965576 -0.937422 0.073632 1.825141 0.869755 0.664097 0.423625 2.756537 0.397724 2.551631 0.225814 0.496035 -0.835475 1.381707 1.443274 
15 1.661485 1.213877 1.347021 2.167259 1.386985 1.636940 -0.087783 1.150161 1.389009 0.557403 0.688852 1.368077 1.293302 0.933348 1.098526 3.504860 1.139201 -0.221768 0.402635 0.459123 1.105166 0.446097 0.290055 2.858663 0.285728 -0.851193 0.492473 1.537595 1.966563 -0.338849 1.276632 0.967749 1.053878 2.225197 1.483744 0.829084 -0.881371 0.166982 1.854900 0.987669 0.719495 0.367825 2.659062 0.280565 2.583907 0.187020 0.522681 -0.784140 1.309224 1.349711 
16 1.572058 1.141694 1.449393 2.255594 1.303123 1.429250 -0.013949 1.294462 1.299787 0.565761 0.672258 1.324361 1.176088 1.078315 1.094320 3.422248 1.098005 -0.279303 0.309654 0.552999 1.167022 0.410245 0.421432 2.762722 0.436160 -0.708855 0.620072 1.560995 1.865240 -0.145864 1.384830 0.977127 1.041695 2.124764 1.490785 0.744956 -0.755979 0.205016 1.861266 1.032848 0.732952 0.333075 2.516777 0.191159 2.552408 0.109389 0.543000 -0.710786 1.271922 1.268109 
17 1.570677 1.123977 1.455924 2.269006 1.296159 1.392983 0.004009 1.324813 1.285179 0.574936 0.686323 1.309761 1.153518 1.097608 1.070199 3.404885 1.103505 -0.266499 0.306666 0.557246 1.172743 0.412883 0.433933 2.738725 0.461563 -0.671707 0.667743 1.565190 1.848631 -0.105710 1.408271 0.991386 1.037496 2.094212 1.505608 0.737543 -0.740889 0.216374 1.851716 1.041726 0.750313 0.341066 2.478909 0.177844 2.547655 0.091456 0.542975 -0.709653 1.247985 1.262528 
18 1.565721 1.092283 1.462171 2.286347 1.281896 1.332400 0.028677 1.369777 1.258467 0.587045 0.705836 1.283184 1.114402 1.125118 1.027378 3.373511 1.108926 -0.248556 0.298597 0.560168 1.178030 0.413759 0.448928 2.697200 0.498506 -0.615530 0.740202 1.567917 1.818931 -0.046096 1.441350 1.010619 1.028182 2.041763 1.526343 0.722823 -0.720696 0.230732 1.832494 1.052626 0.774358 0.351009 2.415506 0.153647 2.536300 0.059680 0.538982 -0.711605 1.205988 1.250640 
19 1.547250 1.067408 1.444802 2.258096 1.214836 1.275161 0.093617 1.455655 1.216692 0.614224 0.753227 1.246627 1.066855 1.233483 0.941556 3.304258 1.084298 -0.220668 0.275929 0.607805 1.206932 0.467437 0.405939 2.647942 0.622758 -0.507164 0.826372 1.541522 1.774494 0.002920 1.448271 1.032290 1.061879 1.946000 1.560962 0.698933 -0.662222 0.251554 1.754193 1.100610 0.831679 0.394021 2.334458 0.120355 2.493321 -0.003362 0.540864 -0.679118 1.133078 1.234600 
20 1.533859 1.061930 1.404659 2.229422 1.161004 1.227200 0.130698 1.483587 1.230956 0.600505 0.804457 1.249289 1.018767 1.308535 0.894836 3.218252 1.089446 -0.198723 0.262340 0.653089 1.208210 0.502110 0.391487 2.582649 0.637864 -0.411596 0.893106 1.525862 1.769182 0.031113 1.462912 1.040900 1.095790 1.902578 1.556070 0.699810 -0.595288 0.273765 1.718375 1.129530 0.899505 0.392678 2.300976 0.131568 2.432765 -0.088599 0.539830 -0.618363 1.074317 1.212738 
21 1.511243 1.051136 1.375179 2.171299 1.154463 1.202853 0.162077 1.488841 1.259069 0.606628 0.785188 1.239556 1.035400 1.352420 0.849337 3.130231 1.100388 -0.199332 0.257955 0.675337 1.219242 0.512793 0.392492 2.494728 0.653044 -0.265186 0.934544 1.502351 1.753092 0.055301 1.487096 1.083373 1.130163 1.863991 1.550557 0.705792 -0.497507 0.260974 1.667655 1.168440 0.964693 0.407716 2.257517 0.147375 2.369943 -0.154654 0.557745 -0.560783 1.012565 1.170245 
22 1.508657 0.997076 1.304652 2.108369 1.173718 1.163919 0.220156 1.525045 1.290707 0.597744 0.751281 1.178629 1.051962 1.370702 0.861764 3.008042 1.081192 -0.171589 0.270064 0.676344 1.262468 0.557084 0.399987 2.343196 0.694280 -0.069325 0.956976 1.439743 1.723939 0.049564 1.546681 1.110962 1.201371 1.789001 1.518752 0.679831 -0.358830 0.317955 1.622806 1.177168 1.031044 0.418867 2.192784 0.206386 2.243885 -0.202568 0.598441 -0.470660 0.917886 1.180428 
23 1.483507 0.952568 1.242204 2.017193 1.204114 1.143136 0.266970 1.515095 1.277133 0.585705 0.738319 1.144374 1.049596 1.392835 0.872617 2.922705 1.084811 -0.110170 0.251366 0.655224 1.259235 0.579930 0.411576 2.229547 0.723372 0.033826 0.986883 1.372273 1.696150 0.075467 1.583093 1.099994 1.247087 1.720323 1.490561 0.691099 -0.197703 0.356652 1.596655 1.212363 1.070884 0.414088 2.153330 0.230368 2.190312 -0.181884 0.622223 -0.401798 0.883493 1.213901 
24 1.434608 0.889951 1.176649 1.792258 1.196502 1.077061 0.349082 1.507696 1.265196 0.654896 0.722257 1.097822 1.007813 1.457001 0.937679 2.698256 1.145050 0.024002 0.255760 0.613510 1.188914 0.610665 0.479918 1.956124 0.758376 0.206050 1.035166 1.206571 1.586679 0.104519 1.640270 1.095756 1.406212 1.572496 1.438025 0.732546 -0.013491 0.414638 1.551013 1.257825 1.173624 0.447557 2.038769 0.283241 2.048848 -0.054298 0.741183 -0.249281 0.886687 1.242590 
25 1.434248 0.801511 1.151978 1.667540 1.205507 1.067431 0.406798 1.496220 1.238266 0.683796 0.705445 1.077755 0.970984 1.505150 0.970824 2.578145 1.146418 0.112315 0.301539 0.606013 1.167899 0.629770 0.534439 1.784386 0.751002 0.307222 1.074733 1.144557 1.506686 0.115356 1.623507 1.077911 1.488447 1.496535 1.425165 0.776738 0.107448 0.479517 1.503547 1.267984 1.242000 0.483768 1.973368 0.305260 1.963545 0.033838 0.792406 -0.137044 0.913230 1.208724 
26 1.432393 0.748684 1.136618 1.594601 1.208887 1.060395 0.437571 1.487572 1.220668 0.698638 0.694074 1.064728 0.948154 1.530865 0.988003 2.507220 1.145457 0.161375 0.326004 0.600067 1.154206 0.638563 0.563476 1.684150 0.744895 0.363551 1.095752 1.107270 1.458836 0.120017 1.611852 1.065359 1.534134 1.451296 1.416529 0.800030 0.174989 0.514733 1.474358 1.271888 1.278826 0.502859 1.934159 0.316421 1.912467 0.082661 0.819496 -0.074576 0.926843 1.187334 
27 1.423353 0.636464 1.158796 1.455965 1.201954 1.080231 0.483747 1.427459 1.167443 0.706684 0.686888 1.056414 0.920872 1.557947 1.041686 2.323101 1.176325 0.286173 0.389092 0.605545 1.145754 0.657461 0.592808 1.465708 0.747906 0.488482 1.164434 1.023861 1.343419 0.177011 1.602439 1.001745 1.660332 1.365966 1.439710 0.809196 0.331224 0.578700 1.391051 1.274189 1.336173 0.557750 1.844046 0.383295 1.768211 0.187950 0.864590 0.054673 0.969945 1.149273 
28 1.372181 0.579589 1.186931 1.365806 1.186461 1.085089 0.538970 1.411115 1.138302 0.685582 0.644046 1.050342 0.897740 1.572553 1.069854 2.183274 1.192481 0.408034 0.453466 0.598135 1.104922 0.669818 0.595551 1.330192 0.734397 0.614335 1.247140 0.967452 1.212290 0.229099 1.559750 0.920153 1.741056 1.332224 1.427075 0.823592 0.446002 0.653662 1.318705 1.306916 1.363687 0.604363 1.767850 0.479158 1.649427 0.312913 0.928999 0.160614 0.958036 1.113600 
29 1.346047 0.565917 1.190665 1.344211 1.185245 1.104394 0.583835 1.409644 1.096539 0.681036 0.657668 1.060445 0.898283 1.574244 1.079853 2.114625 1.190674 0.457598 0.500510 0.566403 1.092483 0.661067 0.617590 1.298972 0.729180 0.668089 1.258483 0.935357 1.181282 0.255767 1.541509 0.879381 1.750452 1.304260 1.401938 0.817754 0.482449 0.665595 1.294252 1.335959 1.379976 0.628612 1.722991 0.523500 1.588968 0.351922 0.955669 0.218313 0.960825 1.089319 
30 1.329297 0.557081 1.172164 1.324544 1.156391 1.118374 0.623154 1.397554 1.032335 0.691863 0.682155 1.061021 0.900044 1.534955 1.089315 2.042347 1.182883 0.519542 0.559538 0.572415 1.073037 0.648550 0.632473 1.271238 0.724948 0.748697 1.271828 0.915673 1.165015 0.282885 1.531372 0.851391 1.756548 1.288340 1.363881 0.805726 0.525236 0.672009 1.256684 1.381279 1.396977 0.629523 1.651420 0.555305 1.513462 0.440673 0.969726 0.309409 0.964969 1.062607 
31 1.302409 0.536263 1.149772 1.316853 1.141199 1.137969 0.632958 1.398135 0.983393 0.714754 0.707645 1.044236 0.912525 1.479423 1.085985 1.915227 1.169946 0.605669 0.633955 0.599645 1.038342 0.668591 0.636204 1.243989 0.746379 0.810871 1.263151 0.872541 1.129526 0.328866 1.533067 0.820831 1.707679 1.290401 1.338048 0.825390 0.572078 0.681388 1.249585 1.430075 1.406867 0.637445 1.590192 0.570069 1.420692 0.522971 0.993599 0.427786 0.972681 1.017959 
32 1.279671 0.546634 1.108534 1.310346 1.124786 1.137321 0.642238 1.392556 0.948569 0.737011 0.750896 1.013584 0.946320 1.437532 1.089530 1.803611 1.143991 0.703254 0.665006 0.622652 1.002821 0.690601 0.660087 1.206733 0.768288 0.880817 1.258523 0.863367 1.100698 0.364417 1.529204 0.793847 1.662335 1.285450 1.313986 0.833287 0.609896 0.690495 1.249363 1.458837 1.380348 0.680260 1.560519 0.596574 1.345116 0.597905 0.992450 0.506188 0.995673 0.950993 
33 1.278111 0.545424 1.102332 1.302107 1.119729 1.141611 0.648008 1.389382 0.941760 0.739994 0.756510 1.008506 0.951813 1.430717 1.091807 1.781298 1.135857 0.718079 0.664922 0.628527 0.994572 0.693511 0.665706 1.201052 0.773465 0.891149 1.256437 0.862793 1.096412 0.375837 1.525545 0.794130 1.651098 1.290062 1.306806 0.834948 0.611861 0.694988 1.248973 1.460092 1.376056 0.685345 1.549956 0.604827 1.334620 0.606786 0.991545 0.514471 0.998170 0.943687 
34 1.272972 0.541833 1.073491 1.262179 1.096342 1.166568 0.680745 1.375381 0.910066 0.757114 0.787266 0.985377 0.982268 1.398670 1.106195 1.671041 1.097026 0.795293 0.666760 0.661326 0.955430 0.711200 0.697201 1.174966 0.802423 0.945426 1.248379 0.862628 1.077506 0.436962 1.509345 0.798803 1.596070 1.316705 1.272546 0.845797 0.623937 0.720831 1.249449 1.468473 1.357492 0.713532 1.498274 0.649367 1.284591 0.653588 0.989910 0.558375 1.013097 0.909935 
35 1.268599 0.549828 1.036301 1.242982 1.075255 1.184172 0.712614 1.346535 0.889844 0.782293 0.803611 0.973844 1.016105 1.371749 1.112375 1.600306 1.074688 0.868880 0.667545 0.716795 0.931412 0.728843 0.740401 1.141846 0.815676 0.979112 1.235997 0.845188 1.063006 0.497119 1.473793 0.785064 1.542544 1.336449 1.239048 0.841548 0.638843 0.739707 1.249047 1.462940 1.342767 0.756813 1.439491 0.668983 1.240619 0.683839 1.006830 0.593455 1.009199 0.895995 
36 1.250969 0.576465 1.029183 1.220489 1.051694 1.196610 0.761507 1.333370 0.871823 0.803268 0.821330 0.951462 1.033474 1.337652 1.130109 1.547376 1.061178 0.921200 0.680695 0.753346 0.908868 0.747373 0.770769 1.111096 0.816207 1.000064 1.225270 0.836287 1.064794 0.542322 1.431834 0.792344 1.490353 1.341898 1.236937 0.839442 0.666055 0.750061 1.238473 1.438420 1.320993 0.774419 1.414810 0.672147 1.202818 0.702325 1.026690 0.619743 0.997526 0.889250 
37 1.226061 0.612110 1.025748 1.198900 1.041493 1.206431 0.803399 1.329633 0.851967 0.817933 0.847498 0.941416 1.041362 1.281498 1.152625 1.487849 1.050467 0.956846 0.689145 0.791236 0.884037 0.802402 0.804501 1.071500 0.814432 1.030633 1.209273 0.833998 1.055345 0.590101 1.368497 0.801936 1.439677 1.337170 1.229013 0.843209 0.694689 0.745530 1.227464 1.406453 1.291691 0.802842 1.367255 0.685111 1.188708 0.719263 1.033322 0.667262 0.990002 0.893448 
38 1.190684 0.660461 1.031090 1.175248 1.020326 1.208472 0.831216 1.298202 0.835443 0.851821 0.869896 0.926862 1.043197 1.244791 1.158890 1.450315 1.027202 0.989643 0.719108 0.818065 0.869664 0.853045 0.835219 1.039803 0.816103 1.064881 1.188771 0.832695 1.037110 0.624076 1.323349 0.808315 1.385537 1.328448 1.226383 0.859583 0.728330 0.753899 1.228806 1.367411 1.260635 0.818774 1.307295 0.717019 1.177711 0.724793 1.028059 0.710376 0.991347 0.906470 
39 1.154733 0.717025 1.030571 1.147584 1.017867 1.204787 0.852247 1.272756 0.830888 0.860041 0.896409 0.914333 1.056440 1.214045 1.153580 1.414600 0.994564 1.000564 0.755520 0.854763 0.863766 0.891013 0.873477 1.011922 0.822547 1.068586 1.184927 0.822559 1.019030 0.656126 1.291756 0.821304 1.338659 1.309653 1.223818 0.870436 0.752237 0.766174 1.217197 1.331040 1.243960 0.826638 1.255857 0.752629 1.164986 0.745666 1.019301 0.744046 0.992183 0.912916 
40 1.103218 0.797443 1.019221 1.110321 1.008674 1.194131 0.873004 1.242656 0.851017 0.894879 0.923385 0.892709 1.068553 1.148403 1.145689 1.347664 0.947830 1.021123 0.795093 0.888482 0.872278 0.933632 0.921495 1.005517 0.822891 1.045680 1.174634 0.829713 0.995882 0.715855 1.236303 0.845393 1.295448 1.270183 1.218940 0.878686 0.807345 0.804888 1.190198 1.286974 1.225706 0.843279 1.169948 0.801442 1.146105 0.763566 1.013719 0.793720 1.004595 0.912528 
41 1.095162 0.814340 1.011926 1.105594 1.000847 1.192474 0.874622 1.234584 0.852607 0.901748 0.925872 0.893693 1.068262 1.136911 1.142586 1.329939 0.938497 1.022328 0.807770 0.893544 0.873931 0.945923 0.935763 1.003566 0.825433 1.038513 1.170800 0.835271 0.992169 0.731348 1.225687 0.855231 1.284906 1.260363 1.218834 0.881717 0.823347 0.812230 1.182644 1.276942 1.218388 0.850406 1.155039 0.815999 1.141852 0.771646 1.016113 0.803188 1.003569 0.914733 
42 1.068100 0.867010 0.986724 1.089211 0.974008 1.185611 0.878066 1.207177 0.856053 0.922581 0.932036 0.895721 1.065538 1.098844 1.131009 1.271204 0.907139 1.024605 0.847178 0.908232 0.877860 0.983791 0.980232 0.995776 0.832273 1.014141 1.156932 0.851874 0.978965 0.779824 1.190102 0.885448 1.249713 1.227177 1.217281 0.890217 0.873348 0.834130 1.156959 1.243410 1.192896 0.872117 1.106105 0.861638 1.126683 0.796520 1.022383 0.832103 0.998703 0.920606 
43 1.047983 0.905014 0.963312 1.074622 0.955837 1.178373 0.888403 1.184469 0.863038 0.935346 0.927317 0.890284 1.055425 1.070299 1.121790 1.224551 0.886671 1.023252 0.878968 0.922825 0.891115 1.005443 1.010122 0.988297 0.838579 1.000246 1.149050 0.865696 0.977570 0.819710 1.162489 0.900300 1.222600 1.199002 1.221177 0.901416 0.898219 0.846366 1.142387 1.227106 1.170661 0.891475 1.075856 0.896900 1.118320 0.814884 1.025136 0.856396 1.001241 0.931217 
44 1.013220 0.960102 0.936591 1.050169 0.925471 1.171689 0.917359 1.129617 0.895266 0.948685 0.926072 0.885393 1.031007 1.023902 1.110829 1.150866 0.840968 1.021424 0.923821 0.945946 0.908945 1.041787 1.041934 0.973277 0.850688 0.969938 1.143793 0.907660 0.977399 0.873834 1.136054 0.926874 1.158318 1.139849 1.215381 0.915542 0.941343 0.855877 1.115753 1.196575 1.133130 0.940881 1.015867 0.949638 1.102027 0.851467 1.048459 0.907069 1.006629 0.950190 
45 0.999674 0.993843 0.914533 1.044972 0.896830 1.174358 0.937589 1.098506 0.931627 0.951013 0.927843 0.881832 1.014694 0.998837 1.099478 1.113342 0.821853 1.025973 0.945423 0.946548 0.930433 1.061107 1.062601 0.964078 0.863696 0.961512 1.137703 0.921870 0.960510 0.915584 1.118947 0.946210 1.111455 1.107168 1.203322 0.923578 0.963057 0.856371 1.082311 1.165357 1.112941 0.957095 0.989226 0.976622 1.095918 0.877190 1.059341 0.944034 1.024531 0.963741 
46 0.987780 1.018996 0.892953 1.043535 0.885122 1.177456 0.948502 1.065998 0.945748 0.949333 0.930075 0.877179 1.013600 0.981305 1.093068 1.087211 0.816021 1.028037 0.960106 0.945741 0.944525 1.073870 1.076125 0.961986 0.887667 0.957573 1.143022 0.949766 0.942973 0.945277 1.098252 0.957632 1.088883 1.076556 1.187022 0.942331 0.969014 0.857351 1.064746 1.133712 1.098971 0.955349 0.973858 0.987263 1.083182 0.887572 1.080929 0.973033 1.035401 0.973947 
47 0.981038 1.028836 0.884944 1.049248 0.883131 1.183178 0.951386 1.050884 0.953130 0.956274 0.932189 0.874499 1.014418 0.976647 1.086813 1.071918 0.816418 1.030067 0.966310 0.950586 0.952093 1.078049 1.078900 0.952872 0.898089 0.953366 1.148043 0.965306 0.933574 0.956841 1.078941 0.971278 1.072047 1.053600 1.172664 0.944662 0.972662 0.859927 1.057363 1.125674 1.087822 0.946813 0.969162 1.000530 1.076702 0.892947 1.093076 0.986251 1.045359 0.982621 
48 0.979447 1.030813 0.884877 1.050244 0.883420 1.184079 0.951780 1.049445 0.953954 0.959097 0.933068 0.875578 1.014690 0.974998 1.082589 1.069836 0.815470 1.030504 0.965134 0.949701 0.954267 1.077752 1.078920 0.948262 0.900518 0.951914 1.147990 0.968810 0.934212 0.959423 1.076193 0.971915 1.069931 1.051584 1.170728 0.945615 0.972359 0.861179 1.056030 1.123116 1.086699 0.945080 0.969223 1.003344 1.075647 0.894936 1.095240 0.990199 1.045433 0.984022 
49 0.979214 1.030824 0.884930 1.050472 0.883276 1.184181 0.951849 1.049197 0.954150 0.959410 0.933265 0.875415 1.014849 0.974896 1.082012 1.069566 0.815333 1.030216 0.965073 0.949493 0.954368 1.077703 1.078744 0.947671 0.900712 0.951692 1.147992 0.968973 0.934461 0.959882 1.075761 0.971939 1.069890 1.051322 1.170201 0.945858 0.972365 0.861321 1.055930 1.122720 1.086275 0.944934 0.969128 1.003533 1.075513 0.895232 1.095342 0.990600 1.045355 0.984063 
50 0.977089 1.031270 0.886170 1.053733 0.881976 1.185943 0.953344 1.046848 0.957125 0.963364 0.936190 0.873741 1.017414 0.974421 1.076038 1.067141 0.814369 1.027055 0.965151 0.947626 0.955891 1.077824 1.077166 0.941563 0.903372 0.949640 1.148624 0.971072 0.938105 0.965861 1.071373 0.972758 1.070220 1.048951 1.164419 0.949313 0.973075 0.863536 1.055442 1.118715 1.081789 0.943961 0.968465 1.006005 1.074588 0.899182 1.096907 0.995603 1.044949 0.984954 
51 0.975906 1.032966 0.887305 1.053228 0.884781 1.187228 0.954134 1.046308 0.964436 0.967149 0.938617 0.875758 1.019108 0.977268 1.069606 1.066754 0.817562 1.021306 0.966918 0.943227 0.953182 1.078761 1.077484 0.935124 0.908458 0.948189 1.147805 0.977167 0.942743 0.972184 1.066158 0.972368 1.068367 1.049179 1.159691 0.950170 0.973305 0.869522 1.052605 1.117881 1.072209 0.943228 0.964858 1.002874 1.064136 0.903139 1.092981 1.000847 1.046512 0.989796 
52 0.976078 1.032794 0.887676 1.052756 0.885076 1.186574 0.954352 1.045907 0.965306 0.968064 0.939072 0.876119 1.019158 0.976969 1.069504 1.067214 0.818762 1.020413 0.967421 0.942843 0.952897 1.079341 1.077288 0.934368 0.909532 0.947985 1.147406 0.977920 0.943353 0.973252 1.065614 0.971732 1.067465 1.048780 1.158444 0.950420 0.973264 0.870526 1.051914 1.118008 1.072015 0.943141 0.965046 1.003093 1.063067 0.903570 1.092197 1.000810 1.046221 0.989549 
53 0.976479 1.032279 0.889906 1.051053 0.886250 1.184401 0.954082 1.045466 0.967472 0.969741 0.940727 0.876233 1.018354 0.977160 1.068665 1.067369 0.821628 1.018659 0.968680 0.942803 0.953206 1.078724 1.076799 0.934056 0.912724 0.948132 1.145122 0.980315 0.944167 0.975432 1.062768 0.970683 1.065626 1.048213 1.154507 0.950540 0.974587 0.871031 1.052040 1.116762 1.073162 0.944183 0.966225 1.003483 1.059804 0.905999 1.089393 1.000294 1.044873 0.990347 
54 0.978283 1.031093 0.893503 1.046235 0.891600 1.178258 0.954840 1.043115 0.970405 0.973169 0.945053 0.882000 1.015584 0.978111 1.066369 1.065574 0.830130 1.015043 0.969448 0.943950 0.956906 1.075556 1.073132 0.937545 0.917481 0.951325 1.141110 0.980580 0.946129 0.977902 1.058103 0.971341 1.061032 1.045988 1.148229 0.950559 0.976166 0.876655 1.053536 1.110853 1.069831 0.946237 0.968006 1.003573 1.055519 0.912336 1.085468 1.000663 1.040732 0.988778 
55 0.984227 1.023899 0.917032 1.028785 0.912026 1.139974 0.957620 1.036844 0.977981 0.981699 0.963282 0.908902 1.016603 0.984041 1.054451 1.049608 0.865807 1.006029 0.976888 0.954766 0.972735 1.058177 1.056469 0.951362 0.931429 0.966220 1.112412 0.986716 0.956309 0.984769 1.043782 0.972241 1.042330 1.034709 1.115812 0.960650 0.981525 0.905620 1.042765 1.087748 1.053345 0.957623 0.976257 0.999415 1.044708 0.934076 1.071289 0.998931 1.029791 0.994283 
56 0.985737 1.021930 0.921996 1.026872 0.917681 1.130231 0.959943 1.034211 0.979675 0.982709 0.967025 0.914432 1.015474 0.984838 1.050594 1.045830 0.874358 1.005230 0.978420 0.956965 0.974940 1.054889 1.052895 0.954272 0.934366 0.968775 1.105544 0.987870 0.958925 0.985936 1.040754 0.973490 1.039076 1.032811 1.108817 0.963067 0.982486 0.911723 1.040454 1.082186 1.050149 0.959745 0.977459 0.999311 1.041534 0.938636 1.067500 0.997983 1.027775 0.995200 
57 0.987921 1.019424 0.928908 1.024461 0.925531 1.117164 0.963335 1.030766 0.982129 0.984198 0.972219 0.922092 1.014081 0.986056 1.045500 1.040906 0.886138 1.004320 0.980653 0.960142 0.978072 1.050624 1.048224 0.958402 0.938571 0.972362 1.096358 0.989579 0.962654 0.987670 1.036818 0.975404 1.034834 1.030409 1.099461 0.966519 0.983962 0.920165 1.037448 1.074794 1.045994 0.962805 0.979249 0.999354 1.037364 0.944960 1.062516 0.996877 1.025228 0.996579 
58 0.994978 1.005225 0.970932 1.008705 0.968012 1.046461 0.984048 1.012084 0.991388 0.993323 0.991902 0.965710 1.006187 0.992259 1.016270 1.019587 0.949586 0.998273 0.987943 0.982646 0.994175 1.025537 1.022370 0.984546 0.971581 0.989910 1.041170 0.993924 0.983430 0.994699 1.013755 0.989677 1.013986 1.015186 1.044044 0.987569 0.993966 0.964552 1.015394 1.034933 1.018668 0.984043 0.992018 1.001206 1.010687 0.977695 1.032569 0.996014 1.014263 0.999806 
59 1.000063 0.999141 0.996543 0.999857 0.997031 1.006557 0.998353 1.000321 0.997517 1.001094 1.001648 0.991362 0.999425 0.998343 0.999294 1.002889 0.994035 0.996963 0.996933 0.998651 0.998817 1.004809 1.006000 1.000383 0.993634 0.998712 1.005559 0.999624 0.995037 0.999076 1.003652 0.997521 1.002308 1.003592 1.005827 0.997034 0.998895 0.995396 0.999947 1.005565 1.001014 0.998688 1.001721 1.001456 1.000757 0.996293 1.006634 1.001255 1.001442 1.001524 
60 1.000309 0.999479 0.997564 0.999660 0.998295 1.004632 0.999224 0.999901 0.997968 1.001276 1.001066 0.993259 0.999921 0.999167 0.999086 1.001799 0.995945 0.997355 0.997710 0.998914 0.999291 1.003775 1.004243 1.000526 0.995479 0.999009 1.003839 0.999909 0.996092 0.999176 1.002627 0.998011 1.001595 1.003050 1.004373 0.997548 0.999409 0.996271 0.999502 1.004202 1.000630 0.999025 1.001182 1.001014 1.000870 0.997591 1.005041 1.000919 1.001025 1.000936 
61 1.000039 0.999984 1.000082 1.000057 1.000134 0.999876 1.000110 0.999821 0.999900 1.000368 0.999906 0.999989 1.000128 1.000232 1.000281 0.999878 0.999763 1.000124 0.999839 0.999853 1.000362 1.000306 1.000074 1.000133 0.999665 0.999764 1.000285 0.999969 0.999788 1.000050 1.000091 1.000109 1.000035 1.000133 0.999919 1.000144 0.999823 0.999663 0.999834 1.000171 0.999926 0.999934 1.000141 0.999932 0.999787 1.000053 0.999686 1.000166 0.999652 1.000146 
62 1.000069 1.000001 1.000058 1.000045 1.000084 0.999852 1.000094 0.999881 0.999901 1.000285 0.999929 0.999987 1.000105 1.000196 1.000254 0.999896 0.999826 1.000091 0.999876 0.999878 1.000305 1.000236 1.000043 1.000097 0.999739 0.999768 1.000260 0.999968 0.999836 1.000014 1.000068 1.000075 1.000014 1.000146 0.999911 1.000107 0.999872 0.999734 0.999880 1.000115 0.999931 0.999951 1.000109 0.999974 0.999815 1.000015 0.999749 1.000175 0.999742 1.000127 
63 1.000062 0.999999 1.000051 1.000039 1.000074 0.999863 1.000084 0.999891 0.999908 1.000258 0.999934 0.999986 1.000093 1.000177 1.000229 0.999903 0.999841 1.000081 0.999886 0.999887 1.000276 1.000213 1.000037 1.000086 0.999761 0.999787 1.000236 0.999969 0.999849 1.000010 1.000060 1.000066 1.000011 1.000132 0.999917 1.000096 0.999882 0.999756 0.999889 1.000103 0.999935 0.999954 1.000097 0.999975 0.999829 1.000012 0.999769 1.000159 0.999764 1.000114 
64 1.000000 1.000000 1.000000 1.000000 1.000000 1.000000 1.000000 1.000000 1.000000 1.000000 1.000000 1.000000 1.000000 1.000000 1.000000 1.000000 1.000000 1.000000 1.000000 1.000000 1.000000 1.000001 1.000000 1.000000 1.000000 1.000000 0.999999 1.000000 1.000000 1.000000 1.000000 1.000000 1.000000 1.000000 1.000000 1.000000 1.000000 1.000000 1.000000 1.000000 1.000000 1.000000 1.000000 1.000000 1.000000 1.000000 1.000000 1.000000 1.000000 1.000000 
65 1.000000 1.000000 1.000000 1.000000 1.000000 1.000000 1.000000 1.000000 1.000000 1.000000 1.000000 1.000000 1.000000 1.000000 1.000000 1.000000 1.000000 1.000000 1.000000 1.000000 1.000000 1.000000 1.000000 1.000000 1.000000 1.000000 1.000000 1.000000 1.000000 1.000000 1.000000 1.000000 1.000000 1.000000 1.000000 1.000000 1.000000 1.000000 1.000000 1.000000 1.000000 1.000000 1.000000 1.000000 1.000000 1.000000 1.000000 1.000000 1.000000 1.000000 


0 12.016526 6.055462 3.620690 -0.236210 3.990869 2.571785 -2.203365 0.484219 3.007678 0.322585 0.303357 2.387001 -1.209333 -1.247728 0.187164 3.846344 -3.490174 2.056206 2.516899 0.207045 -0.449829 -0.405338 -0.528988 2.873781 0.511833 -1.007992 -0.147511 -0.395206 2.317600 -0.170351 0.457867 -0.948270 3.387097 1.713214 -1.151550 2.349352 -0.306103 -2.696340 1.791699 2.783792 -2.860692 -1.524992 4.222460 -0.113661 2.881912 -1.522881 2.990041 -2.735564 0.965675 1.082640 
1 12.021757 6.083754 3.663382 -0.180510 4.048380 2.640043 -2.124919 0.550663 3.086789 0.381059 0.377806 2.452219 -1.137704 -1.185962 0.260205 3.922090 -3.413335 2.121707 2.599267 0.278376 -0.377102 -0.323507 -0.454792 2.942438 0.578073 -0.953760 -0.080007 -0.322091 2.390465 -0.104658 0.531038 -0.875583 3.444312 1.785925 -1.089341 2.402099 -0.249136 -2.635854 1.845260 2.834586 -2.790442 -1.464801 4.281864 -0.043494 2.956793 -1.461793 3.058021 -2.674493 1.027475 1.141916 
2 7.368050 2.706219 2.103890 -0.549081 3.845438 2.658538 -1.801442 1.166697 3.994385 1.053099 1.193704 2.851250 -0.585690 -0.859855 0.796633 4.552671 -2.400088 2.647189 3.573789 0.747051 0.070676 0.259579 0.035099 3.316264 0.616697 -1.134832 0.105271 0.200481 3.009481 -0.171956 0.945279 -0.508773 3.645677 2.339927 -0.847106 1.687375 -0.858793 -3.312401 1.230098 1.882339 -3.232395 -1.761520 4.212649 0.713373 3.552156 -1.280448 2.813613 -2.934704 0.915488 0.768393 
3 6.115027 1.783260 1.733966 -0.347501 3.481392 1.976116 -1.512959 1.182461 3.982954 1.273240 1.083940 2.962546 0.201036 -0.744322 0.590919 4.059792 -1.922953 2.453341 3.317958 0.364996 0.029243 -0.099887 0.436137 3.508438 1.090638 -1.300730 0.755903 0.538293 3.225937 -1.184291 0.443620 -0.617772 3.198488 3.170539 0.051113 0.953660 -0.789889 -3.395322 1.304578 1.188153 -2.469929 -1.559860 4.191451 0.996817 3.802986 -1.029882 2.399570 -2.153659 1.134293 1.451149 
4 5.410937 0.999615 1.654178 0.384468 2.851705 1.884620 -1.306674 0.766063 3.973270 1.347247 0.998558 2.715816 1.059899 -0.563556 0.984038 4.052249 -1.365800 1.740109 2.734588 0.278303 -0.550938 0.010893 0.615625 3.935564 1.001188 -1.190544 1.048838 0.307690 3.405420 -1.466461 0.223603 -0.583572 2.724770 2.602951 0.749610 1.082263 -0.908050 -2.743534 1.198194 1.053358 -1.854992 -1.332563 4.094721 1.256778 3.817242 -0.739174 1.866752 -1.668818 1.069803 1.586294 
5 4.519560 0.884980 1.407108 0.997407 2.729112 2.213202 -1.279902 0.928237 3.587313 1.257305 0.983845 2.399363 1.288206 -0.093540 1.181696 4.126969 -0.718367 1.353883 1.749751 0.342903 -0.486803 -0.290383 0.645127 3.983056 0.680137 -1.152222 0.566453 0.641770 3.279296 -1.543445 0.260414 -0.523107 2.275979 2.315129 1.708209 1.542311 -1.113472 -2.311510 1.062045 0.836278 -1.065852 -1.089979 3.697372 1.548544 3.349842 -0.278445 1.432608 -1.277321 0.889771 1.817813 
6 3.655755 1.030868 1.059521 1.728660 2.503467 2.487625 -1.090018 1.009710 2.951034 1.153610 1.134686 1.786007 1.354986 0.358494 1.669357 4.050818 0.237436 0.594547 1.190016 0.306250 -0.164339 -0.418991 0.305729 3.740992 0.429190 -1.364767 0.591819 0.780629 3.030664 -1.849615 0.411307 -0.212796 1.777959 2.649597 1.863999 1.980089 -0.930531 -1.733224 0.860176 0.755897 -0.500272 -0.515241 3.091636 1.566070 3.063032 -0.026671 1.159495 -1.291353 1.036143 1.733339 
7 2.896767 1.240872 0.967087 2.036106 2.431294 2.679760 -1.122386 0.929329 2.498542 1.156432 0.978499 1.619221 1.136477 0.349156 1.763574 3.926331 0.549566 0.293804 0.854282 0.245499 0.144626 -0.306680 0.276284 3.556972 0.309070 -1.200101 0.731919 0.777100 3.055314 -1.836789 0.543367 -0.030217 1.543550 2.777242 1.819025 2.018077 -1.096617 -1.109219 0.742049 0.781955 0.011062 -0.129324 3.139072 1.286707 2.901530 0.067686 0.919512 -1.366392 1.256546 1.784827 
8 2.560226 1.297836 0.987803 2.155818 2.381738 2.714148 -1.132717 0.924726 2.213873 1.083151 0.853949 1.536445 1.162368 0.569802 1.708412 3.869132 0.595305 0.156467 0.719093 0.207274 0.159023 -0.068897 0.097260 3.548948 0.102366 -1.130633 0.742088 0.888586 3.018774 -1.669109 0.721002 0.171406 1.440684 2.763111 1.690005 1.764474 -1.053611 -0.900327 0.854702 0.592901 0.341056 0.091217 3.116175 1.069015 2.770359 0.203798 0.889309 -1.371226 1.426744 1.801897 
9 2.550675 1.302456 0.984932 2.157829 2.377307 2.711326 -1.120664 0.932511 2.200637 1.082654 0.844568 1.534365 1.169692 0.578115 1.705300 3.870517 0.605027 0.149646 0.718123 0.210377 0.168157 -0.055925 0.089642 3.547334 0.094209 -1.126360 0.744595 0.895171 3.015335 -1.651512 0.732188 0.178582 1.437797 2.762612 1.689174 1.756158 -1.053507 -0.887230 0.868351 0.590493 0.355921 0.100010 3.119601 1.064896 2.767927 0.208020 0.886019 -1.366484 1.440864 1.802971 
10 2.379307 1.334807 0.872851 2.126556 2.246915 2.591750 -0.916734 1.054849 1.933254 1.050537 0.625119 1.465001 1.270248 0.657525 1.600315 3.861617 0.752521 -0.008726 0.674357 0.235639 0.309045 0.107415 -0.081452 3.464696 -0.080675 -1.095054 0.745926 0.959127 2.898448 -1.367491 0.878128 0.232633 1.358470 2.704180 1.656130 1.592277 -1.109970 -0.708379 1.087543 0.537430 0.537424 0.187199 3.151993 0.980678 2.694731 0.220735 0.768285 -1.313559 1.652385 1.772813 
11 2.199147 1.296454 0.902429 2.093315 1.958540 2.556352 -0.628529 1.180349 1.731227 0.980927 0.535456 1.592119 1.395963 0.594084 1.420485 3.865249 0.867469 -0.119417 0.551062 0.274272 0.466358 0.248317 -0.089006 3.316366 -0.167846 -1.119985 0.751078 1.129179 2.579840 -1.253789 1.140561 0.368880 1.287547 2.585297 1.570836 1.451616 -1.057551 -0.497962 1.405275 0.567960 0.680435 0.286819 3.150155 0.798182 2.582963 0.229169 0.647728 -1.297219 1.673963 1.719614 
12 2.088836 1.267020 0.983885 2.094773 1.772916 2.521684 -0.483059 1.210643 1.670909 0.848302 0.487789 1.493408 1.430721 0.661440 1.297831 3.761672 0.983224 -0.145483 0.505548 0.304769 0.651069 0.336239 0.010833 3.264313 -0.179837 -1.082244 0.713474 1.208533 2.450572 -1.169473 1.194444 0.457676 1.310611 2.506975 1.540333 1.330092 -1.036854 -0.408873 1.634681 0.671336 0.719624 0.287048 3.081291 0.638808 2.585344 0.266199 0.556090 -1.294590 1.645105 1.674689 
13 1.976640 1.225461 1.124326 2.047546 1.563425 2.310751 -0.409442 1.219337 1.530317 0.652034 0.472844 1.398727 1.444215 0.773937 1.233583 3.756307 1.122487 -0.110832 0.399466 0.269358 0.866881 0.473066 0.138294 3.110545 -0.088857 -1.079518 0.666791 1.330321 2.335754 -0.995119 1.297789 0.609031 1.238123 2.437841 1.543439 1.099280 -1.046442 -0.219602 1.778700 0.863028 0.778880 0.271452 2.950395 0.501642 2.622300 0.222078 0.577765 -1.123923 1.523296 1.489524 
14 1.837117 1.149632 1.206799 2.089536 1.410664 2.052309 -0.345692 1.233911 1.423540 0.502851 0.546245 1.304318 1.401074 0.879978 1.228929 3.765972 1.103355 -0.137698 0.365162 0.285820 0.985579 0.416227 0.212394 2.966758 0.021605 -1.001174 0.643615 1.385360 2.122097 -0.724995 1.328674 0.829095 1.244136 2.393769 1.576948 0.924985 -1.025820 -0.081398 1.918772 1.049444 0.814151 0.335682 2.872108 0.348177 2.634783 0.138542 0.577497 -0.947397 1.417062 1.428380 
15 1.734029 1.110660 1.265103 2.207163 1.351820 1.830706 -0.205946 1.245978 1.355691 0.498001 0.593339 1.288891 1.321549 0.998062 1.230363 3.682072 1.042880 -0.221339 0.310597 0.338385 1.043190 0.419193 0.274447 2.839896 0.166230 -0.882786 0.631662 1.450675 1.949933 -0.511479 1.410627 0.866324 1.243565 2.353752 1.648189 0.776632 -0.967556 0.006945 1.946201 1.166828 0.860949 0.278182 2.762114 0.217401 2.674838 0.093150 0.606049 -0.896443 1.344462 1.326188 
16 1.638801 1.045130 1.384436 2.320874 1.258720 1.603390 -0.125581 1.400842 1.253771 0.501764 0.595692 1.241994 1.188319 1.134265 1.206075 3.603395 0.997286 -0.276722 0.216452 0.448287 1.104658 0.386760 0.418817 2.749616 0.317698 -0.734061 0.769388 1.484113 1.846492 -0.291785 1.530731 0.881447 1.210866 2.248289 1.652580 0.688722 -0.849521 0.051098 1.954129 1.205938 0.861311 0.241172 2.606402 0.124996 2.644720 -0.009490 0.616558 -0.813730 1.307155 1.239756 
17 1.635371 1.029968 1.393851 2.337282 1.252413 1.563685 -0.100046 1.435850 1.234728 0.513373 0.612100 1.222624 1.165586 1.156329 1.168198 3.583856 1.002277 -0.262296 0.215323 0.454716 1.110207 0.394386 0.428900 2.726330 0.348661 -0.691811 0.821058 1.492336 1.827043 -0.247761 1.552387 0.901635 1.204075 2.213136 1.670942 0.678702 -0.834839 0.061307 1.939836 1.217606 0.878020 0.252030 2.560377 0.107967 2.643082 -0.029844 0.614923 -0.813382 1.279238 1.232099 
18 1.628003 1.006556 1.402485 2.355232 1.240845 1.508179 -0.069777 1.479250 1.206081 0.526395 0.631021 1.193764 1.132352 1.182784 1.113777 3.554274 1.005641 -0.245632 0.210545 0.459782 1.114021 0.401386 0.437660 2.692226 0.386643 -0.638550 0.886331 1.499479 1.798076 -0.193442 1.577050 0.925111 1.192676 2.162792 1.692515 0.662504 -0.818840 0.071341 1.917032 1.230090 0.896732 0.263735 2.496311 0.082469 2.637213 -0.059996 0.609032 -0.816320 1.238499 1.219006 
19 1.601991 0.996075 1.391589 2.334955 1.167201 1.454726 -0.003054 1.563106 1.162288 0.548239 0.680787 1.164655 1.086848 1.279644 1.025157 3.491517 0.981621 -0.221769 0.190291 0.517342 1.140505 0.461656 0.396406 2.653107 0.504142 -0.548192 0.962696 1.477868 1.762924 -0.151210 1.577939 0.948909 1.223737 2.072599 1.717779 0.637381 -0.769743 0.096062 1.843486 1.272054 0.939726 0.301992 2.424938 0.057336 2.591699 -0.133135 0.605663 -0.774097 1.171994 1.206250 
20 1.586104 0.998515 1.353189 2.316486 1.119778 1.410019 0.034928 1.579674 1.177826 0.535826 0.729788 1.168690 1.046694 1.343045 0.970856 3.409815 0.991233 -0.202087 0.182905 0.559506 1.139459 0.496046 0.384122 2.593451 0.511479 -0.463123 1.019754 1.469701 1.760519 -0.117235 1.589573 0.963963 1.252112 2.035494 1.714171 0.638372 -0.706547 0.115329 1.811698 1.293819 1.002317 0.297466 2.390478 0.067495 2.538059 -0.216916 0.599136 -0.719248 1.113452 1.188048 
21 1.559777 0.996276 1.324421 2.263027 1.110172 1.385616 0.066555 1.585157 1.205212 0.543383 0.706291 1.159593 1.066989 1.382644 0.925383 3.330793 0.997188 -0.208480 0.177579 0.585374 1.154162 0.509739 0.386249 2.513446 0.531802 -0.329650 1.052904 1.449891 1.748220 -0.090059 1.607001 1.010155 1.278759 1.998656 1.704595 0.645753 -0.611274 0.106002 1.760013 1.324677 1.060884 0.313659 2.347311 0.083180 2.478429 -0.282300 0.612373 -0.660250 1.053656 1.148401 
22 1.552036 0.957275 1.255081 2.206365 1.127354 1.342060 0.125136 1.618136 1.245522 0.536704 0.677168 1.099817 1.081159 1.398876 0.936908 3.206978 0.976178 -0.188598 0.187310 0.588926 1.201070 0.556386 0.396942 2.367461 0.576343 -0.146441 1.073676 1.398026 1.726013 -0.087355 1.660285 1.047765 1.333762 1.920502 1.672260 0.621120 -0.479941 0.164790 1.716109 1.323400 1.124128 0.328341 2.277287 0.141289 2.357722 -0.332108 0.643701 -0.576544 0.959103 1.160843 
23 1.522322 0.920207 1.187999 2.115091 1.154357 1.315376 0.172397 1.606544 1.238797 0.529298 0.665931 1.065117 1.076577 1.422335 0.949185 3.118214 0.976840 -0.132875 0.166632 0.572191 1.206521 0.582515 0.407747 2.253003 0.614498 -0.044240 1.102680 1.337910 1.699371 -0.054534 1.694501 1.044207 1.367062 1.844032 1.645626 0.633208 -0.315013 0.206953 1.689528 1.351423 1.158959 0.328312 2.230608 0.166987 2.304010 -0.314315 0.663094 -0.510026 0.920594 1.198762 
24 1.466894 0.871815 1.114391 1.890445 1.136518 1.232995 0.251429 1.594818 1.241544 0.604531 0.652173 1.024259 1.028282 1.490674 1.009320 2.884690 1.033672 -0.015605 0.170201 0.539529 1.149753 0.621089 0.482461 1.981998 0.662632 0.124489 1.152092 1.187084 1.590674 -0.006217 1.741088 1.054901 1.497312 1.681571 1.595281 0.681445 -0.125469 0.270125 1.643144 1.379121 1.255534 0.369069 2.105855 0.218976 2.169173 -0.189735 0.778580 -0.358428 0.913402 1.234208 
25 1.465397 0.842770 1.105746 1.843764 1.138104 1.227146 0.275316 1.589159 1.234680 0.616657 0.649266 1.017458 1.013982 1.508455 1.021398 2.837435 1.034081 0.015200 0.187692 0.538649 1.147045 0.630319 0.504338 1.919032 0.663366 0.161369 1.166650 1.167866 1.562643 0.003082 1.733631 1.051772 1.524765 1.649194 1.591056 0.697527 -0.077273 0.296438 1.624218 1.379625 1.280447 0.383861 2.080194 0.228135 2.138190 -0.157719 0.797884 -0.315407 0.923161 1.223623 
26 1.456536 0.736314 1.072483 1.678827 1.139513 1.203185 0.352505 1.564768 1.205345 0.654211 0.634605 0.989908 0.959847 1.565423 1.058135 2.669654 1.030155 0.117585 0.244167 0.531439 1.133646 0.656709 0.574863 1.697007 0.660454 0.284394 1.212528 1.097724 1.460748 0.030574 1.701746 1.035309 1.615541 1.533122 1.572937 0.748556 0.084710 0.382941 1.553691 1.376390 1.360850 0.430742 1.987390 0.255453 2.026050 -0.051304 0.858709 -0.171133 0.953089 1.181184 
27 1.437175 0.634193 1.096569 1.531451 1.128025 1.209543 0.407258 1.496517 1.159225 0.663333 0.629186 0.980634 0.929560 1.584688 1.102412 2.470092 1.065628 0.240882 0.313387 0.542965 1.135008 0.680574 0.608556 1.466712 0.670951 0.413469 1.284453 1.018623 1.333649 0.107669 1.685200 0.982404 1.738139 1.430372 1.589767 0.755502 0.255222 0.455125 1.458442 1.370684 1.413844 0.493353 1.881976 0.333285 1.874566 0.059877 0.910181 -0.030498 0.990544 1.149744 
28 1.374718 0.576606 1.126272 1.423145 1.112761 1.204675 0.480248 1.469390 1.128923 0.642396 0.580599 0.972273 0.896339 1.603061 1.119966 2.302190 1.083497 0.372800 0.394228 0.538708 1.097015 0.705046 0.624368 1.304762 0.661915 0.554693 1.367945 0.957533 1.180532 0.175204 1.633364 0.901817 1.824297 1.374410 1.564895 0.775305 0.398203 0.550711 1.373265 1.398986 1.441459 0.545365 1.786329 0.446199 1.736453 0.198841 0.987963 0.103447 0.976557 1.115209 
29 1.341142 0.565929 1.130860 1.391829 1.111370 1.220508 0.539164 1.460146 1.079408 0.640295 0.597946 0.981269 0.894892 1.600291 1.126298 2.216014 1.083008 0.430108 0.451645 0.501356 1.080875 0.697065 0.652767 1.262733 0.658955 0.621188 1.378016 0.923333 1.142954 0.207972 1.615137 0.861954 1.840137 1.334324 1.531420 0.769441 0.448993 0.569098 1.341858 1.430444 1.455499 0.572255 1.731806 0.500423 1.662407 0.246624 1.017765 0.179417 0.983420 1.090027 
30 1.319476 0.558209 1.109725 1.365222 1.085991 1.228055 0.584934 1.444852 1.013864 0.652017 0.622546 0.979072 0.894782 1.554532 1.129346 2.131111 1.078126 0.497876 0.517652 0.511521 1.057308 0.691025 0.670622 1.224955 0.657329 0.708749 1.386854 0.901593 1.121382 0.239758 1.606631 0.837463 1.851259 1.310832 1.483845 0.759239 0.502407 0.581128 1.297198 1.475904 1.469190 0.573320 1.651575 0.537762 1.578180 0.347651 1.033210 0.289246 0.990201 1.064521 
31 1.289776 0.534642 1.087609 1.352881 1.074049 1.244978 0.601417 1.439879 0.965090 0.678739 0.648098 0.961542 0.907135 1.496324 1.119335 1.990814 1.068328 0.591906 0.601619 0.539586 1.023297 0.712749 0.679121 1.188680 0.682605 0.774375 1.372374 0.851777 1.083405 0.289618 1.607342 0.807242 1.801642 1.305856 1.450139 0.782099 0.560838 0.598410 1.283325 1.522737 1.478893 0.584789 1.583158 0.556589 1.474605 0.436571 1.058973 0.420563 0.999620 1.020836 
32 1.263342 0.544860 1.042404 1.338869 1.056494 1.240109 0.614325 1.429721 0.929079 0.705373 0.696192 0.928963 0.944274 1.449513 1.123363 1.855598 1.042094 0.703442 0.638877 0.568548 0.982496 0.735479 0.703018 1.143009 0.710385 0.854817 1.365467 0.841876 1.051189 0.333247 1.598666 0.777975 1.750050 1.296890 1.420843 0.796904 0.608458 0.614326 1.278586 1.550024 1.448332 0.635058 1.547745 0.590161 1.382283 0.526196 1.058365 0.511267 1.022866 0.945248 
33 1.262826 0.545342 1.041220 1.338443 1.056102 1.240368 0.615128 1.429572 0.928164 0.706385 0.697922 0.928209 0.945686 1.448263 1.123822 1.851466 1.041406 0.707142 0.640151 0.569783 0.981400 0.736463 0.704083 1.141848 0.711566 0.857555 1.365472 0.841844 1.050441 0.335061 1.598530 0.777447 1.748494 1.297038 1.420032 0.797603 0.610059 0.615170 1.278658 1.551022 1.447673 0.636843 1.546662 0.591579 1.379713 0.529155 1.058584 0.514226 1.023796 0.943231 
34 1.256804 0.535865 1.000461 1.281692 1.026882 1.271156 0.654454 1.410332 0.886058 0.730751 0.740859 0.907278 0.983080 1.404531 1.146500 1.691609 0.995293 0.811633 0.645408 0.616400 0.929539 0.758185 0.740935 1.105880 0.753192 0.936837 1.355158 0.838510 1.024295 0.420602 1.566786 0.779011 1.669762 1.328195 1.368885 0.814821 0.629625 0.650802 1.273737 1.560136 1.424232 0.679634 1.471243 0.653537 1.306759 0.601637 1.054658 0.577461 1.039775 0.896794 
35 1.251584 0.544556 0.961791 1.257509 1.001015 1.288912 0.693053 1.376197 0.862919 0.764841 0.761659 0.896769 1.018778 1.378401 1.157111 1.612917 0.973340 0.897749 0.653325 0.674311 0.906714 0.769190 0.785497 1.071999 0.768927 0.980243 1.341001 0.818721 1.012476 0.485998 1.524226 0.760081 1.604878 1.346711 1.330686 0.811694 0.649729 0.674965 1.270293 1.549149 1.407814 0.728421 1.406599 0.675352 1.251585 0.639670 1.073458 0.613564 1.032450 0.880261 
36 1.232812 0.574328 0.958686 1.229298 0.982603 1.300207 0.748711 1.367247 0.843210 0.780106 0.785649 0.877428 1.038106 1.336142 1.179859 1.551527 0.962689 0.949242 0.667293 0.717035 0.880317 0.790783 0.816402 1.038470 0.770810 1.004818 1.329753 0.807652 1.015892 0.536478 1.474454 0.767788 1.546166 1.351344 1.324452 0.810944 0.677000 0.682565 1.254631 1.519193 1.384244 0.747327 1.381222 0.678768 1.212005 0.667058 1.091858 0.643543 1.017097 0.874348 
37 1.207412 0.610452 0.959845 1.208543 0.973603 1.305699 0.789185 1.357562 0.825062 0.805590 0.812438 0.870117 1.044569 1.277412 1.200971 1.494463 0.956579 0.991318 0.676363 0.754211 0.855842 0.848493 0.846801 1.002798 0.767536 1.041864 1.303432 0.805870 1.004213 0.583254 1.405362 0.772749 1.492934 1.348071 1.311272 0.817390 0.709584 0.681729 1.248018 1.483511 1.349879 0.779452 1.328164 0.692512 1.198572 0.679461 1.095724 0.694437 1.011764 0.880997 
38 1.173122 0.662253 0.969647 1.180022 0.957460 1.304108 0.818288 1.321976 0.803840 0.835092 0.838927 0.855684 1.050422 1.244188 1.201628 1.458548 0.933974 1.021173 0.714093 0.787718 0.839569 0.897391 0.881138 0.969195 0.773004 1.073947 1.279382 0.800840 0.988762 0.613953 1.363234 0.785983 1.434601 1.342321 1.307923 0.835645 0.739487 0.693630 1.248173 1.438423 1.313911 0.790188 1.275893 0.727461 1.184344 0.690763 1.085279 0.733092 1.011436 0.893580 
39 1.140022 0.715866 0.970488 1.153006 0.966539 1.295893 0.837374 1.299784 0.805482 0.842389 0.866643 0.846503 1.066015 1.208676 1.192902 1.422548 0.905628 1.029642 0.742029 0.826535 0.834926 0.933058 0.917141 0.950076 0.777999 1.068371 1.271376 0.793377 0.973333 0.645040 1.329444 0.797572 1.395213 1.323406 1.298050 0.844924 0.760090 0.709677 1.236915 1.404442 1.297824 0.802876 1.223972 0.759478 1.176122 0.709088 1.074025 0.766219 1.014633 0.897488 
40 1.138098 0.718628 0.970230 1.151489 0.966108 1.295145 0.838027 1.298442 0.805965 0.843658 0.867537 0.845634 1.066346 1.206249 1.192285 1.420145 0.903966 1.030269 0.743267 0.827680 0.834914 0.934293 0.918615 0.949853 0.777891 1.067416 1.270466 0.793442 0.972479 0.646938 1.327357 0.798358 1.393381 1.322052 1.297593 0.845147 0.761807 0.711052 1.235874 1.402502 1.296721 0.803279 1.220940 0.761102 1.175331 0.709584 1.073442 0.767644 1.014878 0.897410 
41 1.098234 0.785129 0.967261 1.121120 0.956793 1.281683 0.856298 1.271536 0.822921 0.879067 0.889712 0.828740 1.076205 1.153401 1.182244 1.368609 0.870291 1.049009 0.775046 0.854301 0.840094 0.964670 0.954817 0.952251 0.778492 1.047123 1.252451 0.801282 0.957561 0.695169 1.283775 0.821403 1.356759 1.294648 1.291605 0.853264 0.807321 0.748654 1.214761 1.362430 1.275919 0.815658 1.155694 0.801555 1.160701 0.722938 1.065199 0.802764 1.024861 0.898873 
42 1.062448 0.861988 0.934632 1.100268 0.926847 1.265097 0.862452 1.235505 0.828730 0.907462 0.900286 0.836732 1.073225 1.097537 1.163528 1.288173 0.833136 1.047805 0.832134 0.880609 0.849616 1.015908 1.018879 0.949312 0.790388 1.009879 1.225500 0.824080 0.946073 0.766086 1.228616 0.865070 1.302777 1.250779 1.286936 0.866051 0.873446 0.782706 1.177119 1.309960 1.235372 0.849104 1.092083 0.864216 1.142634 0.760413 1.066533 0.838519 1.017484 0.909383 
43 1.039175 0.904637 0.913405 1.083453 0.910814 1.253083 0.877075 1.205983 0.841141 0.920909 0.896375 0.833365 1.059164 1.063915 1.154184 1.237333 0.811754 1.042877 0.867460 0.900833 0.866496 1.037315 1.046166 0.946296 0.798572 0.992127 1.214690 0.845377 0.950375 0.808811 1.197409 0.880845 1.265566 1.217208 1.288633 0.879773 0.897482 0.795724 1.162319 1.289281 1.207585 0.875821 1.057457 0.901162 1.133943 0.781412 1.068975 0.865064 1.019709 0.922687 
44 1.008949 0.955776 0.896420 1.063797 0.885608 1.242793 0.899684 1.156273 0.870388 0.935038 0.900187 0.836496 1.038253 1.022894 1.145113 1.176088 0.775824 1.038395 0.907403 0.922671 0.881778 1.067989 1.069908 0.941915 0.810606 0.963837 1.204053 0.885830 0.952284 0.854564 1.170986 0.907510 1.202356 1.166978 1.280335 0.893002 0.936047 0.806660 1.138653 1.255034 1.172510 0.919554 1.004536 0.945662 1.120087 0.813511 1.085673 0.905227 1.020642 0.938674 
45 0.992308 0.998531 0.875716 1.057522 0.856051 1.240803 0.921596 1.120535 0.911838 0.938595 0.905669 0.836295 1.020067 0.993914 1.131150 1.134227 0.756408 1.040370 0.934007 0.927335 0.908666 1.088450 1.090530 0.936094 0.826329 0.952832 1.193243 0.903759 0.937431 0.901041 1.147153 0.929880 1.142224 1.128089 1.265504 0.903146 0.958363 0.809107 1.102447 1.216530 1.147058 0.940457 0.974688 0.978514 1.115657 0.844195 1.091848 0.944048 1.037812 0.954799 
46 0.978044 1.029022 0.854012 1.056111 0.842745 1.241096 0.933765 1.083524 0.930031 0.938036 0.910629 0.833058 1.019380 0.971914 1.122252 1.104688 0.751285 1.040711 0.952290 0.927953 0.927346 1.102980 1.104116 0.938305 0.854305 0.946709 1.195186 0.935397 0.920201 0.936265 1.121726 0.944446 1.112410 1.093560 1.244292 0.925560 0.965526 0.812371 1.082363 1.175615 1.128801 0.940028 0.956271 0.990852 1.103798 0.857414 1.111712 0.975259 1.048634 0.966645 
47 0.970462 1.043099 0.845673 1.061246 0.842770 1.244537 0.937384 1.066726 0.938281 0.946279 0.912992 0.833912 1.020113 0.964858 1.113490 1.087943 0.752196 1.043011 0.958447 0.934004 0.936823 1.106964 1.108197 0.929951 0.867074 0.940802 1.197487 0.955153 0.911345 0.949685 1.100492 0.959849 1.091695 1.069466 1.229272 0.928365 0.968695 0.816881 1.073720 1.163833 1.116459 0.931235 0.951897 1.004869 1.095882 0.863615 1.124254 0.990291 1.058967 0.976872 
48 0.969346 1.044736 0.844483 1.061805 0.842629 1.244838 0.937694 1.064423 0.939206 0.947251 0.913171 0.833859 1.020083 0.963833 1.112185 1.085630 0.752170 1.043143 0.959083 0.934633 0.937886 1.107309 1.108546 0.928699 0.868568 0.939902 1.197640 0.957532 0.910094 0.951291 1.097586 0.961690 1.088926 1.066208 1.227158 0.928605 0.968966 0.817322 1.072481 1.162176 1.114664 0.929961 0.951203 1.006549 1.094720 0.864301 1.125709 0.992089 1.060152 0.978041 
49 0.967888 1.045107 0.844758 1.064914 0.841313 1.245987 0.939336 1.061057 0.941816 0.949906 0.915138 0.831528 1.021911 0.963494 1.108749 1.082817 0.752220 1.040646 0.960332 0.934839 0.938858 1.108121 1.107484 0.925273 0.870438 0.938008 1.198083 0.959054 0.911744 0.956008 1.093201 0.964375 1.087855 1.062284 1.221205 0.930972 0.970097 0.818989 1.071846 1.159531 1.109867 0.929231 0.950513 1.009228 1.094412 0.866887 1.127360 0.995046 1.061053 0.978936 
50 0.965343 1.047141 0.846593 1.067830 0.841385 1.247141 0.941437 1.058063 0.945037 0.955292 0.917933 0.831624 1.023585 0.961668 1.098814 1.079532 0.751068 1.038094 0.958463 0.932124 0.941351 1.107635 1.106588 0.916265 0.875059 0.934382 1.196431 0.964298 0.916685 0.963244 1.088216 0.965352 1.086782 1.060433 1.214716 0.934675 0.969999 0.822677 1.070107 1.153871 1.104118 0.928239 0.950359 1.012839 1.092212 0.871963 1.129465 1.002307 1.060242 0.981471 
51 0.964645 1.048576 0.848157 1.066748 0.845102 1.247254 0.943658 1.056140 0.954368 0.959473 0.920534 0.834072 1.025198 0.964649 1.090919 1.079093 0.756278 1.031242 0.960644 0.927797 0.937669 1.109063 1.107498 0.909728 0.881677 0.932054 1.194006 0.971855 0.922011 0.971113 1.082603 0.965452 1.084041 1.060566 1.208202 0.935714 0.969939 0.830581 1.065872 1.152231 1.091702 0.928209 0.946907 1.009054 1.080139 0.876404 1.124445 1.008327 1.062417 0.986948 
52 0.965123 1.047851 0.852024 1.064327 0.847104 1.243417 0.943121 1.055575 0.957822 0.962389 0.923523 0.834887 1.024305 0.965049 1.089451 1.079619 0.761069 1.028032 0.962906 0.927432 0.938165 1.108286 1.106320 0.909027 0.886762 0.932324 1.190577 0.975759 0.923736 0.974713 1.077871 0.963528 1.080863 1.059439 1.201822 0.936326 0.971715 0.832002 1.065584 1.150454 1.093022 0.929391 0.948382 1.009569 1.074798 0.880243 1.119838 1.007312 1.060457 0.988296 
53 0.965871 1.047293 0.853756 1.062281 0.849289 1.240442 0.943398 1.054545 0.959229 0.964627 0.925549 0.837790 1.023432 0.964853 1.088895 1.079763 0.765248 1.025903 0.963590 0.927481 0.939531 1.107701 1.104418 0.909720 0.889271 0.933396 1.189054 0.976132 0.925090 0.976315 1.075918 0.962905 1.078272 1.058098 1.198721 0.936709 0.971959 0.835136 1.065323 1.148561 1.092008 0.929697 0.949302 1.009953 1.072821 0.882681 1.117827 1.007208 1.058445 0.986905 
54 0.967719 1.045942 0.860051 1.056601 0.856961 1.231636 0.943382 1.052640 0.963006 0.968881 0.932111 0.846282 1.020690 0.967419 1.085060 1.076614 0.776612 1.020808 0.965185 0.929135 0.945173 1.101736 1.098419 0.914864 0.895073 0.938305 1.183212 0.976709 0.928300 0.979019 1.068850 0.963759 1.072664 1.055198 1.189996 0.937338 0.974302 0.842864 1.066957 1.139914 1.086993 0.932324 0.951241 1.008821 1.067060 0.891572 1.111926 1.007794 1.052855 0.986224 
55 0.967776 1.045921 0.860221 1.056509 0.857134 1.231426 0.943413 1.052619 0.963090 0.968966 0.932262 0.846486 1.020688 0.967488 1.084996 1.076547 0.776877 1.020742 0.965250 0.929206 0.945303 1.101632 1.098312 0.914983 0.895197 0.938424 1.183070 0.976756 0.928393 0.979085 1.068749 0.963790 1.072562 1.055151 1.189811 0.937401 0.974359 0.843067 1.066951 1.139763 1.086907 0.932404 0.951306 1.008810 1.066986 0.891754 1.111831 1.007809 1.052777 0.986258 
56 0.974911 1.036418 0.890847 1.038747 0.883767 1.182375 0.946870 1.046022 0.971882 0.978296 0.954817 0.881120 1.023320 0.976223 1.069277 1.057456 0.822119 1.010068 0.975158 0.941509 0.963858 1.079138 1.075504 0.931744 0.911052 0.956589 1.147373 0.984591 0.943012 0.985394 1.052004 0.964478 1.051327 1.042086 1.150340 0.951145 0.979416 0.879440 1.052172 1.111831 1.066896 0.944655 0.960887 1.002856 1.054771 0.917154 1.092676 1.004343 1.039316 0.993972 
57 0.982545 1.020023 0.933296 1.021402 0.924967 1.112728 0.964331 1.029642 0.981426 0.986396 0.974529 0.926241 1.015892 0.983338 1.042076 1.039343 0.884881 1.002875 0.980269 0.963851 0.981656 1.052164 1.049108 0.959702 0.942836 0.975139 1.092801 0.987841 0.964073 0.991043 1.030604 0.978053 1.031185 1.026680 1.095125 0.972234 0.987601 0.923632 1.031783 1.073396 1.040161 0.965973 0.976982 1.002338 1.028812 0.948650 1.063295 1.001311 1.027897 0.997844 
58 0.994129 1.005812 0.970505 1.009048 0.968373 1.044795 0.985299 1.010684 0.991872 0.993848 0.994196 0.965789 1.006414 0.991191 1.014518 1.017208 0.949358 0.998353 0.988644 0.982557 0.994850 1.027139 1.023063 0.984314 0.970688 0.990729 1.041277 0.994133 0.983562 0.996092 1.012224 0.990244 1.012436 1.014932 1.043983 0.988698 0.994802 0.965576 1.014146 1.034092 1.017592 0.983898 0.989693 1.002541 1.008244 0.979118 1.033330 0.997008 1.014660 1.000800 
59 1.000522 0.999375 0.995521 0.998836 0.996481 1.007037 0.998306 1.000094 0.997223 1.001709 1.001608 0.990116 1.000194 0.998489 0.999411 1.002450 0.993280 0.995994 0.996312 0.998316 0.999728 1.005850 1.006247 1.000626 0.993395 0.998817 1.006158 0.999722 0.994266 0.998971 1.003607 0.997078 1.001511 1.004357 1.006613 0.996511 0.999445 0.994175 0.999836 1.006342 1.001277 0.998772 1.001600 1.001633 1.000927 0.996541 1.008179 1.001119 1.001806 1.001363 
60 1.000477 0.998896 0.996805 0.998925 0.997771 1.005206 0.998609 0.999678 0.997989 1.001626 1.002241 0.992106 0.999327 0.998489 0.999079 1.001774 0.995358 0.996772 0.997005 0.999154 0.999670 1.004408 1.005509 1.001116 0.994155 0.999351 1.004493 0.999967 0.995209 0.999515 1.003298 0.997789 1.001157 1.003077 1.004457 0.997360 0.999178 0.996239 0.999635 1.004579 1.000641 0.999409 1.002243 1.001465 1.000240 0.997278 1.006114 1.001170 1.000713 1.001690 
61 1.000020 0.999981 1.000111 1.000070 1.000184 0.999901 1.000137 0.999767 0.999897 1.000439 0.999882 0.999983 1.000155 1.000267 1.000287 0.999862 0.999713 1.000148 0.999822 0.999832 1.000403 1.000370 1.000101 1.000164 0.999622 0.999758 1.000296 0.999978 0.999745 1.000082 1.000108 1.000131 1.000061 1.000130 0.999940 1.000162 0.999792 0.999596 0.999788 1.000228 0.999918 0.999913 1.000155 0.999898 0.999785 1.000091 0.999652 1.000161 0.999592 1.000149 
62 1.000019 0.999979 1.000111 1.000068 1.000182 0.999893 1.000135 0.999767 0.999895 1.000435 0.999879 0.999987 1.000152 1.000266 1.000286 0.999858 0.999715 1.000148 0.999822 0.999830 1.000400 1.000363 1.000095 1.000160 0.999624 0.999756 1.000292 0.999975 0.999746 1.000079 1.000103 1.000130 1.000058 1.000126 0.999933 1.000162 0.999791 0.999598 0.999787 1.000222 0.999914 0.999911 1.000151 0.999896 0.999782 1.000090 0.999645 1.000159 0.999591 1.000146 
63 1.000063 0.999994 1.000097 1.000069 1.000130 0.999827 1.000124 0.999827 0.999886 1.000374 0.999900 1.000003 1.000129 1.000248 1.000309 0.999868 0.999764 1.000139 0.999849 0.999846 1.000382 1.000304 1.000065 1.000129 0.999667 0.999720 1.000312 0.999963 0.999787 1.000043 1.000086 1.000111 1.000035 1.000155 0.999890 1.000151 0.999822 0.999657 0.999832 1.000160 0.999905 0.999930 1.000138 0.999945 0.999767 1.000041 0.999657 1.000208 0.999649 1.000154 
64 1.000000 1.000000 1.000000 1.000000 1.000000 1.000000 1.000000 1.000000 1.000000 1.000000 1.000000 1.000000 1.000000 1.000000 1.000000 1.000000 1.000000 1.000000 1.000000 1.000000 1.000000 1.000000 1.000000 1.000000 1.000000 1.000000 1.000000 1.000000 1.000000 1.000000 1.000000 1.000000 1.000000 1.000000 1.000000 1.000000 1.000000 1.000000 1.000000 1.000000 1.000000 1.000000 1.000000 1.000000 1.000000 1.000000 1.000000 1.000000 1.000000 1.000000 
65 1.000000 1.000000 1.000000 1.000000 1.000000 1.000000 1.000000 1.000000 1.000000 1.000000 1.000000 1.000000 1.000000 1.000000 1.000000 1.000000 1.000000 1.000000 1.000000 1.000000 1.000000 1.000000 1.000000 1.000000 1.000000 1.000000 1.000000 1.000000 1.000000 1.000000 1.000000 1.000000 1.000000 1.000000 1.000000 1.000000 1.000000 1.000000 1.000000 1.000000 1.000000 1.000000 1.000000 1.000000 1.000000 1.000000 1.000000 1.000000 1.000000 1.000000 


0 13.160269 5.964379 3.180663 -0.997266 3.910752 2.745950 -2.638856 0.474289 3.342494 0.130038 0.154061 2.508910 -1.269348 -1.201590 0.326908 3.908348 -3.902173 2.341275 2.609365 0.005450 -0.468574 -0.435287 -0.513835 2.835636 0.517979 -0.808705 0.011489 -0.616357 2.312429 -0.364746 0.669540 -1.191584 3.762010 1.607007 -1.174434 2.440090 -0.185227 -3.111865 1.912827 3.183575 -2.911859 -1.730768 4.490111 -0.390410 2.824828 -1.758554 3.523282 -3.052442 0.945992 1.166696 
1 13.168872 6.000390 3.232446 -0.931658 3.977570 2.823427 -2.549236 0.549533 3.431827 0.196227 0.237760 2.581133 -1.190039 -1.132761 0.408628 3.991725 -3.816304 2.414278 2.701161 0.084993 -0.387123 -0.343937 -0.431111 2.911771 0.592067 -0.747409 0.087671 -0.534822 2.393901 -0.290546 0.751641 -1.109939 3.826722 1.688997 -1.104555 2.499478 -0.120996 -3.043041 1.973905 3.241844 -2.831594 -1.662553 4.557639 -0.310116 2.909917 -1.689398 3.599917 -2.983462 1.015828 1.233242 
2 8.095300 2.496445 1.758348 -1.123578 3.903310 2.876807 -2.096219 1.267338 4.461786 0.973400 1.133250 2.913014 -0.697732 -0.841180 0.953342 4.527430 -2.741612 2.929247 3.705503 0.532565 0.063123 0.228345 0.033920 3.217092 0.573365 -0.951071 0.292467 -0.029407 3.028069 -0.366881 1.177332 -0.731092 4.063723 2.307002 -0.863498 1.669849 -0.824761 -3.771478 1.320719 2.232817 -3.259457 -1.981623 4.514829 0.639822 3.630335 -1.470298 3.308541 -3.280126 0.890089 0.771242 
3 6.664081 1.539689 1.476303 -0.816207 3.528629 2.162715 -1.788183 1.302104 4.362828 1.239121 0.990563 3.010037 0.132023 -0.733560 0.732345 4.098062 -2.269069 2.688309 3.372984 0.160766 -0.021125 -0.193458 0.419565 3.401897 1.090314 -1.160554 1.022009 0.318320 3.260069 -1.465712 0.636705 -0.845858 3.600518 3.211175 0.050203 0.892645 -0.691007 -3.849192 1.347957 1.461908 -2.461516 -1.737515 4.500247 1.023885 3.909715 -1.193002 2.845362 -2.349630 1.117360 1.450865 
4 5.820470 0.698391 1.421862 0.122949 2.896902 2.065157 -1.527163 0.811338 4.255859 1.336429 0.890516 2.675403 1.037090 -0.535848 1.120935 4.127375 -1.625691 1.898071 2.768773 0.086614 -0.674510 -0.087941 0.606816 3.851023 0.958842 -1.045043 1.347383 0.060127 3.474938 -1.731284 0.362756 -0.845134 3.136129 2.612065 0.858688 1.060239 -0.843233 -3.108602 1.213851 1.282992 -1.779879 -1.528468 4.360480 1.357164 3.944818 -0.870424 2.183596 -1.779235 1.038891 1.603671 
5 4.792644 0.607014 1.252973 0.895408 2.811586 2.465540 -1.479287 0.981031 3.736951 1.253580 0.900873 2.359046 1.270001 -0.011537 1.301660 4.250226 -0.926318 1.475790 1.733966 0.153075 -0.661636 -0.388002 0.637064 3.893829 0.622941 -1.059987 0.802558 0.438733 3.303044 -1.845808 0.404063 -0.757869 2.685466 2.333529 1.896442 1.557156 -1.062786 -2.631910 1.013094 1.011151 -0.922732 -1.277059 3.859545 1.667570 3.410637 -0.383240 1.701721 -1.330615 0.831931 1.840877 
6 3.829060 0.834377 0.933866 1.716152 2.586592 2.748981 -1.232056 1.114539 2.992690 1.149104 1.023207 1.675006 1.308332 0.448319 1.802128 4.197500 0.129123 0.659261 1.194568 0.143040 -0.313213 -0.530687 0.294168 3.637757 0.346631 -1.307250 0.838827 0.549488 3.031233 -2.153511 0.495965 -0.429397 2.201179 2.717102 2.058795 2.059452 -0.932979 -1.991188 0.760934 0.974896 -0.371941 -0.692896 3.194880 1.675605 3.097614 -0.157717 1.337932 -1.316192 1.063713 1.748383 
7 3.004529 1.089357 0.910171 2.071741 2.520706 2.957856 -1.280178 1.000884 2.500660 1.134441 0.899319 1.564038 1.073511 0.429984 1.877392 4.086710 0.426637 0.389545 0.822152 0.051621 -0.060017 -0.354671 0.258825 3.440231 0.178600 -1.161016 0.996623 0.602760 3.043539 -2.155990 0.681876 -0.196295 1.937337 2.856197 1.978189 2.044707 -1.087243 -1.308233 0.622225 0.976277 0.192484 -0.277043 3.217680 1.316066 2.911356 -0.038014 1.092109 -1.408980 1.287750 1.791096 
8 2.626753 1.175904 0.895115 2.176416 2.442801 2.954709 -1.234059 1.041048 2.154617 1.035663 0.687873 1.381875 1.145994 0.727130 1.810779 4.006460 0.514726 0.199916 0.714621 0.046677 0.027831 -0.082999 0.018611 3.455205 -0.074839 -1.074044 0.979714 0.691045 3.015156 -1.860906 0.838444 0.002900 1.837601 2.844906 1.854519 1.753923 -1.071850 -1.093566 0.825800 0.779251 0.532228 -0.023535 3.204654 1.070735 2.786259 0.116708 1.001526 -1.400118 1.569884 1.821342 
9 2.612127 1.175971 0.890853 2.176093 2.435768 2.950174 -1.231828 1.042077 2.138703 1.030973 0.676992 1.375782 1.147495 0.732683 1.804978 4.002558 0.516901 0.190551 0.707867 0.044351 0.029933 -0.075694 0.007474 3.451075 -0.086335 -1.074091 0.976879 0.692793 3.009271 -1.851523 0.843760 0.006621 1.830664 2.841275 1.848638 1.741615 -1.074740 -1.086712 0.832737 0.771083 0.541440 -0.017656 3.202749 1.060784 2.779198 0.118598 0.994946 -1.401323 1.577348 1.818790 
10 2.431827 1.197209 0.776845 2.116453 2.235904 2.813400 -0.967390 1.191098 1.832131 1.012820 0.468972 1.440142 1.284489 0.719371 1.690562 4.050108 0.675815 0.032714 0.609669 0.058175 0.191162 0.127597 -0.153641 3.295114 -0.257248 -1.092965 0.977771 0.825274 2.813399 -1.569153 1.104796 0.077154 1.665974 2.776907 1.815565 1.571742 -1.142159 -0.820376 1.101100 0.722309 0.758009 0.093101 3.247277 0.968038 2.686552 0.117045 0.878472 -1.338854 1.741830 1.747225 
11 2.234729 1.135820 0.834759 2.112251 1.898430 2.813691 -0.680869 1.298406 1.678367 0.896114 0.394146 1.490091 1.417126 0.695186 1.504322 3.980987 0.789668 -0.087465 0.493718 0.126691 0.388230 0.245030 -0.104511 3.193209 -0.353127 -1.088748 0.955045 0.998697 2.485762 -1.459859 1.317472 0.260746 1.618726 2.654731 1.713414 1.420802 -1.064785 -0.644435 1.519949 0.767204 0.875606 0.211057 3.219158 0.723739 2.598273 0.179049 0.712185 -1.372601 1.736854 1.724292 
12 2.131105 1.127607 0.915314 2.069590 1.703472 2.717917 -0.551150 1.319069 1.589060 0.754662 0.319723 1.375770 1.453502 0.770039 1.408599 3.886041 0.952161 -0.094349 0.407719 0.141422 0.635163 0.368770 0.023861 3.118501 -0.315662 -1.064921 0.890318 1.093232 2.407485 -1.340184 1.366975 0.324256 1.579352 2.584810 1.721027 1.255512 -1.090335 -0.519611 1.722761 0.921650 0.915558 0.173954 3.138041 0.588647 2.641177 0.191930 0.645856 -1.325633 1.692408 1.605875 
13 2.027470 1.072010 1.044768 2.050987 1.508842 2.519675 -0.520959 1.318312 1.472239 0.568136 0.372844 1.310926 1.469948 0.868138 1.386810 3.907174 1.031068 -0.061984 0.307732 0.113833 0.777763 0.456837 0.130280 3.001180 -0.234395 -1.079367 0.851857 1.217361 2.276854 -1.176639 1.461005 0.523411 1.488458 2.529765 1.702002 1.036744 -1.069724 -0.357838 1.865498 1.071960 0.965542 0.204751 3.019902 0.454669 2.660365 0.142298 0.688604 -1.168807 1.550613 1.454538 
14 1.897666 1.018794 1.094153 2.096918 1.375409 2.265368 -0.449372 1.332523 1.378853 0.441407 0.435705 1.203789 1.422120 0.951102 1.379810 3.902868 1.013917 -0.094043 0.284006 0.146852 0.907246 0.394186 0.207883 2.883479 -0.122522 -0.992195 0.816919 1.265289 2.085411 -0.899327 1.464926 0.711576 1.479288 2.500112 1.755266 0.882906 -1.084424 -0.228350 2.000075 1.255718 0.992857 0.249417 2.957907 0.310365 2.691837 0.061958 0.674252 -1.022631 1.455601 1.402296 
15 1.789541 0.989498 1.172864 2.229006 1.302411 2.035763 -0.308135 1.348063 1.299325 0.440468 0.493178 1.192516 1.347854 1.072084 1.374524 3.824140 0.934553 -0.190882 0.219803 0.218327 0.965415 0.404279 0.273503 2.772572 0.049750 -0.874468 0.797929 1.338648 1.902329 -0.677925 1.556171 0.756484 1.457428 2.466770 1.818936 0.723803 -1.015936 -0.147967 2.020970 1.365218 1.027362 0.195551 2.834205 0.165761 2.735793 0.007440 0.711458 -0.970389 1.381140 1.289353 
16 1.694739 0.933510 1.301322 2.369535 1.205117 1.785922 -0.220039 1.508747 1.190788 0.436297 0.517782 1.138348 1.196680 1.195439 1.326100 3.744849 0.887620 -0.240370 0.130758 0.340391 1.028774 0.376537 0.430217 2.687671 0.192534 -0.720827 0.943324 1.385654 1.800338 -0.429155 1.685331 0.777371 1.402605 2.359461 1.822899 0.631926 -0.913634 -0.097899 2.038374 1.397083 1.015179 0.151453 2.666468 0.070532 2.712057 -0.119703 0.707959 -0.885348 1.342644 1.203328 
17 1.694243 0.933088 1.303445 2.371701 1.204586 1.782507 -0.216767 1.512821 1.189093 0.437773 0.519391 1.136997 1.195211 1.198243 1.322826 3.743752 0.888016 -0.239236 0.130794 0.342254 1.030125 0.377931 0.431920 2.686459 0.196626 -0.716489 0.948165 1.387195 1.798870 -0.424300 1.687665 0.779910 1.402104 2.356702 1.824802 0.631078 -0.911560 -0.096663 2.037464 1.398883 1.016572 0.152890 2.662583 0.069079 2.712613 -0.121370 0.708366 -0.884344 1.340885 1.202607 
18 1.674932 0.907852 1.330442 2.398598 1.184392 1.694174 -0.150759 1.596987 1.132145 0.469174 0.546534 1.084729 1.152932 1.249254 1.207149 3.700611 0.887740 -0.213987 0.124255 0.361471 1.041827 0.403574 0.438864 2.642054 0.282529 -0.622047 1.056661 1.407283 1.748813 -0.332090 1.719172 0.835174 1.378689 2.266599 1.865602 0.600073 -0.882393 -0.086653 1.987100 1.431394 1.039182 0.185415 2.548890 0.019875 2.712571 -0.172040 0.699865 -0.885775 1.272079 1.174102 
19 1.648055 0.910026 1.316671 2.392017 1.100054 1.638575 -0.082305 1.676100 1.095115 0.479771 0.613196 1.065705 1.097829 1.335351 1.119304 3.634084 0.867035 -0.188279 0.109598 0.427553 1.064407 0.473160 0.399859 2.607275 0.382178 -0.551076 1.127050 1.391978 1.726236 -0.292433 1.718199 0.856024 1.410261 2.182459 1.881237 0.571044 -0.844488 -0.049935 1.927455 1.462203 1.074917 0.212639 2.488532 0.006221 2.659113 -0.260908 0.688377 -0.834948 1.204920 1.170610 
20 1.624959 0.922020 1.277765 2.369614 1.063358 1.597911 -0.043183 1.675598 1.116958 0.473047 0.646018 1.072629 1.077169 1.392795 1.046592 3.551652 0.884053 -0.177568 0.106642 0.467263 1.061769 0.502124 0.391238 2.545853 0.382256 -0.458140 1.177635 1.392205 1.725069 -0.244971 1.725172 0.887226 1.430502 2.153013 1.878703 0.579000 -0.766102 -0.046227 1.890297 1.486022 1.139958 0.208712 2.447561 0.012581 2.613508 -0.346795 0.678397 -0.781749 1.140808 1.142910 
21 1.598863 0.923899 1.254139 2.322598 1.050983 1.577330 -0.015227 1.691748 1.142613 0.482986 0.613753 1.058647 1.101601 1.418649 1.020725 3.488707 0.875096 -0.192099 0.101530 0.494235 1.088382 0.521357 0.396504 2.476024 0.418013 -0.343984 1.193752 1.370014 1.717099 -0.227473 1.739057 0.932461 1.452302 2.113280 1.860650 0.580639 -0.685833 -0.042374 1.840727 1.501281 1.181332 0.230133 2.408687 0.034909 2.548843 -0.403699 0.691077 -0.722033 1.087391 1.115304 
22 1.590539 0.902432 1.189101 2.283345 1.070370 1.532561 0.039194 1.711812 1.187512 0.475791 0.599718 1.005210 1.107965 1.429891 1.026528 3.374682 0.858585 -0.176236 0.111908 0.494117 1.128565 0.565643 0.407982 2.350463 0.451909 -0.195977 1.212919 1.337709 1.704717 -0.215478 1.781099 0.971126 1.485500 2.043525 1.833577 0.559755 -0.573627 0.013265 1.806999 1.489911 1.236090 0.240230 2.340152 0.085736 2.450243 -0.446908 0.707381 -0.657621 1.002483 1.133675 
23 1.554480 0.876840 1.122249 2.194808 1.093057 1.502884 0.084645 1.700402 1.187244 0.474174 0.589246 0.972328 1.103397 1.452583 1.038328 3.288550 0.855498 -0.130830 0.088991 0.483917 1.141829 0.594234 0.417418 2.241875 0.499836 -0.100574 1.238544 1.285884 1.680781 -0.177807 1.809922 0.976137 1.505049 1.961833 1.808138 0.573916 -0.411934 0.055719 1.778056 1.509995 1.262198 0.245745 2.289240 0.113010 2.398123 -0.433315 0.721737 -0.593392 0.963441 1.173978 
24 1.493972 0.848777 1.044852 1.985609 1.067641 1.409664 0.158707 1.683550 1.204932 0.553596 0.580318 0.937406 1.051548 1.518999 1.087164 3.057848 0.907386 -0.035352 0.093134 0.462494 1.099506 0.640504 0.494677 1.988100 0.557894 0.055150 1.285373 1.157769 1.580593 -0.114493 1.842976 1.002416 1.601333 1.793612 1.761667 0.628312 -0.226940 0.122053 1.731045 1.515220 1.346497 0.289291 2.159696 0.163509 2.276533 -0.318299 0.827870 -0.447923 0.947520 1.216733 
25 1.492721 0.847206 1.043221 1.981073 1.066949 1.407794 0.160028 1.682724 1.204610 0.554740 0.579824 0.936393 1.050010 1.520033 1.087732 3.052885 0.907656 -0.033598 0.093332 0.461854 1.098617 0.640988 0.495995 1.982479 0.558360 0.057914 1.286008 1.155234 1.578068 -0.113628 1.842671 1.002357 1.602971 1.789871 1.760580 0.629142 -0.223354 0.123371 1.729404 1.514780 1.347859 0.289979 2.156795 0.164107 2.273597 -0.316210 0.829403 -0.445049 0.947245 1.216617 
26 1.472406 0.727259 1.000456 1.764725 1.061862 1.365557 0.271017 1.641210 1.178971 0.610730 0.575970 0.902995 0.976624 1.590338 1.130846 2.821039 0.901059 0.087976 0.169366 0.461271 1.102532 0.683520 0.595163 1.695812 0.569665 0.210838 1.341814 1.081183 1.452386 -0.054260 1.791342 0.998352 1.702551 1.616377 1.737362 0.694991 0.000178 0.243589 1.628384 1.490866 1.446136 0.358016 2.027388 0.204911 2.130283 -0.183518 0.908020 -0.251437 0.986402 1.171005 
27 1.440473 0.638717 1.025644 1.606511 1.044244 1.355359 0.335796 1.561259 1.142908 0.620981 0.569846 0.892748 0.941154 1.600035 1.164456 2.602149 0.940961 0.210603 0.246367 0.483169 1.113995 0.715443 0.634574 1.451507 0.589033 0.345101 1.417269 1.009316 1.310552 0.046821 1.763149 0.957800 1.818096 1.493750 1.745152 0.701472 0.188502 0.328165 1.518288 1.473460 1.491727 0.429442 1.902797 0.297999 1.970632 -0.061274 0.967445 -0.096762 1.016698 1.148867 
28 1.367517 0.586852 1.054196 1.481265 1.028006 1.337655 0.427373 1.522019 1.117366 0.602839 0.518729 0.882727 0.896801 1.620813 1.170759 2.408292 0.956759 0.345333 0.341741 0.481529 1.084763 0.752790 0.666664 1.271065 0.587817 0.493629 1.494761 0.950194 1.142471 0.132090 1.699334 0.885447 1.897700 1.412479 1.706820 0.727948 0.357121 0.444232 1.423451 1.490406 1.516134 0.487388 1.789707 0.424040 1.819513 0.085886 1.056276 0.060444 1.000675 1.117547 
29 1.326023 0.582283 1.058025 1.436769 1.024859 1.346386 0.499980 1.501824 1.062405 0.603495 0.540563 0.892011 0.893158 1.611840 1.173404 2.301241 0.958837 0.409434 0.410249 0.440796 1.066940 0.747123 0.702870 1.215621 0.589274 0.572955 1.502682 0.915115 1.096985 0.175705 1.680990 0.849055 1.918783 1.356884 1.664389 0.721813 0.424704 0.469365 1.384580 1.521154 1.525572 0.519345 1.723180 0.489464 1.730963 0.145605 1.088690 0.156276 1.011016 1.092481 
30 1.298704 0.576220 1.033329 1.399844 1.001443 1.345514 0.553040 1.482241 0.997788 0.617037 0.564495 0.888009 0.889468 1.559665 1.170233 2.199326 0.955341 0.483976 0.485942 0.456203 1.041517 0.749424 0.725093 1.166893 0.591638 0.667532 1.505877 0.891971 1.068596 0.215409 1.671559 0.828665 1.930461 1.323429 1.605708 0.714594 0.492103 0.490484 1.333337 1.565403 1.535561 0.522121 1.631667 0.532924 1.636841 0.261991 1.105907 0.287002 1.018935 1.067974 
31 1.265082 0.551591 1.012733 1.379531 0.992324 1.357631 0.577133 1.470766 0.950337 0.648309 0.591082 0.870325 0.901270 1.497827 1.154563 2.042301 0.948175 0.585669 0.580545 0.484511 1.010446 0.773489 0.738840 1.120630 0.621767 0.736247 1.485455 0.837482 1.027621 0.272136 1.669926 0.800557 1.878349 1.307861 1.563817 0.739981 0.564099 0.517206 1.312719 1.608841 1.544019 0.539363 1.554383 0.557334 1.521967 0.358139 1.132630 0.431266 1.030119 1.025353 
32 1.241815 0.559477 0.976592 1.362794 0.978056 1.348699 0.589502 1.458453 0.922867 0.671219 0.629537 0.845770 0.930412 1.459482 1.156267 1.923827 0.928943 0.677265 0.613713 0.511440 0.977444 0.790744 0.756894 1.079245 0.646562 0.802616 1.477792 0.828914 1.000513 0.311483 1.658149 0.777332 1.835252 1.296502 1.536926 0.756389 0.607937 0.535117 1.303891 1.625737 1.518328 0.581913 1.522084 0.587675 1.440238 0.436042 1.132001 0.507599 1.045992 0.963617 
33 1.232933 0.563816 0.962104 1.356390 0.972823 1.346044 0.595964 1.454063 0.912189 0.681703 0.646885 0.836284 0.943815 1.444079 1.158118 1.874359 0.921619 0.717092 0.628615 0.523950 0.964343 0.799187 0.765657 1.062657 0.658153 0.831725 1.475520 0.826376 0.990005 0.329378 1.654006 0.768599 1.817600 1.292845 1.526283 0.764270 0.627365 0.543826 1.301060 1.633730 1.508488 0.601005 1.509122 0.601646 1.406616 0.469978 1.132711 0.540807 1.053671 0.938380 
34 1.224969 0.551061 0.916623 1.291008 0.943960 1.376139 0.639210 1.431167 0.865697 0.712829 0.698058 0.821886 0.982644 1.394940 1.184586 1.683046 0.877295 0.836949 0.639573 0.578369 0.907387 0.822545 0.803047 1.021277 0.708330 0.928109 1.463361 0.820078 0.960232 0.429174 1.608755 0.767308 1.726035 1.321327 1.463845 0.787909 0.656171 0.588080 1.288510 1.640403 1.482810 0.654991 1.418423 0.674989 1.317481 0.560615 1.126894 0.619443 1.069136 0.885392 
35 1.218045 0.559912 0.877607 1.261028 0.915672 1.393541 0.685634 1.392301 0.838536 0.754245 0.724162 0.812498 1.019452 1.368380 1.198498 1.594239 0.857150 0.934126 0.654603 0.640027 0.884091 0.827897 0.848275 0.985962 0.727929 0.982323 1.447528 0.797980 0.950766 0.499685 1.559880 0.745278 1.650814 1.338295 1.419476 0.786465 0.680999 0.617910 1.279566 1.623851 1.464043 0.708151 1.346615 0.700760 1.251014 0.608203 1.146015 0.659135 1.058848 0.867554 
36 1.199456 0.589780 0.876950 1.230636 0.904426 1.402696 0.744638 1.385785 0.818498 0.764724 0.752377 0.798156 1.040504 1.321894 1.222975 1.528132 0.851124 0.984289 0.668037 0.687612 0.854985 0.851114 0.879106 0.951624 0.731264 1.010290 1.434364 0.783955 0.954461 0.552626 1.504868 0.749531 1.588401 1.342358 1.406689 0.787436 0.707275 0.623306 1.260915 1.591085 1.440291 0.729990 1.320302 0.703948 1.211164 0.641487 1.162789 0.692653 1.040958 0.863026 
37 1.175271 0.624743 0.884848 1.208589 0.893489 1.404301 0.786032 1.371338 0.801305 0.799532 0.779255 0.789477 1.045956 1.263711 1.243692 1.475169 0.849893 1.032456 0.678776 0.721881 0.830395 0.904023 0.903240 0.921193 0.727336 1.052785 1.399976 0.783466 0.944463 0.596009 1.435972 0.753973 1.533976 1.342351 1.392280 0.795664 0.742362 0.627338 1.256727 1.551952 1.401868 0.759762 1.270525 0.716725 1.194398 0.651089 1.165143 0.741276 1.036891 0.870026 
38 1.146498 0.673180 0.894169 1.180566 0.891104 1.399930 0.811330 1.338997 0.777526 0.817492 0.809256 0.782784 1.055861 1.232696 1.239627 1.441207 0.832311 1.054761 0.715581 0.762639 0.813769 0.955034 0.941270 0.885850 0.735443 1.080587 1.374018 0.773317 0.930760 0.622861 1.392891 0.768205 1.476773 1.338724 1.383054 0.813210 0.764430 0.637125 1.256682 1.506301 1.365021 0.772685 1.225346 0.750100 1.183632 0.667444 1.150131 0.776755 1.034442 0.881453 
39 1.108768 0.732805 0.906616 1.144237 0.896028 1.385315 0.835408 1.309024 0.786671 0.843704 0.838318 0.764610 1.071235 1.188897 1.229944 1.403994 0.802898 1.072451 0.741805 0.799295 0.809092 0.981631 0.968018 0.881338 0.736936 1.070517 1.356190 0.774470 0.919927 0.655018 1.357766 0.783213 1.437855 1.321411 1.372601 0.824718 0.790765 0.667791 1.248562 1.466681 1.343213 0.781215 1.167885 0.782433 1.172054 0.677867 1.136438 0.807524 1.042264 0.883767 
40 1.105886 0.738027 0.907727 1.141517 0.896627 1.384315 0.837581 1.306810 0.787693 0.846027 0.840927 0.763424 1.072729 1.185425 1.229324 1.401062 0.800700 1.074055 0.744251 0.802543 0.808991 0.984160 0.970599 0.881221 0.737298 1.069765 1.354892 0.774789 0.919230 0.658025 1.355003 0.784749 1.434815 1.320152 1.371911 0.825846 0.793254 0.670586 1.247990 1.463584 1.341651 0.782219 1.163328 0.785381 1.171364 0.679009 1.135537 0.810289 1.043107 0.884187 
41 1.081342 0.792768 0.896124 1.125767 0.897391 1.369057 0.843887 1.292919 0.797990 0.862979 0.860443 0.767141 1.083837 1.143505 1.213862 1.357348 0.779845 1.077646 0.770506 0.829424 0.813331 1.017300 1.013413 0.881698 0.740455 1.044877 1.332375 0.773851 0.906091 0.702034 1.311851 0.805909 1.401590 1.297890 1.358840 0.829343 0.827978 0.697133 1.223886 1.426508 1.320331 0.801562 1.116685 0.820823 1.167362 0.699654 1.122596 0.834156 1.045014 0.887674 
42 1.049185 0.861588 0.878169 1.102847 0.868365 1.347230 0.854912 1.255602 0.804515 0.898342 0.866597 0.768976 1.076260 1.092109 1.199166 1.291085 0.751701 1.077784 0.824070 0.851936 0.825266 1.050395 1.059280 0.893124 0.751325 1.012358 1.300422 0.801963 0.909362 0.763084 1.263943 0.845486 1.349840 1.264175 1.359201 0.844914 0.882821 0.734114 1.195069 1.375528 1.276768 0.826922 1.066967 0.872603 1.149593 0.727807 1.118669 0.856647 1.039021 0.899816 
43 1.012437 0.930162 0.857033 1.080667 0.851070 1.323799 0.875441 1.200001 0.831621 0.915421 0.872736 0.783041 1.054712 1.036932 1.185954 1.215417 0.715778 1.062003 0.877048 0.889935 0.843990 1.090480 1.095018 0.897926 0.766606 0.971148 1.277576 0.849391 0.919482 0.821883 1.217614 0.877472 1.273938 1.207088 1.348387 0.863948 0.925807 0.752098 1.169632 1.329952 1.228737 0.884736 1.003024 0.927483 1.136699 0.766505 1.127350 0.897372 1.032836 0.919489 
44 0.997024 0.965931 0.843852 1.071714 0.836146 1.314294 0.891603 1.174225 0.857116 0.922239 0.873397 0.782778 1.038920 1.012002 1.175617 1.181136 0.703156 1.058310 0.901463 0.902920 0.865725 1.102614 1.109625 0.898736 0.775530 0.960155 1.265116 0.864423 0.920097 0.856231 1.193251 0.890799 1.229773 1.178813 1.343608 0.874051 0.937832 0.757734 1.150745 1.307035 1.205438 0.905093 0.980637 0.955514 1.135027 0.786854 1.124074 0.921315 1.042134 0.933031 
45 0.982240 1.004655 0.834659 1.067204 0.811559 1.309699 0.908353 1.139775 0.892235 0.928021 0.884047 0.787591 1.025471 0.987680 1.163868 1.149361 0.687309 1.058764 0.924522 0.907451 0.885209 1.119208 1.121608 0.901632 0.790299 0.946756 1.251758 0.886179 0.910318 0.890673 1.174094 0.914660 1.172594 1.145815 1.327471 0.883287 0.959147 0.762679 1.120730 1.267007 1.181236 0.923663 0.954562 0.982732 1.130782 0.812910 1.128453 0.950213 1.051889 0.945383 
46 0.966066 1.041467 0.812957 1.066754 0.799357 1.305690 0.921081 1.099175 0.914099 0.928059 0.891693 0.787429 1.025117 0.960310 1.150666 1.117001 0.684224 1.056200 0.946352 0.911405 0.909723 1.135031 1.135501 0.909807 0.822206 0.937004 1.248173 0.921296 0.895070 0.930740 1.142854 0.931801 1.134186 1.107976 1.301104 0.909361 0.965038 0.768319 1.097840 1.216733 1.157860 0.925572 0.934471 0.997517 1.121668 0.829074 1.144066 0.982647 1.062482 0.959750 
47 0.964415 1.045362 0.811381 1.068041 0.799661 1.305984 0.922193 1.095220 0.916333 0.930095 0.892527 0.788202 1.025510 0.958476 1.148574 1.113292 0.684749 1.056505 0.948090 0.913174 0.912176 1.135997 1.136531 0.908949 0.825382 0.935436 1.248123 0.926284 0.893621 0.934190 1.138003 0.935731 1.129105 1.102715 1.297564 0.910372 0.965857 0.769781 1.095960 1.213382 1.154791 0.923993 0.933678 1.000686 1.120043 0.830721 1.146725 0.986011 1.064863 0.962293 
48 0.955612 1.062795 0.803054 1.073470 0.800416 1.306444 0.926284 1.075505 0.925894 0.939349 0.895498 0.791026 1.026444 0.949027 1.137425 1.094514 0.686374 1.057080 0.955155 0.920780 0.922753 1.139297 1.140255 0.903531 0.839422 0.926975 1.246907 0.949158 0.885759 0.949466 1.113560 0.953725 1.103907 1.076410 1.279598 0.913946 0.968780 0.775819 1.086148 1.196781 1.138841 0.915182 0.929182 1.015087 1.111139 0.837641 1.158429 1.000998 1.075409 0.973552 
49 0.954295 1.063584 0.803201 1.076679 0.799282 1.307012 0.928374 1.071277 0.928946 0.942161 0.897418 0.788915 1.028175 0.948329 1.133961 1.091472 0.687078 1.054161 0.956771 0.921477 0.923797 1.140387 1.139221 0.900638 0.841579 0.924593 1.246695 0.951135 0.887688 0.954741 1.108691 0.957163 1.101814 1.071886 1.272864 0.916459 0.969791 0.778162 1.085154 1.193907 1.132899 0.914594 0.928555 1.017988 1.110723 0.840255 1.160011 1.003671 1.076669 0.974575 
50 0.951616 1.066398 0.805979 1.080552 0.799841 1.307586 0.931763 1.066310 0.933851 0.948825 0.900959 0.789182 1.029791 0.945891 1.120567 1.086971 0.686535 1.050242 0.954402 0.918654 0.927033 1.139785 1.138248 0.889825 0.848053 0.918978 1.242771 0.958619 0.894814 0.964765 1.101802 0.959689 1.099377 1.069461 1.263038 0.921328 0.969640 0.783655 1.082735 1.186159 1.123505 0.914491 0.928588 1.022591 1.107753 0.847263 1.162365 1.012423 1.075903 0.978560 
51 0.951357 1.067734 0.808372 1.078668 0.804424 1.306455 0.934734 1.063340 0.945331 0.953085 0.903945 0.792140 1.031237 0.949383 1.111220 1.086151 0.693632 1.042496 0.957026 0.914642 0.922992 1.140739 1.139671 0.883949 0.856363 0.915893 1.238335 0.968242 0.900475 0.973917 1.095197 0.960319 1.095435 1.069609 1.254728 0.922358 0.969407 0.792746 1.077867 1.182915 1.108722 0.915470 0.925601 1.017794 1.094255 0.852684 1.155938 1.018975 1.078579 0.985361 
52 0.951731 1.067439 0.809641 1.077537 0.805544 1.304448 0.935022 1.062626 0.946812 0.954888 0.905181 0.793612 1.031012 0.948891 1.110675 1.086983 0.696368 1.040814 0.957831 0.914086 0.923037 1.141273 1.138934 0.883134 0.858657 0.915797 1.237161 0.969714 0.901684 0.975723 1.093813 0.959174 1.093424 1.068815 1.252210 0.922886 0.969283 0.794830 1.076768 1.182527 1.108446 0.915331 0.926145 1.018220 1.092139 0.853933 1.154227 1.018711 1.077774 0.984943 
53 0.952542 1.066200 0.816464 1.073810 0.809901 1.297452 0.934007 1.061838 0.951373 0.959287 0.910683 0.796705 1.029187 0.950193 1.107900 1.087373 0.704677 1.035608 0.960901 0.914084 0.925339 1.138566 1.135609 0.884101 0.866092 0.917422 1.231827 0.974161 0.904572 0.980292 1.085953 0.957133 1.088610 1.066768 1.242418 0.923984 0.971990 0.797829 1.077340 1.178304 1.109406 0.917048 0.928348 1.018681 1.084448 0.860787 1.147178 1.016997 1.074190 0.986406 
54 0.954795 1.064612 0.824268 1.068044 0.819222 1.286809 0.934111 1.060068 0.955275 0.964561 0.918317 0.807739 1.027105 0.953082 1.103721 1.084309 0.718713 1.029566 0.963137 0.915935 0.931778 1.131845 1.127888 0.889755 0.872278 0.923123 1.225185 0.974712 0.909061 0.983085 1.079022 0.957517 1.082302 1.063252 1.232516 0.925400 0.973779 0.808478 1.077580 1.168907 1.103077 0.919356 0.930941 1.017061 1.079118 0.870180 1.140516 1.017843 1.067673 0.985113 
55 0.955899 1.063573 0.828434 1.064745 0.824212 1.280772 0.934010 1.058961 0.957254 0.967328 0.922362 0.813679 1.025834 0.954543 1.101267 1.082454 0.726290 1.026132 0.964208 0.916822 0.935165 1.127975 1.123488 0.892725 0.875519 0.926135 1.221356 0.974869 0.911385 0.984458 1.075078 0.957581 1.078715 1.061168 1.226929 0.926062 0.974613 0.814192 1.077541 1.163605 1.099419 0.920492 0.932236 1.016029 1.076053 0.875199 1.136701 1.018155 1.063963 0.984280 
56 0.964844 1.048900 0.870900 1.044457 0.859885 1.215179 0.939168 1.051453 0.967509 0.977323 0.949710 0.859537 1.029668 0.967254 1.079629 1.060356 0.786143 1.013143 0.975766 0.933279 0.957941 1.097287 1.092667 0.915596 0.896569 0.949190 1.172935 0.984421 0.932127 0.989611 1.055034 0.959312 1.054472 1.045253 1.174939 0.945439 0.979915 0.860744 1.056914 1.128838 1.074012 0.936507 0.946619 1.008001 1.060278 0.906018 1.110170 1.012268 1.047543 0.995268 
57 0.984524 1.022230 0.932962 1.022682 0.930199 1.103867 0.970244 1.023610 0.984150 0.987856 0.981047 0.927055 1.016213 0.982519 1.035897 1.029422 0.890586 1.003174 0.985128 0.962473 0.982960 1.054905 1.047641 0.958809 0.941473 0.976622 1.089583 0.991590 0.965273 0.994511 1.025826 0.978748 1.025652 1.027570 1.093562 0.973046 0.990166 0.927503 1.029674 1.067976 1.037993 0.964887 0.970087 1.004709 1.026255 0.955073 1.063309 1.000852 1.027296 0.999495 
58 0.992878 1.005935 0.972557 1.006775 0.969956 1.041322 0.986861 1.009145 0.992368 0.995302 0.995675 0.968744 1.006614 0.990609 1.012251 1.015329 0.951773 0.997381 0.988636 0.984772 0.996855 1.026504 1.022607 0.986704 0.973275 0.992181 1.038211 0.993601 0.984493 0.997508 1.009737 0.991951 1.009885 1.013174 1.040483 0.990696 0.996237 0.968744 1.011368 1.031393 1.013849 0.986100 0.989465 1.003412 1.004689 0.981708 1.032341 0.999474 1.014517 1.001141 
59 1.000444 0.998752 0.995378 0.998834 0.996708 1.006332 0.997934 0.999666 0.997897 1.001750 1.003123 0.990579 0.999134 0.997779 0.999349 1.001812 0.993771 0.996342 0.996325 0.998803 1.000004 1.005646 1.006783 1.001203 0.992443 0.999394 1.006017 0.999903 0.994375 0.999686 1.003893 0.997502 1.000865 1.003516 1.005571 0.997151 0.998992 0.995415 1.000003 1.005518 1.001149 0.999265 1.002421 1.002017 0.999694 0.996731 1.007586 1.001233 1.000852 1.002313 
60 1.000716 0.998958 0.996699 0.998266 0.998054 1.004685 0.998797 0.999325 0.997950 1.002236 1.002366 0.991989 0.999666 0.998719 0.998885 1.001104 0.995785 0.996216 0.996835 0.999334 1.000355 1.004565 1.005236 1.001685 0.994488 0.999597 1.004116 1.000155 0.995085 0.999542 1.003105 0.997759 1.000378 1.003172 1.004043 0.997403 0.999575 0.996149 0.999131 1.004419 1.000517 0.999830 1.002405 1.001616 1.000043 0.997808 1.006245 1.001225 1.000526 1.001659 
61 1.000131 0.999908 0.999814 0.999924 0.999994 1.000361 1.000045 0.999741 0.999713 1.000662 1.000151 0.999220 1.000132 1.000155 1.000217 1.000002 0.999329 0.999802 0.999547 0.999795 1.000460 1.000834 1.000646 1.000341 0.999108 0.999714 1.000745 1.000014 0.999289 1.000057 1.000435 0.999930 1.000118 1.000480 1.000340 0.999927 0.999778 0.999260 0.999741 1.000669 0.999983 0.999923 1.000416 1.000100 0.999801 0.999876 1.000293 1.000338 0.999684 1.000347 
62 1.000037 0.999985 1.000139 1.000086 1.000186 0.999838 1.000152 0.999763 0.999882 1.000459 0.999870 1.000014 1.000155 1.000291 1.000339 0.999847 0.999702 1.000183 0.999823 0.999817 1.000440 1.000375 1.000093 1.000157 0.999602 0.999701 1.000333 0.999967 0.999737 1.000085 1.000100 1.000146 1.000063 1.000144 0.999892 1.000185 0.999772 0.999583 0.999784 1.000214 0.999888 0.999904 1.000161 0.999901 0.999743 1.000083 0.999585 1.000208 0.999560 1.000169 
63 1.000077 1.000002 1.000115 1.000076 1.000134 0.999796 1.000141 0.999823 0.999873 1.000390 0.999888 1.000012 1.000137 1.000267 1.000334 0.999860 0.999757 1.000154 0.999852 0.999835 1.000403 1.000315 1.000061 1.000125 0.999660 0.999684 1.000334 0.999961 0.999777 1.000043 1.000080 1.000116 1.000039 1.000174 0.999872 1.000157 0.999816 0.999640 0.999826 1.000160 0.999888 0.999922 1.000137 0.999946 0.999754 1.000040 0.999630 1.000236 0.999638 1.000161 
64 1.000000 1.000000 1.000000 1.000000 1.000000 1.000000 1.000000 1.000000 1.000000 1.000000 1.000000 1.000000 1.000000 1.000000 1.000000 1.000001 1.000000 1.000000 1.000000 1.000000 1.000000 0.999999 1.000000 1.000000 1.000000 1.000000 1.000001 1.000000 1.000000 1.000000 1.000000 1.000001 1.000000 1.000000 1.000000 1.000001 1.000000 1.000000 1.000000 1.000000 1.000000 1.000000 1.000000 1.000000 1.000000 1.000000 1.000000 1.000000 1.000000 1.000000 
65 1.000000 1.000000 1.000000 1.000000 1.000000 1.000000 1.000000 1.000000 1.000000 1.000000 1.000000 1.000000 1.000000 1.000000 1.000000 1.000000 1.000000 1.000000 1.000000 1.000000 1.000000 1.000000 1.000000 1.000000 1.000000 1.000000 1.000000 1.000000 1.000000 1.000000 1.000000 1.000000 1.000000 1.000000 1.000000 1.000000 1.000000 1.000000 1.000000 1.000000 1.000000 1.000000 1.000000 1.000000 1.000000 1.000000 1.000000 1.000000 1.000000 1.000000 


0 14.312236 5.788321 2.685559 -1.768166 3.816859 2.977632 -3.006440 0.454739 3.651236 -0.066400 -0.027490 2.609592 -1.285612 -1.114555 0.486513 3.899803 -4.271377 2.667961 2.626783 -0.179470 -0.456690 -0.456608 -0.482972 2.741086 0.510547 -0.569173 0.182340 -0.827030 2.277082 -0.548182 0.903093 -1.434562 4.094318 1.479373 -1.212333 2.566440 -0.045907 -3.493466 1.991049 3.571124 -2.943842 -1.898011 4.757932 -0.712524 2.685212 -1.966319 4.079471 -3.336593 0.922061 1.249586 
1 14.324905 5.833373 2.747251 -1.691794 3.893575 3.064626 -2.904860 0.539467 3.751788 0.008269 0.066498 2.689414 -1.197993 -1.037984 0.577864 3.991525 -4.175486 2.749185 2.729211 -0.090974 -0.365817 -0.354851 -0.391097 2.825528 0.593377 -0.499851 0.268290 -0.736345 2.368074 -0.464477 0.994861 -1.342947 4.167680 1.571872 -1.134067 2.632993 0.026149 -3.415522 2.060809 3.637776 -2.852508 -1.820935 4.834430 -0.620877 2.781570 -1.888284 4.165598 -3.258775 1.000975 1.324552 
2 8.804243 2.228843 1.357431 -1.700099 3.932504 3.101767 -2.337467 1.352981 4.915198 0.901546 1.059393 2.935530 -0.786344 -0.789349 1.137119 4.414940 -3.026131 3.248093 3.787388 0.323913 0.070008 0.197971 0.024451 3.059111 0.517460 -0.709201 0.511250 -0.261624 3.021756 -0.540992 1.418124 -0.942725 4.476966 2.285110 -0.900889 1.659498 -0.800209 -4.209696 1.397388 2.575688 -3.263278 -2.164850 4.821604 0.562227 3.643703 -1.628583 3.816441 -3.587193 0.877394 0.796409 
3 7.190892 1.254973 1.194371 -1.297397 3.560147 2.369468 -2.028187 1.401198 4.713019 1.216685 0.886288 3.049030 0.083248 -0.688097 0.894339 4.081324 -2.591348 2.958244 3.367444 -0.047101 -0.079230 -0.268728 0.389362 3.239321 1.093493 -0.966470 1.304054 0.097140 3.261411 -1.730059 0.851462 -1.059772 3.987904 3.245738 0.011278 0.843703 -0.579228 -4.280324 1.364317 1.742024 -2.424772 -1.877882 4.813361 1.047483 3.955505 -1.321810 3.322296 -2.502475 1.097443 1.443306 
4 6.211580 0.372020 1.161597 -0.145359 2.948343 2.251066 -1.706364 0.848546 4.501018 1.330915 0.768406 2.597731 1.011726 -0.478701 1.257570 4.136834 -1.860192 2.091322 2.778970 -0.106429 -0.781457 -0.189821 0.594998 3.708780 0.917824 -0.841829 1.662470 -0.201607 3.520502 -1.966901 0.496962 -1.115600 3.550977 2.625811 0.941765 1.054199 -0.768556 -3.458956 1.227058 1.526894 -1.679776 -1.708041 4.628669 1.463038 4.024905 -0.973273 2.502171 -1.843060 1.018789 1.624404 
5 5.066269 0.292729 1.103696 0.786401 2.890257 2.722115 -1.653239 1.016597 3.862114 1.260617 0.834695 2.313333 1.259221 0.078833 1.432798 4.332854 -1.130029 1.633020 1.720263 -0.041418 -0.854098 -0.462047 0.621995 3.751260 0.575223 -0.928335 1.066790 0.220325 3.296803 -2.138462 0.573343 -0.988044 3.103779 2.340469 2.029650 1.565091 -0.974633 -2.936404 0.952648 1.194324 -0.769224 -1.454339 4.005781 1.785825 3.424948 -0.463984 1.994488 -1.348722 0.765839 1.838256 
6 4.023043 0.616723 0.808321 1.644598 2.685454 2.995508 -1.360205 1.230388 3.036186 1.161334 0.893381 1.566797 1.254320 0.524255 1.907457 4.296404 -0.003888 0.790135 1.222322 -0.011988 -0.451589 -0.649954 0.305092 3.495545 0.288463 -1.181930 1.084929 0.296387 3.016505 -2.417600 0.572236 -0.678736 2.663810 2.760065 2.247169 2.125797 -0.931848 -2.262745 0.667784 1.221402 -0.245808 -0.896740 3.310971 1.791493 3.095340 -0.268843 1.524383 -1.293209 1.088735 1.762132 
7 3.213208 0.875749 0.857730 2.060809 2.602877 3.206413 -1.409857 1.082881 2.542974 1.113323 0.869971 1.509022 1.055854 0.536387 2.008560 4.222176 0.289526 0.526964 0.853346 -0.139812 -0.322192 -0.406378 0.229324 3.304027 0.072261 -1.118071 1.270324 0.405727 2.988883 -2.480186 0.819215 -0.380063 2.364513 2.914076 2.098331 2.073716 -0.990894 -1.570949 0.508328 1.185262 0.314353 -0.457115 3.242137 1.388031 2.902477 -0.132330 1.320644 -1.411378 1.281058 1.752502 
8 2.768608 1.030977 0.800744 2.130166 2.543100 3.201210 -1.360779 1.133056 2.188044 1.035451 0.585833 1.307105 1.044353 0.730296 1.921263 4.113616 0.403510 0.359304 0.726329 -0.124505 -0.107631 -0.212205 0.071438 3.288209 -0.144035 -0.973849 1.237401 0.437714 3.013323 -2.149388 0.893791 -0.268681 2.276638 2.920162 2.071147 1.860692 -1.118432 -1.300610 0.686650 1.084084 0.643263 -0.226142 3.310266 1.141200 2.796516 -0.011813 1.123481 -1.403278 1.603572 1.831550 
9 2.744298 1.036274 0.798476 2.134346 2.522107 3.194153 -1.333600 1.149787 2.151913 1.029665 0.568359 1.310152 1.070783 0.752586 1.916612 4.121181 0.420328 0.339211 0.717738 -0.120417 -0.094189 -0.173886 0.045518 3.282710 -0.166814 -0.975531 1.237804 0.459789 2.996297 -2.111525 0.931494 -0.244249 2.257776 2.918501 2.060809 1.832544 -1.110720 -1.269618 0.724893 1.067559 0.678115 -0.197397 3.309935 1.124919 2.786860 0.001708 1.119902 -1.395406 1.629651 1.826672 
10 2.541771 1.030621 0.750426 2.130810 2.315370 3.098003 -1.147180 1.255076 1.839009 0.959467 0.408616 1.320113 1.258775 0.890825 1.846915 4.155982 0.518541 0.151081 0.616363 -0.122482 -0.032949 0.091852 -0.195424 3.201334 -0.376986 -1.031854 1.208273 0.607534 2.813163 -1.855498 1.206600 -0.084457 2.075882 2.867268 1.943863 1.579781 -1.071131 -1.066339 1.001776 0.904358 0.903917 -0.008934 3.269210 0.973499 2.677111 0.073439 1.065336 -1.365243 1.787869 1.744392 
11 2.336324 0.993663 0.699091 2.081065 1.959091 3.019037 -0.789321 1.404711 1.623164 0.883668 0.250158 1.407384 1.386513 0.763324 1.655302 4.112516 0.700008 0.011180 0.479751 -0.054599 0.250949 0.215700 -0.154577 3.021223 -0.507993 -1.026811 1.185649 0.796486 2.487770 -1.648705 1.454736 0.042965 1.938617 2.762155 1.913989 1.447679 -1.121212 -0.783390 1.464019 0.970154 1.067769 0.094204 3.299781 0.776814 2.607817 0.100512 0.836821 -1.381528 1.818029 1.705141 
12 2.204680 0.953528 0.820407 2.070977 1.716065 3.006234 -0.665246 1.423855 1.553305 0.738825 0.218345 1.332968 1.469532 0.848647 1.564366 4.014084 0.802607 -0.032455 0.371010 -0.009412 0.441746 0.319847 -0.035789 2.999487 -0.487752 -1.019874 1.118746 0.914055 2.344786 -1.589121 1.524340 0.185387 1.903804 2.679870 1.853111 1.279433 -1.048143 -0.704145 1.727683 1.068058 1.101778 0.134020 3.212577 0.586852 2.614333 0.157337 0.766719 -1.383291 1.759082 1.623079 
13 2.090315 0.930503 0.921030 2.021872 1.496352 2.761153 -0.597546 1.423556 1.417679 0.534973 0.225338 1.211020 1.485291 0.943940 1.534902 3.990811 0.966076 0.005600 0.243576 -0.027521 0.692076 0.442054 0.118650 2.874550 -0.388548 -1.028429 1.044692 1.052295 2.253609 -1.369825 1.593675 0.342668 1.771921 2.618531 1.882007 1.024879 -1.098303 -0.504610 1.909046 1.278582 1.155923 0.111040 3.096711 0.455694 2.680015 0.093965 0.777427 -1.223483 1.625496 1.426769 
14 1.952328 0.868297 0.989072 2.086320 1.338918 2.484800 -0.543957 1.429652 1.320206 0.381199 0.336231 1.106898 1.446164 1.032127 1.535164 4.007041 0.929480 -0.018535 0.206536 0.006152 0.800723 0.383400 0.204651 2.768268 -0.268433 -0.957711 1.003935 1.133614 2.030289 -1.083220 1.612410 0.594939 1.725752 2.592364 1.914437 0.841531 -1.096731 -0.363974 2.063742 1.452631 1.188993 0.180393 3.014176 0.284316 2.710577 0.009290 0.788610 -1.069269 1.486107 1.365139 
15 1.832379 0.854578 1.073368 2.223679 1.251652 2.237585 -0.392056 1.452305 1.226112 0.387711 0.386052 1.086552 1.371470 1.145439 1.520611 3.932957 0.837200 -0.134064 0.137625 0.104331 0.885230 0.391223 0.280006 2.670289 -0.061061 -0.827491 0.972385 1.201157 1.839416 -0.832788 1.697105 0.639021 1.686666 2.562602 1.984722 0.682438 -1.043616 -0.284185 2.080821 1.575007 1.205751 0.124031 2.892078 0.128532 2.767346 -0.065401 0.818523 -1.010778 1.421260 1.246728 
16 1.744474 0.810381 1.210151 2.398239 1.155056 1.966026 -0.293502 1.607246 1.118630 0.372377 0.444454 1.027451 1.207252 1.264796 1.448576 3.845119 0.785133 -0.178449 0.056121 0.232626 0.945170 0.375401 0.442344 2.591817 0.069452 -0.674495 1.117572 1.273123 1.734472 -0.562497 1.838637 0.670481 1.608958 2.461601 1.988009 0.575595 -0.948710 -0.234431 2.113105 1.592907 1.186513 0.069244 2.704964 0.024462 2.755714 -0.208013 0.809306 -0.932784 1.375411 1.162493 
17 1.730542 0.806087 1.231668 2.407112 1.141885 1.930417 -0.263170 1.652390 1.090350 0.389354 0.450307 1.008482 1.194391 1.286768 1.397518 3.837267 0.780938 -0.171121 0.049766 0.251002 0.956144 0.389178 0.449442 2.580832 0.117034 -0.633234 1.164644 1.283519 1.716033 -0.519143 1.851144 0.699852 1.595594 2.420565 2.003006 0.564463 -0.934331 -0.229930 2.088767 1.612832 1.187940 0.089070 2.660930 0.004024 2.757796 -0.232966 0.807382 -0.924630 1.351137 1.146366 
18 1.709256 0.796982 1.255579 2.414701 1.121195 1.880835 -0.227418 1.707977 1.049868 0.408889 0.454834 0.980385 1.174234 1.312363 1.326462 3.822915 0.772038 -0.164316 0.037971 0.271219 0.966580 0.403794 0.453788 2.562972 0.175631 -0.582625 1.222492 1.293105 1.688618 -0.467038 1.863013 0.734562 1.575675 2.363052 2.019528 0.546665 -0.919354 -0.227759 2.053029 1.635535 1.186030 0.111873 2.600280 -0.025735 2.756460 -0.268920 0.800814 -0.917652 1.315413 1.122189 
19 1.694537 0.807769 1.237890 2.433770 1.052742 1.817544 -0.148858 1.773560 1.023839 0.415506 0.537820 0.955681 1.115959 1.385399 1.221306 3.741590 0.764344 -0.131954 0.042333 0.322252 0.979449 0.478555 0.415463 2.528099 0.249154 -0.523722 1.293062 1.299213 1.669248 -0.421161 1.861670 0.761850 1.599536 2.288689 2.044155 0.506404 -0.895990 -0.190944 2.011504 1.655054 1.222657 0.128428 2.529406 -0.041426 2.716648 -0.352578 0.782231 -0.887778 1.237889 1.127217 
20 1.658948 0.824929 1.216137 2.401996 0.998211 1.794061 -0.121645 1.787421 1.027761 0.416392 0.552281 0.972444 1.106393 1.433742 1.163686 3.695650 0.762446 -0.135923 0.027738 0.376634 0.990088 0.507179 0.405778 2.492138 0.280266 -0.459097 1.325055 1.288943 1.671557 -0.381422 1.858425 0.789386 1.616231 2.255776 2.031886 0.516792 -0.827267 -0.186213 1.967193 1.679076 1.258133 0.137347 2.507158 -0.034893 2.669448 -0.436211 0.771965 -0.824807 1.191547 1.102291 
21 1.645277 0.836342 1.178508 2.382300 0.998062 1.760785 -0.087178 1.780382 1.068191 0.418361 0.546745 0.958053 1.116414 1.459128 1.115760 3.617380 0.771401 -0.140847 0.039478 0.390874 1.000873 0.529584 0.411434 2.421879 0.279552 -0.358971 1.348322 1.292721 1.670640 -0.347058 1.869676 0.835465 1.627196 2.231766 2.023940 0.517608 -0.754908 -0.182341 1.934453 1.682159 1.313685 0.139781 2.455601 -0.017610 2.623036 -0.491454 0.770404 -0.786266 1.127281 1.081496 
22 1.620638 0.832480 1.124576 2.333064 1.005292 1.720971 -0.037176 1.808299 1.115924 0.421000 0.517098 0.909256 1.134446 1.468226 1.123660 3.515570 0.740643 -0.145930 0.040693 0.404099 1.053869 0.575856 0.425867 2.306071 0.339187 -0.216032 1.359196 1.259521 1.665166 -0.334183 1.901499 0.887590 1.649497 2.152664 1.988061 0.500821 -0.642337 -0.128930 1.885843 1.668905 1.355633 0.164579 2.388900 0.036662 2.516953 -0.544202 0.782379 -0.711203 1.047740 1.094374 
23 1.582985 0.819140 1.052724 2.255527 1.030420 1.685124 0.009748 1.792887 1.127494 0.421045 0.515800 0.875221 1.125858 1.487532 1.131044 3.425540 0.737864 -0.106462 0.021434 0.394433 1.070565 0.609123 0.433709 2.200017 0.386049 -0.128920 1.383525 1.220904 1.645207 -0.289900 1.926500 0.900267 1.655280 2.068362 1.965821 0.515141 -0.485544 -0.083833 1.859454 1.677103 1.377203 0.169512 2.330183 0.066902 2.468228 -0.534047 0.789076 -0.653730 1.004279 1.141338 
24 1.515331 0.813919 0.973881 2.062249 0.996598 1.585827 0.077062 1.770498 1.157690 0.505446 0.508468 0.845444 1.073300 1.547870 1.166701 3.203180 0.782399 -0.034510 0.025277 0.384792 1.041792 0.662754 0.512003 1.967111 0.454527 0.009524 1.424260 1.114089 1.555514 -0.215811 1.943882 0.941310 1.718746 1.895757 1.921047 0.576458 -0.306974 -0.016492 1.808729 1.659254 1.444497 0.213984 2.198283 0.116009 2.359650 -0.429710 0.885110 -0.512805 0.982635 1.191050 
25 1.507985 0.790298 0.963049 2.007566 0.994729 1.572836 0.108828 1.757321 1.155711 0.522752 0.512614 0.838412 1.054779 1.564810 1.176783 3.140848 0.781400 -0.006409 0.046348 0.387410 1.048564 0.676782 0.540406 1.895137 0.462143 0.046274 1.437779 1.100412 1.526261 -0.193469 1.928680 0.946482 1.738811 1.845777 1.915609 0.594379 -0.246517 0.016213 1.781445 1.647734 1.468033 0.234088 2.163225 0.129091 2.324992 -0.397066 0.906080 -0.461344 0.993541 1.183884 
26 1.483130 0.716374 0.928531 1.845371 0.985596 1.531528 0.196250 1.714627 1.144862 0.568905 0.520474 0.814171 0.996775 1.609640 1.201468 2.955765 0.773811 0.071530 0.103692 0.391062 1.064411 0.712348 0.618090 1.682160 0.479272 0.148884 1.472859 1.057101 1.436699 -0.132833 1.879210 0.956357 1.793565 1.696795 1.896347 0.641917 -0.075275 0.106939 1.697588 1.609984 1.531080 0.288476 2.057684 0.163259 2.219687 -0.306166 0.961766 -0.316111 1.021641 1.157967 
27 1.434472 0.644864 0.953526 1.669005 0.957667 1.500302 0.275697 1.616206 1.123141 0.581554 0.509043 0.801128 0.950963 1.607215 1.223283 2.709030 0.815700 0.197321 0.192756 0.431030 1.087807 0.758392 0.666705 1.415705 0.509091 0.292941 1.554141 0.997152 1.272479 -0.001409 1.829744 0.930104 1.900028 1.547484 1.890824 0.651452 0.141057 0.213629 1.564172 1.574047 1.565508 0.370627 1.905407 0.279625 2.047330 -0.160760 1.033419 -0.138301 1.044187 1.147350 
28 1.352699 0.607903 0.979245 1.536224 0.941751 1.472058 0.383356 1.565470 1.107133 0.568462 0.462199 0.791742 0.898206 1.628174 1.217671 2.497788 0.825386 0.323526 0.298745 0.427193 1.071451 0.806390 0.716489 1.234629 0.517969 0.433294 1.616411 0.946512 1.102530 0.100597 1.753296 0.872072 1.957063 1.442860 1.840949 0.685449 0.323508 0.342735 1.466998 1.573040 1.582021 0.433822 1.782736 0.412794 1.894677 -0.019716 1.128283 0.030555 1.027999 1.121888 
29 1.302728 0.615095 0.979088 1.476131 0.933690 1.469836 0.469105 1.529431 1.047510 0.572802 0.490943 0.802928 0.892688 1.607683 1.215891 2.366616 0.831504 0.393474 0.380250 0.388054 1.054028 0.804587 0.762604 1.163845 0.526143 0.526211 1.621403 0.913533 1.048760 0.160985 1.734050 0.842464 1.981910 1.367859 1.787894 0.677834 0.410232 0.373507 1.417482 1.599420 1.583008 0.473541 1.699023 0.491843 1.790007 0.058319 1.161428 0.149954 1.041615 1.098420 
30 1.268147 0.611150 0.950419 1.427202 0.910966 1.459366 0.530644 1.505431 0.987600 0.590133 0.512155 0.796491 0.882129 1.548760 1.205007 2.242654 0.825650 0.475946 0.469928 0.411059 1.028560 0.818922 0.790279 1.105917 0.534049 0.625401 1.616441 0.890612 1.012194 0.211201 1.719002 0.827252 1.985574 1.323428 1.716495 0.677182 0.494935 0.409633 1.359992 1.640226 1.588637 0.478318 1.593712 0.541557 1.685315 0.192313 1.181394 0.304632 1.048910 1.074674 
31 1.229387 0.589443 0.932989 1.397257 0.904308 1.464858 0.561872 1.484954 0.943154 0.626363 0.542001 0.780022 0.894203 1.481683 1.184498 2.066546 0.821365 0.583255 0.574779 0.439316 1.002935 0.845552 0.809998 1.049335 0.570287 0.694627 1.590381 0.833951 0.968357 0.278893 1.713887 0.803681 1.928880 1.293709 1.668291 0.703497 0.580764 0.444800 1.332584 1.677220 1.593161 0.505228 1.506899 0.574008 1.559769 0.293937 1.207342 0.459326 1.062778 1.033775 
32 1.190706 0.605469 0.878752 1.364877 0.882659 1.443144 0.586983 1.460313 0.905411 0.665779 0.602526 0.746868 0.939156 1.422545 1.185025 1.871061 0.794678 0.727978 0.634190 0.489847 0.955695 0.874371 0.840458 0.979731 0.613775 0.799770 1.576260 0.822578 0.925956 0.349675 1.687867 0.770977 1.859961 1.270201 1.621807 0.737630 0.660260 0.483936 1.311712 1.694866 1.553284 0.576187 1.450484 0.628334 1.425039 0.425948 1.207662 0.584499 1.083839 0.939592 
33 1.190492 0.605676 0.878052 1.364056 0.882403 1.443481 0.587924 1.460031 0.904837 0.666648 0.603807 0.746736 0.940115 1.421727 1.185546 1.867514 0.794261 0.730639 0.635046 0.491071 0.954934 0.875092 0.841305 0.978936 0.614927 0.801903 1.576209 0.822628 0.925511 0.351610 1.687278 0.770942 1.858552 1.270477 1.620895 0.738408 0.661482 0.485026 1.311532 1.695210 1.552930 0.577600 1.449154 0.629829 1.423163 0.428240 1.207810 0.586625 1.084360 0.938497 
34 1.177656 0.592468 0.829048 1.288223 0.853729 1.469755 0.637627 1.431016 0.853980 0.706934 0.664385 0.737964 0.980345 1.365780 1.214279 1.640422 0.752095 0.867255 0.653684 0.553078 0.893132 0.900580 0.880088 0.930512 0.674630 0.916049 1.560242 0.813870 0.891443 0.467921 1.626756 0.768680 1.753143 1.292576 1.546256 0.769923 0.703214 0.541049 1.289299 1.696179 1.522663 0.643848 1.340644 0.716559 1.314825 0.538068 1.199475 0.683622 1.099570 0.878764 
35 1.168071 0.601729 0.788863 1.251602 0.825511 1.486312 0.692974 1.387295 0.822462 0.754610 0.696619 0.730619 1.018200 1.337621 1.230567 1.538454 0.734775 0.975438 0.675898 0.621036 0.868462 0.902696 0.927330 0.891812 0.699326 0.981892 1.542153 0.788484 0.883199 0.544830 1.570095 0.744585 1.666348 1.306839 1.493266 0.770134 0.733365 0.577256 1.273371 1.673633 1.500698 0.702501 1.259037 0.747460 1.236953 0.597051 1.218105 0.730257 1.086269 0.860861 
36 1.149528 0.630729 0.791126 1.219148 0.818961 1.493156 0.755359 1.380860 0.802307 0.763648 0.727751 0.719327 1.040065 1.288765 1.256001 1.469246 0.733661 1.026014 0.689275 0.671281 0.836825 0.925543 0.956552 0.857841 0.704266 1.014802 1.525916 0.772626 0.887304 0.598747 1.512376 0.745450 1.601266 1.311061 1.474679 0.773522 0.759657 0.582038 1.252958 1.638240 1.476750 0.726010 1.232343 0.750327 1.195521 0.633761 1.233659 0.766932 1.066740 0.857612 
37 1.128772 0.661979 0.802998 1.197477 0.810117 1.491641 0.796020 1.365897 0.786105 0.799459 0.754540 0.711130 1.045868 1.233724 1.275338 1.421335 0.737718 1.074818 0.699636 0.703561 0.812352 0.972664 0.975593 0.831067 0.700705 1.059711 1.487790 0.771326 0.879365 0.637251 1.446765 0.748927 1.548847 1.313656 1.458680 0.782181 0.793227 0.587559 1.249461 1.598704 1.438223 0.753258 1.190064 0.760880 1.176875 0.642984 1.234681 0.811501 1.062826 0.863852 
38 1.107616 0.700298 0.813171 1.173312 0.815367 1.486082 0.815824 1.338916 0.763685 0.813210 0.782722 0.709194 1.055676 1.206697 1.269834 1.393916 0.727544 1.093564 0.729639 0.741837 0.797402 1.018697 1.007933 0.800870 0.708141 1.084603 1.460741 0.760700 0.868908 0.657020 1.406735 0.761481 1.499860 1.313533 1.446700 0.797095 0.809482 0.596338 1.251417 1.558285 1.403723 0.766147 1.154391 0.787856 1.169404 0.656990 1.219000 0.840492 1.060365 0.873200 
39 1.079131 0.748694 0.830149 1.139886 0.820373 1.472130 0.836716 1.312405 0.767244 0.836802 0.807894 0.694233 1.069226 1.173582 1.260792 1.367485 0.707128 1.108430 0.752223 0.773741 0.791014 1.037426 1.027161 0.799475 0.709936 1.078804 1.441510 0.761408 0.864495 0.679821 1.379851 0.775824 1.467582 1.305431 1.438649 0.809178 0.827472 0.624042 1.249038 1.523145 1.381542 0.768981 1.113852 0.813519 1.160554 0.664479 1.204616 0.860335 1.065683 0.876065 
40 1.069165 0.769974 0.829899 1.131938 0.824444 1.464167 0.839779 1.306332 0.772399 0.844167 0.817901 0.695666 1.075506 1.156308 1.254319 1.353074 0.699124 1.110277 0.759404 0.785925 0.790524 1.048722 1.041054 0.801555 0.709676 1.067829 1.430634 0.760598 0.859864 0.694123 1.363061 0.782092 1.454566 1.297899 1.430800 0.810012 0.838729 0.635272 1.241614 1.507348 1.372723 0.776934 1.094335 0.825024 1.160026 0.670516 1.197963 0.868309 1.066302 0.876598 
41 1.058074 0.795990 0.830085 1.123303 0.829853 1.455424 0.844139 1.299850 0.779292 0.853449 0.830366 0.698162 1.083586 1.136415 1.247342 1.336630 0.690395 1.113005 0.768772 0.801037 0.790809 1.062969 1.058406 0.804821 0.710117 1.055302 1.418387 0.760424 0.855141 0.711972 1.343791 0.790334 1.439716 1.289624 1.422172 0.811650 0.852872 0.649349 1.233355 1.489287 1.363041 0.787174 1.071908 0.839402 1.160184 0.678407 1.190846 0.878422 1.067691 0.877977 
42 1.041916 0.838114 0.820000 1.110721 0.821039 1.437861 0.850122 1.284948 0.783944 0.872593 0.834278 0.700234 1.081451 1.104359 1.236163 1.301375 0.680100 1.110614 0.798637 0.818429 0.801767 1.079691 1.088114 0.815348 0.715287 1.035709 1.393906 0.768603 0.859684 0.750110 1.308881 0.809743 1.410343 1.274364 1.421404 0.820086 0.877530 0.672413 1.216212 1.459009 1.336115 0.800689 1.047932 0.868188 1.155890 0.694287 1.177907 0.886830 1.066557 0.886735 
43 1.022328 0.884747 0.814809 1.098018 0.804917 1.419412 0.855939 1.255657 0.791647 0.893556 0.843114 0.713092 1.074668 1.069046 1.226980 1.260357 0.661494 1.104210 0.835281 0.836631 0.806952 1.103927 1.115637 0.830060 0.724338 1.005471 1.366823 0.794916 0.867411 0.787064 1.278045 0.841287 1.364267 1.251034 1.416115 0.829216 0.916007 0.695585 1.194905 1.416697 1.301742 0.826125 1.013860 0.901454 1.145701 0.717656 1.175592 0.897283 1.056299 0.896165 
44 0.989791 0.952646 0.801319 1.078824 0.794679 1.389380 0.876822 1.201707 0.824835 0.910159 0.849047 0.729655 1.050072 1.015826 1.213483 1.196834 0.636597 1.084186 0.884303 0.875969 0.831978 1.133569 1.141259 0.847614 0.739707 0.966371 1.336307 0.840643 0.885164 0.840934 1.229005 0.868242 1.284971 1.200843 1.404968 0.850961 0.944061 0.711795 1.173637 1.369752 1.251404 0.881378 0.960574 0.950047 1.140045 0.751678 1.172539 0.929954 1.052998 0.917779 
45 0.970521 1.010799 0.792810 1.072724 0.769089 1.375004 0.898929 1.157078 0.873634 0.918737 0.863726 0.739306 1.030253 0.981272 1.194602 1.156431 0.621386 1.078842 0.917339 0.889799 0.863349 1.150863 1.154853 0.860583 0.758351 0.945497 1.309752 0.867826 0.880900 0.886618 1.195781 0.899211 1.202047 1.158493 1.384811 0.865321 0.963376 0.720211 1.136326 1.315694 1.213849 0.908344 0.931129 0.989234 1.140774 0.786258 1.164951 0.962860 1.066166 0.936557 
46 0.952938 1.055084 0.774090 1.073948 0.757882 1.365595 0.911549 1.111124 0.899700 0.920936 0.875347 0.744023 1.030314 0.947938 1.176416 1.123138 0.620630 1.073299 0.943169 0.897204 0.893371 1.167010 1.166931 0.879334 0.794206 0.929678 1.297428 0.908957 0.869738 0.929291 1.159728 0.921371 1.152055 1.118375 1.352271 0.895219 0.968432 0.729435 1.110302 1.252753 1.183441 0.913037 0.910129 1.006356 1.134964 0.805141 1.175301 0.994112 1.075531 0.953745 
47 0.940875 1.083273 0.764233 1.082910 0.761119 1.361592 0.918072 1.082201 0.915011 0.934240 0.880856 0.751785 1.032732 0.932208 1.159422 1.097408 0.625419 1.070674 0.954741 0.910721 0.909486 1.171109 1.171150 0.879748 0.814259 0.914693 1.290333 0.942922 0.863078 0.952082 1.124054 0.948788 1.112887 1.082242 1.324772 0.902175 0.971320 0.740012 1.096439 1.224800 1.157432 0.903181 0.905570 1.026298 1.124506 0.815636 1.188405 1.012412 1.089843 0.970266 
48 0.940602 1.083424 0.764282 1.083411 0.760939 1.361504 0.918387 1.081342 0.915525 0.934680 0.881145 0.751471 1.032907 0.931958 1.158559 1.096805 0.625504 1.070031 0.954871 0.910766 0.909651 1.171144 1.170895 0.879242 0.814646 0.914087 1.289985 0.943331 0.863509 0.952997 1.123094 0.949361 1.112362 1.081482 1.323444 0.902592 0.971378 0.740415 1.096181 1.224065 1.156169 0.903129 0.905437 1.026719 1.124333 0.816122 1.188548 1.012806 1.089942 0.970462 
49 0.939396 1.084751 0.765282 1.087249 0.760218 1.361532 0.921124 1.076318 0.919462 0.937996 0.883620 0.749796 1.034629 0.930918 1.153356 1.093565 0.626582 1.066188 0.956190 0.911449 0.911199 1.171966 1.169702 0.876269 0.817669 0.910581 1.288213 0.946375 0.867137 0.959597 1.117528 0.953536 1.109692 1.077310 1.315195 0.905897 0.972274 0.743668 1.095087 1.219863 1.148472 0.903443 0.905107 1.029905 1.123828 0.819866 1.189991 1.015892 1.090985 0.972197 
50 0.937223 1.088519 0.768622 1.090945 0.761829 1.360816 0.925061 1.070219 0.925338 0.944817 0.887158 0.751442 1.035344 0.927828 1.138546 1.089051 0.627185 1.061710 0.953439 0.908931 0.915007 1.170874 1.168972 0.866276 0.825323 0.903644 1.281793 0.955718 0.875501 0.970424 1.109957 0.956965 1.105201 1.075265 1.304321 0.910858 0.971417 0.750380 1.092014 1.210934 1.137073 0.904295 0.905616 1.034490 1.120228 0.827636 1.191769 1.024457 1.090345 0.977231 
51 0.937537 1.089775 0.772030 1.088201 0.767443 1.357917 0.928704 1.065809 0.939389 0.949644 0.890875 0.755633 1.036796 0.931426 1.127841 1.088288 0.637090 1.052507 0.956836 0.905202 0.910597 1.171587 1.170584 0.861298 0.835872 0.899413 1.275083 0.968023 0.881782 0.981205 1.102229 0.957707 1.098967 1.075026 1.293771 0.912128 0.970326 0.761510 1.085970 1.205816 1.119440 0.906058 0.903449 1.028807 1.105570 0.834116 1.183492 1.031357 1.093457 0.984939 
52 0.938671 1.088350 0.779048 1.084276 0.772416 1.349538 0.928469 1.064149 0.944234 0.955357 0.896817 0.760708 1.035092 0.931427 1.125008 1.090590 0.647121 1.046254 0.959802 0.904305 0.912766 1.170498 1.166575 0.861351 0.844427 0.900471 1.269899 0.972535 0.885757 0.986727 1.094529 0.954752 1.092692 1.072313 1.283306 0.913973 0.971574 0.766821 1.085036 1.202293 1.119775 0.906421 0.905785 1.029886 1.097297 0.840783 1.176352 1.029155 1.090053 0.984666 
53 0.939252 1.087513 0.784649 1.081803 0.776551 1.344216 0.927460 1.063943 0.947313 0.958000 0.901318 0.763779 1.033624 0.933504 1.122077 1.089990 0.653447 1.042504 0.961771 0.904677 0.915307 1.166854 1.163410 0.863403 0.849251 0.902442 1.265765 0.975136 0.887879 0.989243 1.088348 0.954234 1.089859 1.071057 1.276319 0.914627 0.973722 0.769233 1.086362 1.197900 1.119213 0.907830 0.907186 1.029240 1.091860 0.846486 1.171215 1.028278 1.087342 0.986334 
54 0.944028 1.083219 0.802712 1.070595 0.796672 1.320445 0.926903 1.061246 0.954277 0.968396 0.916922 0.787792 1.031015 0.940493 1.112840 1.082734 0.684204 1.029820 0.967081 0.908835 0.928308 1.150795 1.145572 0.874769 0.860647 0.914628 1.250112 0.976876 0.897755 0.993563 1.075484 0.953841 1.077459 1.063325 1.254425 0.918174 0.976199 0.793282 1.084141 1.178232 1.104606 0.912209 0.913781 1.024090 1.082986 0.864622 1.156614 1.029957 1.073051 0.984602 
55 0.955804 1.061265 0.857423 1.047828 0.842110 1.236436 0.935983 1.052142 0.965556 0.977692 0.947172 0.845035 1.035493 0.957769 1.084809 1.059575 0.759675 1.015224 0.978128 0.929286 0.955200 1.112548 1.106393 0.904576 0.888448 0.942554 1.187903 0.986589 0.925168 0.996010 1.052852 0.957728 1.051883 1.046048 1.190160 0.943444 0.981940 0.848408 1.057948 1.138213 1.075252 0.932390 0.933771 1.014391 1.062533 0.900691 1.123277 1.019896 1.055208 0.997690 
56 0.956256 1.060247 0.859604 1.046843 0.843998 1.232806 0.936339 1.051628 0.965962 0.978001 0.948348 0.847340 1.035512 0.958401 1.083524 1.058511 0.762806 1.014582 0.978490 0.930062 0.956197 1.110864 1.104679 0.905762 0.889537 0.943628 1.185207 0.986897 0.926231 0.996029 1.051839 0.957853 1.050769 1.045262 1.187398 0.944403 0.982093 0.850632 1.056813 1.136417 1.073949 0.933154 0.934535 1.013932 1.061570 0.902132 1.121763 1.019381 1.054372 0.998121 
57 0.969149 1.043274 0.893551 1.036644 0.884112 1.170376 0.951914 1.037394 0.976374 0.982399 0.968343 0.885468 1.026889 0.968070 1.060195 1.041095 0.822892 1.010054 0.984598 0.944590 0.969164 1.085411 1.078787 0.929197 0.910171 0.959931 1.140437 0.991596 0.945174 0.997765 1.038584 0.967083 1.036273 1.035739 1.142732 0.959058 0.985193 0.889600 1.043677 1.102512 1.056055 0.947173 0.948954 1.010275 1.044312 0.928129 1.094323 1.010797 1.040500 1.002101 
58 0.993885 1.005530 0.975514 1.004949 0.975650 1.034115 0.990388 1.005688 0.994357 0.996964 0.998470 0.973674 1.005074 0.991011 1.008267 1.011310 0.959644 0.996555 0.989727 0.987180 0.998835 1.023920 1.020052 0.990819 0.976451 0.993961 1.032544 0.993995 0.986542 0.998865 1.007114 0.994470 1.006533 1.011601 1.034876 0.992109 0.997315 0.974539 1.009037 1.025143 1.009250 0.988546 0.989892 1.003580 1.001543 0.986192 1.028711 1.001069 1.012279 1.001022 
59 1.000815 0.998876 0.995966 0.998014 0.997738 1.004857 0.998499 0.999147 0.997878 1.002655 1.003102 0.991108 0.999579 0.998406 0.998833 1.000751 0.995349 0.995655 0.996458 0.999341 1.000798 1.005196 1.005803 1.002174 0.993644 0.999668 1.004677 1.000293 0.994640 0.999621 1.003426 0.997585 0.999803 1.003439 1.004211 0.997382 0.999604 0.995885 0.998965 1.004691 1.000686 1.000057 1.002734 1.002125 0.999537 0.997707 1.006864 1.001406 1.000386 1.002144 
60 0.999826 0.999055 0.998368 0.999102 0.999222 1.002800 0.999058 0.999208 0.999206 1.001645 1.001652 0.995934 0.999525 0.999071 0.999436 1.000489 0.997366 0.998257 0.998041 0.999853 1.000469 1.002696 1.003313 1.001398 0.996377 1.000210 1.002088 1.000145 0.997189 1.000330 1.001950 0.999189 1.000147 1.000971 1.001892 0.999161 0.999282 0.998060 0.999254 1.002533 1.000269 1.000092 1.001901 1.000715 0.999438 0.999098 1.002814 1.000498 0.999441 1.001317 
61 1.000060 1.000003 1.000161 1.000087 1.000207 0.999803 1.000188 0.999744 0.999864 1.000495 0.999839 1.000015 1.000187 1.000331 1.000363 0.999828 0.999698 1.000191 0.999825 0.999791 1.000472 1.000403 1.000078 1.000147 0.999600 0.999656 1.000354 0.999971 0.999718 1.000083 1.000084 1.000148 1.000064 1.000181 0.999883 1.000185 0.999773 0.999542 0.999768 1.000221 0.999871 0.999888 1.000146 0.999890 0.999745 1.000100 0.999555 1.000229 0.999546 1.000166 
62 1.000064 0.999995 1.000143 1.000088 1.000142 0.999791 1.000144 0.999810 0.999874 1.000411 0.999884 1.000034 1.000132 1.000273 1.000365 0.999866 0.999730 1.000188 0.999846 0.999829 1.000421 1.000332 1.000081 1.000121 0.999630 0.999662 1.000352 0.999955 0.999764 1.000066 1.000082 1.000135 1.000057 1.000161 0.999853 1.000180 0.999787 0.999633 0.999824 1.000165 0.999870 0.999914 1.000154 0.999934 0.999725 1.000042 0.999585 1.000254 0.999604 1.000180 
63 1.000000 1.000001 1.000001 1.000001 1.000000 1.000000 1.000001 1.000000 1.000000 1.000001 1.000001 1.000000 1.000000 1.000002 1.000002 0.999999 1.000000 1.000001 1.000000 1.000001 1.000001 1.000002 1.000000 1.000001 1.000000 0.999999 0.999999 1.000000 1.000001 1.000000 1.000001 0.999999 1.000001 1.000000 1.000000 1.000000 0.999999 1.000000 1.000000 1.000000 1.000000 0.999999 1.000000 1.000001 0.999999 1.000000 1.000000 1.000001 1.000000 1.000001 
64 1.000000 1.000000 1.000000 1.000000 1.000000 1.000000 1.000000 1.000000 1.000000 1.000000 1.000000 1.000000 1.000000 1.000001 1.000001 0.999999 1.000000 1.000000 1.000000 1.000001 1.000001 1.000001 1.000000 1.000000 1.000000 1.000000 0.999999 1.000000 1.000001 1.000000 1.000000 0.999999 1.000001 1.000000 1.000000 0.999999 0.999999 1.000000 1.000000 0.999999 1.000000 0.999999 1.000000 1.000000 0.999999 1.000000 1.000000 1.000000 1.000000 1.000000 
65 1.000000 1.000000 1.000000 1.000000 1.000000 1.000000 1.000000 1.000000 1.000000 1.000000 1.000000 1.000000 1.000000 1.000000 1.000000 1.000000 1.000000 1.000000 1.000000 1.000000 1.000000 1.000000 1.000000 1.000000 1.000000 1.000000 1.000000 1.000000 1.000000 1.000000 1.000000 1.000000 1.000000 1.000000 1.000000 1.000000 1.000000 1.000000 1.000000 1.000000 1.000000 1.000000 1.000000 1.000000 1.000000 1.000000 1.000000 1.000000 1.000000 1.000000 


# N=60
0 12.324952 7.068121 4.794647 1.175440 4.284372 1.745608 -1.039016 0.381970 1.388192 0.778883 1.891013 2.537660 -2.435661 -0.997444 -0.979815 3.794760 -0.695839 0.912810 1.220672 1.570472 -0.417677 -0.220137 -1.383800 2.305909 0.403723 1.403580 -0.767278 -1.355582 2.694952 0.723971 -0.016863 -0.089839 1.647585 1.987771 -1.882521 2.269758 0.695963 -1.964333 0.563924 1.899515 -1.225765 -1.606427 3.775046 0.018822 1.705391 -1.600633 3.860077 -2.339275 1.463426 1.888480 1.114315 -2.935920 0.182085 2.504790 -0.828457 0.722450 2.543815 2.292882 -1.609622 -0.350535 
1 12.324952 7.080227 4.817452 1.206709 4.317705 1.787032 -0.995195 0.423153 1.439297 0.821279 1.936581 2.579858 -2.388661 -0.958481 -0.932678 3.847395 -0.644061 0.958979 1.277659 1.619797 -0.369138 -0.166441 -1.333854 2.356759 0.454311 1.443918 -0.721098 -1.304438 2.745540 0.768405 0.035333 -0.039480 1.689148 2.033910 -1.842820 2.306556 0.735123 -1.923896 0.599406 1.935437 -1.185336 -1.564748 3.814100 0.060393 1.751803 -1.563061 3.900891 -2.301968 1.502035 1.921463 1.154037 -2.902902 0.213295 2.536305 -0.793102 0.756126 2.578818 2.333717 -1.577251 -0.320993 
2 9.008066 4.442695 3.366414 0.628145 3.900957 1.524317 -1.024117 0.788593 2.091808 1.472359 2.482153 2.905422 -2.044194 -0.714968 -0.524790 4.636064 0.310823 1.650404 2.397138 2.273571 0.095562 0.475699 -0.648032 3.166082 1.237170 1.851199 -0.199130 -0.577353 3.616619 1.141340 0.783830 0.530616 2.097880 2.478759 -1.596237 2.210946 0.641803 -2.050257 0.460532 1.556340 -1.539460 -1.800618 3.814986 0.352613 2.034404 -1.564290 3.673475 -2.547646 1.208262 1.406020 0.819066 -3.298644 -0.465749 1.754288 -1.326375 0.241890 2.172337 2.047961 -2.105503 -1.473207 
3 7.731513 3.407646 2.468326 0.463657 3.691106 0.624038 -1.389398 1.279316 2.412268 2.369349 2.056168 3.502186 -0.985137 -0.296092 -0.884035 4.252696 0.515677 1.632096 2.434979 2.202547 -0.152211 0.187787 -0.295080 3.374243 2.098279 1.656504 -0.054695 0.182119 3.662654 0.276807 0.687504 0.499861 2.113794 3.033525 -0.677012 1.486342 0.605752 -2.424151 0.544008 1.299226 -1.663455 -1.103802 3.688713 0.570168 2.114354 -1.570279 2.969618 -2.125438 1.263444 1.319455 1.184779 -2.464464 -0.122969 1.191544 -1.433219 0.011348 2.140975 2.429511 -1.673525 -1.687837 
4 6.985140 2.328754 1.867951 0.904979 3.434290 -0.024923 -1.453350 1.510398 2.852696 2.254955 2.297761 3.477257 -0.271507 0.218245 -0.946536 3.545363 0.540379 1.501350 2.421128 2.030125 -0.921701 0.272468 -0.363445 3.909723 2.024313 1.291902 0.256846 0.356790 3.896360 -0.021311 0.536785 0.568412 1.765123 2.809034 -0.156520 1.333506 0.500434 -1.747300 0.922457 1.172532 -1.346920 -0.981412 3.927753 0.865927 2.031218 -1.607270 2.156565 -1.835820 0.928595 1.250617 1.201190 -1.518235 0.033800 1.651177 -1.300035 0.153781 1.892391 2.505850 -1.197113 -1.746757 
5 6.196857 1.883894 1.580857 0.942094 3.309166 0.001084 -1.393598 1.761714 2.955805 1.937519 2.194859 3.327613 0.200294 0.297109 -1.071224 3.336456 0.622432 1.217727 1.941815 2.303815 -0.733865 -0.008835 -0.473329 4.210350 2.172906 1.072221 0.127779 0.317721 4.230668 0.017401 0.445895 0.376036 1.546856 2.616395 0.255031 1.610421 0.284226 -1.133767 0.959271 1.271365 -1.135380 -0.814625 3.893407 1.232590 1.738245 -1.501892 1.456003 -1.550107 0.653888 1.066585 1.013550 -1.064522 0.429720 1.606665 -1.248539 0.662009 1.633195 2.524285 -0.974118 -1.276799 
6 5.463014 1.700629 1.552078 1.226930 3.201842 0.266849 -1.360645 1.767831 3.102392 1.634723 2.347657 3.038266 0.850507 0.407909 -1.105338 3.143274 0.978863 1.015805 1.473295 2.242946 -0.432268 -0.349297 -0.704795 4.345807 2.225148 0.719129 -0.083062 0.558003 4.288938 -0.220717 0.796871 0.530381 1.270340 2.679026 0.361796 1.687662 0.318458 -0.516600 0.839989 1.213092 -0.763166 -0.395632 3.152103 1.481468 1.571393 -1.218590 1.068519 -1.599614 0.167782 0.770394 0.873203 -0.501954 0.651819 1.508031 -0.954037 1.064915 1.135230 2.292126 -0.825518 -1.044638 
7 5.055324 1.802743 1.398598 1.469170 3.136595 0.236500 -1.285912 1.870622 3.116438 1.547544 2.256560 2.677400 0.986112 0.513583 -0.918077 3.013609 1.263999 0.877229 1.375440 2.078359 -0.196425 -0.541965 -0.615107 4.308119 2.108094 0.611539 -0.126736 0.654596 4.222248 -0.290938 0.743457 0.537937 1.263865 2.717647 0.268282 1.719407 0.188013 -0.055524 0.848285 1.229801 -0.600510 -0.095597 2.915265 1.568779 1.617221 -1.176127 0.877086 -1.537915 0.150186 0.872424 0.983186 -0.375054 0.635642 1.360384 -0.872254 1.193370 0.987452 2.081428 -0.795526 -1.019372 
8 4.348766 1.941238 1.404455 1.705055 3.044187 0.286223 -1.269721 1.831172 2.805131 1.555953 2.037258 2.530152 1.065593 0.703737 -0.574645 3.034889 1.503010 0.601348 1.105861 1.855925 -0.185908 -0.501168 -0.485825 4.189791 2.030320 0.444292 -0.170928 0.847964 4.053648 -0.277347 0.708010 0.682856 1.161685 2.615685 0.100005 1.678576 0.211846 0.473729 0.647599 1.145823 -0.327432 0.301655 2.900165 1.462582 1.567106 -1.051177 0.796184 -1.309464 0.201862 1.027796 0.983278 -0.166459 0.625361 1.248940 -0.941057 1.455565 0.939289 1.789400 -0.687593 -0.983372 
9 4.047699 1.978238 1.391944 1.760161 3.064001 0.319783 -1.175421 1.717669 2.644367 1.568131 1.859356 2.437358 1.091819 0.797409 -0.486191 2.973773 1.684379 0.428308 1.071087 1.789628 -0.188702 -0.417380 -0.485374 4.030908 1.935639 0.305230 -0.190012 0.954261 3.907805 -0.170230 0.705374 0.801386 1.091544 2.588111 0.232627 1.681111 0.198331 0.659860 0.604702 1.075314 -0.232027 0.362551 2.846005 1.386053 1.530060 -0.960898 0.708427 -1.246785 0.254207 1.132821 0.992665 -0.126093 0.673562 1.187657 -0.919392 1.551245 0.916237 1.636558 -0.644373 -0.988945 
10 3.624463 2.044590 1.387699 1.851732 3.104739 0.383096 -1.022033 1.563183 2.425512 1.597231 1.612081 2.314296 1.143746 0.945008 -0.345480 2.898557 1.962144 0.188303 1.036091 1.708702 -0.178155 -0.277997 -0.472127 3.810959 1.808935 0.112316 -0.203260 1.122691 3.707205 -0.000967 0.716482 0.989310 1.002122 2.560739 0.440509 1.698007 0.191573 0.942402 0.556647 0.983973 -0.081212 0.463999 2.778716 1.287218 1.488389 -0.816900 0.593713 -1.142778 0.345587 1.298625 1.021018 -0.056799 0.757519 1.111133 -0.872295 1.701636 0.896063 1.429552 -0.568609 -0.982077 
11 3.163757 1.981707 1.511480 1.975424 2.927234 0.433696 -0.814633 1.406527 2.256142 1.619657 1.305024 2.126825 1.201252 1.076506 -0.191962 2.916284 2.258349 -0.116941 0.922003 1.734356 -0.081053 0.050625 -0.437418 3.483733 1.477443 -0.271659 -0.055425 1.301134 3.403898 0.031919 0.791711 1.272193 1.003736 2.393780 0.554300 1.761963 0.204994 1.244252 0.621762 0.688734 -0.108050 0.694877 2.646933 1.214739 1.237832 -0.654656 0.400756 -0.939740 0.570473 1.467404 1.074191 -0.044360 0.850086 0.934619 -0.715635 1.751129 0.901210 1.276576 -0.427971 -0.832527 
12 2.793498 1.932616 1.684090 2.015225 2.726956 0.469745 -0.533701 1.299421 2.185724 1.654753 1.082735 2.040201 1.138807 1.151524 -0.344318 2.863502 2.315677 -0.198760 0.700468 1.621514 0.217616 0.486041 -0.262401 3.188859 1.235023 -0.488071 0.047177 1.509806 3.203354 -0.010535 0.825974 1.403281 1.008637 2.242229 0.649781 1.812343 0.118526 1.442191 0.669491 0.470167 0.016412 0.834467 2.630629 1.119724 1.133617 -0.430587 0.198898 -0.787920 0.775384 1.607086 1.096860 0.061619 0.883855 0.877488 -0.514531 1.796002 0.808979 1.054636 -0.379260 -0.826441 
13 2.594405 1.897654 1.751808 1.944176 2.594190 0.459869 -0.289082 1.205732 2.145243 1.707460 1.016394 1.942123 1.217649 1.229807 -0.459867 2.832681 2.335977 -0.329042 0.620068 1.508033 0.410691 0.716841 -0.243438 3.061477 1.155955 -0.627805 0.167016 1.534925 3.048200 0.109545 0.769052 1.451495 1.040984 2.152146 0.614341 1.871155 0.110305 1.423985 0.671569 0.446511 0.022446 1.011682 2.607545 1.061991 1.199292 -0.358916 0.130475 -0.675347 0.878579 1.633391 1.025603 0.193133 0.874273 0.904107 -0.402074 1.767318 0.761503 0.904057 -0.333096 -0.766757 
14 2.457250 1.876270 1.750404 1.825597 2.510080 0.426853 -0.106297 1.191817 2.150890 1.691498 1.070864 1.895052 1.210582 1.309419 -0.525946 2.800149 2.289198 -0.391945 0.532909 1.427571 0.549776 0.832124 -0.190267 2.922333 1.081009 -0.759556 0.276214 1.667957 2.884579 0.298956 0.736852 1.479476 1.094590 2.093676 0.614391 1.839862 0.086119 1.392877 0.676669 0.399045 0.019669 1.115302 2.556997 1.076864 1.162102 -0.318561 0.158539 -0.532126 0.823871 1.759624 0.974213 0.348860 0.845002 0.895222 -0.323401 1.726348 0.799152 0.711536 -0.325188 -0.623424 
15 2.355802 1.856635 1.777719 1.734405 2.378263 0.465751 0.048958 1.126153 2.214208 1.698036 1.078210 1.791938 1.202964 1.409604 -0.478050 2.724521 2.194209 -0.510971 0.509797 1.384544 0.711763 0.945617 -0.045574 2.802562 1.075370 -0.749140 0.399326 1.806758 2.708587 0.461518 0.664980 1.526067 1.107357 1.956743 0.645261 1.732843 0.056138 1.401088 0.560232 0.419785 -0.086933 1.148628 2.536410 1.059299 1.077199 -0.286820 0.194554 -0.469096 0.728341 1.828246 0.984488 0.567312 0.881883 0.880655 -0.192993 1.638883 0.766295 0.587761 -0.345052 -0.479683 
16 2.271738 1.806670 1.746167 1.690105 2.321938 0.496741 0.176696 1.047504 2.272132 1.652614 1.085923 1.717888 1.159949 1.480618 -0.436310 2.641307 2.132293 -0.575571 0.495315 1.327034 0.921819 1.007330 0.092142 2.727218 1.075391 -0.711117 0.575735 1.935287 2.526938 0.571474 0.533532 1.527183 1.028562 1.896449 0.664078 1.619603 0.158661 1.387766 0.456087 0.392390 -0.159125 1.161358 2.512842 1.018157 0.984468 -0.313936 0.249795 -0.354180 0.661635 1.872734 0.927264 0.639034 0.909301 0.884879 -0.019516 1.645620 0.711331 0.538894 -0.273278 -0.374531 
17 2.241826 1.784811 1.724597 1.704332 2.298354 0.481415 0.188527 1.008079 2.300269 1.664313 1.081578 1.707328 1.138864 1.470899 -0.408293 2.609193 2.132029 -0.596248 0.479125 1.305723 0.971202 1.038941 0.124563 2.685977 1.072875 -0.675250 0.616696 1.962834 2.471576 0.622522 0.517468 1.492122 0.994347 1.846582 0.667720 1.609608 0.150525 1.359954 0.422837 0.373280 -0.161559 1.159769 2.472895 1.025512 0.973297 -0.319961 0.292376 -0.303922 0.640638 1.870426 0.918970 0.664643 0.909997 0.887639 0.043145 1.660608 0.704955 0.545932 -0.246852 -0.341431 
18 2.225205 1.773374 1.713269 1.714857 2.285349 0.474081 0.197488 0.985751 2.319443 1.673206 1.080694 1.702392 1.127814 1.466665 -0.389155 2.591295 2.133368 -0.607080 0.471341 1.294716 1.003017 1.059971 0.146039 2.662763 1.073492 -0.651480 0.643104 1.981283 2.439546 0.655338 0.509829 1.472864 0.975282 1.817705 0.671560 1.605723 0.147310 1.344453 0.404570 0.363302 -0.160879 1.160798 2.449999 1.031818 0.968645 -0.321394 0.320500 -0.271317 0.629835 1.871048 0.915983 0.681804 0.912339 0.891323 0.083356 1.672003 0.703276 0.552320 -0.228975 -0.319581 
19 2.157149 1.732005 1.688214 1.729864 2.208011 0.468758 0.207866 0.939915 2.363248 1.694725 1.079615 1.646994 1.082798 1.483407 -0.338286 2.512187 2.078012 -0.631722 0.469724 1.276860 1.065065 1.060674 0.183877 2.619494 1.106577 -0.576816 0.673865 2.001592 2.339649 0.709251 0.489682 1.463555 0.944858 1.723450 0.673044 1.630711 0.156763 1.264958 0.391725 0.321854 -0.163383 1.159679 2.374505 1.039725 0.962996 -0.266739 0.391804 -0.186057 0.607856 1.911087 0.905472 0.698993 0.935369 0.912672 0.190385 1.741310 0.733759 0.556680 -0.189047 -0.303762 
20 2.106500 1.703636 1.625662 1.707754 2.091879 0.431429 0.256832 0.885232 2.371900 1.723867 1.080047 1.601640 1.016975 1.478955 -0.275156 2.427301 2.002056 -0.651311 0.500440 1.240465 1.111918 1.035535 0.235472 2.518625 1.187196 -0.529962 0.738124 1.996685 2.272049 0.721332 0.522753 1.468430 0.866153 1.631213 0.677359 1.679567 0.195036 1.236453 0.359235 0.298846 -0.168836 1.126906 2.309338 1.092842 0.981838 -0.184299 0.467124 -0.099098 0.605537 1.934535 0.885927 0.721004 0.919586 0.909266 0.319873 1.803896 0.766706 0.549069 -0.134596 -0.252866 
21 2.042152 1.662742 1.539411 1.678295 2.060157 0.427269 0.274009 0.817623 2.388562 1.716819 1.085352 1.557120 0.947991 1.479018 -0.233061 2.301689 1.925544 -0.612829 0.533770 1.201896 1.150813 1.029605 0.313751 2.417525 1.243706 -0.508572 0.758133 1.974943 2.240827 0.738832 0.549103 1.479723 0.833259 1.472510 0.688584 1.692771 0.269661 1.206552 0.316805 0.307182 -0.177936 1.141553 2.228714 1.124160 1.010609 -0.089640 0.525563 -0.054059 0.640645 1.920020 0.906099 0.729262 0.875179 0.899215 0.420033 1.849206 0.828352 0.538813 -0.039825 -0.157619 
22 1.955891 1.657547 1.492380 1.635001 2.011257 0.405882 0.272647 0.773782 2.402848 1.675920 1.072307 1.510667 0.870060 1.447449 -0.177978 2.135630 1.846810 -0.552073 0.622917 1.200922 1.180132 1.043382 0.376370 2.323381 1.310323 -0.478291 0.735854 1.957604 2.205555 0.750839 0.548783 1.503586 0.832102 1.361561 0.711262 1.716770 0.338625 1.202897 0.283330 0.295933 -0.131663 1.158953 2.122376 1.140549 1.023689 -0.010148 0.608223 0.035223 0.698593 1.901025 0.857003 0.756318 0.837805 0.917091 0.476778 1.803345 0.826120 0.565903 0.050438 -0.040220 
23 1.865213 1.673810 1.415979 1.558539 1.929880 0.377416 0.317650 0.755690 2.401800 1.586314 1.051042 1.488075 0.845046 1.363094 -0.093060 2.026980 1.760300 -0.436008 0.697313 1.178874 1.183447 1.013708 0.472943 2.211314 1.323033 -0.403008 0.706477 1.956646 2.097534 0.789776 0.542007 1.538616 0.844451 1.184632 0.760054 1.742081 0.469148 1.197080 0.241172 0.287305 -0.073990 1.161955 1.986995 1.195264 1.064517 0.093421 0.648338 0.149883 0.772345 1.852212 0.825092 0.785004 0.826326 0.967117 0.516825 1.734786 0.806908 0.620720 0.131548 0.036551 
24 1.781783 1.684903 1.356961 1.492500 1.819776 0.384354 0.400208 0.710850 2.367315 1.474652 1.028542 1.487017 0.825116 1.306465 -0.002306 1.892401 1.705784 -0.322503 0.772136 1.150319 1.194385 1.012053 0.590711 2.114454 1.360509 -0.331679 0.696412 1.895345 2.004833 0.828456 0.543885 1.516314 0.858634 1.021489 0.793753 1.694127 0.611064 1.193731 0.259375 0.259815 -0.004864 1.151914 1.820033 1.278690 1.098538 0.180355 0.689662 0.243597 0.845907 1.818555 0.788597 0.836341 0.842007 0.991534 0.506026 1.687175 0.819938 0.691722 0.170635 0.097387 
25 1.761100 1.683537 1.344193 1.472444 1.800630 0.392885 0.416264 0.703107 2.357060 1.457763 1.011586 1.487281 0.818411 1.294033 0.010607 1.871421 1.692595 -0.292178 0.791998 1.145436 1.196701 1.010410 0.607986 2.096866 1.365118 -0.315613 0.700176 1.879997 1.980002 0.836084 0.545128 1.516023 0.860689 0.996796 0.797320 1.680733 0.631927 1.201076 0.268991 0.257458 0.011203 1.156774 1.788850 1.296986 1.103454 0.195878 0.703805 0.258852 0.853629 1.809620 0.790508 0.849072 0.841842 1.008159 0.509863 1.682939 0.825374 0.713174 0.176209 0.114547 
26 1.647124 1.670439 1.271989 1.361400 1.695843 0.433362 0.494969 0.658162 2.297199 1.365604 0.916078 1.483906 0.777385 1.224189 0.072532 1.756905 1.618066 -0.136483 0.891704 1.115141 1.203676 0.995967 0.692483 1.999621 1.383668 -0.235367 0.716031 1.793826 1.843813 0.871322 0.546622 1.509766 0.867017 0.863673 0.810951 1.605200 0.735301 1.235527 0.315826 0.240649 0.090474 1.177935 1.620960 1.388472 1.123712 0.272539 0.773483 0.333478 0.887921 1.757410 0.796801 0.911930 0.835599 1.092114 0.525813 1.656830 0.849272 0.821585 0.200542 0.199888 
27 1.585467 1.660978 1.205800 1.282550 1.616678 0.466694 0.533579 0.629679 2.221821 1.284056 0.883867 1.460163 0.726601 1.177995 0.133947 1.671325 1.566464 -0.036497 0.960341 1.139063 1.215935 0.988160 0.735600 1.906673 1.374689 -0.186472 0.740593 1.744815 1.757174 0.909099 0.566358 1.494446 0.895374 0.814900 0.805855 1.552566 0.800626 1.224196 0.346261 0.233735 0.154320 1.199047 1.542207 1.428387 1.139292 0.335412 0.796577 0.389376 0.913178 1.696106 0.831427 1.002016 0.827976 1.126716 0.534475 1.669172 0.836611 0.912203 0.243949 0.227202 
28 1.544610 1.645376 1.181035 1.223220 1.574725 0.505974 0.564851 0.620967 2.173736 1.254879 0.880787 1.430217 0.702993 1.151107 0.190961 1.605786 1.513768 0.038832 0.997563 1.143132 1.211006 0.995216 0.774086 1.848673 1.364865 -0.177136 0.741606 1.715903 1.685541 0.927121 0.593117 1.457178 0.899350 0.791533 0.817538 1.541386 0.843829 1.231823 0.383790 0.254879 0.194020 1.220714 1.500368 1.432216 1.153524 0.351576 0.818755 0.449251 0.907430 1.634437 0.857601 1.036283 0.837941 1.121827 0.545931 1.665651 0.837246 0.970791 0.262570 0.230695 
29 1.476567 1.618580 1.152886 1.133366 1.475517 0.542138 0.615302 0.597235 2.081617 1.251904 0.875884 1.311734 0.707917 1.092544 0.268040 1.496114 1.418570 0.206541 1.030910 1.151068 1.161926 1.039718 0.848596 1.770009 1.293577 -0.078030 0.748973 1.628806 1.559642 0.969778 0.647279 1.405267 0.896730 0.804128 0.859195 1.464383 0.928513 1.232873 0.466307 0.352674 0.256849 1.239614 1.425293 1.451385 1.144237 0.444887 0.872628 0.572341 0.897131 1.535453 0.882833 1.061887 0.827831 1.069158 0.534549 1.684267 0.801807 1.032419 0.333819 0.289618 
30 1.356210 1.575327 1.105007 1.016873 1.371471 0.605440 0.674477 0.617578 1.880281 1.204446 0.916411 1.181615 0.787545 0.997393 0.385396 1.312052 1.265774 0.424488 1.089862 1.165946 1.099262 1.138593 0.982854 1.629345 1.196134 0.061347 0.755164 1.467863 1.362365 1.007279 0.733843 1.358951 0.881580 0.825819 0.897292 1.339426 0.980209 1.203934 0.561817 0.537798 0.336809 1.260700 1.313179 1.513390 1.097188 0.564264 0.960667 0.745564 0.908486 1.436071 0.913572 1.062796 0.818195 1.018321 0.572628 1.707975 0.740149 1.124416 0.436342 0.352793 
31 1.216811 1.530828 1.022772 0.938643 1.276178 0.688504 0.745097 0.609094 1.614694 1.202133 0.956465 1.072181 0.887959 0.882093 0.490749 1.121908 1.084061 0.650390 1.151914 1.195734 1.025357 1.225531 1.137207 1.508009 1.060867 0.223361 0.781574 1.353819 1.206255 1.024290 0.800541 1.283155 0.898548 0.878875 0.895198 1.279741 1.055951 1.183215 0.664335 0.736547 0.387899 1.217031 1.130544 1.518266 1.035275 0.660866 1.025345 0.912374 0.934846 1.353300 0.945388 1.108769 0.820760 0.994802 0.624474 1.718195 0.715977 1.194613 0.527048 0.449521 
32 1.156485 1.517080 0.992944 0.927216 1.230660 0.747860 0.791153 0.637071 1.498529 1.213498 0.970516 1.007421 0.940006 0.837948 0.545432 1.045486 1.001784 0.765562 1.172864 1.184612 1.000675 1.257214 1.184787 1.461593 1.022388 0.277231 0.792422 1.281473 1.159084 1.048969 0.821426 1.246626 0.895544 0.911393 0.910790 1.254361 1.082689 1.156796 0.679592 0.774281 0.407121 1.180377 1.053793 1.519241 0.984932 0.696426 1.050067 0.996021 0.955408 1.303133 0.994650 1.129480 0.803453 1.002139 0.638273 1.705114 0.707694 1.207824 0.577180 0.489616 
33 1.141915 1.514382 0.986073 0.925186 1.219836 0.763783 0.803563 0.644705 1.470098 1.216897 0.974797 0.991790 0.953833 0.827244 0.559903 1.026974 0.981691 0.795282 1.178889 1.182582 0.995048 1.265957 1.197477 1.450419 1.013540 0.291440 0.796071 1.263812 1.147847 1.055846 0.827256 1.238183 0.895254 0.920348 0.915354 1.248642 1.089988 1.150764 0.684017 0.784419 0.412775 1.172034 1.035073 1.520000 0.972992 0.706158 1.056818 1.017859 0.961145 1.291182 1.007891 1.135251 0.799743 1.004667 0.642309 1.702333 0.706335 1.211810 0.590452 0.500495 
34 1.081229 1.506080 0.953506 0.941690 1.179972 0.847620 0.853263 0.659158 1.381357 1.218391 1.002613 0.943343 0.999601 0.758259 0.606934 0.959496 0.902024 0.908375 1.202873 1.190326 0.952412 1.295981 1.246400 1.381746 0.997985 0.351660 0.844177 1.181688 1.097314 1.074178 0.825524 1.210972 0.873202 0.960495 0.929283 1.232101 1.099639 1.119315 0.698806 0.823371 0.441202 1.164760 0.959254 1.502973 0.936335 0.762504 1.049728 1.106113 0.956134 1.253761 1.060409 1.142231 0.786880 1.007451 0.636338 1.671794 0.707935 1.215622 0.633433 0.545823 
35 1.050673 1.509625 0.927986 0.936327 1.151291 0.901474 0.878529 0.656741 1.335783 1.214777 1.017407 0.912459 1.019608 0.746364 0.644093 0.931647 0.872163 0.979343 1.210645 1.202388 0.931420 1.326885 1.240406 1.340813 0.992063 0.391187 0.859183 1.167483 1.081381 1.064982 0.810850 1.189284 0.840894 0.976606 0.926934 1.218111 1.097420 1.093677 0.711675 0.858621 0.456879 1.159752 0.919139 1.514162 0.916446 0.789374 1.038144 1.157979 0.961173 1.231394 1.088351 1.139215 0.785883 1.018370 0.634031 1.643391 0.719943 1.206796 0.660962 0.567620 
36 1.041816 1.509280 0.916326 0.924194 1.130980 0.944763 0.886237 0.650897 1.308972 1.215529 1.022633 0.899542 1.037645 0.733776 0.667235 0.909247 0.865919 1.020102 1.218136 1.193998 0.922649 1.333262 1.243713 1.320676 0.987791 0.425142 0.865204 1.164115 1.075242 1.066014 0.806172 1.187839 0.816619 0.980190 0.923920 1.221450 1.091430 1.072456 0.732739 0.872904 0.473185 1.163243 0.909049 1.519354 0.892439 0.793176 1.022706 1.179668 0.964968 1.224004 1.093963 1.145309 0.773857 1.013406 0.634989 1.624102 0.729280 1.201250 0.683274 0.579969 
37 1.040357 1.503962 0.881651 0.907477 1.113670 0.997787 0.909488 0.657212 1.290022 1.206168 1.016795 0.887303 1.079451 0.716436 0.702721 0.880650 0.850775 1.048142 1.224539 1.184504 0.917813 1.357165 1.242502 1.295965 0.980612 0.469543 0.861780 1.166147 1.059374 1.058814 0.792080 1.180652 0.789388 0.992555 0.910753 1.232067 1.085276 1.053197 0.760436 0.878272 0.501721 1.158541 0.905166 1.516590 0.861936 0.821174 1.020661 1.191281 0.963018 1.205703 1.097634 1.153565 0.748154 0.997630 0.628732 1.600459 0.756540 1.200836 0.712528 0.595496 
38 1.030003 1.504093 0.858012 0.894620 1.102479 1.033726 0.907888 0.655431 1.284871 1.197392 1.015627 0.875904 1.118348 0.691640 0.732369 0.861369 0.835087 1.075404 1.219787 1.183519 0.926764 1.367403 1.228876 1.273843 0.968271 0.501101 0.863417 1.154726 1.050870 1.059725 0.784839 1.170778 0.763438 1.006711 0.908642 1.229110 1.085727 1.051613 0.781742 0.880643 0.515257 1.153534 0.912076 1.509045 0.844585 0.845807 1.023825 1.197674 0.974189 1.199401 1.090581 1.172265 0.733994 0.985385 0.637176 1.570733 0.796316 1.196472 0.730517 0.593583 
39 1.019893 1.501113 0.848943 0.889261 1.099689 1.052792 0.905519 0.656439 1.274686 1.187055 1.022044 0.869218 1.134569 0.682736 0.743390 0.853487 0.816813 1.083015 1.220676 1.176532 0.927596 1.370743 1.222052 1.262919 0.953555 0.528325 0.866273 1.152852 1.051849 1.065488 0.775978 1.165738 0.738012 1.019358 0.909899 1.231149 1.084864 1.051112 0.797232 0.871660 0.521672 1.159632 0.915329 1.512523 0.840533 0.862665 1.032105 1.194262 0.989087 1.188056 1.091690 1.182106 0.736561 0.971019 0.643033 1.549267 0.816723 1.195262 0.735908 0.598009 
40 1.019627 1.500977 0.848678 0.889087 1.099532 1.053182 0.905433 0.656417 1.274367 1.186825 1.022173 0.869050 1.134800 0.682441 0.743561 0.853239 0.816367 1.083089 1.220618 1.176341 0.927546 1.370741 1.221825 1.262692 0.953182 0.528864 0.866263 1.152760 1.051761 1.065552 0.775714 1.165538 0.737448 1.019568 0.909904 1.231107 1.084754 1.051088 0.797496 0.871394 0.521732 1.159715 0.915331 1.512568 0.840410 0.862976 1.032220 1.194083 0.989354 1.187758 1.091634 1.182238 0.736562 0.970654 0.643107 1.548718 0.817113 1.195145 0.736075 0.598022 
41 1.013331 1.497276 0.839222 0.883988 1.089510 1.077338 0.909103 0.659342 1.259223 1.186676 1.036429 0.869723 1.137788 0.665473 0.752063 0.843794 0.802604 1.082966 1.218813 1.174554 0.927323 1.372278 1.212883 1.266707 0.941966 0.552140 0.866091 1.153248 1.042988 1.069801 0.766728 1.156141 0.723525 1.029568 0.916939 1.227107 1.078111 1.059760 0.807411 0.861722 0.524877 1.167905 0.916064 1.520231 0.842277 0.877631 1.039015 1.182716 1.003010 1.179178 1.089580 1.185816 0.739272 0.959743 0.649608 1.525766 0.835812 1.189170 0.761075 0.598105 
42 1.008989 1.492491 0.835992 0.873449 1.074653 1.101529 0.907368 0.669393 1.235622 1.179972 1.043948 0.860166 1.142418 0.648390 0.753345 0.836138 0.799918 1.080853 1.216514 1.183335 0.922964 1.371110 1.218993 1.280447 0.928481 0.569245 0.872826 1.156442 1.037806 1.074422 0.756329 1.142041 0.698913 1.036291 0.923488 1.223585 1.070887 1.062809 0.814085 0.853343 0.536823 1.173972 0.914286 1.524716 0.848676 0.899347 1.052787 1.170143 1.011388 1.169362 1.089100 1.190370 0.740293 0.950481 0.661776 1.493106 0.863903 1.181409 0.791568 0.594610 
43 1.005894 1.488650 0.833396 0.873824 1.065380 1.107150 0.911480 0.670111 1.225289 1.178531 1.050675 0.852850 1.145152 0.637414 0.753537 0.838860 0.798158 1.076663 1.221323 1.189652 0.926288 1.365833 1.225038 1.282331 0.922476 0.574887 0.867379 1.158767 1.035955 1.073804 0.752720 1.132321 0.686131 1.038728 0.930999 1.218763 1.067810 1.060613 0.820018 0.852283 0.545958 1.180078 0.917667 1.523656 0.846841 0.905714 1.059355 1.161730 1.016499 1.165067 1.089970 1.191026 0.740693 0.953311 0.664615 1.480390 0.877983 1.176900 0.803046 0.596769 
44 1.005187 1.483753 0.834493 0.874211 1.060054 1.109916 0.911181 0.669933 1.221195 1.175733 1.055250 0.850702 1.144974 0.631078 0.756281 0.841785 0.796836 1.072038 1.221640 1.190091 0.926025 1.366735 1.227593 1.284742 0.920855 0.577354 0.863471 1.160163 1.034999 1.073459 0.753799 1.131834 0.679065 1.041562 0.932749 1.214600 1.069092 1.059441 0.823488 0.852013 0.549600 1.182335 0.917084 1.521280 0.847550 0.907950 1.060880 1.159266 1.018472 1.161661 1.090860 1.192419 0.738511 0.957873 0.666442 1.474835 0.884876 1.174151 0.807626 0.598548 
45 1.003992 1.478197 0.834390 0.871561 1.052928 1.112753 0.910426 0.673245 1.214762 1.168810 1.058481 0.845449 1.141498 0.619272 0.761019 0.845907 0.795620 1.060927 1.220482 1.189833 0.930084 1.367158 1.234632 1.288748 0.920497 0.584015 0.854346 1.161529 1.033985 1.074795 0.753797 1.129492 0.668020 1.050376 0.939926 1.207673 1.067382 1.057110 0.833327 0.853758 0.552391 1.183766 0.914308 1.516873 0.852494 0.911052 1.056937 1.158048 1.023447 1.157156 1.095240 1.192655 0.734351 0.964196 0.670513 1.465699 0.898354 1.170643 0.815025 0.604240 
46 0.995922 1.482350 0.836916 0.869467 1.047545 1.113037 0.910737 0.675995 1.206280 1.160934 1.066799 0.840984 1.138659 0.614367 0.766907 0.854719 0.793537 1.050472 1.219637 1.188412 0.933769 1.367953 1.242760 1.292831 0.920035 0.592793 0.845798 1.161836 1.032563 1.074170 0.757825 1.125785 0.655277 1.056325 0.947877 1.199332 1.062769 1.053995 0.849044 0.851025 0.550525 1.182902 0.911591 1.507016 0.858842 0.916466 1.050636 1.153765 1.022022 1.149867 1.095431 1.193130 0.725269 0.973026 0.675846 1.454465 0.912367 1.173227 0.828866 0.611518 
47 0.995755 1.482373 0.837142 0.869463 1.047441 1.113005 0.910790 0.676204 1.206056 1.160828 1.067080 0.840907 1.138626 0.614284 0.767123 0.855083 0.793435 1.050305 1.219642 1.188471 0.933981 1.368021 1.242888 1.292895 0.920102 0.593007 0.845601 1.161865 1.032533 1.074234 0.757786 1.125798 0.654881 1.056411 0.948102 1.199139 1.062710 1.053984 0.849509 0.851066 0.550644 1.182809 0.911425 1.506737 0.859120 0.916543 1.050487 1.153559 1.022027 1.149855 1.095531 1.193236 0.725002 0.973110 0.675982 1.454234 0.912724 1.173429 0.829332 0.611755 
48 0.984592 1.480498 0.849451 0.867696 1.039822 1.108417 0.911927 0.687443 1.191004 1.153947 1.081617 0.834875 1.134904 0.608042 0.777758 0.874785 0.785024 1.039809 1.217889 1.190549 0.944882 1.369899 1.247043 1.293930 0.922497 0.603125 0.832554 1.161463 1.028750 1.076567 0.751794 1.125292 0.629855 1.058411 0.959123 1.186451 1.057805 1.051844 0.874454 0.852353 0.556723 1.174387 0.898977 1.488649 0.873793 0.918234 1.039868 1.138794 1.020442 1.148809 1.099874 1.198097 0.707490 0.974194 0.681456 1.439641 0.930798 1.183888 0.854770 0.623363 
49 0.974341 1.482343 0.864397 0.864108 1.029609 1.101734 0.911179 0.691907 1.181407 1.147540 1.091855 0.834963 1.139899 0.601845 0.785757 0.881399 0.779181 1.032828 1.217062 1.195655 0.953152 1.369342 1.249159 1.291971 0.924305 0.611422 0.826682 1.163703 1.027875 1.078133 0.744302 1.127973 0.618025 1.060050 0.965348 1.176146 1.053521 1.051599 0.892561 0.849353 0.563616 1.164752 0.893978 1.476536 0.888410 0.913566 1.034103 1.128114 1.016762 1.140719 1.108739 1.194814 0.696470 0.974919 0.686091 1.434408 0.945449 1.184265 0.872910 0.634153 
50 0.972879 1.482023 0.868143 0.865083 1.025874 1.098342 0.909371 0.695701 1.176282 1.144680 1.094394 0.835126 1.141442 0.601005 0.786940 0.884677 0.777644 1.032717 1.219448 1.198458 0.958382 1.370906 1.250573 1.290099 0.925051 0.616191 0.822044 1.162771 1.025544 1.078979 0.742844 1.130762 0.612373 1.060169 0.966515 1.172699 1.052003 1.052583 0.899640 0.846494 0.564566 1.161101 0.892417 1.471412 0.895617 0.910357 1.031359 1.124894 1.012844 1.136530 1.110597 1.194985 0.696051 0.974854 0.686888 1.432614 0.951974 1.180297 0.881519 0.638314 
51 0.971427 1.481574 0.871465 0.865602 1.025208 1.094621 0.911299 0.698520 1.172329 1.142584 1.094496 0.833655 1.142436 0.598049 0.787203 0.885475 0.777077 1.032032 1.218997 1.200222 0.961414 1.371527 1.249278 1.289189 0.927021 0.620963 0.820971 1.163385 1.024771 1.078349 0.745718 1.132819 0.608749 1.059024 0.965776 1.170373 1.050974 1.052685 0.902024 0.845220 0.564212 1.160072 0.892365 1.467955 0.899452 0.906647 1.030279 1.123628 1.010891 1.134473 1.112010 1.195587 0.697561 0.974122 0.685330 1.430554 0.957035 1.179724 0.887283 0.641454 
52 0.969440 1.480772 0.873680 0.866910 1.025402 1.091347 0.914681 0.700621 1.170008 1.139066 1.095466 0.831393 1.142195 0.596666 0.786240 0.884396 0.776295 1.032374 1.218877 1.201747 0.963948 1.371602 1.247662 1.289591 0.927715 0.626027 0.819516 1.164320 1.023664 1.078627 0.749194 1.135780 0.605699 1.058377 0.965147 1.168163 1.050296 1.052885 0.904826 0.844180 0.565489 1.157926 0.892403 1.464191 0.902908 0.903143 1.029045 1.121971 1.008791 1.134238 1.114255 1.195050 0.698528 0.973915 0.684682 1.428239 0.961724 1.178588 0.892002 0.642497 
53 0.966585 1.481155 0.874731 0.869946 1.022770 1.086479 0.919594 0.701502 1.166672 1.134962 1.095781 0.831902 1.142202 0.597512 0.783207 0.884269 0.774726 1.031476 1.216773 1.205946 0.967245 1.370947 1.245336 1.291487 0.929109 0.633085 0.815391 1.163016 1.021067 1.080245 0.755312 1.140488 0.601102 1.058112 0.962465 1.165021 1.050001 1.053089 0.906539 0.843774 0.569247 1.155464 0.893225 1.458795 0.906651 0.897020 1.026831 1.121734 1.006711 1.132705 1.119017 1.193890 0.699544 0.970517 0.686171 1.421910 0.968544 1.179103 0.898205 0.646023 
54 0.966543 1.481132 0.874631 0.870124 1.022584 1.086121 0.919762 0.701520 1.166270 1.134863 1.095926 0.831830 1.142161 0.597513 0.783083 0.884153 0.774718 1.031470 1.216612 1.206016 0.967552 1.370917 1.245120 1.291651 0.929164 0.633371 0.815244 1.162977 1.020945 1.080335 0.755536 1.140863 0.600911 1.057989 0.962359 1.164768 1.049894 1.053123 0.906588 0.843718 0.569521 1.155297 0.893283 1.458433 0.906825 0.896846 1.026627 1.121722 1.006503 1.132505 1.119168 1.193703 0.699646 0.970344 0.686244 1.421508 0.968939 1.179255 0.898276 0.646252 
55 0.966362 1.481131 0.873329 0.873207 1.020041 1.080947 0.922642 0.702118 1.160285 1.133779 1.098616 0.830991 1.141880 0.597822 0.781612 0.882648 0.775028 1.031749 1.214476 1.207333 0.972771 1.370869 1.242095 1.294592 0.930358 0.637990 0.813421 1.162794 1.019444 1.082075 0.759265 1.147109 0.598351 1.056375 0.961093 1.161147 1.048544 1.054028 0.907652 0.843198 0.574189 1.153110 0.894532 1.453154 0.909848 0.894673 1.023802 1.121902 1.003592 1.129685 1.121791 1.191060 0.701624 0.968063 0.687727 1.415655 0.975384 1.182086 0.899481 0.650205 
56 0.965275 1.481079 0.873454 0.875183 1.019384 1.078308 0.923217 0.703734 1.156743 1.133967 1.099489 0.832274 1.141003 0.598577 0.781322 0.880543 0.774635 1.031709 1.212268 1.208484 0.977306 1.369385 1.240135 1.297041 0.930731 0.639892 0.812605 1.162923 1.017221 1.082801 0.761669 1.150573 0.596320 1.055265 0.959596 1.159080 1.049370 1.052860 0.909588 0.843492 0.576790 1.151759 0.895953 1.450206 0.910801 0.895125 1.022036 1.121790 1.001919 1.128231 1.123757 1.189090 0.703605 0.967464 0.687145 1.411913 0.978572 1.182860 0.900264 0.653039 
57 0.964360 1.480741 0.873409 0.878427 1.018576 1.073322 0.924469 0.705294 1.152403 1.134708 1.100188 0.834723 1.139835 0.599057 0.782417 0.877267 0.775181 1.030922 1.210913 1.209502 0.983996 1.367898 1.237061 1.300100 0.930439 0.642266 0.812926 1.162427 1.014524 1.084876 0.766544 1.153915 0.592316 1.053481 0.957040 1.157015 1.049450 1.052442 0.912544 0.845082 0.580563 1.148603 0.897987 1.447066 0.912829 0.895965 1.019429 1.120814 0.999551 1.125563 1.127294 1.186711 0.705637 0.967095 0.686340 1.404842 0.980963 1.183054 0.901281 0.657120 
58 0.964516 1.479221 0.874336 0.879616 1.017846 1.067742 0.924724 0.705194 1.147849 1.133784 1.100009 0.837746 1.140193 0.600093 0.784208 0.875844 0.773630 1.030438 1.211989 1.208839 0.991053 1.366007 1.233097 1.304719 0.930840 0.644610 0.813322 1.162218 1.013038 1.087421 0.771828 1.155033 0.589880 1.051364 0.953791 1.154394 1.048753 1.052415 0.914665 0.846058 0.584809 1.147100 0.898799 1.441776 0.913320 0.898861 1.015796 1.121108 0.997001 1.124949 1.131745 1.182750 0.709394 0.966172 0.685977 1.398425 0.983007 1.182562 0.903974 0.660505 
59 0.964014 1.478245 0.875594 0.879632 1.016964 1.064677 0.925178 0.705910 1.146362 1.133289 1.100790 0.840712 1.139245 0.600308 0.784362 0.875075 0.774332 1.030735 1.212860 1.206686 0.994393 1.364567 1.231225 1.305733 0.930182 0.645563 0.812909 1.162279 1.012646 1.088484 0.774529 1.155345 0.588347 1.051423 0.951591 1.152738 1.047889 1.052628 0.914554 0.847132 0.587503 1.144956 0.899414 1.438697 0.912980 0.901125 1.014097 1.121539 0.995382 1.124547 1.133940 1.181116 0.712549 0.965466 0.685742 1.395492 0.985020 1.182928 0.906057 0.662712 
60 0.963259 1.476830 0.876950 0.879842 1.015925 1.062823 0.925725 0.706542 1.145664 1.132995 1.101507 0.841971 1.138920 0.600913 0.784641 0.874422 0.775684 1.030258 1.214227 1.204983 0.996783 1.363086 1.229435 1.306628 0.929483 0.646531 0.812458 1.161335 1.012219 1.089440 0.775720 1.155937 0.587949 1.051006 0.949028 1.151808 1.047519 1.052627 0.914710 0.848548 0.588544 1.143456 0.900091 1.436026 0.912919 0.902986 1.012652 1.121778 0.994516 1.123870 1.135771 1.179681 0.715419 0.965181 0.685728 1.392928 0.986689 1.183733 0.907896 0.664302 
61 0.962798 1.473120 0.879484 0.880868 1.016416 1.060841 0.926356 0.707151 1.142916 1.132714 1.102942 0.844026 1.138519 0.601598 0.783059 0.874388 0.779006 1.028974 1.214736 1.202450 0.999517 1.359692 1.226595 1.305138 0.931205 0.649336 0.810858 1.161070 1.012086 1.090718 0.777010 1.155556 0.589043 1.049629 0.945167 1.149457 1.048009 1.054287 0.917315 0.849948 0.590262 1.140121 0.902171 1.432646 0.912586 0.907016 1.012045 1.124317 0.992444 1.123041 1.139185 1.177899 0.718552 0.964791 0.687370 1.387548 0.987306 1.184209 0.910459 0.666093 
62 0.962388 1.470223 0.881349 0.881585 1.016733 1.059260 0.926771 0.707564 1.140758 1.132447 1.103979 0.845533 1.138146 0.602068 0.781791 0.874297 0.781478 1.027941 1.215048 1.200465 1.001529 1.357035 1.224372 1.303935 0.932460 0.651422 0.809582 1.160803 1.011923 1.091634 0.777927 1.155197 0.589820 1.048517 0.942167 1.147609 1.048319 1.055494 0.919246 0.850948 0.591501 1.137516 0.903693 1.430009 0.912259 0.910026 1.011520 1.126188 0.990808 1.122347 1.141714 1.176481 0.720874 0.964436 0.688559 1.383393 0.987711 1.184500 0.912349 0.667390 
63 0.962432 1.465397 0.883173 0.881122 1.016860 1.055846 0.927943 0.709823 1.138389 1.131983 1.106655 0.848014 1.137004 0.603827 0.781065 0.874402 0.785893 1.027480 1.213866 1.199470 1.003479 1.352853 1.222054 1.301747 0.934984 0.654982 0.808838 1.159997 1.011658 1.094266 0.779389 1.154303 0.590416 1.046930 0.936971 1.145643 1.048115 1.058882 0.922744 0.851652 0.593103 1.134777 0.905206 1.424565 0.909957 0.913906 1.011035 1.128223 0.990652 1.120867 1.144571 1.173448 0.724136 0.964926 0.690159 1.378340 0.988194 1.184134 0.914530 0.669696 
64 0.964854 1.450866 0.890395 0.878858 1.017706 1.044609 0.932093 0.715982 1.130934 1.133286 1.113986 0.856481 1.135827 0.611510 0.777594 0.871614 0.801003 1.025900 1.209125 1.195298 1.008710 1.339002 1.214413 1.292659 0.945478 0.668246 0.804520 1.157836 1.009284 1.102661 0.784678 1.151548 0.591237 1.043046 0.922164 1.138090 1.047226 1.068438 0.932434 0.854733 0.598616 1.127538 0.907602 1.403767 0.904151 0.928080 1.008776 1.130874 0.991184 1.114938 1.155044 1.165468 0.736602 0.968382 0.696764 1.361423 0.988322 1.183081 0.921116 0.675392 
65 0.967799 1.431307 0.900045 0.876823 1.016747 1.031216 0.937146 0.723565 1.120738 1.134975 1.120387 0.866024 1.134525 0.621756 0.776853 0.866526 0.817307 1.025565 1.201400 1.192020 1.014720 1.324480 1.206889 1.278903 0.954381 0.684163 0.797671 1.155003 1.009973 1.113899 0.790749 1.145937 0.593356 1.041946 0.905630 1.131656 1.049824 1.079342 0.939861 0.855973 0.603609 1.123037 0.912045 1.384076 0.899646 0.943482 1.003545 1.130943 0.986529 1.112975 1.164818 1.153156 0.748761 0.974821 0.705071 1.340938 0.989371 1.184482 0.928359 0.682943 
66 0.974504 1.392984 0.919827 0.868889 1.021751 1.000668 0.953911 0.736061 1.100705 1.141338 1.131510 0.888097 1.127587 0.641968 0.782284 0.857905 0.848927 1.022410 1.183784 1.187611 1.028024 1.294912 1.193854 1.253047 0.966326 0.717707 0.784167 1.141164 1.018371 1.129800 0.797479 1.141556 0.599436 1.039552 0.876768 1.119304 1.054330 1.097771 0.955236 0.858510 0.616502 1.117648 0.916696 1.347022 0.887486 0.973090 0.995624 1.134203 0.972154 1.105609 1.183487 1.133051 0.774083 0.986658 0.724164 1.299259 0.992373 1.182662 0.944296 0.691816 
67 0.979041 1.342942 0.948114 0.852485 1.030597 0.955211 0.973582 0.754108 1.071018 1.146981 1.152413 0.917147 1.115598 0.666858 0.790435 0.847739 0.899820 1.019762 1.162006 1.180664 1.044206 1.262728 1.171871 1.223857 0.985977 0.769790 0.766023 1.115758 1.020901 1.143127 0.804671 1.128404 0.610237 1.034722 0.842843 1.110356 1.067765 1.120618 0.971753 0.859528 0.636869 1.110753 0.927770 1.296026 0.867899 1.012545 0.982200 1.133442 0.951016 1.099669 1.215516 1.110231 0.807691 1.000296 0.755551 1.243992 0.996342 1.175025 0.959013 0.710565 
68 0.979786 1.337867 0.951001 0.850688 1.031729 0.950718 0.975578 0.756066 1.068142 1.147772 1.154643 0.919924 1.114540 0.669450 0.791175 0.846512 0.904920 1.019260 1.160229 1.180140 1.045720 1.259095 1.169483 1.220869 0.987416 0.774887 0.764296 1.113221 1.020818 1.143989 0.805499 1.126893 0.611113 1.034276 0.839310 1.109024 1.069122 1.122816 0.973214 0.859132 0.638915 1.110086 0.928584 1.290995 0.866185 1.016321 0.980519 1.133785 0.949094 1.099154 1.218465 1.107929 0.810588 1.001483 0.758726 1.238519 0.996794 1.174213 0.960252 0.712628 
69 0.989186 1.280188 0.984914 0.830546 1.045549 0.899893 0.999263 0.779270 1.035856 1.157603 1.180998 0.952382 1.103179 0.699917 0.800314 0.832980 0.964182 1.013946 1.140788 1.174938 1.063761 1.217813 1.142616 1.187172 1.004254 0.834003 0.745131 1.084762 1.020302 1.154240 0.815811 1.110090 0.621633 1.029816 0.799217 1.094039 1.085356 1.148722 0.990444 0.854915 0.663169 1.103139 0.938400 1.233846 0.847389 1.060228 0.961670 1.138698 0.927837 1.093915 1.252883 1.082092 0.844191 1.015678 0.795905 1.176344 1.002682 1.165570 0.974945 0.737169 
70 0.994897 1.226675 1.017446 0.811220 1.059044 0.858597 1.020556 0.799321 1.006731 1.167642 1.203785 0.982276 1.092288 0.727758 0.808267 0.821444 1.014793 1.008761 1.123472 1.172880 1.080694 1.182145 1.120078 1.158522 1.018661 0.890466 0.725664 1.058858 1.021295 1.164954 0.825626 1.094188 0.630307 1.021738 0.764271 1.080893 1.096430 1.172882 1.001675 0.852079 0.685759 1.094690 0.949879 1.182046 0.832452 1.100990 0.943176 1.143955 0.909617 1.087600 1.282032 1.060080 0.872664 1.029369 0.826710 1.123336 1.007909 1.157280 0.984932 0.758339 
71 0.998182 1.209060 1.029010 0.808212 1.062174 0.845492 1.026651 0.801786 0.996971 1.166540 1.210336 0.992118 1.089693 0.738395 0.810530 0.817657 1.029826 1.009381 1.118030 1.171920 1.087423 1.169929 1.113636 1.151341 1.022674 0.906172 0.721232 1.052325 1.018189 1.166143 0.827457 1.090076 0.633152 1.021558 0.757961 1.080476 1.097123 1.180465 1.003336 0.853108 0.688971 1.093150 0.952259 1.168376 0.827961 1.112989 0.940011 1.146793 0.905722 1.084686 1.290284 1.055102 0.876486 1.032897 0.832164 1.108625 1.011542 1.155444 0.987818 0.763504 
72 0.998910 1.203684 1.034348 0.809432 1.063850 0.840286 1.029990 0.803210 0.993725 1.165792 1.211051 0.995555 1.088147 0.740811 0.812124 0.816452 1.034062 1.010983 1.117523 1.171914 1.087977 1.166154 1.111209 1.149998 1.025087 0.910330 0.719370 1.051511 1.016690 1.167836 0.827454 1.088346 0.634377 1.021732 0.754870 1.079368 1.097299 1.182028 1.003956 0.853985 0.689605 1.093191 0.953377 1.164971 0.825613 1.117665 0.937477 1.146887 0.904750 1.081855 1.291000 1.054106 0.876954 1.032814 0.836529 1.104688 1.013732 1.154130 0.987864 0.764836 
73 0.998958 1.203495 1.034494 0.809449 1.063970 0.839992 1.030227 0.803383 0.993574 1.165751 1.210922 0.995671 1.088028 0.740889 0.812163 0.816336 1.034307 1.011066 1.117513 1.171956 1.088142 1.165853 1.111134 1.149892 1.025220 0.910566 0.719220 1.051457 1.016646 1.167959 0.827332 1.088135 0.634492 1.021782 0.754866 1.079340 1.097162 1.182078 1.004045 0.854103 0.689588 1.093178 0.953458 1.164830 0.825550 1.117877 0.937273 1.146924 0.904782 1.081800 1.291104 1.053990 0.877040 1.032692 0.836766 1.104522 1.013848 1.154071 0.987827 0.764965 
74 0.998979 1.203312 1.034455 0.809590 1.063807 0.840054 1.030448 0.803546 0.993496 1.165547 1.210784 0.995914 1.087994 0.740911 0.812384 0.816320 1.034488 1.011269 1.117416 1.171924 1.088044 1.165691 1.110953 1.149949 1.025099 0.910575 0.719135 1.051459 1.016779 1.167846 0.827351 1.088085 0.634525 1.021657 0.754971 1.079200 1.097024 1.181918 1.004126 0.854126 0.689446 1.093231 0.953586 1.164441 0.825818 1.117968 0.937508 1.146936 0.904781 1.081902 1.291084 1.054008 0.877081 1.032591 0.837021 1.104499 1.013638 1.153968 0.987718 0.765231 
75 0.998980 1.203309 1.034455 0.809594 1.063805 0.840057 1.030453 0.803549 0.993495 1.165543 1.210782 0.995919 1.087994 0.740912 0.812390 0.816321 1.034492 1.011274 1.117415 1.171924 1.088044 1.165688 1.110950 1.149951 1.025098 0.910576 0.719135 1.051459 1.016782 1.167845 0.827352 1.088086 0.634526 1.021656 0.754974 1.079198 1.097022 1.181916 1.004129 0.854127 0.689445 1.093233 0.953590 1.164434 0.825825 1.117970 0.937513 1.146937 0.904782 1.081904 1.291084 1.054009 0.877083 1.032590 0.837027 1.104499 1.013635 1.153966 0.987717 0.765238 
76 0.998970 1.203234 1.034461 0.809608 1.063788 0.840105 1.030515 0.803530 0.993455 1.165487 1.210740 0.995943 1.087981 0.740938 0.812461 0.816341 1.034520 1.011314 1.117391 1.171893 1.088027 1.165604 1.110938 1.149958 1.025143 0.910560 0.719180 1.051408 1.016785 1.167804 0.827370 1.088088 0.634550 1.021708 0.755010 1.079192 1.096992 1.181856 1.004147 0.854127 0.689493 1.093190 0.953660 1.164345 0.825926 1.117950 0.937540 1.146922 0.904817 1.081934 1.290955 1.054001 0.877143 1.032565 0.837091 1.104479 1.013559 1.153928 0.987714 0.765324 
77 0.998980 1.202694 1.034385 0.809834 1.063914 0.840324 1.030644 0.803505 0.993484 1.165197 1.210408 0.995836 1.087909 0.741300 0.813053 0.816726 1.034521 1.011618 1.116958 1.171654 1.087785 1.165216 1.110959 1.149878 1.025156 0.910478 0.719396 1.051289 1.016581 1.167432 0.827573 1.088009 0.635093 1.021801 0.755155 1.079046 1.096534 1.181439 1.004154 0.854102 0.689945 1.092847 0.953942 1.164108 0.826501 1.117871 0.937704 1.146633 0.905065 1.081933 1.290543 1.053980 0.877583 1.032507 0.837442 1.104240 1.013363 1.153703 0.987783 0.766005 
78 0.999008 1.202484 1.034388 0.810074 1.063829 0.840486 1.030560 0.803620 0.993505 1.165036 1.210244 0.995833 1.087801 0.741514 0.813273 0.816868 1.034532 1.011647 1.116804 1.171499 1.087684 1.165009 1.110930 1.149735 1.025123 0.910584 0.719678 1.051198 1.016586 1.167291 0.827774 1.087935 0.635509 1.021760 0.755376 1.078928 1.096381 1.181211 1.004186 0.854199 0.690252 1.092761 0.954008 1.163938 0.826669 1.117756 0.937711 1.146463 0.905187 1.081927 1.290255 1.054013 0.877720 1.032414 0.837581 1.104128 1.013332 1.153541 0.987812 0.766267 
79 0.999600 1.076682 1.013986 0.928298 1.023222 0.940146 1.011373 0.926733 0.997526 1.062584 1.079603 0.998225 1.032988 0.903091 0.930609 0.930011 1.012521 1.004590 1.044263 1.064250 1.033557 1.062497 1.041809 1.056645 1.010338 0.965564 0.893265 1.018916 1.006147 1.062191 0.935499 1.032875 0.862554 1.007880 0.907935 1.029384 1.035404 1.069053 1.001812 0.944778 0.883055 1.034770 0.983094 1.062379 0.933894 1.043339 0.976974 1.055620 0.964618 1.031462 1.109450 1.020447 0.954216 1.012525 0.939308 1.038490 1.005143 1.057985 0.995070 0.910996 
80 1.000011 1.000275 1.000036 0.999773 0.999963 0.999772 1.000028 0.999796 0.999987 1.000234 1.000187 0.999954 1.000069 0.999695 0.999795 0.999839 0.999990 1.000026 1.000133 1.000227 1.000110 1.000137 1.000067 1.000180 1.000023 0.999965 0.999685 1.000077 1.000008 1.000125 0.999791 1.000161 0.999622 1.000070 0.999709 1.000060 1.000103 1.000244 0.999969 0.999829 0.999630 1.000074 1.000010 1.000202 0.999763 1.000185 0.999913 1.000166 0.999926 1.000119 1.000323 1.000112 0.999834 1.000095 0.999825 1.000126 0.999953 1.000165 1.000029 0.999743 
81 1.000011 1.000250 1.000034 0.999797 0.999966 0.999795 1.000027 0.999818 0.999990 1.000212 1.000169 0.999959 1.000063 0.999726 0.999817 0.999858 0.999992 1.000026 1.000121 1.000206 1.000101 1.000124 1.000061 1.000163 1.000022 0.999971 0.999718 1.000071 1.000008 1.000113 0.999814 1.000148 0.999662 1.000065 0.999740 1.000055 1.000094 1.000222 0.999973 0.999847 0.999669 1.000067 1.000011 1.000183 0.999788 1.000169 0.999923 1.000150 0.999935 1.000109 1.000292 1.000102 0.999852 1.000088 0.999845 1.000115 0.999958 1.000149 1.000028 0.999770 
82 1.000000 1.000001 0.999998 1.000001 1.000001 0.999998 1.000003 0.999999 1.000004 0.999999 1.000005 0.999997 0.999997 0.999995 0.999997 0.999996 0.999999 1.000003 1.000007 1.000000 1.000000 1.000000 1.000002 1.000000 0.999996 1.000002 0.999999 1.000002 0.999997 1.000002 0.999999 1.000007 0.999997 1.000002 1.000000 1.000003 0.999996 1.000007 1.000002 0.999999 1.000000 0.999997 1.000001 1.000001 1.000000 1.000004 0.999998 0.999997 0.999995 1.000005 1.000004 0.999999 0.999995 1.000005 1.000002 1.000000 0.999996 0.999998 0.999997 0.999993 
83 1.000000 1.000000 1.000000 1.000000 1.000000 1.000000 1.000000 1.000001 1.000000 1.000000 1.000000 1.000001 1.000000 0.999999 1.000000 1.000000 0.999999 0.999999 1.000000 1.000000 1.000000 1.000000 1.000001 0.999999 1.000000 1.000000 1.000000 1.000000 0.999999 0.999999 1.000000 1.000001 1.000000 1.000000 1.000000 1.000000 0.999999 1.000000 1.000000 1.000000 1.000000 1.000001 1.000000 1.000000 1.000000 1.000000 1.000000 1.000000 0.999999 1.000000 1.000000 1.000000 1.000000 1.000000 1.000000 1.000000 1.000000 1.000001 1.000000 1.000000 
84 1.000000 1.000000 1.000000 1.000000 1.000000 1.000000 1.000000 1.000000 1.000000 1.000000 1.000000 1.000000 1.000000 1.000000 1.000000 1.000000 1.000000 1.000000 1.000000 1.000000 1.000000 1.000000 1.000000 1.000000 1.000000 1.000000 1.000000 1.000000 1.000000 1.000000 1.000000 1.000000 1.000000 1.000000 1.000000 1.000000 1.000000 1.000000 1.000000 1.000000 1.000000 1.000000 1.000000 1.000000 1.000000 1.000000 1.000000 1.000000 1.000000 1.000000 1.000000 1.000000 1.000000 1.000000 1.000000 1.000000 1.000000 1.000000 1.000000 1.000000 
85 1.000000 1.000000 1.000000 1.000000 1.000000 1.000000 1.000000 1.000000 1.000000 1.000000 1.000000 1.000000 1.000000 1.000000 1.000000 1.000000 1.000000 1.000000 1.000000 1.000000 1.000000 1.000000 1.000000 1.000000 1.000000 1.000000 1.000000 1.000000 1.000000 1.000000 1.000000 1.000000 1.000000 1.000000 1.000000 1.000000 1.000000 1.000000 1.000000 1.000000 1.000000 1.000000 1.000000 1.000000 1.000000 1.000000 1.000000 1.000000 1.000000 1.000000 1.000000 1.000000 1.000000 1.000000 1.000000 1.000000 1.000000 1.000000 1.000000 1.000000 


0 13.437317 7.187328 4.505797 0.448274 4.240936 1.663148 -1.464717 0.337268 1.467946 0.674092 2.024600 2.806771 -2.638282 -1.093341 -0.908214 3.916436 -0.992602 1.060110 1.224700 1.645732 -0.548759 -0.319025 -1.356472 2.352965 0.364142 1.759065 -0.820611 -1.793990 2.918359 0.633346 0.103852 -0.307054 1.870026 2.062663 -1.952702 2.268434 0.906809 -2.376176 0.726048 2.037903 -1.160854 -1.788029 3.967250 -0.199121 1.836635 -1.873826 4.333233 -2.749453 1.455968 1.987956 1.130807 -3.265048 0.403586 2.908442 -1.001974 0.500400 2.455994 2.589924 -1.809134 -0.298421 
1 13.439150 7.204249 4.534817 0.486234 4.280429 1.711396 -1.413672 0.384396 1.526130 0.722292 2.075832 2.853468 -2.586319 -1.050107 -0.855424 3.974428 -0.934631 1.111691 1.287999 1.700464 -0.494507 -0.259689 -1.300899 2.409169 0.420108 1.803973 -0.769168 -1.737314 2.974371 0.683191 0.162130 -0.251042 1.916261 2.113763 -1.908648 2.309514 0.950751 -2.330289 0.766021 2.078764 -1.114759 -1.740833 4.011160 -0.151698 1.889207 -1.830996 4.379325 -2.707111 1.499600 2.024940 1.175600 -3.227814 0.438845 2.944436 -0.961386 0.538724 2.496231 2.636567 -1.772210 -0.264382 
2 9.863460 4.509475 3.174877 0.054998 3.964483 1.537404 -1.317966 0.845295 2.296310 1.479134 2.669142 3.138571 -2.293571 -0.841147 -0.434475 4.740752 0.095734 1.841662 2.457321 2.354173 -0.019869 0.352876 -0.600794 3.216350 1.202178 2.207581 -0.242251 -1.011150 3.859952 1.074422 0.946769 0.317622 2.316522 2.529373 -1.698029 2.162318 0.822103 -2.454604 0.600475 1.676215 -1.477580 -1.997085 3.995094 0.215370 2.218712 -1.799669 4.123060 -2.966364 1.171182 1.422849 0.792197 -3.678307 -0.324490 2.098012 -1.506651 -0.015287 2.097259 2.357657 -2.336278 -1.503720 
3 8.418341 3.454581 2.331971 0.009000 3.799549 0.638325 -1.635530 1.420243 2.616309 2.462395 2.202082 3.727453 -1.238679 -0.427776 -0.825919 4.377178 0.335739 1.830607 2.495682 2.298911 -0.292332 -0.001102 -0.270384 3.417877 2.128697 1.995668 -0.089243 -0.210487 3.917322 0.182850 0.823068 0.282382 2.325662 3.113403 -0.780909 1.376968 0.800423 -2.849076 0.636119 1.383987 -1.621644 -1.279754 3.848177 0.510020 2.305721 -1.750254 3.342685 -2.470181 1.231662 1.282624 1.127128 -2.809155 -0.010611 1.429173 -1.607016 -0.247931 2.082264 2.759365 -1.865952 -1.734118 
4 7.536702 2.287130 1.726424 0.612554 3.555720 -0.071463 -1.681391 1.689254 3.033033 2.353082 2.429001 3.671062 -0.477417 0.138486 -0.922301 3.634809 0.386138 1.709189 2.520886 2.102296 -1.170549 0.060835 -0.387805 3.991260 2.101581 1.586028 0.245024 0.025792 4.163351 -0.133713 0.616852 0.373527 1.958130 2.889018 -0.205980 1.205773 0.682219 -2.096670 1.009574 1.237693 -1.292727 -1.158542 4.072032 0.876121 2.221069 -1.744875 2.393226 -2.103900 0.872601 1.187558 1.146493 -1.752153 0.129722 1.852018 -1.405647 -0.092960 1.833639 2.815775 -1.325141 -1.834839 
5 6.628685 1.793916 1.454534 0.747908 3.431555 -0.040563 -1.608857 1.941627 3.078675 1.980671 2.305493 3.509290 0.038886 0.229961 -1.061439 3.425659 0.490279 1.413066 2.033911 2.387915 -1.001181 -0.235725 -0.531312 4.319493 2.305514 1.327063 0.096965 0.015318 4.512229 -0.084096 0.488560 0.173874 1.749544 2.662837 0.247001 1.543946 0.414635 -1.387328 1.027401 1.357686 -1.084464 -0.981138 4.017648 1.283597 1.877645 -1.623673 1.599816 -1.762326 0.583716 0.972520 0.959516 -1.253984 0.534570 1.759083 -1.307071 0.469944 1.592581 2.800251 -1.073848 -1.343613 
6 5.781488 1.599098 1.478660 1.153209 3.318588 0.250221 -1.552278 1.916487 3.175199 1.604621 2.457417 3.206179 0.763957 0.357780 -1.113825 3.215715 0.911495 1.198047 1.541265 2.307117 -0.682125 -0.606258 -0.806487 4.457567 2.390657 0.916936 -0.138476 0.317861 4.550302 -0.356587 0.848863 0.352818 1.471908 2.733268 0.367944 1.670638 0.414218 -0.672193 0.873793 1.310675 -0.697478 -0.529803 3.186271 1.546765 1.651001 -1.302627 1.161554 -1.788850 0.084219 0.631102 0.823587 -0.636675 0.738925 1.611682 -0.964922 0.947449 1.093351 2.494944 -0.896063 -1.089674 
7 5.323847 1.714000 1.345202 1.450168 3.245443 0.213817 -1.448710 2.026566 3.182775 1.496713 2.336729 2.807679 0.926070 0.482352 -0.925023 3.065340 1.249942 1.045152 1.439274 2.122977 -0.409631 -0.826931 -0.716920 4.404846 2.250629 0.794259 -0.181365 0.438033 4.457858 -0.442525 0.784428 0.373485 1.456025 2.788753 0.267024 1.720423 0.251882 -0.158535 0.871314 1.340053 -0.531178 -0.212388 2.924686 1.628137 1.688266 -1.240737 0.945882 -1.705326 0.098256 0.732972 0.944478 -0.492670 0.692654 1.443103 -0.888988 1.113480 0.944580 2.234880 -0.856597 -1.055074 
8 4.553504 1.851974 1.399433 1.730140 3.140438 0.267936 -1.412106 1.988261 2.847583 1.500570 2.078582 2.646745 1.027812 0.702910 -0.560284 3.084657 1.529774 0.746695 1.148842 1.875102 -0.381410 -0.779166 -0.580182 4.257889 2.136306 0.603497 -0.222634 0.661464 4.239703 -0.434760 0.752229 0.544638 1.322474 2.677122 0.076317 1.687710 0.244874 0.421307 0.642219 1.256923 -0.258419 0.209344 2.919801 1.481061 1.623677 -1.094624 0.853724 -1.430390 0.193255 0.895713 0.934908 -0.267449 0.640342 1.318715 -0.999050 1.414591 0.912207 1.881473 -0.746797 -1.014288 
9 4.530856 1.858437 1.403068 1.740205 3.140742 0.272613 -1.406335 1.986611 2.838327 1.502928 2.070461 2.643137 1.033430 0.712524 -0.547325 3.086176 1.542962 0.737815 1.143800 1.870115 -0.378201 -0.773073 -0.574680 4.252771 2.133647 0.597607 -0.221759 0.671939 4.233040 -0.429626 0.754061 0.553985 1.319677 2.676195 0.077354 1.689241 0.246334 0.441542 0.638017 1.255635 -0.247520 0.223114 2.920776 1.477600 1.623672 -1.086855 0.851874 -1.419929 0.199382 0.904377 0.937335 -0.259171 0.642341 1.316537 -0.998952 1.426170 0.913433 1.871866 -0.741158 -1.011017 
10 3.755296 1.957340 1.423333 1.910948 3.211903 0.383972 -1.122242 1.681985 2.415777 1.544378 1.597464 2.418827 1.139224 0.996193 -0.299771 2.943741 2.050009 0.290698 1.069983 1.704682 -0.346738 -0.497635 -0.566022 3.813934 1.880597 0.218547 -0.257190 1.005705 3.812047 -0.120990 0.780595 0.890477 1.134065 2.615728 0.461548 1.717508 0.181209 0.949547 0.540474 1.082239 -0.008650 0.401982 2.801257 1.245539 1.529780 -0.825757 0.617655 -1.208247 0.382579 1.212966 0.970656 -0.147341 0.761641 1.145564 -0.952295 1.697011 0.890376 1.446053 -0.630446 -1.012367 
11 3.282203 1.887877 1.563511 2.044675 3.014834 0.431466 -0.892722 1.493703 2.225744 1.561022 1.270384 2.214551 1.209762 1.152111 -0.138052 2.980954 2.360826 -0.034450 0.949217 1.730780 -0.229610 -0.117979 -0.544882 3.465920 1.524285 -0.194051 -0.082788 1.218942 3.473989 -0.075567 0.858604 1.196311 1.143467 2.450964 0.576060 1.789461 0.180153 1.259951 0.620991 0.770486 -0.062704 0.650964 2.679227 1.150127 1.254952 -0.653334 0.396634 -0.987660 0.629813 1.399390 1.027806 -0.136987 0.845829 0.943117 -0.782941 1.740524 0.893372 1.273901 -0.485946 -0.848560 
12 2.889086 1.843459 1.750843 2.081824 2.797327 0.469541 -0.584065 1.369868 2.150531 1.600790 1.031396 2.122658 1.134824 1.237670 -0.313126 2.937512 2.409356 -0.120928 0.693716 1.604383 0.099961 0.370415 -0.363618 3.159451 1.261006 -0.432239 0.043505 1.456140 3.257775 -0.111186 0.882368 1.344250 1.154465 2.304949 0.669232 1.839271 0.080703 1.454951 0.686525 0.538840 0.062825 0.795000 2.684591 1.047128 1.127043 -0.421058 0.171368 -0.836161 0.836135 1.552272 1.060284 -0.021036 0.882226 0.872308 -0.542024 1.775396 0.786132 1.040756 -0.435479 -0.835000 
13 2.669896 1.811548 1.823329 2.004214 2.660331 0.468799 -0.310746 1.273362 2.116749 1.674490 0.966297 2.018625 1.215927 1.320443 -0.440656 2.902932 2.426211 -0.271815 0.592354 1.478486 0.313432 0.629519 -0.340641 3.029573 1.173573 -0.594278 0.176522 1.475307 3.094318 0.029693 0.810912 1.398238 1.187126 2.211138 0.624301 1.890864 0.068021 1.420445 0.694591 0.517599 0.074341 0.979171 2.668593 0.987908 1.195792 -0.354896 0.099213 -0.727319 0.926051 1.581112 0.984011 0.127657 0.886761 0.896905 -0.405211 1.733575 0.734828 0.884778 -0.390042 -0.772157 
14 2.520406 1.792149 1.811101 1.877458 2.570711 0.437125 -0.108023 1.268882 2.130372 1.677291 1.032543 1.961401 1.205715 1.401078 -0.510672 2.874184 2.371785 -0.353446 0.485625 1.394843 0.470793 0.754480 -0.280470 2.887218 1.082352 -0.742949 0.300973 1.612082 2.928510 0.239667 0.768327 1.431217 1.241585 2.152154 0.614749 1.841067 0.045769 1.377836 0.701378 0.460023 0.079392 1.085321 2.619366 1.008158 1.157180 -0.317790 0.130434 -0.579840 0.846384 1.724231 0.925694 0.299173 0.873643 0.885168 -0.313086 1.685056 0.772843 0.680769 -0.381285 -0.618403 
15 2.416634 1.774844 1.822719 1.776843 2.427679 0.477779 0.048703 1.204511 2.198320 1.701836 1.044609 1.840175 1.201576 1.502192 -0.457189 2.804560 2.263665 -0.495065 0.454045 1.351015 0.649181 0.870116 -0.124291 2.769250 1.065989 -0.726302 0.438483 1.763390 2.756245 0.413647 0.693614 1.483833 1.247144 2.010735 0.645874 1.715358 0.018126 1.385878 0.570839 0.470373 -0.026964 1.119493 2.602133 0.990813 1.072397 -0.292125 0.170130 -0.520464 0.724271 1.809962 0.941461 0.528913 0.934444 0.874410 -0.168389 1.588548 0.726029 0.548459 -0.399976 -0.465446 
16 2.330110 1.723819 1.778055 1.727916 2.371860 0.513166 0.163448 1.123734 2.257726 1.658845 1.059033 1.762956 1.162182 1.574303 -0.413686 2.716506 2.198794 -0.577164 0.433684 1.292625 0.866849 0.934536 0.017312 2.704379 1.065079 -0.685776 0.617772 1.891687 2.581988 0.524445 0.566684 1.479133 1.157191 1.951517 0.667299 1.600574 0.125459 1.371582 0.461869 0.435610 -0.095978 1.136636 2.580476 0.944526 0.984234 -0.336346 0.231256 -0.411039 0.646605 1.866164 0.888587 0.587091 0.981030 0.884297 0.006890 1.594059 0.663529 0.496138 -0.321105 -0.359814 
17 2.329116 1.723418 1.777589 1.728111 2.371260 0.513783 0.165381 1.122571 2.259497 1.659011 1.059615 1.762420 1.161853 1.575344 -0.412200 2.715439 2.198622 -0.578073 0.433646 1.292127 0.870675 0.936412 0.019974 2.703450 1.065513 -0.684211 0.620998 1.894112 2.579589 0.527037 0.565610 1.478956 1.155958 1.950484 0.668068 1.599644 0.126975 1.371448 0.460488 0.435379 -0.096222 1.137333 2.579986 0.944599 0.983609 -0.336531 0.233295 -0.408477 0.645910 1.867244 0.888445 0.588619 0.982063 0.884982 0.010419 1.594893 0.663210 0.496204 -0.319189 -0.357468 
18 2.284602 1.692753 1.739304 1.751874 2.332613 0.488426 0.178546 1.061669 2.311756 1.679015 1.056550 1.749675 1.127184 1.560597 -0.368328 2.663021 2.203424 -0.617382 0.405630 1.262583 0.950317 0.990045 0.072708 2.643000 1.061950 -0.623873 0.688093 1.938377 2.497036 0.604911 0.549539 1.424765 1.098342 1.875563 0.676544 1.589887 0.114643 1.330700 0.407044 0.407334 -0.097670 1.135851 2.518666 0.955927 0.969426 -0.347944 0.306598 -0.332677 0.616558 1.867762 0.882020 0.627141 0.987094 0.893029 0.105887 1.620709 0.654665 0.505723 -0.268860 -0.299765 
19 2.212965 1.649644 1.709355 1.767617 2.248055 0.478930 0.183308 1.013715 2.366484 1.702930 1.056758 1.690419 1.075383 1.578269 -0.318652 2.576845 2.147860 -0.650468 0.400789 1.244453 1.018790 0.991064 0.112662 2.599372 1.096033 -0.541280 0.721011 1.961533 2.390380 0.658944 0.535070 1.418345 1.060044 1.772363 0.680834 1.622877 0.121608 1.246079 0.389447 0.364063 -0.100817 1.135157 2.437515 0.959947 0.963894 -0.291014 0.386979 -0.245151 0.598249 1.910488 0.873696 0.643060 1.010916 0.917838 0.216337 1.696152 0.691205 0.506701 -0.219466 -0.280323 
20 2.161865 1.619252 1.644147 1.745159 2.126998 0.436229 0.233351 0.956993 2.378170 1.733266 1.060254 1.639532 1.004672 1.575618 -0.257386 2.489082 2.068395 -0.677529 0.435288 1.204206 1.074888 0.963988 0.166413 2.495158 1.184910 -0.492584 0.788530 1.961072 2.319302 0.670931 0.573597 1.427458 0.970118 1.668927 0.689148 1.678774 0.159805 1.216631 0.351576 0.337456 -0.106185 1.102466 2.369530 1.010493 0.984470 -0.206954 0.467713 -0.152298 0.601310 1.934000 0.847443 0.662314 0.991899 0.912881 0.353027 1.762460 0.733509 0.496097 -0.160350 -0.228712 
21 2.100771 1.580187 1.560073 1.723706 2.097530 0.428210 0.252163 0.886651 2.394661 1.723062 1.066382 1.593616 0.933958 1.578358 -0.219750 2.366736 1.989046 -0.644890 0.472450 1.166640 1.118289 0.959259 0.243313 2.393250 1.246514 -0.473364 0.806642 1.948000 2.290022 0.690883 0.597623 1.440898 0.938976 1.502673 0.700752 1.687641 0.235254 1.188735 0.307059 0.342647 -0.116157 1.117613 2.290564 1.041907 1.015738 -0.110247 0.520913 -0.108468 0.639920 1.918070 0.862568 0.672330 0.940122 0.896916 0.454750 1.803979 0.804516 0.483739 -0.067016 -0.132839 
22 2.006196 1.579298 1.520929 1.686064 2.048701 0.405411 0.252790 0.841823 2.412366 1.676773 1.045007 1.552087 0.849445 1.544819 -0.168764 2.200349 1.906264 -0.585184 0.565907 1.164406 1.150485 0.970009 0.302791 2.297680 1.319282 -0.446614 0.781268 1.939520 2.247891 0.709715 0.589627 1.474076 0.940797 1.385828 0.723259 1.711790 0.306520 1.187744 0.273670 0.331401 -0.072192 1.133786 2.186221 1.064757 1.031389 -0.030326 0.600342 -0.021288 0.698620 1.895942 0.809925 0.703476 0.890867 0.915446 0.520176 1.748214 0.810593 0.510656 0.023636 -0.009968 
23 1.903959 1.602860 1.445444 1.612423 1.955194 0.368836 0.314140 0.819082 2.409865 1.560458 1.020002 1.536200 0.818161 1.455553 -0.074212 2.084382 1.818483 -0.462805 0.647132 1.135714 1.164921 0.939418 0.407991 2.175996 1.340456 -0.369777 0.750290 1.947094 2.127701 0.758910 0.571453 1.513620 0.955969 1.184866 0.776219 1.735007 0.453552 1.174640 0.230918 0.313895 -0.012089 1.131027 2.035127 1.132087 1.081734 0.084764 0.638135 0.099613 0.783907 1.835915 0.770096 0.744326 0.875095 0.964586 0.560386 1.671765 0.798611 0.572421 0.112534 0.070029 
24 1.819551 1.610166 1.399018 1.550768 1.844041 0.378379 0.396521 0.767578 2.379001 1.450695 0.986793 1.541272 0.792208 1.401533 0.011356 1.956478 1.765965 -0.351481 0.726752 1.102660 1.185431 0.936657 0.520751 2.088176 1.384757 -0.306226 0.743204 1.887160 2.032893 0.794561 0.569121 1.493037 0.964044 1.020918 0.809846 1.683119 0.577228 1.181399 0.258718 0.279388 0.053436 1.126388 1.868037 1.208565 1.115416 0.160905 0.679473 0.185928 0.848835 1.806673 0.730430 0.800154 0.889085 0.990612 0.548567 1.625801 0.823666 0.643821 0.144320 0.131661 
25 1.815972 1.610794 1.397146 1.548026 1.839450 0.379454 0.400678 0.765660 2.377885 1.446184 0.985218 1.541854 0.791372 1.399403 0.015488 1.951343 1.763883 -0.345791 0.730951 1.101651 1.186781 0.936908 0.526025 2.084603 1.386986 -0.302891 0.743482 1.884777 2.028728 0.796588 0.569499 1.492691 0.964727 1.014152 0.811610 1.680972 0.583033 1.182341 0.260469 0.278323 0.056942 1.126829 1.860911 1.212491 1.117346 0.164749 0.681974 0.190129 0.851997 1.805618 0.729464 0.803159 0.889959 0.992658 0.548646 1.624357 0.825226 0.647758 0.146146 0.135080 
26 1.694819 1.594233 1.315081 1.424185 1.723750 0.417609 0.486366 0.714655 2.317748 1.340003 0.873480 1.539493 0.745288 1.329200 0.082086 1.843012 1.685298 -0.181347 0.841927 1.074547 1.205503 0.917121 0.608773 1.982494 1.402691 -0.217770 0.764384 1.802858 1.877248 0.836411 0.572189 1.492952 0.963990 0.868698 0.826994 1.595439 0.686876 1.220876 0.306175 0.252984 0.141509 1.151671 1.682060 1.307658 1.148547 0.251325 0.755814 0.266703 0.890492 1.750292 0.745207 0.878101 0.877874 1.092425 0.565722 1.608132 0.853541 0.765466 0.180558 0.231950 
27 1.631385 1.584703 1.254978 1.345190 1.644874 0.453381 0.521070 0.686566 2.246534 1.257537 0.849227 1.518143 0.694469 1.286700 0.145746 1.754030 1.637907 -0.095465 0.906805 1.098440 1.220936 0.908055 0.655818 1.893605 1.397203 -0.178289 0.787827 1.756142 1.792492 0.873488 0.599122 1.475467 0.984333 0.823903 0.822473 1.547992 0.748717 1.206873 0.337955 0.243935 0.205210 1.173457 1.612583 1.340875 1.171049 0.302600 0.775686 0.318579 0.914548 1.694663 0.780920 0.965691 0.873169 1.121606 0.572941 1.622760 0.840393 0.853749 0.222581 0.256218 
28 1.588981 1.571146 1.227778 1.286693 1.603633 0.488483 0.549300 0.678756 2.204462 1.236685 0.845323 1.483192 0.671223 1.259798 0.200689 1.693342 1.585463 -0.025057 0.937428 1.100802 1.214347 0.917886 0.693738 1.842492 1.383901 -0.168743 0.784086 1.730891 1.721331 0.887538 0.626834 1.439383 0.987013 0.801247 0.835277 1.536549 0.792428 1.218412 0.376657 0.265208 0.243834 1.193997 1.571676 1.343894 1.188342 0.317246 0.800474 0.374477 0.904989 1.635765 0.808783 0.994678 0.885119 1.118203 0.584432 1.618794 0.841038 0.909096 0.241304 0.266277 
29 1.512532 1.549546 1.181598 1.187650 1.498688 0.521288 0.596644 0.653278 2.098376 1.234643 0.845658 1.347640 0.671839 1.188250 0.281673 1.580117 1.483699 0.144281 0.970268 1.111066 1.167669 0.969736 0.780224 1.761105 1.310548 -0.064047 0.787802 1.629791 1.593128 0.932459 0.686768 1.395290 0.986118 0.806652 0.882673 1.446896 0.890921 1.218713 0.465839 0.361715 0.320405 1.214701 1.487953 1.368118 1.183974 0.415671 0.857872 0.502093 0.892839 1.535963 0.828955 1.023980 0.884968 1.067174 0.581182 1.637221 0.795295 0.979063 0.322133 0.332524 
30 1.382008 1.514575 1.122441 1.066939 1.396742 0.580544 0.654032 0.676621 1.901353 1.190170 0.887008 1.213729 0.743611 1.086392 0.397115 1.395927 1.326720 0.345935 1.023974 1.126985 1.104561 1.069298 0.927702 1.624264 1.213654 0.068660 0.788760 1.464389 1.403489 0.966964 0.777077 1.357864 0.970126 0.813984 0.922915 1.319953 0.954365 1.191105 0.563830 0.536800 0.411846 1.235649 1.367368 1.435138 1.147442 0.527348 0.949784 0.668788 0.901345 1.442366 0.861720 1.022582 0.887401 1.023340 0.626828 1.652415 0.732452 1.077904 0.423836 0.401019 
31 1.231428 1.476232 1.036329 0.983983 1.291638 0.660038 0.728930 0.669004 1.644394 1.188874 0.923947 1.109330 0.837560 0.970247 0.500863 1.201233 1.140620 0.561933 1.085203 1.160553 1.031553 1.152279 1.085348 1.503628 1.076905 0.229361 0.812708 1.350169 1.249983 0.984554 0.850103 1.284538 0.986102 0.861074 0.923039 1.258143 1.041163 1.169619 0.660242 0.730033 0.466868 1.188661 1.178418 1.445156 1.095952 0.617035 1.016382 0.828876 0.933578 1.367379 0.898303 1.064875 0.888987 1.011483 0.675015 1.660120 0.708336 1.149966 0.522710 0.501640 
32 1.193235 1.464191 1.016869 0.975341 1.257181 0.699255 0.756942 0.686378 1.560899 1.191609 0.932621 1.064526 0.872714 0.939210 0.537521 1.147969 1.082363 0.645565 1.105292 1.151751 1.016589 1.175077 1.120615 1.468350 1.051603 0.268110 0.822708 1.300174 1.215612 1.003616 0.864926 1.259657 0.981800 0.879759 0.935931 1.241854 1.056564 1.151369 0.669353 0.755118 0.478765 1.167991 1.120947 1.442305 1.062816 0.641585 1.031849 0.888288 0.946340 1.332775 0.929210 1.079238 0.876305 1.015084 0.681389 1.652816 0.704279 1.159624 0.558080 0.528857 
33 1.153904 1.453002 0.997603 0.967869 1.221759 0.743199 0.788721 0.706444 1.473336 1.195791 0.943427 1.018013 0.911966 0.907241 0.578368 1.092685 1.021505 0.736659 1.128446 1.143873 1.002125 1.201188 1.159759 1.431983 1.026370 0.310867 0.835177 1.248096 1.180366 1.025549 0.882161 1.234670 0.978368 0.901407 0.951204 1.225908 1.074344 1.133281 0.680324 0.783249 0.493173 1.147647 1.060922 1.440536 1.028887 0.669430 1.049808 0.953533 0.961444 1.297127 0.964156 1.095943 0.864099 1.020521 0.689561 1.646308 0.701556 1.171446 0.597400 0.559621 
34 1.089342 1.443102 0.964950 0.984079 1.173184 0.831756 0.848354 0.719162 1.375915 1.188734 0.970999 0.966151 0.960850 0.834670 0.634552 1.015880 0.928199 0.870193 1.161900 1.156354 0.958341 1.239582 1.208589 1.349420 1.009427 0.381289 0.889871 1.165324 1.113387 1.041753 0.877443 1.200684 0.953086 0.943410 0.967291 1.207063 1.081220 1.101334 0.697248 0.836368 0.519029 1.140644 0.972438 1.421874 0.989583 0.738010 1.045809 1.055477 0.955816 1.246354 1.019495 1.102528 0.845508 1.023643 0.677545 1.619189 0.709779 1.176805 0.647562 0.609098 
35 1.049593 1.448198 0.947798 0.975796 1.135658 0.896941 0.880338 0.712557 1.323857 1.182364 0.986015 0.932872 0.983429 0.821166 0.682047 0.973558 0.894209 0.960533 1.171876 1.167561 0.934721 1.267796 1.202055 1.300047 1.001418 0.431464 0.907640 1.148668 1.086924 1.037480 0.862772 1.176244 0.915545 0.961923 0.964415 1.188566 1.080686 1.065722 0.719574 0.886513 0.535086 1.129902 0.930364 1.442294 0.959194 0.765827 1.032957 1.119435 0.968479 1.213485 1.050382 1.105809 0.831891 1.029395 0.677357 1.589701 0.725051 1.166435 0.682018 0.632529 
36 1.042323 1.442620 0.933043 0.963675 1.116974 0.947805 0.892609 0.706482 1.291557 1.179081 0.987682 0.918628 1.009734 0.804300 0.708914 0.947036 0.881830 1.008316 1.185292 1.154558 0.922436 1.277430 1.209919 1.275392 0.997489 0.474591 0.913552 1.147312 1.070097 1.040959 0.853138 1.174943 0.889643 0.966478 0.957176 1.195684 1.073082 1.041563 0.749234 0.905097 0.556267 1.134077 0.920176 1.447740 0.929375 0.777136 1.017702 1.146043 0.968066 1.198719 1.053806 1.115859 0.809911 1.013360 0.681204 1.569685 0.738499 1.165644 0.703267 0.649054 
37 1.041637 1.436101 0.898717 0.950851 1.102687 0.993452 0.914706 0.709911 1.269904 1.167729 0.983035 0.902864 1.050978 0.788932 0.744018 0.921602 0.864118 1.040443 1.193281 1.147665 0.920403 1.304766 1.204001 1.251740 0.993161 0.515444 0.907947 1.149389 1.049658 1.034015 0.837269 1.163201 0.870178 0.978988 0.944410 1.198697 1.067897 1.026353 0.774534 0.913522 0.579367 1.125614 0.917280 1.447290 0.900589 0.810224 1.018410 1.162132 0.967242 1.178675 1.051696 1.128437 0.783967 0.994757 0.680217 1.550361 0.765754 1.169488 0.726653 0.661460 
38 1.029148 1.435549 0.879582 0.937910 1.092991 1.027877 0.914237 0.707530 1.266785 1.159203 0.982900 0.892987 1.087551 0.763536 0.771209 0.899770 0.849866 1.068783 1.188465 1.144350 0.927346 1.310310 1.193513 1.231810 0.979005 0.544677 0.910989 1.136744 1.037911 1.035740 0.832656 1.153928 0.847486 0.992949 0.943516 1.196193 1.068373 1.024380 0.794432 0.917605 0.588882 1.119683 0.926670 1.441218 0.882507 0.833530 1.023312 1.169304 0.979683 1.171437 1.044622 1.148444 0.769732 0.981776 0.689492 1.524546 0.801156 1.168309 0.742039 0.660259 
39 1.018734 1.431065 0.868686 0.930023 1.089352 1.048857 0.912519 0.708426 1.259002 1.147552 0.988002 0.887218 1.104802 0.754738 0.782917 0.889291 0.831315 1.076747 1.188515 1.138180 0.926843 1.313933 1.187727 1.221291 0.961462 0.571854 0.914230 1.133088 1.038337 1.040565 0.824479 1.147006 0.820429 1.007697 0.943944 1.199723 1.068135 1.023673 0.809086 0.909305 0.595263 1.125265 0.928878 1.444227 0.878936 0.852473 1.034897 1.167030 0.996247 1.160368 1.047276 1.159067 0.773918 0.967034 0.692998 1.502928 0.820493 1.165668 0.747646 0.665345 
40 1.014665 1.426359 0.855270 0.922008 1.078726 1.073546 0.913865 0.709297 1.243484 1.147354 1.001000 0.886473 1.110573 0.738031 0.792794 0.880195 0.817248 1.079247 1.187945 1.135466 0.926599 1.315961 1.179055 1.223329 0.949247 0.594490 0.914209 1.132222 1.032964 1.043422 0.817048 1.137346 0.805401 1.016426 0.950295 1.196976 1.060765 1.031551 0.817189 0.898308 0.599762 1.136671 0.929072 1.450734 0.879602 0.866798 1.042420 1.157611 1.010033 1.155260 1.045688 1.161813 0.779588 0.958278 0.697393 1.480537 0.835622 1.157593 0.771102 0.664913 
41 1.014174 1.425783 0.853291 0.920843 1.077141 1.077718 0.914246 0.709625 1.241119 1.147449 1.003218 0.886461 1.111671 0.735470 0.794521 0.878896 0.815208 1.079782 1.188014 1.135251 0.926704 1.316459 1.177896 1.223874 0.947437 0.598243 0.914400 1.132269 1.032274 1.044038 0.816010 1.135936 0.803090 1.017980 0.951465 1.196687 1.059740 1.032964 0.818625 0.896704 0.600710 1.138671 0.929248 1.451929 0.879903 0.869292 1.043833 1.156236 1.012391 1.154589 1.045613 1.162399 0.780653 0.957044 0.698295 1.477037 0.838268 1.156463 0.775078 0.664999 
42 1.010157 1.422258 0.843959 0.906632 1.060870 1.107675 0.912780 0.719634 1.217378 1.143263 1.009450 0.875080 1.118598 0.715467 0.798395 0.867805 0.813771 1.079038 1.184666 1.144449 0.920665 1.316273 1.184658 1.235882 0.931994 0.615673 0.922450 1.134761 1.030665 1.046791 0.805066 1.119856 0.777305 1.025033 0.957437 1.195012 1.052989 1.035187 0.824409 0.886407 0.615675 1.146893 0.927503 1.457352 0.884859 0.893368 1.058358 1.142810 1.020681 1.147445 1.045641 1.164681 0.785464 0.949847 0.708738 1.441607 0.866048 1.147065 0.807475 0.661485 
43 1.005938 1.419194 0.841419 0.908837 1.052302 1.115402 0.916923 0.720685 1.210057 1.144141 1.016047 0.869774 1.120310 0.705812 0.799186 0.869845 0.812718 1.074431 1.187617 1.149341 0.920447 1.312401 1.190357 1.236776 0.925807 0.619441 0.916937 1.135644 1.029314 1.046143 0.801944 1.113292 0.765440 1.027680 0.961800 1.191253 1.054037 1.031708 0.829557 0.884769 0.625649 1.151461 0.931182 1.458056 0.880560 0.898841 1.064554 1.134124 1.024856 1.142275 1.046278 1.166115 0.785127 0.953957 0.711876 1.429291 0.877527 1.143340 0.817284 0.663228 
44 1.005492 1.416145 0.839388 0.908272 1.048677 1.117604 0.917353 0.722535 1.205454 1.141864 1.017567 0.864852 1.118791 0.697561 0.800746 0.872492 0.811981 1.068302 1.187611 1.150433 0.923146 1.311547 1.194390 1.237954 0.925947 0.622993 0.911651 1.136610 1.029631 1.047218 0.799328 1.110358 0.759949 1.032377 0.966876 1.187383 1.053100 1.030334 0.834812 0.886215 0.629445 1.153313 0.930250 1.457265 0.881224 0.900993 1.062605 1.133022 1.028794 1.140264 1.048588 1.165998 0.783645 0.956737 0.715253 1.423034 0.886063 1.141368 0.820224 0.665340 
45 1.004292 1.411460 0.840136 0.908043 1.043326 1.120844 0.915462 0.723349 1.199061 1.136751 1.023087 0.860349 1.116863 0.688551 0.804956 0.878285 0.810271 1.059489 1.186201 1.149454 0.923059 1.314284 1.198694 1.241615 0.926555 0.627724 0.905821 1.138434 1.029704 1.047650 0.800146 1.109958 0.751645 1.038037 0.970716 1.180685 1.054103 1.029050 0.842023 0.886104 0.632647 1.155517 0.927228 1.453517 0.883236 0.904638 1.060201 1.131930 1.031207 1.135151 1.049626 1.167510 0.778446 0.963719 0.720351 1.414520 0.897139 1.139225 0.825136 0.667623 
46 0.997301 1.415400 0.842423 0.906146 1.038565 1.122433 0.915656 0.727262 1.191833 1.129727 1.030509 0.856709 1.113592 0.685054 0.808804 0.886274 0.808843 1.048579 1.185563 1.148062 0.926066 1.314388 1.206642 1.244838 0.926181 0.636738 0.897811 1.138681 1.027863 1.047614 0.802753 1.105109 0.740135 1.044645 0.979280 1.174271 1.049682 1.026910 0.856512 0.884311 0.629794 1.155271 0.924362 1.445909 0.887766 0.909690 1.054051 1.127769 1.031307 1.128050 1.049703 1.168291 0.768673 0.971628 0.724780 1.404223 0.910404 1.140861 0.837740 0.673581 
47 0.987941 1.411226 0.857846 0.902049 1.029819 1.119814 0.916020 0.739548 1.180002 1.121511 1.045111 0.852464 1.110724 0.679231 0.818192 0.903186 0.802499 1.037126 1.184317 1.150427 0.935980 1.315143 1.210614 1.245243 0.926394 0.647451 0.887037 1.140135 1.023404 1.048805 0.797107 1.101899 0.714963 1.048485 0.991816 1.164178 1.043904 1.026351 0.878455 0.886879 0.632612 1.148858 0.912455 1.428363 0.901193 0.911476 1.046261 1.112525 1.032520 1.126466 1.053901 1.173402 0.749958 0.973873 0.726368 1.392554 0.928562 1.148461 0.863428 0.683278 
48 0.986493 1.411313 0.860225 0.901327 1.028018 1.118438 0.915438 0.740001 1.177823 1.120147 1.046996 0.852104 1.111771 0.678229 0.819473 0.905096 0.801256 1.035990 1.184631 1.151299 0.937427 1.315114 1.211045 1.244852 0.926621 0.648921 0.885714 1.140506 1.023344 1.049002 0.795459 1.101746 0.712685 1.048683 0.993196 1.162243 1.042648 1.026458 0.881674 0.885999 0.633567 1.147626 0.911460 1.425916 0.903640 0.910934 1.045287 1.110612 1.031691 1.125087 1.054896 1.172958 0.747915 0.973864 0.727434 1.391557 0.931226 1.148232 0.866625 0.684705 
49 0.980298 1.412223 0.871511 0.898434 1.020157 1.112550 0.913195 0.742366 1.168305 1.114280 1.055971 0.850890 1.117103 0.674017 0.825748 0.914203 0.795993 1.031242 1.186552 1.155755 0.944478 1.315458 1.213441 1.243462 0.928104 0.655994 0.880107 1.142646 1.023522 1.050319 0.788332 1.101549 0.702784 1.049993 0.999825 1.153773 1.037320 1.027396 0.896752 0.882305 0.638427 1.142437 0.907401 1.415171 0.915301 0.908776 1.041304 1.102327 1.028261 1.119103 1.059929 1.171243 0.739081 0.974221 0.732799 1.387482 0.943809 1.147529 0.881584 0.691679 
50 0.977335 1.412034 0.876510 0.899155 1.016934 1.110604 0.912879 0.746899 1.164845 1.112616 1.057646 0.851933 1.117359 0.670863 0.827907 0.916000 0.795283 1.029080 1.186206 1.158108 0.947773 1.316511 1.214979 1.242168 0.928833 0.659928 0.875490 1.141596 1.021136 1.050983 0.786057 1.104987 0.697622 1.051746 0.999797 1.150271 1.037171 1.027050 0.903829 0.880131 0.638921 1.137610 0.907081 1.412410 0.922225 0.905408 1.038844 1.098139 1.025350 1.114341 1.062499 1.171889 0.738286 0.973452 0.734463 1.385601 0.950338 1.144338 0.889907 0.696428 
51 0.974741 1.411802 0.879008 0.900626 1.017839 1.107508 0.916224 0.749178 1.161579 1.110094 1.059050 0.848657 1.117079 0.667652 0.828339 0.915716 0.794755 1.029143 1.185731 1.159315 0.950062 1.317155 1.213876 1.242142 0.929827 0.664518 0.873543 1.142618 1.020822 1.050839 0.787970 1.108207 0.694288 1.051262 0.999066 1.147448 1.036349 1.026527 0.908173 0.877894 0.639985 1.134837 0.907799 1.409481 0.926741 0.902011 1.037273 1.095258 1.022495 1.113516 1.064158 1.171780 0.739592 0.973552 0.734906 1.383099 0.955099 1.143434 0.894820 0.698547 
52 0.972794 1.412234 0.880694 0.901765 1.017630 1.104213 0.918962 0.750481 1.157662 1.108317 1.059048 0.847019 1.117860 0.665291 0.828204 0.917209 0.793684 1.028569 1.183992 1.161750 0.952298 1.317490 1.212517 1.242425 0.931977 0.668813 0.871330 1.142610 1.020472 1.050306 0.790959 1.110688 0.690878 1.050340 0.997458 1.144850 1.035681 1.025746 0.910239 0.876095 0.640879 1.134075 0.908573 1.406186 0.930148 0.898180 1.035923 1.094385 1.020531 1.112647 1.065871 1.172072 0.741450 0.972011 0.735187 1.379616 0.959690 1.144047 0.899690 0.701873 
53 0.971224 1.412303 0.879906 0.904406 1.015663 1.099886 0.922917 0.751041 1.153891 1.104344 1.060140 0.846056 1.118133 0.665980 0.826284 0.918391 0.792173 1.029046 1.182436 1.165846 0.955975 1.317884 1.210894 1.244747 0.933115 0.674882 0.866612 1.141016 1.018638 1.051526 0.796037 1.115597 0.685506 1.049927 0.995581 1.141726 1.034457 1.026014 0.912638 0.874260 0.644838 1.131559 0.908926 1.399980 0.935265 0.892819 1.033354 1.093728 1.017699 1.112842 1.069850 1.171153 0.742816 0.969510 0.736889 1.373242 0.965632 1.143701 0.905530 0.704920 
54 0.969692 1.412493 0.879951 0.905616 1.011897 1.095917 0.926550 0.752119 1.150360 1.102608 1.062794 0.846978 1.118228 0.666381 0.825514 0.915249 0.792371 1.028031 1.178898 1.167526 0.960630 1.316694 1.208354 1.248377 0.933107 0.679500 0.864893 1.140825 1.016849 1.052438 0.800249 1.121816 0.681616 1.049556 0.994734 1.139044 1.033124 1.025824 0.913688 0.873906 0.648975 1.128986 0.910102 1.394010 0.938541 0.889510 1.031222 1.092827 1.016437 1.110533 1.074416 1.167949 0.743579 0.968084 0.735913 1.368187 0.971724 1.145941 0.908119 0.709899 
55 0.969901 1.412490 0.878974 0.908930 1.009926 1.090123 0.926367 0.754051 1.143713 1.102649 1.064895 0.849072 1.117636 0.667292 0.825441 0.912911 0.792513 1.028479 1.177539 1.168986 0.969092 1.316085 1.205059 1.251362 0.933067 0.682732 0.864563 1.141294 1.014255 1.053765 0.805152 1.126283 0.676344 1.047539 0.993802 1.136241 1.032025 1.025997 0.916154 0.874689 0.653081 1.126747 0.911424 1.388904 0.941247 0.889833 1.028114 1.092178 1.013408 1.107638 1.076924 1.165495 0.745921 0.967700 0.734391 1.361550 0.976583 1.146689 0.908999 0.714447 
56 0.969903 1.412493 0.878984 0.909015 1.009902 1.090019 0.926376 0.754104 1.143592 1.102654 1.064935 0.849121 1.117642 0.667332 0.825465 0.912872 0.792508 1.028483 1.177536 1.169031 0.969290 1.316069 1.204988 1.251467 0.933080 0.682811 0.864571 1.141305 1.014203 1.053817 0.805263 1.126388 0.676263 1.047498 0.993769 1.136194 1.032033 1.025998 0.916234 0.874725 0.653174 1.126721 0.911465 1.388802 0.941304 0.889866 1.028047 1.092174 1.013360 1.107593 1.077004 1.165436 0.745989 0.967702 0.734373 1.361415 0.976698 1.146713 0.909043 0.714547 
57 0.969312 1.412004 0.879427 0.910817 1.009233 1.087414 0.926312 0.755134 1.140673 1.102393 1.065211 0.849840 1.117654 0.668261 0.826057 0.911578 0.791619 1.027841 1.177510 1.169885 0.973777 1.314961 1.202720 1.254440 0.933127 0.684413 0.864546 1.140981 1.012473 1.055098 0.807411 1.128448 0.674620 1.045985 0.992150 1.134846 1.032482 1.025322 0.918310 0.875511 0.654903 1.126052 0.912232 1.386066 0.942026 0.890750 1.025831 1.091784 1.012031 1.106394 1.078941 1.163310 0.747478 0.967415 0.733731 1.357817 0.979099 1.146851 0.910155 0.716365 
58 0.968241 1.411727 0.881337 0.913187 1.008946 1.082397 0.927462 0.756016 1.137215 1.102055 1.064707 0.853215 1.116917 0.668050 0.827183 0.909702 0.790127 1.026108 1.177881 1.169300 0.979565 1.313173 1.199169 1.258354 0.933417 0.686512 0.865063 1.141269 1.010722 1.057951 0.812381 1.129550 0.671931 1.044846 0.989332 1.132300 1.032641 1.025112 0.920815 0.877234 0.659330 1.123233 0.913415 1.383286 0.942214 0.892673 1.022516 1.091291 1.009559 1.104436 1.083151 1.160472 0.748991 0.965833 0.733700 1.351570 0.981700 1.146615 0.912737 0.718999 
59 0.967196 1.411001 0.883205 0.914051 1.008357 1.079279 0.927769 0.756792 1.135143 1.101360 1.065496 0.855459 1.115631 0.668266 0.826695 0.909449 0.790270 1.025968 1.179492 1.166842 0.983153 1.311642 1.196746 1.260112 0.933156 0.687742 0.864150 1.141434 1.009995 1.059351 0.814491 1.130433 0.671068 1.044753 0.986602 1.129909 1.032238 1.024909 0.921136 0.878769 0.662192 1.121136 0.914117 1.380231 0.941435 0.895311 1.020029 1.091799 1.007472 1.103435 1.085228 1.158690 0.752729 0.964411 0.734333 1.348314 0.985127 1.147558 0.915342 0.720594 
60 0.966881 1.410127 0.883971 0.914595 1.007686 1.077669 0.928128 0.756939 1.134285 1.101081 1.066046 0.855991 1.115323 0.668295 0.826753 0.909526 0.791266 1.025453 1.180899 1.165595 0.984764 1.311042 1.195425 1.260637 0.932852 0.688481 0.864012 1.140872 1.009896 1.060256 0.815442 1.130665 0.670781 1.044340 0.984837 1.129160 1.031656 1.025414 0.921293 0.879881 0.662968 1.119934 0.914645 1.378834 0.941462 0.896369 1.018961 1.092121 1.006683 1.102583 1.086324 1.157863 0.754429 0.963889 0.734700 1.346183 0.986394 1.148238 0.916591 0.721563 
61 0.966697 1.404341 0.887134 0.915044 1.006955 1.075354 0.928309 0.757674 1.130884 1.099581 1.068531 0.858858 1.115409 0.669277 0.823876 0.909131 0.795819 1.023710 1.181642 1.162585 0.989197 1.306149 1.191970 1.259051 0.934369 0.692183 0.862070 1.140933 1.009003 1.061490 0.818453 1.129826 0.671121 1.042451 0.980024 1.126413 1.031411 1.028022 0.924488 0.881596 0.664439 1.115408 0.917648 1.373159 0.941795 0.901137 1.019235 1.096104 1.004861 1.102117 1.091560 1.154869 0.758492 0.964067 0.734399 1.339545 0.987083 1.148230 0.920488 0.724672 
62 0.967204 1.401714 0.888630 0.914860 1.007380 1.073382 0.929219 0.758396 1.129217 1.100191 1.069875 0.860441 1.115549 0.670487 0.822707 0.908443 0.798869 1.022975 1.181048 1.161296 0.990482 1.303157 1.190226 1.257575 0.936702 0.694665 0.860859 1.140580 1.008368 1.063002 0.819520 1.129776 0.671151 1.041364 0.976943 1.124283 1.030944 1.029550 0.926819 0.882551 0.665564 1.113378 0.918118 1.368561 0.941269 0.904345 1.019057 1.096752 1.004957 1.100611 1.094258 1.153732 0.761653 0.964547 0.735892 1.335624 0.986704 1.148168 0.922187 0.725662 
63 0.967732 1.393309 0.891733 0.913863 1.008169 1.066605 0.932108 0.762631 1.124459 1.100852 1.074879 0.865277 1.113750 0.673844 0.821162 0.907940 0.807345 1.022489 1.177613 1.159396 0.993487 1.294811 1.186185 1.253148 0.942888 0.701185 0.858530 1.139382 1.007834 1.069053 0.822126 1.128816 0.671570 1.038552 0.966347 1.119155 1.030084 1.035665 0.934269 0.883713 0.668882 1.107950 0.920343 1.356575 0.937352 0.912613 1.018170 1.099045 1.005229 1.097261 1.100043 1.148352 0.769624 0.965778 0.740400 1.325282 0.986516 1.148002 0.926541 0.729780 
64 0.967736 1.393051 0.891815 0.913824 1.008174 1.066396 0.932176 0.762739 1.124308 1.100862 1.075004 0.865402 1.113690 0.673934 0.821108 0.907905 0.807575 1.022466 1.177497 1.159327 0.993558 1.294561 1.186056 1.252999 0.943051 0.701365 0.858445 1.139335 1.007809 1.069218 0.822188 1.128768 0.671572 1.038467 0.966035 1.119001 1.030056 1.035825 0.934460 0.883732 0.668961 1.107790 0.920396 1.356226 0.937233 0.912839 1.018122 1.099087 1.005214 1.097161 1.100193 1.148181 0.769837 0.965807 0.740518 1.324971 0.986499 1.147990 0.926651 0.729884 
65 0.969044 1.380957 0.897759 0.913220 1.007218 1.057320 0.935484 0.767615 1.117591 1.102387 1.079538 0.871350 1.113036 0.680019 0.820167 0.904797 0.818346 1.022628 1.171891 1.156383 0.996944 1.284897 1.180809 1.244083 0.950584 0.711179 0.853290 1.137937 1.007917 1.078262 0.825953 1.125376 0.672608 1.037753 0.953536 1.113670 1.031762 1.043014 0.940682 0.884665 0.672501 1.103788 0.923702 1.342818 0.934345 0.923820 1.014322 1.098448 1.002452 1.095675 1.107259 1.139586 0.779150 0.969564 0.747163 1.310728 0.986693 1.149777 0.931546 0.735292 
66 0.974282 1.353902 0.911501 0.907728 1.009866 1.036859 0.946510 0.775872 1.104351 1.106729 1.086721 0.886618 1.109304 0.694236 0.823699 0.898086 0.839681 1.020348 1.160208 1.153322 1.007313 1.264078 1.172140 1.225203 0.958406 0.734020 0.843281 1.129579 1.014367 1.090041 0.831723 1.122543 0.675542 1.036256 0.932646 1.105038 1.034230 1.056304 0.951337 0.886537 0.680828 1.099851 0.926766 1.316896 0.926324 0.944538 1.008195 1.101684 0.992332 1.090742 1.120127 1.124865 0.796265 0.978784 0.758272 1.282288 0.988980 1.149577 0.943517 0.741188 
67 0.978602 1.317490 0.931509 0.895817 1.014787 1.002939 0.960167 0.788133 1.083003 1.109546 1.101406 0.908662 1.101731 0.713233 0.828692 0.889810 0.876342 1.018180 1.145013 1.147534 1.020658 1.240067 1.156350 1.202831 0.973025 0.771318 0.830928 1.112269 1.016833 1.100079 0.837590 1.114302 0.682352 1.033239 0.908221 1.099562 1.043365 1.074043 0.964257 0.889127 0.693961 1.095785 0.932960 1.279468 0.910517 0.972908 0.999834 1.102224 0.977054 1.086144 1.144573 1.107893 0.819614 0.989731 0.777280 1.242248 0.992847 1.143923 0.956319 0.752858 
68 0.995504 1.195016 1.006486 0.852863 1.042526 0.897114 1.008848 0.837878 1.014013 1.130990 1.157406 0.979619 1.077855 0.778008 0.843303 0.859535 0.999982 1.005892 1.105659 1.137976 1.061790 1.154727 1.099202 1.130194 1.011034 0.901646 0.787942 1.053591 1.017640 1.127694 0.859997 1.078280 0.702336 1.018416 0.822046 1.069380 1.076170 1.133747 0.997839 0.883731 0.744618 1.078992 0.953912 1.156656 0.867087 1.068960 0.957028 1.114900 0.932352 1.070864 1.218833 1.052338 0.888536 1.021899 0.850449 1.112337 1.007365 1.126115 0.986250 0.800480 
69 0.995605 1.185599 1.012555 0.850034 1.044933 0.890362 1.012618 0.840560 1.008443 1.132555 1.161153 0.984884 1.075516 0.782632 0.844515 0.857791 1.008251 1.005431 1.102074 1.137784 1.064854 1.149051 1.095735 1.125821 1.014211 0.911694 0.783986 1.049114 1.017885 1.130441 0.861114 1.075722 0.704016 1.016538 0.816195 1.067650 1.077472 1.138159 0.999337 0.883869 0.748286 1.076942 0.956681 1.148080 0.864407 1.076602 0.953949 1.115520 0.929091 1.069188 1.223774 1.048911 0.893356 1.024154 0.855615 1.103354 1.008314 1.125057 0.987534 0.803596 
70 0.997428 1.170305 1.022589 0.848878 1.050148 0.878178 1.020145 0.841775 0.998336 1.133688 1.167264 0.992358 1.071626 0.790225 0.847476 0.855154 1.021495 1.006808 1.095442 1.137205 1.069014 1.137580 1.090734 1.120844 1.018711 0.923733 0.778407 1.042788 1.014886 1.133117 0.860631 1.072921 0.707598 1.017048 0.807612 1.064782 1.078650 1.143884 1.002526 0.883142 0.751745 1.074151 0.960693 1.138015 0.861464 1.088737 0.950973 1.117160 0.924626 1.066632 1.230459 1.044943 0.898941 1.025244 0.865735 1.088312 1.010473 1.125343 0.989554 0.808936 
71 0.997502 1.169533 1.023065 0.848802 1.050383 0.877558 1.020496 0.841819 0.997824 1.133723 1.167543 0.992710 1.071417 0.790579 0.847605 0.855003 1.022127 1.006863 1.095100 1.137159 1.069198 1.136997 1.090471 1.120585 1.018911 0.924306 0.778114 1.042462 1.014720 1.133230 0.860591 1.072762 0.707753 1.017056 0.807175 1.064624 1.078685 1.144144 1.002664 0.883089 0.751890 1.073998 0.960873 1.137501 0.861301 1.089315 0.950809 1.117221 0.924391 1.066489 1.230766 1.044732 0.899197 1.025279 0.866210 1.087561 1.010560 1.125332 0.989635 0.809181 
72 0.999199 1.163001 1.027361 0.847744 1.051135 0.872364 1.024030 0.842506 0.995175 1.132396 1.168482 0.996250 1.070552 0.792610 0.849760 0.853262 1.027065 1.009077 1.093999 1.137632 1.070247 1.132860 1.089133 1.120120 1.019982 0.928067 0.775565 1.041423 1.013134 1.134161 0.861878 1.070596 0.707688 1.017447 0.804206 1.063561 1.077404 1.145423 1.003045 0.883245 0.751503 1.074574 0.962751 1.132223 0.860742 1.093938 0.950062 1.117417 0.924134 1.065453 1.232605 1.043447 0.901440 1.026036 0.869155 1.084079 1.011025 1.123196 0.990178 0.811994 
73 0.999185 1.162943 1.027425 0.847720 1.051095 0.872355 1.024148 0.842532 0.995072 1.132356 1.168481 0.996334 1.070521 0.792630 0.849803 0.853187 1.027142 1.009068 1.094043 1.137617 1.070297 1.132790 1.089085 1.120132 1.020085 0.928072 0.775552 1.041341 1.013184 1.134162 0.861869 1.070560 0.707635 1.017515 0.804220 1.063555 1.077439 1.145416 1.003089 0.883261 0.751513 1.074564 0.962816 1.132103 0.860773 1.093953 0.950072 1.117458 0.924128 1.065486 1.232495 1.043402 0.901495 1.026004 0.869243 1.084037 1.010964 1.123172 0.990148 0.812009 
74 0.999141 1.162910 1.027382 0.847835 1.051008 0.872422 1.024242 0.842663 0.995008 1.132317 1.168421 0.996478 1.070458 0.792619 0.849927 0.853215 1.027207 1.009096 1.094004 1.137545 1.070222 1.132759 1.088938 1.120155 1.020000 0.928065 0.775523 1.041314 1.013336 1.134112 0.861859 1.070567 0.707671 1.017418 0.804268 1.063450 1.077488 1.145313 1.003153 0.883294 0.751497 1.074595 0.962863 1.131929 0.860868 1.094016 0.950178 1.117462 0.924021 1.065531 1.232477 1.043396 0.901502 1.025961 0.869469 1.083983 1.010851 1.123171 0.990073 0.812104 
75 0.999136 1.162913 1.027341 0.847860 1.050995 0.872432 1.024265 0.842711 0.995001 1.132308 1.168370 0.996494 1.070429 0.792615 0.849957 0.853220 1.027231 1.009101 1.093987 1.137533 1.070232 1.132720 1.088918 1.120144 1.019974 0.928079 0.775518 1.041300 1.013381 1.134105 0.861839 1.070542 0.707713 1.017402 0.804315 1.063427 1.077464 1.145270 1.003180 0.883317 0.751502 1.074592 0.962878 1.131892 0.860905 1.094029 0.950176 1.117459 0.924017 1.065564 1.232485 1.043387 0.901523 1.025926 0.869521 1.083972 1.010824 1.123167 0.990056 0.812155 
76 0.999129 1.162699 1.027229 0.848010 1.050928 0.872623 1.024186 0.842782 0.995034 1.132187 1.168204 0.996494 1.070333 0.792835 0.850322 0.853438 1.027247 1.009117 1.093796 1.137325 1.070139 1.132529 1.088879 1.120042 1.019907 0.928110 0.775807 1.041143 1.013460 1.133877 0.862032 1.070481 0.708086 1.017405 0.804507 1.063316 1.077353 1.144933 1.003210 0.883363 0.751903 1.074423 0.962955 1.131656 0.861163 1.093989 0.950163 1.117263 0.924109 1.065645 1.232204 1.043377 0.901747 1.025919 0.869662 1.083840 1.010651 1.122995 0.990106 0.812561 
77 0.999055 1.162141 1.026939 0.848249 1.050905 0.873110 1.024099 0.843171 0.995134 1.131901 1.167670 0.996476 1.070173 0.793474 0.851195 0.854033 1.027143 1.009164 1.093371 1.136738 1.069944 1.132107 1.088703 1.119768 1.019803 0.928068 0.776410 1.040851 1.013465 1.133229 0.862461 1.070267 0.708908 1.017396 0.805052 1.063170 1.077000 1.144281 1.003228 0.883582 0.752861 1.074021 0.963136 1.131161 0.861815 1.093761 0.950279 1.116850 0.924301 1.065683 1.231580 1.043116 0.902330 1.026027 0.870131 1.083454 1.010358 1.122619 0.990153 0.813493 
78 0.999053 1.162129 1.026933 0.848254 1.050903 0.873119 1.024096 0.843178 0.995135 1.131894 1.167658 0.996475 1.070169 0.793486 0.851211 0.854043 1.027140 1.009164 1.093362 1.136725 1.069939 1.132098 1.088698 1.119762 1.019800 0.928067 0.776422 1.040845 1.013464 1.133215 0.862469 1.070261 0.708924 1.017395 0.805062 1.063166 1.076992 1.144268 1.003227 0.883586 0.752879 1.074013 0.963138 1.131150 0.861826 1.093755 0.950281 1.116841 0.924304 1.065682 1.231567 1.043110 0.902340 1.026027 0.870139 1.083445 1.010352 1.122611 0.990153 0.813510 
79 0.999235 1.143637 1.024283 0.865886 1.045102 0.887832 1.021118 0.861217 0.995862 1.116731 1.149013 0.997017 1.062176 0.817208 0.868638 0.870023 1.024056 1.007980 1.082684 1.121065 1.061982 1.117452 1.079118 1.106030 1.017809 0.935859 0.801531 1.035941 1.012028 1.117850 0.878391 1.061835 0.742242 1.014957 0.827230 1.055789 1.067675 1.127777 1.003179 0.896658 0.781070 1.065763 0.967140 1.116310 0.877387 1.082711 0.956071 1.103560 0.932899 1.058485 1.205417 1.038285 0.913785 1.022650 0.884841 1.073588 1.009506 1.108771 0.990916 0.834567 
80 0.999999 1.000099 0.999980 0.999918 1.000089 0.999915 1.000049 0.999889 1.000005 1.000039 1.000153 1.000040 1.000068 0.999826 0.999875 0.999898 1.000013 0.999956 1.000081 1.000122 1.000031 1.000118 1.000097 1.000047 1.000020 0.999944 0.999872 1.000022 0.999982 1.000096 0.999883 1.000053 0.999787 1.000018 0.999845 1.000064 1.000048 1.000083 0.999996 0.999925 0.999840 1.000084 0.999964 1.000073 0.999936 1.000111 0.999955 1.000063 0.999910 1.000036 1.000169 0.999994 0.999939 0.999993 0.999883 1.000079 1.000004 1.000105 0.999980 0.999870 
81 1.000000 1.000002 1.000000 0.999999 1.000000 1.000000 0.999999 1.000002 0.999998 1.000000 1.000002 1.000003 1.000002 0.999997 1.000001 1.000001 1.000000 0.999998 0.999999 1.000001 1.000002 0.999999 1.000000 0.999998 1.000002 0.999999 0.999999 0.999998 0.999998 1.000000 1.000001 1.000002 1.000000 0.999999 0.999999 0.999998 0.999998 0.999998 0.999997 1.000000 0.999998 1.000003 1.000003 1.000002 0.999998 1.000000 0.999999 1.000000 1.000001 1.000000 1.000001 1.000000 0.999999 1.000000 1.000001 1.000001 0.999998 1.000002 1.000003 0.999999 
82 1.000000 1.000000 1.000000 1.000000 1.000000 1.000000 1.000000 1.000001 1.000000 0.999999 1.000001 1.000000 1.000000 1.000000 1.000000 1.000000 1.000000 1.000000 1.000000 1.000000 1.000000 1.000000 1.000000 1.000000 1.000000 1.000000 1.000000 1.000000 1.000000 1.000000 1.000000 1.000001 1.000000 1.000000 1.000000 1.000000 0.999999 1.000000 1.000000 1.000000 1.000000 1.000000 1.000001 1.000001 1.000000 1.000000 1.000000 1.000000 1.000000 1.000000 1.000000 1.000000 1.000000 1.000001 1.000001 1.000000 0.999999 1.000000 1.000000 0.999999 
83 1.000000 1.000000 1.000000 1.000000 1.000000 1.000000 1.000000 1.000000 1.000000 1.000000 1.000000 1.000000 1.000000 1.000000 1.000000 1.000000 1.000000 1.000000 1.000000 1.000000 1.000000 1.000000 1.000000 1.000000 1.000000 1.000000 1.000000 1.000000 1.000000 1.000000 1.000000 1.000000 1.000000 1.000000 1.000000 1.000000 1.000000 1.000000 1.000000 1.000000 1.000000 1.000000 1.000000 1.000000 1.000000 1.000000 1.000000 1.000000 1.000000 1.000000 1.000000 1.000000 1.000000 1.000000 1.000000 1.000000 1.000000 1.000000 1.000000 1.000000 
84 1.000000 1.000000 1.000000 1.000000 1.000000 1.000000 1.000000 1.000000 1.000000 1.000000 1.000000 1.000000 1.000000 1.000000 1.000000 1.000000 1.000000 1.000000 1.000000 1.000000 1.000000 1.000000 1.000000 1.000000 1.000000 1.000000 1.000000 1.000000 1.000000 1.000000 1.000000 1.000000 1.000000 1.000000 1.000000 1.000000 1.000000 1.000000 1.000000 1.000000 1.000000 1.000000 1.000000 1.000000 1.000000 1.000000 1.000000 1.000000 1.000000 1.000000 1.000000 1.000000 1.000000 1.000000 1.000000 1.000000 1.000000 1.000000 1.000000 1.000000 
85 1.000000 1.000000 1.000000 1.000000 1.000000 1.000000 1.000000 1.000000 1.000000 1.000000 1.000000 1.000000 1.000000 1.000000 1.000000 1.000000 1.000000 1.000000 1.000000 1.000000 1.000000 1.000000 1.000000 1.000000 1.000000 1.000000 1.000000 1.000000 1.000000 1.000000 1.000000 1.000000 1.000000 1.000000 1.000000 1.000000 1.000000 1.000000 1.000000 1.000000 1.000000 1.000000 1.000000 1.000000 1.000000 1.000000 1.000000 1.000000 1.000000 1.000000 1.000000 1.000000 1.000000 1.000000 1.000000 1.000000 1.000000 1.000000 1.000000 1.000000 


0 14.533694 7.256996 4.121018 -0.320404 4.142898 1.693211 -1.817559 0.308567 1.524860 0.537701 2.123043 3.041454 -2.761478 -1.149752 -0.766296 3.971112 -1.319431 1.264039 1.171298 1.719197 -0.675332 -0.380159 -1.296387 2.334022 0.279513 2.164064 -0.801310 -2.232657 3.087089 0.545921 0.228301 -0.540917 2.088377 2.136232 -1.979223 2.272483 1.118410 -2.799943 0.865403 2.171384 -1.060941 -1.929106 4.129502 -0.446413 1.913823 -2.151143 4.824057 -3.123527 1.443264 2.087260 1.109988 -3.543922 0.644039 3.308930 -1.154753 0.258388 2.325423 2.825882 -2.000972 -0.174943 
1 14.537778 7.279607 4.157104 -0.274963 4.189185 1.748804 -1.758690 0.362153 1.590926 0.592462 2.180626 3.093150 -2.704008 -1.101746 -0.707142 4.035118 -1.254511 1.321717 1.241701 1.779956 -0.614705 -0.314431 -1.234601 2.396185 0.341539 2.214197 -0.743892 -2.169791 3.149287 0.601819 0.293331 -0.478546 2.140031 2.193055 -1.930279 2.318359 1.167684 -2.748008 0.910583 2.218001 -1.008358 -1.875638 4.178957 -0.392326 1.973437 -2.102384 4.876162 -3.075472 1.492806 2.128996 1.160651 -3.501780 0.683998 3.350109 -1.108115 0.301952 2.371694 2.879144 -1.958894 -0.135855 
2 10.672856 4.530627 2.897526 -0.549300 3.971415 1.643271 -1.550984 0.910285 2.486314 1.470712 2.825564 3.326887 -2.476933 -0.935398 -0.271977 4.776044 -0.139739 2.096027 2.469019 2.429024 -0.133836 0.268909 -0.527808 3.196449 1.124237 2.620018 -0.207282 -1.447242 4.059031 1.010008 1.111464 0.088262 2.543977 2.586803 -1.761886 2.109291 0.992854 -2.879849 0.725496 1.801845 -1.375212 -2.152779 4.148782 0.064392 2.363345 -2.035552 4.590604 -3.349216 1.143338 1.446298 0.732789 -4.003913 -0.166659 2.438391 -1.657776 -0.299984 1.989394 2.611433 -2.564825 -1.480443 
3 9.055070 3.468550 2.129256 -0.467143 3.859886 0.740821 -1.826956 1.565461 2.800345 2.544308 2.318836 3.908346 -1.442373 -0.534363 -0.699456 4.440440 0.125361 2.089181 2.505793 2.381660 -0.441859 -0.152302 -0.229206 3.384410 2.115488 2.384433 -0.049965 -0.612718 4.124755 0.087068 0.956013 0.047365 2.548464 3.200062 -0.857423 1.262287 0.992114 -3.300365 0.715779 1.478247 -1.532947 -1.415246 3.985147 0.445647 2.461492 -1.922658 3.739426 -2.774291 1.213626 1.250401 1.035452 -3.107189 0.121433 1.662743 -1.742971 -0.529618 2.005272 3.040875 -2.054276 -1.729525 
4 8.032959 2.216888 1.531621 0.320685 3.642246 -0.034116 -1.851354 1.873276 3.184699 2.444035 2.526724 3.813927 -0.649451 0.078667 -0.836638 3.671268 0.199215 1.970944 2.583624 2.153576 -1.439850 -0.118065 -0.402095 3.991589 2.137899 1.921942 0.301641 -0.322265 4.382586 -0.245169 0.688697 0.159646 2.165305 2.975236 -0.226820 1.077085 0.864899 -2.468081 1.085656 1.313981 -1.189031 -1.306807 4.193532 0.898086 2.381497 -1.861023 2.643250 -2.326543 0.832186 1.120528 1.057416 -1.945213 0.243300 2.034179 -1.460125 -0.355856 1.765189 3.082185 -1.441564 -1.878176 
5 7.000036 1.673963 1.287257 0.563937 3.522296 0.002988 -1.773049 2.123410 3.164404 2.018674 2.380897 3.640717 -0.095774 0.177710 -0.991642 3.470159 0.326119 1.659019 2.099764 2.449230 -1.291417 -0.432325 -0.578767 4.350529 2.403827 1.619409 0.127556 -0.305803 4.746612 -0.186204 0.528493 -0.046350 1.976747 2.710818 0.269296 1.479666 0.547927 -1.660585 1.082641 1.455424 -0.986802 -1.124845 4.115020 1.350390 1.985496 -1.715483 1.754425 -1.929727 0.530892 0.867230 0.871924 -1.407077 0.652907 1.880283 -1.309463 0.266580 1.547527 3.035592 -1.155549 -1.370437 
6 6.045100 1.469777 1.374305 1.092850 3.406463 0.310333 -1.702656 2.063512 3.204452 1.568699 2.531336 3.328223 0.692993 0.318321 -1.063990 3.247527 0.813529 1.431730 1.601148 2.343740 -0.957474 -0.833378 -0.893929 4.493561 2.522918 1.150364 -0.135027 0.061671 4.761672 -0.499130 0.902253 0.155832 1.709052 2.788760 0.405178 1.656350 0.512520 -0.848174 0.896248 1.423886 -0.588314 -0.651435 3.192992 1.623921 1.701258 -1.353432 1.274402 -1.935326 0.026737 0.479743 0.745287 -0.746180 0.827981 1.681691 -0.921109 0.819430 1.054567 2.659214 -0.944257 -1.102968 
7 5.539458 1.598379 1.264990 1.441748 3.325157 0.262357 -1.575170 2.181248 3.203898 1.435420 2.379767 2.896451 0.881589 0.460677 -0.877248 3.078127 1.205716 1.260853 1.498980 2.140871 -0.647729 -1.085963 -0.804741 4.427645 2.360422 1.011253 -0.178493 0.204869 4.642448 -0.603369 0.826364 0.186181 1.682168 2.860406 0.298369 1.726481 0.317846 -0.281768 0.882697 1.473923 -0.419373 -0.317997 2.907024 1.696358 1.733020 -1.271374 1.037868 -1.828157 0.077895 0.578997 0.876564 -0.587905 0.750192 1.496554 -0.857206 1.027402 0.905757 2.352185 -0.894217 -1.055944 
8 4.708487 1.736603 1.374427 1.763972 3.206327 0.319034 -1.523226 2.146970 2.848947 1.429639 2.089101 2.729730 1.008182 0.715338 -0.489988 3.099582 1.528826 0.937961 1.191584 1.869637 -0.600308 -1.032619 -0.657096 4.257901 2.208813 0.796886 -0.217583 0.460156 4.375493 -0.598754 0.803938 0.384973 1.513060 2.736561 0.089219 1.702220 0.283586 0.353803 0.628126 1.401220 -0.142636 0.131057 2.915036 1.504824 1.661122 -1.101065 0.939978 -1.503521 0.221970 0.750581 0.856634 -0.343172 0.657380 1.371925 -1.018321 1.375904 0.888537 1.940420 -0.781757 -1.005016 
9 4.689634 1.741859 1.378649 1.772360 3.207971 0.323693 -1.516116 2.143999 2.840783 1.431948 2.080757 2.726760 1.013715 0.724679 -0.479507 3.100199 1.542227 0.929630 1.189171 1.866084 -0.596723 -1.025245 -0.652984 4.251432 2.205407 0.790484 -0.216554 0.470734 4.367776 -0.592006 0.806652 0.394515 1.510104 2.736295 0.094438 1.704290 0.283845 0.370993 0.625662 1.400062 -0.133851 0.141429 2.915647 1.500591 1.661168 -1.093208 0.937595 -1.494064 0.228926 0.759364 0.859086 -0.336708 0.659763 1.369955 -1.017934 1.386183 0.890360 1.931298 -0.777043 -1.002155 
10 3.883779 1.834513 1.435424 1.955845 3.283572 0.442616 -1.208511 1.811982 2.387881 1.471332 1.571987 2.503641 1.142131 1.045927 -0.216328 2.958467 2.087309 0.454710 1.115754 1.685195 -0.539145 -0.707376 -0.644101 3.764360 1.925918 0.369234 -0.259730 0.858110 3.879349 -0.255107 0.858696 0.752303 1.301532 2.667672 0.521898 1.732025 0.175516 0.910113 0.528243 1.220117 0.091292 0.333576 2.798844 1.212049 1.559354 -0.811969 0.677239 -1.243123 0.450197 1.101589 0.888139 -0.226594 0.764526 1.174454 -1.006066 1.677056 0.883655 1.452800 -0.680323 -1.004409 
11 3.400819 1.761919 1.587317 2.093821 3.067652 0.483520 -0.961645 1.595622 2.179116 1.482504 1.225622 2.284482 1.221078 1.225405 -0.044140 3.019425 2.410615 0.108564 0.991873 1.708772 -0.402996 -0.283246 -0.632064 3.403265 1.551112 -0.070029 -0.062638 1.104076 3.509954 -0.195795 0.940490 1.079352 1.319607 2.506104 0.635318 1.804228 0.164755 1.229512 0.624869 0.893990 0.012286 0.599251 2.686687 1.091016 1.270110 -0.631900 0.431805 -1.010735 0.716091 1.302335 0.949416 -0.221133 0.838838 0.952371 -0.830025 1.714022 0.879429 1.269329 -0.534302 -0.829682 
12 2.975742 1.728499 1.786312 2.129901 2.834862 0.521397 -0.625827 1.453237 2.093984 1.525525 0.963987 2.184655 1.128026 1.322329 -0.237082 2.989308 2.454937 0.010773 0.700689 1.566762 -0.043309 0.257153 -0.440961 3.085034 1.268147 -0.336048 0.086283 1.371847 3.277325 -0.219881 0.952476 1.247891 1.338661 2.365713 0.723511 1.848824 0.055903 1.427746 0.710726 0.646398 0.144337 0.750329 2.712315 0.978136 1.122276 -0.392106 0.181188 -0.861584 0.921587 1.470467 0.992958 -0.095857 0.878872 0.868146 -0.547715 1.740864 0.754396 1.029375 -0.480288 -0.809220 
13 2.729118 1.703903 1.864978 2.050371 2.694627 0.530354 -0.323129 1.351466 2.063791 1.620485 0.896919 2.072416 1.208926 1.410069 -0.373744 2.951960 2.472128 -0.165694 0.574685 1.428003 0.190107 0.544657 -0.413868 2.949376 1.172042 -0.526889 0.228437 1.385711 3.104697 -0.055083 0.866972 1.311556 1.372095 2.265216 0.668870 1.891276 0.038572 1.381380 0.726654 0.625741 0.165700 0.942602 2.700532 0.918939 1.194274 -0.332580 0.102420 -0.758251 0.996342 1.504117 0.912726 0.073064 0.901890 0.889935 -0.382828 1.687626 0.699201 0.869061 -0.434118 -0.743187 
14 2.563281 1.688224 1.842841 1.921378 2.600504 0.499657 -0.101288 1.356089 2.083522 1.640430 0.971727 2.002543 1.194721 1.491459 -0.445266 2.929601 2.413145 -0.267993 0.447219 1.343164 0.363732 0.675569 -0.348883 2.803540 1.065345 -0.694914 0.363415 1.526003 2.939056 0.173141 0.814710 1.353764 1.426042 2.204861 0.649432 1.823919 0.019152 1.333323 0.736209 0.556408 0.181144 1.049742 2.650673 0.946876 1.154468 -0.299645 0.133482 -0.608798 0.891150 1.663902 0.848440 0.258855 0.908260 0.874573 -0.276665 1.635462 0.737316 0.655522 -0.422971 -0.579507 
15 2.453349 1.672737 1.839099 1.815821 2.446900 0.538900 0.057027 1.293429 2.155299 1.680829 0.985831 1.862426 1.196843 1.593277 -0.387583 2.867334 2.295417 -0.432743 0.406249 1.298284 0.557841 0.790163 -0.182270 2.687706 1.040805 -0.672770 0.513143 1.690927 2.773448 0.354751 0.738749 1.415713 1.422365 2.059349 0.680781 1.681444 -0.005957 1.346650 0.590852 0.553816 0.077563 1.085326 2.635030 0.929899 1.073692 -0.280533 0.173398 -0.552982 0.742936 1.765486 0.869448 0.498424 0.992516 0.866405 -0.120230 1.534318 0.675838 0.513685 -0.437985 -0.417418 
16 2.359067 1.618595 1.783098 1.764390 2.390999 0.577594 0.161831 1.210966 2.219641 1.638055 1.007457 1.781760 1.164374 1.670555 -0.342608 2.771156 2.229641 -0.532703 0.379568 1.238407 0.788028 0.858942 -0.034070 2.632922 1.041782 -0.630500 0.696438 1.822795 2.603867 0.468026 0.616265 1.407682 1.321530 1.997772 0.706533 1.564889 0.105412 1.333865 0.475688 0.510470 0.010866 1.109846 2.614101 0.876968 0.991750 -0.343306 0.239598 -0.444886 0.654837 1.834812 0.820608 0.546680 1.057436 0.881899 0.057793 1.540782 0.607368 0.454607 -0.348409 -0.308714 
17 2.357190 1.617651 1.781402 1.765808 2.389374 0.576985 0.163291 1.208316 2.223283 1.639281 1.008070 1.781561 1.163168 1.670732 -0.339908 2.768806 2.230386 -0.534799 0.378586 1.237522 0.793422 0.862571 -0.030408 2.630563 1.042165 -0.626943 0.701038 1.826129 2.600006 0.472558 0.615980 1.405753 1.318672 1.994710 0.707686 1.564701 0.105801 1.332671 0.473077 0.509582 0.011150 1.110488 2.611767 0.877726 0.991447 -0.343805 0.244094 -0.440473 0.653800 1.835803 0.820932 0.549204 1.058581 0.883023 0.063390 1.542571 0.607220 0.455232 -0.344764 -0.304634 
18 2.314355 1.589358 1.739315 1.786910 2.348802 0.547881 0.170657 1.150105 2.278581 1.657049 1.006761 1.771908 1.128005 1.657140 -0.301807 2.715541 2.237994 -0.580729 0.347650 1.211815 0.870645 0.915977 0.018756 2.574664 1.037436 -0.568993 0.766726 1.869714 2.523077 0.542760 0.606972 1.354346 1.257901 1.924793 0.717579 1.559145 0.092225 1.296234 0.418377 0.482568 0.008583 1.107764 2.553954 0.885641 0.978833 -0.359763 0.316494 -0.372188 0.627079 1.838464 0.818003 0.584653 1.064453 0.892077 0.149530 1.566402 0.597928 0.458990 -0.290203 -0.244464 
19 2.239979 1.544813 1.705187 1.803096 2.257096 0.532177 0.170258 1.100785 2.345037 1.682337 1.008554 1.710403 1.070303 1.676941 -0.256497 2.623379 2.183090 -0.623253 0.339089 1.195148 0.945822 0.918581 0.058697 2.531658 1.071651 -0.479755 0.801986 1.897430 2.410729 0.595816 0.599123 1.352818 1.211757 1.813076 0.725502 1.601264 0.095304 1.207309 0.395996 0.437832 0.003509 1.107136 2.468866 0.883927 0.973765 -0.302218 0.403615 -0.284535 0.613195 1.884023 0.812591 0.600872 1.088392 0.919889 0.261249 1.646540 0.640338 0.454809 -0.231894 -0.219920 
20 2.189573 1.512959 1.639174 1.781138 2.132716 0.483799 0.221564 1.042793 2.360420 1.713162 1.016086 1.655677 0.995300 1.677099 -0.199520 2.533609 2.100943 -0.658844 0.375936 1.151198 1.013079 0.891266 0.113393 2.426572 1.168614 -0.430700 0.872773 1.901843 2.337152 0.606891 0.643254 1.367305 1.110798 1.698294 0.737668 1.664084 0.132637 1.176424 0.353408 0.407032 -0.002350 1.075320 2.400074 0.929645 0.996596 -0.219653 0.487640 -0.188160 0.621859 1.908480 0.780228 0.616247 1.066149 0.912183 0.403737 1.715607 0.692920 0.440282 -0.169512 -0.167987 
21 2.133609 1.478050 1.559432 1.769499 2.106987 0.471397 0.241290 0.971074 2.377037 1.701969 1.021924 1.609379 0.923389 1.682336 -0.166558 2.418715 2.020972 -0.633795 0.414514 1.114913 1.062118 0.888951 0.185916 2.327853 1.233288 -0.413118 0.888641 1.897618 2.310069 0.629924 0.663904 1.382852 1.081733 1.528089 0.748117 1.667439 0.206514 1.149499 0.307035 0.407389 -0.012345 1.090089 2.325209 0.960259 1.030590 -0.124413 0.535213 -0.147159 0.661088 1.892181 0.790761 0.626054 1.008357 0.890943 0.505924 1.752565 0.772289 0.426333 -0.080322 -0.073910 
22 2.035379 1.483468 1.528654 1.740594 2.060599 0.447013 0.243395 0.924424 2.397283 1.653410 0.992848 1.573503 0.831913 1.647824 -0.119513 2.257981 1.936009 -0.579768 0.509760 1.111670 1.097946 0.895052 0.240850 2.233989 1.310166 -0.390060 0.862163 1.898328 2.262657 0.656687 0.648225 1.425840 1.084875 1.408151 0.768557 1.690009 0.279230 1.149026 0.273505 0.395114 0.028374 1.103152 2.227280 0.988855 1.049283 -0.046785 0.608941 -0.065616 0.715936 1.869042 0.735825 0.659257 0.949545 0.908237 0.580071 1.688779 0.788599 0.452511 0.007985 0.051142 
23 1.928497 1.514653 1.460280 1.675679 1.960694 0.402444 0.317959 0.898330 2.394296 1.516661 0.966230 1.565893 0.792005 1.561200 -0.018036 2.140999 1.850767 -0.463141 0.593659 1.077718 1.127365 0.866993 0.347032 2.112659 1.341671 -0.318187 0.829793 1.916224 2.138390 0.712503 0.618795 1.468199 1.099870 1.194341 0.821699 1.709886 0.432885 1.127027 0.231221 0.368318 0.087503 1.092071 2.071184 1.065171 1.106813 0.070460 0.644385 0.052306 0.806108 1.801769 0.690061 0.708654 0.932852 0.953555 0.618819 1.606796 0.787591 0.518679 0.098914 0.128732 
24 1.839886 1.517951 1.421271 1.612618 1.842710 0.413484 0.400550 0.835376 2.370573 1.406666 0.918335 1.579740 0.758932 1.499644 0.063805 2.017675 1.795880 -0.342909 0.683559 1.037611 1.159005 0.856346 0.463197 2.031580 1.390661 -0.253812 0.828540 1.855797 2.032469 0.749855 0.615317 1.454458 1.101741 1.016477 0.859606 1.654134 0.545505 1.146259 0.269555 0.326495 0.153890 1.097650 1.894815 1.136354 1.144859 0.139798 0.685859 0.135971 0.864112 1.778079 0.647373 0.771651 0.944235 0.987260 0.607796 1.558176 0.827038 0.594916 0.128696 0.199483 
25 1.837913 1.518092 1.420123 1.610747 1.840402 0.414231 0.402739 0.834442 2.369985 1.404400 0.916776 1.580127 0.758361 1.498625 0.065706 2.015628 1.794721 -0.339638 0.686110 1.037312 1.160033 0.856377 0.465474 2.029936 1.391623 -0.251961 0.829055 1.854688 2.029942 0.750973 0.615646 1.454673 1.101914 1.013310 0.860420 1.652776 0.548081 1.147148 0.270629 0.325957 0.155873 1.098266 1.891281 1.138439 1.146065 0.141869 0.687472 0.137943 0.865530 1.777447 0.647547 0.773499 0.944445 0.989168 0.608124 1.557925 0.828045 0.597379 0.129798 0.201686 
26 1.735615 1.501835 1.341605 1.497709 1.736319 0.436798 0.478825 0.792041 2.319987 1.299295 0.815572 1.577095 0.716783 1.449073 0.122258 1.932198 1.727330 -0.207795 0.784038 1.022579 1.188900 0.841134 0.524289 1.945544 1.403288 -0.182435 0.846195 1.794352 1.899399 0.784057 0.618936 1.457023 1.093157 0.889077 0.871934 1.572981 0.632691 1.175323 0.300830 0.295092 0.228751 1.115255 1.739829 1.218722 1.183441 0.222948 0.752000 0.199384 0.904026 1.726319 0.668593 0.842706 0.929555 1.083004 0.617840 1.553789 0.850810 0.698763 0.168116 0.288089 
27 1.669999 1.491413 1.289940 1.418556 1.659788 0.476101 0.505850 0.764354 2.257222 1.220909 0.798633 1.561307 0.667363 1.404355 0.184179 1.840945 1.683281 -0.132004 0.845493 1.042013 1.204912 0.824188 0.578138 1.862621 1.400362 -0.152120 0.868718 1.749374 1.814739 0.820115 0.655192 1.442049 1.104542 0.841650 0.871029 1.533624 0.688742 1.163749 0.336176 0.285727 0.290238 1.141795 1.679438 1.243873 1.212412 0.258217 0.766514 0.245931 0.924706 1.679032 0.704985 0.925284 0.927013 1.108242 0.626353 1.566235 0.840998 0.783714 0.206821 0.312322 
28 1.626568 1.480901 1.256159 1.361744 1.616203 0.503812 0.534865 0.756905 2.218218 1.204568 0.793479 1.518169 0.642692 1.381142 0.238505 1.784434 1.630826 -0.067533 0.870722 1.046692 1.198022 0.841072 0.612195 1.818039 1.385376 -0.140590 0.858201 1.728488 1.746754 0.828950 0.681600 1.404431 1.107387 0.820920 0.883507 1.517432 0.737533 1.178406 0.375374 0.305435 0.329518 1.156274 1.635937 1.247917 1.234485 0.278094 0.796198 0.298599 0.914602 1.619396 0.733531 0.951524 0.941719 1.105500 0.633616 1.564281 0.840907 0.836544 0.227836 0.330053 
29 1.540423 1.466021 1.197102 1.259672 1.510840 0.532743 0.572527 0.731354 2.101889 1.199949 0.797334 1.374973 0.639134 1.293658 0.319275 1.672905 1.529938 0.097416 0.903826 1.055642 1.155596 0.889996 0.709795 1.735954 1.316097 -0.033898 0.858616 1.616042 1.617935 0.877883 0.745751 1.376863 1.104976 0.814309 0.934981 1.420467 0.842523 1.178621 0.468627 0.395411 0.418533 1.181042 1.547796 1.276649 1.237063 0.373927 0.853217 0.424983 0.902145 1.524496 0.747898 0.982473 0.948361 1.058833 0.642877 1.581971 0.787070 0.914562 0.317104 0.399078 
30 1.410254 1.442155 1.135162 1.151202 1.419121 0.581867 0.625929 0.755568 1.925652 1.156866 0.834190 1.251931 0.698327 1.198395 0.425648 1.504238 1.383402 0.264589 0.949651 1.072609 1.098013 0.982626 0.853615 1.613813 1.232186 0.079896 0.850328 1.465403 1.451252 0.903771 0.829553 1.347944 1.088877 0.806306 0.971376 1.301838 0.908281 1.157503 0.561073 0.545292 0.510722 1.195306 1.426555 1.343249 1.214741 0.470521 0.942619 0.570526 0.909889 1.442844 0.780505 0.977869 0.960805 1.024747 0.689722 1.589370 0.733603 1.011996 0.410236 0.465665 
31 1.256863 1.410157 1.052687 1.067800 1.308187 0.652236 0.702534 0.746841 1.688948 1.154507 0.865469 1.154854 0.782319 1.086120 0.521547 1.316108 1.201608 0.463467 1.008294 1.107107 1.029007 1.055933 1.007792 1.498229 1.101213 0.232870 0.870491 1.356302 1.307232 0.923134 0.905647 1.283686 1.100267 0.843584 0.976300 1.238289 1.002105 1.138205 0.650106 0.725659 0.565882 1.146974 1.240600 1.357178 1.176546 0.553370 1.005371 0.717722 0.946674 1.376443 0.817162 1.014588 0.959549 1.021112 0.730788 1.595512 0.711989 1.082141 0.515850 0.567498 
32 1.183579 1.382418 1.016757 1.045043 1.234655 0.726138 0.752243 0.779524 1.519447 1.152767 0.884336 1.067585 0.851480 1.022359 0.594085 1.207593 1.081032 0.637420 1.059207 1.090791 1.004790 1.106824 1.087689 1.422331 1.050830 0.313946 0.893127 1.260588 1.232397 0.965022 0.940725 1.236843 1.090998 0.874969 1.005554 1.209328 1.029671 1.104397 0.671563 0.782502 0.590529 1.118301 1.119225 1.346757 1.118985 0.601937 1.036804 0.840713 0.970834 1.309000 0.873484 1.044524 0.935197 1.027822 0.742507 1.583321 0.707475 1.106802 0.590870 0.623735 
33 1.171568 1.378422 1.011202 1.041947 1.222609 0.739776 0.761708 0.785686 1.491141 1.152931 0.888297 1.053231 0.864056 1.011841 0.607308 1.189616 1.060860 0.668064 1.068683 1.088824 1.001195 1.116394 1.102010 1.409721 1.042977 0.328552 0.897925 1.244737 1.220039 0.972787 0.947245 1.229455 1.089868 0.881162 1.011176 1.204941 1.034961 1.099190 0.675851 0.793027 0.595520 1.114174 1.098955 1.345507 1.109781 0.611173 1.042773 0.862651 0.975528 1.297933 0.883989 1.050196 0.931599 1.029630 0.745015 1.581782 0.707438 1.111681 0.604415 0.634168 
34 1.100893 1.367752 0.976043 1.052207 1.160489 0.829520 0.834424 0.797959 1.380838 1.135696 0.917559 0.991884 0.915220 0.937503 0.674899 1.099019 0.950509 0.820730 1.110473 1.107967 0.958912 1.168860 1.152895 1.312748 1.021851 0.410603 0.957014 1.158644 1.135468 0.988926 0.942674 1.186700 1.063429 0.927220 1.030301 1.177003 1.044474 1.063063 0.697029 0.861781 0.621505 1.104088 0.997334 1.327787 1.067608 0.695377 1.046154 0.979496 0.971481 1.230145 0.942831 1.058873 0.907143 1.032652 0.726464 1.559672 0.717976 1.120920 0.666139 0.689972 
35 1.051116 1.372013 0.968608 1.039000 1.114556 0.909321 0.871949 0.787382 1.319554 1.131028 0.932243 0.953773 0.941404 0.912854 0.731642 1.041790 0.906796 0.935438 1.124163 1.113325 0.930906 1.189970 1.156626 1.254177 1.008646 0.472360 0.982788 1.130538 1.090791 0.995948 0.932427 1.162582 1.019746 0.944722 1.033075 1.153829 1.047684 1.020882 0.732281 0.926804 0.639030 1.092360 0.951533 1.352815 1.025215 0.722005 1.032210 1.058104 0.984849 1.186476 0.978950 1.068375 0.881324 1.031746 0.732974 1.528695 0.736261 1.112379 0.705957 0.718073 
36 1.044261 1.361731 0.937568 1.026429 1.091803 0.970095 0.899770 0.782954 1.268713 1.116959 0.931481 0.928010 0.978754 0.901430 0.772950 1.007097 0.881845 0.992281 1.145577 1.103669 0.916304 1.222883 1.162303 1.220422 1.005170 0.533162 0.983894 1.134543 1.061353 0.996249 0.909897 1.149122 0.991710 0.957861 1.013780 1.154768 1.042685 0.986607 0.771073 0.951954 0.670966 1.086899 0.931923 1.365506 0.987868 0.755212 1.024050 1.097194 0.982940 1.156301 0.983242 1.085548 0.850677 1.003067 0.736468 1.509177 0.753970 1.119443 0.728114 0.742276 
37 1.037030 1.356622 0.911565 1.013028 1.081281 1.013507 0.910090 0.780033 1.252230 1.114491 0.930535 0.917076 1.017285 0.870745 0.803812 0.983262 0.865993 1.032077 1.150676 1.093913 0.917156 1.233575 1.159175 1.198679 0.997631 0.567800 0.984147 1.127532 1.032436 0.995062 0.902660 1.142193 0.978537 0.964505 1.009115 1.155166 1.036556 0.980590 0.794652 0.965207 0.685740 1.084488 0.936646 1.361058 0.960812 0.776679 1.020876 1.113880 0.981275 1.145943 0.974988 1.101367 0.825763 0.989063 0.748955 1.489620 0.782058 1.125926 0.747438 0.747629 
38 1.025551 1.355436 0.892382 1.000276 1.071863 1.041155 0.915220 0.780368 1.247989 1.100252 0.930335 0.903541 1.049984 0.857079 0.829097 0.959909 0.852047 1.053537 1.146113 1.092367 0.922426 1.245738 1.149375 1.182232 0.982188 0.595115 0.985321 1.116677 1.025840 0.994436 0.896848 1.128466 0.957269 0.982069 1.006432 1.151059 1.040919 0.975005 0.810075 0.965013 0.694172 1.073217 0.943349 1.359604 0.944893 0.806333 1.033279 1.120693 0.996907 1.134133 0.971376 1.121918 0.816749 0.973847 0.752127 1.469178 0.810864 1.126878 0.759023 0.750224 
39 1.015630 1.348290 0.880711 0.989046 1.068194 1.066348 0.912669 0.779659 1.242824 1.091657 0.934865 0.900530 1.068361 0.842901 0.840240 0.947523 0.833740 1.065731 1.146635 1.083636 0.919766 1.245508 1.147160 1.172161 0.962721 0.622031 0.989561 1.110131 1.022664 0.999298 0.891269 1.123886 0.930048 0.994849 1.008814 1.158798 1.039372 0.976297 0.824695 0.958727 0.700511 1.083514 0.946165 1.360798 0.940351 0.823207 1.043491 1.120084 1.011845 1.125766 0.973836 1.131958 0.820771 0.959103 0.756279 1.446355 0.828513 1.122372 0.766449 0.756334 
40 1.015236 1.347764 0.879318 0.988127 1.067225 1.068232 0.912664 0.779532 1.241573 1.091408 0.935694 0.900264 1.068948 0.841653 0.841107 0.946535 0.832538 1.066074 1.146516 1.083410 0.919613 1.245735 1.146302 1.172003 0.961590 0.623750 0.989428 1.109928 1.022382 0.999244 0.890588 1.122933 0.928663 0.995486 1.009075 1.158595 1.038727 0.976636 0.825147 0.957825 0.700897 1.084380 0.946049 1.361283 0.940211 0.824442 1.044074 1.119500 1.012996 1.125362 0.973655 1.132133 0.821231 0.958358 0.756352 1.444474 0.829453 1.121458 0.768124 0.756210 
41 1.011647 1.342110 0.860473 0.976435 1.054209 1.097353 0.914684 0.779282 1.224511 1.089717 0.949796 0.898020 1.078509 0.825015 0.855459 0.934100 0.817196 1.072089 1.146520 1.082427 0.919295 1.251236 1.135129 1.172161 0.947400 0.649752 0.988856 1.109146 1.020042 0.999778 0.882363 1.110442 0.910894 1.006119 1.014532 1.156548 1.030657 0.983568 0.832638 0.946152 0.708373 1.098881 0.945752 1.370335 0.940269 0.843890 1.054209 1.112272 1.031414 1.121460 0.972601 1.135730 0.829731 0.949770 0.759019 1.418867 0.844425 1.109630 0.795109 0.755713 
42 1.007511 1.339399 0.847994 0.961169 1.038430 1.130870 0.913877 0.787730 1.201210 1.087993 0.954308 0.886055 1.087533 0.803498 0.861483 0.919975 0.817500 1.075091 1.143256 1.090870 0.910631 1.250845 1.142095 1.181264 0.932015 0.666569 0.998264 1.111514 1.020822 1.000778 0.871104 1.094243 0.885953 1.011961 1.019252 1.157864 1.024388 0.984801 0.836962 0.935253 0.724862 1.109289 0.944124 1.376838 0.942453 0.869090 1.067649 1.100208 1.038862 1.116198 0.972281 1.136265 0.835872 0.944620 0.768500 1.383231 0.870630 1.099302 0.826490 0.752376 
43 1.003907 1.336855 0.844120 0.964871 1.030778 1.140765 0.918348 0.790101 1.194481 1.090644 0.959332 0.882078 1.088188 0.794761 0.862590 0.921138 0.816755 1.070751 1.145276 1.094284 0.908949 1.247586 1.147512 1.181729 0.926492 0.670012 0.992965 1.110542 1.019230 1.001352 0.866778 1.088696 0.875626 1.015269 1.022657 1.155278 1.027100 0.982096 0.840975 0.932041 0.734190 1.112499 0.946933 1.379333 0.936508 0.874800 1.073097 1.091592 1.042995 1.110908 0.973188 1.137957 0.835699 0.947809 0.772138 1.371779 0.880599 1.096174 0.835255 0.753571 
44 1.002804 1.334947 0.841763 0.965230 1.028361 1.143411 0.918774 0.791759 1.189911 1.089307 0.960738 0.877386 1.086604 0.787109 0.863803 0.923612 0.815976 1.065076 1.144796 1.095268 0.910715 1.246385 1.150723 1.182236 0.926797 0.673431 0.989189 1.111166 1.020043 1.002936 0.863244 1.085437 0.871437 1.019783 1.027140 1.151802 1.026698 0.981301 0.845399 0.932809 0.737749 1.114203 0.945728 1.379469 0.935945 0.877185 1.071579 1.090496 1.047144 1.108989 0.975123 1.138041 0.834557 0.950401 0.776320 1.365764 0.888588 1.095162 0.836637 0.754242 
45 1.001051 1.331777 0.842116 0.965815 1.024842 1.146737 0.916813 0.792041 1.184013 1.085621 0.965879 0.873275 1.084983 0.779427 0.866909 0.928895 0.814356 1.057506 1.143140 1.094601 0.909647 1.248263 1.153675 1.184634 0.927472 0.677678 0.985787 1.112807 1.020823 1.003840 0.862812 1.084231 0.865329 1.024632 1.030155 1.146109 1.028028 0.980907 0.850998 0.932337 0.740535 1.116636 0.942723 1.377124 0.936289 0.880828 1.070135 1.089595 1.049859 1.104571 0.975450 1.139674 0.830236 0.956691 0.781923 1.358066 0.898291 1.094086 0.839111 0.754309 
46 0.996204 1.334518 0.843893 0.963537 1.020452 1.149570 0.916118 0.796316 1.177852 1.079551 0.972843 0.870409 1.081756 0.777337 0.869029 0.936552 0.813517 1.046710 1.142731 1.093190 0.911473 1.248518 1.161168 1.187007 0.927176 0.686380 0.978615 1.113125 1.018923 1.004338 0.864512 1.078545 0.855411 1.031147 1.038384 1.141084 1.024406 0.980234 0.863692 0.931080 0.737052 1.117787 0.939687 1.371330 0.939018 0.886178 1.064933 1.085907 1.050837 1.097893 0.974621 1.140922 0.820514 0.964023 0.785782 1.348532 0.910066 1.094553 0.850206 0.758168 
47 0.993216 1.330206 0.853171 0.959203 1.015037 1.149387 0.916177 0.803445 1.173054 1.074796 0.981179 0.867649 1.080588 0.773337 0.873419 0.944899 0.811610 1.039028 1.142284 1.094039 0.916055 1.249166 1.164184 1.187012 0.927074 0.692440 0.972792 1.115478 1.017101 1.004471 0.861459 1.075530 0.842339 1.034191 1.046453 1.136298 1.021406 0.980526 0.875160 0.933505 0.738136 1.116295 0.934113 1.362443 0.944869 0.888084 1.061647 1.077655 1.052705 1.096546 0.976435 1.143447 0.809455 0.966488 0.785501 1.342763 0.920167 1.097227 0.864300 0.762786 
48 0.991598 1.327939 0.857603 0.956939 1.012232 1.149113 0.916035 0.806800 1.170532 1.072336 0.985140 0.866163 1.079890 0.771245 0.875433 0.948858 0.810518 1.035138 1.141922 1.094332 0.918164 1.249318 1.165510 1.186853 0.926879 0.695286 0.969790 1.116482 1.016073 1.004396 0.859778 1.073899 0.835791 1.035530 1.050279 1.133804 1.019782 0.980524 0.880669 0.934538 0.738528 1.115393 0.931240 1.357932 0.947610 0.888870 1.059885 1.073452 1.053457 1.095739 0.977180 1.144544 0.803892 0.967539 0.785232 1.339798 0.924991 1.098370 0.871090 0.764902 
49 0.985375 1.327923 0.869366 0.953100 1.003960 1.143427 0.912089 0.809252 1.161464 1.066273 0.995145 0.864811 1.085330 0.767788 0.881287 0.961225 0.805842 1.029689 1.144894 1.100289 0.925026 1.249119 1.169001 1.183841 0.927088 0.702142 0.962511 1.118296 1.016432 1.005015 0.851042 1.070491 0.823538 1.037608 1.057555 1.125706 1.013962 0.981177 0.896471 0.931774 0.742645 1.111919 0.927319 1.346302 0.958494 0.888051 1.056869 1.064241 1.050908 1.090388 0.980593 1.144546 0.794477 0.968449 0.791343 1.334691 0.938210 1.097018 0.887270 0.770314 
50 0.981566 1.327802 0.875905 0.952934 1.001417 1.141620 0.912638 0.813462 1.157118 1.064044 0.998764 0.864937 1.085624 0.763139 0.885421 0.963528 0.804566 1.026394 1.144243 1.100965 0.927555 1.250107 1.170395 1.183338 0.927852 0.707067 0.958327 1.117981 1.015395 1.006526 0.846698 1.073381 0.818403 1.040382 1.059038 1.121056 1.012376 0.981913 0.905859 0.927514 0.743530 1.105435 0.926138 1.342840 0.966787 0.885577 1.054164 1.057794 1.047588 1.085973 0.984147 1.144405 0.791407 0.967846 0.795146 1.333014 0.945432 1.094452 0.896432 0.774544 
51 0.979884 1.328185 0.878091 0.953157 1.001080 1.140824 0.913083 0.815049 1.154658 1.063750 0.999049 0.864746 1.085988 0.761369 0.886574 0.965144 0.803795 1.025239 1.142863 1.102001 0.928600 1.250139 1.170217 1.183287 0.929150 0.709023 0.956752 1.117583 1.015027 1.006173 0.846104 1.074479 0.816438 1.040572 1.058420 1.119432 1.012317 0.981178 0.908139 0.925937 0.743021 1.104598 0.926143 1.341365 0.969124 0.884197 1.053198 1.056412 1.046689 1.084863 0.984990 1.144862 0.791867 0.967019 0.795828 1.331887 0.948259 1.094891 0.899836 0.776994 
52 0.976064 1.328869 0.879902 0.956124 1.002877 1.137039 0.917183 0.817237 1.149245 1.060941 1.001208 0.860879 1.085362 0.758610 0.887479 0.968044 0.802756 1.025846 1.141221 1.104932 0.931581 1.250790 1.168581 1.183480 0.930810 0.714828 0.952885 1.117260 1.014843 1.005721 0.848474 1.077709 0.809828 1.039975 1.056956 1.115995 1.010684 0.980228 0.913330 0.922459 0.744211 1.101469 0.926366 1.336445 0.975400 0.879988 1.050571 1.052781 1.043323 1.085853 0.986936 1.145991 0.793521 0.966453 0.797828 1.326507 0.953927 1.095696 0.906397 0.780374 
53 0.974249 1.328864 0.879760 0.957548 0.999554 1.132525 0.922680 0.817874 1.145370 1.056819 1.002984 0.860543 1.086464 0.757918 0.887039 0.968988 0.801790 1.024967 1.137138 1.109488 0.935215 1.250748 1.167379 1.187281 0.932761 0.721297 0.946870 1.115625 1.013566 1.006141 0.853779 1.083982 0.802940 1.040514 1.055528 1.112439 1.008663 0.979587 0.916009 0.919699 0.749163 1.098275 0.927003 1.328362 0.981714 0.873656 1.047185 1.051780 1.040842 1.085682 0.992991 1.144219 0.793314 0.964098 0.798956 1.318982 0.961077 1.095550 0.913457 0.785972 
54 0.973322 1.328550 0.879944 0.958367 0.997278 1.129307 0.924525 0.818758 1.142135 1.055293 1.005309 0.859744 1.087142 0.757863 0.886911 0.966989 0.802236 1.024671 1.135796 1.110973 0.939268 1.250251 1.165828 1.189740 0.932678 0.724677 0.945153 1.116051 1.012745 1.005827 0.856142 1.088501 0.799911 1.039791 1.055167 1.110581 1.007432 0.978661 0.917979 0.919080 0.751259 1.097471 0.928348 1.323689 0.984221 0.871562 1.045138 1.050624 1.039453 1.083756 0.995318 1.141744 0.794613 0.964624 0.797668 1.315729 0.965994 1.095971 0.915327 0.789685 
55 0.973292 1.328553 0.879971 0.958440 0.997159 1.129120 0.924645 0.818832 1.141948 1.055225 1.005461 0.859734 1.087195 0.757869 0.886921 0.966889 0.802283 1.024671 1.135733 1.111078 0.939544 1.250246 1.165750 1.189897 0.932692 0.724893 0.945073 1.116100 1.012710 1.005829 0.856317 1.088783 0.799731 1.039766 1.055163 1.110483 1.007373 0.978632 0.918111 0.919068 0.751413 1.097435 0.928447 1.323434 0.984390 0.871459 1.045033 1.050574 1.039381 1.083649 0.995475 1.141620 0.794708 0.964668 0.797607 1.315540 0.966304 1.096012 0.915453 0.789933 
56 0.973413 1.328638 0.879955 0.959570 0.995688 1.125812 0.925065 0.819838 1.138796 1.054942 1.006622 0.861015 1.087133 0.757280 0.886789 0.965728 0.802807 1.024542 1.134745 1.111952 0.943396 1.250378 1.164506 1.190819 0.932752 0.726932 0.944422 1.116772 1.011908 1.005951 0.859134 1.091125 0.796419 1.039425 1.055017 1.108961 1.006344 0.978753 0.919194 0.919299 0.753547 1.096208 0.929405 1.321016 0.986108 0.870548 1.043532 1.049973 1.037851 1.081601 0.996911 1.140668 0.795552 0.964540 0.796629 1.312330 0.969431 1.095948 0.916468 0.792894 
57 0.973299 1.327861 0.880623 0.962954 0.994152 1.120877 0.924271 0.822534 1.133587 1.054191 1.007100 0.863494 1.086642 0.758307 0.886856 0.964020 0.801526 1.023720 1.134418 1.114238 0.951558 1.249645 1.161171 1.194915 0.932646 0.730099 0.943428 1.116530 1.008510 1.008126 0.863440 1.094700 0.791719 1.038036 1.053099 1.106400 1.006986 0.978530 0.922628 0.920805 0.757057 1.094306 0.930415 1.316791 0.988326 0.871159 1.039607 1.048937 1.034927 1.079237 1.000005 1.138287 0.797342 0.963580 0.795652 1.305864 0.974548 1.094871 0.918893 0.795616 
58 0.971900 1.328149 0.883021 0.965745 0.993339 1.115104 0.925845 0.823660 1.128898 1.053754 1.007633 0.865654 1.086480 0.758325 0.887683 0.962295 0.799796 1.021227 1.135002 1.114088 0.958185 1.247856 1.156665 1.199647 0.932561 0.733489 0.944419 1.116790 1.006763 1.011311 0.868237 1.096398 0.788679 1.036351 1.050771 1.103635 1.006566 0.978785 0.925378 0.922232 0.761260 1.092100 0.931667 1.313129 0.988921 0.872302 1.036153 1.047556 1.032287 1.076369 1.004157 1.135098 0.798372 0.961582 0.795333 1.299118 0.978928 1.096170 0.921703 0.798118 
59 0.971053 1.328335 0.884164 0.966444 0.993204 1.113159 0.926206 0.824276 1.127109 1.053276 1.008391 0.867160 1.085590 0.758551 0.887107 0.961862 0.799094 1.020969 1.135076 1.113160 0.960602 1.246812 1.155030 1.201213 0.932466 0.734663 0.944146 1.117417 1.006086 1.012278 0.869780 1.097156 0.787725 1.036319 1.049863 1.101976 1.006416 0.978770 0.925997 0.922648 0.763450 1.090837 0.932035 1.311280 0.988521 0.873444 1.034856 1.047498 1.030963 1.075817 1.005665 1.133840 0.799659 0.960460 0.795473 1.297086 0.981292 1.096962 0.923131 0.798904 
60 0.970282 1.327691 0.885253 0.967432 0.992029 1.110933 0.926411 0.824848 1.125374 1.052793 1.009717 0.868508 1.084406 0.759034 0.886401 0.962197 0.800079 1.020292 1.136634 1.111424 0.963361 1.245928 1.152866 1.202550 0.931905 0.735994 0.943494 1.116663 1.005342 1.013729 0.871010 1.098254 0.786727 1.036171 1.047437 1.100301 1.005646 0.979501 0.926015 0.924337 0.765115 1.088760 0.932458 1.308785 0.988578 0.874927 1.032998 1.047832 1.029653 1.074612 1.007469 1.132712 0.802418 0.958900 0.796241 1.293808 0.984316 1.098626 0.925335 0.800144 
61 0.969864 1.322922 0.888320 0.968063 0.991372 1.108516 0.926560 0.825220 1.122447 1.051384 1.011658 0.870480 1.084679 0.758519 0.883652 0.962156 0.803791 1.018288 1.138389 1.108212 0.967611 1.241983 1.149868 1.201901 0.933453 0.738865 0.941245 1.117070 1.004567 1.014972 0.874384 1.097588 0.786545 1.034607 1.042288 1.097251 1.005308 0.981089 0.929241 0.926001 0.766833 1.084211 0.935623 1.303830 0.989102 0.879230 1.032604 1.051279 1.027721 1.073989 1.012675 1.129856 0.807129 0.959099 0.795947 1.287450 0.985494 1.098110 0.929678 0.803212 
62 0.969862 1.322861 0.888333 0.968052 0.991372 1.108468 0.926570 0.825236 1.122407 1.051383 1.011685 0.870509 1.084666 0.758527 0.883631 0.962144 0.803838 1.018272 1.138371 1.108186 0.967638 1.241916 1.149833 1.201877 0.933486 0.738895 0.941219 1.117061 1.004558 1.015001 0.874401 1.097583 0.786531 1.034577 1.042208 1.097204 1.005287 0.981117 0.929292 0.926009 0.766849 1.084156 0.935633 1.303734 0.989076 0.879285 1.032594 1.051296 1.027716 1.073958 1.012718 1.129816 0.807185 0.959101 0.795960 1.287367 0.985484 1.098100 0.929713 0.803235 
63 0.970412 1.317892 0.889840 0.967335 0.992092 1.104295 0.928339 0.827573 1.119316 1.052186 1.014963 0.873970 1.083914 0.760129 0.882531 0.961625 0.809062 1.017510 1.136661 1.106700 0.970497 1.236129 1.147292 1.200067 0.937502 0.742287 0.939548 1.116649 1.004352 1.018738 0.876404 1.097881 0.785716 1.032188 1.034988 1.093260 1.003733 0.984617 0.935026 0.927231 0.768944 1.079789 0.936731 1.294736 0.986861 0.885199 1.032363 1.053190 1.028324 1.071305 1.017244 1.126677 0.813080 0.960018 0.798153 1.280211 0.984781 1.097882 0.933335 0.805947 
64 0.971048 1.310350 0.892940 0.967316 0.990671 1.098186 0.930054 0.830695 1.114499 1.053396 1.019047 0.878368 1.083992 0.764075 0.881257 0.959519 0.816478 1.017859 1.132389 1.104103 0.973251 1.228991 1.143325 1.194906 0.943790 0.748108 0.935939 1.116345 1.003929 1.026027 0.878995 1.096157 0.785156 1.031190 1.025565 1.088875 1.004040 0.989856 0.940689 0.928193 0.771105 1.075858 0.938970 1.284125 0.985179 0.893690 1.030198 1.052787 1.027413 1.070245 1.023192 1.120327 0.820047 0.962360 0.802297 1.269829 0.984113 1.099913 0.936771 0.810310 
65 0.971616 1.304950 0.895202 0.966688 0.990640 1.094402 0.931941 0.832651 1.111903 1.053842 1.020939 0.881167 1.082998 0.766512 0.881798 0.958625 0.820380 1.017748 1.129878 1.103800 0.975377 1.224881 1.141700 1.191365 0.945295 0.752034 0.934106 1.115196 1.005325 1.029324 0.880148 1.095466 0.785457 1.030776 1.020502 1.087171 1.004440 0.993169 0.943254 0.928190 0.772449 1.074532 0.940190 1.279541 0.983437 0.897635 1.028924 1.053990 1.025555 1.069584 1.025406 1.116621 0.822976 0.963886 0.804127 1.264414 0.984758 1.100600 0.939055 0.811964 
66 0.974845 1.290392 0.903362 0.964176 0.992340 1.083373 0.938156 0.836330 1.104520 1.056915 1.024588 0.889335 1.081608 0.774333 0.882813 0.954091 0.832066 1.016155 1.123573 1.101973 0.981457 1.213308 1.136686 1.180368 0.949891 0.764969 0.927560 1.111020 1.008761 1.036202 0.883116 1.094496 0.786600 1.030189 1.008725 1.082027 1.005981 1.000592 0.948993 0.929286 0.776708 1.072320 0.941645 1.265606 0.979390 0.909461 1.025205 1.055963 1.019364 1.066404 1.032968 1.108941 0.832347 0.968926 0.810281 1.248509 0.986306 1.101675 0.945892 0.814049 
67 0.978537 1.261463 0.919597 0.954796 0.996454 1.055187 0.949789 0.845613 1.087693 1.058990 1.035577 0.906481 1.075928 0.788729 0.885426 0.946792 0.860880 1.014553 1.112237 1.097779 0.991993 1.194209 1.124684 1.161418 0.962577 0.794546 0.916900 1.098538 1.011231 1.046083 0.887951 1.088853 0.791496 1.028278 0.986822 1.077249 1.013396 1.016051 0.960144 0.931720 0.785902 1.069586 0.946402 1.236951 0.965280 0.931733 1.018599 1.056927 1.006655 1.062008 1.052661 1.095377 0.851067 0.977505 0.824563 1.216843 0.990822 1.097471 0.957718 0.821221 
68 0.990627 1.166577 0.980547 0.919572 1.017423 0.970857 0.988790 0.883936 1.034561 1.075918 1.079615 0.961603 1.058470 0.836393 0.891134 0.920741 0.957126 1.006183 1.082867 1.092796 1.023976 1.130274 1.081435 1.103221 0.996399 0.898984 0.879287 1.055380 1.012393 1.074677 0.905701 1.061163 0.804249 1.014586 0.914102 1.054052 1.038726 1.067725 0.985984 0.928337 0.822253 1.056521 0.963641 1.140763 0.927524 1.007941 0.984377 1.067483 0.972290 1.047218 1.112801 1.051734 0.906580 1.003436 0.878782 1.117403 1.003445 1.083604 0.982335 0.853553 
69 0.990903 1.165241 0.981423 0.919129 1.017771 0.969614 0.989393 0.884496 1.033792 1.076189 1.080336 0.962418 1.058259 0.837133 0.891264 0.920372 0.958597 1.006087 1.082465 1.092725 1.024470 1.129284 1.080800 1.102412 0.996859 0.900421 0.878823 1.054774 1.012363 1.075024 0.905943 1.060811 0.804461 1.014499 0.913083 1.053713 1.039160 1.068473 0.986440 0.928248 0.822775 1.056383 0.963851 1.139436 0.927030 1.009059 0.983945 1.067716 0.971824 1.047081 1.113714 1.051123 0.907353 1.003791 0.879645 1.115927 1.003643 1.083486 0.982726 0.854098 
70 0.994726 1.146364 0.993067 0.912853 1.022349 0.951715 0.997419 0.891843 1.022585 1.079644 1.090278 0.973359 1.055002 0.847204 0.892806 0.914798 0.978913 1.004431 1.076461 1.091248 1.030969 1.114698 1.071452 1.090879 1.002608 0.919566 0.872300 1.045931 1.011248 1.079024 0.908707 1.055644 0.807103 1.013349 0.898678 1.048556 1.045017 1.078361 0.992728 0.926343 0.829452 1.054172 0.966108 1.120883 0.919912 1.024203 0.977751 1.070850 0.965004 1.045097 1.126078 1.042294 0.917453 1.008134 0.891502 1.094798 1.005985 1.081725 0.987852 0.861513 
71 0.997057 1.119020 1.008995 0.905524 1.029709 0.929855 1.008571 0.897412 1.003690 1.084824 1.104777 0.989859 1.048514 0.861797 0.897084 0.908628 1.005989 1.003415 1.064173 1.089495 1.041519 1.094809 1.060296 1.079372 1.010372 0.945298 0.861771 1.031636 1.009886 1.084042 0.909081 1.049837 0.811347 1.010167 0.882350 1.043760 1.050187 1.091061 0.999873 0.924966 0.837738 1.048495 0.972162 1.096353 0.912794 1.048176 0.971738 1.075039 0.954714 1.043038 1.143868 1.032336 0.929473 1.013798 0.907539 1.065297 1.006901 1.081868 0.991683 0.872198 
72 0.999240 1.106101 1.016814 0.901777 1.032928 0.918502 1.015016 0.898294 0.997446 1.085551 1.108267 0.997091 1.045659 0.865921 0.903328 0.905628 1.016722 1.005717 1.060816 1.088605 1.045243 1.086222 1.057841 1.077707 1.012674 0.952750 0.855579 1.026736 1.008799 1.086117 0.910692 1.045665 0.811419 1.011320 0.874385 1.041299 1.049813 1.093226 1.001865 0.924655 0.839859 1.047991 0.975733 1.085961 0.910488 1.059938 0.967706 1.075629 0.951247 1.042672 1.149691 1.028132 0.936253 1.016754 0.915160 1.054864 1.006795 1.079593 0.993463 0.878743 
73 0.999273 1.105816 1.017039 0.901788 1.032913 0.918349 1.015106 0.898243 0.997318 1.085526 1.108424 0.997281 1.045631 0.866004 0.903461 0.905619 1.016889 1.005776 1.060758 1.088568 1.045170 1.086152 1.057736 1.077729 1.012686 0.952857 0.855527 1.026682 1.008777 1.086129 0.910816 1.045695 0.811382 1.011304 0.874154 1.041208 1.049923 1.093259 1.001858 0.924604 0.839897 1.048015 0.975795 1.085726 0.910438 1.060158 0.967735 1.075613 0.951133 1.042596 1.149696 1.028136 0.936301 1.016863 0.915306 1.054696 1.006763 1.079532 0.993509 0.878812 
74 0.999323 1.105684 1.017150 0.901945 1.032776 0.918288 1.015325 0.898361 0.997165 1.085345 1.108327 0.997422 1.045530 0.865990 0.903342 0.905552 1.017030 1.005835 1.060793 1.088641 1.045121 1.086004 1.057581 1.077745 1.012665 0.953024 0.855524 1.026742 1.008796 1.086221 0.910815 1.045647 0.811440 1.011301 0.874229 1.041090 1.049936 1.093276 1.001887 0.924717 0.839729 1.048123 0.975915 1.085540 0.910505 1.060217 0.967900 1.075655 0.951145 1.042513 1.149575 1.028184 0.936248 1.016694 0.915503 1.054731 1.006759 1.079462 0.993456 0.878789 
75 0.999344 1.105611 1.017210 0.902019 1.032760 0.918280 1.015386 0.898448 0.997141 1.085276 1.108294 0.997465 1.045509 0.866024 0.903330 0.905533 1.017047 1.005874 1.060779 1.088645 1.045082 1.085981 1.057538 1.077741 1.012646 0.953047 0.855485 1.026791 1.008748 1.086222 0.910837 1.045604 0.811486 1.011243 0.874258 1.041043 1.049877 1.093308 1.001891 0.924760 0.839665 1.048175 0.975940 1.085509 0.910522 1.060198 0.968006 1.075664 0.951147 1.042450 1.149581 1.028182 0.936241 1.016643 0.915596 1.054707 1.006814 1.079448 0.993414 0.878772 
76 0.999346 1.105604 1.017215 0.902023 1.032760 0.918279 1.015386 0.898448 0.997139 1.085271 1.108293 0.997462 1.045507 0.866028 0.903328 0.905532 1.017047 1.005875 1.060776 1.088646 1.045080 1.085976 1.057538 1.077739 1.012648 0.953050 0.855488 1.026792 1.008742 1.086222 0.910839 1.045601 0.811492 1.011244 0.874259 1.041041 1.049872 1.093308 1.001889 0.924761 0.839666 1.048173 0.975942 1.085509 0.910523 1.060196 0.968008 1.075662 0.951151 1.042445 1.149575 1.028183 0.936242 1.016639 0.915597 1.054705 1.006817 1.079445 0.993414 0.878772 
77 0.999400 1.105455 1.017335 0.902131 1.032776 0.918268 1.015407 0.898437 0.997101 1.085162 1.108273 0.997418 1.045472 0.866147 0.903291 0.905546 1.017048 1.005912 1.060720 1.088670 1.045042 1.085878 1.057564 1.077700 1.012704 0.953126 0.855577 1.026814 1.008586 1.086232 0.910908 1.045555 0.811655 1.011281 0.874303 1.041004 1.049768 1.093331 1.001862 0.924798 0.839713 1.048145 0.975995 1.085528 0.910559 1.060141 0.968065 1.075612 0.951270 1.042332 1.149436 1.028224 0.936267 1.016557 0.915622 1.054671 1.006907 1.079392 0.993430 0.878780 
78 0.999410 1.105388 1.017350 0.902151 1.032797 0.918264 1.015428 0.898449 0.997087 1.085125 1.108229 0.997397 1.045464 0.866198 0.903272 0.905599 1.017031 1.005931 1.060695 1.088665 1.045020 1.085826 1.057542 1.077682 1.012710 0.953159 0.855629 1.026838 1.008510 1.086222 0.910924 1.045551 0.811712 1.011308 0.874330 1.041008 1.049744 1.093343 1.001833 0.924830 0.839744 1.048124 0.976019 1.085526 0.910595 1.060128 0.968094 1.075588 0.951306 1.042265 1.149377 1.028209 0.936274 1.016560 0.915652 1.054661 1.006930 1.079366 0.993444 0.878806 
79 0.999562 1.098632 1.016081 0.908618 1.030687 0.923351 1.014256 0.904889 0.997450 1.079703 1.101224 0.997498 1.042484 0.874665 0.909401 0.911825 1.015989 1.005646 1.056627 1.083097 1.041980 1.080257 1.053901 1.072651 1.011512 0.956430 0.864954 1.025294 1.007969 1.080765 0.916632 1.042693 0.824060 1.010423 0.882316 1.038265 1.046479 1.087268 1.001688 0.929639 0.849965 1.045101 0.977468 1.080045 0.916315 1.056539 0.970015 1.070592 0.954405 1.039553 1.140107 1.026609 0.940240 1.015461 0.920953 1.051231 1.006526 1.074239 0.993962 0.886770 
80 0.999999 1.000169 1.000042 0.999870 1.000014 0.999875 1.000033 0.999845 1.000013 1.000152 1.000135 1.000006 1.000055 0.999790 0.999855 0.999860 0.999977 0.999976 1.000094 1.000165 1.000043 1.000135 1.000103 1.000118 1.000046 0.999944 0.999792 1.000052 0.999998 1.000065 0.999841 1.000058 0.999730 1.000039 0.999785 1.000081 1.000073 1.000177 1.000018 0.999891 0.999757 1.000090 0.999955 1.000095 0.999866 1.000118 0.999961 1.000124 0.999900 1.000072 1.000210 1.000048 0.999932 1.000007 0.999843 1.000066 1.000023 1.000137 0.999963 0.999854 
81 1.000001 1.000006 0.999999 1.000000 1.000000 0.999994 1.000006 0.999991 1.000007 1.000006 1.000009 0.999996 0.999996 0.999991 0.999994 0.999988 0.999998 1.000002 1.000011 1.000005 0.999999 1.000008 1.000006 1.000005 0.999998 1.000000 0.999993 1.000005 0.999999 1.000001 0.999993 1.000003 0.999989 1.000005 0.999993 1.000006 0.999999 1.000017 1.000007 0.999996 0.999995 0.999996 0.999997 1.000001 0.999998 1.000007 0.999998 1.000001 0.999990 1.000008 1.000008 1.000001 0.999995 1.000004 0.999995 1.000000 0.999999 1.000001 0.999993 0.999989 
82 1.000000 1.000000 1.000000 1.000000 1.000000 1.000000 1.000000 1.000000 1.000000 1.000001 1.000000 1.000000 1.000000 1.000000 1.000000 1.000000 1.000000 1.000000 1.000000 1.000000 1.000000 1.000000 1.000000 1.000000 1.000000 1.000000 1.000000 1.000000 1.000000 1.000000 1.000000 1.000000 1.000000 1.000000 1.000000 1.000000 1.000000 1.000000 1.000000 1.000000 1.000000 1.000000 1.000000 1.000000 1.000000 1.000000 1.000000 1.000000 1.000000 1.000000 1.000000 1.000000 1.000000 1.000000 1.000000 1.000000 1.000000 1.000000 1.000000 1.000000 
83 1.000000 1.000000 1.000000 1.000000 1.000000 1.000000 1.000000 1.000000 1.000000 1.000001 1.000000 1.000000 1.000000 1.000000 1.000000 1.000000 1.000000 1.000000 1.000000 1.000000 1.000000 1.000000 1.000000 1.000000 1.000000 1.000000 1.000000 1.000000 1.000000 1.000000 1.000000 1.000000 1.000000 1.000000 1.000000 1.000000 1.000000 1.000000 1.000000 1.000000 1.000000 1.000000 1.000000 1.000000 1.000000 1.000000 1.000000 1.000000 1.000000 1.000000 1.000000 1.000000 1.000000 1.000000 1.000000 1.000000 1.000000 1.000000 1.000000 1.000000 
84 1.000000 1.000000 1.000000 1.000000 1.000000 1.000000 1.000000 1.000000 1.000000 1.000000 1.000000 1.000000 1.000000 1.000000 1.000000 1.000000 1.000000 1.000000 1.000000 1.000000 1.000000 1.000000 1.000000 1.000000 1.000000 1.000000 1.000000 1.000000 1.000000 1.000000 1.000000 1.000000 1.000000 1.000000 1.000000 1.000000 1.000000 1.000000 1.000000 1.000000 1.000000 1.000000 1.000000 1.000000 1.000000 1.000000 1.000000 1.000000 1.000000 1.000000 1.000000 1.000000 1.000000 1.000000 1.000000 1.000000 1.000000 1.000000 1.000000 1.000000 


0 15.609071 7.265027 3.651065 -1.107686 4.000326 1.834870 -2.095214 0.278228 1.562798 0.365685 2.172016 3.233256 -2.791555 -1.168091 -0.566033 3.954560 -1.667425 1.519565 1.051973 1.802160 -0.790200 -0.405087 -1.206032 2.259237 0.152035 2.593302 -0.723360 -2.645369 3.198471 0.464055 0.357025 -0.783932 2.275645 2.214492 -1.971921 2.299701 1.315196 -3.214603 0.984070 2.294272 -0.952076 -2.025133 4.282308 -0.719963 1.929102 -2.425264 5.330989 -3.464137 1.429873 2.189054 1.048755 -3.759975 0.888376 3.684306 -1.281537 0.019609 2.159577 2.996567 -2.185444 0.011795 
1 15.615953 7.294438 3.695148 -1.053883 4.054126 1.898416 -2.027772 0.338908 1.637687 0.427892 2.236851 3.290585 -2.727911 -1.114688 -0.499652 4.025339 -1.594661 1.584100 1.130409 1.869620 -0.722429 -0.332056 -1.137369 2.328094 0.220936 2.649460 -0.659151 -2.575545 3.267710 0.526767 0.429542 -0.714346 2.333660 2.277943 -1.917428 2.350900 1.370419 -3.155977 1.035259 2.347551 -0.892017 -1.964471 4.338052 -0.658274 1.996809 -2.369790 5.389962 -3.409540 1.486355 2.236419 1.106224 -3.712137 0.933837 3.731540 -1.227957 0.069100 2.212775 3.057356 -2.137480 0.056551 
2 11.427769 4.501411 2.542538 -1.162206 3.930319 1.838566 -1.717512 0.968624 2.668290 1.447215 2.946664 3.463527 -2.580751 -0.997802 -0.046432 4.736144 -0.383610 2.406498 2.425836 2.504442 -0.240359 0.224399 -0.434651 3.118012 1.007028 3.067148 -0.108584 -1.859916 4.210067 0.951163 1.274354 -0.147699 2.760483 2.659371 -1.796394 2.060952 1.134118 -3.311160 0.835348 1.925020 -1.255700 -2.260240 4.291287 -0.095061 2.465038 -2.263757 5.073709 -3.696156 1.130756 1.479039 0.637946 -4.264767 -0.005300 2.756131 -1.778617 -0.591183 1.854448 2.802503 -2.790382 -1.418009 
3 9.636841 3.451362 1.866379 -0.949071 3.876768 0.926931 -1.960020 1.700718 2.969198 2.615294 2.405041 4.041525 -1.584589 -0.617284 -0.512624 4.441280 -0.104780 2.399417 2.457861 2.454325 -0.597001 -0.263035 -0.176074 3.286879 2.060890 2.804308 0.051661 -1.001526 4.282026 -0.005023 1.078946 -0.194554 2.763952 3.300518 -0.915185 1.151848 1.160130 -3.763442 0.780826 1.573927 -1.418616 -1.501463 4.113204 0.381744 2.578473 -2.083049 4.157471 -3.034064 1.214582 1.226725 0.907535 -3.350195 0.263637 1.876779 -1.842580 -0.815700 1.914766 3.265832 -2.239080 -1.686063 
4 8.474239 2.127720 1.291318 0.038782 3.698494 0.085049 -1.961724 2.048173 3.311076 2.528753 2.590582 3.903917 -0.781194 0.036053 -0.699540 3.658429 -0.012537 2.277454 2.603488 2.185521 -1.725598 -0.259602 -0.408752 3.923333 2.133197 2.282682 0.416535 -0.668199 4.551663 -0.348659 0.741870 -0.062604 2.369731 3.073984 -0.227448 0.957742 1.032664 -2.850100 1.147510 1.394014 -1.054884 -1.419480 4.302390 0.935101 2.509556 -1.953185 2.905349 -2.501066 0.811623 1.055643 0.934551 -2.094422 0.369249 2.185053 -1.465848 -0.620836 1.692185 3.296738 -1.549745 -1.887317 
5 7.314418 1.537359 1.087986 0.396865 3.585984 0.132281 -1.885276 2.292979 3.217444 2.054873 2.423243 3.720169 -0.200567 0.136014 -0.871567 3.475215 0.137413 1.945514 2.137017 2.490060 -1.598191 -0.590513 -0.616987 4.314907 2.465586 1.932766 0.211240 -0.629994 4.933115 -0.282304 0.557025 -0.275310 2.214129 2.765325 0.312514 1.425027 0.673357 -1.946116 1.120426 1.556257 -0.860655 -1.242141 4.193349 1.435421 2.058339 -1.776511 1.920533 -2.054480 0.499367 0.758393 0.753719 -1.523512 0.779185 1.961143 -1.260304 0.060969 1.501598 3.223473 -1.223647 -1.368461 
6 6.261728 1.327725 1.244696 1.045748 3.471088 0.446944 -1.812387 2.199629 3.197548 1.535596 2.572359 3.404147 0.636950 0.282755 -0.966476 3.244249 0.688603 1.706054 1.653720 2.356542 -1.250410 -1.020561 -0.965807 4.464053 2.617096 1.404374 -0.077549 -0.198916 4.924717 -0.642671 0.948636 -0.054375 1.969142 2.849474 0.464708 1.647815 0.607880 -1.042984 0.903501 1.542768 -0.452215 -0.759142 3.182436 1.714969 1.719580 -1.373688 1.408610 -2.043829 -0.001610 0.328186 0.643457 -0.832452 0.913453 1.715525 -0.831160 0.683949 1.020869 2.782991 -0.974848 -1.095962 
7 5.709344 1.470069 1.162138 1.441353 3.381322 0.381491 -1.667839 2.326932 3.186981 1.373280 2.388932 2.944643 0.852502 0.441543 -0.786144 3.058234 1.132949 1.512417 1.556044 2.135469 -0.903781 -1.308735 -0.876626 4.387865 2.433441 1.247863 -0.122307 -0.034148 4.779087 -0.768077 0.860970 -0.017946 1.930016 2.935508 0.354322 1.741274 0.382426 -0.424187 0.879005 1.621475 -0.279958 -0.410004 2.871769 1.775451 1.749413 -1.271687 1.153445 -1.910453 0.089794 0.422334 0.784962 -0.662043 0.803836 1.520754 -0.786015 0.937708 0.872575 2.432726 -0.913378 -1.033240 
8 4.868419 1.594661 1.316921 1.777218 3.250192 0.429574 -1.615471 2.298004 2.834321 1.349460 2.088450 2.786360 0.994438 0.713689 -0.404538 3.079487 1.475245 1.178909 1.250544 1.855721 -0.845039 -1.259270 -0.729162 4.209293 2.252068 1.020733 -0.162281 0.232218 4.480941 -0.768189 0.851573 0.191616 1.729833 2.800093 0.142188 1.724075 0.324176 0.227210 0.615571 1.568378 -0.015099 0.036412 2.887200 1.547608 1.677593 -1.090490 1.053912 -1.558471 0.269637 0.587670 0.751171 -0.412863 0.677036 1.412476 -0.999338 1.314734 0.865192 1.988674 -0.809100 -0.975325 
9 4.830493 1.603931 1.327251 1.795524 3.248366 0.436025 -1.607423 2.297029 2.819497 1.351529 2.075038 2.781329 1.004810 0.730535 -0.383252 3.082793 1.496928 1.164298 1.240765 1.845942 -0.838653 -1.250847 -0.719637 4.201163 2.245575 1.010656 -0.161214 0.249927 4.467597 -0.762255 0.855275 0.206592 1.722666 2.797069 0.139911 1.726455 0.323885 0.261765 0.606857 1.567983 0.001016 0.059973 2.890149 1.538525 1.677227 -1.077755 1.051137 -1.538494 0.282376 0.600453 0.753383 -0.398715 0.675603 1.409672 -1.005195 1.335875 0.868129 1.969860 -0.801105 -0.969509 
10 4.011646 1.689232 1.416968 1.980997 3.322698 0.555871 -1.287028 1.947408 2.350835 1.387486 1.543188 2.568436 1.152910 1.086940 -0.105475 2.946767 2.073788 0.666947 1.172577 1.654097 -0.751883 -0.899127 -0.705604 3.677197 1.946177 0.552361 -0.216459 0.685832 3.921153 -0.399636 0.942151 0.579677 1.495232 2.718999 0.616541 1.744371 0.176940 0.826762 0.518472 1.386418 0.209586 0.263549 2.774320 1.198092 1.574265 -0.781565 0.767425 -1.252916 0.539291 0.973030 0.780099 -0.291725 0.768068 1.199459 -1.037317 1.645185 0.873799 1.453253 -0.721360 -0.969925 
11 3.518249 1.615762 1.577260 2.118640 3.088841 0.586917 -1.026539 1.707430 2.127148 1.393613 1.176767 2.335569 1.237480 1.289765 0.079671 3.033674 2.409114 0.298601 1.048309 1.672521 -0.597238 -0.437567 -0.697842 3.308797 1.557963 0.088346 -0.000401 0.962244 3.522375 -0.326501 1.029838 0.927574 1.520270 2.560845 0.728394 1.809776 0.161112 1.157875 0.631170 1.048905 0.108777 0.545981 2.671552 1.048389 1.279602 -0.595914 0.500050 -1.013399 0.820599 1.184144 0.845149 -0.293383 0.830191 0.964529 -0.861162 1.677023 0.857323 1.266181 -0.575873 -0.786997 
12 3.051683 1.598974 1.787213 2.156313 2.843605 0.621955 -0.663431 1.544995 2.026716 1.437476 0.884449 2.224504 1.121857 1.400205 -0.125558 3.019938 2.455326 0.183105 0.720211 1.513511 -0.207461 0.153472 -0.492776 2.977125 1.255761 -0.211382 0.169678 1.263711 3.270397 -0.334378 1.029767 1.120801 1.547186 2.426154 0.808952 1.845364 0.045803 1.366889 0.738797 0.783524 0.252649 0.707015 2.716224 0.920949 1.115877 -0.348782 0.222654 -0.867359 1.024949 1.369584 0.899872 -0.159699 0.872085 0.866653 -0.538906 1.699919 0.712152 1.023273 -0.517058 -0.759623 
13 2.772082 1.586428 1.874865 2.080588 2.701303 0.640566 -0.330949 1.434824 1.995397 1.552797 0.812272 2.102106 1.200186 1.494174 -0.267481 2.980727 2.477130 -0.022564 0.566508 1.361753 0.045598 0.469103 -0.461788 2.831746 1.150868 -0.437473 0.315353 1.274068 3.086261 -0.142178 0.931705 1.197778 1.582669 2.315825 0.744303 1.876977 0.022458 1.313405 0.764228 0.761930 0.287170 0.907954 2.705383 0.862126 1.191361 -0.297088 0.135153 -0.770695 1.084324 1.410824 0.816610 0.032529 0.916101 0.883888 -0.343571 1.638105 0.653988 0.858479 -0.468852 -0.690711 
14 2.588500 1.576256 1.845357 1.955926 2.603829 0.609879 -0.091707 1.447104 2.017577 1.586477 0.892051 2.018387 1.181101 1.575668 -0.337727 2.968009 2.416402 -0.144889 0.419237 1.278086 0.232210 0.601389 -0.394533 2.682368 1.030599 -0.625713 0.455292 1.418007 2.921981 0.100895 0.871032 1.253244 1.635793 2.253314 0.714711 1.794747 0.005551 1.266481 0.777311 0.680218 0.313223 1.013766 2.653179 0.899013 1.151016 -0.268938 0.163527 -0.621173 0.955500 1.585854 0.747714 0.229324 0.943040 0.863644 -0.223689 1.586850 0.692718 0.637142 -0.454319 -0.518196 
15 2.469373 1.561760 1.828822 1.850051 2.440762 0.644263 0.069934 1.385910 2.091787 1.639536 0.905615 1.859727 1.191571 1.677553 -0.278892 2.914201 2.291903 -0.331541 0.369128 1.231834 0.440694 0.712004 -0.218418 2.568872 1.001050 -0.598629 0.615903 1.597250 2.764669 0.286621 0.794235 1.327944 1.621415 2.104576 0.745888 1.638047 -0.017434 1.289054 0.616510 0.662997 0.213247 1.050336 2.637686 0.882342 1.078876 -0.255996 0.201488 -0.568102 0.783032 1.700764 0.773262 0.476610 1.049113 0.856497 -0.057749 1.485437 0.616843 0.484396 -0.463798 -0.346671 
16 2.363822 1.502451 1.764679 1.798814 2.384251 0.683097 0.165011 1.303366 2.162036 1.595876 0.934201 1.776274 1.167962 1.760539 -0.235649 2.807693 2.226928 -0.447583 0.334963 1.170504 0.681503 0.784467 -0.065531 2.523989 1.005081 -0.557870 0.798996 1.731476 2.600092 0.401079 0.677394 1.317507 1.512246 2.037191 0.775712 1.519919 0.092692 1.277560 0.495517 0.609804 0.147509 1.082309 2.616234 0.822610 1.005518 -0.338303 0.270089 -0.460906 0.685900 1.781951 0.728392 0.517369 1.129480 0.875765 0.119406 1.492608 0.544963 0.415527 -0.363350 -0.235670 
17 2.362466 1.501946 1.763818 1.798930 2.383510 0.683785 0.166917 1.302092 2.164315 1.595996 0.935127 1.775656 1.167810 1.761967 -0.234083 2.806222 2.226787 -0.449226 0.334698 1.170009 0.686227 0.786758 -0.062372 2.523310 1.005643 -0.556133 0.802787 1.734398 2.597579 0.403956 0.676446 1.317348 1.510509 2.036043 0.776771 1.518900 0.094497 1.277585 0.493738 0.609337 0.147233 1.083300 2.615804 0.822431 1.005031 -0.339126 0.272514 -0.458125 0.684911 1.783615 0.728416 0.518874 1.131159 0.876721 0.123318 1.493542 0.544455 0.415234 -0.360728 -0.232787 
18 2.317688 1.473676 1.715887 1.819060 2.338132 0.648120 0.172015 1.243526 2.227406 1.613373 0.936135 1.769194 1.131332 1.749966 -0.199554 2.749677 2.237683 -0.504015 0.299725 1.147528 0.768425 0.845124 -0.013359 2.468162 1.000523 -0.497096 0.873132 1.783069 2.520498 0.473103 0.674099 1.266627 1.442908 1.966112 0.789911 1.518055 0.078764 1.243724 0.434097 0.581526 0.143374 1.079700 2.558495 0.828011 0.994179 -0.360860 0.348972 -0.390166 0.658735 1.789510 0.728547 0.556764 1.138607 0.888089 0.208283 1.516954 0.534143 0.413461 -0.297270 -0.163787 
19 2.241221 1.427720 1.677843 1.834900 2.239084 0.624239 0.167998 1.193720 2.305626 1.639371 0.939630 1.706624 1.068630 1.772799 -0.161825 2.653283 2.183272 -0.556426 0.287324 1.134087 0.850305 0.850303 0.024383 2.426770 1.034449 -0.402890 0.911090 1.817118 2.403579 0.524216 0.673342 1.271941 1.389362 1.846834 0.801808 1.570381 0.077225 1.150842 0.407319 0.535550 0.135592 1.078570 2.471402 0.819223 0.990154 -0.303621 0.439997 -0.304005 0.649067 1.838135 0.726299 0.575436 1.162323 0.918326 0.320103 1.600059 0.581582 0.403146 -0.230836 -0.132837 
20 2.192423 1.394957 1.612541 1.814022 2.113027 0.570208 0.220818 1.135103 2.325008 1.669773 0.952144 1.649721 0.990139 1.776763 -0.110906 2.561988 2.099440 -0.600972 0.325029 1.086390 0.930053 0.824647 0.079143 2.323245 1.139382 -0.355375 0.984801 1.826244 2.329122 0.533577 0.723481 1.292434 1.278129 1.720620 0.817411 1.639294 0.112859 1.117937 0.361313 0.500216 0.129076 1.048399 2.403785 0.858577 1.015552 -0.225484 0.524728 -0.206452 0.663288 1.864179 0.688749 0.586367 1.136961 0.906493 0.467034 1.670602 0.644876 0.384502 -0.166772 -0.080979 
21 2.142017 1.365888 1.537631 1.812845 2.091523 0.553135 0.240195 1.062539 2.342835 1.659403 0.956303 1.603764 0.916958 1.784158 -0.081735 2.456382 2.020715 -0.584341 0.362876 1.051167 0.985490 0.825188 0.145382 2.230149 1.205353 -0.338101 0.998182 1.830152 2.303495 0.559809 0.740721 1.310463 1.250563 1.548704 0.825747 1.636645 0.183619 1.091307 0.313253 0.495015 0.119831 1.062214 2.333887 0.887862 1.052256 -0.133636 0.567429 -0.168993 0.701171 1.848176 0.695760 0.593949 1.074208 0.881401 0.568949 1.703542 0.731869 0.369416 -0.082843 0.010469 
22 2.044295 1.379200 1.514501 1.795037 2.048870 0.526846 0.242396 1.013042 2.364517 1.610777 0.920397 1.573457 0.818651 1.749738 -0.036992 2.305173 1.935644 -0.540206 0.458191 1.047324 1.025910 0.825569 0.195023 2.140085 1.284769 -0.317500 0.972079 1.839557 2.252210 0.594707 0.718308 1.362933 1.252563 1.428296 0.842854 1.656716 0.257488 1.089981 0.279082 0.480575 0.157641 1.070729 2.244763 0.920576 1.074352 -0.059927 0.634430 -0.094887 0.749205 1.825896 0.639119 0.626584 1.008691 0.896081 0.650149 1.634721 0.759088 0.394524 0.001021 0.134802 
23 1.940931 1.416647 1.458727 1.743459 1.951028 0.476817 0.322029 0.986578 2.362203 1.465580 0.894112 1.574202 0.770423 1.672717 0.067044 2.194563 1.856784 -0.440129 0.539446 1.009995 1.070659 0.801823 0.293532 2.029517 1.325338 -0.256881 0.938359 1.867929 2.132831 0.651839 0.681419 1.406085 1.264139 1.215416 0.892382 1.673544 0.405005 1.060837 0.238466 0.446618 0.212272 1.051570 2.096364 0.999815 1.134372 0.047638 0.667540 0.010443 0.836030 1.757311 0.592290 0.678081 0.993975 0.935753 0.686555 1.550743 0.771236 0.461449 0.087296 0.204057 
24 1.856376 1.417578 1.423795 1.683264 1.835401 0.480695 0.396290 0.916653 2.350466 1.361840 0.836502 1.596307 0.732964 1.601624 0.135076 2.090879 1.803097 -0.320040 0.630565 0.967152 1.110402 0.777844 0.403578 1.961044 1.369038 -0.191848 0.945084 1.817178 2.022775 0.691435 0.676114 1.406954 1.260812 1.034419 0.932775 1.623586 0.503709 1.085875 0.277777 0.401552 0.274107 1.066446 1.925737 1.058054 1.177993 0.110391 0.699724 0.084546 0.884058 1.738794 0.549591 0.742948 0.998606 0.975408 0.677060 1.501537 0.817685 0.534583 0.120053 0.280201 
25 1.854585 1.417718 1.422798 1.681549 1.833116 0.481201 0.398380 0.915700 2.350127 1.359533 0.835010 1.596822 0.732375 1.600743 0.136815 2.089070 1.802025 -0.317090 0.633066 0.966891 1.111682 0.777868 0.405683 1.959713 1.370077 -0.190187 0.945556 1.816302 2.020432 0.692484 0.676432 1.407243 1.260842 1.031247 0.933627 1.622298 0.506019 1.086725 0.278767 0.400848 0.275975 1.067034 1.922373 1.059909 1.179350 0.112322 0.701191 0.086338 0.885448 1.738279 0.549674 0.744766 0.998797 0.977244 0.677250 1.501252 0.818791 0.536869 0.121187 0.282369 
26 1.768232 1.403388 1.354531 1.581448 1.736507 0.491608 0.469331 0.882227 2.310343 1.253124 0.749537 1.595787 0.695495 1.573809 0.187905 2.015580 1.743838 -0.216124 0.721381 0.960384 1.151211 0.774283 0.449210 1.893716 1.388920 -0.139041 0.953416 1.769515 1.913663 0.716635 0.681168 1.404459 1.245785 0.921214 0.943674 1.546349 0.575503 1.106441 0.299801 0.363326 0.340436 1.074282 1.790354 1.129977 1.221492 0.184674 0.760779 0.137260 0.926861 1.693036 0.567712 0.806761 0.987505 1.059827 0.676710 1.499022 0.840977 0.623644 0.158096 0.357975 
27 1.701959 1.391773 1.306463 1.500982 1.665875 0.527647 0.489843 0.857829 2.259087 1.179577 0.731592 1.585685 0.650639 1.527885 0.240380 1.933380 1.702518 -0.147621 0.779103 0.974598 1.167361 0.747771 0.501319 1.820008 1.384402 -0.114150 0.974383 1.731118 1.829905 0.750581 0.721760 1.398949 1.247852 0.868464 0.946194 1.512292 0.624976 1.099462 0.332498 0.353189 0.396391 1.103389 1.737608 1.151864 1.256727 0.210428 0.771719 0.175286 0.945769 1.652231 0.607039 0.880746 0.982184 1.089890 0.688135 1.509511 0.835334 0.702745 0.195295 0.388167 
28 1.656190 1.384384 1.267919 1.447200 1.614746 0.552049 0.517937 0.844781 2.219773 1.161601 0.729920 1.538634 0.619394 1.503111 0.296008 1.872272 1.651983 -0.089765 0.804163 0.984298 1.162670 0.766371 0.538386 1.777780 1.373234 -0.100248 0.961511 1.710097 1.765372 0.757537 0.750013 1.359777 1.252701 0.847326 0.957469 1.491064 0.680459 1.115144 0.376603 0.368106 0.439826 1.114473 1.691005 1.153396 1.285800 0.233213 0.800672 0.224789 0.937424 1.595112 0.632573 0.913220 1.000590 1.083545 0.688779 1.509876 0.834490 0.756593 0.218892 0.411496 
29 1.558611 1.375726 1.196440 1.340711 1.513137 0.574953 0.547833 0.827313 2.095431 1.150250 0.731374 1.388661 0.613932 1.405390 0.378083 1.768867 1.552291 0.069922 0.836778 0.989013 1.126046 0.812451 0.640347 1.697113 1.309265 0.003950 0.951600 1.592614 1.630927 0.808258 0.816900 1.348899 1.243146 0.825397 1.012133 1.387547 0.787621 1.117659 0.470344 0.450182 0.539385 1.140281 1.599017 1.190350 1.298145 0.323937 0.865066 0.349520 0.925523 1.499044 0.648562 0.939393 1.012225 1.047397 0.713881 1.526845 0.776735 0.844684 0.316225 0.481377 
30 1.436966 1.362259 1.141694 1.256503 1.432227 0.614228 0.595942 0.844629 1.947219 1.108056 0.765249 1.288476 0.659051 1.319859 0.470701 1.618214 1.424017 0.195684 0.875243 1.009652 1.075255 0.891373 0.776192 1.593785 1.243094 0.098164 0.938979 1.464656 1.493553 0.824342 0.890779 1.325560 1.229139 0.807347 1.040135 1.283532 0.847929 1.103651 0.557039 0.572293 0.623985 1.145740 1.482644 1.247365 1.289120 0.401854 0.943217 0.466827 0.933313 1.436818 0.676435 0.935157 1.031508 1.018415 0.753431 1.528289 0.738902 0.934267 0.396145 0.542560 
31 1.290587 1.336612 1.067307 1.176011 1.322125 0.670479 0.669667 0.834351 1.736835 1.105226 0.787993 1.198783 0.730514 1.215805 0.552876 1.451424 1.254638 0.373792 0.929246 1.040874 1.015083 0.950555 0.916912 1.489842 1.123369 0.237918 0.953990 1.367054 1.365824 0.847770 0.964912 1.276575 1.233613 0.834118 1.051204 1.220145 0.943506 1.087892 0.635731 0.732267 0.675264 1.097737 1.309747 1.263185 1.265083 0.475966 0.997313 0.596449 0.972296 1.377580 0.709674 0.964970 1.025724 1.021936 0.788507 1.533456 0.720686 0.998946 0.506501 0.641478 
32 1.203372 1.301900 1.027584 1.142147 1.232352 0.746665 0.722656 0.872640 1.543104 1.095508 0.811870 1.100386 0.805830 1.142097 0.635949 1.321831 1.107744 0.572920 0.994449 1.025253 0.991729 1.017917 1.017817 1.396577 1.064399 0.329578 0.975108 1.262933 1.272155 0.895210 1.010686 1.224050 1.222588 0.862238 1.085554 1.186825 0.973078 1.052031 0.665719 0.806261 0.705524 1.074255 1.162818 1.249330 1.211522 0.530507 1.036367 0.738322 0.997532 1.299749 0.769892 0.996956 0.999950 1.029000 0.801332 1.517312 0.719807 1.034375 0.597323 0.708383 
33 1.194140 1.298719 1.023677 1.139072 1.222804 0.755961 0.729401 0.877312 1.522208 1.094785 0.815155 1.089939 0.814786 1.134222 0.645867 1.307931 1.091833 0.595771 1.002325 1.024272 0.989602 1.026122 1.029531 1.386507 1.058517 0.340423 0.978308 1.251801 1.262102 0.900982 1.016168 1.218751 1.221745 0.866097 1.089892 1.183557 0.976870 1.048501 0.669592 0.815188 0.709542 1.072292 1.146963 1.248242 1.206103 0.537427 1.041174 0.754833 1.000794 1.291465 0.777292 1.000992 0.997538 1.030321 0.803129 1.516021 0.720314 1.038848 0.608030 0.716504 
34 1.118256 1.288751 0.988233 1.140567 1.146009 0.841891 0.807309 0.885866 1.398694 1.069917 0.847354 1.018873 0.864635 1.054409 0.719411 1.204947 0.970154 0.761139 1.051041 1.047413 0.952523 1.085501 1.087922 1.280124 1.032895 0.433222 1.042145 1.159865 1.166286 0.923935 1.016842 1.174829 1.195943 0.913463 1.114297 1.145898 0.993363 1.006601 0.698076 0.894631 0.738335 1.061160 1.037636 1.229847 1.163153 0.631259 1.047455 0.880518 0.999150 1.212928 0.833661 1.016288 0.967322 1.031033 0.780827 1.499734 0.728323 1.052838 0.683476 0.778373 
35 1.059786 1.291045 0.981608 1.121974 1.095022 0.928969 0.854930 0.878533 1.328731 1.064780 0.859698 0.973013 0.894955 1.020998 0.785367 1.139036 0.908966 0.893340 1.068990 1.049881 0.922081 1.109694 1.100965 1.212954 1.013961 0.501644 1.072560 1.122104 1.099372 0.936199 1.009391 1.147214 1.148025 0.928961 1.123783 1.116948 1.000737 0.965329 0.741204 0.970793 0.757597 1.048191 0.982038 1.255492 1.115295 0.663323 1.041265 0.972364 1.007039 1.153885 0.880120 1.025348 0.935431 1.029626 0.792083 1.469418 0.750469 1.050180 0.726571 0.813498 
36 1.046275 1.284044 0.957585 1.111988 1.064976 0.987930 0.881527 0.868223 1.271254 1.050276 0.863849 0.943916 0.924907 1.010731 0.830077 1.097422 0.884113 0.954404 1.089971 1.046295 0.910166 1.141182 1.109638 1.178410 1.010132 0.563940 1.078103 1.116770 1.068173 0.942940 0.991192 1.128498 1.122594 0.944031 1.106356 1.105103 1.003032 0.926635 0.781095 1.000367 0.788091 1.036468 0.956730 1.272741 1.078065 0.694299 1.033457 1.018502 1.011488 1.125162 0.885331 1.050352 0.906517 0.999621 0.796721 1.454401 0.764096 1.057589 0.747333 0.835909 
37 1.036250 1.274237 0.923176 1.096759 1.055538 1.037280 0.899262 0.866664 1.240551 1.045156 0.860927 0.928530 0.966557 0.980188 0.864564 1.073215 0.859429 1.001669 1.103170 1.034413 0.904987 1.159778 1.111044 1.151782 1.000223 0.609567 1.078816 1.114980 1.026299 0.940884 0.977371 1.119276 1.106755 0.951535 1.095257 1.107370 0.996330 0.915964 0.808556 1.020100 0.809134 1.035512 0.952848 1.272364 1.049412 0.721835 1.032044 1.044594 1.003723 1.107009 0.881701 1.065599 0.878626 0.982962 0.813840 1.436355 0.789743 1.071644 0.763562 0.849115 
38 1.022015 1.272930 0.900740 1.080133 1.043189 1.072145 0.906202 0.864603 1.233861 1.033034 0.863071 0.912471 1.005450 0.957660 0.895541 1.041494 0.845188 1.033025 1.098833 1.029537 0.911371 1.171280 1.102923 1.133460 0.983018 0.640485 1.080522 1.098260 1.012649 0.939621 0.974874 1.103988 1.088489 0.967780 1.095395 1.101320 0.999861 0.910847 0.825598 1.021913 0.817659 1.023688 0.962721 1.269638 1.026579 0.753363 1.043397 1.055419 1.018910 1.097045 0.874192 1.091191 0.865934 0.966358 0.820743 1.414042 0.821600 1.075595 0.779677 0.852286 
39 1.011083 1.263134 0.884052 1.064493 1.038670 1.101169 0.906734 0.864056 1.229208 1.020758 0.865804 0.906425 1.028825 0.943957 0.909658 1.024299 0.824643 1.049364 1.099014 1.020883 0.907107 1.175498 1.100994 1.121425 0.959604 0.670895 1.084187 1.089414 1.009307 0.942692 0.968008 1.097294 1.057329 0.983849 1.096774 1.111196 1.001183 0.910299 0.840476 1.015991 0.826281 1.032858 0.964663 1.271919 1.020284 0.778314 1.057398 1.058179 1.036140 1.085688 0.877524 1.104339 0.870435 0.947560 0.823406 1.388222 0.840441 1.069664 0.788559 0.861666 
40 1.010853 1.262843 0.883430 1.064025 1.038283 1.101937 0.906703 0.863929 1.228746 1.020597 0.866047 0.906271 1.029130 0.943410 0.910023 1.023774 0.824102 1.049623 1.098944 1.020728 0.906967 1.175549 1.100662 1.121219 0.959065 0.671585 1.084112 1.089235 1.009163 0.942613 0.967714 1.096913 1.056690 0.984076 1.096818 1.111184 1.000925 0.910345 0.840648 1.015668 0.826445 1.033221 0.964604 1.272094 1.020126 0.778829 1.057599 1.058039 1.036591 1.085499 0.877434 1.104428 0.870578 0.947179 0.823404 1.387406 0.840751 1.069229 0.789131 0.861628 
41 1.006123 1.255270 0.861146 1.048762 1.024059 1.135932 0.909094 0.861306 1.211334 1.019153 0.880693 0.903811 1.041884 0.923577 0.928020 1.006536 0.806842 1.061432 1.099462 1.019284 0.905153 1.181132 1.088849 1.118128 0.942642 0.700494 1.083179 1.086713 1.006682 0.941607 0.959123 1.083992 1.036985 0.994683 1.101990 1.111488 0.991674 0.916515 0.848549 1.005156 0.836355 1.052571 0.964787 1.283532 1.017970 0.800918 1.067756 1.054172 1.057910 1.082831 0.876144 1.108796 0.879963 0.937254 0.826486 1.357971 0.854685 1.053608 0.818297 0.861265 
42 1.001555 1.252898 0.846919 1.033506 1.008784 1.171233 0.909932 0.867780 1.187196 1.018926 0.883927 0.891214 1.052294 0.902535 0.936546 0.989203 0.808343 1.068074 1.096489 1.027505 0.893722 1.181649 1.094991 1.124508 0.927492 0.717007 1.093786 1.089599 1.009020 0.941211 0.947309 1.067168 1.013609 0.999590 1.104788 1.114692 0.986582 0.916628 0.850916 0.993520 0.853754 1.064386 0.962677 1.291963 1.017496 0.828290 1.081247 1.044047 1.065090 1.077792 0.875213 1.108388 0.886727 0.933751 0.835265 1.323413 0.878974 1.042584 0.848058 0.858026 
43 0.999040 1.251013 0.840724 1.037269 1.002008 1.182515 0.914449 0.871767 1.180399 1.022666 0.886147 0.887795 1.052051 0.894254 0.937548 0.988991 0.808262 1.064737 1.098229 1.030568 0.892721 1.177768 1.100831 1.123896 0.922593 0.720877 1.088973 1.086782 1.006989 0.943219 0.941127 1.060732 1.004635 1.003843 1.108845 1.113617 0.988818 0.915262 0.853806 0.989807 0.861738 1.066985 0.964286 1.295736 1.010899 0.834386 1.085453 1.036191 1.070142 1.073820 0.876955 1.109618 0.887767 0.935380 0.839273 1.312973 0.888242 1.039699 0.855729 0.858632 
44 0.997593 1.248404 0.840376 1.039301 0.999325 1.186403 0.914144 0.871576 1.176564 1.022108 0.889863 0.885765 1.051523 0.889047 0.939563 0.991612 0.807063 1.060813 1.097382 1.030428 0.890611 1.178277 1.102068 1.124713 0.921892 0.723016 1.087725 1.087177 1.007349 0.944106 0.940017 1.059761 1.000650 1.006479 1.109706 1.110487 0.991313 0.915251 0.855673 0.988260 0.865069 1.068968 0.962856 1.295428 1.008657 0.837071 1.086975 1.034200 1.072592 1.070843 0.877182 1.111203 0.886113 0.939484 0.842859 1.307970 0.893847 1.039002 0.856741 0.857578 
45 0.995655 1.246973 0.838596 1.039069 0.997531 1.189490 0.913174 0.872873 1.170953 1.019405 0.892615 0.880731 1.049380 0.881154 0.941335 0.995318 0.805920 1.053153 1.095599 1.030381 0.891247 1.177507 1.105149 1.125345 0.922791 0.728186 1.085341 1.088314 1.009041 0.946436 0.936727 1.055542 0.996482 1.012310 1.114687 1.106071 0.990874 0.915623 0.860974 0.988363 0.867212 1.071607 0.959675 1.294622 1.007935 0.840692 1.085163 1.033916 1.077659 1.068042 0.878696 1.111748 0.883527 0.944365 0.848631 1.300962 0.903413 1.038803 0.857017 0.856741 
46 0.992796 1.248318 0.839786 1.036348 0.993673 1.193304 0.911394 0.876702 1.166311 1.014558 0.899187 0.878789 1.046543 0.880377 0.942163 1.002326 0.805821 1.043384 1.095129 1.029154 0.891419 1.178119 1.111791 1.126507 0.922499 0.735764 1.079567 1.088655 1.007457 0.947188 0.937842 1.049642 0.988651 1.017997 1.121364 1.102289 0.988810 0.916262 0.871191 0.987612 0.863623 1.074120 0.956688 1.290588 1.008839 0.846496 1.081462 1.031138 1.079006 1.062119 0.876714 1.113548 0.874724 0.951393 0.852289 1.292228 0.912826 1.038237 0.865926 0.858079 
47 0.992328 1.246170 0.843380 1.034024 0.991744 1.193742 0.911454 0.879464 1.165089 1.013025 0.902478 0.877471 1.046160 0.878694 0.943417 1.005208 0.805753 1.039990 1.095004 1.029158 0.892607 1.178411 1.113265 1.126184 0.922587 0.738097 1.077394 1.090039 1.007220 0.947183 0.936418 1.047949 0.984412 1.019334 1.124691 1.100739 0.987976 0.916606 0.875443 0.988779 0.863952 1.074383 0.955056 1.287858 1.010130 0.847809 1.080573 1.028127 1.080040 1.061419 0.877014 1.114415 0.870389 0.952771 0.852167 1.290108 0.916439 1.039000 0.870997 0.859503 
48 0.991133 1.241489 0.850511 1.029036 0.987564 1.194325 0.911302 0.884870 1.162334 1.009692 0.908957 0.874547 1.045148 0.875025 0.945734 1.010831 0.805361 1.032863 1.094494 1.028938 0.894790 1.178721 1.115991 1.125247 0.922513 0.742618 1.072720 1.092611 1.006503 0.946925 0.933202 1.044242 0.975534 1.021788 1.131245 1.097341 0.986022 0.917054 0.883888 0.990918 0.864385 1.074622 0.951489 1.282033 1.012526 0.850227 1.078506 1.021710 1.081884 1.059774 0.877381 1.115947 0.861312 0.955297 0.851656 1.285571 0.923556 1.040285 0.881118 0.862147 
49 0.987082 1.239689 0.860213 1.024604 0.980974 1.190729 0.907085 0.887207 1.156840 1.005168 0.917456 0.873580 1.049160 0.872387 0.950088 1.022022 0.803133 1.027795 1.097191 1.034215 0.899266 1.178366 1.119671 1.121136 0.922125 0.747537 1.065949 1.093884 1.007221 0.947195 0.924589 1.039408 0.965306 1.024322 1.137165 1.091611 0.982054 0.918002 0.896409 0.989858 0.867345 1.072761 0.948501 1.273031 1.019926 0.851096 1.076905 1.014031 1.080842 1.056307 0.879236 1.117080 0.853386 0.956673 0.857365 1.281143 0.933758 1.038312 0.894168 0.864605 
50 0.982638 1.239721 0.868467 1.022849 0.978744 1.189200 0.907452 0.891078 1.151693 1.003142 0.922220 0.873824 1.050235 0.867511 0.955572 1.026135 0.801811 1.023103 1.096361 1.034064 0.900984 1.178426 1.121328 1.120188 0.923199 0.753456 1.061627 1.093635 1.007430 0.948486 0.918406 1.040143 0.960039 1.027699 1.139376 1.086789 0.979390 0.919081 0.906992 0.983689 0.867023 1.067087 0.946979 1.268537 1.027999 0.849842 1.074802 1.006517 1.077951 1.051989 0.882869 1.116851 0.849323 0.956552 0.862092 1.280015 0.941374 1.036534 0.904500 0.868981 
51 0.980904 1.239765 0.870583 1.023392 0.979076 1.188476 0.907845 0.893049 1.148755 1.002583 0.922921 0.873407 1.049996 0.865804 0.957067 1.028900 0.801385 1.022334 1.094588 1.035633 0.902194 1.178613 1.121012 1.119818 0.924630 0.755780 1.059441 1.092770 1.007055 0.947940 0.917735 1.040894 0.956572 1.028136 1.138620 1.085154 0.979054 0.918601 0.909516 0.981952 0.866066 1.065931 0.946362 1.266379 1.031151 0.848647 1.073435 1.004694 1.077033 1.052114 0.883654 1.118096 0.849749 0.955923 0.863316 1.278049 0.944319 1.037154 0.908425 0.871306 
52 0.978979 1.239507 0.871665 1.025001 0.980242 1.186911 0.909992 0.894584 1.146064 1.000772 0.924870 0.871396 1.049059 0.864561 0.958154 1.030931 0.801418 1.022770 1.093520 1.037350 0.903686 1.179001 1.120409 1.119887 0.925263 0.758969 1.056688 1.092147 1.006894 0.947801 0.918259 1.042433 0.951921 1.028511 1.138200 1.083500 0.977887 0.918506 0.912855 0.979949 0.866467 1.063498 0.945794 1.263187 1.035306 0.846858 1.071579 1.002012 1.075361 1.053510 0.885027 1.118986 0.849730 0.956187 0.864965 1.274772 0.947235 1.037195 0.912226 0.872858 
53 0.976302 1.240106 0.873007 1.025864 0.979206 1.182954 0.915441 0.894561 1.142002 0.998047 0.927709 0.869500 1.050506 0.863341 0.958941 1.032613 0.801046 1.021811 1.090348 1.040471 0.905775 1.177972 1.119652 1.122306 0.927150 0.764394 1.051884 1.091887 1.007566 0.946964 0.921199 1.045770 0.946277 1.028603 1.137948 1.080916 0.975365 0.916963 0.916252 0.976224 0.869412 1.062146 0.946943 1.256391 1.039534 0.842616 1.069154 0.999988 1.073502 1.053446 0.889149 1.117566 0.848835 0.956043 0.865776 1.269067 0.952578 1.038125 0.917691 0.878063 
54 0.976316 1.239094 0.872890 1.026275 0.976767 1.180376 0.917032 0.895703 1.139592 0.996229 0.929207 0.869991 1.050817 0.862772 0.959075 1.032375 0.801763 1.021278 1.087976 1.042935 0.908577 1.178311 1.119369 1.124482 0.928001 0.767331 1.048253 1.091124 1.006607 0.946814 0.923011 1.049915 0.942364 1.029412 1.137479 1.079008 0.974402 0.916624 0.917891 0.975389 0.871774 1.060414 0.947337 1.251955 1.042929 0.840168 1.066450 0.999334 1.072035 1.052356 0.892020 1.116313 0.848701 0.955703 0.866125 1.265073 0.957176 1.036925 0.920605 0.881298 
55 0.976364 1.238830 0.872899 1.026446 0.976058 1.179624 0.917560 0.896097 1.138891 0.995712 0.929709 0.870185 1.050957 0.862636 0.959161 1.032341 0.802029 1.021153 1.087301 1.043733 0.909496 1.178465 1.119320 1.125193 0.928301 0.768272 1.047189 1.090939 1.006353 0.946812 0.923616 1.051235 0.941200 1.029700 1.137372 1.078462 0.974150 0.916565 0.918437 0.975182 0.872545 1.059931 0.947504 1.250637 1.044014 0.839461 1.065663 0.999173 1.071626 1.052053 0.892945 1.115966 0.848708 0.955646 0.866271 1.263886 0.958635 1.036604 0.921535 0.882340 
56 0.975886 1.238368 0.873957 1.028353 0.974232 1.174537 0.918269 0.897843 1.134029 0.995113 0.931863 0.870568 1.051388 0.861972 0.959582 1.030679 0.802943 1.020129 1.086882 1.045561 0.915487 1.178506 1.117065 1.127202 0.927975 0.772084 1.045874 1.091419 1.005293 0.947049 0.926520 1.054893 0.936685 1.028913 1.136596 1.076407 0.973081 0.916258 0.921518 0.975486 0.874534 1.059035 0.949368 1.246899 1.046549 0.838186 1.062645 0.997019 1.069315 1.048584 0.894939 1.114057 0.850266 0.956333 0.865200 1.259000 0.964174 1.036298 0.923321 0.886347 
57 0.975175 1.238325 0.875482 1.029739 0.973865 1.171011 0.918434 0.899590 1.130320 0.994333 0.933014 0.872082 1.051036 0.862063 0.959141 1.029468 0.801853 1.019636 1.086066 1.046585 0.920328 1.177627 1.114976 1.129511 0.927938 0.774844 1.044848 1.092510 1.003850 0.947812 0.929082 1.056918 0.933709 1.028616 1.136113 1.074212 0.973262 0.915852 0.924025 0.975349 0.877230 1.058138 0.950419 1.243894 1.047353 0.838483 1.060419 0.995810 1.067037 1.047194 0.896914 1.112272 0.851315 0.955916 0.864508 1.255636 0.968395 1.035866 0.925179 0.888097 
58 0.974178 1.238100 0.879025 1.033275 0.972354 1.162932 0.919803 0.902506 1.123505 0.993237 0.933962 0.875659 1.050683 0.862276 0.959598 1.028277 0.799716 1.016054 1.086058 1.048313 0.930070 1.176035 1.109179 1.135719 0.927729 0.780639 1.044386 1.092071 1.000680 0.952182 0.935441 1.059539 0.927684 1.027409 1.133266 1.070293 0.973138 0.917100 0.928127 0.976802 0.882997 1.055125 0.951731 1.238123 1.049470 0.839106 1.055215 0.993359 1.062663 1.043680 0.902803 1.108896 0.852058 0.952579 0.864416 1.245716 0.975946 1.036330 0.930348 0.890712 
59 0.973070 1.237885 0.880398 1.034049 0.971366 1.160784 0.920290 0.903276 1.121427 0.992556 0.935678 0.876481 1.049740 0.863140 0.958981 1.028256 0.799917 1.015055 1.086987 1.047451 0.933055 1.174961 1.106791 1.137999 0.927090 0.782637 1.043800 1.091540 0.999775 0.953546 0.936436 1.061130 0.926419 1.027131 1.131434 1.068600 0.972564 0.917540 0.928793 0.977832 0.884666 1.053732 0.952069 1.235112 1.049612 0.840040 1.053275 0.992942 1.061411 1.042644 0.904899 1.107288 0.854099 0.951133 0.864790 1.242597 0.979539 1.038084 0.932684 0.891676 
60 0.972642 1.237855 0.881136 1.034360 0.970849 1.159265 0.920558 0.903550 1.120023 0.992337 0.936872 0.877715 1.048919 0.863063 0.958205 1.028469 0.800569 1.014656 1.087348 1.046337 0.934639 1.174406 1.105587 1.138421 0.926943 0.783670 1.043390 1.091716 0.999587 0.954159 0.937522 1.061556 0.925305 1.027271 1.130472 1.067354 0.971781 0.918227 0.928848 0.978407 0.886051 1.052257 0.952436 1.233592 1.049646 0.840770 1.052512 0.993132 1.060494 1.041967 0.906207 1.106700 0.855386 0.950181 0.865042 1.240565 0.981320 1.039098 0.934053 0.892668 
61 0.971898 1.233546 0.884003 1.035525 0.970007 1.156785 0.920491 0.904080 1.116474 0.991273 0.939601 0.879567 1.049206 0.862048 0.955131 1.028824 0.804258 1.012154 1.089012 1.043161 0.939495 1.170471 1.102349 1.138611 0.928853 0.786502 1.040706 1.092068 0.998684 0.955902 0.940838 1.061371 0.924222 1.025649 1.124687 1.063841 0.971403 0.919762 0.932838 0.979843 0.888059 1.046896 0.955729 1.228087 1.050477 0.845378 1.051538 0.996456 1.058587 1.041333 0.912280 1.103394 0.860332 0.950422 0.864899 1.233112 0.983087 1.038952 0.938719 0.896182 
62 0.971870 1.233421 0.884067 1.035544 0.969977 1.156705 0.920482 0.904088 1.116370 0.991240 0.939665 0.879609 1.049202 0.862015 0.955043 1.028821 0.804347 1.012080 1.089041 1.043070 0.939611 1.170352 1.102254 1.138604 0.928896 0.786568 1.040626 1.092067 0.998652 0.955942 0.940914 1.061357 0.924183 1.025595 1.124521 1.063738 0.971381 0.919795 0.932939 0.979871 0.888101 1.046744 0.955803 1.227926 1.050483 0.845493 1.051502 0.996532 1.058529 1.041303 0.912428 1.103298 0.860455 0.950419 0.864887 1.232905 0.983121 1.038937 0.938832 0.896263 
63 0.972386 1.230046 0.885065 1.035069 0.970582 1.153289 0.921806 0.905805 1.114078 0.991965 0.941891 0.882334 1.048795 0.862662 0.954479 1.028218 0.807752 1.011325 1.088149 1.042030 0.942361 1.166105 1.100511 1.137883 0.931804 0.788633 1.039098 1.092230 0.998867 0.958996 0.942721 1.062000 0.922674 1.023873 1.118691 1.060551 0.969845 0.922099 0.937637 0.980972 0.889647 1.043371 0.956506 1.220853 1.048648 0.850074 1.050921 0.997757 1.058851 1.039023 0.915942 1.100909 0.865063 0.951263 0.866146 1.227333 0.982901 1.038745 0.942182 0.898197 
64 0.972788 1.224189 0.887103 1.035025 0.968794 1.147613 0.923109 0.908449 1.110340 0.992641 0.945371 0.886285 1.048889 0.865461 0.953967 1.026482 0.813220 1.011980 1.084549 1.040131 0.945171 1.160427 1.097453 1.134435 0.936991 0.792767 1.036065 1.092478 0.999032 0.965981 0.944983 1.060998 0.921023 1.023198 1.110210 1.057002 0.969608 0.926625 0.942963 0.981944 0.891072 1.040294 0.958408 1.212100 1.046764 0.857157 1.048895 0.997299 1.058042 1.038114 0.920819 1.095064 0.870690 0.953153 0.868792 1.218903 0.982765 1.040482 0.945433 0.901821 
65 0.973625 1.221569 0.888788 1.034864 0.968853 1.145562 0.924177 0.908911 1.108775 0.993649 0.946206 0.887907 1.049215 0.867131 0.953618 1.025113 0.815602 1.011667 1.083151 1.039476 0.946481 1.157877 1.096175 1.132158 0.938445 0.795295 1.034329 1.092076 0.999348 0.967866 0.945636 1.060954 0.920739 1.023141 1.107643 1.055499 0.969787 0.928123 0.944309 0.982248 0.891773 1.039618 0.958587 1.208838 1.046484 0.860029 1.048040 0.997392 1.057003 1.037383 0.922781 1.093468 0.872842 0.954192 0.870118 1.215369 0.982795 1.041320 0.946791 0.902192 
66 0.975595 1.210966 0.894305 1.033279 0.969857 1.138010 0.928590 0.911574 1.103262 0.995527 0.949783 0.893612 1.047822 0.872355 0.953878 1.022138 0.823857 1.010708 1.078229 1.039224 0.951380 1.149555 1.092643 1.124474 0.941020 0.804396 1.029738 1.089193 1.002042 0.973298 0.947220 1.060540 0.921132 1.022387 1.098513 1.052235 0.970932 0.934662 0.948744 0.982095 0.894177 1.037595 0.960256 1.199952 1.043353 0.868011 1.045781 1.000304 1.052298 1.035389 0.928084 1.087475 0.878367 0.957275 0.873738 1.204368 0.984335 1.043114 0.951445 0.903603 
67 0.978845 1.184042 0.909924 1.024090 0.974619 1.111844 0.940241 0.918783 1.086686 0.998364 0.960726 0.909397 1.042989 0.885355 0.953913 1.014268 0.851275 1.009022 1.067654 1.036337 0.961510 1.131767 1.081675 1.106127 0.953624 0.833005 1.018108 1.077772 1.004350 0.983513 0.950783 1.056439 0.925012 1.020039 1.076456 1.047709 0.978086 0.950911 0.959118 0.983793 0.901230 1.034645 0.965059 1.174062 1.029941 0.889044 1.040389 1.002564 1.039700 1.031192 0.948068 1.075740 0.895347 0.964940 0.886295 1.174758 0.988981 1.040591 0.962707 0.908179 
68 0.986915 1.136604 0.941227 1.005136 0.985672 1.065337 0.961502 0.937355 1.059969 1.007352 0.984949 0.936766 1.035509 0.907855 0.953839 0.998535 0.902363 1.005475 1.053827 1.034383 0.977424 1.098401 1.059506 1.074755 0.971688 0.885002 0.997272 1.056870 1.003946 0.999585 0.958959 1.043307 0.929488 1.014827 1.034741 1.035256 0.992978 0.979729 0.974001 0.979837 0.916451 1.029379 0.972216 1.126219 1.008252 0.927912 1.023222 1.010244 1.021721 1.024334 0.981238 1.052894 0.924046 0.977624 0.913632 1.123378 0.995930 1.034871 0.977271 0.922665 
69 0.989542 1.121657 0.951261 0.999205 0.989273 1.050720 0.968345 0.943328 1.051591 1.010300 0.992726 0.945546 1.033229 0.915075 0.953922 0.993653 0.918648 1.004441 1.049537 1.033875 0.982578 1.087945 1.052583 1.064926 0.977514 0.901596 0.990739 1.050331 1.003921 1.004789 0.961650 1.039234 0.930989 1.013239 1.021612 1.031403 0.997776 0.988967 0.978780 0.978685 0.921394 1.027795 0.974602 1.111125 1.001489 0.940351 1.017867 1.012770 1.016122 1.022245 0.991857 1.045745 0.933237 0.981751 0.922397 1.107192 0.998212 1.033161 0.981949 0.927367 
70 0.992556 1.090175 0.972506 0.986249 0.996874 1.022710 0.981932 0.954734 1.033486 1.017172 1.008529 0.964272 1.027505 0.929733 0.954460 0.984021 0.950905 1.002331 1.039541 1.033610 0.993591 1.067677 1.039106 1.046343 0.989630 0.937168 0.975644 1.035865 1.004665 1.016471 0.966523 1.030181 0.933670 1.007312 0.995649 1.024158 1.005856 1.007846 0.986462 0.977068 0.932044 1.022814 0.981329 1.079176 0.988393 0.967576 1.006080 1.017244 1.004514 1.017218 1.013367 1.031561 0.951823 0.990805 0.939691 1.074745 1.001587 1.029522 0.989086 0.936962 
71 0.997262 1.051229 0.995755 0.971980 1.007285 0.986977 0.997723 0.964653 1.006722 1.027080 1.031891 0.990167 1.019208 0.949906 0.960885 0.972118 0.992422 1.000786 1.023921 1.031616 1.009945 1.038984 1.022639 1.029606 1.001531 0.974032 0.959325 1.015272 1.003012 1.025534 0.967726 1.020302 0.936406 1.002371 0.968399 1.016868 1.015542 1.027757 0.998138 0.974325 0.943169 1.016400 0.988149 1.040984 0.974576 1.005383 0.994737 1.023955 0.989645 1.014992 1.042296 1.015181 0.970093 1.001218 0.962657 1.031724 1.001528 1.028677 0.994637 0.953054 
72 0.999504 1.036834 1.004811 0.966862 1.010989 0.973251 1.004413 0.965765 0.999770 1.029085 1.036156 0.998575 1.015631 0.954569 0.967489 0.968437 1.004959 1.001664 1.020695 1.029710 1.015227 1.029679 1.019693 1.026102 1.004091 0.983538 0.951708 1.009067 1.003460 1.028723 0.969746 1.015622 0.936387 1.003730 0.958191 1.014257 1.016897 1.031028 1.000575 0.974573 0.946281 1.016110 0.991362 1.029565 0.969852 1.019547 0.988800 1.025368 0.983622 1.014744 1.050325 1.009532 0.978225 1.005755 0.970769 1.019061 1.002154 1.026952 0.997746 0.959003 
73 0.999537 1.036470 1.005112 0.966829 1.011000 0.973042 1.004539 0.965707 0.999602 1.029077 1.036355 0.998806 1.015592 0.954681 0.967648 0.968405 1.005166 1.001708 1.020640 1.029645 1.015180 1.029591 1.019577 1.026111 1.004137 0.983664 0.951605 1.008979 1.003429 1.028748 0.969891 1.015636 0.936321 1.003731 0.957889 1.014165 1.017035 1.031106 1.000569 0.974526 0.946335 1.016136 0.991441 1.029298 0.969759 1.019819 0.988824 1.025378 0.983454 1.014650 1.050355 1.009493 0.978321 1.005909 0.970956 1.018821 1.002140 1.026900 0.997811 0.959054 
74 0.999629 1.036123 1.005440 0.966916 1.010964 0.972864 1.004938 0.965734 0.999310 1.028839 1.036344 0.998960 1.015468 0.954696 0.967493 0.968256 1.005367 1.001846 1.020676 1.029772 1.015167 1.029336 1.019489 1.026255 1.004235 0.983779 0.951474 1.009032 1.003194 1.028876 0.969879 1.015504 0.936312 1.003835 0.957883 1.014040 1.016927 1.031244 1.000574 0.974624 0.946053 1.016230 0.991709 1.029124 0.969872 1.019926 0.989127 1.025484 0.983537 1.014488 1.050199 1.009512 0.978361 1.005692 0.971269 1.018770 1.002175 1.026838 0.997715 0.959006 
75 0.999715 1.035952 1.005576 0.967035 1.010957 0.972751 1.005054 0.965733 0.999234 1.028731 1.036350 0.999010 1.015404 0.954695 0.967420 0.968229 1.005470 1.001953 1.020625 1.029864 1.015105 1.029228 1.019477 1.026317 1.004170 0.983885 0.951413 1.009120 1.003065 1.028952 0.969897 1.015451 0.936403 1.003804 0.957856 1.013931 1.016826 1.031286 1.000565 0.974655 0.945897 1.016301 0.991804 1.029076 0.969915 1.020031 0.989267 1.025489 0.983586 1.014399 1.050238 1.009598 0.978346 1.005575 0.971390 1.018760 1.002231 1.026806 0.997693 0.959025 
76 0.999739 1.035894 1.005616 0.967070 1.010951 0.972711 1.005087 0.965730 0.999206 1.028693 1.036349 0.999023 1.015380 0.954692 0.967393 0.968217 1.005500 1.001984 1.020605 1.029890 1.015082 1.029190 1.019471 1.026334 1.004145 0.983916 0.951390 1.009145 1.003020 1.028973 0.969900 1.015431 0.936430 1.003791 0.957844 1.013894 1.016790 1.031296 1.000558 0.974661 0.945844 1.016319 0.991831 1.029057 0.969925 1.020062 0.989308 1.025487 0.983598 1.014368 1.050247 1.009622 0.978338 1.005535 0.971425 1.018753 1.002246 1.026793 0.997683 0.959028 
77 0.999762 1.035819 1.005671 0.967071 1.011010 0.972684 1.005080 0.965668 0.999189 1.028684 1.036376 0.998973 1.015380 0.954747 0.967376 0.968239 1.005486 1.002009 1.020560 1.029910 1.015081 1.029140 1.019520 1.026338 1.004185 0.983927 0.951424 1.009148 1.002894 1.028978 0.969911 1.015423 0.936478 1.003835 0.957828 1.013906 1.016732 1.031329 1.000531 0.974648 0.945878 1.016274 0.991855 1.029105 0.969940 1.020059 0.989310 1.025460 0.983665 1.014315 1.050209 1.009632 0.978359 1.005529 0.971409 1.018723 1.002283 1.026788 0.997701 0.959043 
78 0.999763 1.035809 1.005669 0.967081 1.011008 0.972690 1.005081 0.965680 0.999187 1.028671 1.036370 0.998970 1.015377 0.954769 0.967390 0.968244 1.005487 1.002006 1.020552 1.029904 1.015081 1.029140 1.019512 1.026331 1.004187 0.983927 0.951432 1.009145 1.002896 1.028970 0.969920 1.015412 0.936498 1.003834 0.957838 1.013896 1.016726 1.031316 1.000528 0.974652 0.945893 1.016264 0.991855 1.029103 0.969947 1.020054 0.989318 1.025453 0.983675 1.014308 1.050196 1.009629 0.978367 1.005526 0.971413 1.018719 1.002284 1.026781 0.997703 0.959052 
79 0.999760 1.033845 1.005388 0.968843 1.010484 0.974229 1.004751 0.967535 0.999211 1.027118 1.034465 0.999070 1.014589 0.957190 0.969176 0.969941 1.005262 1.001950 1.019413 1.028218 1.014302 1.027531 1.018474 1.024893 1.003956 0.984732 0.954033 1.008595 1.002730 1.027499 0.971621 1.014571 0.939931 1.003535 0.960177 1.013123 1.015793 1.029562 1.000499 0.976028 0.948805 1.015435 0.992301 1.027559 0.971550 1.018848 0.989875 1.024077 0.984586 1.013537 1.047489 1.009086 0.979525 1.005212 0.973017 1.017698 1.002196 1.025328 0.997857 0.961223 
80 0.999981 1.001236 1.000121 0.998811 1.000464 0.999030 1.000208 0.998764 0.999938 1.000965 1.001281 0.999978 1.000574 0.998398 0.998804 0.998947 1.000248 1.000066 1.000710 1.001061 1.000542 1.001016 1.000643 1.000913 1.000113 0.999442 0.998329 1.000328 1.000107 1.001102 0.998930 1.000560 0.997747 1.000157 0.998528 1.000491 1.000658 1.001026 0.999971 0.999121 0.998102 1.000565 0.999707 1.001026 0.998985 1.000744 0.999609 1.000876 0.999436 1.000448 1.001753 1.000303 0.999210 1.000202 0.998988 1.000723 1.000057 1.000931 0.999971 0.998576 
81 1.000000 1.000004 1.000001 0.999997 1.000003 0.999998 1.000001 0.999997 1.000000 1.000002 1.000005 1.000003 1.000004 0.999994 0.999996 0.999997 1.000001 0.999997 1.000003 1.000005 1.000001 1.000005 1.000005 1.000001 1.000002 0.999997 0.999996 1.000001 1.000000 1.000003 0.999996 1.000002 0.999992 1.000000 0.999994 1.000003 1.000001 1.000002 1.000000 0.999997 0.999994 1.000005 0.999998 1.000003 0.999997 1.000004 0.999999 1.000003 0.999997 1.000001 1.000007 1.000000 0.999999 0.999998 0.999996 1.000002 1.000001 1.000005 0.999999 0.999997 
82 1.000000 1.000001 1.000000 0.999999 1.000002 1.000000 1.000000 0.999999 1.000000 0.999999 1.000002 1.000002 1.000002 0.999997 0.999999 0.999999 1.000000 0.999997 1.000001 1.000003 1.000000 1.000002 1.000003 0.999999 1.000002 0.999999 0.999999 1.000000 0.999999 1.000001 0.999999 1.000000 0.999997 1.000000 0.999997 1.000002 1.000000 1.000000 1.000000 0.999999 0.999998 1.000003 0.999999 1.000001 0.999999 1.000002 1.000000 1.000001 0.999998 1.000000 1.000003 0.999999 1.000000 0.999997 0.999998 1.000001 1.000001 1.000003 0.999998 1.000000 
83 1.000000 1.000000 1.000000 1.000000 1.000000 1.000000 1.000000 1.000000 1.000000 0.999999 1.000001 1.000000 1.000000 1.000000 1.000000 1.000000 1.000000 1.000000 1.000000 1.000000 1.000000 1.000000 1.000000 1.000000 1.000000 1.000000 1.000000 1.000000 1.000000 1.000000 1.000000 1.000000 1.000000 1.000000 1.000000 1.000000 1.000000 1.000000 1.000000 1.000000 1.000000 1.000000 1.000000 1.000000 1.000000 1.000000 1.000000 1.000000 1.000000 1.000000 1.000000 1.000000 1.000000 1.000000 1.000000 1.000000 1.000000 1.000000 1.000000 1.000000 
84 1.000000 1.000000 1.000000 1.000000 1.000000 1.000000 1.000000 1.000000 1.000000 1.000000 1.000000 1.000000 1.000000 1.000000 1.000000 1.000000 1.000000 1.000000 1.000000 1.000000 1.000000 1.000000 1.000000 1.000000 1.000000 1.000000 1.000000 1.000000 1.000000 1.000000 1.000000 1.000000 1.000000 1.000000 1.000000 1.000000 1.000000 1.000000 1.000000 1.000000 1.000000 1.000000 1.000000 1.000000 1.000000 1.000000 1.000000 1.000000 1.000000 1.000000 1.000000 1.000000 1.000000 1.000000 1.000000 1.000000 1.000000 1.000000 1.000000 1.000000 


0 16.660522 7.175747 3.117632 -1.885061 3.827660 2.071626 -2.301100 0.236792 1.590648 0.152518 2.158971 3.376055 -2.713233 -1.147344 -0.330664 3.870400 -2.020188 1.816700 0.856165 1.915119 -0.886345 -0.408683 -1.089376 2.148782 -0.009854 3.016166 -0.610912 -3.001877 3.257195 0.381134 0.498092 -1.032041 2.403249 2.304998 -1.940873 2.367372 1.475048 -3.592304 1.087960 2.404688 -0.865895 -2.078505 4.456107 -1.027393 1.884317 -2.688417 5.851274 -3.783109 1.425568 2.295041 0.945360 -3.899169 1.122390 4.006804 -1.371845 -0.191574 1.962813 3.097856 -2.360935 0.252350 
1 16.671036 7.213559 3.170855 -1.821785 3.889924 2.143988 -2.224009 0.305414 1.675550 0.223296 2.232369 3.439954 -2.642474 -1.087660 -0.255872 3.948960 -1.938390 1.889041 0.943836 1.990092 -0.810444 -0.327115 -1.012987 2.225340 0.067016 3.079425 -0.538838 -2.924072 3.334541 0.451718 0.579035 -0.954074 2.468911 2.376292 -1.879914 2.424544 1.537045 -3.526166 1.146187 2.465729 -0.797039 -2.009365 4.519065 -0.956890 1.961472 -2.625207 5.918263 -3.720831 1.490267 2.349166 1.010825 -3.844658 1.174456 4.061309 -1.310231 -0.135209 2.024088 3.167327 -2.306056 0.303640 
2 12.124504 4.403593 2.129156 -1.754596 3.855747 2.104569 -1.816396 1.009596 2.850482 1.406168 3.033972 3.546847 -2.590946 -1.025256 0.223701 4.622143 -0.615057 2.759162 2.317599 2.590081 -0.337054 0.206849 -0.332286 3.001607 0.860285 3.522759 0.030026 -2.220526 4.314428 0.895138 1.437645 -0.383526 2.947353 2.758524 -1.810348 2.023722 1.218831 -3.728598 0.935019 2.038368 -1.146474 -2.315542 4.447206 -0.266826 2.528993 -2.476443 5.570660 -4.014489 1.141310 1.522344 0.503482 -4.451588 0.148485 3.030174 -1.864147 -0.864812 1.697206 2.923770 -3.007809 -1.329756 
3 10.164883 3.396226 1.559207 -1.415953 3.860572 1.179658 -2.034294 1.815010 3.128448 2.671754 2.464823 4.127816 -1.655295 -0.673984 -0.279805 4.386302 -0.334008 2.744957 2.340752 2.522079 -0.756021 -0.342404 -0.120340 3.147160 1.972550 3.235034 0.194749 -1.352688 4.391257 -0.089586 1.187947 -0.434922 2.956402 3.424389 -0.963451 1.054237 1.274700 -4.217839 0.834032 1.664182 -1.304551 -1.533605 4.254901 0.314364 2.661757 -2.228092 4.594689 -3.253982 1.239326 1.213556 0.740308 -3.534730 0.409209 2.055500 -1.904645 -1.085792 1.814666 3.424593 -2.418852 -1.614015 
4 8.867829 2.024164 1.022968 -0.221549 3.732886 0.274791 -2.015646 2.203426 3.416071 2.605893 2.624439 3.945497 -0.869357 0.012584 -0.524810 3.610774 -0.231573 2.611937 2.568979 2.200284 -2.024394 -0.369321 -0.413071 3.807029 2.092938 2.651443 0.571953 -0.990985 4.673206 -0.438976 0.768568 -0.282369 2.556541 3.194917 -0.218947 0.855599 1.163536 -3.227055 1.194558 1.470643 -0.913219 -1.492979 4.415411 0.981026 2.609096 -2.021016 3.178641 -2.633047 0.812686 0.997425 0.778873 -2.202646 0.506075 2.292459 -1.424362 -0.874790 1.618862 3.449499 -1.653447 -1.871670 
5 7.582802 1.392926 0.872994 0.255611 3.631239 0.338869 -1.947896 2.440553 3.244368 2.091241 2.438725 3.751623 -0.275997 0.105721 -0.713532 3.455432 -0.058046 2.254879 2.138699 2.513299 -1.913837 -0.711228 -0.650476 4.230263 2.492347 2.250563 0.334472 -0.940163 5.076717 -0.366922 0.566691 -0.503747 2.449111 2.835129 0.365025 1.383618 0.775438 -2.233111 1.139412 1.651677 -0.726209 -1.333176 4.266443 1.531972 2.098696 -1.809874 2.097172 -2.147843 0.490390 0.654557 0.609331 -1.608786 0.911358 1.995003 -1.164123 -0.141395 1.457098 3.355798 -1.283542 -1.349351 
6 6.444638 1.183307 1.101812 1.014136 3.522537 0.652064 -1.883905 2.320330 3.163926 1.514209 2.585944 3.440190 0.593344 0.249756 -0.834404 3.220839 0.549172 2.001568 1.693516 2.350824 -1.551041 -1.165564 -1.025968 4.383688 2.672220 1.663054 0.025379 -0.451187 5.047643 -0.781950 0.979585 -0.272141 2.240267 2.921807 0.535601 1.644432 0.691595 -1.252908 0.894108 1.656174 -0.305581 -0.853417 3.171391 1.813090 1.706806 -1.370680 1.561418 -2.127364 -0.001379 0.189791 0.524350 -0.901555 0.994175 1.714727 -0.704258 0.539705 0.993505 2.864328 -0.993437 -1.079560 
7 5.844116 1.338544 1.047077 1.449849 3.423722 0.563373 -1.730616 2.460766 3.141373 1.319906 2.369569 2.958682 0.837661 0.424011 -0.666226 3.020424 1.042599 1.779187 1.606033 2.110556 -1.168154 -1.492348 -0.936386 4.300524 2.468868 1.488071 -0.020498 -0.266368 4.877522 -0.932205 0.880804 -0.232496 2.187935 3.019263 0.424850 1.766065 0.438663 -0.581408 0.859085 1.770617 -0.126209 -0.487759 2.833115 1.858939 1.737706 -1.248846 1.287160 -1.964789 0.129744 0.276044 0.676671 -0.719463 0.852654 1.519739 -0.684381 0.842561 0.845560 2.474260 -0.920358 -0.998054 
8 4.959232 1.455302 1.253934 1.809852 3.272712 0.603578 -1.681947 2.441217 2.781391 1.273520 2.057056 2.811660 1.007191 0.731109 -0.271847 3.047402 1.420405 1.418689 1.295684 1.813375 -1.094570 -1.442222 -0.779031 4.115645 2.256410 1.241959 -0.062581 0.022873 4.545167 -0.932368 0.893160 -0.000638 1.949227 2.864435 0.210120 1.760694 0.361727 0.120879 0.582393 1.744767 0.147610 -0.019277 2.854502 1.589499 1.671229 -1.045877 1.182063 -1.564564 0.352015 0.442036 0.629613 -0.447469 0.694429 1.437051 -0.962694 1.273539 0.847866 1.984712 -0.818116 -0.924175 
9 4.927827 1.462031 1.262325 1.821346 3.276738 0.610998 -1.667427 2.431658 2.765966 1.276783 2.039261 2.806849 1.017237 0.749295 -0.255907 3.046370 1.446639 1.401341 1.294562 1.807414 -1.086900 -1.425723 -0.774054 4.098631 2.247349 1.226176 -0.062475 0.044356 4.525517 -0.916362 0.900874 0.017255 1.941896 2.863282 0.229393 1.763366 0.358026 0.149100 0.580622 1.741553 0.159472 -0.005287 2.853519 1.577249 1.670597 -1.031215 1.174065 -1.547875 0.366525 0.459674 0.633346 -0.439114 0.698991 1.432145 -0.964585 1.290858 0.851332 1.965932 -0.812429 -0.920366 
10 4.138902 1.531817 1.369564 1.988572 3.336333 0.715181 -1.362309 2.085859 2.312475 1.303133 1.517056 2.616864 1.172572 1.120528 0.020765 2.919663 2.021681 0.904022 1.232847 1.612425 -0.977211 -1.067957 -0.756763 3.567391 1.944502 0.753453 -0.134751 0.498821 3.952574 -0.552071 1.022675 0.381069 1.706963 2.773936 0.736780 1.758595 0.182788 0.709061 0.509485 1.566635 0.338489 0.197025 2.736002 1.205773 1.571492 -0.740909 0.874773 -1.247121 0.639590 0.837989 0.654362 -0.342669 0.775231 1.221074 -1.048266 1.602273 0.861703 1.442753 -0.756294 -0.920624 
11 3.634044 1.458328 1.535559 2.121608 3.086241 0.732574 -1.091940 1.827684 2.080862 1.304442 1.129971 2.371539 1.261157 1.346059 0.220096 3.032218 2.368189 0.513695 1.110950 1.623936 -0.804646 -0.577143 -0.749156 3.196331 1.547533 0.268447 0.096648 0.802638 3.526073 -0.466936 1.118979 0.749702 1.734972 2.618648 0.848182 1.811284 0.166370 1.054712 0.637658 1.222721 0.219630 0.496695 2.642008 1.025096 1.279662 -0.551750 0.587685 -1.004649 0.932954 1.054256 0.722258 -0.353602 0.822422 0.980563 -0.878711 1.631422 0.828237 1.260723 -0.613656 -0.731650 
12 3.118671 1.462038 1.757402 2.162999 2.832894 0.761447 -0.702575 1.644426 1.961103 1.345772 0.798408 2.246156 1.119629 1.472579 0.008630 3.036656 2.422262 0.375375 0.747070 1.448970 -0.385276 0.060813 -0.526078 2.849508 1.227113 -0.068710 0.285458 1.140787 3.250975 -0.453750 1.108191 0.970917 1.766865 2.489334 0.919337 1.834710 0.047890 1.281142 0.767207 0.939804 0.380089 0.669676 2.704854 0.876309 1.104660 -0.297911 0.284761 -0.862261 1.136616 1.258217 0.786598 -0.213188 0.862335 0.869034 -0.521929 1.655549 0.660743 1.020638 -0.550274 -0.696701 
13 2.803038 1.466396 1.857539 2.097122 2.688914 0.788643 -0.339814 1.522184 1.922767 1.479562 0.718159 2.111961 1.192398 1.574764 -0.133799 2.996092 2.452964 0.138470 0.562901 1.284511 -0.111788 0.404490 -0.490764 2.689899 1.112879 -0.336764 0.428151 1.150383 3.051150 -0.230328 1.000200 1.064030 1.806935 2.365338 0.844087 1.853208 0.016721 1.225199 0.803951 0.915422 0.429887 0.879191 2.691661 0.817255 1.184008 -0.255470 0.187617 -0.772687 1.182320 1.310828 0.701110 0.005526 0.928088 0.879240 -0.294628 1.588674 0.601046 0.850571 -0.498500 -0.625590 
14 2.603083 1.463330 1.823825 1.982349 2.588647 0.756493 -0.085123 1.539527 1.942347 1.522424 0.798894 2.014588 1.167062 1.655275 -0.200009 2.996557 2.392325 -0.000918 0.398345 1.204229 0.084029 0.533598 -0.422924 2.537113 0.981412 -0.544521 0.567871 1.298536 2.887503 0.023670 0.932832 1.136359 1.860255 2.299774 0.803962 1.759778 0.001346 1.185831 0.820923 0.821307 0.464338 0.981020 2.635903 0.863171 1.144581 -0.232048 0.212204 -0.624485 1.033737 1.498867 0.629417 0.208592 0.974745 0.852988 -0.161702 1.542950 0.641203 0.622988 -0.480124 -0.445607 
15 2.472366 1.448970 1.798931 1.880137 2.417896 0.782853 0.083005 1.478337 2.016435 1.584279 0.809273 1.839012 1.186647 1.755713 -0.144425 2.951979 2.263430 -0.206764 0.340545 1.156201 0.304306 0.637657 -0.238153 2.426124 0.950456 -0.513147 0.738558 1.491406 2.738957 0.210929 0.854756 1.227399 1.834364 2.149295 0.834183 1.592185 -0.020506 1.219577 0.644644 0.788489 0.367549 1.017345 2.619171 0.846718 1.086917 -0.223996 0.247936 -0.573083 0.840161 1.623274 0.658223 0.460140 1.100911 0.845449 0.011771 1.445595 0.552034 0.458214 -0.483391 -0.264134 
16 2.350074 1.382090 1.729765 1.831957 2.358725 0.821432 0.174364 1.395212 2.097521 1.538897 0.847385 1.751018 1.172718 1.848463 -0.102753 2.830493 2.199065 -0.339245 0.297731 1.092973 0.564113 0.717417 -0.074848 2.390140 0.959507 -0.474829 0.925381 1.632820 2.574830 0.331472 0.741401 1.216340 1.717366 2.070880 0.869679 1.467518 0.088077 1.209090 0.514531 0.723186 0.299629 1.058338 2.596613 0.780552 1.022835 -0.328427 0.321347 -0.460958 0.733332 1.719724 0.617712 0.499803 1.199241 0.868429 0.193562 1.453954 0.477914 0.375642 -0.366935 -0.145367 
17 2.343615 1.377729 1.722843 1.832931 2.352282 0.815910 0.174272 1.387864 2.104414 1.539775 0.847007 1.749502 1.167756 1.846885 -0.100414 2.822821 2.199359 -0.347319 0.292451 1.089829 0.573487 0.723478 -0.070046 2.383266 0.958028 -0.469292 0.933234 1.638302 2.565017 0.338372 0.740418 1.210038 1.708174 2.062186 0.870748 1.466611 0.085633 1.204840 0.506240 0.718951 0.297763 1.056965 2.589690 0.779785 1.020743 -0.332745 0.329107 -0.454116 0.729108 1.720192 0.616832 0.503637 1.199671 0.869042 0.202351 1.455376 0.475429 0.373488 -0.359599 -0.137449 
18 2.302165 1.352674 1.676327 1.850057 2.308508 0.778390 0.179492 1.337577 2.167328 1.555426 0.850556 1.747043 1.135884 1.838574 -0.074041 2.771974 2.211365 -0.401916 0.259313 1.074369 0.651033 0.779617 -0.027391 2.336297 0.954157 -0.417625 0.999709 1.687388 2.497271 0.399169 0.744536 1.167828 1.643795 2.001037 0.885826 1.471032 0.070372 1.178225 0.449895 0.694209 0.293486 1.053413 2.541170 0.783046 1.014233 -0.356790 0.399374 -0.393203 0.706335 1.729235 0.619665 0.541401 1.208200 0.881710 0.277480 1.475234 0.465774 0.367191 -0.295176 -0.067658 
19 2.223585 1.304886 1.633988 1.864578 2.202086 0.744700 0.174405 1.288012 2.256654 1.581631 0.855457 1.683909 1.068955 1.864757 -0.046766 2.673353 2.156376 -0.464062 0.243550 1.065727 0.739365 0.787700 0.006344 2.297401 0.988160 -0.320402 1.040778 1.729445 2.376382 0.447839 0.750753 1.181575 1.583290 1.875287 0.901534 1.534866 0.064658 1.081254 0.419135 0.647325 0.283007 1.051050 2.453681 0.766072 1.012138 -0.299942 0.491467 -0.309246 0.699782 1.781028 0.620033 0.564807 1.231473 0.913637 0.389440 1.559747 0.516716 0.350909 -0.221216 -0.029243 
20 2.176698 1.271651 1.570439 1.845372 2.075350 0.685137 0.228900 1.229040 2.280192 1.610492 0.873953 1.625951 0.987537 1.873530 -0.002354 2.579741 2.071768 -0.517281 0.280887 1.013802 0.832555 0.765625 0.061080 2.197296 1.101527 -0.276211 1.116715 1.742707 2.302759 0.454939 0.807786 1.207935 1.463029 1.736737 0.920006 1.608325 0.097676 1.045346 0.371407 0.607211 0.276049 1.023069 2.388359 0.798695 1.039873 -0.228378 0.574601 -0.212013 0.719473 1.809128 0.578375 0.571613 1.202894 0.896024 0.540119 1.630626 0.590852 0.328916 -0.156825 0.022451 
21 2.131175 1.249420 1.499403 1.854042 2.057654 0.663063 0.246547 1.155470 2.300816 1.602157 0.874907 1.580938 0.912641 1.882745 0.024156 2.483581 1.995279 -0.508822 0.316586 0.978998 0.894762 0.768862 0.119888 2.110760 1.167335 -0.257351 1.127642 1.753794 2.277010 0.483961 0.822145 1.229535 1.435909 1.563997 0.925981 1.599675 0.164638 1.018927 0.321793 0.596903 0.267801 1.035626 2.323111 0.826565 1.079122 -0.140165 0.613588 -0.177932 0.755024 1.793352 0.583183 0.575257 1.135580 0.869188 0.641430 1.660918 0.685027 0.312963 -0.078169 0.112143 
22 2.036863 1.271567 1.482547 1.848297 2.018714 0.634607 0.247138 1.102054 2.322966 1.554213 0.833249 1.556066 0.808034 1.849427 0.068881 2.342897 1.911820 -0.477478 0.411452 0.974919 0.940990 0.763318 0.164217 2.025190 1.248562 -0.237310 1.102997 1.770417 2.222711 0.526595 0.794502 1.290738 1.434172 1.445165 0.939373 1.617081 0.240078 1.016022 0.286669 0.579631 0.303836 1.038719 2.243056 0.861420 1.104947 -0.070894 0.673994 -0.111090 0.795257 1.773044 0.524531 0.604901 1.065967 0.880559 0.726638 1.590170 0.722859 0.336759 -0.000227 0.233910 
23 1.942847 1.313097 1.441435 1.811146 1.929828 0.582497 0.322821 1.078532 2.322182 1.412346 0.807961 1.563383 0.754069 1.785046 0.172053 2.243504 1.840653 -0.397921 0.486387 0.935691 0.998117 0.743368 0.249763 1.930887 1.294021 -0.190846 1.067812 1.808058 2.113561 0.580806 0.755723 1.333107 1.440940 1.242179 0.983334 1.632246 0.372142 0.983353 0.248251 0.541916 0.352173 1.014173 2.110707 0.938243 1.162521 0.018771 0.705051 -0.023618 0.872722 1.707998 0.482673 0.652740 1.054013 0.914772 0.760817 1.506836 0.747943 0.401840 0.076987 0.291606 
24 1.867956 1.316125 1.407730 1.758931 1.822169 0.572950 0.389076 1.007401 2.320034 1.313427 0.749918 1.591529 0.714205 1.709546 0.224394 2.163820 1.792267 -0.289774 0.571606 0.895881 1.044438 0.709696 0.346542 1.876528 1.330307 -0.127297 1.081727 1.773108 2.009766 0.622414 0.746188 1.348418 1.435055 1.070138 1.022814 1.593378 0.462324 1.003480 0.280041 0.496503 0.407578 1.030235 1.956521 0.983036 1.212017 0.078906 0.723322 0.037195 0.913598 1.691121 0.439454 0.715883 1.052514 0.954416 0.749814 1.459734 0.793396 0.467166 0.116503 0.365875 
25 1.866225 1.316355 1.406897 1.757407 1.819729 0.573170 0.391183 1.006230 2.320032 1.310977 0.748458 1.592327 0.713523 1.708446 0.226037 2.162117 1.791209 -0.286847 0.574213 0.895489 1.046016 0.709536 0.348815 1.875436 1.331499 -0.125616 1.082248 1.772425 2.007407 0.623563 0.746433 1.348932 1.435017 1.066514 1.023857 1.592255 0.464665 1.004335 0.281050 0.495615 0.409440 1.030880 1.953010 0.984714 1.213628 0.080805 0.724548 0.038953 0.915006 1.690740 0.439223 0.717779 1.052712 0.956167 0.749878 1.459176 0.794736 0.469379 0.117779 0.368157 
26 1.787370 1.302906 1.350876 1.665837 1.724370 0.576459 0.458689 0.976256 2.292661 1.204053 0.671214 1.598226 0.678437 1.691628 0.272754 2.090539 1.735642 -0.200270 0.660908 0.888560 1.094658 0.711808 0.388945 1.824702 1.360070 -0.087619 1.082186 1.731047 1.912435 0.641635 0.753095 1.344095 1.414719 0.953624 1.037108 1.519032 0.521991 1.024451 0.301769 0.451604 0.469828 1.035955 1.826204 1.048293 1.260657 0.142702 0.781033 0.084934 0.956538 1.652477 0.450600 0.774845 1.045674 1.031781 0.743117 1.448349 0.824380 0.548127 0.151515 0.440564 
27 1.722414 1.291335 1.305358 1.585453 1.656631 0.606336 0.476189 0.956649 2.249398 1.129042 0.654555 1.591179 0.637163 1.652019 0.318033 2.013657 1.697076 -0.141336 0.716241 0.901916 1.114021 0.683431 0.435430 1.760127 1.357400 -0.068998 1.098066 1.698797 1.835788 0.672412 0.796565 1.343412 1.410449 0.897153 1.041094 1.483038 0.566396 1.017831 0.330248 0.437239 0.521458 1.062162 1.779236 1.071530 1.301772 0.163938 0.790752 0.115430 0.979067 1.615326 0.492201 0.843549 1.038723 1.064722 0.753359 1.457243 0.822128 0.621773 0.188163 0.475681 
28 1.674251 1.285245 1.260627 1.532993 1.603397 0.626871 0.502088 0.937802 2.212442 1.112087 0.652081 1.544333 0.601667 1.618949 0.367310 1.957315 1.648182 -0.088249 0.741752 0.914365 1.109599 0.694568 0.473422 1.721520 1.346898 -0.051203 1.087223 1.681148 1.770887 0.678949 0.824975 1.310873 1.414029 0.875309 1.051884 1.462615 0.627506 1.037597 0.376476 0.449766 0.566545 1.073366 1.733662 1.066997 1.340375 0.188189 0.815363 0.159336 0.969408 1.560617 0.514970 0.878358 1.056915 1.059665 0.751546 1.460212 0.820640 0.675413 0.214406 0.506509 
29 1.570429 1.283580 1.188248 1.431018 1.502975 0.645054 0.522317 0.932268 2.083451 1.087294 0.657596 1.391321 0.593657 1.523080 0.457407 1.852933 1.556066 0.058062 0.772836 0.915905 1.084307 0.744041 0.580258 1.646557 1.298454 0.041788 1.057994 1.558320 1.638182 0.727522 0.898098 1.306855 1.397728 0.834847 1.107638 1.347825 0.726697 1.039553 0.473245 0.516490 0.673992 1.095112 1.638528 1.113776 1.359496 0.264936 0.891791 0.280209 0.963864 1.468470 0.533882 0.902971 1.077170 1.027507 0.786139 1.472951 0.765934 0.772389 0.313917 0.569873 
30 1.448963 1.275801 1.130291 1.362937 1.430886 0.674582 0.576549 0.934156 1.954987 1.048077 0.682445 1.314113 0.631531 1.430935 0.528654 1.723902 1.432083 0.155153 0.807615 0.946608 1.028097 0.802300 0.711704 1.554270 1.232117 0.136291 1.055849 1.455283 1.512723 0.735791 0.960241 1.294260 1.382687 0.818976 1.125649 1.262911 0.791361 1.034987 0.556220 0.632363 0.750045 1.091610 1.522064 1.153622 1.368205 0.340516 0.955310 0.373739 0.966751 1.418051 0.557554 0.894522 1.095744 1.007548 0.817938 1.475831 0.739858 0.856086 0.390314 0.639236 
31 1.320278 1.255921 1.075542 1.289211 1.319717 0.719248 0.636703 0.929538 1.763133 1.047600 0.701427 1.225707 0.690421 1.349976 0.605711 1.577211 1.283471 0.320649 0.856304 0.964198 0.990309 0.853149 0.830172 1.469922 1.132601 0.252403 1.053314 1.368700 1.414024 0.768391 1.035180 1.253159 1.382512 0.833871 1.145580 1.196203 0.877126 1.017464 0.622085 0.759942 0.791573 1.040233 1.366324 1.174401 1.347407 0.390509 1.001758 0.489754 1.016207 1.365641 0.587754 0.925091 1.085417 1.015553 0.850399 1.475307 0.728664 0.910303 0.504218 0.723421 
32 1.268953 1.235965 1.052582 1.271468 1.270530 0.759495 0.669641 0.953408 1.658426 1.036765 0.716990 1.173670 0.731847 1.302618 0.650859 1.505299 1.192583 0.430606 0.898822 0.960665 0.976299 0.897303 0.895969 1.411429 1.100942 0.305482 1.069424 1.312931 1.353987 0.794987 1.060549 1.228616 1.374962 0.849287 1.165312 1.180946 0.892814 1.000453 0.643390 0.808022 0.813245 1.036260 1.279945 1.161964 1.328669 0.429009 1.024429 0.570054 1.022862 1.319807 0.622683 0.938924 1.072534 1.019124 0.855835 1.465133 0.732469 0.937099 0.558321 0.767253 
33 1.210857 1.212161 1.025623 1.250550 1.214689 0.802048 0.704097 0.978054 1.541462 1.023152 0.732509 1.114667 0.775481 1.248857 0.698772 1.424318 1.090817 0.550112 0.943711 0.955024 0.959022 0.943953 0.966252 1.345035 1.064600 0.362330 1.085746 1.249552 1.286081 0.822504 1.086241 1.199625 1.364885 0.864631 1.185472 1.162462 0.908050 0.979669 0.665089 0.859021 0.835085 1.030024 1.183302 1.146446 1.305978 0.470004 1.047257 0.656800 1.028143 1.267407 0.659317 0.952467 1.056451 1.021208 0.859676 1.452112 0.734970 0.964431 0.616122 0.813511 
34 1.135773 1.211801 0.997849 1.242308 1.126351 0.875516 0.777477 0.977516 1.420391 0.997850 0.766136 1.039190 0.814444 1.178234 0.774662 1.320279 0.980287 0.709055 0.986618 0.981165 0.936528 0.999604 1.014710 1.246230 1.040187 0.453371 1.142314 1.161864 1.198740 0.850511 1.093635 1.158432 1.340887 0.906917 1.213948 1.109039 0.934260 0.932476 0.699890 0.939000 0.862711 1.009617 1.084629 1.138396 1.262972 0.556253 1.052184 0.775020 1.037817 1.189663 0.706250 0.976408 1.022603 1.022254 0.838008 1.441764 0.740199 0.976100 0.701829 0.870523 
35 1.072173 1.212219 0.989610 1.219253 1.071926 0.963538 0.830238 0.973795 1.343699 0.990500 0.776954 0.987639 0.846823 1.136892 0.845567 1.250093 0.904836 0.848451 1.009372 0.981833 0.906877 1.028095 1.038411 1.174136 1.017432 0.526057 1.175738 1.117957 1.114623 0.866066 1.089211 1.129553 1.290188 0.918621 1.228947 1.077035 0.944728 0.894273 0.750506 1.020531 0.885383 0.998102 1.019835 1.160027 1.215134 0.592512 1.052918 0.874053 1.038235 1.119738 0.759714 0.984909 0.988455 1.020558 0.851684 1.412943 0.764990 0.980328 0.746370 0.912322 
36 1.049831 1.200850 0.962178 1.205539 1.036064 1.036960 0.861053 0.963484 1.269823 0.972442 0.781661 0.952550 0.882110 1.120739 0.901221 1.198169 0.867949 0.925483 1.037955 0.976128 0.891619 1.065930 1.058527 1.130661 1.009264 0.603029 1.185184 1.107004 1.064413 0.877644 1.070327 1.105451 1.256020 0.933142 1.209388 1.061356 0.949042 0.849744 0.802026 1.060536 0.923747 0.986290 0.980413 1.179719 1.173128 0.626044 1.047095 0.936327 1.039459 1.082691 0.772864 1.015223 0.954946 0.984357 0.862861 1.395264 0.782638 0.994532 0.765299 0.942248 
37 1.034625 1.194163 0.921705 1.188194 1.020696 1.084794 0.882769 0.958327 1.233543 0.967810 0.781874 0.933633 0.924464 1.086041 0.939211 1.171075 0.842540 0.976073 1.051074 0.968312 0.891152 1.084739 1.054372 1.103373 0.996595 0.654212 1.187532 1.101413 1.017517 0.875566 1.058291 1.092961 1.245125 0.944444 1.199709 1.054244 0.947207 0.838734 0.825347 1.081475 0.943875 0.979248 0.977451 1.180160 1.143292 0.658580 1.045760 0.964989 1.036395 1.066135 0.766359 1.036050 0.924600 0.972662 0.880669 1.382122 0.806042 1.010866 0.787738 0.955649 
38 1.016648 1.189908 0.901573 1.168890 1.009875 1.123970 0.889867 0.958408 1.225764 0.952069 0.784547 0.914840 0.966296 1.064565 0.971697 1.131584 0.825760 1.010632 1.048254 0.959013 0.893364 1.098898 1.055120 1.084097 0.975840 0.685713 1.189499 1.081332 1.003143 0.873381 1.057589 1.075131 1.222344 0.958533 1.200641 1.052335 0.949928 0.832657 0.844612 1.081911 0.954207 0.970127 0.984014 1.178287 1.118928 0.691119 1.061546 0.979593 1.050403 1.055100 0.762344 1.063797 0.916126 0.950362 0.888984 1.354321 0.841047 1.018019 0.799132 0.963097 
39 1.005724 1.178753 0.878100 1.150533 1.003689 1.153408 0.894648 0.954303 1.219010 0.942181 0.786905 0.908309 0.989240 1.047379 0.985589 1.115977 0.804525 1.031200 1.049076 0.952146 0.889192 1.103075 1.049245 1.072019 0.950563 0.719595 1.192841 1.071764 0.997407 0.876027 1.049213 1.070728 1.193661 0.976795 1.202714 1.062254 0.954900 0.832500 0.855845 1.078142 0.963765 0.980542 0.986263 1.182838 1.112674 0.721078 1.073393 0.984473 1.069116 1.043643 0.763701 1.077648 0.919446 0.933021 0.891912 1.330053 0.854803 1.008443 0.815110 0.974374 
40 1.005027 1.178016 0.876689 1.149413 1.003182 1.154948 0.894769 0.953971 1.218442 0.941574 0.786992 0.907850 0.990330 1.046301 0.986280 1.114932 0.803245 1.032196 1.048988 0.951671 0.888832 1.103191 1.048774 1.071263 0.949092 0.721327 1.192873 1.071135 0.996989 0.876018 1.048619 1.070293 1.192015 0.977623 1.202729 1.062641 0.954959 0.832394 0.856338 1.077774 0.964176 0.981056 0.986250 1.183034 1.112207 0.722583 1.073916 0.984594 1.070043 1.042945 0.763634 1.078247 0.919557 0.931965 0.891954 1.328537 0.855444 1.007732 0.815947 0.974794 
41 0.999300 1.169740 0.856309 1.133885 0.989122 1.190811 0.897771 0.951294 1.201342 0.939412 0.801514 0.904211 1.004404 1.026946 1.008361 1.090952 0.786204 1.047523 1.049300 0.950206 0.885237 1.111343 1.040236 1.065750 0.934029 0.747593 1.190752 1.066525 0.994732 0.872573 1.040845 1.055797 1.173458 0.985160 1.206697 1.063816 0.944193 0.837000 0.864601 1.068289 0.976110 1.002294 0.985272 1.196988 1.107353 0.744808 1.085139 0.985050 1.090893 1.041118 0.763171 1.083045 0.930086 0.920015 0.896036 1.296639 0.869452 0.991341 0.842592 0.973367 
42 0.993937 1.167704 0.840193 1.118309 0.974766 1.225880 0.900824 0.955270 1.175884 0.940995 0.802269 0.890986 1.015272 1.006094 1.018045 1.071412 0.788435 1.057924 1.047033 0.958396 0.872190 1.111038 1.045471 1.069132 0.918478 0.765092 1.202913 1.069933 0.997117 0.872484 1.028021 1.039024 1.151975 0.989948 1.208596 1.069006 0.940661 0.836219 0.865326 1.056876 0.993628 1.015434 0.982921 1.207053 1.104988 0.774159 1.097941 0.977254 1.098196 1.035748 0.761729 1.081684 0.936748 0.917950 0.904641 1.265039 0.890958 0.979761 0.870671 0.971264 
43 0.992187 1.164817 0.833272 1.122806 0.967031 1.239683 0.904793 0.959745 1.168569 0.945395 0.804309 0.888928 1.014946 0.998555 1.020285 1.070192 0.788728 1.055949 1.048453 0.961376 0.869735 1.108186 1.051618 1.067882 0.913453 0.768679 1.198956 1.065729 0.993962 0.874830 1.022074 1.032614 1.142711 0.994080 1.211421 1.068388 0.944179 0.836108 0.866402 1.052043 1.001248 1.018335 0.983115 1.211210 1.097124 0.781425 1.102959 0.969336 1.103443 1.032022 0.763279 1.083566 0.938048 0.919863 0.909153 1.254621 0.899893 0.976537 0.878137 0.970456 
44 0.989550 1.161588 0.830903 1.124228 0.964456 1.245310 0.904630 0.960085 1.161741 0.944028 0.808431 0.883671 1.013102 0.988572 1.023023 1.073487 0.786922 1.047958 1.046047 0.960866 0.867948 1.106760 1.053844 1.067807 0.913282 0.774371 1.198377 1.066631 0.996268 0.878318 1.017600 1.027752 1.137846 1.000446 1.215742 1.063577 0.946116 0.837303 0.869959 1.050248 1.005692 1.022578 0.978956 1.210921 1.092791 0.786289 1.104426 0.967780 1.110857 1.028544 0.765253 1.084977 0.936138 0.926790 0.915975 1.246835 0.910227 0.976857 0.876658 0.967847 
45 0.987858 1.162943 0.829500 1.121784 0.961920 1.249473 0.902283 0.962732 1.158179 0.940574 0.812887 0.882029 1.010541 0.987958 1.022858 1.078681 0.787319 1.039980 1.045196 0.960341 0.867436 1.106700 1.059598 1.067621 0.913275 0.780672 1.194602 1.066324 0.995591 0.879865 1.017513 1.021498 1.133312 1.005690 1.220841 1.060995 0.945108 0.838837 0.877056 1.049816 1.002481 1.025936 0.976091 1.209303 1.092037 0.792167 1.101887 0.967329 1.113238 1.023980 0.763284 1.086580 0.930521 0.933033 0.920517 1.239076 0.917484 0.975606 0.881291 0.966660 
46 0.987622 1.159335 0.834032 1.118222 0.959286 1.251802 0.901903 0.965920 1.156904 0.938619 0.818484 0.880409 1.009449 0.986274 1.023948 1.082315 0.787832 1.034221 1.044581 0.958704 0.866447 1.107812 1.062061 1.067102 0.913194 0.784144 1.191874 1.068387 0.995314 0.879688 1.016703 1.018751 1.128332 1.007527 1.224547 1.058900 0.945451 0.839776 0.882449 1.050593 1.001930 1.027808 0.973988 1.206550 1.091592 0.795645 1.101495 0.963530 1.114360 1.021552 0.761924 1.088246 0.923714 0.936926 0.920623 1.235214 0.921570 0.976073 0.887651 0.967439 
47 0.987587 1.159132 0.834229 1.117997 0.959135 1.251859 0.901862 0.966072 1.156815 0.938504 0.818707 0.880287 1.009373 0.986152 1.023969 1.082466 0.787836 1.033915 1.044534 0.958622 0.866416 1.107808 1.062163 1.067022 0.913170 0.784294 1.191697 1.068460 0.995283 0.879660 1.016581 1.018557 1.128065 1.007597 1.224739 1.058778 0.945408 0.839792 0.882708 1.050627 1.001882 1.027859 0.973862 1.206387 1.091560 0.795778 1.101429 0.963311 1.114404 1.021433 0.761854 1.088286 0.923366 0.937054 0.920602 1.235012 0.921754 0.976070 0.887947 0.967463 
48 0.987450 1.155853 0.838639 1.113025 0.956817 1.252460 0.901860 0.970321 1.155711 0.936848 0.822504 0.877701 1.008668 0.983572 1.024691 1.086021 0.788638 1.028423 1.044614 0.958578 0.868249 1.107142 1.065068 1.064845 0.913529 0.787818 1.187984 1.070389 0.995599 0.879895 1.012504 1.014004 1.123343 1.009784 1.230365 1.057079 0.943708 0.840561 0.889049 1.052717 1.001862 1.028922 0.972021 1.203566 1.092220 0.798345 1.099940 0.959292 1.116483 1.020650 0.762026 1.088906 0.917477 0.938634 0.920786 1.232025 0.926321 0.976711 0.894635 0.969064 
49 0.985305 1.152604 0.846481 1.108129 0.952100 1.250671 0.897932 0.972065 1.153169 0.933942 0.829329 0.877058 1.011525 0.981511 1.027924 1.094917 0.788414 1.024175 1.046598 0.962413 0.870125 1.106851 1.068268 1.060027 0.913265 0.790947 1.182770 1.071354 0.996733 0.879868 1.004710 1.008858 1.116279 1.011894 1.234373 1.053313 0.941920 0.841931 0.897797 1.052632 1.003792 1.028372 0.969741 1.197305 1.096196 0.800638 1.099660 0.953656 1.116403 1.018723 0.762657 1.090528 0.911284 0.940425 0.925860 1.228784 0.933123 0.974829 0.904073 0.969247 
50 0.981749 1.152227 0.853881 1.105329 0.950695 1.249724 0.897965 0.974694 1.149436 0.932646 0.834057 0.877624 1.012618 0.978221 1.032865 1.099393 0.788211 1.019840 1.046533 0.961628 0.870461 1.106051 1.070307 1.057810 0.914024 0.796279 1.178782 1.070850 0.997785 0.880946 0.998069 1.007131 1.112305 1.015120 1.236525 1.049987 0.939298 0.843456 0.906957 1.046497 1.002706 1.024518 0.968342 1.193273 1.101749 0.801078 1.098818 0.947188 1.114527 1.015548 0.765395 1.090508 0.907422 0.941191 0.930693 1.228515 0.938615 0.973218 0.912671 0.972078 
51 0.980622 1.151716 0.856157 1.105046 0.950978 1.249599 0.897935 0.976467 1.147289 0.932319 0.834839 0.877637 1.012333 0.976695 1.034635 1.101765 0.788375 1.018843 1.044802 0.962630 0.870985 1.106109 1.070239 1.057191 0.915356 0.798135 1.177072 1.069979 0.997650 0.880508 0.996669 1.007223 1.109662 1.015865 1.236020 1.048793 0.939059 0.843498 0.909035 1.044948 1.001339 1.023572 0.967414 1.191513 1.104287 0.800798 1.097789 0.945571 1.114101 1.015800 0.766128 1.091567 0.907256 0.940996 0.932035 1.227298 0.940795 0.973552 0.915865 0.973722 
52 0.979526 1.150943 0.857371 1.105685 0.952062 1.248880 0.899248 0.977818 1.145540 0.931127 0.836529 0.876408 1.011378 0.975747 1.035873 1.103351 0.789016 1.019036 1.043713 0.963756 0.871683 1.106271 1.070017 1.056836 0.915966 0.800362 1.175001 1.069394 0.997691 0.880342 0.996226 1.007801 1.106263 1.016516 1.235902 1.047804 0.938247 0.843806 0.911487 1.043455 1.001050 1.021785 0.966584 1.189214 1.107282 0.800211 1.096411 0.943454 1.113186 1.017194 0.767145 1.092348 0.906735 0.941630 0.933545 1.225155 0.942575 0.973381 0.918480 0.974601 
53 0.977372 1.150964 0.859036 1.106335 0.952287 1.246029 0.903322 0.978016 1.142123 0.929550 0.839427 0.874880 1.012114 0.975262 1.036936 1.105816 0.789573 1.018563 1.041275 0.966460 0.872722 1.105048 1.069933 1.057490 0.917602 0.804543 1.170522 1.068893 0.998614 0.879269 0.997185 1.008960 1.101301 1.016765 1.235880 1.046365 0.936349 0.842636 0.914574 1.040115 1.002173 1.021355 0.967249 1.183970 1.110130 0.797940 1.094569 0.941355 1.111945 1.017752 0.769674 1.092046 0.905641 0.942508 0.934734 1.220662 0.945923 0.974077 0.922613 0.978551 
54 0.977335 1.150709 0.859138 1.106268 0.951966 1.245556 0.903706 0.978148 1.141710 0.929253 0.839751 0.874888 1.012192 0.975110 1.037052 1.105842 0.789783 1.018392 1.040777 0.966864 0.872993 1.105011 1.069944 1.057789 0.917819 0.805068 1.169800 1.068730 0.998576 0.879187 0.997300 1.009494 1.100678 1.016941 1.235825 1.046063 0.936136 0.842567 0.914883 1.039816 1.002480 1.021113 0.967285 1.183156 1.110623 0.797588 1.094084 0.941179 1.111702 1.017594 0.770163 1.091820 0.905434 0.942541 0.934900 1.219958 0.946622 0.973853 0.923099 0.979060 
55 0.977328 1.149192 0.859966 1.105979 0.949966 1.242630 0.906393 0.979208 1.139204 0.927453 0.842051 0.875163 1.012896 0.974263 1.038002 1.106145 0.791377 1.017423 1.037679 0.969709 0.875006 1.105010 1.070209 1.059980 0.919428 0.808669 1.165235 1.067837 0.998479 0.878849 0.998250 1.013277 1.096771 1.018312 1.235623 1.044232 0.934932 0.842327 0.917064 1.038078 1.004729 1.019696 0.967698 1.177974 1.114079 0.795445 1.091056 0.940223 1.110288 1.016687 0.773608 1.090474 0.904252 0.942935 0.936182 1.215502 0.951444 0.972524 0.926453 0.982594 
56 0.977039 1.148211 0.861742 1.107042 0.948716 1.237337 0.907194 0.981140 1.134416 0.926907 0.844650 0.876254 1.012953 0.973386 1.038407 1.105150 0.793015 1.016406 1.036617 0.971691 0.880200 1.105138 1.068587 1.061013 0.919384 0.812948 1.162751 1.068181 0.997911 0.878741 1.000276 1.016309 1.092002 1.018624 1.235007 1.042079 0.934043 0.842449 0.920230 1.037705 1.006551 1.018918 0.969407 1.174332 1.116240 0.794454 1.087864 0.937774 1.107729 1.013584 0.775585 1.089081 0.905533 0.943886 0.936133 1.210855 0.957219 0.971614 0.928422 0.986313 
57 0.976314 1.147329 0.863954 1.107982 0.948330 1.233726 0.907719 0.983032 1.130921 0.926067 0.846137 0.876979 1.012999 0.973778 1.038517 1.104324 0.792678 1.015152 1.036031 0.973349 0.884740 1.104222 1.066434 1.063479 0.919268 0.816507 1.161040 1.068154 0.996603 0.879638 1.001827 1.018310 1.089200 1.018436 1.233966 1.040247 0.934500 0.842281 0.923173 1.037362 1.008367 1.018602 0.970441 1.170822 1.117254 0.794637 1.085144 0.935953 1.105521 1.012212 0.777885 1.087211 0.906442 0.943822 0.936084 1.207136 0.961850 0.971092 0.930733 0.987700 
58 0.975452 1.146160 0.869547 1.110318 0.947294 1.223506 0.910071 0.986934 1.122540 0.924875 0.848762 0.880957 1.012735 0.973632 1.039128 1.103630 0.792032 1.010627 1.034858 0.976276 0.895302 1.102390 1.060334 1.069135 0.919270 0.825063 1.158586 1.067453 0.993913 0.883768 1.008029 1.020621 1.081336 1.018200 1.231103 1.035787 0.934307 0.844454 0.928468 1.037314 1.014539 1.015947 0.972311 1.163199 1.119813 0.795087 1.079028 0.932104 1.099722 1.008486 0.784963 1.083779 0.906683 0.940920 0.936744 1.195590 0.971539 0.971013 0.937376 0.990631 
59 0.974201 1.145923 0.871982 1.110647 0.946172 1.219629 0.911019 0.988378 1.118634 0.924121 0.852357 0.883285 1.010864 0.974573 1.037816 1.103988 0.793198 1.009132 1.035047 0.975405 0.899729 1.100862 1.057010 1.071582 0.918669 0.828865 1.156965 1.067091 0.993020 0.885370 1.009644 1.022570 1.078070 1.018446 1.228970 1.032953 0.933031 0.845960 0.929550 1.038039 1.017573 1.013590 0.972849 1.158244 1.120134 0.796386 1.076294 0.931314 1.097338 1.007076 0.788618 1.081764 0.909045 0.938749 0.937453 1.190271 0.977102 0.973323 0.941267 0.992479 
60 0.973930 1.145316 0.872623 1.110965 0.945661 1.218783 0.911256 0.988514 1.117727 0.924040 0.853272 0.883341 1.010929 0.974665 1.037553 1.104090 0.794086 1.008250 1.035621 0.975029 0.900909 1.100304 1.055984 1.072177 0.918710 0.829835 1.156553 1.066581 0.992808 0.885977 1.010009 1.022960 1.077504 1.018052 1.227756 1.032388 0.932714 0.846423 0.930211 1.038508 1.017819 1.012747 0.973280 1.156837 1.120540 0.796958 1.075613 0.931332 1.096994 1.006559 0.789977 1.081019 0.909909 0.938589 0.937613 1.188317 0.978060 0.973876 0.942326 0.993187 
61 0.973106 1.141570 0.875541 1.112099 0.944791 1.215532 0.911164 0.989522 1.113155 0.923493 0.857073 0.885772 1.011135 0.973473 1.034338 1.104409 0.797771 1.005512 1.036286 0.972448 0.906351 1.096391 1.052533 1.072812 0.920919 0.833197 1.153307 1.067003 0.991955 0.888038 1.013012 1.023137 1.074932 1.016692 1.222068 1.028559 0.932227 0.848187 0.934767 1.039164 1.020181 1.007162 0.976299 1.150473 1.121356 0.801724 1.073940 0.933850 1.094916 1.005816 0.796715 1.077357 0.914327 0.938979 0.937622 1.179874 0.980641 0.973839 0.946991 0.996951 
62 0.972947 1.140720 0.876260 1.112395 0.944621 1.214797 0.911182 0.989794 1.112114 0.923394 0.858001 0.886381 1.011217 0.973222 1.033618 1.104518 0.798675 1.004900 1.036474 0.971876 0.907669 1.095501 1.051755 1.072993 0.921477 0.834018 1.152574 1.067138 0.991790 0.888562 1.013756 1.023215 1.074354 1.016404 1.220750 1.027685 0.932142 0.848640 0.935877 1.039352 1.020775 1.005881 0.977041 1.148997 1.121576 0.802882 1.073582 0.934478 1.094463 1.005670 0.798338 1.076524 0.915404 0.939107 0.937661 1.177915 0.981279 0.973865 0.948125 0.997873 
63 0.973250 1.137626 0.877342 1.112038 0.945112 1.211254 0.912487 0.991491 1.109910 0.923714 0.860089 0.888756 1.010700 0.973192 1.033411 1.104184 0.801449 1.003944 1.036027 0.971312 0.910779 1.091931 1.050239 1.072911 0.923663 0.835925 1.150816 1.067447 0.992396 0.891539 1.015610 1.023938 1.072247 1.015131 1.214947 1.024875 0.930716 0.850754 0.940315 1.040138 1.022130 1.002846 0.978023 1.142808 1.119709 0.806724 1.072438 0.935587 1.094189 1.003646 0.801584 1.074070 0.919320 0.939840 0.938480 1.172618 0.982130 0.973704 0.951803 0.999688 
64 0.973814 1.135676 0.878510 1.111902 0.944928 1.208639 0.913297 0.992152 1.108407 0.924425 0.861138 0.890518 1.011145 0.974014 1.032991 1.103034 0.803574 1.003731 1.035065 0.970297 0.912383 1.089498 1.048911 1.071897 0.926062 0.837764 1.148918 1.067847 0.992427 0.894177 1.016802 1.024160 1.070769 1.014938 1.211403 1.022811 0.930145 0.852065 0.942754 1.040958 1.022888 1.001522 0.978367 1.138389 1.119014 0.809997 1.071354 0.935067 1.093762 1.002530 0.804119 1.072373 0.922304 0.940661 0.939600 1.168800 0.982325 0.974193 0.953887 1.000539 
65 0.974196 1.130913 0.880480 1.111770 0.943228 1.203435 0.914622 0.994000 1.105508 0.924679 0.863820 0.893728 1.011271 0.976113 1.032907 1.101466 0.807726 1.004328 1.032117 0.969066 0.915012 1.085199 1.046477 1.069181 0.929875 0.841416 1.145942 1.068100 0.993008 0.900188 1.018555 1.023575 1.068789 1.014982 1.204313 1.020194 0.930035 0.855910 0.946926 1.041628 1.023687 0.999737 0.980058 1.132023 1.117332 0.815462 1.069323 0.934615 1.092230 1.001888 0.808016 1.067447 0.926461 0.942077 0.941397 1.162101 0.983152 0.975819 0.956899 1.002930 
66 0.976259 1.122277 0.885316 1.110578 0.944041 1.197198 0.918276 0.995839 1.100393 0.927093 0.867568 0.898807 1.010891 0.980698 1.032135 1.097977 0.814976 1.003515 1.027434 0.969402 0.919746 1.077835 1.043067 1.062691 0.932337 0.849400 1.141509 1.065944 0.994790 0.905211 1.019320 1.023777 1.068177 1.014001 1.196545 1.017178 0.930937 0.862047 0.951037 1.041067 1.025159 0.997808 0.981299 1.124138 1.115272 0.822781 1.067666 0.937287 1.088350 0.999856 0.813299 1.062598 0.930781 0.944557 0.944300 1.152518 0.984024 0.978301 0.960423 1.003630 
67 0.979314 1.098443 0.899046 1.101318 0.949263 1.173051 0.929173 1.001689 1.084155 0.930910 0.879734 0.913389 1.007129 0.992166 1.029849 1.089379 0.841075 1.002397 1.017662 0.968498 0.929155 1.061522 1.033064 1.046241 0.944471 0.875371 1.130451 1.055622 0.995880 0.914987 1.020903 1.020909 1.070704 1.010901 1.175128 1.013427 0.938149 0.879014 0.961027 1.041135 1.029590 0.994800 0.985527 1.101083 1.102448 0.842241 1.064063 0.940909 1.077352 0.996529 0.833480 1.052709 0.944810 0.950919 0.955046 1.125661 0.987546 0.977183 0.969732 1.006841 
68 0.986334 1.051297 0.931880 1.079771 0.961512 1.125913 0.951794 1.017850 1.057170 0.941836 0.905826 0.941020 1.000046 1.012577 1.026379 1.071385 0.893323 1.000051 1.003937 0.968729 0.945156 1.029880 1.012241 1.014678 0.964255 0.929034 1.105362 1.034499 0.996048 0.934585 1.027371 1.008192 1.073019 1.003795 1.129487 1.002105 0.953522 0.911372 0.974286 1.035992 1.041759 0.989244 0.993734 1.054031 1.078694 0.883560 1.046636 0.950952 1.058725 0.989796 0.869719 1.030363 0.974023 0.964331 0.980798 1.075399 0.993389 0.972972 0.983166 1.018303 
69 0.990541 1.024183 0.951012 1.067440 0.968734 1.098798 0.965031 1.027326 1.041718 0.948285 0.921059 0.957139 0.996099 1.024507 1.024537 1.061124 0.923686 0.998826 0.996158 0.969003 0.954562 1.011733 1.000342 0.996578 0.975826 0.960177 1.090992 1.022427 0.996280 0.946048 1.031262 1.000980 1.074479 0.999837 1.103221 0.995684 0.962558 0.930221 0.982081 1.033151 1.048955 0.986192 0.998609 1.026953 1.065108 0.907601 1.036695 0.956907 1.048101 0.986048 0.890830 1.017566 0.991051 0.972232 0.995849 1.046468 0.996899 0.970695 0.991062 1.025100 
70 0.993540 1.011438 0.959195 1.061778 0.972338 1.084636 0.970950 1.031000 1.033924 0.951878 0.928873 0.965554 0.994013 1.030462 1.026301 1.055877 0.938535 0.998314 0.992544 0.968048 0.959732 1.001823 0.994702 0.989609 0.979760 0.971962 1.084917 1.016105 0.995813 0.949604 1.032319 0.997381 1.074555 0.999587 1.091641 0.992632 0.967264 0.937372 0.986539 1.031518 1.051917 0.985564 0.999676 1.014542 1.058769 0.920359 1.031826 0.960038 1.042575 0.985647 0.901175 1.011275 0.998020 0.976102 1.003830 1.032024 0.997454 0.970295 0.994289 1.029805 
71 0.999459 0.961266 0.990801 1.038948 0.986253 1.034551 0.992194 1.041363 1.002255 0.966934 0.957074 1.000407 0.982960 1.052725 1.037776 1.037774 0.991752 0.997041 0.976107 0.964929 0.981806 0.967657 0.976788 0.968967 0.994910 1.017672 1.058608 0.989679 0.997697 0.965227 1.034829 0.982886 1.074167 0.994387 1.051272 0.984305 0.980982 0.962678 0.999652 1.029442 1.064095 0.980614 1.008249 0.966553 1.035709 0.974216 1.012496 0.969597 1.019889 0.983800 0.940402 0.988970 1.023992 0.993395 1.032133 0.979516 0.996541 0.968826 1.001954 1.047832 
72 1.000074 0.958386 0.992931 1.038357 0.987079 1.032193 0.993633 1.040424 1.001302 0.966702 0.957226 1.001113 0.982149 1.053166 1.038558 1.037380 0.993470 0.997260 0.975889 0.964562 0.982515 0.966115 0.977017 0.968437 0.995195 1.019009 1.057035 0.988989 0.997348 0.965873 1.035413 0.982146 1.074443 0.995433 1.049271 0.983907 0.980782 0.963163 0.999519 1.029645 1.064154 0.980751 1.009142 0.965832 1.034919 0.976261 1.011854 0.970073 1.018709 0.983484 0.941379 0.988393 1.025582 0.994010 1.033127 0.977838 0.997405 0.968650 1.003104 1.048011 
73 1.000187 0.957895 0.993355 1.038352 0.987180 1.031888 0.994042 1.040425 1.000933 0.966561 0.957389 1.001333 0.982035 1.053186 1.038382 1.037259 0.993711 0.997503 0.975854 0.964719 0.982485 0.965787 0.976942 0.968753 0.995239 1.019076 1.056826 0.989088 0.996830 0.966023 1.035361 0.981985 1.074365 0.995462 1.049172 0.983780 0.980605 0.963430 0.999490 1.029717 1.063770 0.980843 1.009458 0.965628 1.035037 0.976554 1.012252 0.970195 1.018824 0.983238 0.941398 0.988383 1.025597 0.993856 1.033569 0.977683 0.997409 0.968624 1.002914 1.048053 
74 1.000317 0.957671 0.993574 1.038458 0.987160 1.031668 0.994217 1.040358 1.000722 0.966444 0.957531 1.001422 0.981911 1.053180 1.038251 1.037106 0.993934 0.997615 0.975798 0.964919 0.982490 0.965589 0.976964 0.968931 0.995231 1.019208 1.056744 0.989124 0.996627 0.966174 1.035314 0.981844 1.074437 0.995474 1.049124 0.983609 0.980474 0.963485 0.999514 1.029711 1.063532 0.980872 1.009616 0.965517 1.035089 0.976801 1.012399 0.970225 1.018986 0.983177 0.941422 0.988526 1.025582 0.993616 1.033705 0.977655 0.997381 0.968585 1.002818 1.048113 
75 1.000322 0.957666 0.993582 1.038462 0.987161 1.031663 0.994223 1.040357 1.000717 0.966441 0.957536 1.001425 0.981908 1.053180 1.038248 1.037103 0.993941 0.997619 0.975798 0.964926 0.982491 0.965585 0.976966 0.968937 0.995232 1.019213 1.056742 0.989127 0.996622 0.966180 1.035314 0.981841 1.074441 0.995475 1.049124 0.983605 0.980472 0.963488 0.999516 1.029712 1.063527 0.980874 1.009622 0.965515 1.035092 0.976809 1.012405 0.970226 1.018992 0.983177 0.941424 0.988531 1.025582 0.993610 1.033710 0.977655 0.997381 0.968585 1.002817 1.048116 
76 1.000325 0.957658 0.993592 1.038469 0.987159 1.031661 0.994217 1.040347 1.000716 0.966441 0.957553 1.001430 0.981910 1.053182 1.038249 1.037105 0.993942 0.997624 0.975793 0.964929 0.982479 0.965592 0.976965 0.968944 0.995226 1.019213 1.056743 0.989131 0.996616 0.966180 1.035321 0.981848 1.074440 0.995468 1.049110 0.983599 0.980477 0.963490 0.999513 1.029704 1.063524 0.980876 1.009620 0.965513 1.035089 0.976818 1.012412 0.970223 1.018989 0.983170 0.941427 0.988542 1.025576 0.993613 1.033708 0.977654 0.997381 0.968585 1.002817 1.048114 
77 1.000328 0.957667 0.993592 1.038456 0.987179 1.031647 0.994206 1.040332 1.000721 0.966459 0.957573 1.001420 0.981919 1.053175 1.038236 1.037101 0.993939 0.997630 0.975785 0.964943 0.982484 0.965597 0.976982 0.968953 0.995226 1.019208 1.056732 0.989138 0.996594 0.966190 1.035308 0.981852 1.074427 0.995464 1.049095 0.983608 0.980468 0.963507 0.999510 1.029691 1.063511 0.980875 1.009612 0.965533 1.035079 0.976827 1.012404 0.970223 1.018995 0.983169 0.941456 0.988545 1.025568 0.993617 1.033693 0.977653 0.997388 0.968597 1.002815 1.048110 
78 1.000328 0.957694 0.993605 1.038414 0.987208 1.031619 0.994196 1.040278 1.000710 0.966499 0.957634 1.001403 0.981941 1.053155 1.038202 1.037073 0.993936 0.997632 0.975790 0.964981 0.982506 0.965616 0.977015 0.968983 0.995257 1.019188 1.056708 0.989136 0.996559 0.966218 1.035275 0.981869 1.074370 0.995483 1.049052 0.983633 0.980478 0.963550 0.999506 1.029652 1.063483 0.980863 1.009605 0.965574 1.035052 0.976844 1.012384 0.970237 1.019009 0.983173 0.941485 0.988554 1.025548 0.993627 1.033649 0.977661 0.997386 0.968626 1.002812 1.048078 
79 1.000293 0.963704 0.994481 1.032923 0.988882 1.027101 0.994974 1.034648 1.000558 0.971305 0.963527 1.001089 0.984462 1.045736 1.032869 1.031952 0.994806 0.998095 0.979142 0.969877 0.985061 0.970365 0.980051 0.973401 0.995864 1.016542 1.048665 0.990693 0.997060 0.970976 1.030349 0.984485 1.063962 0.996135 1.042202 0.985820 0.983247 0.968682 0.999478 1.025469 1.054509 0.983433 1.008360 0.970531 1.030037 0.980079 1.010633 0.974427 1.016489 0.985534 0.949729 0.990236 1.021865 0.994686 1.029002 0.980835 0.997667 0.972977 1.002569 1.041279 
80 1.000003 0.999563 0.999987 1.000405 0.999826 1.000351 0.999894 1.000426 1.000013 0.999684 0.999551 1.000014 0.999797 1.000538 1.000416 1.000366 0.999926 1.000001 0.999747 0.999607 0.999815 0.999597 0.999786 0.999681 0.999962 1.000203 1.000594 0.999865 0.999959 0.999633 1.000396 0.999826 1.000789 0.999929 1.000528 0.999831 0.999761 0.999640 1.000019 1.000309 1.000661 0.999820 1.000119 0.999632 1.000337 0.999706 1.000114 0.999698 1.000202 0.999861 0.999375 0.999905 1.000271 0.999928 1.000378 0.999732 0.999978 0.999669 1.000018 1.000496 
81 1.000003 0.999606 0.999993 1.000368 0.999841 1.000320 0.999902 1.000387 1.000013 0.999717 0.999594 1.000013 0.999816 1.000486 1.000379 1.000331 0.999933 1.000004 0.999772 0.999643 0.999833 0.999633 0.999809 0.999712 0.999967 1.000185 1.000539 0.999877 0.999964 0.999667 1.000362 0.999845 1.000716 0.999935 1.000480 0.999848 0.999782 0.999676 1.000020 1.000280 1.000600 0.999839 1.000110 0.999667 1.000304 0.999731 1.000104 0.999728 1.000184 0.999878 0.999434 0.999916 1.000247 0.999935 1.000345 0.999755 0.999981 0.999702 1.000016 1.000450 
82 1.000001 0.999998 1.000001 1.000004 0.999996 1.000001 1.000000 1.000004 1.000002 0.999998 0.999997 0.999997 0.999996 1.000007 1.000004 0.999999 0.999998 1.000000 1.000000 0.999997 0.999998 1.000000 0.999999 0.999999 1.000000 1.000001 1.000002 1.000001 1.000001 0.999995 1.000002 0.999997 1.000005 1.000001 1.000003 0.999999 0.999997 1.000001 1.000002 1.000001 1.000006 0.999995 0.999999 0.999998 1.000002 0.999999 1.000003 0.999998 1.000001 1.000000 0.999997 1.000000 1.000002 1.000000 1.000002 0.999996 1.000000 0.999997 0.999997 1.000002 
83 1.000000 1.000000 1.000000 1.000000 0.999999 1.000000 1.000000 1.000000 1.000000 1.000000 0.999999 1.000000 1.000000 1.000001 1.000000 1.000000 0.999999 1.000000 1.000000 1.000000 1.000000 1.000000 1.000000 1.000000 1.000000 1.000000 1.000000 1.000000 1.000000 0.999999 1.000000 1.000000 1.000000 1.000000 1.000000 1.000000 1.000000 1.000000 1.000000 1.000000 1.000000 1.000000 1.000000 1.000000 1.000000 1.000000 1.000000 1.000000 1.000000 1.000000 1.000000 1.000000 1.000001 1.000000 1.000000 1.000000 1.000000 1.000000 1.000000 1.000001 
84 1.000000 1.000000 1.000000 1.000000 1.000000 1.000000 1.000000 1.000000 1.000000 1.000000 1.000000 1.000000 1.000000 1.000000 1.000000 1.000000 1.000000 1.000000 1.000000 1.000000 1.000000 1.000000 1.000000 1.000000 1.000000 1.000000 1.000000 1.000000 1.000000 1.000000 1.000000 1.000000 1.000000 1.000000 1.000000 1.000000 1.000000 1.000000 1.000000 1.000000 1.000000 1.000000 1.000000 1.000000 1.000000 1.000000 1.000000 1.000000 1.000000 1.000000 1.000000 1.000000 1.000000 1.000000 1.000000 1.000000 1.000000 1.000000 1.000000 1.000000 
85 1.000000 1.000000 1.000000 1.000000 1.000000 1.000000 1.000000 1.000000 1.000000 1.000000 1.000000 1.000000 1.000000 1.000000 1.000000 1.000000 1.000000 1.000000 1.000000 1.000000 1.000000 1.000000 1.000000 1.000000 1.000000 1.000000 1.000000 1.000000 1.000000 1.000000 1.000000 1.000000 1.000000 1.000000 1.000000 1.000000 1.000000 1.000000 1.000000 1.000000 1.000000 1.000000 1.000000 1.000000 1.000000 1.000000 1.000000 1.000000 1.000000 1.000000 1.000000 1.000000 1.000000 1.000000 1.000000 1.000000 1.000000 1.000000 1.000000 1.000000 


